Date,Open,High,Low,Close,Volume
2022-01-03T09:15:00+05:30,7445.800000,7457.100000,7445.800000,7457.100000,150
2022-01-03T09:30:00+05:30,7457.100000,7515.800000,7457.100000,7476.500000,1800
2022-01-03T09:45:00+05:30,7476.500000,7476.500000,7450.000000,7450.000000,600
2022-01-03T10:00:00+05:30,7450.000000,7456.450000,7450.000000,7455.000000,450
2022-01-03T10:15:00+05:30,7455.000000,7466.000000,7455.000000,7466.000000,300
2022-01-03T10:30:00+05:30,7466.000000,7475.000000,7466.000000,7474.000000,300
2022-01-03T10:45:00+05:30,7474.000000,7474.000000,7474.000000,7474.000000,0
2022-01-03T11:00:00+05:30,7474.000000,7474.000000,7473.150000,7473.150000,300
2022-01-03T11:15:00+05:30,7473.150000,7473.150000,7473.150000,7473.150000,0
2022-01-03T11:30:00+05:30,7473.150000,7473.150000,7473.150000,7473.150000,0
2022-01-03T11:45:00+05:30,7473.150000,7474.000000,7473.150000,7474.000000,150
2022-01-03T12:00:00+05:30,7474.000000,7474.100000,7474.000000,7474.000000,300
2022-01-03T12:15:00+05:30,7474.000000,7485.550000,7474.000000,7485.550000,150
2022-01-03T12:30:00+05:30,7485.550000,7485.550000,7485.550000,7485.550000,0
2022-01-03T12:45:00+05:30,7485.550000,7550.350000,7485.550000,7550.350000,750
2022-01-03T13:00:00+05:30,7550.350000,7564.000000,7545.000000,7545.000000,600
2022-01-03T13:15:00+05:30,7545.000000,7560.550000,7535.600000,7535.600000,900
2022-01-03T13:30:00+05:30,7535.600000,7535.600000,7527.450000,7527.450000,150
2022-01-03T13:45:00+05:30,7527.450000,7549.800000,7527.450000,7549.800000,150
2022-01-03T14:00:00+05:30,7549.800000,7554.850000,7549.800000,7554.850000,150
2022-01-03T14:15:00+05:30,7554.850000,7554.850000,7554.850000,7554.850000,0
2022-01-03T14:30:00+05:30,7554.850000,7554.850000,7554.850000,7554.850000,0
2022-01-03T14:45:00+05:30,7554.850000,7575.000000,7554.850000,7560.000000,900
2022-01-03T15:00:00+05:30,7560.000000,7575.000000,7559.600000,7575.000000,450
2022-01-03T15:15:00+05:30,7575.000000,7589.050000,7543.350000,7545.100000,3000
2022-01-04T09:15:00+05:30,7548.000000,7548.000000,7489.750000,7495.100000,2400
2022-01-04T09:30:00+05:30,7495.100000,7495.100000,7456.100000,7456.100000,300
2022-01-04T09:45:00+05:30,7456.100000,7521.750000,7456.100000,7521.750000,300
2022-01-04T10:00:00+05:30,7521.750000,7521.750000,7521.750000,7521.750000,0
2022-01-04T10:15:00+05:30,7521.750000,7521.750000,7496.600000,7496.600000,300
2022-01-04T10:30:00+05:30,7496.600000,7500.000000,7496.600000,7500.000000,750
2022-01-04T10:45:00+05:30,7500.000000,7500.000000,7500.000000,7500.000000,0
2022-01-04T11:00:00+05:30,7500.000000,7515.000000,7500.000000,7515.000000,150
2022-01-04T11:15:00+05:30,7515.000000,7515.000000,7501.200000,7501.200000,150
2022-01-04T11:30:00+05:30,7501.200000,7501.200000,7501.200000,7501.200000,0
2022-01-04T11:45:00+05:30,7501.200000,7501.200000,7501.200000,7501.200000,0
2022-01-04T12:00:00+05:30,7501.200000,7501.200000,7490.000000,7490.000000,300
2022-01-04T12:15:00+05:30,7490.000000,7490.000000,7489.700000,7489.700000,300
2022-01-04T12:30:00+05:30,7489.700000,7563.500000,7489.700000,7563.500000,150
2022-01-04T12:45:00+05:30,7563.500000,7591.750000,7563.500000,7591.750000,450
2022-01-04T13:00:00+05:30,7591.750000,7608.900000,7591.750000,7606.900000,450
2022-01-04T13:15:00+05:30,7606.900000,7630.000000,7600.000000,7622.900000,1350
2022-01-04T13:30:00+05:30,7622.900000,7622.900000,7593.050000,7593.050000,450
2022-01-04T13:45:00+05:30,7593.050000,7602.550000,7559.800000,7602.550000,1050
2022-01-04T14:00:00+05:30,7602.550000,7602.550000,7602.550000,7602.550000,0
2022-01-04T14:15:00+05:30,7602.550000,7620.000000,7602.550000,7615.050000,900
2022-01-04T14:30:00+05:30,7615.050000,7638.000000,7615.050000,7621.900000,1350
2022-01-04T14:45:00+05:30,7621.900000,7621.900000,7611.100000,7616.950000,600
2022-01-04T15:00:00+05:30,7611.100000,7619.950000,7611.100000,7619.950000,450
2022-01-04T15:15:00+05:30,7619.950000,7634.250000,7619.950000,7630.050000,1500
2022-01-05T09:15:00+05:30,7560.000000,7569.700000,7547.300000,7547.300000,750
2022-01-05T09:30:00+05:30,7547.300000,7547.300000,7493.250000,7500.000000,1950
2022-01-05T09:45:00+05:30,7500.000000,7500.000000,7485.900000,7485.900000,450
2022-01-05T10:00:00+05:30,7485.900000,7486.000000,7476.000000,7476.000000,300
2022-01-05T10:15:00+05:30,7476.000000,7476.000000,7455.000000,7455.000000,450
2022-01-05T10:30:00+05:30,7455.000000,7475.000000,7455.000000,7455.000000,900
2022-01-05T10:45:00+05:30,7455.000000,7455.000000,7430.000000,7430.000000,450
2022-01-05T11:00:00+05:30,7430.000000,7440.550000,7400.000000,7400.000000,900
2022-01-05T11:15:00+05:30,7400.000000,7405.800000,7400.000000,7405.800000,150
2022-01-05T11:30:00+05:30,7405.800000,7432.150000,7405.800000,7432.150000,150
2022-01-05T11:45:00+05:30,7432.150000,7432.150000,7432.150000,7432.150000,0
2022-01-05T12:00:00+05:30,7432.150000,7449.950000,7432.150000,7449.950000,600
2022-01-05T12:15:00+05:30,7449.950000,7449.950000,7449.950000,7449.950000,0
2022-01-05T12:30:00+05:30,7449.950000,7449.950000,7426.000000,7426.000000,4650
2022-01-05T12:45:00+05:30,7426.000000,7445.000000,7426.000000,7440.000000,1650
2022-01-05T13:00:00+05:30,7440.000000,7440.000000,7432.000000,7436.000000,1500
2022-01-05T13:15:00+05:30,7436.000000,7436.000000,7420.350000,7430.300000,900
2022-01-05T13:30:00+05:30,7430.300000,7430.300000,7430.300000,7430.300000,0
2022-01-05T13:45:00+05:30,7430.300000,7456.550000,7430.300000,7440.100000,2250
2022-01-05T14:00:00+05:30,7440.100000,7440.100000,7420.000000,7432.800000,1650
2022-01-05T14:15:00+05:30,7432.800000,7434.300000,7425.000000,7425.000000,450
2022-01-05T14:30:00+05:30,7425.000000,7425.000000,7407.550000,7407.550000,150
2022-01-05T14:45:00+05:30,7407.550000,7407.550000,7375.000000,7375.000000,1350
2022-01-05T15:00:00+05:30,7375.000000,7405.150000,7375.000000,7396.600000,600
2022-01-05T15:15:00+05:30,7375.000000,7375.000000,7348.250000,7368.800000,1500
2022-01-06T09:15:00+05:30,7380.000000,7380.000000,7158.650000,7248.600000,600
2022-01-06T09:30:00+05:30,7248.600000,7250.000000,7237.150000,7237.150000,1050
2022-01-06T09:45:00+05:30,7237.150000,7237.150000,7200.500000,7209.550000,750
2022-01-06T10:00:00+05:30,7209.550000,7253.300000,7209.550000,7230.000000,1650
2022-01-06T10:15:00+05:30,7230.000000,7230.000000,7230.000000,7230.000000,0
2022-01-06T10:30:00+05:30,7230.000000,7255.550000,7230.000000,7247.800000,1050
2022-01-06T10:45:00+05:30,7247.800000,7247.800000,7205.000000,7205.000000,450
2022-01-06T11:00:00+05:30,7205.000000,7211.800000,7200.000000,7200.000000,450
2022-01-06T11:15:00+05:30,7200.000000,7212.000000,7200.000000,7212.000000,150
2022-01-06T11:30:00+05:30,7212.000000,7212.000000,7210.000000,7210.000000,150
2022-01-06T11:45:00+05:30,7210.000000,7210.000000,7210.000000,7210.000000,150
2022-01-06T12:00:00+05:30,7210.000000,7215.000000,7210.000000,7215.000000,150
2022-01-06T12:15:00+05:30,7215.000000,7215.000000,7215.000000,7215.000000,0
2022-01-06T12:30:00+05:30,7215.000000,7255.000000,7215.000000,7255.000000,600
2022-01-06T12:45:00+05:30,7255.000000,7276.800000,7255.000000,7276.800000,450
2022-01-06T13:00:00+05:30,7276.800000,7276.800000,7276.800000,7276.800000,0
2022-01-06T13:15:00+05:30,7276.800000,7276.800000,7249.350000,7249.350000,300
2022-01-06T13:30:00+05:30,7249.350000,7249.350000,7249.350000,7249.350000,0
2022-01-06T13:45:00+05:30,7249.350000,7249.350000,7249.350000,7249.350000,0
2022-01-06T14:00:00+05:30,7249.350000,7274.850000,7249.350000,7250.000000,150
2022-01-06T14:15:00+05:30,7250.000000,7256.500000,7250.000000,7256.500000,150
2022-01-06T14:30:00+05:30,7256.500000,7273.000000,7256.500000,7273.000000,150
2022-01-06T14:45:00+05:30,7273.000000,7273.000000,7252.000000,7252.000000,150
2022-01-06T15:00:00+05:30,7252.000000,7269.950000,7239.150000,7239.150000,300
2022-01-06T15:15:00+05:30,7239.150000,7254.450000,7237.600000,7245.250000,1050
2022-01-07T09:15:00+05:30,7384.500000,7384.500000,7258.000000,7282.900000,1200
2022-01-07T09:30:00+05:30,7282.900000,7282.900000,7255.700000,7255.700000,150
2022-01-07T09:45:00+05:30,7255.700000,7267.950000,7255.000000,7257.000000,750
2022-01-07T10:00:00+05:30,7257.000000,7266.200000,7246.750000,7266.200000,600
2022-01-07T10:15:00+05:30,7266.200000,7267.000000,7250.350000,7267.000000,600
2022-01-07T10:30:00+05:30,7267.000000,7268.050000,7253.650000,7263.200000,900
2022-01-07T10:45:00+05:30,7263.200000,7263.200000,7263.200000,7263.200000,0
2022-01-07T11:00:00+05:30,7263.200000,7265.400000,7263.200000,7265.400000,300
2022-01-07T11:15:00+05:30,7265.400000,7311.800000,7265.400000,7307.000000,1950
2022-01-07T11:30:00+05:30,7307.000000,7337.950000,7302.500000,7302.500000,900
2022-01-07T11:45:00+05:30,7302.500000,7302.500000,7302.500000,7302.500000,0
2022-01-07T12:00:00+05:30,7302.500000,7315.000000,7300.000000,7315.000000,450
2022-01-07T12:15:00+05:30,7315.000000,7315.000000,7301.000000,7309.200000,300
2022-01-07T12:30:00+05:30,7309.200000,7309.200000,7271.350000,7271.350000,300
2022-01-07T12:45:00+05:30,7271.350000,7271.350000,7265.000000,7265.000000,150
2022-01-07T13:00:00+05:30,7265.000000,7300.000000,7265.000000,7300.000000,150
2022-01-07T13:15:00+05:30,7300.000000,7313.700000,7300.000000,7313.700000,150
2022-01-07T13:30:00+05:30,7313.700000,7320.000000,7313.700000,7320.000000,150
2022-01-07T13:45:00+05:30,7320.000000,7320.000000,7305.700000,7305.700000,150
2022-01-07T14:00:00+05:30,7305.700000,7305.700000,7305.700000,7305.700000,0
2022-01-07T14:15:00+05:30,7305.700000,7305.700000,7276.200000,7276.200000,150
2022-01-07T14:30:00+05:30,7276.200000,7276.200000,7276.200000,7276.200000,0
2022-01-07T14:45:00+05:30,7276.200000,7278.750000,7250.000000,7250.000000,300
2022-01-07T15:00:00+05:30,7250.000000,7250.000000,7250.000000,7250.000000,0
2022-01-07T15:15:00+05:30,7250.000000,7250.000000,7240.350000,7240.350000,450
2022-01-10T09:15:00+05:30,7289.000000,7289.000000,7220.000000,7220.000000,600
2022-01-10T09:30:00+05:30,7220.000000,7220.000000,7170.000000,7214.350000,2400
2022-01-10T09:45:00+05:30,7214.350000,7214.350000,7214.350000,7214.350000,0
2022-01-10T10:00:00+05:30,7214.350000,7224.050000,7214.350000,7224.050000,150
2022-01-10T10:15:00+05:30,7224.050000,7253.150000,7224.050000,7230.550000,300
2022-01-10T10:30:00+05:30,7230.550000,7236.200000,7199.900000,7200.000000,450
2022-01-10T10:45:00+05:30,7200.000000,7217.100000,7200.000000,7210.000000,300
2022-01-10T11:00:00+05:30,7210.000000,7214.000000,7210.000000,7214.000000,150
2022-01-10T11:15:00+05:30,7214.000000,7214.000000,7214.000000,7214.000000,0
2022-01-10T11:30:00+05:30,7214.000000,7214.000000,7204.400000,7204.400000,150
2022-01-10T11:45:00+05:30,7204.400000,7204.400000,7179.450000,7179.450000,300
2022-01-10T12:00:00+05:30,7179.450000,7180.000000,7179.450000,7180.000000,150
2022-01-10T12:15:00+05:30,7180.000000,7180.000000,7180.000000,7180.000000,0
2022-01-10T12:30:00+05:30,7180.000000,7180.000000,7160.000000,7160.000000,150
2022-01-10T12:45:00+05:30,7160.000000,7165.850000,7160.000000,7165.850000,450
2022-01-10T13:00:00+05:30,7165.850000,7165.850000,7165.850000,7165.850000,0
2022-01-10T13:15:00+05:30,7165.850000,7189.000000,7163.050000,7163.050000,300
2022-01-10T13:30:00+05:30,7163.050000,7163.050000,7150.000000,7150.000000,450
2022-01-10T13:45:00+05:30,7150.000000,7169.500000,7148.000000,7158.000000,600
2022-01-10T14:00:00+05:30,7158.000000,7162.000000,7158.000000,7162.000000,150
2022-01-10T14:15:00+05:30,7162.000000,7172.000000,7162.000000,7172.000000,300
2022-01-10T14:30:00+05:30,7172.000000,7172.000000,7161.800000,7161.800000,150
2022-01-10T14:45:00+05:30,7161.800000,7186.200000,7161.800000,7173.950000,600
2022-01-10T15:00:00+05:30,7173.950000,7173.950000,7173.950000,7173.950000,0
2022-01-10T15:15:00+05:30,7173.950000,7173.950000,7150.350000,7153.100000,1650
2022-01-11T09:15:00+05:30,7105.250000,7206.750000,7105.250000,7170.000000,1350
2022-01-11T09:30:00+05:30,7170.000000,7206.950000,7170.000000,7206.950000,750
2022-01-11T09:45:00+05:30,7206.950000,7283.850000,7206.950000,7230.150000,1050
2022-01-11T10:00:00+05:30,7230.150000,7230.150000,7230.150000,7230.150000,0
2022-01-11T10:15:00+05:30,7230.150000,7230.150000,7196.550000,7196.550000,1050
2022-01-11T10:30:00+05:30,7196.550000,7196.550000,7196.550000,7196.550000,0
2022-01-11T10:45:00+05:30,7196.550000,7196.550000,7188.550000,7188.550000,300
2022-01-11T11:00:00+05:30,7188.550000,7215.650000,7188.400000,7188.400000,2400
2022-01-11T11:15:00+05:30,7188.400000,7188.400000,7188.400000,7188.400000,0
2022-01-11T11:30:00+05:30,7188.400000,7221.150000,7188.400000,7217.800000,450
2022-01-11T11:45:00+05:30,7217.800000,7219.850000,7209.150000,7209.150000,750
2022-01-11T12:00:00+05:30,7209.150000,7209.150000,7209.150000,7209.150000,0
2022-01-11T12:15:00+05:30,7209.150000,7209.150000,7209.150000,7209.150000,0
2022-01-11T12:30:00+05:30,7209.150000,7217.000000,7209.150000,7217.000000,450
2022-01-11T12:45:00+05:30,7217.000000,7217.000000,7202.700000,7202.700000,150
2022-01-11T13:00:00+05:30,7202.700000,7202.700000,7202.700000,7202.700000,0
2022-01-11T13:15:00+05:30,7202.700000,7209.250000,7202.700000,7209.250000,150
2022-01-11T13:30:00+05:30,7209.250000,7223.700000,7209.250000,7223.700000,150
2022-01-11T13:45:00+05:30,7223.700000,7231.000000,7223.700000,7231.000000,450
2022-01-11T14:00:00+05:30,7231.000000,7231.000000,7231.000000,7231.000000,0
2022-01-11T14:15:00+05:30,7231.000000,7231.000000,7225.050000,7230.600000,300
2022-01-11T14:30:00+05:30,7230.600000,7230.600000,7202.750000,7202.750000,450
2022-01-11T14:45:00+05:30,7202.750000,7232.350000,7202.750000,7232.350000,600
2022-01-11T15:00:00+05:30,7232.350000,7234.500000,7232.350000,7234.500000,150
2022-01-11T15:15:00+05:30,7234.500000,7234.500000,7222.200000,7228.950000,450
2022-01-12T09:15:00+05:30,7239.650000,7257.750000,7237.100000,7237.100000,600
2022-01-12T09:30:00+05:30,7237.100000,7237.100000,7237.100000,7237.100000,0
2022-01-12T09:45:00+05:30,7237.100000,7259.500000,7237.100000,7250.900000,450
2022-01-12T10:00:00+05:30,7250.900000,7250.900000,7230.000000,7238.100000,1350
2022-01-12T10:15:00+05:30,7238.100000,7238.100000,7231.200000,7231.200000,150
2022-01-12T10:30:00+05:30,7231.200000,7231.200000,7231.200000,7231.200000,0
2022-01-12T10:45:00+05:30,7231.200000,7231.200000,7231.200000,7231.200000,0
2022-01-12T11:00:00+05:30,7231.200000,7231.200000,7231.200000,7231.200000,0
2022-01-12T11:15:00+05:30,7231.200000,7231.200000,7231.200000,7231.200000,0
2022-01-12T11:30:00+05:30,7231.200000,7251.800000,7231.200000,7251.800000,300
2022-01-12T11:45:00+05:30,7251.800000,7251.800000,7248.150000,7248.150000,150
2022-01-12T12:00:00+05:30,7248.150000,7261.000000,7247.550000,7247.550000,1350
2022-01-12T12:15:00+05:30,7247.550000,7255.550000,7247.550000,7255.550000,1050
2022-01-12T12:30:00+05:30,7255.550000,7258.900000,7255.000000,7255.000000,1200
2022-01-12T12:45:00+05:30,7255.000000,7255.000000,7239.100000,7239.100000,300
2022-01-12T13:00:00+05:30,7239.100000,7246.900000,7208.000000,7208.000000,1650
2022-01-12T13:15:00+05:30,7208.000000,7208.350000,7187.200000,7187.200000,1050
2022-01-12T13:30:00+05:30,7187.200000,7199.000000,7187.200000,7199.000000,150
2022-01-12T13:45:00+05:30,7199.000000,7199.000000,7178.300000,7192.300000,600
2022-01-12T14:00:00+05:30,7192.300000,7192.300000,7169.700000,7169.700000,150
2022-01-12T14:15:00+05:30,7169.700000,7188.000000,7169.700000,7187.550000,450
2022-01-12T14:30:00+05:30,7187.550000,7197.400000,7187.550000,7197.400000,0
2022-01-12T14:45:00+05:30,7197.400000,7216.750000,7197.400000,7213.950000,900
2022-01-12T15:00:00+05:30,7213.950000,7229.900000,7213.950000,7228.000000,600
2022-01-12T15:15:00+05:30,7228.000000,7228.000000,7204.600000,7204.600000,450
2022-01-13T09:15:00+05:30,7250.000000,7274.850000,7230.550000,7260.000000,1200
2022-01-13T09:30:00+05:30,7260.000000,7262.900000,7235.000000,7235.000000,1950
2022-01-13T09:45:00+05:30,7235.000000,7235.000000,7200.000000,7200.000000,300
2022-01-13T10:00:00+05:30,7200.000000,7200.000000,7162.450000,7193.600000,1200
2022-01-13T10:15:00+05:30,7193.600000,7193.600000,7193.000000,7193.450000,1200
2022-01-13T10:30:00+05:30,7193.450000,7193.450000,7129.100000,7129.100000,1200
2022-01-13T10:45:00+05:30,7129.100000,7129.100000,7129.100000,7129.100000,0
2022-01-13T11:00:00+05:30,7129.100000,7159.500000,7129.100000,7159.500000,300
2022-01-13T11:15:00+05:30,7159.500000,7174.000000,7159.500000,7165.000000,750
2022-01-13T11:30:00+05:30,7165.000000,7165.000000,7163.000000,7163.000000,900
2022-01-13T11:45:00+05:30,7163.000000,7179.450000,7163.000000,7179.450000,150
2022-01-13T12:00:00+05:30,7179.450000,7179.450000,7179.450000,7179.450000,0
2022-01-13T12:15:00+05:30,7179.450000,7193.850000,7179.450000,7179.700000,150
2022-01-13T12:30:00+05:30,7179.700000,7186.450000,7179.000000,7186.450000,600
2022-01-13T12:45:00+05:30,7186.450000,7186.450000,7176.950000,7176.950000,150
2022-01-13T13:00:00+05:30,7176.950000,7176.950000,7176.950000,7176.950000,0
2022-01-13T13:15:00+05:30,7176.950000,7176.950000,7176.950000,7176.950000,0
2022-01-13T13:30:00+05:30,7176.950000,7176.950000,7176.950000,7176.950000,0
2022-01-13T13:45:00+05:30,7176.950000,7176.950000,7176.950000,7176.950000,0
2022-01-13T14:00:00+05:30,7176.950000,7195.000000,7176.950000,7195.000000,300
2022-01-13T14:15:00+05:30,7195.000000,7202.850000,7195.000000,7202.850000,450
2022-01-13T14:30:00+05:30,7202.850000,7204.850000,7200.000000,7204.850000,450
2022-01-13T14:45:00+05:30,7204.850000,7213.750000,7198.200000,7198.200000,450
2022-01-13T15:00:00+05:30,7198.200000,7209.650000,7192.350000,7192.350000,600
2022-01-13T15:15:00+05:30,7192.350000,7192.350000,7179.650000,7180.000000,1200
2022-01-14T09:15:00+05:30,7175.000000,7175.000000,7082.950000,7119.550000,2550
2022-01-14T09:30:00+05:30,7119.550000,7133.950000,7093.850000,7118.250000,1950
2022-01-14T09:45:00+05:30,7118.250000,7123.700000,7090.000000,7090.000000,1350
2022-01-14T10:00:00+05:30,7082.000000,7110.850000,7082.000000,7082.000000,1200
2022-01-14T10:15:00+05:30,7082.000000,7120.850000,7082.000000,7113.000000,600
2022-01-14T10:30:00+05:30,7113.000000,7130.000000,7093.300000,7130.000000,1350
2022-01-14T10:45:00+05:30,7130.000000,7137.850000,7111.650000,7121.550000,750
2022-01-14T11:00:00+05:30,7121.550000,7135.750000,7117.250000,7135.750000,300
2022-01-14T11:15:00+05:30,7135.750000,7150.000000,7134.000000,7134.000000,600
2022-01-14T11:30:00+05:30,7134.000000,7150.000000,7121.000000,7150.000000,450
2022-01-14T11:45:00+05:30,7150.000000,7150.000000,7135.650000,7135.650000,300
2022-01-14T12:00:00+05:30,7135.650000,7142.700000,7130.550000,7142.700000,450
2022-01-14T12:15:00+05:30,7142.700000,7142.700000,7131.250000,7135.800000,300
2022-01-14T12:30:00+05:30,7135.800000,7160.000000,7135.000000,7151.650000,1950
2022-01-14T12:45:00+05:30,7151.650000,7189.000000,7151.650000,7174.300000,1500
2022-01-14T13:00:00+05:30,7174.300000,7174.300000,7155.000000,7160.000000,1800
2022-01-14T13:15:00+05:30,7160.000000,7169.400000,7160.000000,7168.550000,450
2022-01-14T13:30:00+05:30,7168.550000,7168.550000,7168.550000,7168.550000,0
2022-01-14T13:45:00+05:30,7168.550000,7168.550000,7155.400000,7155.400000,450
2022-01-14T14:00:00+05:30,7155.400000,7155.400000,7150.000000,7150.000000,150
2022-01-14T14:15:00+05:30,7150.000000,7150.000000,7139.400000,7139.400000,300
2022-01-14T14:30:00+05:30,7139.400000,7139.400000,7117.000000,7117.000000,150
2022-01-14T14:45:00+05:30,7117.000000,7119.000000,7116.000000,7116.000000,300
2022-01-14T15:00:00+05:30,7116.000000,7144.050000,7116.000000,7144.050000,450
2022-01-14T15:15:00+05:30,7144.050000,7144.050000,7134.000000,7141.550000,600
2022-01-17T09:15:00+05:30,7087.450000,7098.150000,7079.500000,7085.700000,2250
2022-01-17T09:30:00+05:30,7085.700000,7128.100000,7085.700000,7091.450000,1200
2022-01-17T09:45:00+05:30,7091.450000,7103.250000,7088.000000,7088.000000,3750
2022-01-17T10:00:00+05:30,7088.000000,7092.000000,7080.000000,7080.000000,1350
2022-01-17T10:15:00+05:30,7080.000000,7080.000000,7040.000000,7040.000000,1650
2022-01-17T10:30:00+05:30,7040.000000,7042.650000,7039.000000,7039.000000,1350
2022-01-17T10:45:00+05:30,7039.000000,7092.100000,7028.500000,7091.750000,3750
2022-01-17T11:00:00+05:30,7091.750000,7116.550000,7088.900000,7106.700000,2100
2022-01-17T11:15:00+05:30,7106.700000,7107.700000,7096.400000,7102.850000,2250
2022-01-17T11:30:00+05:30,7102.850000,7126.000000,7102.850000,7105.750000,1650
2022-01-17T11:45:00+05:30,7105.750000,7110.000000,7103.100000,7103.900000,1350
2022-01-17T12:00:00+05:30,7103.900000,7114.800000,7103.100000,7114.800000,1950
2022-01-17T12:15:00+05:30,7114.800000,7138.300000,7109.200000,7109.300000,3450
2022-01-17T12:30:00+05:30,7109.300000,7122.450000,7109.300000,7113.500000,2250
2022-01-17T12:45:00+05:30,7113.500000,7123.650000,7112.650000,7123.650000,900
2022-01-17T13:00:00+05:30,7123.650000,7123.650000,7120.400000,7120.750000,300
2022-01-17T13:15:00+05:30,7120.750000,7120.750000,7098.600000,7098.600000,600
2022-01-17T13:30:00+05:30,7098.600000,7111.350000,7098.600000,7107.950000,450
2022-01-17T13:45:00+05:30,7107.950000,7111.900000,7100.700000,7104.050000,600
2022-01-17T14:00:00+05:30,7104.050000,7104.050000,7104.050000,7104.050000,0
2022-01-17T14:15:00+05:30,7104.050000,7120.000000,7104.050000,7120.000000,450
2022-01-17T14:30:00+05:30,7120.000000,7129.150000,7120.000000,7129.150000,150
2022-01-17T14:45:00+05:30,7129.150000,7129.150000,7122.950000,7126.650000,750
2022-01-17T15:00:00+05:30,7126.650000,7180.000000,7120.000000,7170.000000,7650
2022-01-17T15:15:00+05:30,7170.000000,7170.000000,7153.450000,7153.600000,3450
2022-01-18T09:15:00+05:30,7176.050000,7176.050000,7154.900000,7154.900000,1500
2022-01-18T09:30:00+05:30,7154.900000,7166.950000,7115.000000,7115.000000,1350
2022-01-18T09:45:00+05:30,7115.000000,7121.000000,7096.300000,7121.000000,1650
2022-01-18T10:00:00+05:30,7121.000000,7121.000000,7100.050000,7102.000000,900
2022-01-18T10:15:00+05:30,7102.000000,7102.000000,7102.000000,7102.000000,0
2022-01-18T10:30:00+05:30,7102.000000,7115.000000,7096.000000,7110.000000,750
2022-01-18T10:45:00+05:30,7110.000000,7120.750000,7109.750000,7120.750000,300
2022-01-18T11:00:00+05:30,7120.750000,7123.800000,7120.100000,7123.800000,600
2022-01-18T11:15:00+05:30,7123.800000,7123.800000,7123.800000,7123.800000,0
2022-01-18T11:30:00+05:30,7123.800000,7140.000000,7123.800000,7138.300000,600
2022-01-18T11:45:00+05:30,7138.300000,7138.300000,7108.050000,7108.050000,450
2022-01-18T12:00:00+05:30,7108.050000,7108.050000,7085.000000,7100.050000,2550
2022-01-18T12:15:00+05:30,7100.050000,7110.000000,7100.050000,7100.050000,1950
2022-01-18T12:30:00+05:30,7100.050000,7101.600000,7100.050000,7101.600000,150
2022-01-18T12:45:00+05:30,7101.600000,7101.600000,7101.600000,7101.600000,0
2022-01-18T13:00:00+05:30,7101.600000,7101.600000,7095.550000,7096.000000,300
2022-01-18T13:15:00+05:30,7096.000000,7096.000000,7090.000000,7090.000000,150
2022-01-18T13:30:00+05:30,7090.000000,7090.000000,7064.600000,7064.600000,450
2022-01-18T13:45:00+05:30,7064.600000,7064.600000,7044.050000,7055.850000,2700
2022-01-18T14:00:00+05:30,7055.850000,7063.450000,7050.750000,7063.450000,4650
2022-01-18T14:15:00+05:30,7063.450000,7063.450000,7025.700000,7025.700000,1050
2022-01-18T14:30:00+05:30,7025.700000,7030.000000,6975.450000,6975.450000,5850
2022-01-18T14:45:00+05:30,6975.450000,6992.900000,6896.150000,6900.000000,7800
2022-01-18T15:00:00+05:30,6900.000000,6917.350000,6875.600000,6880.000000,6150
2022-01-18T15:15:00+05:30,6880.000000,6907.850000,6875.700000,6890.000000,4200
2022-01-19T09:15:00+05:30,6782.000000,6782.000000,6660.000000,6722.350000,8700
2022-01-19T09:30:00+05:30,6722.350000,6722.350000,6626.250000,6636.300000,7950
2022-01-19T09:45:00+05:30,6636.300000,6683.550000,6621.000000,6680.000000,7200
2022-01-19T10:00:00+05:30,6680.000000,6680.000000,6605.050000,6630.000000,3600
2022-01-19T10:15:00+05:30,6630.000000,6635.450000,6589.450000,6589.450000,5850
2022-01-19T10:30:00+05:30,6589.450000,6620.450000,6589.250000,6620.450000,2100
2022-01-19T10:45:00+05:30,6620.450000,6640.950000,6611.000000,6640.950000,7500
2022-01-19T11:00:00+05:30,6640.950000,6643.100000,6630.000000,6639.250000,1350
2022-01-19T11:15:00+05:30,6639.250000,6640.000000,6620.000000,6632.250000,1500
2022-01-19T11:30:00+05:30,6632.250000,6646.600000,6622.050000,6646.600000,1950
2022-01-19T11:45:00+05:30,6646.600000,6733.300000,6645.000000,6723.300000,7950
2022-01-19T12:00:00+05:30,6723.300000,6751.450000,6683.300000,6683.300000,3750
2022-01-19T12:15:00+05:30,6693.800000,6721.800000,6683.300000,6702.850000,3900
2022-01-19T12:30:00+05:30,6702.850000,6702.850000,6674.700000,6674.700000,5250
2022-01-19T12:45:00+05:30,6675.000000,6680.000000,6673.700000,6680.000000,3600
2022-01-19T13:00:00+05:30,6680.000000,6689.550000,6666.300000,6689.550000,750
2022-01-19T13:15:00+05:30,6689.550000,6698.000000,6677.650000,6698.000000,900
2022-01-19T13:30:00+05:30,6698.000000,6698.000000,6696.000000,6696.000000,600
2022-01-19T13:45:00+05:30,6696.000000,6700.350000,6674.600000,6700.350000,900
2022-01-19T14:00:00+05:30,6700.350000,6719.000000,6700.350000,6706.700000,2700
2022-01-19T14:15:00+05:30,6706.700000,6785.300000,6706.700000,6773.000000,12900
2022-01-19T14:30:00+05:30,6773.000000,6780.550000,6734.300000,6760.850000,12150
2022-01-19T14:45:00+05:30,6760.850000,6776.450000,6739.750000,6745.000000,3600
2022-01-19T15:00:00+05:30,6745.000000,6770.000000,6720.000000,6740.000000,1950
2022-01-19T15:15:00+05:30,6740.000000,6776.000000,6720.000000,6776.000000,7650
2022-01-20T09:15:00+05:30,6831.700000,6848.200000,6600.000000,6642.650000,28500
2022-01-20T09:30:00+05:30,6646.550000,6776.450000,6634.400000,6760.000000,21750
2022-01-20T09:45:00+05:30,6760.000000,6858.500000,6760.000000,6805.500000,23850
2022-01-20T10:00:00+05:30,6805.500000,6810.000000,6775.000000,6810.000000,1950
2022-01-20T10:15:00+05:30,6810.000000,6854.300000,6792.750000,6822.050000,7050
2022-01-20T10:30:00+05:30,6822.050000,6846.000000,6821.000000,6821.300000,1650
2022-01-20T10:45:00+05:30,6821.300000,6830.700000,6807.000000,6830.700000,600
2022-01-20T11:00:00+05:30,6830.700000,6844.400000,6791.550000,6791.550000,2550
2022-01-20T11:15:00+05:30,6791.550000,6808.000000,6742.800000,6752.000000,4800
2022-01-20T11:30:00+05:30,6752.000000,6768.300000,6702.000000,6705.600000,11700
2022-01-20T11:45:00+05:30,6705.600000,6719.550000,6687.350000,6714.000000,4650
2022-01-20T12:00:00+05:30,6714.000000,6720.050000,6710.000000,6713.900000,2250
2022-01-20T12:15:00+05:30,6713.900000,6752.000000,6713.900000,6745.000000,3750
2022-01-20T12:30:00+05:30,6745.000000,6745.000000,6700.000000,6700.000000,1650
2022-01-20T12:45:00+05:30,6700.000000,6700.000000,6690.200000,6696.250000,1800
2022-01-20T13:00:00+05:30,6696.250000,6696.250000,6664.400000,6680.550000,1500
2022-01-20T13:15:00+05:30,6680.550000,6680.550000,6631.350000,6660.000000,6000
2022-01-20T13:30:00+05:30,6660.000000,6676.250000,6660.000000,6666.000000,4950
2022-01-20T13:45:00+05:30,6666.000000,6711.550000,6666.000000,6695.000000,1500
2022-01-20T14:00:00+05:30,6695.000000,6695.000000,6670.000000,6680.000000,2250
2022-01-20T14:15:00+05:30,6680.000000,6680.000000,6666.400000,6666.400000,2250
2022-01-20T14:30:00+05:30,6666.400000,6685.950000,6665.000000,6677.500000,1650
2022-01-20T14:45:00+05:30,6677.500000,6690.900000,6677.500000,6688.000000,750
2022-01-20T15:00:00+05:30,6688.000000,6688.000000,6627.400000,6645.000000,6450
2022-01-20T15:15:00+05:30,6645.000000,6659.750000,6640.000000,6659.750000,18300
2022-01-21T09:15:00+05:30,6540.000000,6555.700000,6485.000000,6518.200000,22350
2022-01-21T09:30:00+05:30,6518.200000,6557.200000,6510.000000,6547.700000,13350
2022-01-21T09:45:00+05:30,6547.700000,6559.000000,6535.300000,6535.300000,12300
2022-01-21T10:00:00+05:30,6535.300000,6563.450000,6535.300000,6547.750000,6450
2022-01-21T10:15:00+05:30,6547.750000,6547.750000,6445.000000,6485.400000,11850
2022-01-21T10:30:00+05:30,6485.400000,6492.800000,6471.050000,6482.350000,2700
2022-01-21T10:45:00+05:30,6482.350000,6527.550000,6482.350000,6527.550000,5400
2022-01-21T11:00:00+05:30,6527.550000,6542.600000,6525.000000,6539.150000,6600
2022-01-21T11:15:00+05:30,6539.150000,6544.050000,6539.150000,6543.050000,4800
2022-01-21T11:30:00+05:30,6543.050000,6544.000000,6519.250000,6519.250000,6600
2022-01-21T11:45:00+05:30,6519.250000,6541.000000,6511.550000,6541.000000,8850
2022-01-21T12:00:00+05:30,6541.000000,6541.000000,6514.150000,6530.000000,9300
2022-01-21T12:15:00+05:30,6530.000000,6534.700000,6530.000000,6534.700000,3300
2022-01-21T12:30:00+05:30,6534.700000,6541.200000,6534.700000,6540.500000,5700
2022-01-21T12:45:00+05:30,6540.500000,6542.000000,6532.750000,6538.500000,3000
2022-01-21T13:00:00+05:30,6538.500000,6558.700000,6534.600000,6556.800000,3900
2022-01-21T13:15:00+05:30,6554.950000,6554.950000,6509.250000,6509.250000,7950
2022-01-21T13:30:00+05:30,6509.250000,6515.000000,6480.300000,6480.300000,7350
2022-01-21T13:45:00+05:30,6480.300000,6500.200000,6480.000000,6500.200000,5850
2022-01-21T14:00:00+05:30,6500.200000,6507.700000,6481.200000,6483.550000,3450
2022-01-21T14:15:00+05:30,6483.550000,6483.550000,6461.500000,6461.900000,7800
2022-01-21T14:30:00+05:30,6460.000000,6472.450000,6439.000000,6439.000000,12150
2022-01-21T14:45:00+05:30,6437.900000,6463.700000,6367.000000,6384.900000,23850
2022-01-21T15:00:00+05:30,6384.900000,6447.900000,6366.000000,6400.000000,16950
2022-01-21T15:15:00+05:30,6400.000000,6430.350000,6398.000000,6428.250000,9150
2022-01-24T09:15:00+05:30,6428.300000,6443.200000,6232.150000,6235.700000,16500
2022-01-24T09:30:00+05:30,6235.700000,6260.000000,6198.550000,6254.300000,19800
2022-01-24T09:45:00+05:30,6254.300000,6276.150000,6191.300000,6223.650000,10500
2022-01-24T10:00:00+05:30,6223.650000,6223.650000,6140.250000,6140.250000,20100
2022-01-24T10:15:00+05:30,6134.650000,6155.250000,6118.100000,6136.700000,24000
2022-01-24T10:30:00+05:30,6136.700000,6167.950000,6120.050000,6134.200000,14400
2022-01-24T10:45:00+05:30,6134.200000,6160.000000,6133.050000,6160.000000,8850
2022-01-24T11:00:00+05:30,6160.000000,6160.000000,6100.000000,6114.800000,8250
2022-01-24T11:15:00+05:30,6114.800000,6153.500000,6111.800000,6139.500000,7650
2022-01-24T11:30:00+05:30,6139.500000,6139.500000,6087.450000,6126.450000,8100
2022-01-24T11:45:00+05:30,6126.450000,6132.600000,6090.000000,6090.000000,15750
2022-01-24T12:00:00+05:30,6090.000000,6102.850000,6071.550000,6090.450000,11850
2022-01-24T12:15:00+05:30,6090.450000,6100.000000,6051.200000,6072.100000,10200
2022-01-24T12:30:00+05:30,6072.100000,6075.100000,6027.150000,6027.150000,25650
2022-01-24T12:45:00+05:30,6027.150000,6041.050000,6004.600000,6010.600000,13200
2022-01-24T13:00:00+05:30,6010.600000,6026.850000,5985.000000,5992.250000,18600
2022-01-24T13:15:00+05:30,5992.250000,5992.250000,5910.450000,5912.400000,41850
2022-01-24T13:30:00+05:30,5912.400000,5916.550000,5872.600000,5885.500000,16050
2022-01-24T13:45:00+05:30,5885.500000,5904.850000,5845.000000,5860.000000,16350
2022-01-24T14:00:00+05:30,5860.000000,5924.050000,5860.000000,5875.000000,15600
2022-01-24T14:15:00+05:30,5875.000000,5992.250000,5873.300000,5944.400000,22650
2022-01-24T14:30:00+05:30,5944.400000,5950.850000,5870.550000,5945.500000,18900
2022-01-24T14:45:00+05:30,5945.500000,5973.850000,5908.800000,5973.850000,9300
2022-01-24T15:00:00+05:30,5973.850000,6005.900000,5973.550000,6005.900000,30300
2022-01-24T15:15:00+05:30,6005.900000,6005.900000,5966.000000,5975.000000,14850
2022-01-25T09:15:00+05:30,5780.650000,5941.000000,5753.950000,5905.050000,27750
2022-01-25T09:30:00+05:30,5907.700000,6038.600000,5907.700000,6025.000000,31350
2022-01-25T09:45:00+05:30,6025.000000,6101.500000,6022.900000,6082.750000,35700
2022-01-25T10:00:00+05:30,6082.750000,6082.750000,5970.100000,5990.150000,33450
2022-01-25T10:15:00+05:30,5990.150000,6013.300000,5949.400000,5984.550000,25050
2022-01-25T10:30:00+05:30,5984.550000,6012.500000,5921.000000,5921.000000,30000
2022-01-25T10:45:00+05:30,5921.000000,5937.200000,5879.800000,5926.250000,21600
2022-01-25T11:00:00+05:30,5926.250000,5988.500000,5916.950000,5984.000000,22800
2022-01-25T11:15:00+05:30,5984.000000,6009.350000,5973.500000,5998.000000,11550
2022-01-25T11:30:00+05:30,5998.000000,5998.000000,5955.350000,5958.550000,29850
2022-01-25T11:45:00+05:30,5958.550000,5975.000000,5945.000000,5968.800000,11850
2022-01-25T12:00:00+05:30,5968.800000,5970.550000,5950.000000,5970.550000,15450
2022-01-25T12:15:00+05:30,5970.550000,5999.050000,5961.550000,5998.400000,19350
2022-01-25T12:30:00+05:30,5998.400000,6002.800000,5986.850000,5997.450000,18300
2022-01-25T12:45:00+05:30,5997.450000,6030.000000,5992.050000,6023.800000,19500
2022-01-25T13:00:00+05:30,6023.800000,6051.200000,6023.800000,6051.200000,20700
2022-01-25T13:15:00+05:30,6051.200000,6071.050000,6050.000000,6064.000000,16650
2022-01-25T13:30:00+05:30,6064.000000,6064.000000,6044.000000,6044.000000,11700
2022-01-25T13:45:00+05:30,6044.000000,6072.000000,6040.050000,6057.500000,14850
2022-01-25T14:00:00+05:30,6057.500000,6072.000000,6050.000000,6061.350000,11700
2022-01-25T14:15:00+05:30,6061.350000,6062.850000,6018.750000,6026.650000,13950
2022-01-25T14:30:00+05:30,6026.650000,6049.700000,6022.000000,6034.200000,12450
2022-01-25T14:45:00+05:30,6034.200000,6066.000000,6034.200000,6066.000000,11400
2022-01-25T15:00:00+05:30,6066.000000,6068.000000,6034.100000,6039.250000,17700
2022-01-25T15:15:00+05:30,6039.250000,6060.350000,6029.650000,6029.650000,23850
2022-01-27T09:15:00+05:30,5867.950000,5966.300000,5827.300000,5926.000000,48300
2022-01-27T09:30:00+05:30,5926.000000,5930.200000,5882.400000,5910.650000,27300
2022-01-27T09:45:00+05:30,5907.050000,5917.350000,5850.000000,5904.000000,30450
2022-01-27T10:00:00+05:30,5904.000000,5904.000000,5805.000000,5820.000000,31950
2022-01-27T10:15:00+05:30,5820.000000,5840.000000,5770.000000,5791.100000,24150
2022-01-27T10:30:00+05:30,5791.100000,5816.200000,5779.200000,5782.350000,14400
2022-01-27T10:45:00+05:30,5782.350000,5785.950000,5766.100000,5780.000000,9450
2022-01-27T11:00:00+05:30,5780.000000,5820.000000,5776.650000,5801.600000,11700
2022-01-27T11:15:00+05:30,5801.600000,5814.500000,5776.000000,5810.800000,13050
2022-01-27T11:30:00+05:30,5810.800000,5818.750000,5800.050000,5805.400000,17550
2022-01-27T11:45:00+05:30,5805.400000,5810.000000,5794.950000,5801.750000,18150
2022-01-27T12:00:00+05:30,5801.750000,5802.650000,5739.350000,5740.000000,24750
2022-01-27T12:15:00+05:30,5740.000000,5750.750000,5734.100000,5740.000000,19800
2022-01-27T12:30:00+05:30,5740.000000,5767.450000,5740.000000,5767.450000,6450
2022-01-27T12:45:00+05:30,5767.450000,5767.450000,5742.000000,5749.100000,5400
2022-01-27T13:00:00+05:30,5749.100000,5777.650000,5749.100000,5770.050000,10800
2022-01-27T13:15:00+05:30,5770.050000,5784.700000,5754.150000,5760.500000,19050
2022-01-27T13:30:00+05:30,5766.150000,5781.750000,5760.350000,5771.150000,17250
2022-01-27T13:45:00+05:30,5771.150000,5788.550000,5766.200000,5778.800000,16800
2022-01-27T14:00:00+05:30,5778.800000,5795.000000,5774.050000,5784.750000,43500
2022-01-27T14:15:00+05:30,5784.750000,5792.200000,5779.500000,5785.800000,16050
2022-01-27T14:30:00+05:30,5785.800000,5821.700000,5782.900000,5795.000000,26550
2022-01-27T14:45:00+05:30,5795.000000,5816.950000,5766.750000,5771.000000,37500
2022-01-27T15:00:00+05:30,5773.900000,5777.250000,5750.200000,5771.400000,25050
2022-01-27T15:15:00+05:30,5777.150000,5787.900000,5757.150000,5775.000000,49950
2022-01-28T09:15:00+05:30,5795.000000,5994.900000,5795.000000,5943.400000,46650
2022-01-28T09:30:00+05:30,5943.400000,6014.850000,5943.400000,5998.000000,67800
2022-01-28T09:45:00+05:30,6000.750000,6014.350000,5963.000000,5972.000000,48150
2022-01-28T10:00:00+05:30,5972.000000,6020.000000,5962.550000,5991.200000,26100
2022-01-28T10:15:00+05:30,5991.200000,6006.550000,5931.050000,6006.550000,31950
2022-01-28T10:30:00+05:30,6005.350000,6018.000000,5976.500000,6009.850000,10800
2022-01-28T10:45:00+05:30,6009.850000,6034.950000,6000.000000,6026.550000,12600
2022-01-28T11:00:00+05:30,6026.550000,6045.250000,6026.550000,6039.950000,13050
2022-01-28T11:15:00+05:30,6039.950000,6056.100000,6015.050000,6055.950000,15900
2022-01-28T11:30:00+05:30,6055.950000,6097.950000,6050.650000,6082.000000,25800
2022-01-28T11:45:00+05:30,6082.000000,6098.750000,6038.500000,6050.350000,31050
2022-01-28T12:00:00+05:30,6050.350000,6090.000000,6026.000000,6090.000000,25650
2022-01-28T12:15:00+05:30,6090.000000,6119.900000,6065.500000,6105.550000,19950
2022-01-28T12:30:00+05:30,6105.550000,6121.000000,6054.700000,6104.000000,20700
2022-01-28T12:45:00+05:30,6104.000000,6111.100000,6084.900000,6095.850000,7800
2022-01-28T13:00:00+05:30,6095.850000,6097.700000,6070.200000,6070.200000,8700
2022-01-28T13:15:00+05:30,6070.200000,6083.950000,6050.050000,6078.250000,8400
2022-01-28T13:30:00+05:30,6078.250000,6083.850000,6045.150000,6045.150000,12750
2022-01-28T13:45:00+05:30,6045.150000,6054.550000,6010.350000,6047.000000,17400
2022-01-28T14:00:00+05:30,6047.000000,6068.350000,5976.200000,5976.200000,34950
2022-01-28T14:15:00+05:30,5976.200000,6003.900000,5935.050000,5943.650000,21150
2022-01-28T14:30:00+05:30,5943.650000,5971.450000,5935.050000,5959.150000,10200
2022-01-28T14:45:00+05:30,5959.150000,5959.150000,5905.050000,5927.050000,18600
2022-01-28T15:00:00+05:30,5927.050000,5942.700000,5883.050000,5923.700000,18300
2022-01-28T15:15:00+05:30,5923.700000,5944.300000,5905.300000,5917.950000,18600
2022-01-31T09:15:00+05:30,6091.750000,6117.200000,6024.000000,6058.300000,52500
2022-01-31T09:30:00+05:30,6058.300000,6100.500000,6037.450000,6098.350000,40350
2022-01-31T09:45:00+05:30,6098.350000,6117.050000,6074.250000,6115.900000,60000
2022-01-31T10:00:00+05:30,6116.200000,6224.950000,6101.750000,6205.350000,261750
2022-01-31T10:15:00+05:30,6205.000000,6220.000000,6188.400000,6204.000000,23100
2022-01-31T10:30:00+05:30,6204.000000,6243.950000,6181.050000,6196.100000,34050
2022-01-31T10:45:00+05:30,6196.100000,6243.000000,6175.300000,6238.300000,15150
2022-01-31T11:00:00+05:30,6238.300000,6273.000000,6210.350000,6266.000000,28800
2022-01-31T11:15:00+05:30,6266.000000,6271.850000,6240.250000,6240.250000,19200
2022-01-31T11:30:00+05:30,6240.250000,6275.000000,6230.200000,6251.700000,13050
2022-01-31T11:45:00+05:30,6251.700000,6263.600000,6245.000000,6254.000000,5100
2022-01-31T12:00:00+05:30,6254.000000,6262.000000,6250.150000,6260.000000,5550
2022-01-31T12:15:00+05:30,6260.000000,6260.000000,6231.500000,6245.000000,6150
2022-01-31T12:30:00+05:30,6245.000000,6255.000000,6235.000000,6251.050000,3150
2022-01-31T12:45:00+05:30,6251.050000,6267.800000,6238.350000,6267.800000,11400
2022-01-31T13:00:00+05:30,6267.800000,6277.950000,6216.450000,6247.850000,22950
2022-01-31T13:15:00+05:30,6247.850000,6275.000000,6247.850000,6254.700000,13500
2022-01-31T13:30:00+05:30,6254.700000,6259.500000,6240.000000,6259.500000,12900
2022-01-31T13:45:00+05:30,6259.500000,6283.950000,6252.100000,6280.000000,9150
2022-01-31T14:00:00+05:30,6280.000000,6308.000000,6266.950000,6298.550000,15150
2022-01-31T14:15:00+05:30,6298.550000,6304.200000,6275.400000,6285.000000,17850
2022-01-31T14:30:00+05:30,6285.000000,6299.050000,6278.550000,6295.000000,8700
2022-01-31T14:45:00+05:30,6295.000000,6326.950000,6288.050000,6317.000000,20250
2022-01-31T15:00:00+05:30,6317.000000,6319.400000,6266.000000,6283.000000,17850
2022-01-31T15:15:00+05:30,6280.000000,6319.900000,6268.350000,6310.000000,24600
2022-02-01T09:15:00+05:30,6368.950000,6440.000000,6266.750000,6305.500000,54900
2022-02-01T09:30:00+05:30,6305.500000,6312.800000,6240.000000,6260.000000,31800
2022-02-01T09:45:00+05:30,6260.000000,6306.000000,6260.000000,6298.150000,12000
2022-02-01T10:00:00+05:30,6298.150000,6298.150000,6256.000000,6284.050000,7350
2022-02-01T10:15:00+05:30,6284.050000,6289.550000,6268.700000,6272.700000,4650
2022-02-01T10:30:00+05:30,6272.700000,6282.750000,6257.000000,6280.000000,8700
2022-02-01T10:45:00+05:30,6280.000000,6280.000000,6246.150000,6265.000000,5100
2022-02-01T11:00:00+05:30,6265.000000,6286.100000,6259.200000,6286.050000,3900
2022-02-01T11:15:00+05:30,6286.050000,6286.050000,6261.000000,6276.050000,7500
2022-02-01T11:30:00+05:30,6276.050000,6276.050000,6232.000000,6270.000000,9600
2022-02-01T11:45:00+05:30,6270.000000,6284.900000,6270.000000,6284.000000,1200
2022-02-01T12:00:00+05:30,6296.050000,6306.000000,6273.700000,6287.800000,8100
2022-02-01T12:15:00+05:30,6287.800000,6312.000000,6287.800000,6309.150000,10050
2022-02-01T12:30:00+05:30,6309.150000,6329.950000,6300.000000,6327.400000,7950
2022-02-01T12:45:00+05:30,6327.400000,6330.400000,6300.000000,6304.350000,9450
2022-02-01T13:00:00+05:30,6304.350000,6304.350000,6213.500000,6231.000000,14700
2022-02-01T13:15:00+05:30,6231.000000,6291.650000,6226.750000,6291.650000,9150
2022-02-01T13:30:00+05:30,6291.700000,6330.500000,6291.650000,6325.000000,10200
2022-02-01T13:45:00+05:30,6325.000000,6332.650000,6300.650000,6300.800000,3750
2022-02-01T14:00:00+05:30,6300.800000,6313.000000,6297.550000,6297.550000,5250
2022-02-01T14:15:00+05:30,6297.550000,6300.000000,6273.300000,6293.200000,22500
2022-02-01T14:30:00+05:30,6293.200000,6306.050000,6287.000000,6288.350000,10800
2022-02-01T14:45:00+05:30,6288.350000,6290.850000,6275.000000,6281.350000,4950
2022-02-01T15:00:00+05:30,6281.350000,6301.400000,6273.800000,6281.500000,12300
2022-02-01T15:15:00+05:30,6281.500000,6320.000000,6281.500000,6313.300000,24750
2022-02-02T09:15:00+05:30,6324.950000,6376.300000,6300.000000,6321.000000,21750
2022-02-02T09:30:00+05:30,6321.000000,6386.650000,6321.000000,6372.650000,15750
2022-02-02T09:45:00+05:30,6372.650000,6409.850000,6357.700000,6392.800000,11700
2022-02-02T10:00:00+05:30,6392.800000,6393.000000,6347.650000,6365.000000,9300
2022-02-02T10:15:00+05:30,6365.000000,6365.000000,6343.000000,6350.000000,4800
2022-02-02T10:30:00+05:30,6350.000000,6350.000000,6320.000000,6336.000000,4500
2022-02-02T10:45:00+05:30,6336.000000,6370.000000,6336.000000,6362.700000,4200
2022-02-02T11:00:00+05:30,6362.700000,6380.000000,6362.700000,6380.000000,2550
2022-02-02T11:15:00+05:30,6380.000000,6384.000000,6371.850000,6376.000000,4500
2022-02-02T11:30:00+05:30,6376.000000,6380.000000,6372.400000,6373.050000,2850
2022-02-02T11:45:00+05:30,6373.050000,6384.000000,6373.050000,6378.000000,3300
2022-02-02T12:00:00+05:30,6378.000000,6378.000000,6357.000000,6361.950000,3750
2022-02-02T12:15:00+05:30,6361.950000,6361.950000,6354.300000,6361.750000,2400
2022-02-02T12:30:00+05:30,6361.750000,6414.150000,6361.000000,6412.200000,12150
2022-02-02T12:45:00+05:30,6412.200000,6412.200000,6391.400000,6391.400000,6150
2022-02-02T13:00:00+05:30,6391.400000,6424.400000,6391.400000,6417.550000,14100
2022-02-02T13:15:00+05:30,6417.550000,6418.650000,6410.200000,6410.250000,2550
2022-02-02T13:30:00+05:30,6410.250000,6412.000000,6404.700000,6412.000000,2550
2022-02-02T13:45:00+05:30,6412.000000,6421.250000,6410.000000,6411.000000,3750
2022-02-02T14:00:00+05:30,6411.000000,6415.000000,6389.950000,6403.000000,11250
2022-02-02T14:15:00+05:30,6403.000000,6406.150000,6389.250000,6400.000000,3300
2022-02-02T14:30:00+05:30,6400.000000,6403.000000,6394.700000,6394.700000,1950
2022-02-02T14:45:00+05:30,6394.700000,6399.000000,6390.000000,6399.000000,3150
2022-02-02T15:00:00+05:30,6399.000000,6401.100000,6388.000000,6397.000000,10800
2022-02-02T15:15:00+05:30,6397.000000,6420.000000,6397.000000,6415.000000,10650
2022-02-03T09:15:00+05:30,6420.200000,6420.200000,6274.650000,6294.250000,41400
2022-02-03T09:30:00+05:30,6294.250000,6334.000000,6265.000000,6269.750000,22050
2022-02-03T09:45:00+05:30,6269.750000,6299.250000,6265.000000,6287.950000,9600
2022-02-03T10:00:00+05:30,6287.950000,6304.350000,6282.100000,6282.100000,5100
2022-02-03T10:15:00+05:30,6282.100000,6294.650000,6282.100000,6284.850000,3000
2022-02-03T10:30:00+05:30,6284.850000,6309.300000,6284.850000,6309.300000,3900
2022-02-03T10:45:00+05:30,6309.300000,6324.450000,6293.700000,6293.700000,4650
2022-02-03T11:00:00+05:30,6293.700000,6293.700000,6286.000000,6286.000000,2550
2022-02-03T11:15:00+05:30,6286.000000,6291.700000,6281.350000,6291.250000,1800
2022-02-03T11:30:00+05:30,6291.250000,6302.200000,6290.000000,6292.050000,2700
2022-02-03T11:45:00+05:30,6292.050000,6292.050000,6282.250000,6285.100000,4650
2022-02-03T12:00:00+05:30,6285.100000,6285.100000,6272.150000,6282.500000,3900
2022-02-03T12:15:00+05:30,6282.500000,6290.200000,6264.000000,6267.150000,17400
2022-02-03T12:30:00+05:30,6267.150000,6272.500000,6263.000000,6269.100000,9750
2022-02-03T12:45:00+05:30,6269.100000,6295.850000,6268.850000,6289.950000,11550
2022-02-03T13:00:00+05:30,6289.950000,6289.950000,6258.350000,6258.350000,5100
2022-02-03T13:15:00+05:30,6258.350000,6261.700000,6233.000000,6249.900000,9150
2022-02-03T13:30:00+05:30,6249.900000,6255.000000,6233.500000,6237.800000,4200
2022-02-03T13:45:00+05:30,6237.800000,6255.000000,6226.200000,6255.000000,8850
2022-02-03T14:00:00+05:30,6255.000000,6260.550000,6253.000000,6257.450000,2550
2022-02-03T14:15:00+05:30,6257.450000,6257.450000,6240.450000,6240.450000,5250
2022-02-03T14:30:00+05:30,6240.450000,6253.900000,6239.950000,6243.150000,5700
2022-02-03T14:45:00+05:30,6243.150000,6244.550000,6216.000000,6241.400000,16050
2022-02-03T15:00:00+05:30,6241.400000,6241.400000,6185.050000,6193.200000,20550
2022-02-03T15:15:00+05:30,6193.200000,6220.050000,6181.950000,6199.000000,27750
2022-02-04T09:15:00+05:30,5959.900000,6267.300000,5959.900000,6256.850000,49200
2022-02-04T09:30:00+05:30,6256.850000,6293.000000,6233.450000,6288.000000,22500
2022-02-04T09:45:00+05:30,6288.000000,6297.000000,6274.400000,6284.800000,6600
2022-02-04T10:00:00+05:30,6284.800000,6290.000000,6264.000000,6275.100000,5550
2022-02-04T10:15:00+05:30,6275.100000,6296.000000,6254.050000,6288.200000,7050
2022-02-04T10:30:00+05:30,6288.200000,6310.000000,6278.000000,6294.000000,12000
2022-02-04T10:45:00+05:30,6294.000000,6324.200000,6282.400000,6318.300000,10200
2022-02-04T11:00:00+05:30,6318.300000,6321.000000,6294.000000,6294.100000,5100
2022-02-04T11:15:00+05:30,6294.100000,6316.000000,6294.100000,6306.750000,4200
2022-02-04T11:30:00+05:30,6306.750000,6312.950000,6298.200000,6298.200000,1500
2022-02-04T11:45:00+05:30,6298.200000,6298.200000,6275.000000,6284.850000,4350
2022-02-04T12:00:00+05:30,6284.850000,6303.600000,6284.850000,6302.900000,4800
2022-02-04T12:15:00+05:30,6302.900000,6302.900000,6265.100000,6273.700000,10500
2022-02-04T12:30:00+05:30,6273.700000,6291.550000,6273.700000,6291.550000,750
2022-02-04T12:45:00+05:30,6291.550000,6291.550000,6283.750000,6289.050000,1650
2022-02-04T13:00:00+05:30,6289.050000,6291.450000,6277.150000,6280.350000,4800
2022-02-04T13:15:00+05:30,6280.350000,6295.900000,6280.350000,6286.350000,4650
2022-02-04T13:30:00+05:30,6286.350000,6299.750000,6286.350000,6296.200000,2400
2022-02-04T13:45:00+05:30,6296.200000,6299.700000,6286.300000,6296.950000,6000
2022-02-04T14:00:00+05:30,6296.950000,6307.000000,6293.800000,6301.550000,8250
2022-02-04T14:15:00+05:30,6301.550000,6301.550000,6290.000000,6298.550000,1650
2022-02-04T14:30:00+05:30,6295.900000,6298.000000,6288.300000,6288.300000,4200
2022-02-04T14:45:00+05:30,6288.300000,6288.300000,6252.000000,6268.000000,10950
2022-02-04T15:00:00+05:30,6268.000000,6294.500000,6264.600000,6286.400000,9600
2022-02-04T15:15:00+05:30,6286.400000,6300.100000,6270.000000,6270.000000,19650
2022-02-07T09:15:00+05:30,6381.350000,6381.350000,6231.100000,6265.150000,22650
2022-02-07T09:30:00+05:30,6265.150000,6314.850000,6250.900000,6259.100000,10650
2022-02-07T09:45:00+05:30,6259.100000,6271.050000,6226.900000,6233.050000,5550
2022-02-07T10:00:00+05:30,6233.050000,6270.150000,6206.900000,6256.700000,7200
2022-02-07T10:15:00+05:30,6256.700000,6256.700000,6208.450000,6221.100000,6750
2022-02-07T10:30:00+05:30,6221.100000,6234.000000,6175.000000,6226.950000,13800
2022-02-07T10:45:00+05:30,6226.950000,6233.450000,6195.000000,6197.350000,4350
2022-02-07T11:00:00+05:30,6197.350000,6203.050000,6165.000000,6180.800000,5850
2022-02-07T11:15:00+05:30,6180.800000,6201.450000,6178.950000,6185.000000,4800
2022-02-07T11:30:00+05:30,6185.000000,6192.600000,6182.650000,6185.500000,2400
2022-02-07T11:45:00+05:30,6185.500000,6193.700000,6170.000000,6187.800000,5550
2022-02-07T12:00:00+05:30,6187.800000,6190.350000,6166.850000,6179.200000,4050
2022-02-07T12:15:00+05:30,6179.200000,6198.000000,6162.000000,6198.000000,5550
2022-02-07T12:30:00+05:30,6198.000000,6217.250000,6195.000000,6213.600000,3150
2022-02-07T12:45:00+05:30,6213.600000,6213.600000,6180.000000,6180.000000,1800
2022-02-07T13:00:00+05:30,6180.000000,6180.000000,6168.900000,6168.900000,1200
2022-02-07T13:15:00+05:30,6168.900000,6175.800000,6156.150000,6165.900000,3150
2022-02-07T13:30:00+05:30,6165.900000,6169.050000,6128.250000,6128.950000,7050
2022-02-07T13:45:00+05:30,6127.750000,6128.650000,6080.050000,6096.500000,20700
2022-02-07T14:00:00+05:30,6096.500000,6141.850000,6096.500000,6141.850000,10650
2022-02-07T14:15:00+05:30,6141.850000,6161.000000,6126.100000,6156.050000,7650
2022-02-07T14:30:00+05:30,6156.050000,6165.000000,6137.200000,6138.050000,4200
2022-02-07T14:45:00+05:30,6138.050000,6147.350000,6131.000000,6140.850000,5700
2022-02-07T15:00:00+05:30,6140.850000,6170.850000,6126.500000,6126.500000,8550
2022-02-07T15:15:00+05:30,6126.500000,6136.000000,6102.500000,6126.900000,25950
2022-02-08T09:15:00+05:30,6153.000000,6223.950000,6120.050000,6162.600000,29400
2022-02-08T09:30:00+05:30,6162.600000,6185.000000,6154.950000,6156.050000,4350
2022-02-08T09:45:00+05:30,6147.900000,6156.050000,6118.750000,6140.000000,4200
2022-02-08T10:00:00+05:30,6140.000000,6140.000000,6099.100000,6107.400000,7950
2022-02-08T10:15:00+05:30,6107.400000,6120.600000,6084.400000,6084.950000,3750
2022-02-08T10:30:00+05:30,6084.950000,6103.450000,6054.800000,6054.800000,8850
2022-02-08T10:45:00+05:30,6052.800000,6078.550000,6029.700000,6048.850000,10650
2022-02-08T11:00:00+05:30,6048.850000,6069.550000,6040.450000,6067.950000,6150
2022-02-08T11:15:00+05:30,6067.950000,6093.900000,6063.150000,6088.250000,3900
2022-02-08T11:30:00+05:30,6088.250000,6103.400000,6079.250000,6085.000000,4500
2022-02-08T11:45:00+05:30,6085.000000,6096.500000,6085.000000,6089.400000,600
2022-02-08T12:00:00+05:30,6089.400000,6114.850000,6088.600000,6088.600000,3450
2022-02-08T12:15:00+05:30,6088.600000,6132.450000,6088.600000,6132.450000,4500
2022-02-08T12:30:00+05:30,6132.450000,6132.450000,6110.000000,6110.000000,2400
2022-02-08T12:45:00+05:30,6119.250000,6124.400000,6115.000000,6115.000000,4200
2022-02-08T13:00:00+05:30,6115.000000,6127.000000,6090.450000,6114.950000,8250
2022-02-08T13:15:00+05:30,6114.950000,6130.800000,6108.900000,6125.550000,3450
2022-02-08T13:30:00+05:30,6125.550000,6142.650000,6125.550000,6140.250000,2100
2022-02-08T13:45:00+05:30,6140.250000,6151.300000,6136.650000,6137.000000,2400
2022-02-08T14:00:00+05:30,6137.000000,6150.000000,6127.800000,6127.800000,3450
2022-02-08T14:15:00+05:30,6127.800000,6140.250000,6117.300000,6140.250000,3300
2022-02-08T14:30:00+05:30,6140.250000,6167.550000,6140.250000,6167.550000,4650
2022-02-08T14:45:00+05:30,6167.550000,6177.900000,6149.450000,6166.600000,12450
2022-02-08T15:00:00+05:30,6166.600000,6173.350000,6138.400000,6148.950000,8250
2022-02-08T15:15:00+05:30,6148.950000,6151.950000,6117.450000,6148.300000,13800
2022-02-09T09:15:00+05:30,6219.800000,6285.950000,6204.600000,6280.800000,32850
2022-02-09T09:30:00+05:30,6280.800000,6329.300000,6268.550000,6303.900000,35250
2022-02-09T09:45:00+05:30,6303.900000,6344.200000,6298.850000,6310.200000,30600
2022-02-09T10:00:00+05:30,6310.200000,6323.950000,6283.000000,6283.000000,11700
2022-02-09T10:15:00+05:30,6283.000000,6297.000000,6265.000000,6272.950000,5400
2022-02-09T10:30:00+05:30,6272.950000,6282.400000,6265.150000,6278.400000,2250
2022-02-09T10:45:00+05:30,6278.400000,6284.000000,6275.900000,6277.550000,1200
2022-02-09T11:00:00+05:30,6277.550000,6278.550000,6274.850000,6278.150000,750
2022-02-09T11:15:00+05:30,6278.150000,6309.850000,6278.150000,6306.000000,4200
2022-02-09T11:30:00+05:30,6306.000000,6322.900000,6304.100000,6315.000000,7650
2022-02-09T11:45:00+05:30,6315.000000,6315.000000,6288.000000,6293.100000,7350
2022-02-09T12:00:00+05:30,6293.100000,6315.900000,6291.650000,6315.900000,4800
2022-02-09T12:15:00+05:30,6315.900000,6315.900000,6300.000000,6306.350000,6750
2022-02-09T12:30:00+05:30,6306.350000,6306.350000,6285.350000,6297.050000,1650
2022-02-09T12:45:00+05:30,6297.050000,6297.050000,6279.900000,6279.900000,4500
2022-02-09T13:00:00+05:30,6279.900000,6285.050000,6260.100000,6272.450000,9300
2022-02-09T13:15:00+05:30,6272.450000,6283.550000,6265.300000,6271.650000,5250
2022-02-09T13:30:00+05:30,6271.650000,6279.900000,6270.000000,6279.800000,1350
2022-02-09T13:45:00+05:30,6279.800000,6282.850000,6275.000000,6277.600000,1800
2022-02-09T14:00:00+05:30,6277.600000,6289.950000,6269.050000,6277.100000,3750
2022-02-09T14:15:00+05:30,6277.100000,6288.850000,6277.100000,6282.900000,1950
2022-02-09T14:30:00+05:30,6282.900000,6287.650000,6272.850000,6279.100000,6000
2022-02-09T14:45:00+05:30,6279.100000,6292.000000,6278.000000,6289.700000,10950
2022-02-09T15:00:00+05:30,6290.200000,6315.000000,6290.200000,6309.050000,15900
2022-02-09T15:15:00+05:30,6309.050000,6338.050000,6309.050000,6338.000000,36450
2022-02-09T15:30:00+05:30,6338.000000,6338.000000,6338.000000,6338.000000,0
