Date,Open,High,Low,Close,Volume
2015-02-02T09:15:00+05:30,2029.300000,2029.300000,2010.000000,2018.250000,1495
2015-02-02T09:30:00+05:30,2018.250000,2025.000000,2010.000000,2016.000000,717
2015-02-02T09:45:00+05:30,2016.000000,2020.550000,2010.150000,2020.000000,475
2015-02-02T10:00:00+05:30,2020.000000,2024.950000,2011.000000,2011.150000,623
2015-02-02T10:15:00+05:30,2011.150000,2020.000000,2011.150000,2017.100000,445
2015-02-02T10:30:00+05:30,2017.100000,2020.100000,2015.150000,2019.800000,314
2015-02-02T10:45:00+05:30,2019.800000,2024.950000,2017.000000,2020.950000,358
2015-02-02T11:00:00+05:30,2020.950000,2028.650000,2020.050000,2024.350000,661
2015-02-02T11:15:00+05:30,2024.350000,2026.900000,2021.150000,2026.000000,261
2015-02-02T11:30:00+05:30,2026.000000,2026.400000,2016.050000,2019.800000,532
2015-02-02T11:45:00+05:30,2018.250000,2022.700000,2018.250000,2020.000000,205
2015-02-02T12:00:00+05:30,2020.000000,2020.000000,2018.000000,2018.000000,352
2015-02-02T12:15:00+05:30,2019.800000,2019.850000,2018.000000,2019.850000,144
2015-02-02T12:30:00+05:30,2019.850000,2021.150000,2018.150000,2018.500000,238
2015-02-02T12:45:00+05:30,2018.500000,2021.900000,2018.500000,2018.500000,48
2015-02-02T13:00:00+05:30,2018.500000,2025.000000,2018.500000,2023.500000,318
2015-02-02T13:15:00+05:30,2023.500000,2026.350000,2021.250000,2021.350000,100
2015-02-02T13:30:00+05:30,2021.350000,2023.500000,2021.250000,2023.200000,186
2015-02-02T13:45:00+05:30,2023.200000,2024.700000,2021.350000,2021.500000,163
2015-02-02T14:00:00+05:30,2021.500000,2026.300000,2021.350000,2022.300000,288
2015-02-02T14:15:00+05:30,2022.300000,2054.000000,2022.300000,2030.000000,2586
2015-02-02T14:30:00+05:30,2030.000000,2030.750000,2018.000000,2019.050000,1018
2015-02-02T14:45:00+05:30,2019.050000,2025.000000,2014.050000,2018.000000,1110
2015-02-02T15:00:00+05:30,2018.000000,2024.000000,2018.000000,2020.900000,596
2015-02-02T15:15:00+05:30,2020.900000,2033.900000,2017.050000,2025.000000,1722
2015-02-03T09:15:00+05:30,2025.000000,2065.200000,2000.700000,2003.350000,1816
2015-02-03T09:30:00+05:30,2003.350000,2018.200000,2002.000000,2017.000000,1134
2015-02-03T09:45:00+05:30,2017.000000,2019.100000,2016.000000,2016.100000,596
2015-02-03T10:00:00+05:30,2016.100000,2019.050000,2016.000000,2016.000000,578
2015-02-03T10:15:00+05:30,2016.000000,2016.000000,2004.000000,2005.450000,612
2015-02-03T10:30:00+05:30,2005.450000,2007.400000,2002.800000,2007.400000,352
2015-02-03T10:45:00+05:30,2007.400000,2007.450000,2005.000000,2005.050000,837
2015-02-03T11:00:00+05:30,2005.050000,2008.250000,2001.600000,2001.800000,854
2015-02-03T11:15:00+05:30,2001.800000,2001.800000,1994.000000,1994.200000,982
2015-02-03T11:30:00+05:30,1994.200000,1998.000000,1994.000000,1997.900000,438
2015-02-03T11:45:00+05:30,1997.900000,1997.900000,1993.000000,1993.000000,660
2015-02-03T12:00:00+05:30,1991.550000,1991.550000,1982.400000,1986.600000,945
2015-02-03T12:15:00+05:30,1986.600000,1987.000000,1985.000000,1986.000000,328
2015-02-03T12:30:00+05:30,1986.000000,1986.950000,1985.100000,1986.150000,309
2015-02-03T12:45:00+05:30,1986.150000,1990.050000,1986.000000,1986.700000,397
2015-02-03T13:00:00+05:30,1986.700000,1987.250000,1986.700000,1987.050000,421
2015-02-03T13:15:00+05:30,1987.000000,1998.050000,1987.000000,1993.100000,385
2015-02-03T13:30:00+05:30,1993.100000,1993.100000,1988.100000,1988.250000,135
2015-02-03T13:45:00+05:30,1988.250000,1991.650000,1988.200000,1991.050000,220
2015-02-03T14:00:00+05:30,1991.050000,2000.000000,1991.000000,1997.150000,465
2015-02-03T14:15:00+05:30,1997.150000,1999.100000,1991.000000,1991.150000,265
2015-02-03T14:30:00+05:30,1991.150000,1991.150000,1989.000000,1989.300000,358
2015-02-03T14:45:00+05:30,1989.350000,1989.650000,1985.700000,1986.150000,559
2015-02-03T15:00:00+05:30,1986.250000,1987.200000,1985.000000,1987.050000,1080
2015-02-03T15:15:00+05:30,1987.050000,2005.000000,1987.000000,2000.000000,3324
2015-02-04T09:15:00+05:30,2000.000000,2000.000000,1975.850000,1983.400000,1065
2015-02-04T09:30:00+05:30,1983.400000,1992.800000,1980.100000,1982.050000,637
2015-02-04T09:45:00+05:30,1982.050000,1984.000000,1980.000000,1981.750000,445
2015-02-04T10:00:00+05:30,1981.750000,1984.300000,1976.000000,1982.850000,230
2015-02-04T10:15:00+05:30,1982.850000,1984.300000,1981.000000,1984.000000,102
2015-02-04T10:30:00+05:30,1984.000000,1986.050000,1981.500000,1986.050000,87
2015-02-04T10:45:00+05:30,1987.000000,1989.600000,1984.000000,1984.000000,137
2015-02-04T11:00:00+05:30,1985.000000,1998.050000,1984.000000,1996.050000,791
2015-02-04T11:15:00+05:30,1996.050000,1999.150000,1996.000000,1999.150000,592
2015-02-04T11:30:00+05:30,1999.150000,2019.900000,1998.250000,2019.850000,1431
2015-02-04T11:45:00+05:30,2019.850000,2019.900000,2006.000000,2013.250000,935
2015-02-04T12:00:00+05:30,2013.250000,2014.700000,2010.500000,2011.750000,562
2015-02-04T12:15:00+05:30,2011.750000,2012.000000,2006.000000,2006.000000,274
2015-02-04T12:30:00+05:30,2006.000000,2006.000000,1994.100000,1994.100000,923
2015-02-04T12:45:00+05:30,1994.100000,1994.100000,1990.000000,1993.000000,235
2015-02-04T13:00:00+05:30,1993.000000,2000.000000,1993.000000,1997.050000,120
2015-02-04T13:15:00+05:30,1997.050000,2001.250000,1995.050000,1998.000000,54
2015-02-04T13:30:00+05:30,1998.000000,1998.000000,1991.150000,1994.750000,56
2015-02-04T13:45:00+05:30,1994.750000,1995.000000,1991.550000,1992.000000,73
2015-02-04T14:00:00+05:30,1992.000000,2000.000000,1990.000000,1997.050000,339
2015-02-04T14:15:00+05:30,1997.050000,2000.000000,1990.000000,1999.450000,927
2015-02-04T14:30:00+05:30,1999.450000,2001.000000,1994.950000,2000.000000,240
2015-02-04T14:45:00+05:30,2000.000000,2004.450000,1991.000000,2000.850000,896
2015-02-04T15:00:00+05:30,2000.850000,2001.000000,1993.950000,1994.850000,295
2015-02-04T15:15:00+05:30,1994.850000,2000.000000,1990.000000,1999.800000,1538
2015-02-05T09:15:00+05:30,1998.900000,1998.900000,1973.200000,1978.550000,1505
2015-02-05T09:30:00+05:30,1978.550000,1986.050000,1978.550000,1986.050000,158
2015-02-05T09:45:00+05:30,1986.050000,1990.000000,1974.000000,1974.000000,826
2015-02-05T10:00:00+05:30,1974.000000,1975.000000,1973.000000,1973.000000,981
2015-02-05T10:15:00+05:30,1973.000000,1975.000000,1973.000000,1974.000000,841
2015-02-05T10:30:00+05:30,1974.000000,1974.000000,1973.450000,1973.750000,396
2015-02-05T10:45:00+05:30,1973.750000,1974.150000,1973.000000,1973.000000,919
2015-02-05T11:00:00+05:30,1973.000000,1973.350000,1966.000000,1967.000000,838
2015-02-05T11:15:00+05:30,1967.000000,1969.200000,1960.000000,1964.050000,1117
2015-02-05T11:30:00+05:30,1964.050000,1966.850000,1964.050000,1966.000000,939
2015-02-05T11:45:00+05:30,1966.000000,1966.800000,1966.000000,1966.750000,258
2015-02-05T12:00:00+05:30,1966.750000,1974.850000,1966.750000,1973.400000,551
2015-02-05T12:15:00+05:30,1973.400000,1974.000000,1970.000000,1971.350000,1464
2015-02-05T12:30:00+05:30,1971.350000,1971.350000,1966.350000,1970.000000,463
2015-02-05T12:45:00+05:30,1970.000000,1974.000000,1970.000000,1973.350000,482
2015-02-05T13:00:00+05:30,1973.350000,1975.000000,1973.250000,1974.350000,6557
2015-02-05T13:15:00+05:30,1974.150000,1974.150000,1973.950000,1974.050000,2120
2015-02-05T13:30:00+05:30,1974.150000,1974.150000,1973.950000,1973.950000,1117
2015-02-05T13:45:00+05:30,1974.000000,1974.100000,1973.200000,1973.350000,4897
2015-02-05T14:00:00+05:30,1973.350000,1973.500000,1971.800000,1971.850000,270
2015-02-05T14:15:00+05:30,1971.800000,1971.800000,1966.050000,1969.450000,591
2015-02-05T14:30:00+05:30,1969.450000,1970.400000,1969.350000,1970.000000,12437
2015-02-05T14:45:00+05:30,1970.000000,1971.000000,1964.900000,1965.000000,689
2015-02-05T15:00:00+05:30,1965.000000,1969.900000,1959.900000,1960.900000,1740
2015-02-05T15:15:00+05:30,1960.900000,1961.000000,1950.500000,1954.500000,2019
2015-02-06T09:15:00+05:30,2028.750000,2082.000000,2005.000000,2042.950000,12879
2015-02-06T09:30:00+05:30,2043.700000,2074.000000,2041.000000,2065.000000,8379
2015-02-06T09:45:00+05:30,2066.600000,2068.200000,2050.300000,2052.950000,3798
2015-02-06T10:00:00+05:30,2052.950000,2053.000000,2031.000000,2045.000000,4111
2015-02-06T10:15:00+05:30,2045.000000,2047.950000,2035.050000,2042.000000,1721
2015-02-06T10:30:00+05:30,2042.000000,2042.000000,2001.000000,2012.450000,5649
2015-02-06T10:45:00+05:30,2013.900000,2026.000000,2009.050000,2026.000000,2519
2015-02-06T11:00:00+05:30,2026.000000,2027.950000,2016.550000,2017.800000,1271
2015-02-06T11:15:00+05:30,2017.800000,2017.800000,2007.000000,2013.950000,1706
2015-02-06T11:30:00+05:30,2013.950000,2022.000000,2011.800000,2022.000000,837
2015-02-06T11:45:00+05:30,2022.750000,2024.800000,2016.150000,2018.250000,725
2015-02-06T12:00:00+05:30,2018.250000,2023.000000,2016.150000,2020.950000,767
2015-02-06T12:15:00+05:30,2021.450000,2028.650000,2018.200000,2026.950000,1040
2015-02-06T12:30:00+05:30,2026.950000,2040.000000,2026.950000,2032.400000,2282
2015-02-06T12:45:00+05:30,2029.000000,2038.000000,2025.050000,2038.000000,533
2015-02-06T13:00:00+05:30,2038.000000,2039.900000,2028.200000,2033.800000,1363
2015-02-06T13:15:00+05:30,2030.050000,2033.300000,2023.000000,2027.950000,509
2015-02-06T13:30:00+05:30,2027.950000,2029.950000,2023.000000,2026.000000,827
2015-02-06T13:45:00+05:30,2025.700000,2028.600000,2024.000000,2027.000000,766
2015-02-06T14:00:00+05:30,2027.000000,2035.000000,2024.000000,2034.900000,781
2015-02-06T14:15:00+05:30,2034.850000,2038.750000,2025.050000,2032.650000,867
2015-02-06T14:30:00+05:30,2032.650000,2034.950000,2019.000000,2020.000000,1915
2015-02-06T14:45:00+05:30,2020.000000,2027.500000,2020.000000,2021.050000,951
2015-02-06T15:00:00+05:30,2021.000000,2025.000000,2007.100000,2013.000000,2727
2015-02-06T15:15:00+05:30,2013.000000,2023.000000,2006.050000,2018.000000,3129
2015-02-09T09:15:00+05:30,2014.000000,2014.000000,1981.000000,1995.900000,1704
2015-02-09T09:30:00+05:30,1995.900000,2013.450000,1995.900000,2010.000000,621
2015-02-09T09:45:00+05:30,2010.000000,2035.000000,2010.000000,2022.300000,973
2015-02-09T10:00:00+05:30,2022.300000,2022.300000,2002.000000,2003.000000,1272
2015-02-09T10:15:00+05:30,2004.700000,2015.900000,2003.000000,2015.000000,290
2015-02-09T10:30:00+05:30,2015.000000,2017.000000,2010.000000,2010.000000,69
2015-02-09T10:45:00+05:30,2010.000000,2012.050000,2005.000000,2012.000000,277
2015-02-09T11:00:00+05:30,2012.000000,2015.000000,2008.000000,2008.000000,133
2015-02-09T11:15:00+05:30,2008.000000,2008.000000,2005.000000,2005.500000,73
2015-02-09T11:30:00+05:30,2005.500000,2010.000000,2004.500000,2009.250000,238
2015-02-09T11:45:00+05:30,2009.250000,2012.000000,2001.600000,2006.000000,119
2015-02-09T12:00:00+05:30,2006.000000,2010.600000,2001.650000,2007.100000,162
2015-02-09T12:15:00+05:30,2007.100000,2010.750000,2003.400000,2003.400000,15962
2015-02-09T12:30:00+05:30,2000.600000,2007.300000,2000.600000,2007.300000,92
2015-02-09T12:45:00+05:30,2007.300000,2007.400000,2003.000000,2003.000000,155
2015-02-09T13:00:00+05:30,2003.000000,2008.800000,2001.000000,2008.800000,104
2015-02-09T13:15:00+05:30,2008.800000,2010.750000,2001.000000,2010.750000,351
2015-02-09T13:30:00+05:30,2010.750000,2010.750000,2006.100000,2010.000000,45
2015-02-09T13:45:00+05:30,2010.000000,2010.950000,2005.250000,2010.950000,27
2015-02-09T14:00:00+05:30,2010.000000,2010.750000,2005.200000,2010.450000,572
2015-02-09T14:15:00+05:30,2007.100000,2011.900000,2005.000000,2006.600000,657
2015-02-09T14:30:00+05:30,2009.950000,2011.900000,2006.000000,2011.000000,757
2015-02-09T14:45:00+05:30,2011.000000,2017.000000,1996.000000,1998.950000,864
2015-02-09T15:00:00+05:30,1998.950000,1998.950000,1994.000000,1995.050000,256
2015-02-09T15:15:00+05:30,1995.050000,2005.000000,1990.000000,2005.000000,1714
2015-02-10T09:15:00+05:30,1997.950000,2000.050000,1972.000000,1998.800000,1192
2015-02-10T09:30:00+05:30,1998.800000,1998.800000,1991.000000,1998.050000,231
2015-02-10T09:45:00+05:30,1998.050000,2004.800000,1993.900000,2001.300000,533
2015-02-10T10:00:00+05:30,2001.300000,2001.300000,2000.000000,2001.300000,294
2015-02-10T10:15:00+05:30,2001.300000,2001.300000,1994.350000,1994.350000,166
2015-02-10T10:30:00+05:30,1994.350000,1999.200000,1982.550000,1990.000000,657
2015-02-10T10:45:00+05:30,1985.050000,1988.950000,1980.000000,1980.050000,820
2015-02-10T11:00:00+05:30,1980.050000,1990.000000,1980.050000,1990.000000,119
2015-02-10T11:15:00+05:30,1990.000000,1995.050000,1989.000000,1995.050000,190
2015-02-10T11:30:00+05:30,1995.050000,1998.750000,1991.000000,1992.950000,177
2015-02-10T11:45:00+05:30,1992.950000,1995.000000,1990.050000,1990.900000,137
2015-02-10T12:00:00+05:30,1990.900000,1991.800000,1989.000000,1989.050000,723
2015-02-10T12:15:00+05:30,1989.050000,1996.000000,1989.000000,1989.050000,236
2015-02-10T12:30:00+05:30,1989.050000,1990.050000,1989.050000,1990.000000,64
2015-02-10T12:45:00+05:30,1989.000000,1994.000000,1989.000000,1989.050000,132
2015-02-10T13:00:00+05:30,1989.050000,1996.000000,1989.050000,1990.300000,237
2015-02-10T13:15:00+05:30,1990.300000,1999.000000,1990.100000,1996.100000,352
2015-02-10T13:30:00+05:30,1996.050000,2003.000000,1996.000000,2000.000000,891
2015-02-10T13:45:00+05:30,2000.000000,2005.500000,1997.900000,2001.600000,764
2015-02-10T14:00:00+05:30,2001.150000,2005.900000,2001.150000,2001.350000,615
2015-02-10T14:15:00+05:30,2001.400000,2014.000000,2001.150000,2010.950000,1063
2015-02-10T14:30:00+05:30,2010.950000,2029.900000,2008.100000,2023.750000,1357
2015-02-10T14:45:00+05:30,2023.750000,2030.000000,2016.000000,2017.700000,1361
2015-02-10T15:00:00+05:30,2017.700000,2031.300000,2017.700000,2031.000000,1578
2015-02-10T15:15:00+05:30,2031.300000,2056.900000,2024.000000,2036.000000,4351
2015-02-11T09:15:00+05:30,2030.000000,2053.800000,2029.400000,2052.550000,1506
2015-02-11T09:30:00+05:30,2050.050000,2057.200000,2043.100000,2055.500000,796
2015-02-11T09:45:00+05:30,2055.500000,2055.500000,2035.100000,2035.100000,1285
2015-02-11T10:00:00+05:30,2035.100000,2041.000000,2024.500000,2025.000000,732
2015-02-11T10:15:00+05:30,2025.000000,2035.000000,2024.100000,2026.550000,536
2015-02-11T10:30:00+05:30,2026.550000,2027.650000,2016.000000,2016.000000,500
2015-02-11T10:45:00+05:30,2016.000000,2024.100000,2015.750000,2019.200000,256
2015-02-11T11:00:00+05:30,2019.200000,2019.850000,2015.000000,2016.950000,168
2015-02-11T11:15:00+05:30,2021.200000,2028.950000,2018.750000,2028.900000,247
2015-02-11T11:30:00+05:30,2025.200000,2029.400000,2022.500000,2024.100000,181
2015-02-11T11:45:00+05:30,2029.400000,2032.700000,2019.600000,2026.200000,446
2015-02-11T12:00:00+05:30,2026.200000,2026.250000,2016.000000,2016.650000,418
2015-02-11T12:15:00+05:30,2016.650000,2016.650000,2001.350000,2001.350000,825
2015-02-11T12:30:00+05:30,2002.050000,2013.300000,2001.000000,2009.050000,633
2015-02-11T12:45:00+05:30,2009.050000,2016.000000,2009.050000,2014.650000,338
2015-02-11T13:00:00+05:30,2014.650000,2015.000000,2012.900000,2015.000000,193
2015-02-11T13:15:00+05:30,2015.000000,2017.000000,2004.000000,2009.300000,336
2015-02-11T13:30:00+05:30,2009.300000,2010.050000,2004.000000,2009.050000,670
2015-02-11T13:45:00+05:30,2009.050000,2010.500000,2006.900000,2007.700000,225
2015-02-11T14:00:00+05:30,2007.700000,2010.000000,2005.200000,2010.000000,264
2015-02-11T14:15:00+05:30,2010.000000,2015.050000,2000.000000,2003.450000,2204
2015-02-11T14:30:00+05:30,2003.450000,2010.050000,2000.050000,2006.950000,771
2015-02-11T14:45:00+05:30,2006.950000,2010.000000,2004.100000,2008.700000,1095
2015-02-11T15:00:00+05:30,2008.700000,2012.000000,2004.000000,2007.350000,1657
2015-02-11T15:15:00+05:30,2007.350000,2007.350000,2000.000000,2000.000000,1550
2015-02-12T09:15:00+05:30,2013.000000,2023.800000,2000.000000,2021.000000,796
2015-02-12T09:30:00+05:30,2016.000000,2029.000000,2016.000000,2024.000000,426
2015-02-12T09:45:00+05:30,2024.000000,2040.050000,2020.050000,2036.000000,1287
2015-02-12T10:00:00+05:30,2036.000000,2037.000000,2029.950000,2034.500000,377
2015-02-12T10:15:00+05:30,2030.000000,2035.300000,2027.800000,2034.950000,543
2015-02-12T10:30:00+05:30,2035.000000,2042.000000,2030.000000,2036.950000,1415
2015-02-12T10:45:00+05:30,2036.950000,2040.000000,2028.100000,2033.950000,390
2015-02-12T11:00:00+05:30,2033.950000,2034.000000,2028.650000,2032.800000,105
2015-02-12T11:15:00+05:30,2032.800000,2037.000000,2026.000000,2035.000000,229
2015-02-12T11:30:00+05:30,2035.000000,2036.950000,2029.650000,2033.800000,121
2015-02-12T11:45:00+05:30,2033.800000,2035.000000,2026.600000,2030.750000,209
2015-02-12T12:00:00+05:30,2030.750000,2041.000000,2030.750000,2040.000000,557
2015-02-12T12:15:00+05:30,2040.000000,2040.000000,2035.200000,2038.000000,34
2015-02-12T12:30:00+05:30,2038.000000,2039.550000,2033.900000,2036.000000,144
2015-02-12T12:45:00+05:30,2036.000000,2041.500000,2036.000000,2040.000000,254
2015-02-12T13:00:00+05:30,2040.000000,2040.000000,2035.850000,2039.000000,152
2015-02-12T13:15:00+05:30,2039.000000,2040.000000,2035.000000,2040.000000,152
2015-02-12T13:30:00+05:30,2035.000000,2040.000000,2034.950000,2037.950000,476
2015-02-12T13:45:00+05:30,2037.950000,2042.000000,2035.000000,2040.000000,363
2015-02-12T14:00:00+05:30,2040.000000,2049.000000,2032.000000,2035.850000,906
2015-02-12T14:15:00+05:30,2035.850000,2040.000000,2031.950000,2037.950000,1413
2015-02-12T14:30:00+05:30,2037.950000,2040.000000,2033.300000,2039.250000,836
2015-02-12T14:45:00+05:30,2039.250000,2039.250000,2033.100000,2034.850000,164
2015-02-12T15:00:00+05:30,2034.800000,2036.000000,2029.200000,2035.850000,3005
2015-02-12T15:15:00+05:30,2035.000000,2042.900000,2031.700000,2042.900000,2984
2015-02-13T09:15:00+05:30,2042.000000,2055.000000,2035.950000,2040.100000,961
2015-02-13T09:30:00+05:30,2040.100000,2042.900000,2037.000000,2042.000000,791
2015-02-13T09:45:00+05:30,2042.950000,2048.000000,2039.100000,2040.000000,254
2015-02-13T10:00:00+05:30,2040.200000,2044.150000,2036.050000,2044.150000,191
2015-02-13T10:15:00+05:30,2044.150000,2044.200000,2040.000000,2042.000000,614
2015-02-13T10:30:00+05:30,2042.000000,2045.000000,2040.050000,2045.000000,155
2015-02-13T10:45:00+05:30,2045.000000,2050.000000,2041.050000,2049.150000,201
2015-02-13T11:00:00+05:30,2049.150000,2050.000000,2041.050000,2050.000000,392
2015-02-13T11:15:00+05:30,2050.000000,2059.000000,2048.050000,2055.100000,939
2015-02-13T11:30:00+05:30,2056.000000,2060.000000,2054.850000,2056.000000,1109
2015-02-13T11:45:00+05:30,2057.000000,2116.550000,2057.000000,2105.950000,13288
2015-02-13T12:00:00+05:30,2105.950000,2112.000000,2100.050000,2107.000000,1463
2015-02-13T12:15:00+05:30,2107.000000,2109.950000,2092.400000,2095.000000,1684
2015-02-13T12:30:00+05:30,2092.400000,2095.000000,2080.200000,2092.000000,858
2015-02-13T12:45:00+05:30,2092.000000,2096.500000,2087.000000,2096.500000,572
2015-02-13T13:00:00+05:30,2096.500000,2099.800000,2092.200000,2092.200000,118
2015-02-13T13:15:00+05:30,2092.200000,2092.200000,2082.200000,2086.000000,377
2015-02-13T13:30:00+05:30,2086.000000,2089.950000,2086.000000,2089.250000,156
2015-02-13T13:45:00+05:30,2089.250000,2100.100000,2089.250000,2095.500000,596
2015-02-13T14:00:00+05:30,2095.500000,2100.000000,2086.000000,2091.000000,464
2015-02-13T14:15:00+05:30,2091.000000,2094.900000,2089.000000,2094.000000,276
2015-02-13T14:30:00+05:30,2094.000000,2109.900000,2088.200000,2088.500000,1092
2015-02-13T14:45:00+05:30,2088.500000,2100.000000,2086.350000,2087.450000,732
2015-02-13T15:00:00+05:30,2087.450000,2093.700000,2082.950000,2082.950000,893
2015-02-13T15:15:00+05:30,2082.950000,2093.550000,2082.950000,2087.000000,1196
2015-02-16T09:15:00+05:30,2074.000000,2074.000000,2045.000000,2059.000000,2063
2015-02-16T09:30:00+05:30,2059.000000,2098.000000,2056.000000,2075.650000,2243
2015-02-16T09:45:00+05:30,2075.650000,2083.000000,2073.050000,2083.000000,427
2015-02-16T10:00:00+05:30,2082.000000,2082.950000,2075.000000,2075.000000,250
2015-02-16T10:15:00+05:30,2080.000000,2082.000000,2075.000000,2080.950000,302
2015-02-16T10:30:00+05:30,2080.950000,2080.950000,2075.000000,2075.050000,402
2015-02-16T10:45:00+05:30,2075.050000,2079.000000,2075.000000,2077.950000,363
2015-02-16T11:00:00+05:30,2077.950000,2077.950000,2067.000000,2071.650000,316
2015-02-16T11:15:00+05:30,2071.650000,2071.650000,2067.000000,2071.000000,222
2015-02-16T11:30:00+05:30,2071.000000,2071.450000,2051.000000,2051.000000,1399
2015-02-16T11:45:00+05:30,2051.000000,2056.950000,2047.950000,2047.950000,459
2015-02-16T12:00:00+05:30,2047.950000,2050.000000,2046.550000,2048.000000,229
2015-02-16T12:15:00+05:30,2048.000000,2052.750000,2045.000000,2045.450000,559
2015-02-16T12:30:00+05:30,2045.450000,2050.600000,2040.000000,2042.000000,474
2015-02-16T12:45:00+05:30,2042.000000,2047.000000,2040.000000,2046.400000,252
2015-02-16T13:00:00+05:30,2046.400000,2047.500000,2040.400000,2040.400000,178
2015-02-16T13:15:00+05:30,2040.400000,2050.000000,2040.000000,2050.000000,292
2015-02-16T13:30:00+05:30,2050.000000,2068.500000,2050.000000,2064.250000,224
2015-02-16T13:45:00+05:30,2064.000000,2065.000000,2055.000000,2060.000000,424
2015-02-16T14:00:00+05:30,2060.000000,2065.000000,2060.000000,2064.150000,218
2015-02-16T14:15:00+05:30,2064.150000,2064.150000,2060.000000,2060.000000,139
2015-02-16T14:30:00+05:30,2060.000000,2061.200000,2040.000000,2045.000000,721
2015-02-16T14:45:00+05:30,2046.450000,2050.000000,2040.000000,2045.050000,185
2015-02-16T15:00:00+05:30,2045.050000,2050.000000,2030.000000,2035.000000,1211
2015-02-16T15:15:00+05:30,2035.000000,2055.000000,2032.000000,2040.000000,3088
2015-02-18T09:15:00+05:30,2051.000000,2070.000000,2044.050000,2065.000000,841
2015-02-18T09:30:00+05:30,2065.050000,2079.000000,2062.000000,2065.000000,907
2015-02-18T09:45:00+05:30,2065.000000,2065.050000,2050.000000,2052.000000,351
2015-02-18T10:00:00+05:30,2052.000000,2060.000000,2052.000000,2053.150000,407
2015-02-18T10:15:00+05:30,2054.000000,2060.000000,2053.250000,2055.250000,896
2015-02-18T10:30:00+05:30,2055.250000,2059.000000,2053.100000,2055.000000,541
2015-02-18T10:45:00+05:30,2053.500000,2057.950000,2053.500000,2056.650000,225
2015-02-18T11:00:00+05:30,2056.650000,2060.000000,2053.150000,2058.000000,261
2015-02-18T11:15:00+05:30,2058.000000,2065.350000,2055.350000,2058.000000,539
2015-02-18T11:30:00+05:30,2058.000000,2058.800000,2055.250000,2058.000000,97
2015-02-18T11:45:00+05:30,2058.000000,2058.800000,2055.000000,2055.000000,72
2015-02-18T12:00:00+05:30,2055.000000,2056.950000,2048.000000,2050.600000,216
2015-02-18T12:15:00+05:30,2050.600000,2050.950000,2047.500000,2048.600000,32
2015-02-18T12:30:00+05:30,2048.600000,2050.950000,2039.400000,2039.400000,663
2015-02-18T12:45:00+05:30,2039.400000,2043.200000,2039.000000,2040.050000,380
2015-02-18T13:00:00+05:30,2040.050000,2044.000000,2040.050000,2040.600000,157
2015-02-18T13:15:00+05:30,2040.600000,2044.000000,2040.600000,2043.250000,78
2015-02-18T13:30:00+05:30,2041.050000,2044.000000,2040.550000,2041.050000,104
2015-02-18T13:45:00+05:30,2041.050000,2048.000000,2030.000000,2045.000000,940
2015-02-18T14:00:00+05:30,2045.000000,2051.000000,2032.600000,2045.200000,1312
2015-02-18T14:15:00+05:30,2045.200000,2045.950000,2041.700000,2045.000000,70
2015-02-18T14:30:00+05:30,2045.000000,2046.250000,2041.700000,2045.000000,150
2015-02-18T14:45:00+05:30,2045.000000,2046.000000,2037.000000,2040.000000,251
2015-02-18T15:00:00+05:30,2040.000000,2040.000000,2027.950000,2033.550000,911
2015-02-18T15:15:00+05:30,2031.050000,2047.000000,2027.950000,2036.000000,2580
2015-02-19T09:15:00+05:30,2042.000000,2064.950000,2026.000000,2034.100000,429
2015-02-19T09:30:00+05:30,2034.100000,2045.000000,2034.100000,2035.000000,396
2015-02-19T09:45:00+05:30,2035.000000,2035.000000,2031.100000,2033.000000,216
2015-02-19T10:00:00+05:30,2033.000000,2037.150000,2031.100000,2035.000000,335
2015-02-19T10:15:00+05:30,2044.000000,2044.000000,2034.500000,2035.550000,7904
2015-02-19T10:30:00+05:30,2035.550000,2039.100000,2027.300000,2028.000000,569
2015-02-19T10:45:00+05:30,2028.000000,2028.000000,2026.000000,2027.950000,45
2015-02-19T11:00:00+05:30,2027.950000,2028.000000,2020.000000,2022.350000,302
2015-02-19T11:15:00+05:30,2024.000000,2027.000000,2022.100000,2025.000000,127
2015-02-19T11:30:00+05:30,2025.000000,2030.000000,2022.100000,2028.050000,200
2015-02-19T11:45:00+05:30,2028.050000,2031.950000,2028.000000,2031.000000,107
2015-02-19T12:00:00+05:30,2031.000000,2031.700000,2020.000000,2022.300000,207
2015-02-19T12:15:00+05:30,2022.300000,2026.200000,2022.000000,2026.200000,18
2015-02-19T12:30:00+05:30,2026.450000,2026.850000,2020.000000,2021.000000,75
2015-02-19T12:45:00+05:30,2021.000000,2026.450000,2020.000000,2022.800000,726
2015-02-19T13:00:00+05:30,2020.000000,2021.950000,2016.000000,2021.950000,312
2015-02-19T13:15:00+05:30,2021.950000,2024.300000,2019.100000,2020.000000,153
2015-02-19T13:30:00+05:30,2020.000000,2020.000000,2016.000000,2016.000000,117
2015-02-19T13:45:00+05:30,2018.050000,2018.950000,2015.000000,2017.000000,106
2015-02-19T14:00:00+05:30,2017.000000,2017.000000,2011.000000,2014.450000,374
2015-02-19T14:15:00+05:30,2014.450000,2020.000000,2010.900000,2019.950000,734
2015-02-19T14:30:00+05:30,2019.950000,2019.950000,2013.000000,2014.000000,152
2015-02-19T14:45:00+05:30,2015.950000,2024.950000,2015.950000,2023.350000,339
2015-02-19T15:00:00+05:30,2023.350000,2029.950000,2017.000000,2024.050000,1274
2015-02-19T15:15:00+05:30,2024.050000,2029.500000,2017.000000,2020.000000,1812
2015-02-20T09:15:00+05:30,2022.000000,2029.950000,2005.000000,2020.100000,439
2015-02-20T09:30:00+05:30,2020.100000,2020.100000,2015.000000,2017.850000,120
2015-02-20T09:45:00+05:30,2017.850000,2019.800000,2015.050000,2015.100000,532
2015-02-20T10:00:00+05:30,2015.100000,2020.000000,2015.100000,2020.000000,92
2015-02-20T10:15:00+05:30,2018.150000,2024.250000,2018.000000,2023.950000,203
2015-02-20T10:30:00+05:30,2023.950000,2025.000000,2019.400000,2024.850000,717
2015-02-20T10:45:00+05:30,2024.850000,2024.900000,2023.000000,2023.000000,293
2015-02-20T11:00:00+05:30,2023.000000,2028.000000,2023.000000,2025.000000,187
2015-02-20T11:15:00+05:30,2027.000000,2027.000000,2021.300000,2024.000000,172
2015-02-20T11:30:00+05:30,2024.000000,2028.900000,2022.550000,2022.550000,239
2015-02-20T11:45:00+05:30,2022.550000,2028.000000,2022.550000,2025.000000,80
2015-02-20T12:00:00+05:30,2025.000000,2025.000000,2020.000000,2023.300000,226
2015-02-20T12:15:00+05:30,2023.300000,2023.300000,2020.000000,2020.000000,194
2015-02-20T12:30:00+05:30,2023.000000,2025.000000,2018.000000,2018.000000,371
2015-02-20T12:45:00+05:30,2018.000000,2029.000000,2018.000000,2025.000000,849
2015-02-20T13:00:00+05:30,2024.950000,2027.500000,2023.050000,2023.400000,22
2015-02-20T13:15:00+05:30,2023.400000,2024.500000,2020.000000,2020.000000,124
2015-02-20T13:30:00+05:30,2020.000000,2020.000000,2020.000000,2020.000000,24
2015-02-20T13:45:00+05:30,2020.000000,2023.950000,2020.000000,2020.250000,20
2015-02-20T14:00:00+05:30,2020.250000,2021.000000,2018.000000,2018.000000,55
2015-02-20T14:15:00+05:30,2018.000000,2024.000000,2008.000000,2008.050000,495
2015-02-20T14:30:00+05:30,2009.950000,2010.000000,1986.000000,1997.000000,2094
2015-02-20T14:45:00+05:30,1997.000000,1997.000000,1991.000000,1996.700000,501
2015-02-20T15:00:00+05:30,1996.650000,1997.000000,1985.000000,1988.000000,1309
2015-02-20T15:15:00+05:30,1988.000000,2005.850000,1988.000000,2005.850000,2551
2015-02-23T09:15:00+05:30,1984.000000,2017.950000,1963.550000,1997.050000,1198
2015-02-23T09:30:00+05:30,1997.050000,2008.300000,1995.050000,2001.750000,270
2015-02-23T09:45:00+05:30,2001.750000,2005.400000,1995.050000,1995.050000,90
2015-02-23T10:00:00+05:30,1997.100000,2001.850000,1995.000000,1999.950000,207
2015-02-23T10:15:00+05:30,1999.950000,2001.900000,1992.150000,2000.000000,65
2015-02-23T10:30:00+05:30,2000.000000,2001.900000,1995.000000,1999.950000,68
2015-02-23T10:45:00+05:30,1999.950000,2000.000000,1995.050000,2000.000000,88
2015-02-23T11:00:00+05:30,2000.000000,2000.000000,1995.000000,1999.050000,147
2015-02-23T11:15:00+05:30,1999.050000,1999.100000,1997.000000,1998.000000,82
2015-02-23T11:30:00+05:30,1998.000000,1998.000000,1996.100000,1998.000000,26
2015-02-23T11:45:00+05:30,1998.000000,1998.000000,1992.900000,1995.950000,61
2015-02-23T12:00:00+05:30,1995.950000,1996.000000,1991.000000,1993.500000,160
2015-02-23T12:15:00+05:30,1993.500000,1993.500000,1989.950000,1989.950000,258
2015-02-23T12:30:00+05:30,1989.950000,1989.950000,1988.000000,1988.000000,212
2015-02-23T12:45:00+05:30,1988.000000,1989.950000,1980.300000,1984.050000,233
2015-02-23T13:00:00+05:30,1984.050000,1986.350000,1979.050000,1979.950000,765
2015-02-23T13:15:00+05:30,1979.050000,1980.000000,1979.050000,1979.950000,333
2015-02-23T13:30:00+05:30,1979.950000,1979.950000,1975.000000,1975.000000,96
2015-02-23T13:45:00+05:30,1975.000000,1980.000000,1972.000000,1972.000000,325
2015-02-23T14:00:00+05:30,1972.000000,1978.150000,1970.000000,1970.000000,142
2015-02-23T14:15:00+05:30,1970.000000,1979.950000,1970.000000,1970.000000,227
2015-02-23T14:30:00+05:30,1970.000000,1971.000000,1966.000000,1967.000000,420
2015-02-23T14:45:00+05:30,1967.000000,1974.000000,1966.000000,1974.000000,326
2015-02-23T15:00:00+05:30,1974.000000,1998.000000,1974.000000,1986.250000,864
2015-02-23T15:15:00+05:30,1986.250000,1997.000000,1980.900000,1980.900000,1465
2015-02-24T09:15:00+05:30,1988.000000,1994.800000,1981.050000,1990.950000,857
2015-02-24T09:30:00+05:30,1989.450000,1991.500000,1987.000000,1991.400000,440
2015-02-24T09:45:00+05:30,1991.400000,1991.800000,1988.000000,1988.000000,301
2015-02-24T10:00:00+05:30,1988.000000,1991.200000,1988.000000,1988.000000,276
2015-02-24T10:15:00+05:30,1988.000000,1996.000000,1988.000000,1996.000000,380
2015-02-24T10:30:00+05:30,1996.000000,2004.000000,1995.000000,1995.000000,830
2015-02-24T10:45:00+05:30,1995.000000,2003.000000,1995.000000,1999.950000,400
2015-02-24T11:00:00+05:30,2000.000000,2000.000000,1995.050000,1995.050000,233
2015-02-24T11:15:00+05:30,1995.000000,1995.950000,1986.700000,1992.150000,675
2015-02-24T11:30:00+05:30,1992.150000,1995.950000,1985.000000,1985.000000,590
2015-02-24T11:45:00+05:30,1985.000000,1993.950000,1985.000000,1993.950000,76
2015-02-24T12:00:00+05:30,1993.950000,1993.950000,1987.000000,1988.000000,506
2015-02-24T12:15:00+05:30,1988.000000,1993.400000,1988.000000,1993.400000,80
2015-02-24T12:30:00+05:30,1993.400000,1993.400000,1990.000000,1990.000000,16
2015-02-24T12:45:00+05:30,1990.000000,1990.200000,1988.900000,1990.000000,372
2015-02-24T13:00:00+05:30,1990.200000,1990.200000,1985.100000,1990.200000,280
2015-02-24T13:15:00+05:30,1990.200000,1990.750000,1990.000000,1990.750000,210
2015-02-24T13:30:00+05:30,1990.750000,1991.000000,1988.500000,1991.000000,87
2015-02-24T13:45:00+05:30,1988.500000,1991.000000,1987.000000,1988.000000,2303
2015-02-24T14:00:00+05:30,1988.000000,1991.250000,1988.000000,1990.000000,269
2015-02-24T14:15:00+05:30,1989.200000,1990.000000,1988.200000,1988.200000,227
2015-02-24T14:30:00+05:30,1988.200000,1990.000000,1982.000000,1985.000000,736
2015-02-24T14:45:00+05:30,1985.000000,1985.000000,1983.200000,1985.000000,187
2015-02-24T15:00:00+05:30,1983.300000,1985.050000,1983.100000,1985.000000,762
2015-02-24T15:15:00+05:30,1985.000000,1988.450000,1975.000000,1975.000000,1771
2015-02-25T09:15:00+05:30,1983.000000,1990.000000,1955.000000,1984.900000,993
2015-02-25T09:30:00+05:30,1984.900000,1990.000000,1980.000000,1987.550000,317
2015-02-25T09:45:00+05:30,1987.550000,1992.000000,1987.550000,1992.000000,479
2015-02-25T10:00:00+05:30,1990.250000,1990.250000,1987.500000,1987.500000,143
2015-02-25T10:15:00+05:30,1987.500000,1990.000000,1982.150000,1990.000000,321
2015-02-25T10:30:00+05:30,1990.000000,1992.950000,1983.650000,1992.000000,235
2015-02-25T10:45:00+05:30,1992.000000,1992.950000,1980.000000,1980.000000,167
2015-02-25T11:00:00+05:30,1980.000000,1983.000000,1980.000000,1982.950000,182
2015-02-25T11:15:00+05:30,1982.950000,1983.000000,1980.900000,1983.000000,48
2015-02-25T11:30:00+05:30,1983.000000,1983.000000,1983.000000,1983.000000,1
2015-02-25T11:45:00+05:30,1983.000000,1989.200000,1983.000000,1989.200000,98
2015-02-25T12:00:00+05:30,1989.200000,1992.000000,1986.000000,1989.050000,155
2015-02-25T12:15:00+05:30,1989.050000,1992.000000,1983.200000,1992.000000,80
2015-02-25T12:30:00+05:30,1991.950000,1992.950000,1981.000000,1981.000000,51
2015-02-25T12:45:00+05:30,1981.000000,2015.000000,1981.000000,2003.950000,1300
2015-02-25T13:00:00+05:30,2003.950000,2010.950000,2000.000000,2010.000000,427
2015-02-25T13:15:00+05:30,2010.000000,2049.000000,2010.000000,2041.650000,3801
2015-02-25T13:30:00+05:30,2041.650000,2041.650000,2029.000000,2036.000000,733
2015-02-25T13:45:00+05:30,2036.000000,2036.100000,2025.000000,2025.050000,234
2015-02-25T14:00:00+05:30,2025.050000,2028.550000,2012.050000,2022.000000,938
2015-02-25T14:15:00+05:30,2022.000000,2023.450000,2010.000000,2017.000000,414
2015-02-25T14:30:00+05:30,2017.000000,2023.250000,2014.050000,2020.000000,291
2015-02-25T14:45:00+05:30,2020.000000,2029.850000,2014.000000,2022.000000,1067
2015-02-25T15:00:00+05:30,2022.000000,2028.850000,2015.000000,2022.450000,520
2015-02-25T15:15:00+05:30,2022.450000,2025.000000,2003.450000,2010.500000,1074
2015-02-26T09:15:00+05:30,2011.050000,2037.000000,1997.250000,2032.000000,1561
2015-02-26T09:30:00+05:30,2032.000000,2034.450000,2027.000000,2027.000000,369
2015-02-26T09:45:00+05:30,2027.000000,2028.850000,2015.300000,2022.600000,405
2015-02-26T10:00:00+05:30,2022.600000,2022.600000,2015.950000,2016.000000,135
2015-02-26T10:15:00+05:30,2016.000000,2023.950000,2016.000000,2020.000000,248
2015-02-26T10:30:00+05:30,2020.000000,2024.000000,2018.000000,2018.100000,288
2015-02-26T10:45:00+05:30,2018.100000,2023.950000,2018.100000,2020.950000,48
2015-02-26T11:00:00+05:30,2020.950000,2020.950000,2016.200000,2018.750000,53
2015-02-26T11:15:00+05:30,2018.750000,2019.000000,2016.000000,2019.000000,503
2015-02-26T11:30:00+05:30,2019.000000,2019.000000,2010.000000,2010.000000,417
2015-02-26T11:45:00+05:30,2010.000000,2011.950000,2009.900000,2011.750000,118
2015-02-26T12:00:00+05:30,2011.750000,2011.750000,2001.300000,2008.000000,117
2015-02-26T12:15:00+05:30,2008.000000,2021.700000,2008.000000,2021.000000,543
2015-02-26T12:30:00+05:30,2021.000000,2021.000000,2012.450000,2019.100000,23
2015-02-26T12:45:00+05:30,2019.100000,2019.100000,2014.300000,2014.300000,30
2015-02-26T13:00:00+05:30,2014.300000,2014.950000,2007.750000,2011.800000,207
2015-02-26T13:15:00+05:30,2011.800000,2011.800000,2008.000000,2009.950000,141
2015-02-26T13:30:00+05:30,2009.950000,2011.750000,1998.850000,2000.000000,291
2015-02-26T13:45:00+05:30,2000.000000,2000.000000,1998.400000,2000.000000,210
2015-02-26T14:00:00+05:30,2000.000000,2009.000000,1998.650000,2000.200000,422
2015-02-26T14:15:00+05:30,2000.200000,2005.000000,1998.450000,2001.950000,150
2015-02-26T14:30:00+05:30,2001.950000,2002.750000,1998.400000,2002.350000,93
2015-02-26T14:45:00+05:30,2002.350000,2002.350000,1995.000000,1999.000000,309
2015-02-26T15:00:00+05:30,1999.000000,2000.000000,1993.000000,1997.000000,398
2015-02-26T15:15:00+05:30,1997.000000,1999.550000,1980.000000,1993.000000,1582
2015-02-27T09:15:00+05:30,1993.000000,2008.100000,1991.250000,2007.600000,733
2015-02-27T09:30:00+05:30,2007.600000,2009.000000,1995.000000,2000.200000,452
2015-02-27T09:45:00+05:30,1999.950000,2000.000000,1996.600000,1998.950000,220
2015-02-27T10:00:00+05:30,1998.950000,1998.950000,1995.000000,1996.150000,53
2015-02-27T10:15:00+05:30,1996.150000,2001.500000,1994.650000,2000.250000,1571
2015-02-27T10:30:00+05:30,2000.000000,2001.950000,1993.250000,1999.950000,451
2015-02-27T10:45:00+05:30,1999.950000,2008.000000,1991.250000,2000.700000,1308
2015-02-27T11:00:00+05:30,2000.700000,2001.050000,1998.350000,1999.200000,266
2015-02-27T11:15:00+05:30,1999.200000,2001.500000,1998.000000,1998.000000,95
2015-02-27T11:30:00+05:30,1998.000000,2001.000000,1998.000000,1998.000000,87
2015-02-27T11:45:00+05:30,1998.000000,2001.000000,1998.000000,2001.000000,7
2015-02-27T12:00:00+05:30,2001.000000,2001.000000,1998.000000,1998.000000,63
2015-02-27T12:15:00+05:30,1998.000000,1999.450000,1990.000000,1999.450000,356
2015-02-27T12:30:00+05:30,2000.150000,2000.150000,1995.000000,1998.000000,165
2015-02-27T12:45:00+05:30,1998.000000,1998.000000,1989.950000,1995.000000,1300
2015-02-27T13:00:00+05:30,1995.000000,2000.000000,1985.000000,1985.150000,601
2015-02-27T13:15:00+05:30,1988.000000,1994.950000,1984.000000,1985.050000,656
2015-02-27T13:30:00+05:30,1985.150000,1999.000000,1980.250000,1995.000000,1356
2015-02-27T13:45:00+05:30,1990.000000,1993.900000,1981.000000,1981.000000,637
2015-02-27T14:00:00+05:30,1980.400000,1985.000000,1975.000000,1981.300000,566
2015-02-27T14:15:00+05:30,1981.300000,1984.900000,1960.500000,1965.950000,1953
2015-02-27T14:30:00+05:30,1960.500000,1966.950000,1955.000000,1966.250000,1087
2015-02-27T14:45:00+05:30,1967.000000,1989.000000,1967.000000,1983.300000,1013
2015-02-27T15:00:00+05:30,1989.900000,2029.750000,1989.900000,2028.000000,5724
2015-02-27T15:15:00+05:30,2027.150000,2039.000000,2020.000000,2029.000000,4714
2015-02-28T09:15:00+05:30,2020.100000,2024.800000,1991.000000,2012.150000,1034
2015-02-28T09:30:00+05:30,2012.250000,2022.000000,2012.250000,2021.200000,217
2015-02-28T09:45:00+05:30,2018.050000,2018.950000,2015.000000,2018.950000,135
2015-02-28T10:00:00+05:30,2018.950000,2018.950000,2005.550000,2005.700000,291
2015-02-28T10:15:00+05:30,2002.350000,2008.600000,2001.150000,2004.050000,273
2015-02-28T10:30:00+05:30,2004.050000,2008.800000,2001.100000,2001.100000,211
2015-02-28T10:45:00+05:30,2001.100000,2007.450000,2001.100000,2006.800000,102
2015-02-28T11:00:00+05:30,2006.800000,2008.800000,2002.800000,2007.550000,56
2015-02-28T11:15:00+05:30,2007.550000,2008.850000,2003.650000,2003.850000,28
2015-02-28T11:30:00+05:30,2003.850000,2008.600000,2003.000000,2003.000000,334
2015-02-28T11:45:00+05:30,2003.000000,2004.450000,1996.250000,1996.250000,241
2015-02-28T12:00:00+05:30,1996.250000,2000.000000,1995.000000,1995.000000,290
2015-02-28T12:15:00+05:30,1995.000000,2005.000000,1995.000000,1996.050000,47
2015-02-28T12:30:00+05:30,1996.050000,1999.150000,1995.000000,1995.000000,137
2015-02-28T12:45:00+05:30,1999.950000,1999.950000,1995.050000,1998.000000,71
2015-02-28T13:00:00+05:30,1998.000000,2008.800000,1998.000000,2002.300000,159
2015-02-28T13:15:00+05:30,2002.300000,2002.300000,1995.000000,1995.000000,37
2015-02-28T13:30:00+05:30,1996.500000,2000.000000,1995.050000,1995.050000,170
2015-02-28T13:45:00+05:30,1995.050000,2002.000000,1991.000000,2002.000000,562
2015-02-28T14:00:00+05:30,2002.000000,2009.800000,1988.050000,2005.500000,283
2015-02-28T14:15:00+05:30,2005.500000,2005.500000,1995.050000,2005.000000,39
2015-02-28T14:30:00+05:30,2005.500000,2005.500000,1995.100000,1998.950000,209
2015-02-28T14:45:00+05:30,1998.950000,2009.800000,1998.950000,2009.800000,5290
2015-02-28T15:00:00+05:30,2009.800000,2009.800000,1995.000000,1996.450000,369
2015-02-28T15:15:00+05:30,1994.950000,1999.900000,1984.000000,1999.900000,757
2015-03-02T09:15:00+05:30,1990.000000,2009.700000,1987.000000,2001.150000,596
2015-03-02T09:30:00+05:30,2007.950000,2007.950000,2002.150000,2002.500000,59
2015-03-02T09:45:00+05:30,2002.500000,2005.950000,2000.000000,2004.450000,105
2015-03-02T10:00:00+05:30,2004.450000,2006.000000,2000.000000,2000.000000,364
2015-03-02T10:15:00+05:30,2000.000000,2005.950000,2000.000000,2004.100000,42
2015-03-02T10:30:00+05:30,2004.100000,2015.000000,2004.100000,2007.950000,600
2015-03-02T10:45:00+05:30,2007.950000,2009.500000,2004.500000,2005.050000,40
2015-03-02T11:00:00+05:30,2005.000000,2007.900000,2000.000000,2005.050000,112
2015-03-02T11:15:00+05:30,2005.050000,2010.000000,1988.000000,1988.800000,1199
2015-03-02T11:30:00+05:30,1988.800000,1997.100000,1988.000000,1995.000000,98
2015-03-02T11:45:00+05:30,1995.000000,2001.000000,1990.000000,1992.850000,120
2015-03-02T12:00:00+05:30,1992.850000,2001.000000,1992.850000,1999.000000,416
2015-03-02T12:15:00+05:30,1999.000000,1999.000000,1990.100000,1996.000000,117
2015-03-02T12:30:00+05:30,1996.000000,1996.000000,1990.100000,1995.800000,126
2015-03-02T12:45:00+05:30,1995.800000,1997.000000,1990.000000,1990.050000,302
2015-03-02T13:00:00+05:30,1993.950000,1997.800000,1992.900000,1997.800000,87
2015-03-02T13:15:00+05:30,1997.800000,1997.850000,1995.050000,1997.850000,40
2015-03-02T13:30:00+05:30,1997.850000,1997.850000,1997.750000,1997.750000,61
2015-03-02T13:45:00+05:30,1997.750000,1997.750000,1995.000000,1997.500000,13
2015-03-02T14:00:00+05:30,1997.500000,2000.000000,1996.000000,1999.100000,571
2015-03-02T14:15:00+05:30,1999.100000,2014.400000,1999.050000,2009.200000,227
2015-03-02T14:30:00+05:30,2009.200000,2009.200000,2000.000000,2001.000000,299
2015-03-02T14:45:00+05:30,2001.000000,2002.000000,1969.800000,1981.550000,1181
2015-03-02T15:00:00+05:30,1982.000000,1994.000000,1982.000000,1985.100000,844
2015-03-02T15:15:00+05:30,1987.950000,1997.000000,1985.000000,1986.000000,941
2015-03-03T09:15:00+05:30,1996.900000,2000.000000,1974.200000,1997.500000,689
2015-03-03T09:30:00+05:30,1997.500000,2000.000000,1972.000000,2000.000000,842
2015-03-03T09:45:00+05:30,1998.550000,1998.950000,1990.000000,1997.000000,307
2015-03-03T10:00:00+05:30,1997.000000,1999.900000,1990.000000,1990.000000,155
2015-03-03T10:15:00+05:30,1990.000000,1997.950000,1990.000000,1993.600000,170
2015-03-03T10:30:00+05:30,1993.600000,1999.900000,1993.550000,1999.450000,224
2015-03-03T10:45:00+05:30,1999.450000,2006.000000,1998.000000,2003.400000,200
2015-03-03T11:00:00+05:30,2004.000000,2004.250000,2000.100000,2003.300000,115
2015-03-03T11:15:00+05:30,2003.300000,2005.850000,2000.000000,2002.000000,154
2015-03-03T11:30:00+05:30,2002.000000,2002.000000,2000.000000,2000.950000,129
2015-03-03T11:45:00+05:30,2000.950000,2008.700000,2000.000000,2006.850000,303
2015-03-03T12:00:00+05:30,2006.850000,2020.950000,2006.850000,2015.000000,1528
2015-03-03T12:15:00+05:30,2010.900000,2016.750000,2007.000000,2007.000000,112
2015-03-03T12:30:00+05:30,2007.000000,2010.000000,2007.000000,2007.250000,10
2015-03-03T12:45:00+05:30,2007.250000,2009.950000,2006.900000,2006.950000,75
2015-03-03T13:00:00+05:30,2009.950000,2013.150000,2006.950000,2010.200000,212
2015-03-03T13:15:00+05:30,2010.200000,2013.950000,2005.000000,2008.750000,225
2015-03-03T13:30:00+05:30,2008.000000,2011.000000,2005.000000,2006.500000,64
2015-03-03T13:45:00+05:30,2006.500000,2008.000000,2005.000000,2005.000000,129
2015-03-03T14:00:00+05:30,2005.000000,2008.000000,2005.000000,2008.000000,285
2015-03-03T14:15:00+05:30,2008.000000,2009.950000,2006.150000,2008.950000,59
2015-03-03T14:30:00+05:30,2008.950000,2014.900000,2007.000000,2013.450000,521
2015-03-03T14:45:00+05:30,2013.450000,2014.900000,2004.950000,2014.800000,910
2015-03-03T15:00:00+05:30,2014.800000,2016.000000,2008.000000,2012.900000,789
2015-03-03T15:15:00+05:30,2012.850000,2016.850000,2006.800000,2008.000000,812
2015-03-04T09:15:00+05:30,2020.000000,2028.000000,2010.100000,2013.900000,657
2015-03-04T09:30:00+05:30,2015.000000,2018.100000,2010.100000,2010.100000,256
2015-03-04T09:45:00+05:30,2010.100000,2030.050000,2007.000000,2030.050000,1033
2015-03-04T10:00:00+05:30,2030.050000,2035.000000,2024.350000,2030.000000,863
2015-03-04T10:15:00+05:30,2035.950000,2035.950000,2023.200000,2024.000000,450
2015-03-04T10:30:00+05:30,2023.800000,2025.000000,2016.000000,2022.000000,328
2015-03-04T10:45:00+05:30,2022.000000,2022.000000,2008.000000,2013.150000,197
2015-03-04T11:00:00+05:30,2013.150000,2022.000000,2013.150000,2020.950000,175
2015-03-04T11:15:00+05:30,2020.950000,2030.000000,2016.050000,2025.000000,907
2015-03-04T11:30:00+05:30,2025.000000,2025.000000,2023.000000,2023.600000,97
2015-03-04T11:45:00+05:30,2023.600000,2023.950000,2017.100000,2018.000000,109
2015-03-04T12:00:00+05:30,2018.500000,2026.450000,2017.000000,2022.150000,129
2015-03-04T12:15:00+05:30,2022.000000,2027.000000,2019.950000,2019.950000,838
2015-03-04T12:30:00+05:30,2019.950000,2027.000000,2019.000000,2027.000000,430
2015-03-04T12:45:00+05:30,2027.000000,2030.000000,2021.450000,2025.500000,260
2015-03-04T13:00:00+05:30,2025.500000,2029.000000,2025.500000,2029.000000,56
2015-03-04T13:15:00+05:30,2029.000000,2036.600000,2029.000000,2035.000000,348
2015-03-04T13:30:00+05:30,2038.500000,2085.000000,2038.500000,2063.850000,11612
2015-03-04T13:45:00+05:30,2064.000000,2068.950000,2055.200000,2055.500000,1042
2015-03-04T14:00:00+05:30,2055.500000,2057.000000,2044.000000,2044.000000,1316
2015-03-04T14:15:00+05:30,2040.050000,2057.000000,2040.000000,2048.400000,675
2015-03-04T14:30:00+05:30,2048.650000,2054.950000,2023.350000,2024.000000,1159
2015-03-04T14:45:00+05:30,2020.000000,2028.900000,2015.000000,2017.000000,1440
2015-03-04T15:00:00+05:30,2020.000000,2036.000000,2020.000000,2030.000000,1549
2015-03-04T15:15:00+05:30,2027.000000,2048.000000,2016.850000,2046.700000,2142
2015-03-05T09:15:00+05:30,2038.000000,2080.500000,2025.000000,2038.000000,1172
2015-03-05T09:30:00+05:30,2038.000000,2048.000000,2034.100000,2040.000000,245
2015-03-05T09:45:00+05:30,2040.000000,2050.000000,2035.200000,2043.350000,774
2015-03-05T10:00:00+05:30,2044.000000,2050.000000,2038.050000,2038.600000,538
2015-03-05T10:15:00+05:30,2038.600000,2053.950000,2038.450000,2045.050000,16012
2015-03-05T10:30:00+05:30,2045.050000,2053.950000,2041.100000,2050.150000,341
2015-03-05T10:45:00+05:30,2050.150000,2052.250000,2042.200000,2043.500000,196
2015-03-05T11:00:00+05:30,2043.500000,2048.500000,2042.500000,2048.500000,122
2015-03-05T11:15:00+05:30,2046.050000,2058.000000,2046.050000,2058.000000,3356
2015-03-05T11:30:00+05:30,2060.000000,2062.950000,2055.000000,2055.000000,882
2015-03-05T11:45:00+05:30,2055.000000,2055.000000,2048.450000,2051.000000,579
2015-03-05T12:00:00+05:30,2051.000000,2054.950000,2051.000000,2052.000000,227
2015-03-05T12:15:00+05:30,2052.000000,2052.000000,2045.000000,2047.550000,98
2015-03-05T12:30:00+05:30,2047.550000,2047.550000,2045.000000,2045.050000,20140
2015-03-05T12:45:00+05:30,2045.000000,2051.000000,2045.000000,2051.000000,264
2015-03-05T13:00:00+05:30,2051.000000,2051.000000,2045.000000,2045.400000,174
2015-03-05T13:15:00+05:30,2045.000000,2045.000000,2035.000000,2045.000000,679
2015-03-05T13:30:00+05:30,2045.000000,2045.000000,2038.050000,2041.000000,141
2015-03-05T13:45:00+05:30,2041.000000,2041.000000,2038.100000,2040.050000,631
2015-03-05T14:00:00+05:30,2040.050000,2043.450000,2038.000000,2043.450000,105
2015-03-05T14:15:00+05:30,2043.450000,2043.500000,2036.000000,2037.050000,415
2015-03-05T14:30:00+05:30,2037.050000,2045.000000,2030.700000,2035.000000,610
2015-03-05T14:45:00+05:30,2037.050000,2060.900000,2037.050000,2049.050000,1096
2015-03-05T15:00:00+05:30,2054.800000,2065.650000,2049.050000,2060.000000,1251
2015-03-05T15:15:00+05:30,2063.300000,2095.000000,2060.000000,2075.000000,10384
2015-03-09T09:15:00+05:30,2080.050000,2096.800000,2067.850000,2085.050000,1945
2015-03-09T09:30:00+05:30,2085.000000,2085.050000,2047.000000,2053.000000,2071
2015-03-09T09:45:00+05:30,2049.650000,2062.000000,2030.000000,2061.000000,1689
2015-03-09T10:00:00+05:30,2064.000000,2068.900000,2055.000000,2055.000000,975
2015-03-09T10:15:00+05:30,2054.950000,2060.050000,2045.100000,2060.050000,746
2015-03-09T10:30:00+05:30,2060.050000,2080.000000,2060.000000,2077.050000,1748
2015-03-09T10:45:00+05:30,2077.000000,2146.000000,2077.000000,2132.500000,9805
2015-03-09T11:00:00+05:30,2132.500000,2149.900000,2132.500000,2144.000000,7113
2015-03-09T11:15:00+05:30,2144.000000,2145.150000,2125.000000,2126.300000,3309
2015-03-09T11:30:00+05:30,2127.000000,2134.900000,2119.000000,2131.000000,963
2015-03-09T11:45:00+05:30,2130.000000,2133.000000,2118.350000,2122.000000,2151
2015-03-09T12:00:00+05:30,2121.050000,2128.000000,2115.000000,2115.250000,1140
2015-03-09T12:15:00+05:30,2115.250000,2118.950000,2115.000000,2116.000000,706
2015-03-09T12:30:00+05:30,2115.050000,2119.900000,2115.000000,2115.050000,738
2015-03-09T12:45:00+05:30,2115.000000,2117.950000,2100.100000,2103.100000,1137
2015-03-09T13:00:00+05:30,2100.350000,2113.050000,2100.100000,2109.000000,994
2015-03-09T13:15:00+05:30,2109.000000,2113.000000,2100.100000,2105.000000,822
2015-03-09T13:30:00+05:30,2100.100000,2105.900000,2088.500000,2101.000000,615
2015-03-09T13:45:00+05:30,2100.250000,2103.900000,2097.000000,2100.000000,1271
2015-03-09T14:00:00+05:30,2100.000000,2105.000000,2097.000000,2100.000000,1592
2015-03-09T14:15:00+05:30,2100.000000,2104.900000,2098.000000,2103.000000,1673
2015-03-09T14:30:00+05:30,2103.000000,2122.850000,2096.000000,2122.850000,1476
2015-03-09T14:45:00+05:30,2122.850000,2159.900000,2115.050000,2157.000000,6034
2015-03-09T15:00:00+05:30,2157.000000,2158.000000,2138.300000,2144.700000,2616
2015-03-09T15:15:00+05:30,2144.700000,2147.050000,2125.050000,2136.000000,3353
2015-03-10T09:15:00+05:30,2150.000000,2170.000000,2145.700000,2165.000000,2445
2015-03-10T09:30:00+05:30,2170.000000,2185.000000,2165.150000,2165.150000,3742
2015-03-10T09:45:00+05:30,2165.150000,2175.000000,2165.000000,2174.000000,1169
2015-03-10T10:00:00+05:30,2170.350000,2180.000000,2165.000000,2166.250000,761
2015-03-10T10:15:00+05:30,2166.250000,2173.750000,2166.250000,2173.750000,423
2015-03-10T10:30:00+05:30,2174.000000,2175.000000,2165.000000,2170.050000,849
2015-03-10T10:45:00+05:30,2170.050000,2180.300000,2170.000000,2179.700000,1485
2015-03-10T11:00:00+05:30,2179.700000,2184.850000,2176.950000,2184.850000,951
2015-03-10T11:15:00+05:30,2181.050000,2195.500000,2181.000000,2195.000000,2884
2015-03-10T11:30:00+05:30,2195.050000,2199.900000,2191.000000,2194.800000,2932
2015-03-10T11:45:00+05:30,2192.300000,2194.000000,2180.000000,2185.000000,926
2015-03-10T12:00:00+05:30,2188.900000,2197.900000,2174.050000,2186.600000,2143
2015-03-10T12:15:00+05:30,2186.600000,2194.900000,2180.000000,2194.000000,860
2015-03-10T12:30:00+05:30,2194.000000,2194.000000,2181.000000,2181.350000,301
2015-03-10T12:45:00+05:30,2181.350000,2186.000000,2181.350000,2186.000000,346
2015-03-10T13:00:00+05:30,2186.050000,2188.750000,2172.000000,2172.050000,966
2015-03-10T13:15:00+05:30,2172.050000,2178.000000,2167.000000,2177.950000,664
2015-03-10T13:30:00+05:30,2177.950000,2177.950000,2173.000000,2173.000000,231
2015-03-10T13:45:00+05:30,2167.000000,2169.150000,2158.950000,2160.150000,653
2015-03-10T14:00:00+05:30,2160.150000,2167.450000,2145.950000,2149.100000,1668
2015-03-10T14:15:00+05:30,2149.950000,2155.950000,2145.950000,2148.050000,654
2015-03-10T14:30:00+05:30,2148.050000,2168.950000,2146.100000,2162.100000,990
2015-03-10T14:45:00+05:30,2162.100000,2168.850000,2150.000000,2164.150000,810
2015-03-10T15:00:00+05:30,2164.000000,2175.000000,2155.000000,2163.050000,715
2015-03-10T15:15:00+05:30,2163.050000,2175.000000,2160.950000,2167.100000,1595
2015-03-11T09:15:00+05:30,2174.950000,2183.200000,2140.050000,2177.850000,2418
2015-03-11T09:30:00+05:30,2177.750000,2186.750000,2170.850000,2174.950000,863
2015-03-11T09:45:00+05:30,2174.950000,2175.000000,2155.000000,2156.000000,668
2015-03-11T10:00:00+05:30,2156.000000,2163.900000,2150.500000,2157.000000,380
2015-03-11T10:15:00+05:30,2157.050000,2166.000000,2155.000000,2155.000000,260
2015-03-11T10:30:00+05:30,2155.000000,2165.000000,2150.000000,2150.100000,436
2015-03-11T10:45:00+05:30,2150.100000,2156.000000,2150.000000,2150.000000,164
2015-03-11T11:00:00+05:30,2155.950000,2160.350000,2150.000000,2150.050000,296
2015-03-11T11:15:00+05:30,2150.000000,2165.000000,2148.000000,2163.050000,415
2015-03-11T11:30:00+05:30,2163.050000,2163.050000,2153.000000,2154.000000,242
2015-03-11T11:45:00+05:30,2154.000000,2159.300000,2154.000000,2155.000000,113
2015-03-11T12:00:00+05:30,2155.000000,2155.000000,2151.000000,2151.000000,84
2015-03-11T12:15:00+05:30,2151.000000,2165.000000,2151.000000,2160.050000,533
2015-03-11T12:30:00+05:30,2157.600000,2164.950000,2154.850000,2159.900000,89
2015-03-11T12:45:00+05:30,2159.950000,2160.400000,2154.500000,2154.900000,194
2015-03-11T13:00:00+05:30,2154.900000,2159.000000,2154.900000,2155.050000,15
2015-03-11T13:15:00+05:30,2158.800000,2160.000000,2155.000000,2156.050000,216
2015-03-11T13:30:00+05:30,2154.950000,2155.550000,2154.900000,2155.000000,122
2015-03-11T13:45:00+05:30,2155.000000,2155.000000,2154.500000,2154.500000,146
2015-03-11T14:00:00+05:30,2154.500000,2158.500000,2150.000000,2158.500000,208
2015-03-11T14:15:00+05:30,2158.500000,2160.000000,2152.700000,2155.800000,250
2015-03-11T14:30:00+05:30,2155.800000,2160.400000,2152.000000,2156.600000,428
2015-03-11T14:45:00+05:30,2156.600000,2158.650000,2145.000000,2145.000000,1292
2015-03-11T15:00:00+05:30,2159.450000,2159.450000,2140.000000,2140.050000,5100
2015-03-11T15:15:00+05:30,2140.000000,2160.000000,2135.000000,2140.000000,1399
2015-03-12T09:15:00+05:30,2152.050000,2180.000000,2150.000000,2158.150000,887
2015-03-12T09:30:00+05:30,2158.150000,2165.000000,2157.300000,2160.050000,294
2015-03-12T09:45:00+05:30,2160.050000,2164.900000,2156.450000,2156.450000,249
2015-03-12T10:00:00+05:30,2156.450000,2159.950000,2155.050000,2155.300000,45
2015-03-12T10:15:00+05:30,2155.300000,2159.000000,2152.000000,2159.000000,178
2015-03-12T10:30:00+05:30,2159.000000,2159.000000,2145.050000,2158.950000,493
2015-03-12T10:45:00+05:30,2158.950000,2159.000000,2150.050000,2159.000000,580
2015-03-12T11:00:00+05:30,2159.000000,2165.000000,2152.750000,2155.050000,466
2015-03-12T11:15:00+05:30,2155.050000,2159.250000,2154.000000,2154.000000,54
2015-03-12T11:30:00+05:30,2154.000000,2162.000000,2154.000000,2160.000000,225
2015-03-12T11:45:00+05:30,2160.000000,2160.000000,2155.750000,2155.750000,78
2015-03-12T12:00:00+05:30,2158.950000,2160.000000,2156.000000,2157.000000,145
2015-03-12T12:15:00+05:30,2157.000000,2157.450000,2154.150000,2155.000000,156
2015-03-12T12:30:00+05:30,2155.000000,2155.950000,2145.000000,2150.000000,406
2015-03-12T12:45:00+05:30,2151.650000,2158.950000,2150.050000,2151.750000,141
2015-03-12T13:00:00+05:30,2152.000000,2154.900000,2148.300000,2153.850000,315
2015-03-12T13:15:00+05:30,2153.850000,2160.000000,2153.850000,2154.950000,157
2015-03-12T13:30:00+05:30,2154.950000,2162.000000,2148.350000,2161.950000,613
2015-03-12T13:45:00+05:30,2161.950000,2171.000000,2161.950000,2170.000000,388
2015-03-12T14:00:00+05:30,2170.000000,2175.000000,2166.400000,2171.000000,487
2015-03-12T14:15:00+05:30,2171.000000,2171.000000,2162.800000,2168.000000,337
2015-03-12T14:30:00+05:30,2168.000000,2169.000000,2160.200000,2161.900000,454
2015-03-12T14:45:00+05:30,2161.900000,2166.950000,2161.550000,2166.450000,271
2015-03-12T15:00:00+05:30,2166.450000,2168.750000,2150.100000,2168.000000,691
2015-03-12T15:15:00+05:30,2168.000000,2168.950000,2154.000000,2159.400000,730
2015-03-13T09:15:00+05:30,2160.000000,2183.000000,2160.000000,2178.000000,1739
2015-03-13T09:30:00+05:30,2180.000000,2190.100000,2180.000000,2190.050000,3075
2015-03-13T09:45:00+05:30,2213.700000,2224.000000,2210.000000,2217.050000,14481
2015-03-13T10:00:00+05:30,2217.050000,2220.000000,2185.000000,2192.800000,4546
2015-03-13T10:15:00+05:30,2196.000000,2206.000000,2195.800000,2204.000000,956
2015-03-13T10:30:00+05:30,2205.000000,2219.000000,2200.000000,2205.700000,4988
2015-03-13T10:45:00+05:30,2205.700000,2213.000000,2204.000000,2207.500000,847
2015-03-13T11:00:00+05:30,2207.550000,2210.000000,2205.050000,2206.000000,775
2015-03-13T11:15:00+05:30,2205.000000,2205.000000,2190.000000,2193.300000,1188
2015-03-13T11:30:00+05:30,2193.300000,2193.300000,2175.000000,2180.850000,1348
2015-03-13T11:45:00+05:30,2179.900000,2183.750000,2174.000000,2175.000000,618
2015-03-13T12:00:00+05:30,2175.000000,2175.000000,2171.900000,2174.000000,912
2015-03-13T12:15:00+05:30,2174.000000,2179.950000,2166.000000,2178.700000,893
2015-03-13T12:30:00+05:30,2179.000000,2179.950000,2178.000000,2178.000000,347
2015-03-13T12:45:00+05:30,2178.000000,2179.800000,2177.250000,2179.750000,182
2015-03-13T13:00:00+05:30,2180.000000,2180.000000,2176.000000,2177.050000,577
2015-03-13T13:15:00+05:30,2178.000000,2179.950000,2172.000000,2175.100000,254
2015-03-13T13:30:00+05:30,2175.100000,2178.750000,2165.000000,2165.000000,759
2015-03-13T13:45:00+05:30,2165.000000,2169.000000,2162.450000,2168.750000,799
2015-03-13T14:00:00+05:30,2168.900000,2168.900000,2148.950000,2150.100000,3620
2015-03-13T14:15:00+05:30,2151.000000,2156.000000,2130.000000,2143.950000,2274
2015-03-13T14:30:00+05:30,2143.900000,2167.750000,2143.000000,2167.750000,1679
2015-03-13T14:45:00+05:30,2165.000000,2167.000000,2152.000000,2152.000000,1342
2015-03-13T15:00:00+05:30,2152.000000,2153.500000,2136.000000,2139.950000,1911
2015-03-13T15:15:00+05:30,2136.250000,2145.000000,2119.000000,2132.950000,7941
2015-03-16T09:30:00+05:30,2108.050000,2121.850000,2108.050000,2121.850000,391
2015-03-16T09:45:00+05:30,2112.500000,2114.900000,2105.000000,2106.950000,318
2015-03-16T10:00:00+05:30,2106.950000,2114.950000,2105.000000,2114.950000,269
2015-03-16T10:15:00+05:30,2114.950000,2119.950000,2114.950000,2118.950000,74
2015-03-16T10:30:00+05:30,2118.950000,2118.950000,2111.000000,2111.050000,60
2015-03-16T10:45:00+05:30,2111.050000,2115.950000,2101.000000,2103.200000,435
2015-03-16T11:00:00+05:30,2105.000000,2105.950000,2090.000000,2098.450000,615
2015-03-16T11:15:00+05:30,2095.050000,2099.000000,2090.550000,2093.500000,509
2015-03-16T11:30:00+05:30,2093.500000,2107.000000,2093.500000,2100.000000,256
2015-03-16T11:45:00+05:30,2094.950000,2098.750000,2093.750000,2098.750000,134
2015-03-16T12:00:00+05:30,2097.950000,2098.000000,2095.000000,2097.950000,59
2015-03-16T12:15:00+05:30,2097.950000,2110.000000,2095.100000,2110.000000,149
2015-03-16T12:30:00+05:30,2108.000000,2108.000000,2090.000000,2105.400000,309
2015-03-16T12:45:00+05:30,2106.500000,2106.500000,2105.000000,2106.200000,110
2015-03-16T13:00:00+05:30,2106.200000,2109.950000,2106.200000,2109.150000,70
2015-03-16T13:15:00+05:30,2109.150000,2109.750000,2103.000000,2103.000000,158
2015-03-16T13:30:00+05:30,2093.050000,2098.950000,2090.000000,2098.950000,304
2015-03-16T13:45:00+05:30,2098.950000,2098.950000,2095.450000,2096.550000,28
2015-03-16T14:00:00+05:30,2096.550000,2112.000000,2090.900000,2103.250000,172
2015-03-16T14:15:00+05:30,2103.250000,2103.250000,2086.350000,2095.550000,483
2015-03-16T14:30:00+05:30,2095.550000,2105.000000,2091.300000,2096.600000,326
2015-03-16T14:45:00+05:30,2096.550000,2104.300000,2090.000000,2100.050000,341
2015-03-16T15:00:00+05:30,2100.050000,2102.950000,2081.000000,2085.850000,787
2015-03-16T15:15:00+05:30,2081.300000,2092.450000,2066.600000,2089.000000,1844
2015-03-17T09:15:00+05:30,2093.000000,2132.550000,2093.000000,2126.100000,1159
2015-03-17T09:30:00+05:30,2125.000000,2142.250000,2123.000000,2140.000000,1985
2015-03-17T09:45:00+05:30,2140.000000,2143.950000,2128.000000,2139.900000,920
2015-03-17T10:00:00+05:30,2135.000000,2137.950000,2120.000000,2127.000000,1145
2015-03-17T10:15:00+05:30,2127.950000,2130.700000,2124.950000,2129.500000,353
2015-03-17T10:30:00+05:30,2129.500000,2130.000000,2117.000000,2124.550000,599
2015-03-17T10:45:00+05:30,2124.550000,2131.000000,2124.550000,2131.000000,1180
2015-03-17T11:00:00+05:30,2131.000000,2131.000000,2110.000000,2120.950000,7477
2015-03-17T11:15:00+05:30,2120.950000,2142.000000,2120.950000,2142.000000,894
2015-03-17T11:30:00+05:30,2140.050000,2140.050000,2120.000000,2120.150000,509
2015-03-17T11:45:00+05:30,2120.150000,2135.000000,2120.150000,2135.000000,795
2015-03-17T12:00:00+05:30,2135.000000,2135.000000,2115.100000,2124.200000,816
2015-03-17T12:15:00+05:30,2116.100000,2128.300000,2115.000000,2120.000000,330
2015-03-17T12:30:00+05:30,2120.000000,2125.000000,2120.000000,2120.000000,188
2015-03-17T12:45:00+05:30,2120.000000,2127.500000,2120.000000,2120.250000,188
2015-03-17T13:00:00+05:30,2120.250000,2127.000000,2119.950000,2124.200000,135
2015-03-17T13:15:00+05:30,2121.050000,2124.100000,2120.000000,2120.100000,143
2015-03-17T13:30:00+05:30,2120.100000,2124.900000,2112.000000,2112.000000,176
2015-03-17T13:45:00+05:30,2111.000000,2121.000000,2110.000000,2121.000000,166
2015-03-17T14:00:00+05:30,2121.000000,2124.900000,2120.000000,2120.000000,61
2015-03-17T14:15:00+05:30,2120.000000,2125.000000,2117.050000,2117.050000,170
2015-03-17T14:30:00+05:30,2119.900000,2123.950000,2117.050000,2123.750000,235
2015-03-17T14:45:00+05:30,2123.550000,2123.550000,2119.250000,2123.550000,321
2015-03-17T15:00:00+05:30,2123.550000,2125.950000,2119.000000,2122.950000,446
2015-03-17T15:15:00+05:30,2120.000000,2125.000000,2115.000000,2125.000000,1131
2015-03-18T09:15:00+05:30,2107.000000,2129.550000,2107.000000,2117.350000,132
2015-03-18T09:30:00+05:30,2114.200000,2129.000000,2114.000000,2123.000000,613
2015-03-18T09:45:00+05:30,2118.650000,2123.000000,2110.000000,2118.650000,198
2015-03-18T10:00:00+05:30,2122.950000,2133.350000,2122.950000,2127.400000,303
2015-03-18T10:15:00+05:30,2127.400000,2130.000000,2120.850000,2122.800000,159
2015-03-18T10:30:00+05:30,2130.000000,2130.000000,2121.050000,2123.050000,404
2015-03-18T10:45:00+05:30,2123.050000,2135.050000,2123.050000,2127.000000,384
2015-03-18T11:00:00+05:30,2127.000000,2178.250000,2127.000000,2176.000000,4995
2015-03-18T11:15:00+05:30,2176.000000,2198.000000,2174.000000,2185.000000,8674
2015-03-18T11:30:00+05:30,2185.000000,2187.050000,2178.000000,2180.000000,2155
2015-03-18T11:45:00+05:30,2180.000000,2185.000000,2174.050000,2181.000000,1405
2015-03-18T12:00:00+05:30,2180.500000,2180.500000,2174.000000,2175.850000,816
2015-03-18T12:15:00+05:30,2175.000000,2185.000000,2175.000000,2177.000000,1098
2015-03-18T12:30:00+05:30,2177.000000,2178.000000,2175.000000,2175.000000,176
2015-03-18T12:45:00+05:30,2177.000000,2180.000000,2161.000000,2162.150000,1966
2015-03-18T13:00:00+05:30,2162.150000,2162.150000,2137.000000,2148.000000,2476
2015-03-18T13:15:00+05:30,2149.600000,2150.000000,2146.000000,2146.100000,1443
2015-03-18T13:30:00+05:30,2148.950000,2149.900000,2145.000000,2149.350000,414
2015-03-18T13:45:00+05:30,2149.350000,2149.350000,2130.000000,2130.000000,1076
2015-03-18T14:00:00+05:30,2131.750000,2131.800000,2108.000000,2123.900000,2246
2015-03-18T14:15:00+05:30,2123.900000,2124.900000,2120.050000,2124.500000,406
2015-03-18T14:30:00+05:30,2124.900000,2124.950000,2111.100000,2120.000000,814
2015-03-18T14:45:00+05:30,2119.650000,2130.000000,2118.350000,2129.900000,409
2015-03-18T15:00:00+05:30,2129.000000,2129.400000,2120.000000,2120.950000,610
2015-03-18T15:15:00+05:30,2121.550000,2132.000000,2120.000000,2132.000000,2248
2015-03-19T09:15:00+05:30,2150.000000,2165.000000,2150.000000,2155.150000,1087
2015-03-19T09:30:00+05:30,2155.150000,2159.000000,2155.000000,2159.000000,334
2015-03-19T09:45:00+05:30,2159.000000,2159.000000,2138.050000,2150.000000,628
2015-03-19T10:00:00+05:30,2150.000000,2150.000000,2140.950000,2149.950000,320
2015-03-19T10:15:00+05:30,2149.950000,2150.600000,2134.950000,2149.400000,1651
2015-03-19T10:30:00+05:30,2149.400000,2158.000000,2149.400000,2157.000000,323
2015-03-19T10:45:00+05:30,2154.000000,2159.750000,2154.000000,2159.750000,1127
2015-03-19T11:00:00+05:30,2155.000000,2160.000000,2150.550000,2159.900000,506
2015-03-19T11:15:00+05:30,2159.900000,2159.900000,2155.550000,2159.500000,679
2015-03-19T11:30:00+05:30,2159.500000,2163.000000,2157.000000,2162.600000,1086
2015-03-19T11:45:00+05:30,2162.600000,2162.600000,2158.050000,2158.500000,53
2015-03-19T12:00:00+05:30,2158.500000,2175.550000,2155.650000,2159.000000,2031
2015-03-19T12:15:00+05:30,2159.000000,2162.000000,2158.000000,2160.000000,814
2015-03-19T12:30:00+05:30,2162.650000,2162.650000,2155.650000,2156.050000,461
2015-03-19T12:45:00+05:30,2156.050000,2161.450000,2155.050000,2155.050000,485
2015-03-19T13:00:00+05:30,2155.050000,2161.450000,2155.050000,2161.000000,167
2015-03-19T13:15:00+05:30,2161.000000,2161.250000,2156.000000,2156.000000,509
2015-03-19T13:30:00+05:30,2156.000000,2162.400000,2155.000000,2162.350000,413
2015-03-19T13:45:00+05:30,2159.850000,2164.000000,2159.800000,2163.300000,410
2015-03-19T14:00:00+05:30,2163.300000,2165.000000,2159.150000,2160.450000,229
2015-03-19T14:15:00+05:30,2160.450000,2164.000000,2155.100000,2164.000000,833
2015-03-19T14:30:00+05:30,2159.800000,2163.500000,2156.000000,2163.500000,1472
2015-03-19T14:45:00+05:30,2163.500000,2163.600000,2152.100000,2155.000000,1511
2015-03-19T15:00:00+05:30,2154.000000,2160.000000,2145.000000,2145.000000,1968
2015-03-19T15:15:00+05:30,2145.000000,2159.800000,2142.000000,2148.200000,1422
2015-03-20T09:15:00+05:30,2171.000000,2172.000000,2150.550000,2158.500000,812
2015-03-20T09:30:00+05:30,2158.500000,2166.850000,2158.500000,2164.000000,179
2015-03-20T09:45:00+05:30,2164.000000,2168.000000,2164.000000,2167.950000,700
2015-03-20T10:00:00+05:30,2168.000000,2174.450000,2161.000000,2166.950000,994
2015-03-20T10:15:00+05:30,2166.950000,2174.000000,2160.000000,2170.000000,506
2015-03-20T10:30:00+05:30,2170.000000,2173.850000,2164.050000,2165.000000,679
2015-03-20T10:45:00+05:30,2168.000000,2173.600000,2165.000000,2168.050000,1597
2015-03-20T11:00:00+05:30,2168.050000,2172.000000,2167.100000,2168.150000,540
2015-03-20T11:15:00+05:30,2168.150000,2171.900000,2167.050000,2167.050000,109
2015-03-20T11:30:00+05:30,2167.050000,2187.850000,2167.050000,2175.000000,2533
2015-03-20T11:45:00+05:30,2175.000000,2177.050000,2172.000000,2177.000000,418
2015-03-20T12:00:00+05:30,2177.000000,2180.000000,2170.000000,2180.000000,697
2015-03-20T12:15:00+05:30,2179.900000,2179.900000,2170.000000,2172.400000,3147
2015-03-20T12:30:00+05:30,2172.400000,2180.000000,2172.400000,2180.000000,573
2015-03-20T12:45:00+05:30,2180.050000,2181.800000,2172.000000,2175.850000,1161
2015-03-20T13:00:00+05:30,2174.000000,2179.750000,2174.000000,2175.800000,466
2015-03-20T13:15:00+05:30,2177.950000,2177.950000,2170.000000,2174.950000,779
2015-03-20T13:30:00+05:30,2176.950000,2179.750000,2173.000000,2176.900000,581
2015-03-20T13:45:00+05:30,2176.900000,2179.750000,2170.150000,2172.050000,590
2015-03-20T14:00:00+05:30,2172.050000,2174.950000,2168.100000,2168.100000,1157
2015-03-20T14:15:00+05:30,2169.200000,2174.850000,2168.500000,2172.950000,824
2015-03-20T14:30:00+05:30,2172.950000,2173.950000,2170.000000,2170.000000,457
2015-03-20T14:45:00+05:30,2171.200000,2174.700000,2164.000000,2170.000000,3244
2015-03-20T15:00:00+05:30,2173.900000,2175.900000,2161.100000,2173.000000,2974
2015-03-20T15:15:00+05:30,2170.000000,2179.000000,2165.200000,2174.050000,3399
2015-03-23T09:15:00+05:30,2155.000000,2190.000000,2155.000000,2185.100000,1159
2015-03-23T09:30:00+05:30,2185.100000,2187.950000,2178.200000,2178.200000,1134
2015-03-23T09:45:00+05:30,2171.000000,2172.000000,2166.050000,2166.050000,545
2015-03-23T10:00:00+05:30,2165.900000,2169.150000,2161.300000,2161.300000,347
2015-03-23T10:15:00+05:30,2165.000000,2170.000000,2162.000000,2162.000000,235
2015-03-23T10:30:00+05:30,2162.000000,2165.000000,2162.000000,2164.800000,184
2015-03-23T10:45:00+05:30,2164.800000,2178.950000,2164.150000,2175.000000,534
2015-03-23T11:00:00+05:30,2175.000000,2178.000000,2170.000000,2174.750000,564
2015-03-23T11:15:00+05:30,2170.050000,2173.950000,2168.000000,2168.150000,208
2015-03-23T11:30:00+05:30,2161.450000,2175.000000,2161.450000,2170.000000,394
2015-03-23T11:45:00+05:30,2170.000000,2172.450000,2167.000000,2172.450000,44
2015-03-23T12:00:00+05:30,2172.450000,2172.450000,2168.000000,2168.050000,39
2015-03-23T12:15:00+05:30,2168.050000,2173.000000,2168.050000,2169.050000,39
2015-03-23T12:30:00+05:30,2171.350000,2171.350000,2169.000000,2169.200000,1090
2015-03-23T12:45:00+05:30,2169.200000,2171.200000,2167.050000,2167.050000,581
2015-03-23T13:00:00+05:30,2167.050000,2172.000000,2161.000000,2161.000000,976
2015-03-23T13:15:00+05:30,2161.000000,2163.650000,2158.050000,2159.350000,13
2015-03-23T13:30:00+05:30,2163.650000,2163.650000,2154.900000,2154.900000,348
2015-03-23T13:45:00+05:30,2154.850000,2165.000000,2152.000000,2165.000000,339
2015-03-23T14:00:00+05:30,2165.000000,2165.000000,2150.050000,2154.950000,177
2015-03-23T14:15:00+05:30,2154.950000,2159.150000,2151.000000,2159.150000,1169
2015-03-23T14:30:00+05:30,2159.150000,2159.150000,2151.000000,2152.000000,378
2015-03-23T14:45:00+05:30,2152.000000,2155.850000,2146.000000,2149.450000,199
2015-03-23T15:00:00+05:30,2152.650000,2158.950000,2147.000000,2155.000000,1457
2015-03-23T15:15:00+05:30,2155.000000,2161.950000,2150.050000,2161.000000,2350
2015-03-24T09:15:00+05:30,2170.000000,2170.000000,2152.000000,2167.000000,83
2015-03-24T09:30:00+05:30,2163.750000,2167.000000,2162.050000,2164.050000,225
2015-03-24T09:45:00+05:30,2164.000000,2166.850000,2164.000000,2165.950000,212
2015-03-24T10:00:00+05:30,2165.950000,2166.750000,2165.000000,2166.000000,109
2015-03-24T10:15:00+05:30,2165.550000,2165.950000,2160.000000,2163.000000,454
2015-03-24T10:30:00+05:30,2163.000000,2170.000000,2160.050000,2164.950000,240
2015-03-24T10:45:00+05:30,2164.950000,2170.000000,2161.050000,2169.000000,243
2015-03-24T11:00:00+05:30,2170.000000,2175.000000,2160.500000,2174.700000,1188
2015-03-24T11:15:00+05:30,2174.800000,2174.800000,2166.500000,2171.950000,118
2015-03-24T11:30:00+05:30,2170.000000,2171.750000,2167.000000,2171.750000,152
2015-03-24T11:45:00+05:30,2171.750000,2172.000000,2168.150000,2171.000000,121
2015-03-24T12:00:00+05:30,2171.000000,2172.950000,2168.000000,2168.050000,229
2015-03-24T12:15:00+05:30,2168.050000,2170.300000,2168.050000,2170.000000,224
2015-03-24T12:30:00+05:30,2170.000000,2170.000000,2162.650000,2164.000000,180
2015-03-24T12:45:00+05:30,2164.000000,2185.000000,2162.000000,2183.000000,2280
2015-03-24T13:00:00+05:30,2187.000000,2187.000000,2172.300000,2177.350000,1636
2015-03-24T13:15:00+05:30,2177.350000,2177.350000,2153.000000,2156.000000,821
2015-03-24T13:30:00+05:30,2156.000000,2162.000000,2153.000000,2162.000000,414
2015-03-24T13:45:00+05:30,2162.000000,2167.850000,2159.000000,2167.700000,50234
2015-03-24T14:00:00+05:30,2167.650000,2167.650000,2153.150000,2164.950000,464
2015-03-24T14:15:00+05:30,2164.950000,2184.000000,2164.950000,2184.000000,1250
2015-03-24T14:30:00+05:30,2184.000000,2198.000000,2175.300000,2175.400000,3863
2015-03-24T14:45:00+05:30,2175.200000,2181.950000,2175.200000,2178.000000,199
2015-03-24T15:00:00+05:30,2176.000000,2190.000000,2167.000000,2172.500000,2223
2015-03-24T15:15:00+05:30,2183.950000,2183.950000,2001.100000,2155.000000,1818
2015-03-25T09:15:00+05:30,2150.000000,2175.000000,2150.000000,2166.000000,595
2015-03-25T09:30:00+05:30,2171.350000,2171.350000,2162.000000,2165.000000,853
2015-03-25T09:45:00+05:30,2165.000000,2165.000000,2160.000000,2160.550000,199
2015-03-25T10:00:00+05:30,2160.550000,2175.000000,2160.550000,2174.350000,240
2015-03-25T10:15:00+05:30,2174.350000,2175.000000,2161.000000,2167.000000,146
2015-03-25T10:30:00+05:30,2167.000000,2177.500000,2165.050000,2175.000000,460
2015-03-25T10:45:00+05:30,2175.000000,2177.000000,2175.000000,2175.000000,635
2015-03-25T11:00:00+05:30,2175.000000,2177.000000,2175.000000,2175.000000,300
2015-03-25T11:15:00+05:30,2175.000000,2177.000000,2175.000000,2176.000000,825
2015-03-25T11:30:00+05:30,2176.000000,2177.000000,2173.650000,2173.650000,257
2015-03-25T11:45:00+05:30,2173.650000,2178.000000,2173.650000,2175.000000,1344
2015-03-25T12:00:00+05:30,2178.000000,2178.000000,2174.000000,2175.000000,299
2015-03-25T12:15:00+05:30,2175.000000,2175.800000,2174.000000,2175.800000,161
2015-03-25T12:30:00+05:30,2176.950000,2185.000000,2175.000000,2175.000000,612
2015-03-25T12:45:00+05:30,2175.000000,2175.050000,2175.000000,2175.050000,156
2015-03-25T13:00:00+05:30,2175.050000,2182.000000,2175.000000,2175.000000,111
2015-03-25T13:15:00+05:30,2175.000000,2182.000000,2175.000000,2175.850000,220
2015-03-25T13:30:00+05:30,2175.800000,2175.800000,2162.600000,2169.950000,209
2015-03-25T13:45:00+05:30,2170.000000,2170.000000,2166.000000,2167.050000,113
2015-03-25T14:00:00+05:30,2167.050000,2175.050000,2167.050000,2175.000000,382
2015-03-25T14:15:00+05:30,2175.000000,2179.000000,2175.000000,2176.900000,433
2015-03-25T14:30:00+05:30,2175.000000,2179.000000,2175.000000,2179.000000,152
2015-03-25T14:45:00+05:30,2179.000000,2179.000000,2175.000000,2175.000000,726
2015-03-25T15:00:00+05:30,2175.000000,2177.000000,2175.000000,2175.000000,2391
2015-03-25T15:15:00+05:30,2177.000000,2184.950000,2171.300000,2180.000000,2416
2015-03-26T09:15:00+05:30,2180.000000,2180.000000,2160.000000,2165.900000,130
2015-03-26T09:30:00+05:30,2165.900000,2165.900000,2163.800000,2165.450000,8
2015-03-26T09:45:00+05:30,2165.450000,2165.450000,2160.050000,2160.050000,147
2015-03-26T10:00:00+05:30,2160.700000,2163.000000,2160.700000,2163.000000,107
2015-03-26T10:15:00+05:30,2163.000000,2163.000000,2161.300000,2163.000000,133
2015-03-26T10:30:00+05:30,2163.000000,2163.000000,2160.050000,2161.000000,147
2015-03-26T10:45:00+05:30,2170.000000,2170.000000,2161.050000,2161.050000,113
2015-03-26T11:00:00+05:30,2162.550000,2162.550000,2161.000000,2161.000000,85
2015-03-26T11:15:00+05:30,2161.000000,2161.000000,2160.000000,2160.000000,239
2015-03-26T11:30:00+05:30,2160.000000,2162.400000,2160.000000,2160.000000,14
2015-03-26T11:45:00+05:30,2160.000000,2165.000000,2160.000000,2164.100000,70
2015-03-26T12:00:00+05:30,2164.100000,2164.850000,2161.000000,2164.050000,32
2015-03-26T12:15:00+05:30,2164.050000,2164.050000,2161.000000,2161.000000,28
2015-03-26T12:30:00+05:30,2161.000000,2161.000000,2160.000000,2161.000000,16
2015-03-26T12:45:00+05:30,2161.000000,2161.000000,2160.000000,2161.000000,107
2015-03-26T13:00:00+05:30,2160.000000,2161.600000,2160.000000,2161.000000,307
2015-03-26T13:15:00+05:30,2161.000000,2161.600000,2161.000000,2161.600000,88
2015-03-26T13:30:00+05:30,2161.600000,2162.000000,2161.000000,2161.000000,172
2015-03-26T13:45:00+05:30,2161.000000,2162.000000,2158.300000,2160.650000,221
2015-03-26T14:00:00+05:30,2160.950000,2160.950000,2160.650000,2160.700000,55
2015-03-26T14:15:00+05:30,2160.700000,2166.000000,2160.700000,2165.850000,326
2015-03-26T14:30:00+05:30,2165.850000,2165.850000,2160.000000,2161.050000,1714
2015-03-26T14:45:00+05:30,2161.050000,2164.000000,2159.000000,2159.000000,774
2015-03-26T15:00:00+05:30,2159.000000,2159.000000,2135.050000,2148.250000,3454
2015-03-26T15:15:00+05:30,2148.250000,2155.500000,2145.000000,2147.200000,3082
2015-03-27T09:15:00+05:30,2175.000000,2175.000000,2162.950000,2168.100000,231
2015-03-27T09:30:00+05:30,2168.000000,2171.400000,2161.500000,2163.950000,396
2015-03-27T09:45:00+05:30,2163.950000,2170.000000,2158.250000,2162.000000,277
2015-03-27T10:00:00+05:30,2162.000000,2162.000000,2150.000000,2153.750000,347
2015-03-27T10:15:00+05:30,2155.000000,2160.000000,2149.100000,2149.100000,295
2015-03-27T10:30:00+05:30,2149.100000,2149.100000,2130.050000,2136.850000,152
2015-03-27T10:45:00+05:30,2136.850000,2150.000000,2131.200000,2145.200000,273
2015-03-27T11:00:00+05:30,2140.000000,2145.000000,2140.000000,2145.000000,262
2015-03-27T11:15:00+05:30,2145.000000,2145.000000,2131.100000,2131.100000,346
2015-03-27T11:30:00+05:30,2130.700000,2134.700000,2120.050000,2120.050000,512
2015-03-27T11:45:00+05:30,2125.850000,2130.000000,2112.000000,2124.100000,519
2015-03-27T12:00:00+05:30,2123.000000,2134.000000,2115.000000,2125.000000,632
2015-03-27T12:15:00+05:30,2125.000000,2131.400000,2120.000000,2131.400000,972
2015-03-27T12:30:00+05:30,2131.400000,2131.400000,2123.050000,2125.250000,799
2015-03-27T12:45:00+05:30,2125.250000,2131.850000,2125.050000,2126.800000,855
2015-03-27T13:00:00+05:30,2132.850000,2140.000000,2131.850000,2131.850000,243
2015-03-27T13:15:00+05:30,2130.050000,2137.250000,2130.050000,2137.250000,57
2015-03-27T13:30:00+05:30,2137.250000,2147.850000,2134.050000,2146.950000,153
2015-03-27T13:45:00+05:30,2146.950000,2146.950000,2132.350000,2135.100000,328
2015-03-27T14:00:00+05:30,2135.100000,2138.500000,2135.100000,2136.200000,10
2015-03-27T14:15:00+05:30,2136.200000,2139.000000,2135.500000,2135.650000,267
2015-03-27T14:30:00+05:30,2135.650000,2135.650000,2130.750000,2130.750000,97
2015-03-27T14:45:00+05:30,2130.750000,2150.000000,2126.300000,2150.000000,537
2015-03-27T15:00:00+05:30,2150.000000,2150.000000,2126.300000,2149.100000,1240
2015-03-27T15:15:00+05:30,2149.050000,2177.000000,2135.050000,2177.000000,1554
2015-03-30T09:15:00+05:30,2179.950000,2179.950000,2165.150000,2165.150000,95
2015-03-30T09:30:00+05:30,2165.000000,2218.000000,2165.000000,2210.000000,2408
2015-03-30T09:45:00+05:30,2210.000000,2210.000000,2190.000000,2190.000000,1433
2015-03-30T10:00:00+05:30,2190.000000,2198.850000,2186.000000,2194.950000,237
2015-03-30T10:15:00+05:30,2194.950000,2195.050000,2190.150000,2193.000000,249
2015-03-30T10:30:00+05:30,2193.000000,2198.000000,2176.000000,2193.000000,430
2015-03-30T10:45:00+05:30,2193.000000,2194.950000,2190.000000,2190.000000,144
2015-03-30T11:00:00+05:30,2189.950000,2189.950000,2179.150000,2179.150000,222
2015-03-30T11:15:00+05:30,2179.150000,2184.950000,2179.150000,2184.950000,35
2015-03-30T11:30:00+05:30,2181.000000,2190.100000,2175.850000,2183.550000,526
2015-03-30T11:45:00+05:30,2183.550000,2187.950000,2175.200000,2185.000000,116
2015-03-30T12:00:00+05:30,2185.000000,2192.000000,2185.000000,2185.050000,313
2015-03-30T12:15:00+05:30,2185.050000,2191.100000,2182.550000,2191.100000,434
2015-03-30T12:30:00+05:30,2192.000000,2192.900000,2192.000000,2192.050000,186
2015-03-30T12:45:00+05:30,2192.000000,2192.900000,2190.000000,2190.000000,99
2015-03-30T13:00:00+05:30,2190.000000,2194.650000,2186.000000,2193.000000,145
2015-03-30T13:15:00+05:30,2193.450000,2195.000000,2188.050000,2188.050000,161
2015-03-30T13:30:00+05:30,2188.050000,2193.000000,2187.050000,2191.650000,60
2015-03-30T13:45:00+05:30,2191.650000,2192.000000,2188.000000,2188.000000,116
2015-03-30T14:00:00+05:30,2188.000000,2197.000000,2187.050000,2197.000000,574
2015-03-30T14:15:00+05:30,2193.500000,2195.000000,2190.050000,2192.000000,1140
2015-03-30T14:30:00+05:30,2192.000000,2195.300000,2186.000000,2190.000000,429
2015-03-30T14:45:00+05:30,2190.000000,2210.000000,2190.000000,2210.000000,2355
2015-03-30T15:00:00+05:30,2206.000000,2214.000000,2203.550000,2206.000000,11296
2015-03-30T15:15:00+05:30,2206.000000,2214.000000,2200.000000,2213.000000,12796
2015-03-31T09:15:00+05:30,2225.000000,2251.000000,2207.000000,2225.150000,2025
2015-03-31T09:30:00+05:30,2225.150000,2237.950000,2225.150000,2236.950000,5587
2015-03-31T09:45:00+05:30,2240.000000,2248.100000,2227.000000,2237.250000,6443
2015-03-31T10:00:00+05:30,2238.950000,2242.450000,2231.000000,2232.000000,496
2015-03-31T10:15:00+05:30,2233.050000,2233.200000,2222.200000,2224.600000,565
2015-03-31T10:30:00+05:30,2225.000000,2231.600000,2223.150000,2226.150000,240
2015-03-31T10:45:00+05:30,2226.150000,2227.000000,2224.000000,2224.100000,342
2015-03-31T11:00:00+05:30,2224.100000,2225.000000,2224.100000,2224.100000,307
2015-03-31T11:15:00+05:30,2224.100000,2224.150000,2221.000000,2221.100000,182
2015-03-31T11:30:00+05:30,2221.100000,2230.000000,2221.000000,2230.000000,432
2015-03-31T11:45:00+05:30,2230.000000,2234.000000,2225.000000,2227.500000,267
2015-03-31T12:00:00+05:30,2227.000000,2234.450000,2227.000000,2230.050000,109
2015-03-31T12:15:00+05:30,2233.000000,2237.300000,2230.100000,2231.000000,273
2015-03-31T12:30:00+05:30,2231.000000,2242.100000,2230.000000,2235.300000,603
2015-03-31T12:45:00+05:30,2235.300000,2238.750000,2233.000000,2233.350000,301
2015-03-31T13:00:00+05:30,2233.000000,2236.000000,2233.000000,2236.000000,113
2015-03-31T13:15:00+05:30,2235.000000,2239.950000,2233.250000,2236.050000,568
2015-03-31T13:30:00+05:30,2236.050000,2247.000000,2236.050000,2246.000000,951
2015-03-31T13:45:00+05:30,2246.000000,2249.000000,2245.000000,2246.000000,654
2015-03-31T14:00:00+05:30,2246.050000,2246.050000,2240.000000,2240.050000,553
2015-03-31T14:15:00+05:30,2240.050000,2244.000000,2235.250000,2235.250000,1122
2015-03-31T14:30:00+05:30,2236.100000,2240.000000,2222.150000,2240.000000,1529
2015-03-31T14:45:00+05:30,2237.950000,2250.000000,2237.950000,2242.150000,2832
2015-03-31T15:00:00+05:30,2242.150000,2250.000000,2239.950000,2245.000000,12717
2015-03-31T15:15:00+05:30,2245.000000,2250.000000,2165.000000,2224.000000,14003
2015-04-01T09:15:00+05:30,2233.000000,2260.000000,2231.050000,2260.000000,2226
2015-04-01T09:30:00+05:30,2261.000000,2270.100000,2251.950000,2265.000000,3058
2015-04-01T09:45:00+05:30,2265.000000,2271.850000,2260.000000,2260.000000,740
2015-04-01T10:00:00+05:30,2260.000000,2275.000000,2260.000000,2270.000000,4060
2015-04-01T10:15:00+05:30,2270.000000,2275.000000,2261.650000,2270.150000,1270
2015-04-01T10:30:00+05:30,2270.150000,2270.350000,2261.000000,2263.400000,723
2015-04-01T10:45:00+05:30,2262.100000,2273.650000,2252.850000,2268.000000,1703
2015-04-01T11:00:00+05:30,2268.000000,2272.600000,2257.100000,2262.050000,1697
2015-04-01T11:15:00+05:30,2262.050000,2269.550000,2259.950000,2260.500000,507
2015-04-01T11:30:00+05:30,2260.500000,2262.050000,2252.000000,2255.000000,621
2015-04-01T11:45:00+05:30,2255.000000,2257.000000,2245.000000,2245.550000,508
2015-04-01T12:00:00+05:30,2245.550000,2251.100000,2244.000000,2248.300000,297
2015-04-01T12:15:00+05:30,2248.300000,2248.300000,2242.050000,2242.300000,327
2015-04-01T12:30:00+05:30,2242.300000,2242.450000,2226.000000,2233.950000,1135
2015-04-01T12:45:00+05:30,2233.950000,2245.400000,2233.950000,2244.400000,395
2015-04-01T13:00:00+05:30,2244.400000,2245.100000,2241.000000,2241.050000,247
2015-04-01T13:15:00+05:30,2242.100000,2250.000000,2239.000000,2244.600000,517
2015-04-01T13:30:00+05:30,2244.600000,2245.900000,2240.300000,2243.750000,283
2015-04-01T13:45:00+05:30,2243.750000,2251.150000,2234.500000,2248.300000,945
2015-04-01T14:00:00+05:30,2248.300000,2250.050000,2237.000000,2237.950000,331
2015-04-01T14:15:00+05:30,2237.350000,2238.850000,2230.600000,2233.000000,439
2015-04-01T14:30:00+05:30,2233.000000,2235.400000,2228.000000,2228.600000,419
2015-04-01T14:45:00+05:30,2228.600000,2228.600000,2216.000000,2216.000000,1131
2015-04-01T15:00:00+05:30,2218.000000,2237.850000,2213.000000,2216.550000,2112
2015-04-01T15:15:00+05:30,2215.000000,2224.750000,2202.000000,2205.250000,2481
2015-04-06T09:15:00+05:30,2216.500000,2245.000000,2216.500000,2225.950000,1130
2015-04-06T09:30:00+05:30,2226.000000,2232.650000,2223.000000,2231.950000,347
2015-04-06T09:45:00+05:30,2231.950000,2243.650000,2231.950000,2240.100000,1096
2015-04-06T10:00:00+05:30,2240.100000,2248.000000,2240.000000,2240.000000,1379
2015-04-06T10:15:00+05:30,2240.000000,2244.050000,2240.000000,2242.000000,463
2015-04-06T10:30:00+05:30,2242.050000,2243.600000,2240.000000,2243.150000,441
2015-04-06T10:45:00+05:30,2245.000000,2264.000000,2244.800000,2263.200000,3068
2015-04-06T11:00:00+05:30,2270.000000,2305.450000,2270.000000,2302.000000,9551
2015-04-06T11:15:00+05:30,2302.000000,2319.000000,2293.000000,2303.750000,4700
2015-04-06T11:30:00+05:30,2303.750000,2334.050000,2300.100000,2315.550000,9393
2015-04-06T11:45:00+05:30,2316.200000,2324.400000,2304.000000,2304.000000,1750
2015-04-06T12:00:00+05:30,2304.000000,2306.950000,2291.300000,2292.500000,2318
2015-04-06T12:15:00+05:30,2292.500000,2299.800000,2292.500000,2296.000000,130
2015-04-06T12:30:00+05:30,2298.900000,2302.000000,2295.000000,2295.000000,1765
2015-04-06T12:45:00+05:30,2295.000000,2297.650000,2280.050000,2280.050000,1524
2015-04-06T13:00:00+05:30,2280.050000,2296.000000,2280.050000,2295.000000,104
2015-04-06T13:15:00+05:30,2298.750000,2298.750000,2282.000000,2289.650000,496
2015-04-06T13:30:00+05:30,2289.650000,2294.950000,2285.100000,2294.950000,350
2015-04-06T13:45:00+05:30,2293.950000,2309.900000,2291.800000,2300.000000,2361
2015-04-06T14:00:00+05:30,2300.000000,2305.000000,2290.050000,2294.000000,1760
2015-04-06T14:15:00+05:30,2294.000000,2294.950000,2290.000000,2293.900000,305
2015-04-06T14:30:00+05:30,2294.000000,2300.000000,2290.050000,2300.000000,818
2015-04-06T14:45:00+05:30,2300.000000,2306.000000,2299.950000,2301.200000,1344
2015-04-06T15:00:00+05:30,2304.950000,2310.000000,2300.000000,2310.000000,2456
2015-04-06T15:15:00+05:30,2310.000000,2322.000000,2308.000000,2317.000000,4701
2015-04-07T09:15:00+05:30,2325.000000,2364.850000,2316.000000,2360.050000,7235
2015-04-07T09:30:00+05:30,2360.050000,2366.600000,2350.000000,2366.450000,4025
2015-04-07T09:45:00+05:30,2363.050000,2384.700000,2353.200000,2371.200000,4983
2015-04-07T10:00:00+05:30,2371.200000,2374.850000,2368.050000,2370.000000,1191
2015-04-07T10:15:00+05:30,2370.000000,2381.000000,2368.000000,2374.000000,2866
2015-04-07T10:30:00+05:30,2380.000000,2395.000000,2375.000000,2393.800000,5379
2015-04-07T10:45:00+05:30,2393.750000,2393.750000,2374.550000,2379.250000,1589
2015-04-07T11:00:00+05:30,2379.250000,2384.400000,2373.250000,2376.000000,522
2015-04-07T11:15:00+05:30,2376.000000,2384.900000,2376.000000,2382.050000,361
2015-04-07T11:30:00+05:30,2386.000000,2387.000000,2381.000000,2381.000000,776
2015-04-07T11:45:00+05:30,2383.950000,2384.000000,2375.000000,2384.000000,471
2015-04-07T12:00:00+05:30,2384.000000,2384.000000,2371.250000,2373.000000,997
2015-04-07T12:15:00+05:30,2373.000000,2373.000000,2360.000000,2365.000000,1167
2015-04-07T12:30:00+05:30,2370.000000,2376.750000,2364.800000,2372.000000,797
2015-04-07T12:45:00+05:30,2372.000000,2375.350000,2364.000000,2367.000000,497
2015-04-07T13:00:00+05:30,2367.000000,2367.000000,2364.050000,2366.050000,92
2015-04-07T13:15:00+05:30,2366.050000,2376.950000,2366.050000,2376.000000,351
2015-04-07T13:30:00+05:30,2376.000000,2382.350000,2375.000000,2382.350000,900
2015-04-07T13:45:00+05:30,2382.950000,2390.000000,2376.050000,2388.000000,1497
2015-04-07T14:00:00+05:30,2389.950000,2389.950000,2370.050000,2373.150000,889
2015-04-07T14:15:00+05:30,2373.150000,2379.950000,2373.150000,2376.000000,320
2015-04-07T14:30:00+05:30,2376.000000,2381.800000,2368.800000,2379.550000,403
2015-04-07T14:45:00+05:30,2379.550000,2379.700000,2373.750000,2375.000000,272
2015-04-07T15:00:00+05:30,2374.450000,2380.000000,2374.450000,2379.950000,1038
2015-04-07T15:15:00+05:30,2379.950000,2395.000000,2378.550000,2390.000000,2765
2015-04-08T09:15:00+05:30,2398.000000,2429.600000,2397.400000,2409.000000,4784
2015-04-08T09:30:00+05:30,2409.000000,2409.000000,2374.800000,2375.200000,2776
2015-04-08T09:45:00+05:30,2375.200000,2379.950000,2370.000000,2373.450000,783
2015-04-08T10:00:00+05:30,2373.450000,2378.350000,2370.000000,2377.000000,845
2015-04-08T10:15:00+05:30,2377.000000,2377.950000,2370.000000,2370.000000,378
2015-04-08T10:30:00+05:30,2373.950000,2380.000000,2366.250000,2375.650000,851
2015-04-08T10:45:00+05:30,2375.650000,2379.550000,2366.250000,2366.300000,422
2015-04-08T11:00:00+05:30,2366.300000,2368.050000,2356.100000,2360.050000,1063
2015-04-08T11:15:00+05:30,2360.050000,2379.300000,2357.050000,2373.000000,864
2015-04-08T11:30:00+05:30,2373.000000,2379.000000,2372.000000,2372.000000,419
2015-04-08T11:45:00+05:30,2372.000000,2385.000000,2372.000000,2377.550000,498
2015-04-08T12:00:00+05:30,2377.550000,2385.100000,2356.100000,2361.050000,1438
2015-04-08T12:15:00+05:30,2361.050000,2385.000000,2358.000000,2362.050000,817
2015-04-08T12:30:00+05:30,2362.050000,2372.000000,2351.000000,2371.150000,850
2015-04-08T12:45:00+05:30,2371.150000,2373.000000,2360.000000,2360.000000,482
2015-04-08T13:00:00+05:30,2360.000000,2367.950000,2360.000000,2361.650000,128
2015-04-08T13:15:00+05:30,2361.650000,2364.600000,2331.500000,2332.050000,1721
2015-04-08T13:30:00+05:30,2332.050000,2362.800000,2332.050000,2362.800000,724
2015-04-08T13:45:00+05:30,2362.800000,2364.400000,2355.000000,2355.050000,109
2015-04-08T14:00:00+05:30,2353.000000,2370.050000,2350.050000,2365.000000,618
2015-04-08T14:15:00+05:30,2365.000000,2370.000000,2362.050000,2364.950000,812
2015-04-08T14:30:00+05:30,2364.950000,2370.000000,2358.300000,2365.000000,1526
2015-04-08T14:45:00+05:30,2365.000000,2365.000000,2360.000000,2364.000000,906
2015-04-08T15:00:00+05:30,2364.000000,2365.000000,2345.100000,2355.000000,1062
2015-04-08T15:15:00+05:30,2355.000000,2384.700000,2340.000000,2378.000000,3673
2015-04-09T09:15:00+05:30,2379.950000,2384.700000,2364.500000,2380.000000,934
2015-04-09T09:30:00+05:30,2380.000000,2382.000000,2374.100000,2374.150000,660
2015-04-09T09:45:00+05:30,2374.150000,2379.000000,2340.150000,2350.000000,1549
2015-04-09T10:00:00+05:30,2350.000000,2354.800000,2343.600000,2347.000000,366
2015-04-09T10:15:00+05:30,2347.000000,2348.000000,2342.000000,2343.000000,384
2015-04-09T10:30:00+05:30,2343.000000,2350.000000,2341.000000,2341.000000,556
2015-04-09T10:45:00+05:30,2341.000000,2349.850000,2340.050000,2347.150000,167
2015-04-09T11:00:00+05:30,2347.150000,2352.000000,2341.200000,2350.050000,319
2015-04-09T11:15:00+05:30,2350.050000,2351.000000,2350.050000,2350.050000,60
2015-04-09T11:30:00+05:30,2350.050000,2353.000000,2350.050000,2353.000000,35
2015-04-09T11:45:00+05:30,2353.000000,2353.200000,2350.250000,2350.700000,144
2015-04-09T12:00:00+05:30,2350.700000,2352.000000,2346.600000,2350.000000,295
2015-04-09T12:15:00+05:30,2350.000000,2352.950000,2345.000000,2345.000000,328
2015-04-09T12:30:00+05:30,2345.000000,2348.000000,2340.050000,2347.000000,207
2015-04-09T12:45:00+05:30,2347.000000,2347.000000,2344.950000,2344.950000,71
2015-04-09T13:00:00+05:30,2345.000000,2345.000000,2332.500000,2344.050000,763
2015-04-09T13:15:00+05:30,2344.050000,2355.000000,2344.050000,2351.850000,210
2015-04-09T13:30:00+05:30,2351.850000,2366.000000,2351.850000,2357.000000,342
2015-04-09T13:45:00+05:30,2357.000000,2369.900000,2357.000000,2357.100000,340
2015-04-09T14:00:00+05:30,2357.100000,2360.500000,2325.000000,2336.000000,1799
2015-04-09T14:15:00+05:30,2336.000000,2338.850000,2325.000000,2325.000000,286
2015-04-09T14:30:00+05:30,2325.000000,2330.000000,2315.050000,2328.950000,426
2015-04-09T14:45:00+05:30,2328.900000,2337.600000,2325.000000,2333.150000,696
2015-04-09T15:00:00+05:30,2333.150000,2335.100000,2316.000000,2328.300000,953
2015-04-09T15:15:00+05:30,2329.750000,2330.000000,2315.050000,2328.000000,1497
2015-04-10T09:15:00+05:30,2328.000000,2328.000000,2311.250000,2324.000000,415
2015-04-10T09:30:00+05:30,2324.000000,2324.000000,2311.250000,2314.500000,246
2015-04-10T09:45:00+05:30,2314.500000,2344.400000,2314.500000,2335.000000,1065
2015-04-10T10:00:00+05:30,2335.000000,2335.000000,2330.000000,2330.000000,234
2015-04-10T10:15:00+05:30,2330.000000,2330.000000,2325.800000,2325.800000,355
2015-04-10T10:30:00+05:30,2325.800000,2327.000000,2325.000000,2325.000000,208
2015-04-10T10:45:00+05:30,2325.000000,2327.000000,2325.000000,2325.000000,35
2015-04-10T11:00:00+05:30,2328.000000,2328.000000,2325.000000,2325.000000,133
2015-04-10T11:15:00+05:30,2325.000000,2325.050000,2325.000000,2325.000000,47
2015-04-10T11:30:00+05:30,2325.000000,2325.050000,2320.000000,2324.950000,414
2015-04-10T11:45:00+05:30,2324.950000,2330.000000,2308.000000,2323.250000,347
2015-04-10T12:00:00+05:30,2323.250000,2323.950000,2317.350000,2319.550000,52
2015-04-10T12:15:00+05:30,2319.550000,2319.550000,2314.050000,2315.950000,31
2015-04-10T12:30:00+05:30,2315.950000,2319.700000,2312.000000,2312.950000,143
2015-04-10T12:45:00+05:30,2312.950000,2319.700000,2312.950000,2318.900000,27
2015-04-10T13:00:00+05:30,2318.900000,2327.000000,2315.000000,2317.050000,158
2015-04-10T13:15:00+05:30,2317.050000,2330.000000,2317.050000,2325.050000,120
2015-04-10T13:30:00+05:30,2329.950000,2329.950000,2322.600000,2327.000000,62
2015-04-10T13:45:00+05:30,2330.000000,2333.950000,2320.800000,2327.950000,182
2015-04-10T14:00:00+05:30,2322.000000,2323.000000,2315.050000,2320.450000,202
2015-04-10T14:15:00+05:30,2320.450000,2320.450000,2315.200000,2319.950000,146
2015-04-10T14:30:00+05:30,2319.950000,2320.000000,2316.450000,2320.000000,76
2015-04-10T14:45:00+05:30,2320.000000,2320.000000,2302.050000,2302.050000,586
2015-04-10T15:00:00+05:30,2302.050000,2309.800000,2296.850000,2299.850000,685
2015-04-10T15:15:00+05:30,2300.000000,2330.000000,2281.200000,2325.000000,1925
2015-04-13T09:15:00+05:30,2315.250000,2331.100000,2315.000000,2319.600000,315
2015-04-13T09:30:00+05:30,2319.600000,2345.000000,2310.000000,2314.850000,1524
2015-04-13T09:45:00+05:30,2314.850000,2320.050000,2314.400000,2319.950000,263
2015-04-13T10:00:00+05:30,2319.550000,2319.550000,2303.000000,2307.950000,168
2015-04-13T10:15:00+05:30,2307.950000,2317.150000,2306.000000,2317.150000,204
2015-04-13T10:30:00+05:30,2317.150000,2317.150000,2303.000000,2304.050000,145
2015-04-13T10:45:00+05:30,2304.050000,2310.950000,2302.850000,2310.000000,269
2015-04-13T11:00:00+05:30,2310.000000,2311.000000,2301.300000,2305.000000,121
2015-04-13T11:15:00+05:30,2305.000000,2305.000000,2302.050000,2304.950000,41
2015-04-13T11:30:00+05:30,2304.950000,2305.000000,2292.200000,2294.950000,166
2015-04-13T11:45:00+05:30,2294.950000,2295.000000,2282.600000,2282.600000,480
2015-04-13T12:00:00+05:30,2282.600000,2304.000000,2282.600000,2296.850000,370
2015-04-13T12:15:00+05:30,2296.000000,2304.000000,2296.000000,2298.050000,118
2015-04-13T12:30:00+05:30,2298.050000,2301.500000,2298.000000,2300.000000,115
2015-04-13T12:45:00+05:30,2300.000000,2300.000000,2285.000000,2285.000000,194
2015-04-13T13:00:00+05:30,2289.950000,2297.900000,2289.950000,2297.900000,531
2015-04-13T13:15:00+05:30,2297.900000,2305.000000,2297.900000,2300.000000,247
2015-04-13T13:30:00+05:30,2300.050000,2304.950000,2300.000000,2300.000000,170
2015-04-13T13:45:00+05:30,2305.000000,2305.000000,2300.000000,2300.000000,283
2015-04-13T14:00:00+05:30,2300.000000,2301.600000,2292.100000,2295.650000,300
2015-04-13T14:15:00+05:30,2296.850000,2300.000000,2290.850000,2296.750000,132
2015-04-13T14:30:00+05:30,2296.750000,2299.950000,2292.500000,2293.000000,266
2015-04-13T14:45:00+05:30,2293.000000,2295.550000,2293.000000,2295.550000,28
2015-04-13T15:00:00+05:30,2295.550000,2304.300000,2295.550000,2304.000000,245
2015-04-13T15:15:00+05:30,2304.000000,2312.250000,2300.000000,2301.000000,1894
2015-04-15T09:15:00+05:30,2308.000000,2314.850000,2290.500000,2308.550000,303
2015-04-15T09:30:00+05:30,2308.550000,2308.550000,2295.050000,2295.050000,120
2015-04-15T09:45:00+05:30,2299.200000,2301.200000,2299.200000,2299.950000,42
2015-04-15T10:00:00+05:30,2299.950000,2305.200000,2298.000000,2304.000000,69
2015-04-15T10:15:00+05:30,2304.000000,2308.400000,2293.500000,2306.350000,202
2015-04-15T10:30:00+05:30,2306.350000,2364.000000,2306.350000,2330.000000,2035
2015-04-15T10:45:00+05:30,2330.000000,2330.000000,2312.800000,2313.600000,425
2015-04-15T11:00:00+05:30,2323.200000,2330.050000,2318.200000,2323.200000,465
2015-04-15T11:15:00+05:30,2323.200000,2330.000000,2322.000000,2322.000000,542
2015-04-15T11:30:00+05:30,2322.000000,2349.000000,2314.800000,2337.000000,500
2015-04-15T11:45:00+05:30,2337.000000,2337.000000,2315.000000,2321.000000,196
2015-04-15T12:00:00+05:30,2321.000000,2326.750000,2310.000000,2317.300000,293
2015-04-15T12:15:00+05:30,2317.300000,2321.000000,2317.300000,2321.000000,55
2015-04-15T12:30:00+05:30,2321.000000,2333.000000,2321.000000,2331.600000,81
2015-04-15T12:45:00+05:30,2331.600000,2332.000000,2321.000000,2321.000000,57
2015-04-15T13:00:00+05:30,2328.000000,2329.000000,2320.950000,2320.950000,102
2015-04-15T13:15:00+05:30,2320.950000,2320.950000,2313.500000,2315.000000,126
2015-04-15T13:30:00+05:30,2315.000000,2319.550000,2305.000000,2310.000000,551
2015-04-15T13:45:00+05:30,2310.000000,2321.000000,2310.000000,2321.000000,51
2015-04-15T14:00:00+05:30,2321.000000,2321.000000,2314.850000,2320.000000,23
2015-04-15T14:15:00+05:30,2320.000000,2320.000000,2314.850000,2314.850000,6
2015-04-15T14:30:00+05:30,2314.850000,2320.650000,2313.650000,2320.650000,88
2015-04-15T14:45:00+05:30,2320.650000,2320.650000,2305.000000,2311.000000,515
2015-04-15T15:00:00+05:30,2305.250000,2311.000000,2300.050000,2300.050000,964
2015-04-15T15:15:00+05:30,2300.000000,2310.050000,2285.000000,2299.000000,1518
2015-04-16T09:15:00+05:30,2299.000000,2310.800000,2290.000000,2302.150000,391
2015-04-16T09:30:00+05:30,2302.150000,2309.800000,2289.000000,2290.000000,487
2015-04-16T09:45:00+05:30,2290.000000,2292.000000,2283.650000,2289.600000,439
2015-04-16T10:00:00+05:30,2289.600000,2291.950000,2270.050000,2280.800000,286
2015-04-16T10:15:00+05:30,2280.800000,2280.800000,2256.000000,2267.000000,632
2015-04-16T10:30:00+05:30,2267.000000,2270.000000,2263.000000,2270.000000,276
2015-04-16T10:45:00+05:30,2270.000000,2275.000000,2266.000000,2269.500000,419
2015-04-16T11:00:00+05:30,2269.500000,2269.500000,2260.000000,2265.550000,259
2015-04-16T11:15:00+05:30,2265.550000,2270.400000,2264.050000,2266.450000,120
2015-04-16T11:30:00+05:30,2266.450000,2271.950000,2266.000000,2266.000000,184
2015-04-16T11:45:00+05:30,2266.000000,2272.400000,2260.000000,2267.950000,238
2015-04-16T12:00:00+05:30,2267.950000,2267.950000,2260.000000,2265.000000,192
2015-04-16T12:15:00+05:30,2260.900000,2260.900000,2259.000000,2259.000000,92
2015-04-16T12:30:00+05:30,2259.000000,2285.000000,2258.000000,2279.050000,369
2015-04-16T12:45:00+05:30,2279.050000,2284.050000,2276.000000,2278.000000,565
2015-04-16T13:00:00+05:30,2278.000000,2278.000000,2276.000000,2276.000000,482
2015-04-16T13:15:00+05:30,2276.000000,2278.250000,2276.000000,2278.250000,1184
2015-04-16T13:30:00+05:30,2278.250000,2287.150000,2278.000000,2280.950000,217
2015-04-16T13:45:00+05:30,2280.950000,2283.950000,2277.700000,2277.700000,19
2015-04-16T14:00:00+05:30,2277.700000,2281.950000,2277.700000,2278.850000,71
2015-04-16T14:15:00+05:30,2278.850000,2281.900000,2278.850000,2280.000000,18
2015-04-16T14:30:00+05:30,2280.000000,2284.200000,2280.000000,2282.450000,184
2015-04-16T14:45:00+05:30,2282.450000,2285.000000,2276.000000,2279.950000,310
2015-04-16T15:00:00+05:30,2280.000000,2296.000000,2276.000000,2293.200000,1100
2015-04-16T15:15:00+05:30,2295.000000,2299.700000,2285.000000,2297.000000,1099
2015-04-17T09:15:00+05:30,2280.000000,2306.000000,2280.000000,2294.400000,559
2015-04-17T09:30:00+05:30,2295.000000,2300.000000,2287.250000,2287.250000,312
2015-04-17T09:45:00+05:30,2287.250000,2289.550000,2287.000000,2289.550000,32
2015-04-17T10:00:00+05:30,2289.550000,2291.050000,2285.000000,2285.000000,86
2015-04-17T10:15:00+05:30,2285.000000,2288.000000,2278.000000,2284.700000,260
2015-04-17T10:30:00+05:30,2284.700000,2287.950000,2280.000000,2280.050000,164
2015-04-17T10:45:00+05:30,2280.050000,2285.950000,2280.000000,2280.100000,155
2015-04-17T11:00:00+05:30,2280.100000,2286.000000,2278.000000,2279.900000,194
2015-04-17T11:15:00+05:30,2278.000000,2291.950000,2276.050000,2290.000000,217
2015-04-17T11:30:00+05:30,2290.000000,2291.950000,2280.000000,2287.000000,277
2015-04-17T11:45:00+05:30,2287.000000,2294.000000,2281.000000,2281.000000,662
2015-04-17T12:00:00+05:30,2281.000000,2291.000000,2281.000000,2285.600000,391
2015-04-17T12:15:00+05:30,2285.600000,2288.000000,2276.050000,2276.050000,778
2015-04-17T12:30:00+05:30,2276.050000,2280.050000,2276.050000,2276.100000,528
2015-04-17T12:45:00+05:30,2278.950000,2279.000000,2276.000000,2276.050000,245
2015-04-17T13:00:00+05:30,2276.000000,2279.950000,2276.000000,2276.050000,707
2015-04-17T13:15:00+05:30,2276.050000,2279.950000,2276.000000,2276.000000,1984
2015-04-17T13:30:00+05:30,2276.000000,2280.000000,2276.000000,2276.000000,209
2015-04-17T13:45:00+05:30,2276.000000,2279.550000,2276.000000,2276.000000,107
2015-04-17T14:00:00+05:30,2276.000000,2278.900000,2276.000000,2276.000000,501
2015-04-17T14:15:00+05:30,2276.000000,2279.300000,2276.000000,2279.250000,191
2015-04-17T14:30:00+05:30,2279.250000,2280.000000,2276.000000,2276.000000,385
2015-04-17T14:45:00+05:30,2276.000000,2279.000000,2276.000000,2276.000000,457
2015-04-17T15:00:00+05:30,2276.000000,2278.800000,2255.650000,2276.250000,1901
2015-04-17T15:15:00+05:30,2276.250000,2288.950000,2261.250000,2261.250000,2015
2015-04-20T09:15:00+05:30,2300.000000,2300.000000,2235.000000,2250.000000,857
2015-04-20T09:30:00+05:30,2250.000000,2260.850000,2250.000000,2260.000000,289
2015-04-20T09:45:00+05:30,2260.000000,2260.000000,2254.050000,2256.500000,107
2015-04-20T10:00:00+05:30,2258.950000,2259.000000,2238.000000,2238.000000,485
2015-04-20T10:15:00+05:30,2238.000000,2240.000000,2225.050000,2229.000000,1208
2015-04-20T10:30:00+05:30,2229.000000,2233.250000,2225.000000,2233.250000,224
2015-04-20T10:45:00+05:30,2233.250000,2234.950000,2231.100000,2231.100000,42
2015-04-20T11:00:00+05:30,2231.100000,2231.500000,2215.350000,2217.950000,450
2015-04-20T11:15:00+05:30,2217.950000,2217.950000,2200.900000,2205.000000,675
2015-04-20T11:30:00+05:30,2205.000000,2220.000000,2203.050000,2217.350000,455
2015-04-20T11:45:00+05:30,2217.350000,2231.100000,2215.000000,2216.050000,672
2015-04-20T12:00:00+05:30,2216.050000,2231.000000,2216.050000,2223.950000,202
2015-04-20T12:15:00+05:30,2223.950000,2225.050000,2223.950000,2225.000000,52
2015-04-20T12:30:00+05:30,2225.000000,2230.000000,2225.000000,2225.950000,122
2015-04-20T12:45:00+05:30,2225.000000,2225.950000,2221.000000,2225.950000,71
2015-04-20T13:00:00+05:30,2225.950000,2230.850000,2225.050000,2230.000000,285
2015-04-20T13:15:00+05:30,2230.000000,2230.000000,2221.000000,2224.000000,647
2015-04-20T13:30:00+05:30,2225.000000,2230.000000,2224.050000,2229.000000,74
2015-04-20T13:45:00+05:30,2231.000000,2245.150000,2231.000000,2245.150000,733
2015-04-20T14:00:00+05:30,2245.150000,2245.150000,2220.050000,2225.250000,469
2015-04-20T14:15:00+05:30,2225.250000,2229.500000,2223.500000,2223.500000,200
2015-04-20T14:30:00+05:30,2223.500000,2226.250000,2210.000000,2213.700000,274
2015-04-20T14:45:00+05:30,2213.700000,2247.450000,2213.000000,2233.300000,635
2015-04-20T15:00:00+05:30,2233.300000,2243.850000,2222.000000,2243.850000,1238
2015-04-20T15:15:00+05:30,2243.850000,2251.000000,2222.050000,2230.000000,1485
2015-04-21T09:15:00+05:30,2255.100000,2255.250000,2201.050000,2219.950000,873
2015-04-21T09:30:00+05:30,2219.950000,2225.000000,2211.000000,2220.000000,177
2015-04-21T09:45:00+05:30,2220.000000,2225.000000,2211.050000,2215.000000,291
2015-04-21T10:00:00+05:30,2215.000000,2230.000000,2215.000000,2215.100000,669
2015-04-21T10:15:00+05:30,2215.100000,2227.000000,2215.100000,2227.000000,148
2015-04-21T10:30:00+05:30,2227.000000,2231.050000,2222.250000,2231.000000,223
2015-04-21T10:45:00+05:30,2225.250000,2229.950000,2223.000000,2228.550000,98
2015-04-21T11:00:00+05:30,2228.550000,2235.000000,2226.400000,2235.000000,237
2015-04-21T11:15:00+05:30,2235.000000,2236.750000,2230.000000,2236.750000,111
2015-04-21T11:30:00+05:30,2236.750000,2236.750000,2231.250000,2231.250000,74
2015-04-21T11:45:00+05:30,2231.300000,2238.000000,2231.250000,2238.000000,232
2015-04-21T12:00:00+05:30,2238.000000,2241.350000,2235.000000,2238.000000,189
2015-04-21T12:15:00+05:30,2238.000000,2238.150000,2233.000000,2238.150000,211
2015-04-21T12:30:00+05:30,2238.150000,2238.150000,2233.500000,2238.150000,188
2015-04-21T12:45:00+05:30,2235.650000,2240.600000,2235.050000,2240.600000,126
2015-04-21T13:00:00+05:30,2240.200000,2243.150000,2240.200000,2243.150000,41
2015-04-21T13:15:00+05:30,2238.650000,2255.000000,2233.000000,2238.400000,829
2015-04-21T13:30:00+05:30,2238.400000,2250.000000,2238.000000,2250.000000,263
2015-04-21T13:45:00+05:30,2250.000000,2250.000000,2245.000000,2248.000000,162
2015-04-21T14:00:00+05:30,2248.000000,2255.950000,2248.000000,2255.950000,289
2015-04-21T14:15:00+05:30,2255.950000,2289.600000,2255.950000,2272.450000,973
2015-04-21T14:30:00+05:30,2272.450000,2285.000000,2270.000000,2277.950000,311
2015-04-21T14:45:00+05:30,2278.000000,2278.000000,2251.700000,2260.000000,688
2015-04-21T15:00:00+05:30,2260.000000,2265.800000,2252.350000,2263.200000,908
2015-04-21T15:15:00+05:30,2262.000000,2290.000000,2260.050000,2275.000000,1452
2015-04-22T09:15:00+05:30,2269.000000,2280.000000,2248.000000,2266.250000,439
2015-04-22T09:30:00+05:30,2268.450000,2275.000000,2268.000000,2275.000000,85
2015-04-22T09:45:00+05:30,2275.000000,2275.000000,2268.000000,2268.000000,115
2015-04-22T10:00:00+05:30,2268.000000,2272.050000,2260.000000,2260.000000,356
2015-04-22T10:15:00+05:30,2260.000000,2263.450000,2260.000000,2262.200000,70
2015-04-22T10:30:00+05:30,2262.200000,2270.000000,2255.250000,2260.000000,291
2015-04-22T10:45:00+05:30,2260.000000,2260.000000,2255.250000,2259.950000,132
2015-04-22T11:00:00+05:30,2255.300000,2259.450000,2255.250000,2258.600000,244
2015-04-22T11:15:00+05:30,2258.600000,2269.800000,2258.600000,2262.100000,137
2015-04-22T11:30:00+05:30,2262.100000,2269.950000,2262.100000,2265.050000,101
2015-04-22T11:45:00+05:30,2268.950000,2270.000000,2265.000000,2265.200000,271
2015-04-22T12:00:00+05:30,2265.200000,2269.900000,2260.000000,2260.000000,139
2015-04-22T12:15:00+05:30,2260.000000,2266.600000,2255.000000,2256.100000,348
2015-04-22T12:30:00+05:30,2256.100000,2262.000000,2255.650000,2262.000000,119
2015-04-22T12:45:00+05:30,2262.000000,2262.450000,2262.000000,2262.000000,76
2015-04-22T13:00:00+05:30,2262.000000,2263.250000,2261.000000,2262.000000,1970
2015-04-22T13:15:00+05:30,2262.000000,2263.000000,2262.000000,2262.000000,13055
2015-04-22T13:30:00+05:30,2262.000000,2262.050000,2240.000000,2244.800000,6316
2015-04-22T13:45:00+05:30,2244.800000,2246.000000,2229.000000,2229.000000,596
2015-04-22T14:00:00+05:30,2229.000000,2239.050000,2222.200000,2235.000000,491
2015-04-22T14:15:00+05:30,2235.000000,2249.000000,2223.000000,2249.000000,452
2015-04-22T14:30:00+05:30,2249.000000,2253.950000,2240.200000,2240.200000,153
2015-04-22T14:45:00+05:30,2240.200000,2242.500000,2234.450000,2237.100000,253
2015-04-22T15:00:00+05:30,2239.950000,2264.950000,2235.100000,2262.900000,918
2015-04-22T15:15:00+05:30,2262.900000,2263.000000,2240.000000,2250.000000,1184
2015-04-23T09:15:00+05:30,2238.000000,2249.950000,2238.000000,2248.750000,330
2015-04-23T09:30:00+05:30,2248.750000,2250.100000,2244.850000,2246.000000,260
2015-04-23T09:45:00+05:30,2246.000000,2253.100000,2244.850000,2250.000000,549
2015-04-23T10:00:00+05:30,2245.000000,2250.550000,2245.000000,2250.000000,180
2015-04-23T10:15:00+05:30,2250.000000,2250.000000,2240.100000,2240.200000,510
2015-04-23T10:30:00+05:30,2240.200000,2242.000000,2240.100000,2241.950000,96
2015-04-23T10:45:00+05:30,2241.950000,2241.950000,2230.000000,2231.000000,195
2015-04-23T11:00:00+05:30,2231.000000,2232.300000,2229.000000,2232.300000,52
2015-04-23T11:15:00+05:30,2232.300000,2233.000000,2229.000000,2229.000000,56
2015-04-23T11:30:00+05:30,2228.650000,2234.050000,2228.650000,2234.050000,172
2015-04-23T11:45:00+05:30,2234.050000,2244.150000,2234.050000,2244.150000,128
2015-04-23T12:00:00+05:30,2239.100000,2242.400000,2239.100000,2242.400000,50
2015-04-23T12:15:00+05:30,2242.400000,2242.400000,2232.100000,2232.100000,186
2015-04-23T12:30:00+05:30,2232.100000,2233.000000,2228.000000,2230.050000,255
2015-04-23T12:45:00+05:30,2230.050000,2233.000000,2230.050000,2233.000000,13
2015-04-23T13:00:00+05:30,2233.000000,2234.000000,2231.000000,2232.000000,128
2015-04-23T13:15:00+05:30,2232.000000,2232.000000,2231.000000,2231.000000,27
2015-04-23T13:30:00+05:30,2231.000000,2233.000000,2231.000000,2233.000000,13
2015-04-23T13:45:00+05:30,2233.000000,2237.250000,2233.000000,2233.050000,122
2015-04-23T14:00:00+05:30,2233.050000,2235.000000,2233.050000,2235.000000,12
2015-04-23T14:15:00+05:30,2235.000000,2245.050000,2232.200000,2232.200000,367
2015-04-23T14:30:00+05:30,2232.200000,2241.000000,2232.200000,2239.950000,74
2015-04-23T14:45:00+05:30,2239.950000,2242.500000,2230.050000,2230.150000,349
2015-04-23T15:00:00+05:30,2230.150000,2234.000000,2230.150000,2230.500000,94
2015-04-23T15:15:00+05:30,2230.500000,2232.100000,2215.000000,2216.000000,735
2015-04-24T09:15:00+05:30,2226.750000,2226.750000,2200.000000,2208.000000,697
2015-04-24T09:30:00+05:30,2208.000000,2216.300000,2201.000000,2206.150000,255
2015-04-24T09:45:00+05:30,2206.150000,2216.300000,2206.150000,2208.050000,47
2015-04-24T10:00:00+05:30,2208.000000,2213.850000,2201.000000,2208.000000,113
2015-04-24T10:15:00+05:30,2208.000000,2208.800000,2201.000000,2203.700000,126
2015-04-24T10:30:00+05:30,2203.700000,2203.700000,2190.000000,2190.000000,343
2015-04-24T10:45:00+05:30,2189.700000,2202.250000,2177.800000,2180.000000,899
2015-04-24T11:00:00+05:30,2180.000000,2180.000000,2168.450000,2170.000000,353
2015-04-24T11:15:00+05:30,2170.000000,2170.000000,2158.050000,2165.000000,477
2015-04-24T11:30:00+05:30,2165.000000,2169.950000,2164.800000,2164.800000,94
2015-04-24T11:45:00+05:30,2164.800000,2166.600000,2161.400000,2166.600000,61
2015-04-24T12:00:00+05:30,2161.500000,2170.000000,2155.000000,2159.950000,308
2015-04-24T12:15:00+05:30,2159.950000,2160.000000,2154.450000,2157.000000,162
2015-04-24T12:30:00+05:30,2157.000000,2160.000000,2153.000000,2153.000000,620
2015-04-24T12:45:00+05:30,2153.000000,2160.000000,2153.000000,2159.950000,352
2015-04-24T13:00:00+05:30,2160.000000,2160.000000,2159.950000,2159.950000,55
2015-04-24T13:15:00+05:30,2159.950000,2159.950000,2152.000000,2152.000000,121
2015-04-24T13:30:00+05:30,2152.000000,2154.000000,2143.000000,2147.800000,308
2015-04-24T13:45:00+05:30,2147.800000,2150.450000,2140.000000,2150.400000,288
2015-04-24T14:00:00+05:30,2150.400000,2154.000000,2147.000000,2149.050000,148
2015-04-24T14:15:00+05:30,2149.050000,2159.050000,2149.050000,2155.100000,166
2015-04-24T14:30:00+05:30,2155.100000,2158.050000,2145.000000,2145.000000,261
2015-04-24T14:45:00+05:30,2145.000000,2150.350000,2140.000000,2143.650000,435
2015-04-24T15:00:00+05:30,2143.650000,2155.000000,2143.650000,2155.000000,1329
2015-04-24T15:15:00+05:30,2155.000000,2155.000000,2138.000000,2144.000000,1785
2015-04-27T09:15:00+05:30,2181.750000,2181.750000,2102.300000,2105.500000,383
2015-04-27T09:30:00+05:30,2105.500000,2106.450000,2090.000000,2090.000000,415
2015-04-27T09:45:00+05:30,2090.000000,2096.950000,2088.600000,2088.900000,89
2015-04-27T10:00:00+05:30,2088.900000,2088.900000,2032.250000,2032.250000,969
2015-04-27T10:15:00+05:30,2032.250000,2035.000000,2021.000000,2035.000000,441
2015-04-27T10:30:00+05:30,2035.000000,2035.000000,2011.000000,2020.000000,1126
2015-04-27T10:45:00+05:30,2020.000000,2020.050000,2012.000000,2020.000000,573
2015-04-27T11:00:00+05:30,2020.000000,2025.050000,2012.000000,2012.000000,2402
2015-04-27T11:15:00+05:30,2012.000000,2025.050000,2012.000000,2019.000000,1298
2015-04-27T11:30:00+05:30,2020.000000,2022.750000,2016.000000,2020.000000,1734
2015-04-27T11:45:00+05:30,2020.000000,2035.000000,2018.000000,2032.750000,1186
2015-04-27T12:00:00+05:30,2032.750000,2038.250000,2029.500000,2038.250000,807
2015-04-27T12:15:00+05:30,2038.250000,2042.000000,2031.150000,2031.150000,425
2015-04-27T12:30:00+05:30,2032.800000,2039.600000,2029.450000,2039.600000,215
2015-04-27T12:45:00+05:30,2039.600000,2039.600000,2029.450000,2029.450000,238
2015-04-27T13:00:00+05:30,2029.450000,2031.000000,2021.000000,2025.750000,328
2015-04-27T13:15:00+05:30,2026.200000,2039.600000,2021.000000,2029.450000,318
2015-04-27T13:30:00+05:30,2029.450000,2031.000000,2022.200000,2026.350000,254
2015-04-27T13:45:00+05:30,2026.000000,2036.000000,2026.000000,2033.900000,417
2015-04-27T14:00:00+05:30,2033.900000,2039.000000,2026.000000,2032.000000,469
2015-04-27T14:15:00+05:30,2030.000000,2036.000000,2030.000000,2030.500000,776
2015-04-27T14:30:00+05:30,2030.500000,2034.000000,2030.500000,2033.000000,939
2015-04-27T14:45:00+05:30,2033.000000,2035.900000,2032.000000,2032.100000,378
2015-04-27T15:00:00+05:30,2032.100000,2055.000000,2032.100000,2050.000000,2095
2015-04-27T15:15:00+05:30,2050.000000,2067.000000,2019.000000,2019.000000,2505
2015-04-28T09:15:00+05:30,2011.950000,2037.000000,1985.000000,2020.000000,1870
2015-04-28T09:30:00+05:30,2020.000000,2035.000000,2020.000000,2025.100000,724
2015-04-28T09:45:00+05:30,2025.100000,2041.150000,2025.000000,2034.900000,617
2015-04-28T10:00:00+05:30,2034.900000,2042.100000,2033.000000,2033.850000,143
2015-04-28T10:15:00+05:30,2033.850000,2041.200000,2033.000000,2039.900000,224
2015-04-28T10:30:00+05:30,2040.000000,2046.000000,2029.000000,2030.000000,394
2015-04-28T10:45:00+05:30,2030.000000,2030.000000,2021.000000,2025.300000,881
2015-04-28T11:00:00+05:30,2025.300000,2025.300000,2020.400000,2020.500000,382
2015-04-28T11:15:00+05:30,2020.500000,2046.000000,2020.500000,2041.400000,782
2015-04-28T11:30:00+05:30,2041.400000,2043.750000,2025.300000,2029.600000,195
2015-04-28T11:45:00+05:30,2029.600000,2030.000000,2017.650000,2026.400000,750
2015-04-28T12:00:00+05:30,2026.400000,2045.000000,2010.000000,2012.050000,930
2015-04-28T12:15:00+05:30,2012.050000,2022.250000,2004.200000,2010.000000,225
2015-04-28T12:30:00+05:30,2010.000000,2014.850000,2004.200000,2009.350000,131
2015-04-28T12:45:00+05:30,2009.650000,2011.750000,2007.000000,2007.000000,147
2015-04-28T13:00:00+05:30,2007.000000,2010.300000,2007.000000,2007.050000,138
2015-04-28T13:15:00+05:30,2007.000000,2010.700000,2001.500000,2001.500000,272
2015-04-28T13:30:00+05:30,2004.400000,2008.600000,2004.000000,2004.000000,163
2015-04-28T13:45:00+05:30,2004.000000,2010.650000,2001.250000,2005.500000,302
2015-04-28T14:00:00+05:30,2005.500000,2016.050000,2001.400000,2006.550000,198
2015-04-28T14:15:00+05:30,2006.550000,2008.500000,2000.100000,2002.000000,609
2015-04-28T14:30:00+05:30,2002.000000,2005.000000,2000.100000,2005.000000,384
2015-04-28T14:45:00+05:30,2005.000000,2020.050000,2001.100000,2015.050000,915
2015-04-28T15:00:00+05:30,2015.050000,2020.000000,2010.000000,2019.250000,1484
2015-04-28T15:15:00+05:30,2019.250000,2034.000000,2010.150000,2013.000000,2074
2015-04-29T09:15:00+05:30,2047.000000,2047.000000,1996.000000,2023.350000,517
2015-04-29T09:30:00+05:30,2023.350000,2035.000000,2023.350000,2030.650000,211
2015-04-29T09:45:00+05:30,2030.650000,2037.050000,2028.400000,2037.050000,161
2015-04-29T10:00:00+05:30,2037.050000,2042.950000,2036.950000,2042.700000,252
2015-04-29T10:15:00+05:30,2042.700000,2042.750000,2032.000000,2039.050000,393
2015-04-29T10:30:00+05:30,2039.100000,2039.100000,2013.150000,2024.050000,436
2015-04-29T10:45:00+05:30,2024.050000,2025.850000,2022.000000,2022.700000,26
2015-04-29T11:00:00+05:30,2022.650000,2031.650000,2022.600000,2030.700000,70
2015-04-29T11:15:00+05:30,2030.700000,2039.000000,2030.700000,2038.000000,112
2015-04-29T11:30:00+05:30,2038.000000,2038.000000,2035.050000,2037.500000,45
2015-04-29T11:45:00+05:30,2037.500000,2040.350000,2035.000000,2037.200000,94
2015-04-29T12:00:00+05:30,2037.200000,2045.000000,2037.200000,2041.100000,170
2015-04-29T12:15:00+05:30,2038.100000,2043.200000,2038.100000,2040.100000,45
2015-04-29T12:30:00+05:30,2040.100000,2052.000000,2040.100000,2045.400000,580
2015-04-29T12:45:00+05:30,2045.400000,2046.900000,2040.000000,2045.900000,362
2015-04-29T13:00:00+05:30,2042.300000,2042.300000,2040.000000,2041.750000,80
2015-04-29T13:15:00+05:30,2041.750000,2041.750000,2024.400000,2024.400000,138
2015-04-29T13:30:00+05:30,2024.400000,2030.950000,2022.650000,2030.950000,51
2015-04-29T13:45:00+05:30,2030.950000,2040.050000,2030.950000,2035.800000,205
2015-04-29T14:00:00+05:30,2034.050000,2036.000000,2026.750000,2029.900000,272
2015-04-29T14:15:00+05:30,2029.900000,2030.000000,2020.000000,2021.550000,303
2015-04-29T14:30:00+05:30,2021.300000,2024.000000,2021.300000,2023.950000,35
2015-04-29T14:45:00+05:30,2022.050000,2030.000000,2021.000000,2024.450000,147
2015-04-29T15:00:00+05:30,2024.450000,2038.900000,2019.200000,2035.900000,571
2015-04-29T15:15:00+05:30,2035.900000,2060.000000,2027.400000,2045.000000,2507
2015-04-30T09:15:00+05:30,2049.950000,2049.950000,2017.000000,2029.650000,589
2015-04-30T09:30:00+05:30,2029.000000,2045.400000,2011.050000,2030.750000,819
2015-04-30T09:45:00+05:30,2030.750000,2034.950000,2030.000000,2033.800000,277
2015-04-30T10:00:00+05:30,2030.050000,2033.800000,2025.000000,2031.400000,257
2015-04-30T10:15:00+05:30,2028.000000,2032.000000,2024.450000,2031.350000,169
2015-04-30T10:30:00+05:30,2027.100000,2038.950000,2027.100000,2037.850000,221
2015-04-30T10:45:00+05:30,2035.300000,2049.900000,2025.000000,2039.150000,436
2015-04-30T11:00:00+05:30,2039.150000,2048.550000,2032.950000,2037.950000,307
2015-04-30T11:15:00+05:30,2034.950000,2037.950000,2024.000000,2034.950000,371
2015-04-30T11:30:00+05:30,2034.950000,2069.900000,2033.000000,2046.350000,1055
2015-04-30T11:45:00+05:30,2046.300000,2065.000000,2046.300000,2061.100000,432
2015-04-30T12:00:00+05:30,2059.100000,2064.250000,2037.300000,2043.800000,530
2015-04-30T12:15:00+05:30,2043.800000,2060.050000,2034.900000,2059.950000,343
2015-04-30T12:30:00+05:30,2055.650000,2063.250000,2042.000000,2046.650000,190
2015-04-30T12:45:00+05:30,2041.200000,2049.950000,2036.050000,2044.200000,154
2015-04-30T13:00:00+05:30,2039.950000,2043.250000,2035.000000,2039.000000,200
2015-04-30T13:15:00+05:30,2036.800000,2039.950000,2034.700000,2039.450000,136
2015-04-30T13:30:00+05:30,2035.050000,2039.950000,2034.700000,2039.950000,173
2015-04-30T13:45:00+05:30,2035.000000,2055.000000,2034.800000,2051.600000,337
2015-04-30T14:00:00+05:30,2048.350000,2051.950000,2040.250000,2044.250000,158
2015-04-30T14:15:00+05:30,2042.000000,2060.000000,2040.250000,2045.400000,424
2015-04-30T14:30:00+05:30,2047.550000,2054.000000,2045.050000,2047.050000,205
2015-04-30T14:45:00+05:30,2046.450000,2052.000000,2044.100000,2046.350000,259
2015-04-30T15:00:00+05:30,2044.500000,2100.000000,2043.000000,2100.000000,3142
2015-04-30T15:15:00+05:30,2100.000000,2111.000000,2095.500000,2108.000000,2473
2015-05-04T09:15:00+05:30,2100.000000,2140.000000,2100.000000,2140.000000,1242
2015-05-04T09:30:00+05:30,2140.000000,2160.000000,2126.300000,2133.100000,1289
2015-05-04T09:45:00+05:30,2135.800000,2147.000000,2120.050000,2126.000000,1078
2015-05-04T10:00:00+05:30,2125.250000,2125.250000,2105.000000,2107.650000,831
2015-05-04T10:15:00+05:30,2107.650000,2116.900000,2106.750000,2113.150000,358
2015-05-04T10:30:00+05:30,2113.150000,2130.000000,2113.150000,2130.000000,295
2015-05-04T10:45:00+05:30,2130.000000,2149.000000,2130.000000,2145.000000,784
2015-05-04T11:00:00+05:30,2145.000000,2148.300000,2120.000000,2145.000000,866
2015-05-04T11:15:00+05:30,2145.000000,2160.900000,2145.000000,2160.000000,813
2015-05-04T11:30:00+05:30,2160.050000,2165.000000,2150.000000,2152.750000,480
2015-05-04T11:45:00+05:30,2152.750000,2152.750000,2152.000000,2152.000000,15
2015-05-04T12:00:00+05:30,2152.000000,2155.000000,2145.000000,2146.200000,160
2015-05-04T12:15:00+05:30,2146.200000,2166.000000,2145.000000,2159.000000,306
2015-05-04T12:30:00+05:30,2159.000000,2159.000000,2150.000000,2150.000000,65
2015-05-04T12:45:00+05:30,2150.750000,2160.000000,2150.750000,2156.550000,143
2015-05-04T13:00:00+05:30,2156.950000,2193.600000,2156.950000,2189.000000,2481
2015-05-04T13:15:00+05:30,2189.000000,2190.950000,2165.950000,2165.950000,478
2015-05-04T13:30:00+05:30,2165.950000,2180.000000,2160.200000,2175.000000,268
2015-05-04T13:45:00+05:30,2175.000000,2177.000000,2171.050000,2173.650000,121
2015-05-04T14:00:00+05:30,2173.650000,2183.000000,2173.650000,2175.000000,257
2015-05-04T14:15:00+05:30,2175.000000,2180.000000,2170.000000,2170.000000,313
2015-05-04T14:30:00+05:30,2170.000000,2171.950000,2159.950000,2162.650000,269
2015-05-04T14:45:00+05:30,2162.650000,2167.000000,2158.000000,2161.050000,244
2015-05-04T15:00:00+05:30,2161.050000,2188.050000,2161.050000,2188.050000,564
2015-05-04T15:15:00+05:30,2190.000000,2218.000000,2180.000000,2191.200000,1666
2015-05-05T09:15:00+05:30,2206.200000,2259.750000,2195.000000,2247.950000,2932
2015-05-05T09:30:00+05:30,2246.300000,2248.000000,2228.550000,2239.000000,866
2015-05-05T09:45:00+05:30,2239.000000,2252.000000,2239.000000,2250.000000,627
2015-05-05T10:00:00+05:30,2250.900000,2250.900000,2243.000000,2250.850000,522
2015-05-05T10:15:00+05:30,2250.850000,2251.100000,2245.650000,2249.000000,115
2015-05-05T10:30:00+05:30,2249.000000,2270.000000,2244.100000,2270.000000,1297
2015-05-05T10:45:00+05:30,2270.000000,2279.800000,2260.450000,2260.450000,1411
2015-05-05T11:00:00+05:30,2260.000000,2264.300000,2255.000000,2255.000000,205
2015-05-05T11:15:00+05:30,2258.350000,2258.350000,2251.750000,2252.850000,298
2015-05-05T11:30:00+05:30,2251.300000,2253.900000,2248.000000,2251.000000,409
2015-05-05T11:45:00+05:30,2251.000000,2252.000000,2243.000000,2250.900000,965
2015-05-05T12:00:00+05:30,2251.700000,2253.700000,2249.300000,2251.300000,499
2015-05-05T12:15:00+05:30,2251.300000,2251.300000,2247.050000,2249.000000,501
2015-05-05T12:30:00+05:30,2249.000000,2254.000000,2248.000000,2250.000000,944
2015-05-05T12:45:00+05:30,2250.000000,2252.000000,2248.000000,2252.000000,44
2015-05-05T13:00:00+05:30,2252.000000,2255.450000,2244.000000,2245.950000,922
2015-05-05T13:15:00+05:30,2248.250000,2249.350000,2240.000000,2242.050000,104
2015-05-05T13:30:00+05:30,2242.050000,2250.000000,2242.050000,2243.000000,287
2015-05-05T13:45:00+05:30,2243.000000,2244.950000,2242.950000,2243.100000,39
2015-05-05T14:00:00+05:30,2243.100000,2255.000000,2243.100000,2245.050000,610
2015-05-05T14:15:00+05:30,2245.050000,2250.900000,2240.000000,2250.000000,325
2015-05-05T14:30:00+05:30,2250.000000,2250.000000,2231.000000,2234.000000,817
2015-05-05T14:45:00+05:30,2234.000000,2244.650000,2226.900000,2238.400000,366
2015-05-05T15:00:00+05:30,2238.400000,2241.950000,2231.500000,2239.000000,357
2015-05-05T15:15:00+05:30,2239.000000,2252.000000,2235.200000,2243.250000,2286
2015-05-06T09:15:00+05:30,2106.650000,2224.100000,2095.550000,2165.000000,9898
2015-05-06T09:30:00+05:30,2165.000000,2173.600000,2140.000000,2147.900000,1394
2015-05-06T09:45:00+05:30,2147.900000,2155.250000,2140.400000,2144.900000,726
2015-05-06T10:00:00+05:30,2144.800000,2150.000000,2120.000000,2135.000000,1675
2015-05-06T10:15:00+05:30,2135.000000,2146.900000,2129.000000,2142.000000,617
2015-05-06T10:30:00+05:30,2142.000000,2145.000000,2140.000000,2142.050000,892
2015-05-06T10:45:00+05:30,2142.050000,2154.000000,2141.400000,2151.900000,802
2015-05-06T11:00:00+05:30,2151.900000,2152.000000,2140.000000,2142.800000,988
2015-05-06T11:15:00+05:30,2142.800000,2142.800000,2140.000000,2140.000000,483
2015-05-06T11:30:00+05:30,2140.000000,2144.900000,2137.900000,2138.100000,19094
2015-05-06T11:45:00+05:30,2130.050000,2137.750000,2130.050000,2131.100000,1981
2015-05-06T12:00:00+05:30,2131.100000,2133.300000,2125.000000,2130.000000,4208
2015-05-06T12:15:00+05:30,2130.000000,2134.950000,2126.250000,2133.000000,293
2015-05-06T12:30:00+05:30,2133.000000,2135.000000,2125.000000,2132.450000,539
2015-05-06T12:45:00+05:30,2132.450000,2133.000000,2125.000000,2132.950000,1237
2015-05-06T13:00:00+05:30,2132.950000,2138.000000,2129.000000,2132.650000,311
2015-05-06T13:15:00+05:30,2132.650000,2139.850000,2129.800000,2139.850000,241
2015-05-06T13:30:00+05:30,2139.850000,2140.000000,2136.000000,2140.000000,145
2015-05-06T13:45:00+05:30,2140.000000,2144.000000,2128.700000,2140.150000,932
2015-05-06T14:00:00+05:30,2140.150000,2144.000000,2137.000000,2141.250000,1287
2015-05-06T14:15:00+05:30,2143.000000,2144.000000,2137.850000,2140.000000,990
2015-05-06T14:30:00+05:30,2141.300000,2141.800000,2137.000000,2138.000000,995
2015-05-06T14:45:00+05:30,2138.000000,2140.000000,2136.700000,2138.500000,583
2015-05-06T15:00:00+05:30,2138.500000,2154.750000,2134.500000,2154.750000,2392
2015-05-06T15:15:00+05:30,2154.750000,2170.000000,2140.000000,2159.900000,3910
2015-05-07T09:15:00+05:30,2148.000000,2175.000000,2141.000000,2167.400000,1779
2015-05-07T09:30:00+05:30,2162.150000,2167.500000,2145.050000,2167.500000,1122
2015-05-07T09:45:00+05:30,2167.500000,2167.500000,2150.000000,2161.050000,918
2015-05-07T10:00:00+05:30,2161.050000,2169.000000,2161.050000,2165.000000,765
2015-05-07T10:15:00+05:30,2165.000000,2169.950000,2160.000000,2162.500000,618
2015-05-07T10:30:00+05:30,2162.500000,2170.000000,2162.050000,2162.150000,389
2015-05-07T10:45:00+05:30,2162.950000,2165.000000,2160.000000,2165.000000,498
2015-05-07T11:00:00+05:30,2165.000000,2165.000000,2158.000000,2164.950000,805
2015-05-07T11:15:00+05:30,2164.950000,2165.000000,2161.050000,2165.000000,151
2015-05-07T11:30:00+05:30,2165.000000,2165.000000,2156.050000,2156.050000,387
2015-05-07T11:45:00+05:30,2156.050000,2160.000000,2155.000000,2155.000000,394
2015-05-07T12:00:00+05:30,2155.000000,2156.000000,2141.000000,2145.000000,508
2015-05-07T12:15:00+05:30,2145.000000,2150.550000,2141.000000,2145.100000,265
2015-05-07T12:30:00+05:30,2141.000000,2156.000000,2140.000000,2149.000000,617
2015-05-07T12:45:00+05:30,2149.000000,2149.000000,2141.600000,2147.150000,89
2015-05-07T13:00:00+05:30,2149.000000,2154.000000,2149.000000,2149.150000,242
2015-05-07T13:15:00+05:30,2149.150000,2150.000000,2146.950000,2147.000000,66
2015-05-07T13:30:00+05:30,2147.000000,2147.000000,2147.000000,2147.000000,44
2015-05-07T13:45:00+05:30,2147.000000,2147.000000,2143.100000,2145.000000,357
2015-05-07T14:00:00+05:30,2145.000000,2145.950000,2141.000000,2143.000000,86
2015-05-07T14:15:00+05:30,2143.000000,2143.750000,2140.000000,2143.000000,533
2015-05-07T14:30:00+05:30,2143.000000,2143.000000,2139.950000,2140.000000,4886
2015-05-07T14:45:00+05:30,2140.000000,2141.700000,2135.150000,2140.000000,1258
2015-05-07T15:00:00+05:30,2140.000000,2163.800000,2140.000000,2163.700000,2591
2015-05-07T15:15:00+05:30,2163.700000,2169.000000,2142.550000,2142.550000,3844
2015-05-08T09:15:00+05:30,2160.000000,2187.950000,2155.050000,2170.000000,837
2015-05-08T09:30:00+05:30,2170.000000,2170.000000,2151.100000,2161.000000,261
2015-05-08T09:45:00+05:30,2161.000000,2161.000000,2138.050000,2138.050000,373
2015-05-08T10:00:00+05:30,2138.050000,2160.000000,2138.050000,2155.000000,786
2015-05-08T10:15:00+05:30,2155.000000,2155.000000,2149.950000,2149.950000,116
2015-05-08T10:30:00+05:30,2149.950000,2149.950000,2144.000000,2144.000000,92
2015-05-08T10:45:00+05:30,2144.000000,2149.950000,2144.000000,2149.000000,139
2015-05-08T11:00:00+05:30,2149.000000,2149.000000,2145.000000,2148.500000,136
2015-05-08T11:15:00+05:30,2148.500000,2159.000000,2147.050000,2158.150000,112
2015-05-08T11:30:00+05:30,2158.150000,2158.900000,2156.000000,2157.050000,30
2015-05-08T11:45:00+05:30,2157.050000,2157.050000,2144.050000,2151.950000,142
2015-05-08T12:00:00+05:30,2151.950000,2153.750000,2149.050000,2152.000000,86
2015-05-08T12:15:00+05:30,2152.000000,2156.000000,2151.050000,2154.650000,122
2015-05-08T12:30:00+05:30,2154.650000,2159.000000,2154.650000,2159.000000,56
2015-05-08T12:45:00+05:30,2159.000000,2159.000000,2151.000000,2151.000000,55
2015-05-08T13:00:00+05:30,2151.000000,2151.000000,2145.000000,2145.000000,303
2015-05-08T13:15:00+05:30,2145.000000,2148.250000,2145.000000,2146.000000,23
2015-05-08T13:30:00+05:30,2146.000000,2146.000000,2146.000000,2146.000000,1
2015-05-08T13:45:00+05:30,2146.000000,2148.950000,2145.000000,2145.000000,115
2015-05-08T14:00:00+05:30,2145.000000,2148.900000,2145.000000,2148.800000,130
2015-05-08T14:15:00+05:30,2148.800000,2149.000000,2148.150000,2148.950000,22
2015-05-08T14:30:00+05:30,2148.000000,2149.950000,2146.050000,2149.950000,99
2015-05-08T14:45:00+05:30,2149.950000,2149.950000,2145.000000,2145.000000,148
2015-05-08T15:00:00+05:30,2145.000000,2165.600000,2140.000000,2165.350000,1182
2015-05-08T15:15:00+05:30,2165.350000,2199.400000,2156.550000,2182.000000,4153
2015-05-11T09:15:00+05:30,2207.000000,2207.000000,2174.950000,2206.950000,503
2015-05-11T09:30:00+05:30,2206.950000,2206.950000,2200.000000,2202.300000,149
2015-05-11T09:45:00+05:30,2202.250000,2207.000000,2188.600000,2192.000000,531
2015-05-11T10:00:00+05:30,2192.000000,2196.650000,2188.600000,2193.950000,28
2015-05-11T10:15:00+05:30,2193.950000,2193.950000,2190.050000,2193.950000,28
2015-05-11T10:30:00+05:30,2193.950000,2194.000000,2184.000000,2189.000000,71
2015-05-11T10:45:00+05:30,2189.000000,2189.000000,2182.000000,2186.000000,64
2015-05-11T11:00:00+05:30,2188.600000,2188.600000,2181.200000,2181.200000,45
2015-05-11T11:15:00+05:30,2181.200000,2183.000000,2180.000000,2183.000000,183
2015-05-11T11:30:00+05:30,2183.000000,2183.900000,2180.450000,2183.900000,54
2015-05-11T11:45:00+05:30,2183.950000,2184.000000,2178.000000,2180.000000,149
2015-05-11T12:00:00+05:30,2180.000000,2180.000000,2156.400000,2167.050000,172
2015-05-11T12:15:00+05:30,2167.050000,2168.550000,2164.850000,2168.550000,44
2015-05-11T12:30:00+05:30,2168.550000,2172.100000,2165.150000,2169.150000,91
2015-05-11T12:45:00+05:30,2169.150000,2169.150000,2168.050000,2168.050000,18
2015-05-11T13:00:00+05:30,2168.050000,2169.000000,2165.000000,2169.000000,118
2015-05-11T13:15:00+05:30,2169.000000,2169.000000,2162.000000,2164.900000,135
2015-05-11T13:30:00+05:30,2164.900000,2164.900000,2156.400000,2161.000000,112
2015-05-11T13:45:00+05:30,2161.000000,2161.000000,2159.000000,2161.000000,221
2015-05-11T14:00:00+05:30,2161.000000,2167.100000,2161.000000,2167.000000,6
2015-05-11T14:15:00+05:30,2163.000000,2171.000000,2163.000000,2165.900000,92
2015-05-11T14:30:00+05:30,2165.900000,2168.400000,2162.050000,2165.850000,15
2015-05-11T14:45:00+05:30,2166.000000,2166.000000,2161.000000,2161.000000,61
2015-05-11T15:00:00+05:30,2160.000000,2199.000000,2160.000000,2198.900000,1378
2015-05-11T15:15:00+05:30,2198.900000,2210.000000,2191.550000,2200.000000,2290
2015-05-12T09:15:00+05:30,2177.100000,2200.000000,2177.100000,2182.900000,282
2015-05-12T09:30:00+05:30,2182.900000,2190.050000,2168.000000,2178.000000,194
2015-05-12T09:45:00+05:30,2178.000000,2178.000000,2163.300000,2173.000000,128
2015-05-12T10:00:00+05:30,2173.000000,2180.000000,2169.350000,2174.600000,67
2015-05-12T10:15:00+05:30,2174.600000,2174.600000,2169.300000,2169.300000,26
2015-05-12T10:30:00+05:30,2169.300000,2169.300000,2163.300000,2163.300000,81
2015-05-12T10:45:00+05:30,2163.300000,2173.000000,2163.300000,2169.250000,29
2015-05-12T11:00:00+05:30,2169.250000,2169.250000,2165.000000,2165.000000,64
2015-05-12T11:15:00+05:30,2165.000000,2165.000000,2160.000000,2161.000000,128
2015-05-12T11:30:00+05:30,2161.000000,2170.000000,2161.000000,2170.000000,25
2015-05-12T11:45:00+05:30,2170.000000,2170.000000,2163.200000,2167.750000,59
2015-05-12T12:00:00+05:30,2167.750000,2167.750000,2156.000000,2158.000000,150
2015-05-12T12:15:00+05:30,2158.000000,2158.000000,2155.100000,2158.000000,92
2015-05-12T12:30:00+05:30,2155.150000,2158.000000,2155.150000,2158.000000,17
2015-05-12T12:45:00+05:30,2158.000000,2165.000000,2158.000000,2165.000000,184
2015-05-12T13:00:00+05:30,2165.000000,2170.000000,2165.000000,2165.450000,54
2015-05-12T13:15:00+05:30,2165.450000,2168.000000,2165.450000,2166.050000,293
2015-05-12T13:30:00+05:30,2166.050000,2173.000000,2166.000000,2166.000000,486
2015-05-12T13:45:00+05:30,2166.000000,2167.900000,2158.050000,2158.050000,33
2015-05-12T14:00:00+05:30,2158.050000,2161.000000,2158.000000,2159.950000,108
2015-05-12T14:15:00+05:30,2159.950000,2160.000000,2147.000000,2148.950000,256
2015-05-12T14:30:00+05:30,2148.950000,2150.450000,2140.000000,2148.150000,400
2015-05-12T14:45:00+05:30,2148.150000,2168.950000,2148.150000,2165.000000,301
2015-05-12T15:00:00+05:30,2165.000000,2185.000000,2165.000000,2171.500000,818
2015-05-12T15:15:00+05:30,2171.500000,2219.000000,2171.500000,2213.400000,3171
2015-05-13T09:15:00+05:30,2213.400000,2213.400000,2185.000000,2189.600000,145
2015-05-13T09:30:00+05:30,2189.600000,2191.000000,2187.000000,2188.450000,75
2015-05-13T09:45:00+05:30,2188.450000,2210.000000,2188.450000,2209.000000,453
2015-05-13T10:00:00+05:30,2209.000000,2227.950000,2209.000000,2221.000000,301
2015-05-13T10:15:00+05:30,2221.000000,2222.950000,2210.000000,2210.500000,208
2015-05-13T10:30:00+05:30,2210.500000,2212.350000,2205.700000,2209.950000,61
2015-05-13T10:45:00+05:30,2209.950000,2209.950000,2170.050000,2182.000000,562
2015-05-13T11:00:00+05:30,2182.000000,2195.000000,2175.000000,2180.500000,261
2015-05-13T11:15:00+05:30,2180.500000,2185.550000,2177.950000,2180.000000,77
2015-05-13T11:30:00+05:30,2180.000000,2185.850000,2174.850000,2175.000000,296
2015-05-13T11:45:00+05:30,2175.000000,2175.000000,2173.000000,2173.000000,143
2015-05-13T12:00:00+05:30,2173.000000,2173.500000,2171.300000,2172.400000,91
2015-05-13T12:15:00+05:30,2172.400000,2174.450000,2172.150000,2172.150000,18
2015-05-13T12:30:00+05:30,2172.150000,2180.950000,2172.150000,2180.950000,174
2015-05-13T12:45:00+05:30,2190.750000,2193.000000,2179.250000,2179.250000,167
2015-05-13T13:00:00+05:30,2179.250000,2187.050000,2179.250000,2187.050000,11
2015-05-13T13:15:00+05:30,2187.050000,2187.050000,2183.200000,2185.050000,51
2015-05-13T13:30:00+05:30,2185.050000,2190.000000,2181.750000,2184.950000,42
2015-05-13T13:45:00+05:30,2184.950000,2185.050000,2184.950000,2185.000000,14
2015-05-13T14:00:00+05:30,2185.000000,2187.600000,2181.750000,2185.000000,41
2015-05-13T14:15:00+05:30,2185.000000,2190.700000,2182.000000,2190.700000,228
2015-05-13T14:30:00+05:30,2190.700000,2196.500000,2182.000000,2184.000000,284
2015-05-13T14:45:00+05:30,2186.900000,2189.000000,2180.000000,2184.950000,101
2015-05-13T15:00:00+05:30,2184.950000,2184.950000,2175.900000,2181.000000,427
2015-05-13T15:15:00+05:30,2181.850000,2225.000000,2176.100000,2205.000000,2867
2015-05-14T09:15:00+05:30,2207.850000,2207.850000,2185.300000,2190.000000,120
2015-05-14T09:30:00+05:30,2190.000000,2199.950000,2185.500000,2189.000000,157
2015-05-14T09:45:00+05:30,2189.000000,2194.000000,2185.500000,2185.500000,68
2015-05-14T10:00:00+05:30,2185.500000,2197.600000,2185.500000,2197.600000,33
2015-05-14T10:15:00+05:30,2194.050000,2200.950000,2194.050000,2200.950000,153
2015-05-14T10:30:00+05:30,2200.950000,2201.000000,2200.950000,2201.000000,16
2015-05-14T10:45:00+05:30,2201.000000,2205.000000,2198.150000,2201.400000,138
2015-05-14T11:00:00+05:30,2201.400000,2204.950000,2201.400000,2204.950000,78
2015-05-14T11:15:00+05:30,2204.950000,2204.950000,2201.150000,2201.150000,40
2015-05-14T11:30:00+05:30,2201.150000,2203.300000,2199.950000,2199.950000,142
2015-05-14T11:45:00+05:30,2199.950000,2200.000000,2195.450000,2195.450000,26
2015-05-14T12:00:00+05:30,2195.450000,2198.950000,2185.000000,2194.150000,100
2015-05-14T12:15:00+05:30,2194.150000,2194.150000,2189.000000,2194.000000,58
2015-05-14T12:30:00+05:30,2194.000000,2196.000000,2194.000000,2196.000000,12
2015-05-14T12:45:00+05:30,2197.600000,2197.600000,2187.850000,2187.850000,150
2015-05-14T13:00:00+05:30,2187.850000,2196.500000,2187.850000,2190.800000,31
2015-05-14T13:15:00+05:30,2190.800000,2194.150000,2189.650000,2194.150000,22
2015-05-14T13:30:00+05:30,2194.150000,2195.250000,2190.050000,2195.250000,25
2015-05-14T13:45:00+05:30,2195.250000,2195.250000,2190.150000,2194.150000,17
2015-05-14T14:00:00+05:30,2194.150000,2194.150000,2190.800000,2190.800000,12
2015-05-14T14:15:00+05:30,2190.800000,2196.000000,2190.800000,2195.350000,65
2015-05-14T14:30:00+05:30,2190.800000,2190.800000,2185.000000,2189.950000,117
2015-05-14T14:45:00+05:30,2189.950000,2192.950000,2185.000000,2190.000000,178
2015-05-14T15:00:00+05:30,2190.000000,2205.500000,2190.000000,2195.650000,1754
2015-05-14T15:15:00+05:30,2195.650000,2200.000000,2110.100000,2156.000000,4973
2015-05-15T09:15:00+05:30,2170.000000,2170.000000,2153.950000,2160.000000,497
2015-05-15T09:30:00+05:30,2160.000000,2161.000000,2153.100000,2160.000000,373
2015-05-15T09:45:00+05:30,2160.000000,2184.950000,2160.000000,2174.300000,696
2015-05-15T10:00:00+05:30,2174.300000,2177.950000,2174.250000,2176.000000,247
2015-05-15T10:15:00+05:30,2174.850000,2176.750000,2173.100000,2175.000000,47
2015-05-15T10:30:00+05:30,2175.000000,2175.000000,2169.000000,2170.350000,132
2015-05-15T10:45:00+05:30,2170.350000,2173.950000,2169.050000,2170.000000,13
2015-05-15T11:00:00+05:30,2170.000000,2170.000000,2169.000000,2169.000000,7
2015-05-15T11:15:00+05:30,2169.000000,2172.950000,2169.000000,2170.050000,40
2015-05-15T11:30:00+05:30,2170.050000,2170.050000,2170.050000,2170.050000,0
2015-05-15T11:45:00+05:30,2170.050000,2173.000000,2170.050000,2173.000000,56
2015-05-15T12:00:00+05:30,2172.950000,2173.000000,2171.500000,2173.000000,50
2015-05-15T12:15:00+05:30,2173.000000,2173.000000,2171.500000,2173.000000,23
2015-05-15T12:30:00+05:30,2173.000000,2173.000000,2170.000000,2170.000000,31
2015-05-15T12:45:00+05:30,2170.000000,2175.500000,2170.000000,2175.500000,134
2015-05-15T13:00:00+05:30,2175.500000,2183.500000,2175.500000,2176.550000,104
2015-05-15T13:15:00+05:30,2176.550000,2176.550000,2175.000000,2175.000000,52
2015-05-15T13:30:00+05:30,2175.000000,2175.000000,2170.000000,2174.000000,15
2015-05-15T13:45:00+05:30,2170.000000,2172.450000,2170.000000,2172.450000,41
2015-05-15T14:00:00+05:30,2172.450000,2172.950000,2165.000000,2165.000000,524
2015-05-15T14:15:00+05:30,2165.000000,2165.000000,2154.950000,2154.950000,222
2015-05-15T14:30:00+05:30,2154.950000,2154.950000,2146.000000,2150.000000,1076
2015-05-15T14:45:00+05:30,2150.000000,2150.000000,2143.000000,2145.000000,582
2015-05-15T15:00:00+05:30,2145.000000,2158.200000,2144.950000,2150.000000,1013
2015-05-15T15:15:00+05:30,2150.000000,2174.000000,2140.000000,2156.050000,2411
2015-05-18T09:15:00+05:30,2170.950000,2173.550000,2136.100000,2167.000000,318
2015-05-18T09:30:00+05:30,2167.050000,2169.950000,2155.600000,2164.000000,319
2015-05-18T09:45:00+05:30,2164.000000,2164.000000,2155.000000,2155.000000,96
2015-05-18T10:00:00+05:30,2155.000000,2168.100000,2155.000000,2161.550000,88
2015-05-18T10:15:00+05:30,2161.550000,2165.950000,2154.950000,2163.750000,129
2015-05-18T10:30:00+05:30,2163.750000,2163.750000,2156.000000,2156.000000,39
2015-05-18T10:45:00+05:30,2156.000000,2161.450000,2154.000000,2158.050000,58
2015-05-18T11:00:00+05:30,2158.050000,2159.350000,2154.100000,2155.950000,58
2015-05-18T11:15:00+05:30,2154.400000,2155.950000,2154.400000,2154.400000,2
2015-05-18T11:30:00+05:30,2154.400000,2158.850000,2154.400000,2158.850000,11
2015-05-18T11:45:00+05:30,2158.850000,2170.000000,2158.850000,2160.050000,112
2015-05-18T12:00:00+05:30,2162.650000,2162.950000,2160.050000,2162.950000,3
2015-05-18T12:15:00+05:30,2162.950000,2163.000000,2162.950000,2163.000000,40
2015-05-18T12:30:00+05:30,2163.000000,2163.000000,2160.050000,2160.050000,2
2015-05-18T12:45:00+05:30,2160.050000,2162.000000,2160.050000,2161.000000,23
2015-05-18T13:00:00+05:30,2161.000000,2162.000000,2159.950000,2159.950000,126
2015-05-18T13:15:00+05:30,2159.950000,2159.950000,2154.100000,2158.000000,146
2015-05-18T13:30:00+05:30,2158.000000,2158.000000,2155.050000,2157.500000,477
2015-05-18T13:45:00+05:30,2157.150000,2162.000000,2157.150000,2161.450000,37
2015-05-18T14:00:00+05:30,2161.450000,2163.000000,2159.000000,2163.000000,136
2015-05-18T14:15:00+05:30,2163.000000,2165.700000,2160.050000,2164.950000,120
2015-05-18T14:30:00+05:30,2165.000000,2166.950000,2160.450000,2165.050000,390
2015-05-18T14:45:00+05:30,2165.050000,2166.950000,2165.050000,2165.050000,13
2015-05-18T15:00:00+05:30,2165.050000,2187.000000,2165.000000,2187.000000,1135
2015-05-18T15:15:00+05:30,2187.000000,2200.000000,2181.050000,2182.000000,2074
2015-05-19T09:15:00+05:30,2180.000000,2192.950000,2170.050000,2180.050000,402
2015-05-19T09:30:00+05:30,2180.050000,2184.900000,2175.000000,2184.900000,99
2015-05-19T09:45:00+05:30,2184.900000,2190.650000,2180.200000,2185.000000,115
2015-05-19T10:00:00+05:30,2190.050000,2190.050000,2185.750000,2185.750000,24
2015-05-19T10:15:00+05:30,2185.750000,2188.900000,2184.650000,2184.650000,154
2015-05-19T10:30:00+05:30,2184.650000,2185.050000,2175.000000,2185.000000,170
2015-05-19T10:45:00+05:30,2185.000000,2186.050000,2185.000000,2186.050000,72
2015-05-19T11:00:00+05:30,2186.050000,2188.950000,2186.050000,2187.950000,14
2015-05-19T11:15:00+05:30,2187.950000,2192.000000,2186.150000,2192.000000,150
2015-05-19T11:30:00+05:30,2192.000000,2192.000000,2186.850000,2191.200000,55
2015-05-19T11:45:00+05:30,2191.200000,2192.000000,2186.000000,2192.000000,90
2015-05-19T12:00:00+05:30,2192.000000,2192.000000,2189.000000,2189.000000,29
2015-05-19T12:15:00+05:30,2189.000000,2189.000000,2189.000000,2189.000000,0
2015-05-19T12:30:00+05:30,2189.000000,2189.000000,2189.000000,2189.000000,0
2015-05-19T12:45:00+05:30,2189.000000,2189.000000,2188.000000,2188.000000,15
2015-05-19T13:00:00+05:30,2186.400000,2188.000000,2186.000000,2188.000000,436
2015-05-19T13:15:00+05:30,2188.000000,2190.000000,2188.000000,2190.000000,58
2015-05-19T13:30:00+05:30,2190.000000,2195.600000,2186.000000,2189.850000,284
2015-05-19T13:45:00+05:30,2193.050000,2193.050000,2186.000000,2186.000000,62
2015-05-19T14:00:00+05:30,2186.000000,2188.900000,2186.000000,2187.900000,18
2015-05-19T14:15:00+05:30,2187.900000,2198.000000,2186.000000,2186.000000,193
2015-05-19T14:30:00+05:30,2190.050000,2190.050000,2174.000000,2176.000000,244
2015-05-19T14:45:00+05:30,2175.000000,2180.000000,2172.000000,2175.900000,199
2015-05-19T15:00:00+05:30,2175.900000,2180.000000,2175.100000,2175.100000,71
2015-05-19T15:15:00+05:30,2175.100000,2183.350000,2172.050000,2179.350000,2234
2015-05-20T09:15:00+05:30,0.000000,2191.000000,0.000000,2187.950000,275
2015-05-20T09:30:00+05:30,2187.950000,2193.800000,2185.000000,2185.050000,270
2015-05-20T09:45:00+05:30,2185.050000,2198.000000,2185.000000,2190.000000,208
2015-05-20T10:00:00+05:30,2190.000000,2193.300000,2190.000000,2193.250000,70
2015-05-20T10:15:00+05:30,2193.250000,2193.250000,2186.850000,2190.950000,28
2015-05-20T10:30:00+05:30,2190.950000,2190.950000,2185.000000,2187.300000,73
2015-05-20T10:45:00+05:30,2187.300000,2187.300000,2183.000000,2184.000000,24
2015-05-20T11:00:00+05:30,2184.000000,2184.000000,2180.000000,2183.950000,27
2015-05-20T11:15:00+05:30,2183.950000,2186.450000,2180.000000,2184.000000,13
2015-05-20T11:30:00+05:30,2186.450000,2187.750000,2184.050000,2184.050000,11
2015-05-20T11:45:00+05:30,2184.050000,2185.000000,2184.000000,2185.000000,13
2015-05-20T12:00:00+05:30,2184.000000,2185.000000,2184.000000,2184.000000,75
2015-05-20T12:15:00+05:30,2184.000000,2184.000000,2179.000000,2179.000000,39
2015-05-20T12:30:00+05:30,2177.000000,2177.050000,2175.000000,2175.000000,72
2015-05-20T12:45:00+05:30,2175.000000,2179.050000,2175.000000,2179.050000,9
2015-05-20T13:00:00+05:30,2179.050000,2179.050000,2176.000000,2176.000000,16
2015-05-20T13:15:00+05:30,2177.950000,2180.000000,2176.000000,2176.000000,145
2015-05-20T13:30:00+05:30,2176.000000,2176.000000,2172.450000,2174.450000,83
2015-05-20T13:45:00+05:30,2174.450000,2174.450000,2173.000000,2173.000000,29
2015-05-20T14:00:00+05:30,2173.000000,2177.850000,2173.000000,2177.850000,29
2015-05-20T14:15:00+05:30,2177.850000,2177.900000,2175.000000,2177.900000,15
2015-05-20T14:30:00+05:30,2177.900000,2177.900000,2175.000000,2177.850000,115
2015-05-20T14:45:00+05:30,2177.850000,2186.800000,2173.000000,2181.350000,190
2015-05-20T15:00:00+05:30,2181.350000,2185.000000,2181.000000,2185.000000,352
2015-05-20T15:15:00+05:30,2185.000000,2208.450000,2184.000000,2195.000000,2160
2015-05-21T09:15:00+05:30,2181.150000,2200.000000,2174.000000,2200.000000,267
2015-05-21T09:30:00+05:30,2200.000000,2205.000000,2192.000000,2192.000000,245
2015-05-21T09:45:00+05:30,2192.000000,2192.150000,2189.550000,2189.550000,13
2015-05-21T10:00:00+05:30,2189.550000,2189.550000,2186.450000,2186.450000,5
2015-05-21T10:15:00+05:30,2186.450000,2196.450000,2186.450000,2195.950000,349
2015-05-21T10:30:00+05:30,2195.950000,2198.800000,2192.000000,2195.300000,112
2015-05-21T10:45:00+05:30,2192.050000,2199.000000,2192.050000,2198.500000,316
2015-05-21T11:00:00+05:30,2198.500000,2200.000000,2196.550000,2196.550000,88
2015-05-21T11:15:00+05:30,2196.550000,2200.000000,2195.000000,2197.700000,269
2015-05-21T11:30:00+05:30,2197.700000,2200.000000,2195.000000,2200.000000,182
2015-05-21T11:45:00+05:30,2200.000000,2200.000000,2197.150000,2197.500000,66
2015-05-21T12:00:00+05:30,2197.500000,2210.000000,2195.400000,2210.000000,709
2015-05-21T12:15:00+05:30,2210.000000,2210.000000,2201.200000,2206.800000,320
2015-05-21T12:30:00+05:30,2206.800000,2208.950000,2197.550000,2197.550000,997
2015-05-21T12:45:00+05:30,2197.550000,2204.500000,2195.000000,2201.150000,86
2015-05-21T13:00:00+05:30,2200.000000,2207.750000,2200.000000,2203.450000,187
2015-05-21T13:15:00+05:30,2200.000000,2204.950000,2200.000000,2204.500000,323
2015-05-21T13:30:00+05:30,2204.500000,2204.500000,2200.000000,2201.000000,139
2015-05-21T13:45:00+05:30,2201.000000,2201.000000,2200.000000,2200.000000,135
2015-05-21T14:00:00+05:30,2200.000000,2203.350000,2200.000000,2203.350000,26
2015-05-21T14:15:00+05:30,2200.000000,2201.100000,2200.000000,2200.000000,120
2015-05-21T14:30:00+05:30,2200.000000,2200.000000,2200.000000,2200.000000,1
2015-05-21T14:45:00+05:30,2200.000000,2202.750000,2200.000000,2200.050000,495
2015-05-21T15:00:00+05:30,2200.050000,2204.950000,2200.050000,2204.950000,348
2015-05-21T15:15:00+05:30,2204.950000,2230.000000,2201.000000,2205.350000,2737
2015-05-22T09:15:00+05:30,2205.000000,2283.000000,2205.000000,2228.000000,413
2015-05-22T09:30:00+05:30,2228.000000,2235.050000,2220.700000,2225.000000,242
2015-05-22T09:45:00+05:30,2224.950000,2250.000000,2224.950000,2244.050000,295
2015-05-22T10:00:00+05:30,2244.000000,2247.850000,2235.000000,2235.000000,172
2015-05-22T10:15:00+05:30,2235.000000,2235.000000,2234.950000,2235.000000,147
2015-05-22T10:30:00+05:30,2235.000000,2235.000000,2230.000000,2230.000000,111
2015-05-22T10:45:00+05:30,2230.000000,2234.400000,2226.000000,2226.000000,87
2015-05-22T11:00:00+05:30,2226.000000,2226.000000,2222.200000,2226.000000,79
2015-05-22T11:15:00+05:30,2226.000000,2226.350000,2222.200000,2222.950000,13
2015-05-22T11:30:00+05:30,2226.350000,2226.950000,2222.200000,2226.950000,90
2015-05-22T11:45:00+05:30,2226.950000,2227.000000,2223.050000,2227.000000,6
2015-05-22T12:00:00+05:30,2227.000000,2229.850000,2225.300000,2225.300000,25
2015-05-22T12:15:00+05:30,2225.300000,2225.300000,2223.600000,2223.600000,6
2015-05-22T12:30:00+05:30,2225.300000,2225.300000,2210.000000,2210.000000,221
2015-05-22T12:45:00+05:30,2210.000000,2210.050000,2196.100000,2200.000000,857
2015-05-22T13:00:00+05:30,2200.000000,2213.050000,2200.000000,2207.200000,393
2015-05-22T13:15:00+05:30,2207.200000,2207.550000,2207.200000,2207.500000,14
2015-05-22T13:30:00+05:30,2207.500000,2217.150000,2205.000000,2211.500000,195
2015-05-22T13:45:00+05:30,2211.500000,2211.500000,2210.000000,2210.000000,23
2015-05-22T14:00:00+05:30,2210.000000,2214.750000,2210.000000,2214.750000,18
2015-05-22T14:15:00+05:30,2214.750000,2215.000000,2205.000000,2205.100000,222
2015-05-22T14:30:00+05:30,2205.100000,2209.100000,2204.000000,2204.600000,106
2015-05-22T14:45:00+05:30,2204.600000,2205.600000,2204.000000,2205.000000,18
2015-05-22T15:00:00+05:30,2205.000000,2225.000000,2200.000000,2225.000000,750
2015-05-22T15:15:00+05:30,2225.000000,2245.000000,2210.650000,2220.000000,1841
2015-05-25T09:15:00+05:30,2200.550000,2220.000000,2200.550000,2210.000000,297
2015-05-25T09:30:00+05:30,2210.000000,2217.900000,2209.200000,2217.150000,62
2015-05-25T09:45:00+05:30,2217.200000,2217.200000,2214.850000,2214.900000,47
2015-05-25T10:00:00+05:30,2214.900000,2222.950000,2212.600000,2219.500000,105
2015-05-25T10:15:00+05:30,2219.500000,2219.500000,2219.500000,2219.500000,1
2015-05-25T10:30:00+05:30,2219.500000,2219.500000,2212.650000,2214.900000,16
2015-05-25T10:45:00+05:30,2214.900000,2217.950000,2210.250000,2210.250000,63
2015-05-25T11:00:00+05:30,2210.250000,2210.250000,2204.000000,2204.000000,99
2015-05-25T11:15:00+05:30,2204.000000,2212.950000,2204.000000,2212.950000,13
2015-05-25T11:30:00+05:30,2212.950000,2212.950000,2204.600000,2204.600000,66
2015-05-25T11:45:00+05:30,2211.400000,2211.400000,2204.600000,2208.050000,36
2015-05-25T12:00:00+05:30,2208.050000,2211.400000,2208.000000,2211.400000,13
2015-05-25T12:15:00+05:30,2211.400000,2222.000000,2208.000000,2222.000000,131
2015-05-25T12:30:00+05:30,2222.000000,2222.000000,2222.000000,2222.000000,0
2015-05-25T12:45:00+05:30,2222.000000,2222.000000,2208.000000,2211.950000,82
2015-05-25T13:00:00+05:30,2207.600000,2209.000000,2207.600000,2209.000000,45
2015-05-25T13:15:00+05:30,2209.000000,2209.000000,2207.650000,2207.650000,10
2015-05-25T13:30:00+05:30,2207.650000,2209.000000,2207.600000,2209.000000,114
2015-05-25T13:45:00+05:30,2209.000000,2209.000000,2209.000000,2209.000000,6
2015-05-25T14:00:00+05:30,2208.000000,2209.000000,2205.000000,2205.000000,162
2015-05-25T14:15:00+05:30,2205.000000,2205.000000,2201.100000,2201.500000,58
2015-05-25T14:30:00+05:30,2201.500000,2205.700000,2200.000000,2205.700000,531
2015-05-25T14:45:00+05:30,2206.000000,2209.000000,2204.900000,2204.900000,64
2015-05-25T15:00:00+05:30,2204.900000,2205.650000,2200.000000,2200.000000,106
2015-05-25T15:15:00+05:30,2200.000000,2227.050000,2185.050000,2205.000000,1319
2015-05-26T09:15:00+05:30,2221.000000,2221.000000,2200.000000,2218.000000,229
2015-05-26T09:30:00+05:30,2218.000000,2218.000000,2210.000000,2216.050000,51
2015-05-26T09:45:00+05:30,2212.550000,2217.150000,2212.550000,2214.950000,18
2015-05-26T10:00:00+05:30,2214.950000,2216.000000,2209.950000,2211.400000,88
2015-05-26T10:15:00+05:30,2211.400000,2211.400000,2200.000000,2200.000000,64
2015-05-26T10:30:00+05:30,2200.000000,2210.000000,2200.000000,2202.000000,120
2015-05-26T10:45:00+05:30,2206.000000,2206.000000,2206.000000,2206.000000,5
2015-05-26T11:00:00+05:30,2206.000000,2206.000000,2200.000000,2200.000000,43
2015-05-26T11:15:00+05:30,2200.000000,2200.000000,2200.000000,2200.000000,593
2015-05-26T11:30:00+05:30,2200.000000,2200.000000,2200.000000,2200.000000,2
2015-05-26T11:45:00+05:30,2200.000000,2205.000000,2200.000000,2205.000000,6
2015-05-26T12:00:00+05:30,2202.250000,2205.000000,2200.000000,2200.000000,24
2015-05-26T12:15:00+05:30,2200.000000,2200.050000,2200.000000,2200.000000,262
2015-05-26T12:30:00+05:30,2200.000000,2203.000000,2200.000000,2200.000000,45
2015-05-26T12:45:00+05:30,2200.000000,2200.000000,2200.000000,2200.000000,84
2015-05-26T13:00:00+05:30,2200.000000,2202.000000,2200.000000,2202.000000,15
2015-05-26T13:15:00+05:30,2200.000000,2200.000000,2200.000000,2200.000000,117
2015-05-26T13:30:00+05:30,2200.000000,2200.500000,2200.000000,2200.500000,14
2015-05-26T13:45:00+05:30,2200.500000,2200.500000,2195.000000,2200.000000,2150
2015-05-26T14:00:00+05:30,2200.000000,2200.500000,2200.000000,2200.500000,18
2015-05-26T14:15:00+05:30,2200.500000,2201.000000,2200.000000,2200.950000,80
2015-05-26T14:30:00+05:30,2200.950000,2210.000000,2200.000000,2210.000000,187
2015-05-26T14:45:00+05:30,2210.000000,2210.300000,2205.750000,2205.750000,19
2015-05-26T15:00:00+05:30,2205.750000,2234.000000,2201.100000,2229.700000,966
2015-05-26T15:15:00+05:30,2229.700000,2250.000000,2229.550000,2240.300000,1725
2015-05-27T09:15:00+05:30,2254.000000,2257.800000,2208.900000,2217.200000,356
2015-05-27T09:30:00+05:30,2217.200000,2222.200000,2212.000000,2222.200000,181
2015-05-27T09:45:00+05:30,2222.150000,2224.100000,2221.800000,2224.000000,66
2015-05-27T10:00:00+05:30,2224.000000,2224.000000,2213.250000,2220.000000,45
2015-05-27T10:15:00+05:30,2220.000000,2220.000000,2213.200000,2220.000000,77
2015-05-27T10:30:00+05:30,2220.000000,2227.550000,2210.000000,2226.500000,184
2015-05-27T10:45:00+05:30,2226.500000,2226.500000,2207.000000,2213.050000,92
2015-05-27T11:00:00+05:30,2213.050000,2214.900000,2207.000000,2209.950000,77
2015-05-27T11:15:00+05:30,2209.950000,2210.300000,2207.250000,2210.000000,3535
2015-05-27T11:30:00+05:30,2210.000000,2221.800000,2210.000000,2221.800000,26
2015-05-27T11:45:00+05:30,2221.800000,2225.800000,2218.000000,2220.000000,95
2015-05-27T12:00:00+05:30,2215.250000,2225.000000,2215.000000,2225.000000,97
2015-05-27T12:15:00+05:30,2225.000000,2225.000000,2210.000000,2210.000000,158
2015-05-27T12:30:00+05:30,2210.000000,2215.000000,2190.000000,2205.500000,471
2015-05-27T12:45:00+05:30,2209.950000,2210.000000,2204.300000,2210.000000,79
2015-05-27T13:00:00+05:30,2210.000000,2210.000000,2200.900000,2208.000000,57
2015-05-27T13:15:00+05:30,2208.000000,2208.000000,2198.800000,2200.000000,143
2015-05-27T13:30:00+05:30,2200.000000,2200.000000,2169.250000,2189.000000,486
2015-05-27T13:45:00+05:30,2189.000000,2195.000000,2180.000000,2191.000000,127
2015-05-27T14:00:00+05:30,2191.000000,2191.000000,2170.050000,2180.000000,516
2015-05-27T14:15:00+05:30,2180.000000,2180.000000,2170.000000,2180.000000,335
2015-05-27T14:30:00+05:30,2180.000000,2197.900000,2179.500000,2197.000000,317
2015-05-27T14:45:00+05:30,2197.000000,2201.900000,2188.000000,2188.000000,219
2015-05-27T15:00:00+05:30,2188.000000,2210.000000,2188.000000,2199.100000,624
2015-05-27T15:15:00+05:30,2204.750000,2263.000000,2199.000000,2235.500000,5886
2015-05-28T09:15:00+05:30,2264.150000,2264.150000,2216.050000,2228.000000,240
2015-05-28T09:30:00+05:30,2228.000000,2234.450000,2227.600000,2227.600000,37
2015-05-28T09:45:00+05:30,2227.600000,2232.100000,2226.450000,2232.100000,12
2015-05-28T10:00:00+05:30,2232.100000,2275.000000,2232.100000,2273.000000,566
2015-05-28T10:15:00+05:30,2273.000000,2278.000000,2255.250000,2259.000000,589
2015-05-28T10:30:00+05:30,2255.850000,2258.950000,2250.000000,2250.000000,239
2015-05-28T10:45:00+05:30,2250.000000,2260.000000,2250.000000,2258.400000,226
2015-05-28T11:00:00+05:30,2258.400000,2265.800000,2252.200000,2252.200000,93
2015-05-28T11:15:00+05:30,2252.200000,2258.000000,2252.150000,2254.000000,85
2015-05-28T11:30:00+05:30,2254.000000,2254.000000,2248.050000,2248.050000,102
2015-05-28T11:45:00+05:30,2250.950000,2251.000000,2246.050000,2246.050000,42
2015-05-28T12:00:00+05:30,2246.050000,2260.000000,2246.050000,2257.800000,104
2015-05-28T12:15:00+05:30,2257.800000,2257.800000,2250.000000,2254.950000,68
2015-05-28T12:30:00+05:30,2254.950000,2255.000000,2251.100000,2251.650000,12
2015-05-28T12:45:00+05:30,2251.100000,2254.950000,2245.000000,2245.000000,164
2015-05-28T13:00:00+05:30,2245.000000,2250.000000,2245.000000,2245.050000,12
2015-05-28T13:15:00+05:30,2245.050000,2246.000000,2245.050000,2246.000000,64
2015-05-28T13:30:00+05:30,2246.000000,2249.950000,2245.200000,2246.000000,26
2015-05-28T13:45:00+05:30,2246.000000,2250.000000,2242.000000,2242.000000,311
2015-05-28T14:00:00+05:30,2242.000000,2242.000000,2234.950000,2235.000000,143
2015-05-28T14:15:00+05:30,2235.000000,2240.000000,2228.000000,2234.000000,131
2015-05-28T14:30:00+05:30,2233.950000,2234.000000,2225.000000,2225.000000,450
2015-05-28T14:45:00+05:30,2225.000000,2225.600000,2215.250000,2218.150000,534
2015-05-28T15:00:00+05:30,2218.150000,2218.150000,2208.050000,2209.600000,793
2015-05-28T15:15:00+05:30,2209.600000,2233.250000,2200.000000,2209.500000,2663
2015-05-29T09:15:00+05:30,2240.000000,2240.000000,2196.950000,2226.050000,314
2015-05-29T09:30:00+05:30,2226.050000,2236.700000,2226.050000,2230.000000,116
2015-05-29T09:45:00+05:30,2230.000000,2234.550000,2222.200000,2222.200000,49
2015-05-29T10:00:00+05:30,2222.200000,2233.900000,2220.950000,2225.900000,181
2015-05-29T10:15:00+05:30,2225.900000,2233.200000,2220.650000,2221.850000,166
2015-05-29T10:30:00+05:30,2225.400000,2228.450000,2196.000000,2219.950000,368
2015-05-29T10:45:00+05:30,2219.950000,2225.950000,2219.750000,2225.500000,76
2015-05-29T11:00:00+05:30,2225.000000,2232.700000,2224.650000,2227.000000,432
2015-05-29T11:15:00+05:30,2227.000000,2230.400000,2227.000000,2227.400000,392
2015-05-29T11:30:00+05:30,2227.400000,2227.400000,2219.200000,2219.950000,85
2015-05-29T11:45:00+05:30,2219.950000,2228.000000,2215.100000,2227.000000,83
2015-05-29T12:00:00+05:30,2227.000000,2227.000000,2215.100000,2215.100000,209
2015-05-29T12:15:00+05:30,2215.100000,2219.850000,2215.100000,2219.850000,45
2015-05-29T12:30:00+05:30,2219.850000,2219.850000,2215.100000,2215.100000,1
2015-05-29T12:45:00+05:30,2215.100000,2221.950000,2215.100000,2220.600000,88
2015-05-29T13:00:00+05:30,2220.600000,2221.000000,2215.100000,2218.250000,44
2015-05-29T13:15:00+05:30,2221.000000,2221.000000,2215.200000,2216.900000,232
2015-05-29T13:30:00+05:30,2216.900000,2218.550000,2212.000000,2213.700000,262
2015-05-29T13:45:00+05:30,2213.700000,2219.300000,2212.000000,2218.050000,328
2015-05-29T14:00:00+05:30,2218.050000,2220.500000,2214.200000,2214.950000,379
2015-05-29T14:15:00+05:30,2214.950000,2219.000000,2214.900000,2215.000000,1271
2015-05-29T14:30:00+05:30,2215.000000,2216.050000,2190.000000,2190.000000,1236
2015-05-29T14:45:00+05:30,2190.000000,2200.000000,2188.000000,2191.900000,3520
2015-05-29T15:00:00+05:30,2190.050000,2218.950000,2190.050000,2217.000000,4270
2015-05-29T15:15:00+05:30,2219.050000,2224.900000,2200.050000,2209.000000,7237
2015-06-01T09:15:00+05:30,2198.850000,2212.000000,2185.000000,2203.650000,372
2015-06-01T09:30:00+05:30,2203.650000,2207.950000,2202.450000,2206.250000,43
2015-06-01T09:45:00+05:30,2206.250000,2206.250000,2200.000000,2200.000000,130
2015-06-01T10:00:00+05:30,2200.000000,2204.950000,2188.000000,2203.350000,96
2015-06-01T10:15:00+05:30,2203.350000,2203.350000,2200.000000,2200.000000,142
2015-06-01T10:30:00+05:30,2200.000000,2200.000000,2199.950000,2200.000000,62
2015-06-01T10:45:00+05:30,2200.000000,2203.350000,2199.950000,2200.000000,86
2015-06-01T11:00:00+05:30,2200.000000,2200.000000,2199.000000,2199.000000,29
2015-06-01T11:15:00+05:30,2199.000000,2199.000000,2199.000000,2199.000000,0
2015-06-01T11:30:00+05:30,2199.000000,2200.000000,2195.000000,2195.000000,90
2015-06-01T11:45:00+05:30,2195.000000,2201.250000,2195.000000,2200.000000,60
2015-06-01T12:00:00+05:30,2200.000000,2200.000000,2195.000000,2196.500000,39
2015-06-01T12:15:00+05:30,2200.000000,2200.000000,2195.000000,2195.000000,67
2015-06-01T12:30:00+05:30,2195.000000,2195.000000,2195.000000,2195.000000,7
2015-06-01T12:45:00+05:30,2195.000000,2205.000000,2190.050000,2200.250000,143
2015-06-01T13:00:00+05:30,2200.250000,2200.250000,2196.600000,2197.000000,33
2015-06-01T13:15:00+05:30,2197.000000,2200.000000,2197.000000,2199.750000,168
2015-06-01T13:30:00+05:30,2199.100000,2200.000000,2199.100000,2200.000000,1
2015-06-01T13:45:00+05:30,2200.000000,2200.000000,2196.700000,2196.700000,27
2015-06-01T14:00:00+05:30,2196.700000,2198.950000,2196.700000,2196.700000,19
2015-06-01T14:15:00+05:30,2196.700000,2197.600000,2188.450000,2190.000000,142
2015-06-01T14:30:00+05:30,2190.000000,2199.000000,2188.500000,2198.000000,394
2015-06-01T14:45:00+05:30,2198.000000,2199.000000,2193.100000,2195.000000,709
2015-06-01T15:00:00+05:30,2195.000000,2198.000000,2188.000000,2197.000000,1083
2015-06-01T15:15:00+05:30,2197.000000,2197.000000,2185.000000,2185.000000,1229
2015-06-02T09:15:00+05:30,2170.200000,2186.800000,2170.200000,2180.200000,518
2015-06-02T09:30:00+05:30,2184.450000,2184.450000,2174.700000,2179.050000,149
2015-06-02T09:45:00+05:30,2179.050000,2183.000000,2179.000000,2182.550000,92
2015-06-02T10:00:00+05:30,2182.550000,2193.300000,2182.550000,2183.000000,138
2015-06-02T10:15:00+05:30,2183.000000,2185.000000,2182.500000,2182.550000,55
2015-06-02T10:30:00+05:30,2182.550000,2182.800000,2179.100000,2180.600000,85
2015-06-02T10:45:00+05:30,2180.600000,2182.400000,2180.600000,2180.600000,30
2015-06-02T11:00:00+05:30,2180.600000,2182.450000,2168.000000,2172.100000,402
2015-06-02T11:15:00+05:30,2172.100000,2175.000000,2167.450000,2168.000000,209
2015-06-02T11:30:00+05:30,2168.000000,2173.000000,2168.000000,2171.000000,129
2015-06-02T11:45:00+05:30,2171.000000,2171.000000,2170.000000,2170.000000,121
2015-06-02T12:00:00+05:30,2170.000000,2173.600000,2170.000000,2173.600000,24
2015-06-02T12:15:00+05:30,2173.600000,2181.000000,2173.600000,2176.000000,96
2015-06-02T12:30:00+05:30,2176.050000,2176.050000,2171.800000,2171.800000,56
2015-06-02T12:45:00+05:30,2171.800000,2172.850000,2171.050000,2172.850000,10
2015-06-02T13:00:00+05:30,2172.850000,2184.700000,2171.000000,2175.450000,94
2015-06-02T13:15:00+05:30,2175.450000,2179.050000,2170.500000,2170.500000,39
2015-06-02T13:30:00+05:30,2170.500000,2174.000000,2170.500000,2170.600000,29
2015-06-02T13:45:00+05:30,2170.600000,2172.450000,2168.000000,2170.000000,141
2015-06-02T14:00:00+05:30,2170.000000,2172.450000,2168.000000,2172.450000,46
2015-06-02T14:15:00+05:30,2172.450000,2172.450000,2149.900000,2150.550000,1654
2015-06-02T14:30:00+05:30,2150.550000,2160.350000,2150.050000,2155.850000,191
2015-06-02T14:45:00+05:30,2155.850000,2159.250000,2150.100000,2159.250000,186
2015-06-02T15:00:00+05:30,2159.250000,2160.000000,2150.700000,2151.000000,401
2015-06-02T15:15:00+05:30,2150.700000,2189.000000,2150.700000,2189.000000,2198
2015-06-03T09:15:00+05:30,2170.000000,2178.000000,2151.000000,2162.650000,397
2015-06-03T09:30:00+05:30,2162.650000,2162.650000,2149.950000,2150.000000,688
2015-06-03T09:45:00+05:30,2150.000000,2153.000000,2150.000000,2150.000000,42
2015-06-03T10:00:00+05:30,2152.950000,2153.000000,2150.000000,2150.100000,232
2015-06-03T10:15:00+05:30,2150.100000,2153.000000,2148.000000,2150.000000,120
2015-06-03T10:30:00+05:30,2150.000000,2150.000000,2142.000000,2143.250000,1804
2015-06-03T10:45:00+05:30,2143.250000,2150.000000,2143.250000,2149.950000,98
2015-06-03T11:00:00+05:30,2149.950000,2155.450000,2130.050000,2131.050000,782
2015-06-03T11:15:00+05:30,2131.050000,2132.000000,2126.900000,2130.000000,866
2015-06-03T11:30:00+05:30,2130.000000,2135.000000,2125.000000,2130.000000,915
2015-06-03T11:45:00+05:30,2130.000000,2135.000000,2130.000000,2130.000000,615
2015-06-03T12:00:00+05:30,2130.000000,2133.800000,2127.050000,2130.700000,853
2015-06-03T12:15:00+05:30,2130.000000,2132.900000,2110.000000,2120.000000,642
2015-06-03T12:30:00+05:30,2120.000000,2130.000000,2120.000000,2120.050000,371
2015-06-03T12:45:00+05:30,2120.050000,2131.800000,2120.050000,2129.950000,143
2015-06-03T13:00:00+05:30,2129.950000,2129.950000,2127.400000,2129.950000,170
2015-06-03T13:15:00+05:30,2130.000000,2133.800000,2119.950000,2127.000000,259
2015-06-03T13:30:00+05:30,2130.000000,2130.000000,2127.000000,2128.900000,388
2015-06-03T13:45:00+05:30,2128.900000,2130.000000,2128.000000,2130.000000,181
2015-06-03T14:00:00+05:30,2130.000000,2133.800000,2118.650000,2129.750000,11787
2015-06-03T14:15:00+05:30,2129.750000,2131.750000,2128.550000,2130.000000,157
2015-06-03T14:30:00+05:30,2126.350000,2131.700000,2125.350000,2130.950000,184
2015-06-03T14:45:00+05:30,2130.950000,2130.950000,2118.650000,2130.000000,661
2015-06-03T15:00:00+05:30,2130.000000,2140.150000,2128.000000,2129.950000,2880
2015-06-03T15:15:00+05:30,2129.950000,2140.050000,2122.100000,2130.000000,2757
2015-06-04T09:15:00+05:30,2100.000000,2129.950000,2100.000000,2111.000000,528
2015-06-04T09:30:00+05:30,2111.000000,2115.000000,2104.950000,2109.750000,586
2015-06-04T09:45:00+05:30,2109.750000,2109.950000,2106.800000,2109.850000,12
2015-06-04T10:00:00+05:30,2109.850000,2109.950000,2104.650000,2106.650000,280
2015-06-04T10:15:00+05:30,2106.650000,2110.000000,2085.000000,2090.000000,979
2015-06-04T10:30:00+05:30,2090.000000,2090.000000,2085.550000,2089.000000,302
2015-06-04T10:45:00+05:30,2089.000000,2093.800000,2088.000000,2089.550000,215
2015-06-04T11:00:00+05:30,2089.550000,2099.000000,2089.000000,2098.900000,60328
2015-06-04T11:15:00+05:30,2098.900000,2101.000000,2098.900000,2100.050000,55
2015-06-04T11:30:00+05:30,2100.050000,2100.050000,2085.000000,2086.000000,167
2015-06-04T11:45:00+05:30,2092.150000,2092.150000,2087.050000,2091.050000,49
2015-06-04T12:00:00+05:30,2091.050000,2091.100000,2088.300000,2091.100000,47
2015-06-04T12:15:00+05:30,2091.100000,2101.000000,2091.100000,2101.000000,54
2015-06-04T12:30:00+05:30,2099.950000,2099.950000,2095.100000,2095.100000,9
2015-06-04T12:45:00+05:30,2095.100000,2098.750000,2095.100000,2098.750000,26
2015-06-04T13:00:00+05:30,2098.750000,2099.800000,2095.150000,2097.000000,186
2015-06-04T13:15:00+05:30,2097.000000,2098.000000,2093.250000,2098.000000,600
2015-06-04T13:30:00+05:30,2098.000000,2100.050000,2090.050000,2090.050000,167
2015-06-04T13:45:00+05:30,2090.050000,2102.950000,2090.050000,2102.950000,167
2015-06-04T14:00:00+05:30,2102.950000,2102.950000,2097.550000,2097.550000,16
2015-06-04T14:15:00+05:30,2097.550000,2100.000000,2092.200000,2100.000000,157
2015-06-04T14:30:00+05:30,2100.000000,2100.000000,2091.150000,2096.400000,523
2015-06-04T14:45:00+05:30,2096.400000,2099.950000,2091.150000,2095.000000,221
2015-06-04T15:00:00+05:30,2095.000000,2110.000000,2077.000000,2110.000000,2377
2015-06-04T15:15:00+05:30,2113.950000,2123.950000,2095.050000,2100.000000,5326
2015-06-05T09:15:00+05:30,2102.200000,2124.950000,2077.000000,2093.000000,365
2015-06-05T09:30:00+05:30,2093.000000,2093.000000,2087.800000,2087.800000,46
2015-06-05T09:45:00+05:30,2087.800000,2092.150000,2080.500000,2092.150000,93
2015-06-05T10:00:00+05:30,2092.150000,2095.500000,2090.050000,2092.400000,95
2015-06-05T10:15:00+05:30,2092.400000,2095.200000,2081.150000,2081.150000,217
2015-06-05T10:30:00+05:30,2086.650000,2090.000000,2084.550000,2089.900000,67
2015-06-05T10:45:00+05:30,2089.900000,2095.450000,2085.650000,2094.400000,27
2015-06-05T11:00:00+05:30,2094.400000,2094.400000,2085.650000,2090.000000,67
2015-06-05T11:15:00+05:30,2090.000000,2090.000000,2090.000000,2090.000000,1
2015-06-05T11:30:00+05:30,2090.000000,2090.000000,2089.050000,2089.100000,25
2015-06-05T11:45:00+05:30,2089.100000,2094.700000,2089.100000,2094.600000,320
2015-06-05T12:00:00+05:30,2094.600000,2096.000000,2093.500000,2094.600000,986
2015-06-05T12:15:00+05:30,2095.000000,2100.000000,2094.600000,2096.050000,660
2015-06-05T12:30:00+05:30,2096.050000,2100.000000,2091.150000,2091.350000,623
2015-06-05T12:45:00+05:30,2091.350000,2094.900000,2091.350000,2094.900000,26
2015-06-05T13:00:00+05:30,2094.900000,2100.000000,2094.900000,2100.000000,48
2015-06-05T13:15:00+05:30,2100.000000,2100.000000,2091.450000,2091.500000,54
2015-06-05T13:30:00+05:30,2091.500000,2096.500000,2091.500000,2096.500000,38
2015-06-05T13:45:00+05:30,2096.500000,2099.900000,2093.400000,2096.700000,50
2015-06-05T14:00:00+05:30,2096.700000,2097.800000,2095.300000,2095.300000,45
2015-06-05T14:15:00+05:30,2095.100000,2099.000000,2095.100000,2097.100000,81
2015-06-05T14:30:00+05:30,2097.100000,2100.000000,2092.500000,2092.500000,319
2015-06-05T14:45:00+05:30,2092.500000,2096.400000,2092.200000,2092.200000,141
2015-06-05T15:00:00+05:30,2092.200000,2092.200000,2085.000000,2087.200000,160
2015-06-05T15:15:00+05:30,2087.200000,2100.000000,2073.000000,2073.000000,1728
2015-06-08T09:15:00+05:30,2085.000000,2098.500000,2063.000000,2089.000000,392
2015-06-08T09:30:00+05:30,2079.350000,2083.850000,2079.350000,2080.000000,31
2015-06-08T09:45:00+05:30,2080.000000,2080.000000,2064.300000,2073.600000,74
2015-06-08T10:00:00+05:30,2073.600000,2081.500000,2070.000000,2071.050000,214
2015-06-08T10:15:00+05:30,2071.050000,2075.100000,2070.800000,2072.750000,35
2015-06-08T10:30:00+05:30,2072.750000,2073.400000,2070.000000,2070.000000,72
2015-06-08T10:45:00+05:30,2070.000000,2080.000000,2068.000000,2074.550000,78
2015-06-08T11:00:00+05:30,2074.550000,2077.000000,2070.050000,2071.500000,1561
2015-06-08T11:15:00+05:30,2071.500000,2071.500000,2060.000000,2061.300000,194
2015-06-08T11:30:00+05:30,2061.300000,2068.450000,2061.000000,2061.000000,109
2015-06-08T11:45:00+05:30,2061.000000,2067.400000,2061.000000,2062.250000,51
2015-06-08T12:00:00+05:30,2062.250000,2062.250000,2055.950000,2055.950000,140
2015-06-08T12:15:00+05:30,2055.000000,2055.000000,2051.000000,2052.900000,55
2015-06-08T12:30:00+05:30,2051.100000,2053.700000,2034.000000,2037.350000,283
2015-06-08T12:45:00+05:30,2037.350000,2040.000000,2036.100000,2037.900000,76
2015-06-08T13:00:00+05:30,2037.900000,2038.400000,2036.700000,2038.300000,62
2015-06-08T13:15:00+05:30,2038.300000,2040.000000,2034.950000,2034.950000,130
2015-06-08T13:30:00+05:30,2034.950000,2036.950000,2028.750000,2030.000000,367
2015-06-08T13:45:00+05:30,2030.000000,2034.900000,2021.300000,2023.450000,214
2015-06-08T14:00:00+05:30,2023.450000,2030.000000,2023.450000,2030.000000,365
2015-06-08T14:15:00+05:30,2030.000000,2050.000000,2027.750000,2039.950000,563
2015-06-08T14:30:00+05:30,2039.950000,2040.000000,2036.000000,2040.000000,72
2015-06-08T14:45:00+05:30,2036.000000,2040.000000,2030.550000,2032.800000,59
2015-06-08T15:00:00+05:30,2032.800000,2040.000000,2023.950000,2030.000000,869
2015-06-08T15:15:00+05:30,2030.000000,2031.000000,2014.800000,2020.200000,1578
2015-06-09T09:15:00+05:30,2006.050000,2019.000000,2006.050000,2019.000000,361
2015-06-09T09:30:00+05:30,2018.000000,2026.950000,2014.000000,2019.000000,243
2015-06-09T09:45:00+05:30,2019.000000,2025.400000,2014.000000,2014.000000,98
2015-06-09T10:00:00+05:30,2014.000000,2016.000000,2000.000000,2000.000000,671
2015-06-09T10:15:00+05:30,2000.000000,2005.450000,2000.000000,2005.450000,73
2015-06-09T10:30:00+05:30,2005.450000,2007.000000,2000.000000,2005.000000,145
2015-06-09T10:45:00+05:30,2005.000000,2005.000000,1999.950000,2000.000000,3885
2015-06-09T11:00:00+05:30,2000.000000,2000.000000,1978.900000,1980.000000,600
2015-06-09T11:15:00+05:30,1980.000000,1987.500000,1979.950000,1987.000000,293
2015-06-09T11:30:00+05:30,1987.000000,1995.000000,1987.000000,1995.000000,95
2015-06-09T11:45:00+05:30,1995.000000,1995.000000,1990.750000,1994.500000,92
2015-06-09T12:00:00+05:30,1994.500000,1999.000000,1993.050000,1993.050000,87
2015-06-09T12:15:00+05:30,1999.000000,1999.150000,1993.050000,1998.000000,51
2015-06-09T12:30:00+05:30,1998.000000,2000.000000,1997.050000,2000.000000,150
2015-06-09T12:45:00+05:30,2000.000000,2001.050000,1998.800000,2001.050000,91
2015-06-09T13:00:00+05:30,2001.050000,2005.000000,2001.050000,2005.000000,89
2015-06-09T13:15:00+05:30,2005.000000,2005.000000,2001.550000,2004.950000,115
2015-06-09T13:30:00+05:30,2004.950000,2004.950000,2001.600000,2004.000000,75
2015-06-09T13:45:00+05:30,2004.000000,2004.000000,2000.050000,2000.050000,85
2015-06-09T14:00:00+05:30,2000.050000,2003.350000,1998.550000,2001.450000,84
2015-06-09T14:15:00+05:30,2001.450000,2001.450000,1998.600000,2001.000000,116
2015-06-09T14:30:00+05:30,2001.000000,2001.000000,1987.650000,1991.450000,145
2015-06-09T14:45:00+05:30,1991.450000,1991.450000,1987.000000,1987.100000,198
2015-06-09T15:00:00+05:30,1987.100000,2000.200000,1985.000000,2000.100000,848
2015-06-09T15:15:00+05:30,1995.250000,2038.200000,1985.000000,2020.000000,2377
2015-06-10T09:15:00+05:30,2051.850000,2051.850000,1888.700000,1970.000000,6404
2015-06-10T09:30:00+05:30,1970.000000,1985.000000,1969.000000,1984.800000,660
2015-06-10T09:45:00+05:30,1984.800000,1990.000000,1977.000000,1987.000000,591
2015-06-10T10:00:00+05:30,1987.000000,1990.000000,1984.000000,1984.500000,587
2015-06-10T10:15:00+05:30,1984.500000,1990.000000,1982.000000,1982.000000,554
2015-06-10T10:30:00+05:30,1982.000000,1988.000000,1981.150000,1986.600000,245
2015-06-10T10:45:00+05:30,1986.600000,1990.000000,1983.450000,1983.450000,154
2015-06-10T11:00:00+05:30,1983.450000,1990.000000,1983.450000,1985.950000,181
2015-06-10T11:15:00+05:30,1989.750000,1997.000000,1988.000000,1997.000000,606
2015-06-10T11:30:00+05:30,1997.000000,1997.000000,1991.000000,1991.950000,93
2015-06-10T11:45:00+05:30,1991.950000,1991.950000,1985.850000,1990.800000,44
2015-06-10T12:00:00+05:30,1990.800000,1995.000000,1985.600000,1995.000000,465
2015-06-10T12:15:00+05:30,1995.000000,1997.100000,1990.000000,1996.950000,240
2015-06-10T12:30:00+05:30,1996.950000,1997.100000,1993.300000,1995.650000,153
2015-06-10T12:45:00+05:30,1995.650000,1997.100000,1995.000000,1995.000000,18
2015-06-10T13:00:00+05:30,1995.000000,2000.000000,1995.000000,1998.250000,1180
2015-06-10T13:15:00+05:30,1998.250000,1999.900000,1998.000000,1998.000000,49
2015-06-10T13:30:00+05:30,1998.000000,2000.000000,1995.050000,1995.050000,82
2015-06-10T13:45:00+05:30,1995.050000,1999.700000,1995.050000,1996.050000,23
2015-06-10T14:00:00+05:30,1995.000000,1998.850000,1990.000000,1991.250000,409
2015-06-10T14:15:00+05:30,1996.000000,1996.950000,1991.000000,1996.950000,153
2015-06-10T14:30:00+05:30,1996.950000,1999.900000,1995.000000,1999.000000,272
2015-06-10T14:45:00+05:30,1993.250000,1998.000000,1990.000000,1994.050000,394
2015-06-10T15:00:00+05:30,1994.050000,1995.050000,1980.500000,1993.250000,981
2015-06-10T15:15:00+05:30,1993.250000,2000.000000,1980.500000,1984.700000,3022
2015-06-11T09:15:00+05:30,2002.150000,2010.000000,1990.000000,1997.000000,229
2015-06-11T09:30:00+05:30,1997.000000,1998.950000,1994.000000,1996.550000,154
2015-06-11T09:45:00+05:30,1996.550000,1999.800000,1981.500000,1992.000000,479
2015-06-11T10:00:00+05:30,1992.000000,1998.200000,1992.000000,1992.000000,307
2015-06-11T10:15:00+05:30,1992.000000,1992.000000,1970.000000,1979.000000,1294
2015-06-11T10:30:00+05:30,1979.000000,1987.200000,1975.150000,1986.000000,113
2015-06-11T10:45:00+05:30,1986.000000,1986.000000,1980.050000,1984.900000,124
2015-06-11T11:00:00+05:30,1980.000000,1984.000000,1978.500000,1978.500000,74
2015-06-11T11:15:00+05:30,1978.500000,1981.000000,1975.000000,1977.050000,126
2015-06-11T11:30:00+05:30,1977.050000,1985.000000,1977.050000,1984.000000,216
2015-06-11T11:45:00+05:30,1984.000000,1984.850000,1980.200000,1984.300000,45
2015-06-11T12:00:00+05:30,1984.300000,1984.300000,1979.100000,1982.950000,194
2015-06-11T12:15:00+05:30,1984.000000,1984.000000,1978.950000,1983.800000,215
2015-06-11T12:30:00+05:30,1983.800000,1984.000000,1980.050000,1984.000000,111
2015-06-11T12:45:00+05:30,1984.000000,1984.000000,1980.200000,1980.200000,23
2015-06-11T13:00:00+05:30,1983.900000,1983.900000,1979.250000,1980.000000,272
2015-06-11T13:15:00+05:30,1980.000000,1980.000000,1977.050000,1980.000000,94
2015-06-11T13:30:00+05:30,1980.000000,1982.950000,1976.150000,1978.050000,21
2015-06-11T13:45:00+05:30,1978.050000,1982.900000,1978.050000,1980.000000,185
2015-06-11T14:00:00+05:30,1980.000000,1980.000000,1975.150000,1978.100000,146
2015-06-11T14:15:00+05:30,1978.100000,1980.000000,1975.000000,1975.000000,202
2015-06-11T14:30:00+05:30,1975.000000,1975.000000,1965.200000,1971.850000,554
2015-06-11T14:45:00+05:30,1971.850000,1971.950000,1962.250000,1964.000000,559
2015-06-11T15:00:00+05:30,1964.000000,1970.650000,1958.250000,1968.950000,1238
2015-06-11T15:15:00+05:30,1968.950000,1988.600000,1961.300000,1975.000000,3867
2015-06-12T09:15:00+05:30,1961.500000,1961.550000,1953.000000,1960.000000,509
2015-06-12T09:30:00+05:30,1960.000000,1960.000000,1945.600000,1948.000000,476
2015-06-12T09:45:00+05:30,1948.000000,1949.900000,1925.000000,1929.000000,1280
2015-06-12T10:00:00+05:30,1929.000000,1934.450000,1927.000000,1930.300000,767
2015-06-12T10:15:00+05:30,1930.300000,1941.000000,1905.000000,1923.950000,1620
2015-06-12T10:30:00+05:30,1923.950000,1928.900000,1921.000000,1922.000000,292
2015-06-12T10:45:00+05:30,1922.000000,1925.000000,1922.000000,1925.000000,217
2015-06-12T11:00:00+05:30,1925.000000,1927.750000,1920.000000,1920.000000,220
2015-06-12T11:15:00+05:30,1920.000000,1923.000000,1911.000000,1919.950000,431
2015-06-12T11:30:00+05:30,1919.950000,1927.750000,1919.950000,1923.100000,372
2015-06-12T11:45:00+05:30,1923.100000,1928.000000,1923.100000,1925.900000,71
2015-06-12T12:00:00+05:30,1925.900000,1945.000000,1923.700000,1945.000000,1858
2015-06-12T12:15:00+05:30,1948.000000,1961.000000,1932.050000,1935.000000,2382
2015-06-12T12:30:00+05:30,1935.000000,1938.800000,1930.000000,1930.000000,136
2015-06-12T12:45:00+05:30,1930.000000,1930.000000,1925.050000,1929.950000,54
2015-06-12T13:00:00+05:30,1929.950000,1959.700000,1926.050000,1930.000000,864
2015-06-12T13:15:00+05:30,1930.000000,1931.950000,1925.100000,1931.950000,51
2015-06-12T13:30:00+05:30,1931.950000,1932.000000,1929.000000,1929.000000,197
2015-06-12T13:45:00+05:30,1929.000000,1934.000000,1925.100000,1932.000000,248
2015-06-12T14:00:00+05:30,1932.000000,1934.000000,1928.000000,1928.000000,73
2015-06-12T14:15:00+05:30,1928.000000,1934.000000,1928.000000,1933.950000,273
2015-06-12T14:30:00+05:30,1933.950000,1936.050000,1928.000000,1933.800000,321
2015-06-12T14:45:00+05:30,1933.800000,1935.600000,1932.050000,1935.600000,208
2015-06-12T15:00:00+05:30,1935.600000,1937.400000,1931.550000,1934.600000,950
2015-06-12T15:15:00+05:30,1934.600000,1950.000000,1931.250000,1938.900000,3626
2015-06-15T09:15:00+05:30,1938.000000,1955.350000,1938.000000,1943.650000,187
2015-06-15T09:30:00+05:30,1943.650000,1947.950000,1938.050000,1946.050000,141
2015-06-15T09:45:00+05:30,1946.050000,1947.000000,1940.050000,1946.000000,231
2015-06-15T10:00:00+05:30,1946.000000,1948.800000,1940.050000,1940.050000,192
2015-06-15T10:15:00+05:30,1940.050000,1944.950000,1931.800000,1934.950000,455
2015-06-15T10:30:00+05:30,1934.950000,1944.000000,1934.750000,1944.000000,103
2015-06-15T10:45:00+05:30,1944.000000,1944.000000,1940.000000,1943.700000,367
2015-06-15T11:00:00+05:30,1943.700000,1945.800000,1940.050000,1942.100000,133
2015-06-15T11:15:00+05:30,1942.100000,1947.950000,1940.000000,1946.350000,121
2015-06-15T11:30:00+05:30,1946.350000,1946.350000,1940.100000,1942.450000,108
2015-06-15T11:45:00+05:30,1942.450000,1947.000000,1942.450000,1945.000000,1333
2015-06-15T12:00:00+05:30,1945.000000,1947.700000,1944.050000,1945.050000,82
2015-06-15T12:15:00+05:30,1945.000000,1945.000000,1944.250000,1944.250000,123
2015-06-15T12:30:00+05:30,1944.250000,1945.000000,1940.000000,1940.000000,257
2015-06-15T12:45:00+05:30,1939.950000,1939.950000,1937.000000,1937.000000,37
2015-06-15T13:00:00+05:30,1937.000000,1938.950000,1931.150000,1938.950000,63
2015-06-15T13:15:00+05:30,1938.950000,1950.300000,1938.950000,1947.200000,250
2015-06-15T13:30:00+05:30,1947.200000,1949.900000,1945.050000,1947.700000,34
2015-06-15T13:45:00+05:30,1947.700000,1950.000000,1946.000000,1946.000000,188
2015-06-15T14:00:00+05:30,1946.000000,1946.550000,1944.000000,1945.600000,27
2015-06-15T14:15:00+05:30,1945.600000,1947.000000,1942.000000,1942.000000,117
2015-06-15T14:30:00+05:30,1942.000000,1946.950000,1930.250000,1930.250000,350
2015-06-15T14:45:00+05:30,1930.250000,1935.000000,1923.000000,1925.000000,328
2015-06-15T15:00:00+05:30,1925.000000,1941.100000,1925.000000,1941.100000,257
2015-06-15T15:15:00+05:30,1941.100000,1945.050000,1921.000000,1928.000000,2987
2015-06-16T09:15:00+05:30,1938.000000,1938.000000,1923.000000,1934.000000,174
2015-06-16T09:30:00+05:30,1934.000000,1934.000000,1923.050000,1931.050000,209
2015-06-16T09:45:00+05:30,1931.050000,1935.700000,1930.050000,1934.000000,88
2015-06-16T10:00:00+05:30,1934.000000,1935.000000,1923.000000,1931.000000,9395
2015-06-16T10:15:00+05:30,1931.000000,1934.000000,1931.000000,1931.000000,137
2015-06-16T10:30:00+05:30,1931.000000,1934.000000,1931.000000,1931.000000,201
2015-06-16T10:45:00+05:30,1931.000000,1934.950000,1930.000000,1934.000000,791
2015-06-16T11:00:00+05:30,1931.500000,1935.000000,1931.000000,1931.050000,857
2015-06-16T11:15:00+05:30,1931.050000,1936.000000,1930.150000,1931.000000,358
2015-06-16T11:30:00+05:30,1931.000000,1934.900000,1931.000000,1932.000000,288
2015-06-16T11:45:00+05:30,1932.000000,1933.950000,1931.000000,1931.000000,170
2015-06-16T12:00:00+05:30,1931.000000,1931.000000,1931.000000,1931.000000,27
2015-06-16T12:15:00+05:30,1934.000000,1934.000000,1930.000000,1934.000000,2351
2015-06-16T12:30:00+05:30,1934.000000,1934.000000,1931.050000,1931.050000,8
2015-06-16T12:45:00+05:30,1930.150000,1933.950000,1930.150000,1931.050000,27
2015-06-16T13:00:00+05:30,1931.050000,1933.950000,1930.200000,1930.200000,69
2015-06-16T13:15:00+05:30,1930.200000,1931.100000,1930.200000,1931.100000,26
2015-06-16T13:30:00+05:30,1931.100000,1933.950000,1931.100000,1933.500000,7
2015-06-16T13:45:00+05:30,1933.500000,1933.950000,1931.000000,1931.050000,64
2015-06-16T14:00:00+05:30,1931.000000,1934.000000,1931.000000,1933.950000,113
2015-06-16T14:15:00+05:30,1933.950000,1934.050000,1933.950000,1934.050000,81
2015-06-16T14:30:00+05:30,1935.000000,1947.000000,1934.000000,1935.000000,593
2015-06-16T14:45:00+05:30,1935.000000,1940.000000,1933.950000,1940.000000,283
2015-06-16T15:00:00+05:30,1940.000000,1945.000000,1934.100000,1945.000000,205
2015-06-16T15:15:00+05:30,1945.000000,1975.000000,1931.100000,1939.750000,3120
2015-06-17T09:15:00+05:30,0.000000,1965.150000,0.000000,1962.000000,842
2015-06-17T09:30:00+05:30,1961.050000,1970.000000,1960.000000,1961.000000,997
2015-06-17T09:45:00+05:30,1961.000000,1969.500000,1944.950000,1949.400000,362
2015-06-17T10:00:00+05:30,1949.400000,1968.000000,1949.400000,1963.750000,231
2015-06-17T10:15:00+05:30,1963.750000,1966.000000,1960.300000,1960.300000,77
2015-06-17T10:30:00+05:30,1965.000000,1985.350000,1965.000000,1985.000000,1008
2015-06-17T10:45:00+05:30,1986.950000,1994.850000,1973.000000,1982.000000,832
2015-06-17T11:00:00+05:30,1982.000000,1982.000000,1974.250000,1975.050000,82
2015-06-17T11:15:00+05:30,1975.050000,1990.000000,1975.050000,1984.950000,180
2015-06-17T11:30:00+05:30,1984.500000,2010.000000,1984.350000,1998.400000,1535
2015-06-17T11:45:00+05:30,1998.400000,2000.000000,1991.050000,1996.950000,341
2015-06-17T12:00:00+05:30,1996.950000,1996.950000,1992.050000,1996.800000,100
2015-06-17T12:15:00+05:30,1996.800000,2000.000000,1990.000000,1995.750000,604
2015-06-17T12:30:00+05:30,1995.750000,1995.750000,1991.250000,1993.200000,24
2015-06-17T12:45:00+05:30,1993.200000,1993.200000,1975.200000,1975.250000,16655
2015-06-17T13:00:00+05:30,1975.250000,1978.000000,1975.250000,1975.600000,46
2015-06-17T13:15:00+05:30,1979.050000,1983.050000,1977.950000,1983.050000,169
2015-06-17T13:30:00+05:30,1985.000000,1987.000000,1985.000000,1986.000000,312
2015-06-17T13:45:00+05:30,1986.000000,1988.000000,1983.000000,1983.000000,125
2015-06-17T14:00:00+05:30,1983.000000,1986.900000,1980.300000,1984.600000,303
2015-06-17T14:15:00+05:30,1985.600000,1985.600000,1980.000000,1980.000000,53
2015-06-17T14:30:00+05:30,1980.000000,1984.450000,1980.000000,1984.450000,79
2015-06-17T14:45:00+05:30,1984.450000,1985.000000,1974.000000,1983.700000,408
2015-06-17T15:00:00+05:30,1983.650000,1983.650000,1970.000000,1977.950000,443
2015-06-17T15:15:00+05:30,1977.950000,1979.900000,1955.000000,1975.000000,15910
2015-06-18T09:15:00+05:30,0.000000,2005.000000,0.000000,1991.950000,403
2015-06-18T09:30:00+05:30,1992.000000,2004.050000,1990.600000,2004.050000,296
2015-06-18T09:45:00+05:30,2005.000000,2015.950000,2002.150000,2011.000000,838
2015-06-18T10:00:00+05:30,2013.950000,2015.000000,2006.350000,2009.050000,186
2015-06-18T10:15:00+05:30,2009.050000,2023.900000,2006.100000,2019.100000,555
2015-06-18T10:30:00+05:30,2019.100000,2019.100000,2009.000000,2009.500000,195
2015-06-18T10:45:00+05:30,2009.500000,2009.950000,2006.550000,2007.000000,152
2015-06-18T11:00:00+05:30,2007.000000,2013.950000,2006.300000,2013.950000,112
2015-06-18T11:15:00+05:30,2013.950000,2013.950000,2009.000000,2010.000000,54
2015-06-18T11:30:00+05:30,2010.000000,2010.000000,2008.500000,2008.500000,80
2015-06-18T11:45:00+05:30,2008.500000,2009.000000,2002.000000,2009.000000,544
2015-06-18T12:00:00+05:30,2009.000000,2009.000000,2002.050000,2002.050000,33
2015-06-18T12:15:00+05:30,2002.050000,2005.000000,1997.000000,1998.000000,275
2015-06-18T12:30:00+05:30,1998.000000,2003.000000,1998.000000,1999.000000,22
2015-06-18T12:45:00+05:30,1999.000000,2006.000000,1998.000000,2005.000000,34
2015-06-18T13:00:00+05:30,2005.000000,2005.000000,1999.950000,2000.950000,101
2015-06-18T13:15:00+05:30,2000.850000,2001.050000,2000.800000,2001.000000,114
2015-06-18T13:30:00+05:30,2001.000000,2004.000000,2001.000000,2001.000000,10
2015-06-18T13:45:00+05:30,2001.000000,2004.000000,2001.000000,2004.000000,15
2015-06-18T14:00:00+05:30,2004.000000,2007.000000,2000.000000,2002.000000,223
2015-06-18T14:15:00+05:30,2002.000000,2002.000000,1999.100000,2001.000000,32
2015-06-18T14:30:00+05:30,2001.000000,2001.000000,1995.200000,2001.000000,45
2015-06-18T14:45:00+05:30,2001.000000,2001.000000,1995.200000,1998.100000,115
2015-06-18T15:00:00+05:30,1998.100000,2003.000000,1998.100000,2002.950000,1732
2015-06-18T15:15:00+05:30,2002.950000,2002.950000,1996.000000,1996.050000,2367
2015-06-19T09:15:00+05:30,0.000000,2015.950000,0.000000,2015.950000,240
2015-06-19T09:30:00+05:30,2015.950000,2017.700000,2009.300000,2009.300000,100
2015-06-19T09:45:00+05:30,2009.300000,2013.950000,2005.600000,2009.150000,556
2015-06-19T10:00:00+05:30,2009.150000,2009.550000,1988.000000,1998.100000,541
2015-06-19T10:15:00+05:30,1998.100000,1999.000000,1997.300000,1999.000000,33
2015-06-19T10:30:00+05:30,1999.000000,2007.950000,1998.100000,2006.000000,133
2015-06-19T10:45:00+05:30,2006.000000,2012.000000,2005.800000,2012.000000,191
2015-06-19T11:00:00+05:30,2012.000000,2016.000000,2000.050000,2005.000000,396
2015-06-19T11:15:00+05:30,2005.000000,2042.000000,2005.000000,2036.600000,1290
2015-06-19T11:30:00+05:30,2043.000000,2043.000000,2020.000000,2027.000000,591
2015-06-19T11:45:00+05:30,2027.000000,2031.000000,2025.000000,2028.750000,267
2015-06-19T12:00:00+05:30,2028.750000,2029.550000,2022.850000,2022.850000,173
2015-06-19T12:15:00+05:30,2022.850000,2026.000000,2012.000000,2012.000000,244
2015-06-19T12:30:00+05:30,2012.000000,2012.000000,2005.600000,2010.000000,294
2015-06-19T12:45:00+05:30,2010.000000,2010.950000,2009.100000,2010.950000,34
2015-06-19T13:00:00+05:30,2010.950000,2012.000000,2008.750000,2008.750000,161
2015-06-19T13:15:00+05:30,2008.750000,2012.050000,2008.750000,2009.050000,491
2015-06-19T13:30:00+05:30,2009.050000,2011.650000,2009.000000,2011.650000,32
2015-06-19T13:45:00+05:30,2011.650000,2012.400000,2010.000000,2011.100000,58
2015-06-19T14:00:00+05:30,2011.100000,2011.100000,2010.000000,2011.000000,85
2015-06-19T14:15:00+05:30,2010.000000,2011.000000,2010.000000,2010.200000,37
2015-06-19T14:30:00+05:30,2010.200000,2010.500000,2010.200000,2010.200000,230
2015-06-19T14:45:00+05:30,2010.200000,2011.000000,2010.000000,2011.000000,145
2015-06-19T15:00:00+05:30,2005.000000,2014.000000,1994.150000,2005.000000,1733
2015-06-19T15:15:00+05:30,2005.000000,2011.150000,1995.050000,2000.000000,2246
2015-06-22T09:15:00+05:30,2023.000000,2023.000000,2006.000000,2009.000000,227
2015-06-22T09:30:00+05:30,2006.000000,2011.000000,2005.100000,2006.050000,320
2015-06-22T09:45:00+05:30,2006.050000,2011.000000,2006.000000,2006.000000,650
2015-06-22T10:00:00+05:30,2006.000000,2010.000000,1999.000000,1999.950000,709
2015-06-22T10:15:00+05:30,1999.950000,2000.000000,1994.000000,1994.800000,812
2015-06-22T10:30:00+05:30,1994.800000,1994.950000,1988.000000,1994.950000,243
2015-06-22T10:45:00+05:30,1994.950000,1994.950000,1988.700000,1990.000000,132
2015-06-22T11:00:00+05:30,1990.000000,1995.000000,1988.100000,1992.000000,763
2015-06-22T11:15:00+05:30,1992.000000,1995.000000,1981.000000,1987.950000,1830
2015-06-22T11:30:00+05:30,1987.950000,1993.900000,1985.000000,1993.450000,165
2015-06-22T11:45:00+05:30,1993.450000,1993.450000,1988.000000,1989.950000,352
2015-06-22T12:00:00+05:30,1989.950000,1990.000000,1987.000000,1990.000000,462
2015-06-22T12:15:00+05:30,1990.000000,1990.000000,1987.700000,1989.850000,433
2015-06-22T12:30:00+05:30,1989.850000,1990.000000,1987.500000,1989.950000,618
2015-06-22T12:45:00+05:30,1989.950000,1997.050000,1986.650000,1994.950000,740
2015-06-22T13:00:00+05:30,1994.950000,1995.950000,1994.000000,1994.050000,180
2015-06-22T13:15:00+05:30,1994.550000,1996.300000,1993.400000,1993.400000,118
2015-06-22T13:30:00+05:30,1993.400000,1996.300000,1993.050000,1993.050000,311
2015-06-22T13:45:00+05:30,1993.050000,2000.000000,1990.100000,2000.000000,394
2015-06-22T14:00:00+05:30,2000.000000,2000.800000,1998.500000,1998.750000,538
2015-06-22T14:15:00+05:30,1998.750000,1999.900000,1996.050000,1996.050000,214
2015-06-22T14:30:00+05:30,1996.050000,1998.650000,1996.000000,1998.550000,379
2015-06-22T14:45:00+05:30,1998.550000,1998.900000,1996.050000,1998.850000,377
2015-06-22T15:00:00+05:30,1998.850000,2000.000000,1996.000000,1999.950000,906
2015-06-22T15:15:00+05:30,1999.950000,1999.950000,1994.000000,1997.850000,1231
2015-06-23T09:15:00+05:30,2019.000000,2019.000000,2000.050000,2007.500000,450
2015-06-23T09:30:00+05:30,2007.500000,2007.500000,2003.000000,2004.000000,366
2015-06-23T09:45:00+05:30,2004.000000,2006.950000,2004.000000,2004.000000,38
2015-06-23T10:00:00+05:30,2004.000000,2005.350000,2002.000000,2004.100000,333
2015-06-23T10:15:00+05:30,2004.100000,2004.750000,1999.700000,2003.950000,352
2015-06-23T10:30:00+05:30,2003.950000,2003.950000,1998.800000,2000.000000,218
2015-06-23T10:45:00+05:30,2000.000000,2000.000000,1997.450000,1999.000000,75
2015-06-23T11:00:00+05:30,1999.000000,2000.000000,1988.000000,1994.900000,732
2015-06-23T11:15:00+05:30,1994.900000,1999.850000,1992.000000,1998.950000,110
2015-06-23T11:30:00+05:30,1998.950000,2000.000000,1998.200000,1999.950000,206
2015-06-23T11:45:00+05:30,1999.950000,2000.000000,1994.500000,1996.000000,261
2015-06-23T12:00:00+05:30,1992.150000,2000.000000,1992.150000,1996.550000,268
2015-06-23T12:15:00+05:30,1996.550000,2000.000000,1996.550000,2000.000000,243
2015-06-23T12:30:00+05:30,2000.000000,2000.000000,1996.400000,1997.000000,73
2015-06-23T12:45:00+05:30,1997.000000,2000.000000,1990.900000,2000.000000,207
2015-06-23T13:00:00+05:30,2000.000000,2000.000000,1989.950000,2000.000000,304
2015-06-23T13:15:00+05:30,2000.000000,2000.650000,1998.350000,2000.650000,94
2015-06-23T13:30:00+05:30,2000.650000,2000.700000,2000.000000,2000.000000,132
2015-06-23T13:45:00+05:30,2000.000000,2000.650000,1995.000000,1995.000000,275
2015-06-23T14:00:00+05:30,1995.000000,1998.800000,1991.200000,1996.000000,137
2015-06-23T14:15:00+05:30,1996.000000,1996.050000,1994.850000,1995.000000,343
2015-06-23T14:30:00+05:30,1995.000000,1996.000000,1990.250000,1993.050000,2949
2015-06-23T14:45:00+05:30,1994.950000,1995.050000,1992.100000,1993.000000,310
2015-06-23T15:00:00+05:30,1993.000000,1995.000000,1992.500000,1993.050000,203
2015-06-23T15:15:00+05:30,1993.050000,1995.000000,1990.000000,1990.550000,595
2015-06-24T09:15:00+05:30,1992.750000,2001.950000,1986.000000,2001.950000,124
2015-06-24T09:30:00+05:30,2001.950000,2001.950000,1996.000000,2000.000000,167
2015-06-24T09:45:00+05:30,2001.000000,2001.000000,2000.000000,2000.000000,94
2015-06-24T10:00:00+05:30,2000.000000,2000.500000,1996.200000,1996.200000,182
2015-06-24T10:15:00+05:30,1996.200000,1997.000000,1996.200000,1997.000000,64
2015-06-24T10:30:00+05:30,1997.000000,1997.000000,1994.000000,1995.100000,294
2015-06-24T10:45:00+05:30,1995.100000,1996.200000,1995.100000,1996.000000,29
2015-06-24T11:00:00+05:30,1996.000000,1998.000000,1996.000000,1997.000000,134
2015-06-24T11:15:00+05:30,1997.950000,1999.750000,1995.000000,1999.750000,173
2015-06-24T11:30:00+05:30,1999.750000,1999.750000,1990.500000,1995.950000,430
2015-06-24T11:45:00+05:30,1995.950000,1995.950000,1991.050000,1994.400000,133
2015-06-24T12:00:00+05:30,1994.400000,1997.900000,1991.050000,1997.900000,264
2015-06-24T12:15:00+05:30,1997.900000,1997.900000,1997.000000,1997.900000,95
2015-06-24T12:30:00+05:30,1997.900000,1997.900000,1996.850000,1997.900000,63
2015-06-24T12:45:00+05:30,1997.900000,2040.000000,1997.900000,2034.000000,3857
2015-06-24T13:00:00+05:30,2034.000000,2060.200000,2030.000000,2040.550000,4092
2015-06-24T13:15:00+05:30,2040.000000,2048.750000,2030.300000,2030.350000,677
2015-06-24T13:30:00+05:30,2030.350000,2031.100000,2018.000000,2018.000000,438
2015-06-24T13:45:00+05:30,2018.050000,2027.000000,2018.050000,2025.000000,155
2015-06-24T14:00:00+05:30,2025.000000,2034.000000,2022.000000,2025.000000,253
2015-06-24T14:15:00+05:30,2025.000000,2025.000000,2017.000000,2017.350000,339
2015-06-24T14:30:00+05:30,2017.350000,2025.100000,2017.350000,2020.750000,256
2015-06-24T14:45:00+05:30,2020.750000,2021.750000,2020.000000,2021.700000,204
2015-06-24T15:00:00+05:30,2021.700000,2021.750000,2015.100000,2015.150000,391
2015-06-24T15:15:00+05:30,2015.150000,2018.000000,2000.000000,2000.950000,1523
2015-06-25T09:15:00+05:30,2019.950000,2040.000000,2001.750000,2033.800000,1100
2015-06-25T09:30:00+05:30,2033.800000,2034.000000,2027.000000,2029.000000,334
2015-06-25T09:45:00+05:30,2029.000000,2030.000000,2021.250000,2028.600000,527
2015-06-25T10:00:00+05:30,2028.600000,2030.000000,2022.300000,2025.900000,1232
2015-06-25T10:15:00+05:30,2025.900000,2030.300000,2025.900000,2030.000000,1456
2015-06-25T10:30:00+05:30,2030.000000,2031.000000,2030.000000,2030.000000,210
2015-06-25T10:45:00+05:30,2030.000000,2030.000000,2025.100000,2025.100000,37
2015-06-25T11:00:00+05:30,2025.000000,2026.750000,2022.000000,2022.000000,178
2015-06-25T11:15:00+05:30,2022.000000,2024.350000,2018.750000,2022.000000,40
2015-06-25T11:30:00+05:30,2022.000000,2025.000000,2022.000000,2022.000000,66
2015-06-25T11:45:00+05:30,2022.000000,2022.000000,2014.950000,2018.250000,481
2015-06-25T12:00:00+05:30,2018.250000,2026.050000,2017.950000,2025.300000,560
2015-06-25T12:15:00+05:30,2025.300000,2026.000000,2015.550000,2022.300000,357
2015-06-25T12:30:00+05:30,2022.300000,2025.000000,2019.050000,2019.050000,216
2015-06-25T12:45:00+05:30,2020.500000,2023.350000,2019.050000,2019.100000,224
2015-06-25T13:00:00+05:30,2019.050000,2022.100000,2019.050000,2019.050000,142
2015-06-25T13:15:00+05:30,2019.050000,2033.000000,2019.050000,2032.150000,1276
2015-06-25T13:30:00+05:30,2032.150000,2034.550000,2020.000000,2021.100000,564
2015-06-25T13:45:00+05:30,2021.050000,2027.550000,2020.000000,2021.050000,282
2015-06-25T14:00:00+05:30,2021.050000,2029.750000,2020.000000,2020.000000,430
2015-06-25T14:15:00+05:30,2019.850000,2024.950000,2016.000000,2023.350000,315
2015-06-25T14:30:00+05:30,2023.300000,2027.000000,2015.000000,2017.000000,269
2015-06-25T14:45:00+05:30,2017.000000,2022.000000,2015.000000,2017.350000,320
2015-06-25T15:00:00+05:30,2017.350000,2025.000000,2015.000000,2020.400000,617
2015-06-25T15:15:00+05:30,2020.400000,2031.000000,2010.000000,2025.000000,5508
2015-06-26T09:15:00+05:30,2025.000000,2027.450000,2005.500000,2016.250000,173
2015-06-26T09:30:00+05:30,2016.450000,2016.600000,2011.000000,2011.000000,82
2015-06-26T09:45:00+05:30,2011.000000,2021.050000,2011.000000,2021.050000,107
2015-06-26T10:00:00+05:30,2021.050000,2025.000000,2015.000000,2018.200000,384
2015-06-26T10:15:00+05:30,2018.200000,2030.650000,2018.200000,2025.000000,383
2015-06-26T10:30:00+05:30,2025.000000,2025.500000,2022.350000,2024.950000,248
2015-06-26T10:45:00+05:30,2025.000000,2025.000000,2023.950000,2025.000000,91
2015-06-26T11:00:00+05:30,2025.000000,2025.000000,2023.650000,2025.000000,107
2015-06-26T11:15:00+05:30,2025.000000,2025.000000,2024.750000,2025.000000,124
2015-06-26T11:30:00+05:30,2025.000000,2025.000000,2024.950000,2025.000000,55
2015-06-26T11:45:00+05:30,2025.000000,2026.000000,2021.000000,2022.800000,729
2015-06-26T12:00:00+05:30,2022.800000,2024.950000,2021.000000,2022.000000,194
2015-06-26T12:15:00+05:30,2022.000000,2022.000000,2020.000000,2020.000000,149
2015-06-26T12:30:00+05:30,2020.000000,2021.950000,2016.350000,2019.000000,49
2015-06-26T12:45:00+05:30,2019.000000,2025.000000,2016.550000,2025.000000,5262
2015-06-26T13:00:00+05:30,2024.950000,2024.950000,2022.750000,2024.000000,64
2015-06-26T13:15:00+05:30,2024.000000,2024.000000,2019.200000,2022.950000,107
2015-06-26T13:30:00+05:30,2022.950000,2024.950000,2022.950000,2024.950000,64
2015-06-26T13:45:00+05:30,2024.950000,2025.000000,2021.150000,2022.500000,245
2015-06-26T14:00:00+05:30,2022.500000,2025.000000,2022.500000,2023.650000,89
2015-06-26T14:15:00+05:30,2023.000000,2023.000000,2011.200000,2018.500000,230
2015-06-26T14:30:00+05:30,2018.500000,2025.000000,2017.400000,2025.000000,130
2015-06-26T14:45:00+05:30,2025.000000,2025.000000,2020.000000,2025.000000,272
2015-06-26T15:00:00+05:30,2025.000000,2025.000000,2010.000000,2025.000000,741
2015-06-26T15:15:00+05:30,2025.000000,2029.350000,2016.050000,2018.100000,1152
2015-06-29T09:15:00+05:30,2009.000000,2009.000000,1972.000000,1975.000000,1095
2015-06-29T09:30:00+05:30,1977.000000,1989.850000,1977.000000,1986.850000,306
2015-06-29T09:45:00+05:30,1986.550000,1988.950000,1983.000000,1983.000000,225
2015-06-29T10:00:00+05:30,1983.000000,1988.250000,1983.000000,1984.950000,90
2015-06-29T10:15:00+05:30,1987.500000,1987.500000,1982.000000,1982.000000,313
2015-06-29T10:30:00+05:30,1982.000000,1996.400000,1981.050000,1984.450000,177
2015-06-29T10:45:00+05:30,1984.450000,1985.500000,1980.300000,1983.450000,129
2015-06-29T11:00:00+05:30,1980.300000,1995.000000,1980.300000,1991.100000,271
2015-06-29T11:15:00+05:30,1991.100000,1992.000000,1988.150000,1991.000000,154
2015-06-29T11:30:00+05:30,1991.000000,1991.000000,1988.500000,1990.000000,126
2015-06-29T11:45:00+05:30,1990.000000,1990.900000,1986.000000,1986.000000,182
2015-06-29T12:00:00+05:30,1986.000000,1989.000000,1982.050000,1989.000000,99
2015-06-29T12:15:00+05:30,1989.050000,1989.050000,1983.550000,1983.600000,121
2015-06-29T12:30:00+05:30,1983.600000,1990.000000,1982.050000,1990.000000,175
2015-06-29T12:45:00+05:30,1990.000000,1990.000000,1986.250000,1987.050000,104
2015-06-29T13:00:00+05:30,1987.050000,1994.900000,1987.050000,1990.850000,349
2015-06-29T13:15:00+05:30,1990.850000,1991.000000,1989.750000,1989.750000,231
2015-06-29T13:30:00+05:30,1989.750000,1989.750000,1986.050000,1986.700000,307
2015-06-29T13:45:00+05:30,1986.700000,1991.600000,1986.700000,1987.000000,252
2015-06-29T14:00:00+05:30,1987.000000,1987.000000,1982.700000,1985.000000,590
2015-06-29T14:15:00+05:30,1985.000000,1989.900000,1985.000000,1987.500000,120
2015-06-29T14:30:00+05:30,1987.500000,1989.900000,1986.050000,1987.800000,174
2015-06-29T14:45:00+05:30,1987.800000,1988.000000,1985.050000,1987.950000,297
2015-06-29T15:00:00+05:30,1988.000000,1988.000000,1980.000000,1980.000000,913
2015-06-29T15:15:00+05:30,1980.000000,1984.650000,1977.000000,1979.000000,1341
2015-06-30T09:15:00+05:30,1997.950000,2009.000000,1976.000000,2000.000000,648
2015-06-30T09:30:00+05:30,2000.000000,2000.050000,1990.000000,1991.000000,1192
2015-06-30T09:45:00+05:30,1991.000000,1996.000000,1990.050000,1996.000000,94
2015-06-30T10:00:00+05:30,1995.950000,1999.000000,1993.000000,1998.950000,111
2015-06-30T10:15:00+05:30,1998.950000,1998.950000,1994.000000,1996.850000,78
2015-06-30T10:30:00+05:30,1996.850000,1996.850000,1992.050000,1993.050000,41
2015-06-30T10:45:00+05:30,1993.050000,2003.000000,1992.000000,2003.000000,177
2015-06-30T11:00:00+05:30,2000.000000,2000.000000,1995.950000,1995.950000,241
2015-06-30T11:15:00+05:30,1995.950000,1995.950000,1992.000000,1995.000000,73
2015-06-30T11:30:00+05:30,1995.000000,1995.000000,1994.950000,1994.950000,55
2015-06-30T11:45:00+05:30,1995.000000,1995.000000,1990.000000,1994.000000,130
2015-06-30T12:00:00+05:30,1994.000000,1994.000000,1990.050000,1991.050000,162
2015-06-30T12:15:00+05:30,1990.050000,1995.000000,1990.050000,1995.000000,163
2015-06-30T12:30:00+05:30,1995.000000,1995.000000,1991.050000,1994.950000,172
2015-06-30T12:45:00+05:30,1994.950000,1995.000000,1991.650000,1991.650000,90
2015-06-30T13:00:00+05:30,1991.650000,1995.000000,1990.050000,1990.050000,134
2015-06-30T13:15:00+05:30,1990.050000,1999.000000,1990.050000,1999.000000,187
2015-06-30T13:30:00+05:30,1999.000000,1999.000000,1997.000000,1999.000000,88
2015-06-30T13:45:00+05:30,1999.000000,2000.000000,1995.050000,2000.000000,153
2015-06-30T14:00:00+05:30,2000.000000,2005.000000,1995.050000,1995.050000,137
2015-06-30T14:15:00+05:30,1995.050000,2003.000000,1995.050000,1996.000000,198
2015-06-30T14:30:00+05:30,1996.000000,2003.950000,1996.000000,2000.050000,144
2015-06-30T14:45:00+05:30,2000.050000,2011.000000,1985.000000,1985.000000,957
2015-06-30T15:00:00+05:30,1999.950000,2008.000000,1997.000000,2008.000000,579
2015-06-30T15:15:00+05:30,2008.000000,2042.000000,1976.000000,2024.050000,4073
2015-07-01T09:15:00+05:30,2048.000000,2048.000000,2030.000000,2030.000000,787
2015-07-01T09:30:00+05:30,2030.000000,2045.000000,2010.000000,2030.150000,1018
2015-07-01T09:45:00+05:30,2030.150000,2030.500000,2021.000000,2021.000000,494
2015-07-01T10:00:00+05:30,2021.250000,2025.700000,2021.000000,2023.600000,731
2015-07-01T10:15:00+05:30,2023.600000,2027.000000,2022.100000,2025.000000,810
2015-07-01T10:30:00+05:30,2025.000000,2025.100000,1998.000000,2000.000000,1813
2015-07-01T10:45:00+05:30,2000.000000,2010.850000,2000.000000,2000.000000,962
2015-07-01T11:00:00+05:30,2000.000000,2008.000000,2000.000000,2004.000000,797
2015-07-01T11:15:00+05:30,2004.000000,2014.800000,2004.000000,2013.850000,856
2015-07-01T11:30:00+05:30,2013.850000,2014.750000,2010.250000,2014.750000,255
2015-07-01T11:45:00+05:30,2014.750000,2016.000000,2012.050000,2014.000000,164
2015-07-01T12:00:00+05:30,2014.000000,2014.900000,2013.500000,2014.100000,61
2015-07-01T12:15:00+05:30,2014.100000,2014.100000,2007.000000,2009.700000,350
2015-07-01T12:30:00+05:30,2009.700000,2016.000000,2007.950000,2012.150000,139
2015-07-01T12:45:00+05:30,2012.150000,2012.150000,2007.150000,2008.200000,171
2015-07-01T13:00:00+05:30,2008.200000,2008.350000,2007.000000,2008.350000,85
2015-07-01T13:15:00+05:30,2008.350000,2010.150000,2008.200000,2010.150000,142
2015-07-01T13:30:00+05:30,2010.150000,2013.750000,2009.050000,2013.000000,129
2015-07-01T13:45:00+05:30,2013.000000,2013.850000,2011.700000,2013.850000,143
2015-07-01T14:00:00+05:30,2013.850000,2014.000000,2009.350000,2011.650000,510
2015-07-01T14:15:00+05:30,2011.650000,2011.650000,2007.100000,2010.000000,378
2015-07-01T14:30:00+05:30,2010.000000,2010.000000,2008.000000,2008.000000,539
2015-07-01T14:45:00+05:30,2008.000000,2013.750000,2007.050000,2007.100000,795
2015-07-01T15:00:00+05:30,2007.100000,2007.100000,1998.150000,1998.750000,1210
2015-07-01T15:15:00+05:30,1998.750000,2022.050000,1995.000000,2010.000000,2632
2015-07-02T09:15:00+05:30,2015.000000,2024.000000,2015.000000,2020.050000,388
2015-07-02T09:30:00+05:30,2020.050000,2023.900000,2020.050000,2021.000000,177
2015-07-02T09:45:00+05:30,2021.000000,2024.900000,2020.000000,2023.300000,318
2015-07-02T10:00:00+05:30,2023.300000,2023.300000,2017.400000,2018.050000,266
2015-07-02T10:15:00+05:30,2018.000000,2019.400000,2010.550000,2015.350000,258
2015-07-02T10:30:00+05:30,2015.450000,2024.900000,2011.450000,2015.550000,730
2015-07-02T10:45:00+05:30,2015.550000,2022.600000,2015.550000,2016.000000,477
2015-07-02T11:00:00+05:30,2016.000000,2016.000000,2014.100000,2014.250000,61
2015-07-02T11:15:00+05:30,2014.250000,2019.100000,2014.250000,2015.000000,127
2015-07-02T11:30:00+05:30,2015.000000,2017.800000,2015.000000,2016.000000,32
2015-07-02T11:45:00+05:30,2016.000000,2020.000000,2014.100000,2014.150000,118
2015-07-02T12:00:00+05:30,2014.150000,2018.400000,2014.100000,2014.150000,71
2015-07-02T12:15:00+05:30,2014.150000,2017.550000,2014.150000,2017.550000,121
2015-07-02T12:30:00+05:30,2015.000000,2016.500000,2015.000000,2016.500000,75
2015-07-02T12:45:00+05:30,2016.500000,2017.000000,2014.150000,2014.150000,120
2015-07-02T13:00:00+05:30,2014.150000,2018.700000,2014.150000,2018.700000,190
2015-07-02T13:15:00+05:30,2018.650000,2018.700000,2015.400000,2015.400000,40
2015-07-02T13:30:00+05:30,2015.400000,2019.000000,2014.700000,2019.000000,212
2015-07-02T13:45:00+05:30,2019.000000,2019.600000,2016.550000,2018.500000,75
2015-07-02T14:00:00+05:30,2018.500000,2020.000000,2014.150000,2014.200000,286
2015-07-02T14:15:00+05:30,2014.200000,2017.350000,2014.200000,2014.500000,117
2015-07-02T14:30:00+05:30,2014.500000,2015.000000,2010.000000,2010.050000,169
2015-07-02T14:45:00+05:30,2010.050000,2015.000000,2004.000000,2010.000000,486
2015-07-02T15:00:00+05:30,2010.000000,2010.200000,2004.000000,2007.950000,270
2015-07-02T15:15:00+05:30,2007.950000,2016.200000,1999.250000,1999.250000,1405
2015-07-03T09:15:00+05:30,1992.000000,2014.850000,1992.000000,2011.750000,1055
2015-07-03T09:30:00+05:30,2011.750000,2012.850000,2000.000000,2012.400000,358
2015-07-03T09:45:00+05:30,2012.400000,2012.400000,2004.350000,2004.950000,390
2015-07-03T10:00:00+05:30,2004.950000,2006.550000,2002.900000,2003.000000,244
2015-07-03T10:15:00+05:30,2003.000000,2003.000000,1997.000000,1999.000000,244
2015-07-03T10:30:00+05:30,1999.000000,2000.650000,1997.150000,1999.000000,245
2015-07-03T10:45:00+05:30,1999.000000,1999.000000,1996.000000,1996.150000,110
2015-07-03T11:00:00+05:30,1996.150000,1998.000000,1994.000000,1996.050000,411
2015-07-03T11:15:00+05:30,1996.050000,2002.000000,1996.050000,1998.300000,175
2015-07-03T11:30:00+05:30,2002.700000,2004.250000,1991.000000,2003.650000,282
2015-07-03T11:45:00+05:30,2003.650000,2003.650000,1995.650000,1996.200000,32
2015-07-03T12:00:00+05:30,1996.200000,1998.300000,1995.950000,1996.050000,91
2015-07-03T12:15:00+05:30,1996.050000,1997.550000,1996.050000,1996.500000,155
2015-07-03T12:30:00+05:30,1996.500000,1996.850000,1991.550000,1993.100000,386
2015-07-03T12:45:00+05:30,1993.100000,1995.950000,1992.000000,1993.850000,210
2015-07-03T13:00:00+05:30,1993.850000,1996.000000,1993.850000,1994.000000,195
2015-07-03T13:15:00+05:30,1994.000000,1994.000000,1991.500000,1994.000000,106
2015-07-03T13:30:00+05:30,1994.000000,1994.000000,1992.000000,1992.800000,95
2015-07-03T13:45:00+05:30,1992.800000,2000.000000,1992.800000,1997.350000,318
2015-07-03T14:00:00+05:30,1997.350000,1997.350000,1993.450000,1995.200000,300
2015-07-03T14:15:00+05:30,1995.200000,1995.800000,1995.200000,1995.200000,195
2015-07-03T14:30:00+05:30,1995.200000,1995.400000,1991.600000,1992.450000,153
2015-07-03T14:45:00+05:30,1992.450000,1995.000000,1990.800000,1991.050000,454
2015-07-03T15:00:00+05:30,1991.050000,1991.950000,1978.000000,1979.000000,2543
2015-07-03T15:15:00+05:30,1979.000000,1985.000000,1975.500000,1977.000000,2363
2015-07-06T09:15:00+05:30,1980.300000,1986.000000,1975.000000,1979.950000,299
2015-07-06T09:30:00+05:30,1976.050000,1990.000000,1975.000000,1986.650000,375
2015-07-06T09:45:00+05:30,1986.650000,1997.000000,1985.000000,1989.950000,315
2015-07-06T10:00:00+05:30,1989.950000,1992.800000,1988.150000,1989.900000,263
2015-07-06T10:15:00+05:30,1989.900000,1989.900000,1986.050000,1989.600000,114
2015-07-06T10:30:00+05:30,1989.600000,1993.850000,1986.850000,1992.100000,210
2015-07-06T10:45:00+05:30,1992.100000,1995.000000,1992.000000,1993.450000,228
2015-07-06T11:00:00+05:30,1993.450000,1995.000000,1986.100000,1986.100000,258
2015-07-06T11:15:00+05:30,1986.100000,1990.200000,1986.000000,1990.200000,62
2015-07-06T11:30:00+05:30,1990.200000,1991.950000,1989.050000,1989.050000,53
2015-07-06T11:45:00+05:30,1989.050000,1991.000000,1980.000000,1991.000000,171
2015-07-06T12:00:00+05:30,1991.000000,1991.950000,1991.000000,1991.050000,22
2015-07-06T12:15:00+05:30,1991.050000,1991.950000,1991.000000,1991.000000,179
2015-07-06T12:30:00+05:30,1991.000000,1991.000000,1980.000000,1980.000000,412
2015-07-06T12:45:00+05:30,1980.000000,1990.400000,1980.000000,1988.150000,161
2015-07-06T13:00:00+05:30,1989.000000,1991.900000,1980.000000,1985.000000,645
2015-07-06T13:15:00+05:30,1987.850000,1987.900000,1978.000000,1978.000000,417
2015-07-06T13:30:00+05:30,1978.000000,1986.000000,1976.200000,1986.000000,903
2015-07-06T13:45:00+05:30,1986.000000,1987.950000,1985.100000,1987.950000,52
2015-07-06T14:00:00+05:30,1988.000000,1989.000000,1980.850000,1981.550000,129
2015-07-06T14:15:00+05:30,1981.550000,1987.000000,1981.550000,1986.900000,57
2015-07-06T14:30:00+05:30,1986.900000,1992.000000,1984.100000,1992.000000,740
2015-07-06T14:45:00+05:30,1989.000000,1992.000000,1984.050000,1985.050000,1130
2015-07-06T15:00:00+05:30,1988.950000,1992.000000,1980.500000,1986.950000,755
2015-07-06T15:15:00+05:30,1986.800000,1986.800000,1980.550000,1985.000000,1066
2015-07-07T09:15:00+05:30,1995.000000,2004.900000,1986.000000,1990.950000,1402
2015-07-07T09:30:00+05:30,1990.950000,1995.000000,1987.250000,1993.550000,309
2015-07-07T09:45:00+05:30,1993.550000,1997.900000,1986.100000,1988.000000,494
2015-07-07T10:00:00+05:30,1988.000000,2014.950000,1988.000000,2005.500000,3945
2015-07-07T10:15:00+05:30,2005.500000,2009.100000,2001.100000,2002.000000,339
2015-07-07T10:30:00+05:30,2002.000000,2005.000000,1995.000000,1996.000000,599
2015-07-07T10:45:00+05:30,1996.000000,2000.000000,1996.000000,1999.000000,138
2015-07-07T11:00:00+05:30,1999.000000,2003.000000,1998.000000,2002.000000,799
2015-07-07T11:15:00+05:30,2002.000000,2002.000000,1998.000000,1999.000000,239
2015-07-07T11:30:00+05:30,1999.000000,2003.000000,1999.000000,2000.150000,219
2015-07-07T11:45:00+05:30,2000.150000,2003.000000,2000.000000,2002.950000,351
2015-07-07T12:00:00+05:30,2002.950000,2004.000000,2000.000000,2001.000000,703
2015-07-07T12:15:00+05:30,2000.000000,2002.000000,2000.000000,2000.000000,279
2015-07-07T12:30:00+05:30,2000.000000,2001.700000,2000.000000,2000.000000,796
2015-07-07T12:45:00+05:30,2000.000000,2001.000000,1999.750000,2000.000000,340
2015-07-07T13:00:00+05:30,2000.000000,2002.200000,1999.750000,1999.950000,103
2015-07-07T13:15:00+05:30,1999.950000,2002.150000,1999.000000,2000.000000,165
2015-07-07T13:30:00+05:30,2000.000000,2000.000000,1997.000000,1998.000000,241
2015-07-07T13:45:00+05:30,2000.000000,2000.000000,1998.000000,2000.000000,102
2015-07-07T14:00:00+05:30,1999.950000,1999.950000,1998.000000,1999.000000,151
2015-07-07T14:15:00+05:30,1999.000000,2000.000000,1998.000000,2000.000000,102
2015-07-07T14:30:00+05:30,1997.500000,2000.000000,1996.000000,1999.700000,249
2015-07-07T14:45:00+05:30,1999.700000,2000.000000,1998.500000,2000.000000,116
2015-07-07T15:00:00+05:30,2000.000000,2000.000000,1997.250000,1999.000000,334
2015-07-07T15:15:00+05:30,1999.000000,2003.000000,1995.000000,1999.000000,1424
2015-07-08T09:15:00+05:30,1999.000000,1999.000000,1953.700000,1983.700000,1053
2015-07-08T09:30:00+05:30,1983.700000,1998.300000,1980.000000,1989.900000,1600
2015-07-08T09:45:00+05:30,1989.900000,1999.000000,1985.200000,1995.250000,546
2015-07-08T10:00:00+05:30,1995.250000,1996.950000,1990.000000,1993.300000,337
2015-07-08T10:15:00+05:30,1993.300000,1993.300000,1991.100000,1993.050000,75
2015-07-08T10:30:00+05:30,1993.050000,1995.000000,1993.050000,1994.100000,48
2015-07-08T10:45:00+05:30,1994.100000,1995.000000,1990.000000,1991.000000,255
2015-07-08T11:00:00+05:30,1991.000000,1992.500000,1986.000000,1986.000000,148
2015-07-08T11:15:00+05:30,1986.000000,1990.000000,1985.200000,1986.850000,321
2015-07-08T11:30:00+05:30,1988.000000,1988.000000,1985.000000,1985.100000,251
2015-07-08T11:45:00+05:30,1985.100000,1986.650000,1985.100000,1985.150000,40
2015-07-08T12:00:00+05:30,1985.150000,1990.000000,1985.000000,1989.950000,200
2015-07-08T12:15:00+05:30,1989.950000,1989.950000,1987.850000,1988.050000,27
2015-07-08T12:30:00+05:30,1989.900000,1989.900000,1983.650000,1988.000000,214
2015-07-08T12:45:00+05:30,1988.000000,1989.950000,1986.000000,1989.900000,361
2015-07-08T13:00:00+05:30,1987.050000,1989.950000,1987.000000,1988.150000,97
2015-07-08T13:15:00+05:30,1988.150000,1988.150000,1985.000000,1987.000000,105
2015-07-08T13:30:00+05:30,1987.000000,1989.000000,1985.600000,1987.150000,91230
2015-07-08T13:45:00+05:30,1987.050000,1995.000000,1986.000000,1995.000000,254
2015-07-08T14:00:00+05:30,1995.000000,1995.000000,1990.050000,1995.000000,77
2015-07-08T14:15:00+05:30,1995.000000,1995.000000,1991.400000,1992.350000,286
2015-07-08T14:30:00+05:30,1992.350000,1995.000000,1991.150000,1991.200000,143
2015-07-08T14:45:00+05:30,1991.200000,1993.900000,1989.000000,1990.850000,215
2015-07-08T15:00:00+05:30,1992.950000,2000.000000,1985.150000,1987.000000,1442
2015-07-08T15:15:00+05:30,1987.000000,1987.000000,1980.000000,1982.050000,2242
2015-07-09T09:15:00+05:30,1975.000000,1997.400000,1975.000000,1992.000000,238
2015-07-09T09:30:00+05:30,1992.000000,1992.000000,1988.550000,1991.800000,103
2015-07-09T09:45:00+05:30,1991.800000,2014.300000,1991.450000,2007.000000,1286
2015-07-09T10:00:00+05:30,2007.000000,2010.950000,2005.700000,2007.500000,415
2015-07-09T10:15:00+05:30,2007.500000,2010.100000,2003.000000,2009.000000,3426
2015-07-09T10:30:00+05:30,2009.000000,2009.000000,2003.050000,2005.350000,159
2015-07-09T10:45:00+05:30,2005.350000,2006.950000,2005.300000,2006.950000,67
2015-07-09T11:00:00+05:30,2006.950000,2006.950000,2003.000000,2005.000000,87
2015-07-09T11:15:00+05:30,2005.000000,2005.000000,2001.450000,2004.950000,73
2015-07-09T11:30:00+05:30,2004.950000,2004.950000,2002.600000,2004.800000,31
2015-07-09T11:45:00+05:30,2004.800000,2004.800000,2000.100000,2003.000000,52
2015-07-09T12:00:00+05:30,2003.000000,2003.000000,1996.050000,1999.950000,156
2015-07-09T12:15:00+05:30,1996.100000,2000.000000,1993.000000,1993.450000,200
2015-07-09T12:30:00+05:30,1993.450000,2003.950000,1993.450000,2003.950000,313
2015-07-09T12:45:00+05:30,2003.950000,2003.950000,1990.000000,2000.000000,554
2015-07-09T13:00:00+05:30,2000.000000,2004.000000,2000.000000,2004.000000,730
2015-07-09T13:15:00+05:30,2004.000000,2029.900000,2004.000000,2009.900000,6377
2015-07-09T13:30:00+05:30,2009.900000,2010.000000,2005.000000,2010.000000,319
2015-07-09T13:45:00+05:30,2010.000000,2012.350000,2008.400000,2010.300000,123
2015-07-09T14:00:00+05:30,2010.300000,2010.300000,2005.000000,2010.000000,142
2015-07-09T14:15:00+05:30,2008.100000,2011.400000,2007.850000,2007.950000,194
2015-07-09T14:30:00+05:30,2007.950000,2007.950000,2001.150000,2003.000000,384
2015-07-09T14:45:00+05:30,2003.000000,2008.000000,2002.000000,2008.000000,287
2015-07-09T15:00:00+05:30,2008.000000,2008.000000,2002.050000,2004.450000,417
2015-07-09T15:15:00+05:30,2005.200000,2011.000000,2000.100000,2002.350000,1943
2015-07-10T09:15:00+05:30,2013.900000,2013.900000,1983.250000,1997.050000,1174
2015-07-10T09:30:00+05:30,1997.050000,1997.050000,1987.050000,1993.100000,233
2015-07-10T09:45:00+05:30,1993.100000,2004.500000,1993.100000,2000.400000,740
2015-07-10T10:00:00+05:30,2000.400000,2005.000000,2000.400000,2001.700000,129
2015-07-10T10:15:00+05:30,2001.700000,2002.000000,2000.550000,2002.000000,68
2015-07-10T10:30:00+05:30,2001.000000,2001.000000,2000.550000,2000.950000,40
2015-07-10T10:45:00+05:30,2000.950000,2001.850000,1998.950000,2001.000000,255
2015-07-10T11:00:00+05:30,2001.000000,2001.200000,2000.600000,2001.050000,38
2015-07-10T11:15:00+05:30,2001.000000,2001.250000,2000.000000,2001.250000,131
2015-07-10T11:30:00+05:30,2000.650000,2003.800000,2000.000000,2003.800000,82
2015-07-10T11:45:00+05:30,2003.800000,2003.800000,2000.100000,2000.850000,135
2015-07-10T12:00:00+05:30,2000.850000,2003.400000,2000.000000,2003.100000,129
2015-07-10T12:15:00+05:30,2003.100000,2003.100000,1999.950000,2001.900000,338
2015-07-10T12:30:00+05:30,2001.900000,2003.100000,2000.000000,2002.000000,335
2015-07-10T12:45:00+05:30,2002.000000,2003.000000,2001.000000,2001.450000,184
2015-07-10T13:00:00+05:30,2001.450000,2012.050000,2001.000000,2010.000000,30270
2015-07-10T13:15:00+05:30,2010.000000,2023.600000,2010.000000,2016.000000,704
2015-07-10T13:30:00+05:30,2016.800000,2019.950000,2013.900000,2018.950000,662
2015-07-10T13:45:00+05:30,2018.950000,2019.000000,2016.350000,2018.750000,470
2015-07-10T14:00:00+05:30,2018.900000,2021.000000,2017.800000,2020.900000,2363
2015-07-10T14:15:00+05:30,2020.850000,2035.400000,2019.300000,2024.200000,2039
2015-07-10T14:30:00+05:30,2024.200000,2044.950000,2024.200000,2034.000000,2864
2015-07-10T14:45:00+05:30,2035.250000,2049.400000,2033.150000,2045.000000,2637
2015-07-10T15:00:00+05:30,2045.000000,2047.000000,2020.100000,2021.250000,3181
2015-07-10T15:15:00+05:30,2022.000000,2036.200000,2018.550000,2032.900000,2676
2015-07-13T09:15:00+05:30,2049.000000,2060.000000,2044.400000,2053.550000,2078
2015-07-13T09:30:00+05:30,2053.550000,2075.100000,2053.550000,2069.950000,2311
2015-07-13T09:45:00+05:30,2069.950000,2083.400000,2067.400000,2080.250000,2446
2015-07-13T10:00:00+05:30,2080.250000,2083.000000,2075.000000,2077.000000,2331
2015-07-13T10:15:00+05:30,2077.000000,2078.000000,2075.000000,2075.000000,1011
2015-07-13T10:30:00+05:30,2075.000000,2092.000000,2072.000000,2089.050000,1963
2015-07-13T10:45:00+05:30,2089.050000,2089.050000,2070.000000,2074.000000,689
2015-07-13T11:00:00+05:30,2074.000000,2076.250000,2070.000000,2072.050000,237
2015-07-13T11:15:00+05:30,2072.000000,2081.000000,2072.000000,2081.000000,271
2015-07-13T11:30:00+05:30,2081.000000,2102.000000,2081.000000,2089.800000,3218
2015-07-13T11:45:00+05:30,2089.800000,2090.000000,2070.100000,2075.450000,1284
2015-07-13T12:00:00+05:30,2075.450000,2079.900000,2072.200000,2079.900000,907
2015-07-13T12:15:00+05:30,2079.900000,2084.900000,2079.900000,2084.850000,199
2015-07-13T12:30:00+05:30,2084.850000,2084.850000,2075.500000,2076.600000,175
2015-07-13T12:45:00+05:30,2076.600000,2084.000000,2076.500000,2081.000000,164
2015-07-13T13:00:00+05:30,2081.000000,2085.000000,2077.500000,2079.950000,187
2015-07-13T13:15:00+05:30,2079.950000,2080.000000,2075.000000,2079.950000,177
2015-07-13T13:30:00+05:30,2079.950000,2088.450000,2077.000000,2080.000000,720
2015-07-13T13:45:00+05:30,2080.000000,2085.250000,2078.100000,2080.000000,438
2015-07-13T14:00:00+05:30,2080.000000,2096.900000,2079.150000,2086.750000,699
2015-07-13T14:15:00+05:30,2080.000000,2085.250000,2075.000000,2085.250000,354
2015-07-13T14:30:00+05:30,2085.250000,2098.000000,2083.350000,2090.000000,405
2015-07-13T14:45:00+05:30,2089.550000,2090.000000,2083.200000,2089.000000,493
2015-07-13T15:00:00+05:30,2089.000000,2089.000000,2075.000000,2082.000000,967
2015-07-13T15:15:00+05:30,2081.850000,2084.900000,2076.000000,2078.000000,1418
2015-07-14T09:15:00+05:30,2093.000000,2093.000000,2069.650000,2083.950000,446
2015-07-14T09:30:00+05:30,2083.950000,2084.000000,2071.000000,2080.000000,306
2015-07-14T09:45:00+05:30,2080.000000,2090.000000,2077.700000,2087.000000,631
2015-07-14T10:00:00+05:30,2087.000000,2094.950000,2085.900000,2091.000000,6007
2015-07-14T10:15:00+05:30,2091.000000,2092.650000,2089.500000,2090.750000,2299
2015-07-14T10:30:00+05:30,2090.000000,2094.000000,2089.950000,2094.000000,394
2015-07-14T10:45:00+05:30,2090.600000,2092.000000,2089.550000,2090.050000,1148
2015-07-14T11:00:00+05:30,2091.900000,2091.900000,2090.000000,2090.150000,529
2015-07-14T11:15:00+05:30,2090.150000,2091.600000,2090.000000,2091.550000,409
2015-07-14T11:30:00+05:30,2091.550000,2095.000000,2090.000000,2091.100000,246
2015-07-14T11:45:00+05:30,2091.000000,2094.550000,2090.000000,2093.500000,354
2015-07-14T12:00:00+05:30,2091.500000,2093.650000,2090.000000,2093.650000,283
2015-07-14T12:15:00+05:30,2093.650000,2093.650000,2090.000000,2093.250000,483
2015-07-14T12:30:00+05:30,2093.250000,2121.000000,2091.650000,2098.950000,2711
2015-07-14T12:45:00+05:30,2098.950000,2105.000000,2096.250000,2101.800000,509
2015-07-14T13:00:00+05:30,2101.800000,2118.650000,2100.000000,2116.900000,1182
2015-07-14T13:15:00+05:30,2115.350000,2118.000000,2100.000000,2101.200000,910
2015-07-14T13:30:00+05:30,2101.200000,2113.000000,2100.150000,2109.800000,318
2015-07-14T13:45:00+05:30,2109.800000,2113.000000,2104.250000,2104.800000,467
2015-07-14T14:00:00+05:30,2104.800000,2105.000000,2100.000000,2102.900000,593
2015-07-14T14:15:00+05:30,2102.900000,2102.900000,2096.350000,2102.000000,1333
2015-07-14T14:30:00+05:30,2100.650000,2103.900000,2099.950000,2103.900000,573
2015-07-14T14:45:00+05:30,2103.900000,2103.900000,2100.000000,2102.100000,261
2015-07-14T15:00:00+05:30,2102.100000,2112.950000,2100.000000,2111.750000,4167
2015-07-14T15:15:00+05:30,2111.750000,2125.000000,2109.000000,2120.000000,5918
2015-07-15T09:15:00+05:30,2130.000000,2134.950000,2115.500000,2117.050000,629
2015-07-15T09:30:00+05:30,2117.050000,2121.650000,2115.600000,2120.000000,146
2015-07-15T09:45:00+05:30,2120.000000,2120.000000,2108.850000,2108.850000,333
2015-07-15T10:00:00+05:30,2108.850000,2114.900000,2107.000000,2114.900000,56
2015-07-15T10:15:00+05:30,2112.000000,2115.000000,2110.000000,2115.000000,142
2015-07-15T10:30:00+05:30,2115.000000,2120.000000,2113.150000,2114.000000,391
2015-07-15T10:45:00+05:30,2114.000000,2120.000000,2113.750000,2120.000000,455
2015-07-15T11:00:00+05:30,2120.000000,2128.000000,2119.050000,2127.500000,365
2015-07-15T11:15:00+05:30,2127.700000,2133.000000,2125.950000,2126.000000,874
2015-07-15T11:30:00+05:30,2126.950000,2126.950000,2111.000000,2111.050000,238
2015-07-15T11:45:00+05:30,2111.050000,2116.800000,2111.050000,2115.000000,126
2015-07-15T12:00:00+05:30,2118.450000,2119.000000,2114.000000,2115.000000,116
2015-07-15T12:15:00+05:30,2115.000000,2127.000000,2115.000000,2122.000000,286
2015-07-15T12:30:00+05:30,2122.000000,2125.800000,2111.000000,2114.200000,198
2015-07-15T12:45:00+05:30,2114.200000,2126.000000,2114.150000,2115.600000,314
2015-07-15T13:00:00+05:30,2113.550000,2120.750000,2111.200000,2114.250000,176
2015-07-15T13:15:00+05:30,2114.250000,2114.250000,2110.150000,2110.150000,150
2015-07-15T13:30:00+05:30,2110.150000,2111.050000,2105.400000,2111.050000,993
2015-07-15T13:45:00+05:30,2111.050000,2113.000000,2105.050000,2109.000000,228
2015-07-15T14:00:00+05:30,2109.000000,2120.800000,2109.000000,2115.300000,646
2015-07-15T14:15:00+05:30,2115.300000,2120.000000,2112.000000,2112.000000,380
2015-07-15T14:30:00+05:30,2116.100000,2120.000000,2110.950000,2118.000000,654
2015-07-15T14:45:00+05:30,2118.000000,2124.000000,2118.000000,2118.500000,386
2015-07-15T15:00:00+05:30,2118.500000,2118.500000,2100.000000,2102.000000,668
2015-07-15T15:15:00+05:30,2102.000000,2115.050000,2102.000000,2114.000000,1249
2015-07-16T09:15:00+05:30,2120.000000,2132.700000,2109.700000,2118.100000,1515
2015-07-16T09:30:00+05:30,2118.100000,2120.000000,2115.000000,2117.950000,316
2015-07-16T09:45:00+05:30,2119.600000,2131.900000,2117.950000,2131.800000,477
2015-07-16T10:00:00+05:30,2131.800000,2132.000000,2118.000000,2125.250000,721
2015-07-16T10:15:00+05:30,2125.250000,2140.050000,2124.350000,2138.800000,1299
2015-07-16T10:30:00+05:30,2138.800000,2139.900000,2123.850000,2124.000000,879
2015-07-16T10:45:00+05:30,2124.000000,2124.000000,2114.500000,2120.000000,724
2015-07-16T11:00:00+05:30,2120.000000,2129.300000,2111.150000,2120.000000,1043
2015-07-16T11:15:00+05:30,2120.000000,2120.000000,2115.500000,2115.500000,277
2015-07-16T11:30:00+05:30,2115.500000,2120.000000,2115.500000,2115.600000,171
2015-07-16T11:45:00+05:30,2115.600000,2120.000000,2115.500000,2120.000000,536
2015-07-16T12:00:00+05:30,2120.000000,2122.650000,2116.000000,2118.000000,214
2015-07-16T12:15:00+05:30,2118.000000,2120.950000,2116.000000,2118.600000,538
2015-07-16T12:30:00+05:30,2119.100000,2120.050000,2111.000000,2119.500000,966
2015-07-16T12:45:00+05:30,2119.500000,2119.500000,2102.500000,2102.500000,307
2015-07-16T13:00:00+05:30,2102.500000,2120.000000,2102.500000,2117.850000,269
2015-07-16T13:15:00+05:30,2117.850000,2120.000000,2113.050000,2114.950000,134
2015-07-16T13:30:00+05:30,2114.950000,2115.050000,2108.000000,2110.000000,217
2015-07-16T13:45:00+05:30,2110.000000,2115.000000,2103.000000,2109.700000,294
2015-07-16T14:00:00+05:30,2109.700000,2109.700000,2102.000000,2107.800000,184
2015-07-16T14:15:00+05:30,2107.800000,2109.550000,2107.800000,2108.000000,21
2015-07-16T14:30:00+05:30,2108.000000,2114.000000,2098.050000,2101.450000,1027
2015-07-16T14:45:00+05:30,2101.450000,2114.000000,2101.450000,2102.050000,617
2015-07-16T15:00:00+05:30,2102.050000,2104.300000,2090.000000,2100.000000,3403
2015-07-16T15:15:00+05:30,2100.000000,2101.200000,2087.950000,2100.000000,16893
2015-07-17T09:15:00+05:30,2123.000000,2123.000000,2112.050000,2114.250000,770
2015-07-17T09:30:00+05:30,2114.250000,2114.750000,2107.650000,2107.650000,123
2015-07-17T09:45:00+05:30,2107.650000,2110.000000,2101.050000,2105.000000,382
2015-07-17T10:00:00+05:30,2105.000000,2123.000000,2105.000000,2123.000000,619
2015-07-17T10:15:00+05:30,2123.000000,2123.000000,2105.400000,2105.400000,281
2015-07-17T10:30:00+05:30,2105.400000,2116.500000,2105.400000,2114.900000,259
2015-07-17T10:45:00+05:30,2114.900000,2116.450000,2105.000000,2108.000000,428
2015-07-17T11:00:00+05:30,2108.000000,2113.700000,2102.500000,2113.700000,167
2015-07-17T11:15:00+05:30,2113.700000,2113.700000,2100.600000,2103.800000,866
2015-07-17T11:30:00+05:30,2101.250000,2110.000000,2101.250000,2101.250000,214
2015-07-17T11:45:00+05:30,2101.250000,2106.750000,2101.250000,2106.300000,45
2015-07-17T12:00:00+05:30,2106.300000,2108.250000,2105.000000,2108.250000,44
2015-07-17T12:15:00+05:30,2108.250000,2109.400000,2106.550000,2106.550000,22
2015-07-17T12:30:00+05:30,2106.550000,2110.000000,2105.550000,2110.000000,170
2015-07-17T12:45:00+05:30,2110.000000,2110.000000,2106.500000,2106.550000,39
2015-07-17T13:00:00+05:30,2106.500000,2113.100000,2106.500000,2113.100000,161
2015-07-17T13:15:00+05:30,2113.100000,2113.700000,2112.950000,2113.000000,60
2015-07-17T13:30:00+05:30,2110.150000,2116.300000,2110.150000,2115.000000,115
2015-07-17T13:45:00+05:30,2115.000000,2116.500000,2105.000000,2105.000000,219
2015-07-17T14:00:00+05:30,2105.000000,2125.000000,2105.000000,2118.250000,701
2015-07-17T14:15:00+05:30,2118.250000,2118.300000,2105.000000,2108.750000,386
2015-07-17T14:30:00+05:30,2108.750000,2118.000000,2105.000000,2108.450000,415
2015-07-17T14:45:00+05:30,2108.450000,2117.350000,2108.400000,2117.350000,153
2015-07-17T15:00:00+05:30,2117.350000,2117.400000,2110.000000,2110.550000,160
2015-07-17T15:15:00+05:30,2113.050000,2137.500000,2110.000000,2110.000000,1138
2015-07-20T09:15:00+05:30,2100.000000,2120.000000,2098.000000,2110.000000,731
2015-07-20T09:30:00+05:30,2110.000000,2110.000000,2100.000000,2102.400000,630
2015-07-20T09:45:00+05:30,2102.400000,2109.450000,2102.250000,2103.150000,158
2015-07-20T10:00:00+05:30,2103.150000,2104.450000,2099.950000,2100.000000,200
2015-07-20T10:15:00+05:30,2100.000000,2100.150000,2100.000000,2100.000000,750
2015-07-20T10:30:00+05:30,2100.050000,2106.500000,2099.000000,2102.050000,761
2015-07-20T10:45:00+05:30,2102.050000,2102.050000,2099.000000,2100.700000,302
2015-07-20T11:00:00+05:30,2100.750000,2104.100000,2099.050000,2100.800000,316
2015-07-20T11:15:00+05:30,2100.800000,2102.050000,2099.500000,2099.500000,246
2015-07-20T11:30:00+05:30,2100.000000,2100.100000,2099.550000,2100.000000,125
2015-07-20T11:45:00+05:30,2100.000000,2102.100000,2100.000000,2102.000000,135
2015-07-20T12:00:00+05:30,2102.000000,2102.000000,2099.700000,2100.100000,605
2015-07-20T12:15:00+05:30,2100.100000,2100.150000,2090.000000,2090.050000,3394
2015-07-20T12:30:00+05:30,2090.150000,2104.250000,2081.550000,2104.250000,881
2015-07-20T12:45:00+05:30,2104.250000,2104.250000,2100.000000,2100.100000,300
2015-07-20T13:00:00+05:30,2102.050000,2109.500000,2100.000000,2100.350000,1371
2015-07-20T13:15:00+05:30,2100.350000,2105.800000,2100.350000,2103.200000,187
2015-07-20T13:30:00+05:30,2103.200000,2105.450000,2101.350000,2103.500000,170
2015-07-20T13:45:00+05:30,2103.500000,2107.600000,2095.000000,2104.300000,331
2015-07-20T14:00:00+05:30,2104.300000,2107.950000,2100.000000,2103.550000,547
2015-07-20T14:15:00+05:30,2103.550000,2103.550000,2095.500000,2102.700000,312
2015-07-20T14:30:00+05:30,2100.150000,2108.450000,2100.100000,2101.500000,384
2015-07-20T14:45:00+05:30,2101.250000,2106.450000,2100.000000,2102.750000,500
2015-07-20T15:00:00+05:30,2102.750000,2112.500000,2100.000000,2112.500000,689
2015-07-20T15:15:00+05:30,2112.600000,2119.000000,2100.500000,2106.000000,1359
2015-07-21T09:15:00+05:30,2111.000000,2118.450000,2099.750000,2099.750000,1152
2015-07-21T09:30:00+05:30,2100.000000,2109.450000,2099.750000,2100.000000,754
2015-07-21T09:45:00+05:30,2100.000000,2107.000000,2100.000000,2103.500000,214
2015-07-21T10:00:00+05:30,2103.500000,2105.000000,2100.050000,2105.000000,88
2015-07-21T10:15:00+05:30,2105.000000,2105.100000,2102.200000,2102.400000,184
2015-07-21T10:30:00+05:30,2102.400000,2107.000000,2102.400000,2105.250000,294
2015-07-21T10:45:00+05:30,2105.250000,2105.750000,2105.250000,2105.750000,7
2015-07-21T11:00:00+05:30,2105.750000,2107.800000,2105.200000,2105.250000,46
2015-07-21T11:15:00+05:30,2105.250000,2107.750000,2105.000000,2105.050000,130
2015-07-21T11:30:00+05:30,2105.050000,2107.800000,2100.200000,2106.500000,178
2015-07-21T11:45:00+05:30,2105.050000,2107.000000,2105.000000,2107.000000,193
2015-07-21T12:00:00+05:30,2107.000000,2108.000000,2100.200000,2107.000000,758
2015-07-21T12:15:00+05:30,2107.000000,2107.550000,2105.000000,2105.000000,72
2015-07-21T12:30:00+05:30,2105.000000,2107.050000,2105.000000,2106.550000,383
2015-07-21T12:45:00+05:30,2106.500000,2107.600000,2101.000000,2102.500000,1453
2015-07-21T13:00:00+05:30,2102.500000,2106.750000,2101.150000,2105.050000,3331
2015-07-21T13:15:00+05:30,2105.050000,2105.050000,2099.000000,2100.000000,2033
2015-07-21T13:30:00+05:30,2100.000000,2104.150000,2099.000000,2100.000000,1901
2015-07-21T13:45:00+05:30,2100.000000,2101.750000,2098.550000,2100.000000,1620
2015-07-21T14:00:00+05:30,2100.000000,2101.350000,2098.650000,2100.000000,2107
2015-07-21T14:15:00+05:30,2100.000000,2102.000000,2098.650000,2100.000000,1824
2015-07-21T14:30:00+05:30,2100.000000,2102.450000,2098.200000,2100.000000,6502
2015-07-21T14:45:00+05:30,2100.000000,2109.750000,2098.300000,2100.350000,5260
2015-07-21T15:00:00+05:30,2100.050000,2107.600000,2089.100000,2100.200000,3429
2015-07-21T15:15:00+05:30,2100.200000,2110.000000,2093.300000,2100.000000,2587
2015-07-22T09:15:00+05:30,2090.000000,2101.050000,2090.000000,2100.000000,747
2015-07-22T09:30:00+05:30,2100.000000,2100.100000,2095.650000,2100.100000,129
2015-07-22T09:45:00+05:30,2100.100000,2100.150000,2100.000000,2100.050000,85
2015-07-22T10:00:00+05:30,2100.050000,2103.900000,2097.150000,2100.100000,943
2015-07-22T10:15:00+05:30,2100.050000,2104.750000,2096.700000,2100.100000,1921
2015-07-22T10:30:00+05:30,2100.100000,2101.900000,2100.000000,2101.500000,277
2015-07-22T10:45:00+05:30,2101.500000,2101.500000,2097.100000,2100.050000,1974
2015-07-22T11:00:00+05:30,2100.050000,2100.250000,2100.050000,2100.100000,107
2015-07-22T11:15:00+05:30,2100.150000,2100.150000,2097.400000,2100.150000,312
2015-07-22T11:30:00+05:30,2100.150000,2100.150000,2098.700000,2100.000000,300
2015-07-22T11:45:00+05:30,2100.000000,2100.050000,2100.000000,2100.000000,60
2015-07-22T12:00:00+05:30,2100.000000,2100.100000,2100.000000,2100.050000,176
2015-07-22T12:15:00+05:30,2100.000000,2100.650000,2100.000000,2100.050000,70
2015-07-22T12:30:00+05:30,2100.050000,2101.550000,2099.600000,2100.000000,208
2015-07-22T12:45:00+05:30,2100.000000,2101.650000,2099.600000,2100.000000,154
2015-07-22T13:00:00+05:30,2100.000000,2106.000000,2099.600000,2106.000000,944
2015-07-22T13:15:00+05:30,2106.000000,2110.050000,2105.000000,2105.000000,605
2015-07-22T13:30:00+05:30,2105.000000,2120.000000,2103.200000,2105.500000,543
2015-07-22T13:45:00+05:30,2105.500000,2113.250000,2105.500000,2106.300000,121
2015-07-22T14:00:00+05:30,2106.300000,2108.000000,2102.150000,2103.550000,177
2015-07-22T14:15:00+05:30,2103.550000,2109.700000,2102.850000,2105.200000,272
2015-07-22T14:30:00+05:30,2105.200000,2108.400000,2103.050000,2103.400000,99
2015-07-22T14:45:00+05:30,2104.350000,2111.900000,2103.400000,2110.000000,381
2015-07-22T15:00:00+05:30,2110.000000,2112.750000,2104.250000,2105.200000,753
2015-07-22T15:15:00+05:30,2105.200000,2108.000000,2098.050000,2100.000000,2056
2015-07-23T09:15:00+05:30,2116.000000,2116.000000,2103.000000,2103.050000,191
2015-07-23T09:30:00+05:30,2103.050000,2105.000000,2102.000000,2102.000000,86
2015-07-23T09:45:00+05:30,2102.000000,2103.050000,2102.000000,2102.000000,125
2015-07-23T10:00:00+05:30,2102.000000,2109.700000,2101.000000,2109.600000,601
2015-07-23T10:15:00+05:30,2109.600000,2111.000000,2105.950000,2105.950000,224
2015-07-23T10:30:00+05:30,2105.950000,2110.000000,2105.450000,2108.600000,170
2015-07-23T10:45:00+05:30,2108.600000,2109.750000,2105.000000,2107.000000,36
2015-07-23T11:00:00+05:30,2107.000000,2107.050000,2106.000000,2107.000000,107
2015-07-23T11:15:00+05:30,2107.000000,2109.500000,2105.050000,2105.050000,72
2015-07-23T11:30:00+05:30,2105.050000,2105.100000,2105.050000,2105.100000,52
2015-07-23T11:45:00+05:30,2105.100000,2105.400000,2099.950000,2104.000000,1713
2015-07-23T12:00:00+05:30,2104.000000,2104.000000,2101.050000,2101.050000,28
2015-07-23T12:15:00+05:30,2101.050000,2104.000000,2100.000000,2100.750000,158
2015-07-23T12:30:00+05:30,2100.750000,2103.000000,2098.000000,2100.000000,205
2015-07-23T12:45:00+05:30,2100.000000,2104.950000,2098.000000,2098.200000,264
2015-07-23T13:00:00+05:30,2098.200000,2100.950000,2098.200000,2100.950000,27
2015-07-23T13:15:00+05:30,2099.200000,2101.000000,2098.500000,2100.000000,289
2015-07-23T13:30:00+05:30,2100.000000,2100.600000,2100.000000,2100.000000,44
2015-07-23T13:45:00+05:30,2100.000000,2101.000000,2098.200000,2101.000000,159
2015-07-23T14:00:00+05:30,2101.000000,2104.000000,2100.000000,2100.000000,193
2015-07-23T14:15:00+05:30,2100.000000,2100.100000,2098.200000,2098.200000,150
2015-07-23T14:30:00+05:30,2098.200000,2101.000000,2098.200000,2100.000000,34
2015-07-23T14:45:00+05:30,2101.000000,2104.950000,2098.000000,2101.000000,3271
2015-07-23T15:00:00+05:30,2101.000000,2103.950000,2098.200000,2100.050000,2349
2015-07-23T15:15:00+05:30,2100.050000,2106.000000,2098.200000,2100.000000,1293
2015-07-24T09:15:00+05:30,2104.550000,2106.000000,2099.950000,2100.050000,690
2015-07-24T09:30:00+05:30,2100.050000,2103.750000,2100.050000,2103.750000,10
2015-07-24T09:45:00+05:30,2103.750000,2107.150000,2102.450000,2106.000000,138
2015-07-24T10:00:00+05:30,2105.000000,2107.000000,2103.000000,2106.150000,241
2015-07-24T10:15:00+05:30,2106.150000,2106.150000,2098.350000,2100.500000,1787
2015-07-24T10:30:00+05:30,2100.500000,2103.000000,2098.400000,2103.000000,325
2015-07-24T10:45:00+05:30,2103.050000,2110.000000,2100.050000,2104.650000,452
2015-07-24T11:00:00+05:30,2104.650000,2137.950000,2104.650000,2119.700000,3497
2015-07-24T11:15:00+05:30,2119.700000,2121.000000,2109.050000,2118.950000,482
2015-07-24T11:30:00+05:30,2118.950000,2128.450000,2117.300000,2125.000000,562
2015-07-24T11:45:00+05:30,2125.000000,2132.000000,2115.000000,2117.250000,955
2015-07-24T12:00:00+05:30,2117.250000,2122.900000,2115.350000,2122.800000,120
2015-07-24T12:15:00+05:30,2122.800000,2124.000000,2115.000000,2116.450000,193
2015-07-24T12:30:00+05:30,2116.450000,2121.900000,2116.450000,2119.700000,221
2015-07-24T12:45:00+05:30,2119.700000,2122.300000,2119.700000,2120.900000,295
2015-07-24T13:00:00+05:30,2120.900000,2127.950000,2120.900000,2127.950000,211
2015-07-24T13:15:00+05:30,2127.950000,2128.000000,2111.100000,2113.350000,368
2015-07-24T13:30:00+05:30,2113.350000,2125.850000,2113.100000,2113.100000,181
2015-07-24T13:45:00+05:30,2113.150000,2117.500000,2112.000000,2117.350000,248
2015-07-24T14:00:00+05:30,2117.350000,2117.350000,2112.850000,2112.850000,350
2015-07-24T14:15:00+05:30,2112.850000,2112.850000,2106.000000,2107.950000,358
2015-07-24T14:30:00+05:30,2107.950000,2119.000000,2106.000000,2118.400000,513
2015-07-24T14:45:00+05:30,2118.400000,2119.000000,2103.000000,2105.200000,1102
2015-07-24T15:00:00+05:30,2105.200000,2112.000000,2103.750000,2107.300000,976
2015-07-24T15:15:00+05:30,2107.300000,2110.000000,2100.050000,2101.050000,1754
2015-07-27T09:15:00+05:30,2150.250000,2170.000000,2125.000000,2134.750000,6392
2015-07-27T09:30:00+05:30,2134.750000,2136.200000,2125.050000,2127.700000,1686
2015-07-27T09:45:00+05:30,2125.650000,2127.800000,2111.200000,2116.200000,1903
2015-07-27T10:00:00+05:30,2116.200000,2125.200000,2115.400000,2123.500000,1027
2015-07-27T10:15:00+05:30,2123.500000,2137.000000,2121.350000,2130.700000,2256
2015-07-27T10:30:00+05:30,2130.700000,2139.900000,2125.100000,2132.350000,907
2015-07-27T10:45:00+05:30,2130.450000,2143.100000,2130.150000,2143.100000,1029
2015-07-27T11:00:00+05:30,2143.100000,2148.500000,2135.050000,2137.800000,813
2015-07-27T11:15:00+05:30,2137.800000,2137.800000,2129.000000,2132.800000,514
2015-07-27T11:30:00+05:30,2133.900000,2133.900000,2123.150000,2124.000000,529
2015-07-27T11:45:00+05:30,2124.000000,2129.550000,2123.950000,2128.000000,468
2015-07-27T12:00:00+05:30,2128.000000,2129.000000,2124.050000,2127.050000,186
2015-07-27T12:15:00+05:30,2128.500000,2128.500000,2116.000000,2119.550000,1387
2015-07-27T12:30:00+05:30,2122.450000,2122.900000,2115.300000,2118.000000,424
2015-07-27T12:45:00+05:30,2118.050000,2122.800000,2115.100000,2122.750000,527
2015-07-27T13:00:00+05:30,2122.750000,2122.800000,2115.300000,2115.300000,864
2015-07-27T13:15:00+05:30,2119.650000,2131.000000,2116.850000,2127.150000,598
2015-07-27T13:30:00+05:30,2127.150000,2127.200000,2121.000000,2124.850000,254
2015-07-27T13:45:00+05:30,2124.850000,2124.850000,2116.000000,2122.550000,225
2015-07-27T14:00:00+05:30,2122.700000,2122.800000,2111.600000,2111.600000,594
2015-07-27T14:15:00+05:30,2113.000000,2120.000000,2112.000000,2112.550000,455
2015-07-27T14:30:00+05:30,2112.550000,2115.950000,2103.000000,2103.000000,983
2015-07-27T14:45:00+05:30,2104.000000,2110.850000,2101.300000,2107.450000,1471
2015-07-27T15:00:00+05:30,2107.450000,2107.450000,2095.000000,2100.000000,3834
2015-07-27T15:15:00+05:30,2102.000000,2114.000000,2085.000000,2113.000000,3814
2015-07-28T09:15:00+05:30,2106.000000,2106.000000,2082.950000,2093.650000,848
2015-07-28T09:30:00+05:30,2095.050000,2110.150000,2091.100000,2100.750000,824
2015-07-28T09:45:00+05:30,2100.750000,2105.550000,2100.000000,2100.000000,1118
2015-07-28T10:00:00+05:30,2100.000000,2102.000000,2100.000000,2100.100000,745
2015-07-28T10:15:00+05:30,2100.100000,2100.100000,2097.450000,2100.000000,265
2015-07-28T10:30:00+05:30,2100.000000,2100.200000,2100.000000,2100.050000,244
2015-07-28T10:45:00+05:30,2100.050000,2100.300000,2098.050000,2100.000000,117
2015-07-28T11:00:00+05:30,2100.000000,2100.000000,2100.000000,2100.000000,176
2015-07-28T11:15:00+05:30,2100.000000,2100.150000,2099.850000,2100.000000,1319
2015-07-28T11:30:00+05:30,2100.000000,2100.050000,2098.150000,2100.050000,247
2015-07-28T11:45:00+05:30,2100.050000,2100.100000,2100.000000,2100.050000,119
2015-07-28T12:00:00+05:30,2100.000000,2100.000000,2099.000000,2100.000000,312
2015-07-28T12:15:00+05:30,2100.000000,2100.100000,2099.000000,2100.000000,487
2015-07-28T12:30:00+05:30,2100.000000,2100.050000,2100.000000,2100.000000,254
2015-07-28T12:45:00+05:30,2100.000000,2100.100000,2100.000000,2100.000000,140
2015-07-28T13:00:00+05:30,2098.350000,2103.050000,2098.350000,2102.300000,335
2015-07-28T13:15:00+05:30,2102.300000,2105.000000,2101.350000,2101.400000,214
2015-07-28T13:30:00+05:30,2103.900000,2105.400000,2101.350000,2101.550000,183
2015-07-28T13:45:00+05:30,2101.550000,2104.950000,2100.000000,2100.000000,569
2015-07-28T14:00:00+05:30,2103.000000,2103.000000,2100.000000,2100.150000,226
2015-07-28T14:15:00+05:30,2100.150000,2104.000000,2100.100000,2100.100000,219
2015-07-28T14:30:00+05:30,2100.250000,2103.500000,2096.250000,2100.000000,481
2015-07-28T14:45:00+05:30,2100.000000,2102.000000,2099.000000,2100.000000,720
2015-07-28T15:00:00+05:30,2101.050000,2105.050000,2097.300000,2103.950000,2004
2015-07-28T15:15:00+05:30,2103.950000,2105.000000,2095.600000,2100.000000,2079
2015-07-29T09:15:00+05:30,2094.450000,2115.000000,2094.450000,2107.000000,300
2015-07-29T09:30:00+05:30,2107.000000,2107.000000,2100.000000,2103.900000,554
2015-07-29T09:45:00+05:30,2103.900000,2109.000000,2101.250000,2109.000000,153
2015-07-29T10:00:00+05:30,2109.000000,2158.800000,2107.600000,2157.000000,2690
2015-07-29T10:15:00+05:30,2156.950000,2156.950000,2136.250000,2143.550000,1435
2015-07-29T10:30:00+05:30,2143.550000,2148.000000,2140.000000,2145.950000,372
2015-07-29T10:45:00+05:30,2145.950000,2145.950000,2136.050000,2144.950000,653
2015-07-29T11:00:00+05:30,2144.950000,2148.050000,2140.050000,2148.050000,302
2015-07-29T11:15:00+05:30,2148.000000,2149.800000,2141.350000,2142.350000,544
2015-07-29T11:30:00+05:30,2142.350000,2149.800000,2140.150000,2149.800000,540
2015-07-29T11:45:00+05:30,2149.800000,2150.000000,2144.150000,2149.850000,552
2015-07-29T12:00:00+05:30,2146.350000,2150.000000,2146.000000,2150.000000,544
2015-07-29T12:15:00+05:30,2147.600000,2150.000000,2146.150000,2149.050000,262
2015-07-29T12:30:00+05:30,2148.050000,2150.950000,2142.500000,2142.500000,454
2015-07-29T12:45:00+05:30,2142.500000,2148.200000,2141.450000,2147.000000,478
2015-07-29T13:00:00+05:30,2147.000000,2149.950000,2143.350000,2146.350000,332
2015-07-29T13:15:00+05:30,2146.350000,2160.000000,2146.150000,2150.000000,1225
2015-07-29T13:30:00+05:30,2150.000000,2150.000000,2139.950000,2144.750000,609
2015-07-29T13:45:00+05:30,2144.950000,2150.000000,2140.000000,2145.000000,294
2015-07-29T14:00:00+05:30,2145.000000,2149.050000,2143.400000,2148.950000,395
2015-07-29T14:15:00+05:30,2148.950000,2155.000000,2142.050000,2143.500000,495
2015-07-29T14:30:00+05:30,2143.000000,2147.850000,2142.000000,2146.000000,215
2015-07-29T14:45:00+05:30,2146.000000,2146.000000,2130.000000,2135.100000,482
2015-07-29T15:00:00+05:30,2135.100000,2140.000000,2135.000000,2139.600000,695
2015-07-29T15:15:00+05:30,2139.600000,2140.000000,2128.000000,2130.000000,1076
2015-07-30T09:15:00+05:30,2130.200000,2145.000000,2129.950000,2143.050000,617
2015-07-30T09:30:00+05:30,2143.050000,2143.050000,2129.100000,2130.000000,346
2015-07-30T09:45:00+05:30,2134.550000,2134.550000,2118.700000,2120.000000,422
2015-07-30T10:00:00+05:30,2119.050000,2121.100000,2119.050000,2120.550000,145
2015-07-30T10:15:00+05:30,2120.550000,2126.250000,2120.550000,2126.250000,152
2015-07-30T10:30:00+05:30,2126.250000,2127.950000,2121.000000,2122.950000,139
2015-07-30T10:45:00+05:30,2122.950000,2123.050000,2120.000000,2120.000000,167
2015-07-30T11:00:00+05:30,2120.000000,2120.000000,2115.000000,2115.050000,76
2015-07-30T11:15:00+05:30,2115.050000,2122.950000,2110.000000,2115.050000,211
2015-07-30T11:30:00+05:30,2115.050000,2117.350000,2112.050000,2115.850000,89
2015-07-30T11:45:00+05:30,2115.850000,2117.550000,2110.000000,2115.000000,245
2015-07-30T12:00:00+05:30,2115.000000,2119.600000,2115.000000,2118.000000,53
2015-07-30T12:15:00+05:30,2115.000000,2118.000000,2105.500000,2117.000000,411
2015-07-30T12:30:00+05:30,2117.000000,2117.000000,2110.450000,2113.450000,218
2015-07-30T12:45:00+05:30,2113.450000,2116.000000,2110.000000,2114.850000,238
2015-07-30T13:00:00+05:30,2114.750000,2117.000000,2110.000000,2117.000000,133
2015-07-30T13:15:00+05:30,2117.000000,2120.000000,2111.700000,2116.350000,199
2015-07-30T13:30:00+05:30,2116.350000,2117.200000,2114.050000,2115.000000,75
2015-07-30T13:45:00+05:30,2115.000000,2115.000000,2108.350000,2113.950000,575
2015-07-30T14:00:00+05:30,2113.950000,2115.000000,2111.000000,2114.300000,158
2015-07-30T14:15:00+05:30,2115.250000,2117.000000,2109.400000,2109.400000,336
2015-07-30T14:30:00+05:30,2109.400000,2115.000000,2109.400000,2112.050000,306
2015-07-30T14:45:00+05:30,2112.050000,2113.600000,2110.100000,2112.850000,345
2015-07-30T15:00:00+05:30,2112.950000,2116.350000,2104.950000,2108.000000,904
2015-07-30T15:15:00+05:30,2120.050000,2150.000000,2105.500000,2112.500000,4610
2015-07-31T09:15:00+05:30,2138.900000,2142.450000,2119.000000,2122.200000,277
2015-07-31T09:30:00+05:30,2122.200000,2126.250000,2116.700000,2122.000000,438
2015-07-31T09:45:00+05:30,2122.000000,2122.000000,2102.000000,2109.000000,942
2015-07-31T10:00:00+05:30,2109.000000,2115.000000,2107.000000,2109.350000,665
2015-07-31T10:15:00+05:30,2109.600000,2116.400000,2108.500000,2110.250000,839
2015-07-31T10:30:00+05:30,2110.250000,2115.000000,2108.750000,2111.000000,176
2015-07-31T10:45:00+05:30,2109.150000,2115.000000,2107.350000,2108.750000,658
2015-07-31T11:00:00+05:30,2107.150000,2110.000000,2105.250000,2109.950000,404
2015-07-31T11:15:00+05:30,2109.950000,2109.950000,2104.950000,2107.100000,414
2015-07-31T11:30:00+05:30,2107.100000,2107.600000,2105.000000,2105.500000,139
2015-07-31T11:45:00+05:30,2105.500000,2106.600000,2104.000000,2104.750000,236
2015-07-31T12:00:00+05:30,2104.750000,2105.250000,2100.000000,2100.000000,2594
2015-07-31T12:15:00+05:30,2100.000000,2106.400000,2100.000000,2103.000000,1259
2015-07-31T12:30:00+05:30,2103.000000,2105.300000,2100.100000,2105.300000,288
2015-07-31T12:45:00+05:30,2105.300000,2106.350000,2100.000000,2102.000000,710
2015-07-31T13:00:00+05:30,2102.000000,2106.000000,2100.000000,2106.000000,2167
2015-07-31T13:15:00+05:30,2106.000000,2108.500000,2104.000000,2108.500000,417
2015-07-31T13:30:00+05:30,2108.500000,2109.900000,2105.000000,2109.000000,442
2015-07-31T13:45:00+05:30,2109.000000,2119.750000,2107.800000,2118.550000,1356
2015-07-31T14:00:00+05:30,2118.000000,2118.500000,2113.100000,2118.450000,1224
2015-07-31T14:15:00+05:30,2118.450000,2134.950000,2114.000000,2134.950000,2426
2015-07-31T14:30:00+05:30,2134.950000,2145.000000,2132.050000,2143.750000,2265
2015-07-31T14:45:00+05:30,2143.750000,2148.000000,2139.700000,2143.400000,1726
2015-07-31T15:00:00+05:30,2143.400000,2169.900000,2140.700000,2169.900000,5398
2015-07-31T15:15:00+05:30,2170.000000,2210.000000,2164.000000,2180.050000,7208
2015-08-03T09:15:00+05:30,2180.000000,2192.000000,2170.200000,2185.900000,886
2015-08-03T09:30:00+05:30,2189.550000,2189.550000,2170.200000,2170.200000,421
2015-08-03T09:45:00+05:30,2170.200000,2188.950000,2170.200000,2185.500000,363
2015-08-03T10:00:00+05:30,2185.500000,2192.000000,2175.000000,2189.900000,369
2015-08-03T10:15:00+05:30,2189.900000,2189.900000,2176.950000,2184.000000,287
2015-08-03T10:30:00+05:30,2184.000000,2234.000000,2184.000000,2213.400000,3084
2015-08-03T10:45:00+05:30,2213.400000,2216.200000,2211.700000,2215.200000,291
2015-08-03T11:00:00+05:30,2215.200000,2232.000000,2215.000000,2217.500000,890
2015-08-03T11:15:00+05:30,2217.500000,2222.350000,2217.350000,2220.050000,220
2015-08-03T11:30:00+05:30,2220.050000,2280.650000,2216.000000,2260.050000,4127
2015-08-03T11:45:00+05:30,2260.050000,2327.000000,2254.000000,2310.000000,6821
2015-08-03T12:00:00+05:30,2310.000000,2310.050000,2278.050000,2281.650000,2020
2015-08-03T12:15:00+05:30,2281.650000,2282.700000,2273.000000,2274.700000,789
2015-08-03T12:30:00+05:30,2274.700000,2280.000000,2266.300000,2278.350000,513
2015-08-03T12:45:00+05:30,2278.350000,2286.050000,2273.150000,2280.050000,475
2015-08-03T13:00:00+05:30,2280.050000,2286.950000,2275.800000,2286.950000,25873
2015-08-03T13:15:00+05:30,2286.950000,2288.000000,2282.000000,2288.000000,1678
2015-08-03T13:30:00+05:30,2288.000000,2288.000000,2285.000000,2285.200000,540
2015-08-03T13:45:00+05:30,2285.200000,2287.250000,2275.800000,2283.050000,893
2015-08-03T14:00:00+05:30,2283.050000,2297.600000,2280.000000,2290.050000,781
2015-08-03T14:15:00+05:30,2290.050000,2307.500000,2280.000000,2285.000000,1759
2015-08-03T14:30:00+05:30,2285.000000,2299.000000,2284.500000,2289.450000,686
2015-08-03T14:45:00+05:30,2289.450000,2290.000000,2286.000000,2288.150000,412
2015-08-03T15:00:00+05:30,2288.150000,2294.500000,2285.000000,2288.850000,1338
2015-08-03T15:15:00+05:30,2288.050000,2308.100000,2286.950000,2296.150000,3245
2015-08-04T09:15:00+05:30,2319.700000,2355.000000,2288.400000,2305.000000,4987
2015-08-04T09:30:00+05:30,2305.000000,2315.000000,2303.000000,2306.350000,953
2015-08-04T09:45:00+05:30,2306.350000,2309.050000,2288.450000,2289.950000,861
2015-08-04T10:00:00+05:30,2290.000000,2293.900000,2289.000000,2292.850000,606
2015-08-04T10:15:00+05:30,2292.850000,2293.750000,2266.100000,2270.000000,808
2015-08-04T10:30:00+05:30,2270.000000,2276.000000,2262.100000,2267.900000,709
2015-08-04T10:45:00+05:30,2267.900000,2285.000000,2267.900000,2278.800000,329
2015-08-04T11:00:00+05:30,2275.050000,2284.650000,2275.050000,2275.550000,168
2015-08-04T11:15:00+05:30,2275.550000,2289.000000,2275.550000,2289.000000,180
2015-08-04T11:30:00+05:30,2289.000000,2300.000000,2285.550000,2290.850000,494
2015-08-04T11:45:00+05:30,2290.850000,2300.000000,2285.000000,2300.000000,165
2015-08-04T12:00:00+05:30,2288.450000,2299.950000,2285.000000,2295.000000,214
2015-08-04T12:15:00+05:30,2295.000000,2295.000000,2289.700000,2295.000000,363
2015-08-04T12:30:00+05:30,2295.000000,2295.000000,2284.000000,2284.000000,58
2015-08-04T12:45:00+05:30,2284.000000,2290.850000,2269.000000,2284.100000,425
2015-08-04T13:00:00+05:30,2284.100000,2284.100000,2265.000000,2271.350000,297
2015-08-04T13:15:00+05:30,2267.900000,2271.000000,2265.950000,2270.000000,245
2015-08-04T13:30:00+05:30,2268.850000,2270.950000,2267.050000,2267.050000,203
2015-08-04T13:45:00+05:30,2270.400000,2289.950000,2270.400000,2279.950000,548
2015-08-04T14:00:00+05:30,2279.950000,2285.000000,2272.000000,2285.000000,557
2015-08-04T14:15:00+05:30,2285.000000,2295.050000,2282.100000,2295.050000,503
2015-08-04T14:30:00+05:30,2295.050000,2315.000000,2289.750000,2304.050000,1192
2015-08-04T14:45:00+05:30,2304.000000,2311.000000,2276.000000,2305.000000,1209
2015-08-04T15:00:00+05:30,2305.000000,2315.000000,2289.750000,2300.000000,2319
2015-08-04T15:15:00+05:30,2300.000000,2320.000000,2286.100000,2298.100000,2261
2015-08-05T09:15:00+05:30,2332.800000,2355.000000,2315.000000,2347.150000,3630
2015-08-05T09:30:00+05:30,2350.000000,2370.000000,2345.500000,2359.950000,2785
2015-08-05T09:45:00+05:30,2359.950000,2382.100000,2354.950000,2380.000000,2962
2015-08-05T10:00:00+05:30,2380.500000,2385.000000,2356.000000,2370.050000,3408
2015-08-05T10:15:00+05:30,2370.050000,2375.000000,2360.100000,2369.150000,1056
2015-08-05T10:30:00+05:30,2369.150000,2374.000000,2360.200000,2362.200000,588
2015-08-05T10:45:00+05:30,2363.450000,2366.400000,2359.000000,2359.350000,371
2015-08-05T11:00:00+05:30,2362.100000,2375.000000,2362.100000,2370.000000,793
2015-08-05T11:15:00+05:30,2370.000000,2370.000000,2360.450000,2366.250000,474
2015-08-05T11:30:00+05:30,2366.250000,2367.200000,2360.050000,2360.900000,361
2015-08-05T11:45:00+05:30,2360.900000,2365.100000,2360.700000,2365.000000,320
2015-08-05T12:00:00+05:30,2365.000000,2365.100000,2362.000000,2363.500000,269
2015-08-05T12:15:00+05:30,2365.000000,2365.050000,2363.500000,2365.000000,351
2015-08-05T12:30:00+05:30,2365.000000,2369.000000,2363.500000,2364.000000,330
2015-08-05T12:45:00+05:30,2364.000000,2366.900000,2364.000000,2365.950000,557
2015-08-05T13:00:00+05:30,2365.950000,2365.950000,2363.250000,2364.600000,983
2015-08-05T13:15:00+05:30,2364.600000,2364.600000,2363.000000,2363.050000,457
2015-08-05T13:30:00+05:30,2363.050000,2364.000000,2356.000000,2356.000000,537
2015-08-05T13:45:00+05:30,2360.000000,2365.000000,2360.000000,2363.400000,237
2015-08-05T14:00:00+05:30,2363.400000,2424.400000,2355.000000,2419.050000,10073
2015-08-05T14:15:00+05:30,2419.050000,2420.000000,2390.000000,2413.000000,2360
2015-08-05T14:30:00+05:30,2413.000000,2485.250000,2413.000000,2470.000000,13543
2015-08-05T14:45:00+05:30,2470.000000,2477.000000,2443.000000,2454.000000,3718
2015-08-05T15:00:00+05:30,2454.000000,2460.950000,2443.050000,2460.050000,4067
2015-08-05T15:15:00+05:30,2460.050000,2483.950000,2442.000000,2462.000000,7020
2015-08-06T09:15:00+05:30,2473.100000,2500.000000,2461.000000,2464.000000,5412
2015-08-06T09:30:00+05:30,2470.000000,2518.000000,2465.000000,2489.100000,10136
2015-08-06T09:45:00+05:30,2489.100000,2491.800000,2480.700000,2490.000000,1176
2015-08-06T10:00:00+05:30,2490.000000,2491.000000,2475.000000,2485.900000,1658
2015-08-06T10:15:00+05:30,2485.900000,2486.500000,2480.050000,2486.500000,1095
2015-08-06T10:30:00+05:30,2486.500000,2491.000000,2483.000000,2485.050000,1182
2015-08-06T10:45:00+05:30,2485.050000,2490.000000,2480.100000,2481.800000,1041
2015-08-06T11:00:00+05:30,2481.800000,2490.050000,2480.300000,2482.700000,911
2015-08-06T11:15:00+05:30,2482.700000,2490.000000,2481.300000,2481.350000,1084
2015-08-06T11:30:00+05:30,2481.350000,2486.150000,2480.000000,2480.500000,595
2015-08-06T11:45:00+05:30,2480.500000,2486.050000,2471.000000,2475.600000,1115
2015-08-06T12:00:00+05:30,2475.600000,2479.950000,2465.000000,2465.000000,664
2015-08-06T12:15:00+05:30,2465.000000,2470.000000,2465.000000,2465.000000,401
2015-08-06T12:30:00+05:30,2465.000000,2468.700000,2460.000000,2464.000000,376
2015-08-06T12:45:00+05:30,2464.000000,2464.950000,2455.000000,2459.400000,313
2015-08-06T13:00:00+05:30,2459.400000,2459.400000,2431.800000,2448.650000,1090
2015-08-06T13:15:00+05:30,2448.650000,2448.650000,2430.000000,2432.550000,441
2015-08-06T13:30:00+05:30,2432.550000,2440.000000,2432.550000,2435.000000,234
2015-08-06T13:45:00+05:30,2435.000000,2439.950000,2433.050000,2439.900000,172
2015-08-06T14:00:00+05:30,2439.900000,2447.500000,2438.000000,2443.000000,374
2015-08-06T14:15:00+05:30,2443.000000,2458.500000,2438.000000,2448.700000,1034
2015-08-06T14:30:00+05:30,2448.700000,2448.700000,2430.700000,2438.100000,395
2015-08-06T14:45:00+05:30,2438.100000,2450.050000,2430.700000,2431.100000,1013
2015-08-06T15:00:00+05:30,2431.100000,2433.350000,2422.000000,2427.050000,1148
2015-08-06T15:15:00+05:30,2427.050000,2455.000000,2410.700000,2425.000000,1742
2015-08-07T09:15:00+05:30,2403.000000,2421.950000,2403.000000,2405.300000,1530
2015-08-07T09:30:00+05:30,2405.300000,2410.000000,2376.400000,2390.050000,1604
2015-08-07T09:45:00+05:30,2390.050000,2393.700000,2363.000000,2373.450000,922
2015-08-07T10:00:00+05:30,2373.450000,2393.750000,2371.050000,2391.000000,1025
2015-08-07T10:15:00+05:30,2392.800000,2393.550000,2381.350000,2386.000000,698
2015-08-07T10:30:00+05:30,2386.250000,2399.000000,2386.250000,2395.000000,399
2015-08-07T10:45:00+05:30,2395.000000,2395.000000,2383.650000,2385.950000,68
2015-08-07T11:00:00+05:30,2385.950000,2386.100000,2383.000000,2383.000000,311
2015-08-07T11:15:00+05:30,2383.000000,2383.050000,2368.600000,2368.750000,449
2015-08-07T11:30:00+05:30,2368.750000,2380.000000,2368.750000,2379.950000,251
2015-08-07T11:45:00+05:30,2379.950000,2380.000000,2365.000000,2369.750000,573
2015-08-07T12:00:00+05:30,2369.750000,2382.000000,2365.000000,2381.200000,196
2015-08-07T12:15:00+05:30,2381.200000,2383.150000,2373.550000,2380.000000,117
2015-08-07T12:30:00+05:30,2380.000000,2380.000000,2372.000000,2374.500000,113
2015-08-07T12:45:00+05:30,2374.500000,2390.000000,2374.500000,2380.150000,365
2015-08-07T13:00:00+05:30,2383.000000,2393.000000,2376.300000,2393.000000,257
2015-08-07T13:15:00+05:30,2393.000000,2395.950000,2390.000000,2392.700000,477
2015-08-07T13:30:00+05:30,2392.700000,2395.950000,2390.000000,2390.150000,515
2015-08-07T13:45:00+05:30,2390.150000,2391.000000,2385.200000,2387.500000,572
2015-08-07T14:00:00+05:30,2387.500000,2387.500000,2371.250000,2375.000000,1176
2015-08-07T14:15:00+05:30,2374.800000,2375.500000,2367.150000,2367.150000,298
2015-08-07T14:30:00+05:30,2367.050000,2371.700000,2365.250000,2367.000000,252
2015-08-07T14:45:00+05:30,2367.000000,2375.000000,2351.000000,2355.450000,1042
2015-08-07T15:00:00+05:30,2351.000000,2361.450000,2350.000000,2361.450000,1696
2015-08-07T15:15:00+05:30,2361.450000,2370.000000,2353.200000,2355.000000,1986
2015-08-10T09:15:00+05:30,2397.000000,2397.000000,2335.250000,2354.200000,858
2015-08-10T09:30:00+05:30,2354.200000,2384.000000,2350.000000,2370.000000,602
2015-08-10T09:45:00+05:30,2370.000000,2371.000000,2351.000000,2357.550000,260
2015-08-10T10:00:00+05:30,2357.550000,2365.000000,2354.050000,2365.000000,129
2015-08-10T10:15:00+05:30,2365.000000,2369.950000,2351.000000,2365.950000,1333
2015-08-10T10:30:00+05:30,2365.950000,2369.000000,2362.100000,2365.000000,8736
2015-08-10T10:45:00+05:30,2365.000000,2365.000000,2362.000000,2365.000000,1620
2015-08-10T11:00:00+05:30,2365.000000,2365.000000,2361.850000,2364.950000,31
2015-08-10T11:15:00+05:30,2364.950000,2365.000000,2360.000000,2360.000000,91
2015-08-10T11:30:00+05:30,2360.000000,2361.000000,2355.000000,2356.000000,83
2015-08-10T11:45:00+05:30,2356.000000,2359.850000,2355.000000,2359.750000,72
2015-08-10T12:00:00+05:30,2359.750000,2359.750000,2353.300000,2354.950000,36
2015-08-10T12:15:00+05:30,2354.950000,2355.100000,2350.150000,2350.150000,519
2015-08-10T12:30:00+05:30,2350.150000,2353.200000,2344.950000,2344.950000,1298
2015-08-10T12:45:00+05:30,2344.950000,2350.000000,2344.950000,2348.950000,431
2015-08-10T13:00:00+05:30,2348.950000,2349.000000,2348.950000,2349.000000,31
2015-08-10T13:15:00+05:30,2349.000000,2349.000000,2346.150000,2346.150000,32
2015-08-10T13:30:00+05:30,2345.000000,2347.500000,2344.950000,2344.950000,62
2015-08-10T13:45:00+05:30,2344.950000,2346.000000,2340.000000,2340.000000,151
2015-08-10T14:00:00+05:30,2340.000000,2343.900000,2338.000000,2338.000000,67
2015-08-10T14:15:00+05:30,2337.200000,2337.200000,2316.750000,2319.000000,1144
2015-08-10T14:30:00+05:30,2319.000000,2320.000000,2315.000000,2318.850000,335
2015-08-10T14:45:00+05:30,2318.850000,2320.000000,2317.150000,2320.000000,933
2015-08-10T15:00:00+05:30,2320.000000,2324.850000,2306.050000,2306.050000,1163
2015-08-10T15:15:00+05:30,2306.050000,2327.350000,2306.000000,2320.000000,2251
2015-08-11T09:15:00+05:30,2350.000000,2350.000000,2330.000000,2332.000000,1945
2015-08-11T09:30:00+05:30,2331.650000,2336.950000,2313.500000,2316.100000,1463
2015-08-11T09:45:00+05:30,2315.150000,2325.000000,2304.950000,2305.050000,687
2015-08-11T10:00:00+05:30,2305.050000,2305.050000,2275.050000,2279.000000,1079
2015-08-11T10:15:00+05:30,2279.250000,2279.250000,2260.350000,2265.000000,4255
2015-08-11T10:30:00+05:30,2265.000000,2265.000000,2244.050000,2258.450000,1835
2015-08-11T10:45:00+05:30,2258.450000,2258.450000,2236.000000,2240.000000,2498
2015-08-11T11:00:00+05:30,2240.000000,2240.000000,2227.050000,2229.950000,1272
2015-08-11T11:15:00+05:30,2229.950000,2230.000000,2226.500000,2229.450000,1053
2015-08-11T11:30:00+05:30,2229.450000,2229.450000,2210.050000,2215.000000,2754
2015-08-11T11:45:00+05:30,2212.000000,2220.050000,2211.000000,2220.050000,3442
2015-08-11T12:00:00+05:30,2220.050000,2249.000000,2218.850000,2242.600000,3257
2015-08-11T12:15:00+05:30,2242.600000,2254.850000,2230.000000,2230.000000,4950
2015-08-11T12:30:00+05:30,2230.000000,2247.000000,2226.500000,2235.600000,656
2015-08-11T12:45:00+05:30,2235.150000,2245.000000,2235.150000,2238.050000,389
2015-08-11T13:00:00+05:30,2238.000000,2250.000000,2237.900000,2250.000000,734
2015-08-11T13:15:00+05:30,2246.450000,2251.100000,2245.050000,2251.100000,897
2015-08-11T13:30:00+05:30,2251.100000,2255.000000,2245.350000,2245.350000,688
2015-08-11T13:45:00+05:30,2245.350000,2247.850000,2238.450000,2243.000000,673
2015-08-11T14:00:00+05:30,2243.000000,2248.700000,2240.000000,2241.000000,2198
2015-08-11T14:15:00+05:30,2241.000000,2255.050000,2240.000000,2250.000000,1081
2015-08-11T14:30:00+05:30,2250.000000,2255.950000,2247.650000,2247.650000,1091
2015-08-11T14:45:00+05:30,2247.650000,2257.200000,2247.650000,2257.000000,1521
2015-08-11T15:00:00+05:30,2257.000000,2265.000000,2253.000000,2260.250000,3786
2015-08-11T15:15:00+05:30,2260.250000,2315.000000,2255.000000,2260.000000,5781
2015-08-12T09:15:00+05:30,2263.200000,2283.000000,2250.050000,2267.900000,457
2015-08-12T09:30:00+05:30,2266.650000,2275.950000,2265.200000,2267.750000,661
2015-08-12T09:45:00+05:30,2267.750000,2268.000000,2241.400000,2247.000000,515
2015-08-12T10:00:00+05:30,2247.000000,2255.000000,2238.000000,2248.000000,255
2015-08-12T10:15:00+05:30,2248.000000,2255.000000,2245.050000,2250.050000,2610
2015-08-12T10:30:00+05:30,2250.050000,2269.750000,2249.950000,2264.000000,1731
2015-08-12T10:45:00+05:30,2264.000000,2264.000000,2250.050000,2254.150000,673
2015-08-12T11:00:00+05:30,2254.150000,2263.000000,2253.450000,2254.050000,712
2015-08-12T11:15:00+05:30,2254.050000,2254.950000,2253.000000,2253.000000,107
2015-08-12T11:30:00+05:30,2253.000000,2254.950000,2253.000000,2254.150000,46570
2015-08-12T11:45:00+05:30,2254.150000,2259.900000,2254.150000,2259.900000,200
2015-08-12T12:00:00+05:30,2259.900000,2260.000000,2254.100000,2260.000000,125
2015-08-12T12:15:00+05:30,2260.000000,2263.950000,2260.000000,2263.000000,79
2015-08-12T12:30:00+05:30,2263.950000,2275.000000,2263.950000,2272.000000,524
2015-08-12T12:45:00+05:30,2272.000000,2273.500000,2272.000000,2272.050000,240
2015-08-12T13:00:00+05:30,2272.050000,2272.050000,2263.000000,2265.000000,355
2015-08-12T13:15:00+05:30,2265.000000,2265.000000,2260.250000,2264.000000,160
2015-08-12T13:30:00+05:30,2264.000000,2267.750000,2260.900000,2267.750000,259
2015-08-12T13:45:00+05:30,2267.750000,2275.000000,2263.250000,2275.000000,473
2015-08-12T14:00:00+05:30,2275.000000,2275.000000,2265.500000,2272.100000,321
2015-08-12T14:15:00+05:30,2272.100000,2273.000000,2253.950000,2261.500000,2427
2015-08-12T14:30:00+05:30,2261.500000,2272.900000,2261.500000,2267.000000,411
2015-08-12T14:45:00+05:30,2267.000000,2271.850000,2260.200000,2270.000000,306
2015-08-12T15:00:00+05:30,2270.000000,2314.900000,2270.000000,2297.950000,2923
2015-08-12T15:15:00+05:30,2297.950000,2305.700000,2270.000000,2288.300000,1761
2015-08-13T09:15:00+05:30,2313.950000,2336.750000,2300.050000,2329.350000,668
2015-08-13T09:30:00+05:30,2329.000000,2335.000000,2320.000000,2335.000000,829
2015-08-13T09:45:00+05:30,2335.000000,2335.000000,2274.950000,2293.000000,648
2015-08-13T10:00:00+05:30,2290.000000,2295.000000,2282.200000,2291.900000,836
2015-08-13T10:15:00+05:30,2287.650000,2287.650000,2264.250000,2264.250000,362
2015-08-13T10:30:00+05:30,2264.250000,2272.100000,2263.950000,2267.000000,243
2015-08-13T10:45:00+05:30,2267.000000,2267.000000,2260.050000,2263.050000,288
2015-08-13T11:00:00+05:30,2263.050000,2264.200000,2251.000000,2251.000000,627
2015-08-13T11:15:00+05:30,2252.000000,2255.000000,2250.000000,2253.900000,1858
2015-08-13T11:30:00+05:30,2253.900000,2265.000000,2250.000000,2257.250000,1812
2015-08-13T11:45:00+05:30,2256.050000,2271.050000,2253.000000,2255.000000,1375
2015-08-13T12:00:00+05:30,2255.000000,2256.000000,2251.300000,2254.850000,1787
2015-08-13T12:15:00+05:30,2254.850000,2254.850000,2249.950000,2250.000000,1081
2015-08-13T12:30:00+05:30,2250.000000,2255.000000,2250.000000,2251.550000,743
2015-08-13T12:45:00+05:30,2254.950000,2254.950000,2252.050000,2254.900000,265
2015-08-13T13:00:00+05:30,2254.900000,2254.900000,2251.000000,2251.000000,19
2015-08-13T13:15:00+05:30,2251.000000,2253.950000,2249.750000,2250.000000,652
2015-08-13T13:30:00+05:30,2250.000000,2253.850000,2248.950000,2251.000000,915
2015-08-13T13:45:00+05:30,2251.000000,2253.000000,2249.950000,2250.000000,559
2015-08-13T14:00:00+05:30,2250.550000,2257.500000,2250.000000,2255.000000,722
2015-08-13T14:15:00+05:30,2252.850000,2257.500000,2250.100000,2251.100000,489
2015-08-13T14:30:00+05:30,2250.600000,2254.950000,2250.550000,2254.950000,410
2015-08-13T14:45:00+05:30,2251.000000,2254.950000,2250.600000,2253.950000,370
2015-08-13T15:00:00+05:30,2253.950000,2253.950000,2246.150000,2250.000000,1977
2015-08-13T15:15:00+05:30,2250.000000,2260.000000,2240.000000,2253.000000,6223
2015-08-14T09:15:00+05:30,2260.150000,2279.750000,2250.200000,2250.450000,1074
2015-08-14T09:30:00+05:30,2250.450000,2265.000000,2250.450000,2265.000000,367
2015-08-14T09:45:00+05:30,2265.000000,2272.250000,2255.300000,2270.000000,253
2015-08-14T10:00:00+05:30,2272.200000,2274.000000,2266.000000,2267.000000,267
2015-08-14T10:15:00+05:30,2267.000000,2267.000000,2258.000000,2259.400000,156
2015-08-14T10:30:00+05:30,2259.400000,2270.000000,2259.400000,2270.000000,138
2015-08-14T10:45:00+05:30,2270.000000,2270.000000,2270.000000,2270.000000,20
2015-08-14T11:00:00+05:30,2270.000000,2274.000000,2270.000000,2272.450000,133
2015-08-14T11:15:00+05:30,2268.950000,2272.400000,2265.000000,2272.400000,203
2015-08-14T11:30:00+05:30,2272.400000,2287.650000,2270.000000,2280.000000,446
2015-08-14T11:45:00+05:30,2280.000000,2287.650000,2270.100000,2270.100000,266
2015-08-14T12:00:00+05:30,2270.050000,2270.050000,2263.500000,2263.500000,251
2015-08-14T12:15:00+05:30,2263.500000,2266.750000,2261.600000,2266.750000,87
2015-08-14T12:30:00+05:30,2266.750000,2269.450000,2264.950000,2264.950000,252
2015-08-14T12:45:00+05:30,2264.950000,2265.000000,2260.000000,2262.050000,117
2015-08-14T13:00:00+05:30,2262.050000,2279.200000,2262.050000,2276.050000,258
2015-08-14T13:15:00+05:30,2276.050000,2290.000000,2272.450000,2285.150000,406
2015-08-14T13:30:00+05:30,2285.150000,2320.000000,2285.150000,2313.000000,2073
2015-08-14T13:45:00+05:30,2313.000000,2319.000000,2310.000000,2310.000000,954
2015-08-14T14:00:00+05:30,2310.000000,2314.950000,2300.200000,2314.800000,582
2015-08-14T14:15:00+05:30,2314.800000,2321.000000,2300.000000,2300.000000,1689
2015-08-14T14:30:00+05:30,2300.000000,2314.000000,2300.000000,2310.400000,411
2015-08-14T14:45:00+05:30,2310.400000,2320.000000,2310.050000,2316.050000,767
2015-08-14T15:00:00+05:30,2316.050000,2316.050000,2280.000000,2293.250000,1817
2015-08-14T15:15:00+05:30,2293.250000,2300.000000,2261.350000,2270.000000,2332
2015-08-17T09:15:00+05:30,2295.250000,2295.250000,2251.500000,2251.500000,575
2015-08-17T09:30:00+05:30,2251.500000,2275.000000,2251.500000,2268.050000,313
2015-08-17T09:45:00+05:30,2268.050000,2283.900000,2268.050000,2280.000000,435
2015-08-17T10:00:00+05:30,2280.000000,2280.000000,2275.050000,2279.250000,49
2015-08-17T10:15:00+05:30,2279.250000,2279.800000,2271.000000,2279.800000,390
2015-08-17T10:30:00+05:30,2279.800000,2279.800000,2275.150000,2275.150000,93
2015-08-17T10:45:00+05:30,2275.150000,2280.000000,2271.200000,2280.000000,511
2015-08-17T11:00:00+05:30,2280.000000,2280.000000,2275.650000,2276.100000,156
2015-08-17T11:15:00+05:30,2276.100000,2279.900000,2276.000000,2276.000000,30
2015-08-17T11:30:00+05:30,2276.000000,2293.100000,2273.700000,2293.100000,429
2015-08-17T11:45:00+05:30,2293.100000,2293.100000,2286.050000,2293.100000,29
2015-08-17T12:00:00+05:30,2293.100000,2295.850000,2291.050000,2295.850000,136
2015-08-17T12:15:00+05:30,2296.000000,2313.600000,2296.000000,2310.000000,576
2015-08-17T12:30:00+05:30,2310.000000,2329.000000,2309.000000,2325.000000,857
2015-08-17T12:45:00+05:30,2325.000000,2325.000000,2300.000000,2300.000000,293
2015-08-17T13:00:00+05:30,2300.000000,2300.000000,2281.000000,2293.400000,1097
2015-08-17T13:15:00+05:30,2293.400000,2297.450000,2289.700000,2295.600000,201
2015-08-17T13:30:00+05:30,2285.000000,2290.000000,2234.450000,2249.950000,2199
2015-08-17T13:45:00+05:30,2249.950000,2254.950000,2246.000000,2254.950000,615
2015-08-17T14:00:00+05:30,2254.950000,2267.000000,2254.950000,2267.000000,523
2015-08-17T14:15:00+05:30,2267.000000,2267.500000,2255.200000,2264.500000,163
2015-08-17T14:30:00+05:30,2263.050000,2265.650000,2257.000000,2265.000000,198
2015-08-17T14:45:00+05:30,2265.000000,2268.700000,2262.100000,2263.650000,122
2015-08-17T15:00:00+05:30,2260.000000,2270.000000,2258.250000,2270.000000,1196
2015-08-17T15:15:00+05:30,2270.000000,2334.400000,2260.000000,2288.000000,10445
2015-08-18T09:15:00+05:30,2272.200000,2310.500000,2272.200000,2305.000000,274
2015-08-18T09:30:00+05:30,2305.000000,2313.550000,2305.000000,2310.400000,122
2015-08-18T09:45:00+05:30,2309.250000,2309.250000,2302.000000,2302.000000,113
2015-08-18T10:00:00+05:30,2302.000000,2303.850000,2300.000000,2300.050000,84
2015-08-18T10:15:00+05:30,2300.050000,2303.950000,2299.500000,2299.500000,98
2015-08-18T10:30:00+05:30,2299.000000,2299.000000,2292.050000,2292.050000,91
2015-08-18T10:45:00+05:30,2292.050000,2292.050000,2290.000000,2290.000000,60
2015-08-18T11:00:00+05:30,2288.000000,2288.950000,2281.650000,2285.050000,116
2015-08-18T11:15:00+05:30,2285.050000,2292.000000,2285.050000,2288.150000,102
2015-08-18T11:30:00+05:30,2288.150000,2300.000000,2288.150000,2295.000000,131
2015-08-18T11:45:00+05:30,2295.000000,2300.000000,2295.000000,2296.250000,71
2015-08-18T12:00:00+05:30,2296.250000,2299.000000,2291.050000,2291.050000,38
2015-08-18T12:15:00+05:30,2291.050000,2299.550000,2289.950000,2289.950000,368
2015-08-18T12:30:00+05:30,2289.950000,2290.000000,2289.550000,2290.000000,71
2015-08-18T12:45:00+05:30,2290.000000,2299.900000,2290.000000,2299.900000,90
2015-08-18T13:00:00+05:30,2299.900000,2300.000000,2291.000000,2293.250000,378
2015-08-18T13:15:00+05:30,2293.250000,2300.000000,2292.200000,2293.000000,211
2015-08-18T13:30:00+05:30,2293.000000,2300.000000,2288.500000,2292.200000,280
2015-08-18T13:45:00+05:30,2292.200000,2300.000000,2291.950000,2294.700000,358
2015-08-18T14:00:00+05:30,2299.900000,2300.000000,2294.800000,2296.900000,197
2015-08-18T14:15:00+05:30,2296.900000,2300.000000,2296.600000,2299.950000,297
2015-08-18T14:30:00+05:30,2297.200000,2305.000000,2297.000000,2297.000000,419
2015-08-18T14:45:00+05:30,2297.000000,2310.000000,2296.650000,2305.600000,1181
2015-08-18T15:00:00+05:30,2305.600000,2308.050000,2272.200000,2284.000000,2605
2015-08-18T15:15:00+05:30,2284.000000,2328.950000,2259.600000,2300.000000,5231
2015-08-19T09:15:00+05:30,2300.000000,2310.000000,2278.800000,2300.050000,469
2015-08-19T09:30:00+05:30,2303.300000,2305.000000,2300.050000,2305.000000,165
2015-08-19T09:45:00+05:30,2305.000000,2309.000000,2305.000000,2309.000000,185
2015-08-19T10:00:00+05:30,2310.000000,2342.400000,2310.000000,2317.250000,1140
2015-08-19T10:15:00+05:30,2317.250000,2329.950000,2317.250000,2320.950000,561
2015-08-19T10:30:00+05:30,2320.950000,2328.800000,2320.950000,2323.900000,441
2015-08-19T10:45:00+05:30,2324.000000,2324.300000,2315.000000,2315.000000,153
2015-08-19T11:00:00+05:30,2319.550000,2324.000000,2316.050000,2321.950000,145
2015-08-19T11:15:00+05:30,2321.950000,2321.950000,2317.000000,2317.000000,65
2015-08-19T11:30:00+05:30,2317.000000,2320.700000,2315.000000,2315.000000,106
2015-08-19T11:45:00+05:30,2315.000000,2315.000000,2299.200000,2305.000000,554
2015-08-19T12:00:00+05:30,2314.800000,2314.800000,2289.600000,2302.750000,214
2015-08-19T12:15:00+05:30,2303.950000,2304.000000,2280.300000,2290.000000,395
2015-08-19T12:30:00+05:30,2290.000000,2294.350000,2277.000000,2279.950000,578
2015-08-19T12:45:00+05:30,2279.950000,2280.000000,2274.000000,2274.000000,341
2015-08-19T13:00:00+05:30,2274.000000,2275.000000,2252.000000,2275.000000,1749
2015-08-19T13:15:00+05:30,2275.000000,2279.000000,2272.000000,2274.400000,1243
2015-08-19T13:30:00+05:30,2274.400000,2278.900000,2260.100000,2278.750000,645
2015-08-19T13:45:00+05:30,2278.750000,2282.000000,2275.050000,2280.000000,391
2015-08-19T14:00:00+05:30,2280.000000,2280.000000,2279.350000,2279.350000,576
2015-08-19T14:15:00+05:30,2279.350000,2279.400000,2277.000000,2279.000000,183
2015-08-19T14:30:00+05:30,2279.000000,2280.000000,2275.050000,2276.000000,331
2015-08-19T14:45:00+05:30,2279.900000,2294.700000,2275.500000,2280.000000,1597
2015-08-19T15:00:00+05:30,2280.000000,2289.000000,2262.650000,2270.000000,2084
2015-08-19T15:15:00+05:30,2270.000000,2309.800000,2268.000000,2300.000000,10114
2015-08-20T09:15:00+05:30,2290.000000,2305.000000,2277.600000,2280.000000,789
2015-08-20T09:30:00+05:30,2280.000000,2288.000000,2275.000000,2278.000000,491
2015-08-20T09:45:00+05:30,2278.000000,2280.400000,2276.000000,2279.950000,174
2015-08-20T10:00:00+05:30,2279.950000,2279.950000,2275.000000,2279.150000,613
2015-08-20T10:15:00+05:30,2279.150000,2279.150000,2272.450000,2274.950000,191
2015-08-20T10:30:00+05:30,2274.950000,2275.000000,2273.000000,2273.000000,65
2015-08-20T10:45:00+05:30,2273.000000,2275.000000,2273.000000,2275.000000,314
2015-08-20T11:00:00+05:30,2275.000000,2275.000000,2267.650000,2273.000000,2842
2015-08-20T11:15:00+05:30,2273.000000,2275.000000,2269.850000,2275.000000,143
2015-08-20T11:30:00+05:30,2275.000000,2275.000000,2269.500000,2269.500000,271
2015-08-20T11:45:00+05:30,2269.500000,2272.000000,2260.100000,2266.000000,341
2015-08-20T12:00:00+05:30,2266.000000,2267.500000,2263.750000,2267.500000,340
2015-08-20T12:15:00+05:30,2267.500000,2267.850000,2262.000000,2262.000000,379
2015-08-20T12:30:00+05:30,2262.000000,2262.000000,2234.000000,2245.100000,2699
2015-08-20T12:45:00+05:30,2245.100000,2255.050000,2240.000000,2249.350000,609
2015-08-20T13:00:00+05:30,2249.350000,2249.350000,2239.950000,2240.000000,1417
2015-08-20T13:15:00+05:30,2240.000000,2246.400000,2228.700000,2229.950000,5504
2015-08-20T13:30:00+05:30,2228.950000,2245.000000,2222.000000,2245.000000,690
2015-08-20T13:45:00+05:30,2245.000000,2247.550000,2240.000000,2246.350000,98
2015-08-20T14:00:00+05:30,2246.350000,2252.000000,2241.150000,2251.000000,319
2015-08-20T14:15:00+05:30,2251.000000,2251.200000,2245.000000,2250.000000,89
2015-08-20T14:30:00+05:30,2250.000000,2253.100000,2237.050000,2253.000000,564
2015-08-20T14:45:00+05:30,2253.000000,2265.000000,2250.050000,2255.800000,1049
2015-08-20T15:00:00+05:30,2255.800000,2260.000000,2250.000000,2255.900000,821
2015-08-20T15:15:00+05:30,2255.900000,2271.600000,2245.600000,2250.300000,3038
2015-08-21T09:15:00+05:30,2258.800000,2258.800000,2210.250000,2218.850000,616
2015-08-21T09:30:00+05:30,2218.850000,2240.000000,2217.200000,2225.050000,803
2015-08-21T09:45:00+05:30,2225.050000,2238.900000,2225.050000,2238.000000,371
2015-08-21T10:00:00+05:30,2240.000000,2245.750000,2239.100000,2239.100000,170
2015-08-21T10:15:00+05:30,2240.200000,2245.000000,2236.800000,2244.950000,133
2015-08-21T10:30:00+05:30,2244.950000,2244.950000,2240.000000,2240.000000,145
2015-08-21T10:45:00+05:30,2240.000000,2240.950000,2235.000000,2238.750000,499
2015-08-21T11:00:00+05:30,2238.750000,2243.500000,2235.000000,2237.950000,148
2015-08-21T11:15:00+05:30,2237.950000,2242.050000,2237.950000,2242.000000,28
2015-08-21T11:30:00+05:30,2241.450000,2242.350000,2235.000000,2242.350000,157
2015-08-21T11:45:00+05:30,2244.000000,2244.000000,2239.100000,2239.100000,28
2015-08-21T12:00:00+05:30,2239.100000,2244.000000,2239.100000,2239.100000,50
2015-08-21T12:15:00+05:30,2239.100000,2243.600000,2236.050000,2243.600000,307
2015-08-21T12:30:00+05:30,2237.950000,2243.950000,2237.950000,2239.300000,38
2015-08-21T12:45:00+05:30,2239.300000,2243.100000,2235.000000,2237.950000,198
2015-08-21T13:00:00+05:30,2237.950000,2244.000000,2237.950000,2242.000000,109
2015-08-21T13:15:00+05:30,2259.950000,2259.950000,2245.050000,2245.050000,218
2015-08-21T13:30:00+05:30,2245.050000,2250.600000,2240.750000,2240.750000,86
2015-08-21T13:45:00+05:30,2240.750000,2246.150000,2240.700000,2244.550000,92
2015-08-21T14:00:00+05:30,2241.400000,2245.950000,2236.800000,2240.000000,490
2015-08-21T14:15:00+05:30,2240.000000,2258.750000,2236.800000,2255.050000,730
2015-08-21T14:30:00+05:30,2255.050000,2259.000000,2250.100000,2255.500000,363
2015-08-21T14:45:00+05:30,2258.950000,2269.800000,2254.100000,2254.100000,932
2015-08-21T15:00:00+05:30,2254.100000,2269.950000,2253.950000,2265.000000,816
2015-08-21T15:15:00+05:30,2265.000000,2294.000000,2258.000000,2290.000000,2277
2015-08-24T09:15:00+05:30,2225.000000,2233.000000,2211.550000,2226.000000,1265
2015-08-24T09:30:00+05:30,2226.000000,2230.000000,2225.300000,2226.250000,339
2015-08-24T09:45:00+05:30,2227.950000,2237.800000,2224.950000,2233.450000,292
2015-08-24T10:00:00+05:30,2237.750000,2237.750000,2231.250000,2232.300000,201
2015-08-24T10:15:00+05:30,2232.300000,2234.450000,2197.700000,2208.000000,1024
2015-08-24T10:30:00+05:30,2208.000000,2208.000000,2165.850000,2196.900000,2059
2015-08-24T10:45:00+05:30,2196.900000,2204.900000,2172.350000,2194.200000,690
2015-08-24T11:00:00+05:30,2194.200000,2199.000000,2178.100000,2191.750000,506
2015-08-24T11:15:00+05:30,2191.750000,2195.950000,2180.000000,2192.050000,292
2015-08-24T11:30:00+05:30,2192.050000,2195.950000,2170.050000,2180.350000,1030
2015-08-24T11:45:00+05:30,2175.050000,2179.200000,2170.050000,2176.000000,402
2015-08-24T12:00:00+05:30,2176.000000,2187.300000,2176.000000,2176.150000,692
2015-08-24T12:15:00+05:30,2176.150000,2234.000000,2176.150000,2205.000000,1225
2015-08-24T12:30:00+05:30,2206.850000,2210.400000,2191.900000,2203.000000,209
2015-08-24T12:45:00+05:30,2203.000000,2209.150000,2193.100000,2193.100000,198
2015-08-24T13:00:00+05:30,2193.100000,2200.000000,2175.050000,2190.000000,1286
2015-08-24T13:15:00+05:30,2190.000000,2203.000000,2184.000000,2190.000000,1120
2015-08-24T13:30:00+05:30,2199.000000,2199.000000,2183.850000,2187.000000,780
2015-08-24T13:45:00+05:30,2187.000000,2190.000000,2180.050000,2187.000000,546
2015-08-24T14:00:00+05:30,2186.000000,2193.050000,2180.000000,2187.000000,3524
2015-08-24T14:15:00+05:30,2187.000000,2200.000000,2166.000000,2166.000000,1456
2015-08-24T14:30:00+05:30,2166.000000,2199.900000,2151.000000,2169.900000,2303
2015-08-24T14:45:00+05:30,2169.900000,2175.000000,2151.050000,2160.850000,1423
2015-08-24T15:00:00+05:30,2169.950000,2175.000000,2150.000000,2172.350000,2156
2015-08-24T15:15:00+05:30,2165.600000,2225.000000,2150.000000,2200.000000,4440
2015-08-25T09:15:00+05:30,2212.450000,2220.000000,2192.500000,2200.000000,893
2015-08-25T09:30:00+05:30,2200.000000,2202.000000,2180.000000,2180.000000,703
2015-08-25T09:45:00+05:30,2180.000000,2180.000000,2140.000000,2142.750000,846
2015-08-25T10:00:00+05:30,2142.750000,2150.000000,2109.800000,2126.000000,1321
2015-08-25T10:15:00+05:30,2126.000000,2140.600000,2100.100000,2107.950000,1005
2015-08-25T10:30:00+05:30,2107.950000,2129.600000,2099.800000,2106.000000,1804
2015-08-25T10:45:00+05:30,2106.950000,2128.650000,2103.000000,2106.150000,1170
2015-08-25T11:00:00+05:30,2106.150000,2118.700000,2100.000000,2101.050000,1033
2015-08-25T11:15:00+05:30,2101.050000,2124.050000,2100.050000,2113.250000,947
2015-08-25T11:30:00+05:30,2113.250000,2119.900000,2101.150000,2103.000000,528
2015-08-25T11:45:00+05:30,2103.000000,2125.200000,2102.050000,2124.000000,669
2015-08-25T12:00:00+05:30,2124.000000,2163.700000,2113.250000,2145.000000,1153
2015-08-25T12:15:00+05:30,2145.000000,2185.700000,2128.000000,2165.950000,618
2015-08-25T12:30:00+05:30,2165.950000,2187.800000,2163.750000,2180.000000,351
2015-08-25T12:45:00+05:30,2180.000000,2190.000000,2179.900000,2187.800000,415
2015-08-25T13:00:00+05:30,2187.800000,2191.500000,2183.000000,2191.500000,379
2015-08-25T13:15:00+05:30,2191.500000,2196.950000,2130.050000,2163.650000,502
2015-08-25T13:30:00+05:30,2163.650000,2195.000000,2155.050000,2191.200000,509
2015-08-25T13:45:00+05:30,2191.200000,2200.000000,2181.300000,2200.000000,567
2015-08-25T14:00:00+05:30,2200.000000,2200.000000,2150.050000,2189.950000,526
2015-08-25T14:15:00+05:30,2189.950000,2189.950000,2165.000000,2180.000000,415
2015-08-25T14:30:00+05:30,2180.000000,2198.900000,2171.000000,2175.000000,545
2015-08-25T14:45:00+05:30,2175.000000,2180.000000,2165.100000,2180.000000,494
2015-08-25T15:00:00+05:30,2180.000000,2194.500000,2175.000000,2185.000000,1184
2015-08-25T15:15:00+05:30,2185.000000,2300.000000,2183.000000,2270.000000,5540
2015-08-26T09:15:00+05:30,2225.050000,2230.050000,2200.000000,2230.050000,631
2015-08-26T09:30:00+05:30,2230.050000,2250.000000,2230.050000,2237.000000,478
2015-08-26T09:45:00+05:30,2237.000000,2237.950000,2226.450000,2226.450000,354
2015-08-26T10:00:00+05:30,2226.450000,2230.000000,2222.950000,2230.000000,607
2015-08-26T10:15:00+05:30,2230.000000,2232.150000,2225.000000,2225.000000,238
2015-08-26T10:30:00+05:30,2225.000000,2230.950000,2225.000000,2230.950000,136
2015-08-26T10:45:00+05:30,2230.950000,2241.300000,2229.900000,2230.000000,402
2015-08-26T11:00:00+05:30,2230.000000,2236.950000,2222.950000,2235.000000,417
2015-08-26T11:15:00+05:30,2235.000000,2239.000000,2235.000000,2235.000000,119
2015-08-26T11:30:00+05:30,2235.000000,2235.000000,2230.000000,2230.000000,185
2015-08-26T11:45:00+05:30,2230.000000,2239.950000,2230.000000,2239.950000,245
2015-08-26T12:00:00+05:30,2239.950000,2240.000000,2233.000000,2233.200000,255
2015-08-26T12:15:00+05:30,2233.100000,2235.950000,2233.050000,2234.950000,240
2015-08-26T12:30:00+05:30,2235.000000,2235.000000,2225.350000,2226.400000,274
2015-08-26T12:45:00+05:30,2225.900000,2234.950000,2225.300000,2234.950000,302
2015-08-26T13:00:00+05:30,2234.950000,2234.950000,2226.050000,2226.050000,309
2015-08-26T13:15:00+05:30,2226.150000,2235.000000,2226.050000,2234.950000,234
2015-08-26T13:30:00+05:30,2234.950000,2235.000000,2232.000000,2233.600000,293
2015-08-26T13:45:00+05:30,2232.850000,2249.000000,2232.400000,2246.200000,637
2015-08-26T14:00:00+05:30,2246.950000,2247.950000,2244.050000,2245.750000,300
2015-08-26T14:15:00+05:30,2245.000000,2246.850000,2236.750000,2245.000000,368
2015-08-26T14:30:00+05:30,2245.000000,2245.000000,2231.000000,2231.500000,268
2015-08-26T14:45:00+05:30,2231.550000,2237.900000,2225.300000,2237.850000,447
2015-08-26T15:00:00+05:30,2238.900000,2238.900000,2191.750000,2191.750000,750
2015-08-26T15:15:00+05:30,2193.750000,2219.500000,2190.100000,2190.100000,1049
2015-08-27T09:15:00+05:30,2239.800000,2239.800000,2200.000000,2216.100000,557
2015-08-27T09:30:00+05:30,2216.100000,2227.000000,2216.100000,2220.850000,191
2015-08-27T09:45:00+05:30,2220.850000,2228.800000,2220.850000,2224.000000,363
2015-08-27T10:00:00+05:30,2224.000000,2225.000000,2220.850000,2222.950000,171
2015-08-27T10:15:00+05:30,2222.950000,2223.950000,2220.000000,2223.950000,77
2015-08-27T10:30:00+05:30,2224.850000,2224.850000,2220.050000,2224.850000,186
2015-08-27T10:45:00+05:30,2224.000000,2227.900000,2224.000000,2225.000000,332
2015-08-27T11:00:00+05:30,2225.000000,2228.000000,2225.000000,2227.450000,40
2015-08-27T11:15:00+05:30,2227.450000,2230.050000,2227.450000,2230.000000,211
2015-08-27T11:30:00+05:30,2230.000000,2231.900000,2227.500000,2230.000000,2576
2015-08-27T11:45:00+05:30,2230.000000,2232.000000,2210.100000,2210.150000,409
2015-08-27T12:00:00+05:30,2210.150000,2223.900000,2210.050000,2222.050000,137
2015-08-27T12:15:00+05:30,2222.050000,2222.050000,2212.000000,2214.050000,211
2015-08-27T12:30:00+05:30,2214.050000,2225.050000,2212.050000,2220.000000,774
2015-08-27T12:45:00+05:30,2220.000000,2220.000000,2211.000000,2216.450000,124
2015-08-27T13:00:00+05:30,2216.450000,2220.000000,2211.550000,2220.000000,302
2015-08-27T13:15:00+05:30,2229.900000,2229.900000,2220.000000,2225.600000,323
2015-08-27T13:30:00+05:30,2232.000000,2232.000000,2213.000000,2224.850000,784
2015-08-27T13:45:00+05:30,2224.850000,2229.650000,2220.900000,2222.000000,608
2015-08-27T14:00:00+05:30,2222.000000,2232.950000,2213.000000,2226.750000,575
2015-08-27T14:15:00+05:30,2226.750000,2235.000000,2222.000000,2233.000000,466
2015-08-27T14:30:00+05:30,2233.000000,2239.000000,2222.000000,2227.450000,927
2015-08-27T14:45:00+05:30,2227.450000,2249.000000,2225.600000,2240.000000,2152
2015-08-27T15:00:00+05:30,2240.000000,2304.300000,2234.100000,2301.000000,4230
2015-08-27T15:15:00+05:30,2310.000000,2310.000000,2267.000000,2300.000000,2743
2015-08-28T09:15:00+05:30,2324.000000,2325.000000,2298.000000,2300.000000,777
2015-08-28T09:30:00+05:30,2300.000000,2330.000000,2300.000000,2329.950000,912
2015-08-28T09:45:00+05:30,2330.000000,2350.000000,2328.950000,2328.950000,1090
2015-08-28T10:00:00+05:30,2328.950000,2329.850000,2325.700000,2329.150000,90
2015-08-28T10:15:00+05:30,2329.150000,2329.850000,2313.400000,2315.100000,251
2015-08-28T10:30:00+05:30,2315.100000,2320.000000,2315.100000,2315.150000,91
2015-08-28T10:45:00+05:30,2315.150000,2316.750000,2290.800000,2300.000000,1161
2015-08-28T11:00:00+05:30,2300.000000,2300.000000,2294.850000,2294.850000,127
2015-08-28T11:15:00+05:30,2294.850000,2300.000000,2292.950000,2293.250000,392
2015-08-28T11:30:00+05:30,2293.250000,2299.900000,2293.250000,2295.000000,76
2015-08-28T11:45:00+05:30,2294.400000,2294.400000,2274.000000,2275.000000,341
2015-08-28T12:00:00+05:30,2275.000000,2293.200000,2275.000000,2285.050000,33
2015-08-28T12:15:00+05:30,2285.050000,2293.200000,2285.000000,2290.000000,413
2015-08-28T12:30:00+05:30,2290.000000,2295.600000,2290.000000,2295.600000,15
2015-08-28T12:45:00+05:30,2295.600000,2299.900000,2292.100000,2299.900000,78
2015-08-28T13:00:00+05:30,2299.900000,2299.950000,2290.800000,2290.800000,134
2015-08-28T13:15:00+05:30,2290.800000,2292.000000,2281.050000,2281.050000,391
2015-08-28T13:30:00+05:30,2280.050000,2291.900000,2270.000000,2280.000000,816
2015-08-28T13:45:00+05:30,2280.000000,2290.000000,2270.000000,2285.000000,338
2015-08-28T14:00:00+05:30,2285.000000,2295.000000,2280.000000,2288.350000,280
2015-08-28T14:15:00+05:30,2288.350000,2295.000000,2288.350000,2295.000000,166
2015-08-28T14:30:00+05:30,2295.000000,2299.000000,2280.000000,2284.900000,362
2015-08-28T14:45:00+05:30,2284.900000,2293.000000,2275.000000,2289.800000,1790
2015-08-28T15:00:00+05:30,2290.000000,2317.000000,2286.250000,2307.450000,2592
2015-08-28T15:15:00+05:30,2307.450000,2330.000000,2276.050000,2288.900000,5603
2015-08-31T09:15:00+05:30,2262.950000,2288.950000,2262.950000,2287.300000,550
2015-08-31T09:30:00+05:30,2282.000000,2293.050000,2282.000000,2290.050000,776
2015-08-31T09:45:00+05:30,2290.050000,2292.850000,2275.950000,2282.050000,658
2015-08-31T10:00:00+05:30,2282.050000,2288.700000,2282.050000,2285.100000,131
2015-08-31T10:15:00+05:30,2285.100000,2287.550000,2283.050000,2287.000000,116
2015-08-31T10:30:00+05:30,2287.000000,2297.000000,2287.000000,2296.850000,354
2015-08-31T10:45:00+05:30,2296.850000,2300.000000,2271.000000,2275.950000,2544
2015-08-31T11:00:00+05:30,2275.950000,2279.850000,2275.000000,2277.400000,148
2015-08-31T11:15:00+05:30,2277.400000,2287.050000,2275.950000,2284.900000,1349
2015-08-31T11:30:00+05:30,2284.900000,2284.900000,2280.100000,2282.850000,87
2015-08-31T11:45:00+05:30,2282.850000,2282.850000,2277.050000,2281.950000,272
2015-08-31T12:00:00+05:30,2281.950000,2283.950000,2277.150000,2283.600000,111
2015-08-31T12:15:00+05:30,2283.600000,2284.500000,2277.000000,2282.250000,442
2015-08-31T12:30:00+05:30,2282.250000,2282.250000,2275.450000,2275.450000,178
2015-08-31T12:45:00+05:30,2275.450000,2279.750000,2275.450000,2278.600000,285
2015-08-31T13:00:00+05:30,2278.600000,2280.000000,2276.300000,2280.000000,268
2015-08-31T13:15:00+05:30,2280.000000,2280.000000,2276.050000,2277.800000,176
2015-08-31T13:30:00+05:30,2277.800000,2280.000000,2276.100000,2279.150000,372
2015-08-31T13:45:00+05:30,2279.150000,2279.150000,2276.500000,2278.900000,44
2015-08-31T14:00:00+05:30,2278.900000,2280.000000,2276.200000,2276.200000,633
2015-08-31T14:15:00+05:30,2276.200000,2280.000000,2276.200000,2278.750000,458
2015-08-31T14:30:00+05:30,2278.750000,2284.600000,2277.150000,2278.300000,493
2015-08-31T14:45:00+05:30,2282.150000,2309.000000,2278.100000,2309.000000,2641
2015-08-31T15:00:00+05:30,2309.000000,2350.000000,2308.500000,2350.000000,7924
2015-08-31T15:15:00+05:30,2350.000000,2408.000000,2350.000000,2380.000000,7269
2015-09-01T09:15:00+05:30,2361.950000,2361.950000,2329.150000,2349.950000,556
2015-09-01T09:30:00+05:30,2349.950000,2349.950000,2334.000000,2334.000000,559
2015-09-01T09:45:00+05:30,2334.000000,2334.000000,2325.000000,2325.000000,455
2015-09-01T10:00:00+05:30,2325.000000,2345.000000,2325.000000,2334.950000,931
2015-09-01T10:15:00+05:30,2334.950000,2340.900000,2330.300000,2336.000000,205
2015-09-01T10:30:00+05:30,2336.000000,2336.000000,2325.600000,2331.600000,185
2015-09-01T10:45:00+05:30,2325.600000,2332.800000,2325.050000,2331.950000,294
2015-09-01T11:00:00+05:30,2331.950000,2347.000000,2331.950000,2347.000000,412
2015-09-01T11:15:00+05:30,2347.000000,2350.150000,2337.600000,2346.000000,769
2015-09-01T11:30:00+05:30,2346.000000,2347.150000,2340.050000,2342.000000,1998
2015-09-01T11:45:00+05:30,2342.000000,2342.500000,2342.000000,2342.000000,589
2015-09-01T12:00:00+05:30,2342.000000,2345.850000,2342.000000,2345.850000,228
2015-09-01T12:15:00+05:30,2345.850000,2345.900000,2342.000000,2342.000000,364
2015-09-01T12:30:00+05:30,2342.000000,2345.000000,2342.000000,2342.050000,197
2015-09-01T12:45:00+05:30,2342.050000,2350.000000,2342.050000,2350.000000,383
2015-09-01T13:00:00+05:30,2349.950000,2350.000000,2345.050000,2345.250000,308
2015-09-01T13:15:00+05:30,2345.250000,2349.850000,2345.000000,2349.850000,248
2015-09-01T13:30:00+05:30,2349.850000,2350.000000,2345.000000,2345.000000,957
2015-09-01T13:45:00+05:30,2345.000000,2349.200000,2345.000000,2345.050000,577
2015-09-01T14:00:00+05:30,2345.050000,2350.000000,2345.000000,2345.150000,1310
2015-09-01T14:15:00+05:30,2345.150000,2350.000000,2345.000000,2345.000000,1280
2015-09-01T14:30:00+05:30,2345.000000,2367.950000,2345.000000,2364.850000,1528
2015-09-01T14:45:00+05:30,2364.850000,2364.850000,2350.000000,2353.200000,493
2015-09-01T15:00:00+05:30,2353.200000,2355.000000,2350.000000,2350.000000,431
2015-09-01T15:15:00+05:30,2350.000000,2354.900000,2345.000000,2345.000000,1407
2015-09-02T09:15:00+05:30,2340.000000,2350.050000,2328.050000,2345.650000,575
2015-09-02T09:30:00+05:30,2345.850000,2349.900000,2345.000000,2345.050000,138
2015-09-02T09:45:00+05:30,2345.050000,2349.900000,2341.000000,2345.000000,404
2015-09-02T10:00:00+05:30,2345.000000,2347.700000,2340.200000,2340.200000,203
2015-09-02T10:15:00+05:30,2340.200000,2345.750000,2340.200000,2345.750000,50
2015-09-02T10:30:00+05:30,2345.750000,2350.000000,2343.000000,2345.000000,213
2015-09-02T10:45:00+05:30,2345.000000,2350.950000,2345.000000,2345.050000,493
2015-09-02T11:00:00+05:30,2345.050000,2346.800000,2329.000000,2329.000000,852
2015-09-02T11:15:00+05:30,2329.000000,2335.050000,2329.000000,2335.050000,91
2015-09-02T11:30:00+05:30,2335.050000,2340.000000,2334.000000,2334.000000,206
2015-09-02T11:45:00+05:30,2334.000000,2338.950000,2332.000000,2332.000000,31
2015-09-02T12:00:00+05:30,2332.000000,2336.400000,2325.000000,2335.200000,75
2015-09-02T12:15:00+05:30,2335.200000,2340.000000,2335.000000,2340.000000,196
2015-09-02T12:30:00+05:30,2340.000000,2341.000000,2335.500000,2341.000000,23
2015-09-02T12:45:00+05:30,2341.000000,2341.000000,2335.500000,2341.000000,125
2015-09-02T13:00:00+05:30,2341.000000,2342.050000,2335.000000,2335.000000,144
2015-09-02T13:15:00+05:30,2335.000000,2349.000000,2335.000000,2338.800000,297
2015-09-02T13:30:00+05:30,2338.800000,2343.350000,2334.000000,2334.000000,492
2015-09-02T13:45:00+05:30,2339.950000,2344.000000,2339.950000,2342.950000,178
2015-09-02T14:00:00+05:30,2343.000000,2343.000000,2335.150000,2335.150000,174
2015-09-02T14:15:00+05:30,2335.150000,2339.100000,2335.150000,2338.000000,356
2015-09-02T14:30:00+05:30,2338.000000,2338.000000,2330.000000,2334.950000,217
2015-09-02T14:45:00+05:30,2334.950000,2337.300000,2331.000000,2332.000000,275
2015-09-02T15:00:00+05:30,2337.500000,2337.500000,2305.000000,2310.000000,1767
2015-09-02T15:15:00+05:30,2310.000000,2335.000000,2295.000000,2318.000000,2749
2015-09-03T09:15:00+05:30,2359.000000,2359.000000,2324.000000,2329.250000,339
2015-09-03T09:30:00+05:30,2329.250000,2334.000000,2329.250000,2330.000000,145
2015-09-03T09:45:00+05:30,2330.000000,2334.000000,2320.000000,2320.000000,460
2015-09-03T10:00:00+05:30,2320.000000,2328.000000,2320.000000,2323.200000,202
2015-09-03T10:15:00+05:30,2323.200000,2330.000000,2323.200000,2330.000000,31
2015-09-03T10:30:00+05:30,2330.000000,2334.050000,2329.950000,2329.950000,78
2015-09-03T10:45:00+05:30,2329.950000,2329.950000,2312.400000,2324.900000,271
2015-09-03T11:00:00+05:30,2324.900000,2330.000000,2324.000000,2327.000000,1041
2015-09-03T11:15:00+05:30,2327.000000,2327.000000,2312.400000,2323.050000,153
2015-09-03T11:30:00+05:30,2323.050000,2330.000000,2316.700000,2330.000000,1302
2015-09-03T11:45:00+05:30,2330.000000,2330.000000,2312.400000,2330.000000,363
2015-09-03T12:00:00+05:30,2330.000000,2333.000000,2326.900000,2329.950000,550
2015-09-03T12:15:00+05:30,2319.600000,2334.000000,2319.600000,2330.000000,418
2015-09-03T12:30:00+05:30,2330.000000,2340.000000,2330.000000,2339.900000,346
2015-09-03T12:45:00+05:30,2339.900000,2400.000000,2339.800000,2385.050000,4372
2015-09-03T13:00:00+05:30,2385.050000,2385.050000,2370.000000,2376.000000,1604
2015-09-03T13:15:00+05:30,2376.000000,2377.000000,2360.550000,2365.000000,639
2015-09-03T13:30:00+05:30,2370.000000,2375.000000,2341.050000,2370.000000,1658
2015-09-03T13:45:00+05:30,2370.000000,2372.000000,2360.650000,2372.000000,659
2015-09-03T14:00:00+05:30,2372.000000,2374.000000,2360.500000,2367.950000,805
2015-09-03T14:15:00+05:30,2368.000000,2370.950000,2360.000000,2364.600000,606
2015-09-03T14:30:00+05:30,2364.600000,2364.600000,2338.000000,2338.000000,1070
2015-09-03T14:45:00+05:30,2338.000000,2340.150000,2313.000000,2323.200000,3038
2015-09-03T15:00:00+05:30,2323.200000,2329.050000,2310.100000,2320.000000,1081
2015-09-03T15:15:00+05:30,2320.000000,2374.000000,2310.000000,2360.000000,4093
2015-09-04T09:15:00+05:30,2326.500000,2358.950000,2323.200000,2328.050000,517
2015-09-04T09:30:00+05:30,2328.050000,2335.000000,2302.800000,2315.450000,446
2015-09-04T09:45:00+05:30,2315.450000,2320.000000,2304.000000,2304.450000,509
2015-09-04T10:00:00+05:30,2304.450000,2327.450000,2304.300000,2313.750000,356
2015-09-04T10:15:00+05:30,2314.150000,2330.000000,2312.400000,2328.000000,701
2015-09-04T10:30:00+05:30,2328.000000,2329.900000,2318.600000,2320.050000,683
2015-09-04T10:45:00+05:30,2320.050000,2320.300000,2302.000000,2305.650000,571
2015-09-04T11:00:00+05:30,2305.650000,2307.450000,2301.300000,2302.000000,570
2015-09-04T11:15:00+05:30,2302.000000,2302.000000,2301.050000,2302.000000,360
2015-09-04T11:30:00+05:30,2302.000000,2302.000000,2295.000000,2298.350000,522
2015-09-04T11:45:00+05:30,2298.350000,2300.050000,2295.950000,2298.950000,59
2015-09-04T12:00:00+05:30,2298.950000,2303.000000,2296.800000,2298.050000,271
2015-09-04T12:15:00+05:30,2298.050000,2300.000000,2295.000000,2295.000000,284
2015-09-04T12:30:00+05:30,2295.000000,2299.400000,2295.000000,2298.150000,61
2015-09-04T12:45:00+05:30,2298.150000,2300.000000,2296.550000,2300.000000,164
2015-09-04T13:00:00+05:30,2300.300000,2302.050000,2298.350000,2302.050000,439
2015-09-04T13:15:00+05:30,2302.000000,2303.050000,2299.850000,2301.950000,633
2015-09-04T13:30:00+05:30,2302.000000,2302.000000,2302.000000,2302.000000,295
2015-09-04T13:45:00+05:30,2302.000000,2302.000000,2298.000000,2298.000000,246
2015-09-04T14:00:00+05:30,2298.000000,2299.950000,2293.350000,2293.350000,399
2015-09-04T14:15:00+05:30,2293.350000,2299.950000,2290.950000,2299.950000,412
2015-09-04T14:30:00+05:30,2299.950000,2302.000000,2296.450000,2297.500000,734
2015-09-04T14:45:00+05:30,2297.500000,2305.000000,2297.500000,2300.750000,578
2015-09-04T15:00:00+05:30,2300.750000,2319.950000,2298.050000,2318.950000,1516
2015-09-04T15:15:00+05:30,2318.950000,2320.000000,2290.000000,2290.000000,2978
2015-09-07T09:15:00+05:30,2330.000000,2330.000000,2295.950000,2324.950000,498
2015-09-07T09:30:00+05:30,2324.950000,2330.000000,2315.700000,2321.200000,540
2015-09-07T09:45:00+05:30,2321.200000,2324.250000,2280.250000,2299.700000,1847
2015-09-07T10:00:00+05:30,2299.700000,2299.700000,2270.000000,2279.000000,1390
2015-09-07T10:15:00+05:30,2279.000000,2291.750000,2275.800000,2286.150000,588
2015-09-07T10:30:00+05:30,2286.150000,2294.000000,2283.950000,2285.150000,413
2015-09-07T10:45:00+05:30,2285.150000,2291.000000,2281.600000,2281.600000,69
2015-09-07T11:00:00+05:30,2281.600000,2290.900000,2281.600000,2290.900000,102
2015-09-07T11:15:00+05:30,2290.900000,2290.900000,2283.900000,2288.500000,77
2015-09-07T11:30:00+05:30,2288.500000,2289.900000,2280.050000,2285.000000,195
2015-09-07T11:45:00+05:30,2285.000000,2290.000000,2281.650000,2289.000000,230
2015-09-07T12:00:00+05:30,2289.000000,2290.000000,2283.200000,2290.000000,168
2015-09-07T12:15:00+05:30,2290.000000,2292.900000,2284.100000,2288.000000,68
2015-09-07T12:30:00+05:30,2288.000000,2296.550000,2284.650000,2286.500000,364
2015-09-07T12:45:00+05:30,2286.500000,2295.400000,2286.500000,2287.450000,53
2015-09-07T13:00:00+05:30,2287.450000,2300.000000,2285.000000,2285.150000,525
2015-09-07T13:15:00+05:30,2285.150000,2285.450000,2285.050000,2285.050000,87
2015-09-07T13:30:00+05:30,2276.500000,2287.950000,2275.800000,2280.750000,553
2015-09-07T13:45:00+05:30,2281.000000,2289.000000,2275.800000,2276.000000,601
2015-09-07T14:00:00+05:30,2276.000000,2279.950000,2267.500000,2267.500000,459
2015-09-07T14:15:00+05:30,2266.000000,2281.000000,2263.000000,2266.700000,682
2015-09-07T14:30:00+05:30,2266.700000,2276.700000,2251.300000,2256.300000,1140
2015-09-07T14:45:00+05:30,2256.300000,2273.000000,2215.000000,2234.450000,2562
2015-09-07T15:00:00+05:30,2234.450000,2250.000000,2215.050000,2232.000000,3271
2015-09-07T15:15:00+05:30,2232.000000,2255.500000,2215.000000,2220.500000,5381
2015-09-08T09:15:00+05:30,2235.000000,2235.000000,2180.000000,2201.050000,1629
2015-09-08T09:30:00+05:30,2201.150000,2207.950000,2182.050000,2182.050000,964
2015-09-08T09:45:00+05:30,2182.050000,2194.000000,2182.050000,2194.000000,370
2015-09-08T10:00:00+05:30,2194.000000,2197.600000,2179.350000,2179.350000,542
2015-09-08T10:15:00+05:30,2179.350000,2188.550000,2178.000000,2188.500000,317
2015-09-08T10:30:00+05:30,2188.500000,2207.000000,2186.400000,2205.000000,627
2015-09-08T10:45:00+05:30,2203.450000,2206.950000,2197.700000,2197.700000,575
2015-09-08T11:00:00+05:30,2197.700000,2202.000000,2189.200000,2202.000000,240
2015-09-08T11:15:00+05:30,2202.000000,2203.950000,2193.200000,2203.950000,209
2015-09-08T11:30:00+05:30,2203.950000,2210.000000,2203.950000,2210.000000,200
2015-09-08T11:45:00+05:30,2210.000000,2220.000000,2210.000000,2219.650000,405
2015-09-08T12:00:00+05:30,2219.650000,2220.000000,2215.000000,2215.000000,473
2015-09-08T12:15:00+05:30,2215.000000,2219.800000,2205.700000,2208.550000,298
2015-09-08T12:30:00+05:30,2208.550000,2219.800000,2208.550000,2215.000000,440
2015-09-08T12:45:00+05:30,2215.000000,2218.500000,2212.550000,2214.950000,496
2015-09-08T13:00:00+05:30,2215.000000,2218.450000,2213.150000,2215.000000,775
2015-09-08T13:15:00+05:30,2215.000000,2218.450000,2213.100000,2215.000000,518
2015-09-08T13:30:00+05:30,2215.000000,2217.900000,2214.350000,2215.000000,412
2015-09-08T13:45:00+05:30,2215.000000,2217.500000,2212.650000,2212.650000,405
2015-09-08T14:00:00+05:30,2214.900000,2222.000000,2214.200000,2214.950000,1574
2015-09-08T14:15:00+05:30,2214.950000,2225.000000,2210.600000,2225.000000,1978
2015-09-08T14:30:00+05:30,2225.000000,2232.000000,2219.350000,2219.550000,1334
2015-09-08T14:45:00+05:30,2219.550000,2224.000000,2216.350000,2216.600000,899
2015-09-08T15:00:00+05:30,2216.600000,2222.850000,2206.150000,2214.900000,860
2015-09-08T15:15:00+05:30,2214.900000,2229.000000,2193.400000,2193.400000,4879
2015-09-09T09:15:00+05:30,2254.000000,2257.000000,2220.050000,2230.000000,528
2015-09-09T09:30:00+05:30,2230.000000,2260.750000,2230.000000,2258.850000,603
2015-09-09T09:45:00+05:30,2258.850000,2260.250000,2246.000000,2252.450000,496
2015-09-09T10:00:00+05:30,2252.600000,2256.000000,2248.750000,2253.600000,155
2015-09-09T10:15:00+05:30,2253.600000,2305.000000,2253.600000,2289.600000,3424
2015-09-09T10:30:00+05:30,2284.150000,2297.950000,2271.800000,2289.200000,722
2015-09-09T10:45:00+05:30,2289.200000,2289.200000,2254.000000,2271.000000,960
2015-09-09T11:00:00+05:30,2271.000000,2279.000000,2262.000000,2277.950000,953
2015-09-09T11:15:00+05:30,2277.950000,2289.000000,2271.400000,2279.000000,688
2015-09-09T11:30:00+05:30,2279.000000,2283.000000,2275.050000,2280.000000,299
2015-09-09T11:45:00+05:30,2280.000000,2280.000000,2270.150000,2279.100000,233
2015-09-09T12:00:00+05:30,2279.100000,2285.950000,2276.950000,2280.000000,252
2015-09-09T12:15:00+05:30,2280.000000,2280.000000,2273.450000,2280.000000,130
2015-09-09T12:30:00+05:30,2280.000000,2280.000000,2274.700000,2279.950000,108
2015-09-09T12:45:00+05:30,2279.950000,2280.000000,2270.050000,2277.000000,446
2015-09-09T13:00:00+05:30,2277.000000,2299.600000,2276.000000,2295.150000,1267
2015-09-09T13:15:00+05:30,2295.150000,2300.000000,2290.800000,2298.600000,1014
2015-09-09T13:30:00+05:30,2298.600000,2305.750000,2277.000000,2303.450000,1932
2015-09-09T13:45:00+05:30,2302.300000,2310.000000,2299.050000,2304.000000,659
2015-09-09T14:00:00+05:30,2303.650000,2309.900000,2295.000000,2295.000000,513
2015-09-09T14:15:00+05:30,2295.000000,2299.000000,2287.400000,2294.900000,311
2015-09-09T14:30:00+05:30,2294.950000,2295.000000,2291.100000,2294.000000,108
2015-09-09T14:45:00+05:30,2294.000000,2294.500000,2260.100000,2294.250000,1238
2015-09-09T15:00:00+05:30,2294.900000,2319.700000,2283.300000,2314.950000,1215
2015-09-09T15:15:00+05:30,2314.950000,2320.000000,2297.000000,2307.800000,1653
2015-09-10T09:15:00+05:30,2270.000000,2285.000000,2237.050000,2285.000000,601
2015-09-10T09:30:00+05:30,2285.000000,2289.400000,2280.000000,2284.950000,360
2015-09-10T09:45:00+05:30,2284.950000,2287.200000,2267.350000,2279.950000,246
2015-09-10T10:00:00+05:30,2280.000000,2282.400000,2256.050000,2277.650000,303
2015-09-10T10:15:00+05:30,2277.650000,2285.000000,2264.000000,2269.700000,1038
2015-09-10T10:30:00+05:30,2269.700000,2277.900000,2269.700000,2274.500000,214
2015-09-10T10:45:00+05:30,2274.500000,2283.000000,2270.950000,2271.550000,463
2015-09-10T11:00:00+05:30,2271.550000,2275.000000,2266.950000,2267.850000,92
2015-09-10T11:15:00+05:30,2267.850000,2271.000000,2267.850000,2270.000000,131
2015-09-10T11:30:00+05:30,2270.000000,2275.250000,2270.000000,2271.600000,135
2015-09-10T11:45:00+05:30,2271.600000,2274.850000,2269.450000,2270.650000,83
2015-09-10T12:00:00+05:30,2270.650000,2277.950000,2270.000000,2275.000000,693
2015-09-10T12:15:00+05:30,2275.000000,2278.800000,2273.000000,2275.000000,217
2015-09-10T12:30:00+05:30,2275.000000,2279.500000,2270.000000,2274.850000,255
2015-09-10T12:45:00+05:30,2274.850000,2275.000000,2267.450000,2268.100000,312
2015-09-10T13:00:00+05:30,2268.100000,2274.800000,2268.100000,2271.650000,105
2015-09-10T13:15:00+05:30,2271.650000,2284.950000,2270.850000,2273.700000,520
2015-09-10T13:30:00+05:30,2273.700000,2280.000000,2264.000000,2264.300000,435
2015-09-10T13:45:00+05:30,2264.300000,2276.350000,2259.650000,2271.150000,268
2015-09-10T14:00:00+05:30,2271.150000,2274.900000,2264.050000,2266.900000,305
2015-09-10T14:15:00+05:30,2266.900000,2271.950000,2266.900000,2268.000000,158
2015-09-10T14:30:00+05:30,2268.000000,2273.950000,2268.000000,2268.650000,235
2015-09-10T14:45:00+05:30,2268.650000,2274.500000,2252.500000,2259.000000,1070
2015-09-10T15:00:00+05:30,2259.000000,2269.750000,2245.850000,2260.350000,3399
2015-09-10T15:15:00+05:30,2260.350000,2300.000000,2245.000000,2261.900000,7095
2015-09-11T09:15:00+05:30,2280.000000,2299.950000,2225.050000,2280.000000,1330
2015-09-11T09:30:00+05:30,2280.000000,2283.800000,2277.200000,2282.950000,67
2015-09-11T09:45:00+05:30,2282.950000,2282.950000,2266.950000,2274.950000,363
2015-09-11T10:00:00+05:30,2274.950000,2282.700000,2273.000000,2281.950000,289
2015-09-11T10:15:00+05:30,2281.950000,2282.000000,2277.200000,2282.000000,50
2015-09-11T10:30:00+05:30,2282.000000,2282.000000,2278.050000,2281.650000,112
2015-09-11T10:45:00+05:30,2281.650000,2284.000000,2273.000000,2282.800000,145
2015-09-11T11:00:00+05:30,2282.800000,2290.000000,2282.200000,2282.200000,85
2015-09-11T11:15:00+05:30,2282.200000,2287.000000,2270.600000,2280.500000,764
2015-09-11T11:30:00+05:30,2280.500000,2281.550000,2279.300000,2281.550000,18
2015-09-11T11:45:00+05:30,2281.550000,2285.950000,2277.200000,2280.050000,53
2015-09-11T12:00:00+05:30,2280.050000,2280.050000,2274.950000,2275.000000,118
2015-09-11T12:15:00+05:30,2275.000000,2280.550000,2271.950000,2275.000000,386
2015-09-11T12:30:00+05:30,2275.000000,2281.600000,2273.950000,2279.000000,121
2015-09-11T12:45:00+05:30,2279.000000,2279.000000,2275.800000,2275.800000,134
2015-09-11T13:00:00+05:30,2275.800000,2279.000000,2271.500000,2279.000000,46
2015-09-11T13:15:00+05:30,2279.000000,2279.000000,2270.000000,2272.400000,43
2015-09-11T13:30:00+05:30,2272.400000,2275.000000,2272.400000,2275.000000,2
2015-09-11T13:45:00+05:30,2275.000000,2278.000000,2266.950000,2274.600000,101
2015-09-11T14:00:00+05:30,2274.600000,2280.000000,2270.850000,2280.000000,34
2015-09-11T14:15:00+05:30,2280.000000,2280.000000,2271.100000,2278.000000,31
2015-09-11T14:30:00+05:30,2278.000000,2294.950000,2273.550000,2290.000000,506
2015-09-11T14:45:00+05:30,2290.000000,2298.000000,2275.600000,2292.950000,448
2015-09-11T15:00:00+05:30,2292.950000,2300.000000,2287.650000,2291.000000,1326
2015-09-11T15:15:00+05:30,2291.000000,2300.000000,2280.050000,2295.000000,1808
2015-09-14T09:15:00+05:30,2335.000000,2335.000000,2261.000000,2294.950000,561
2015-09-14T09:30:00+05:30,2294.950000,2311.150000,2294.950000,2310.050000,502
2015-09-14T09:45:00+05:30,2314.800000,2330.000000,2314.750000,2325.700000,298
2015-09-14T10:00:00+05:30,2326.000000,2347.700000,2320.000000,2337.000000,1368
2015-09-14T10:15:00+05:30,2337.000000,2346.950000,2326.000000,2341.950000,2755
2015-09-14T10:30:00+05:30,2341.950000,2341.950000,2333.100000,2336.150000,356
2015-09-14T10:45:00+05:30,2336.150000,2339.500000,2331.650000,2331.650000,408
2015-09-14T11:00:00+05:30,2331.650000,2336.950000,2330.550000,2332.800000,256
2015-09-14T11:15:00+05:30,2332.800000,2336.500000,2316.000000,2329.550000,288
2015-09-14T11:30:00+05:30,2329.550000,2339.800000,2329.550000,2338.650000,232
2015-09-14T11:45:00+05:30,2335.250000,2337.950000,2328.300000,2332.750000,151
2015-09-14T12:00:00+05:30,2332.750000,2335.000000,2332.550000,2335.000000,88
2015-09-14T12:15:00+05:30,2332.550000,2334.950000,2328.850000,2331.950000,172
2015-09-14T12:30:00+05:30,2328.300000,2332.000000,2328.300000,2331.950000,83
2015-09-14T12:45:00+05:30,2332.000000,2332.000000,2328.000000,2328.000000,142
2015-09-14T13:00:00+05:30,2330.250000,2330.250000,2326.000000,2330.200000,278
2015-09-14T13:15:00+05:30,2330.000000,2330.000000,2322.200000,2326.000000,312
2015-09-14T13:30:00+05:30,2326.000000,2326.000000,2323.950000,2326.000000,88
2015-09-14T13:45:00+05:30,2326.000000,2326.000000,2323.100000,2323.550000,395
2015-09-14T14:00:00+05:30,2323.550000,2329.600000,2315.100000,2320.000000,865
2015-09-14T14:15:00+05:30,2315.400000,2315.500000,2300.050000,2305.350000,216
2015-09-14T14:30:00+05:30,2305.350000,2316.000000,2305.350000,2308.000000,841
2015-09-14T14:45:00+05:30,2308.000000,2315.000000,2308.000000,2309.000000,1295
2015-09-14T15:00:00+05:30,2309.000000,2324.000000,2309.000000,2310.000000,1131
2015-09-14T15:15:00+05:30,2310.000000,2325.000000,2309.100000,2309.950000,1764
2015-09-15T09:15:00+05:30,2290.350000,2318.000000,2290.350000,2314.000000,241
2015-09-15T09:30:00+05:30,2314.000000,2318.400000,2298.000000,2299.200000,199
2015-09-15T09:45:00+05:30,2299.200000,2308.900000,2299.200000,2301.350000,108
2015-09-15T10:00:00+05:30,2301.350000,2305.000000,2294.300000,2301.200000,926
2015-09-15T10:15:00+05:30,2301.200000,2305.700000,2296.100000,2296.100000,420
2015-09-15T10:30:00+05:30,2296.100000,2300.200000,2296.100000,2296.400000,122
2015-09-15T10:45:00+05:30,2296.400000,2301.000000,2296.150000,2300.000000,30
2015-09-15T11:00:00+05:30,2300.000000,2300.000000,2299.500000,2299.500000,197
2015-09-15T11:15:00+05:30,2299.500000,2299.500000,2294.300000,2298.000000,35
2015-09-15T11:30:00+05:30,2298.700000,2298.700000,2294.300000,2294.350000,58
2015-09-15T11:45:00+05:30,2294.350000,2297.850000,2294.300000,2294.300000,24
2015-09-15T12:00:00+05:30,2294.300000,2300.000000,2294.300000,2295.000000,263
2015-09-15T12:15:00+05:30,2295.000000,2300.000000,2295.000000,2295.000000,4
2015-09-15T12:30:00+05:30,2295.000000,2300.000000,2295.000000,2295.600000,28
2015-09-15T12:45:00+05:30,2295.600000,2299.950000,2295.050000,2295.100000,20
2015-09-15T13:00:00+05:30,2295.100000,2298.000000,2295.050000,2295.050000,17
2015-09-15T13:15:00+05:30,2295.050000,2300.000000,2295.050000,2295.150000,96
2015-09-15T13:30:00+05:30,2295.150000,2299.000000,2295.150000,2299.000000,4
2015-09-15T13:45:00+05:30,2299.000000,2299.200000,2295.200000,2299.200000,132
2015-09-15T14:00:00+05:30,2295.050000,2300.000000,2295.050000,2300.000000,167
2015-09-15T14:15:00+05:30,2300.000000,2300.000000,2295.100000,2295.100000,229
2015-09-15T14:30:00+05:30,2295.100000,2295.100000,2269.200000,2280.000000,65606
2015-09-15T14:45:00+05:30,2280.000000,2292.200000,2270.000000,2292.200000,975
2015-09-15T15:00:00+05:30,2292.200000,2298.750000,2275.300000,2288.000000,1156
2015-09-15T15:15:00+05:30,2288.000000,2300.000000,2282.000000,2285.000000,2122
2015-09-16T09:15:00+05:30,2292.150000,2308.850000,2292.150000,2298.300000,239
2015-09-16T09:30:00+05:30,2298.300000,2298.300000,2271.050000,2291.000000,566
2015-09-16T09:45:00+05:30,2291.000000,2295.800000,2276.900000,2288.000000,1320
2015-09-16T10:00:00+05:30,2288.000000,2296.400000,2287.000000,2287.000000,434
2015-09-16T10:15:00+05:30,2287.000000,2290.000000,2287.000000,2287.000000,83
2015-09-16T10:30:00+05:30,2287.000000,2290.000000,2285.000000,2285.000000,58
2015-09-16T10:45:00+05:30,2285.000000,2285.000000,2280.050000,2281.000000,36
2015-09-16T11:00:00+05:30,2281.000000,2285.000000,2280.450000,2280.450000,148
2015-09-16T11:15:00+05:30,2280.450000,2285.000000,2280.050000,2284.000000,130
2015-09-16T11:30:00+05:30,2284.000000,2285.000000,2284.000000,2285.000000,27
2015-09-16T11:45:00+05:30,2285.000000,2285.000000,2283.500000,2283.900000,72
2015-09-16T12:00:00+05:30,2283.900000,2283.900000,2278.000000,2278.000000,242
2015-09-16T12:15:00+05:30,2278.000000,2285.000000,2278.000000,2281.000000,215
2015-09-16T12:30:00+05:30,2281.000000,2284.800000,2281.000000,2282.050000,64
2015-09-16T12:45:00+05:30,2282.050000,2285.000000,2282.050000,2285.000000,11
2015-09-16T13:00:00+05:30,2285.000000,2285.000000,2282.000000,2282.000000,64
2015-09-16T13:15:00+05:30,2282.000000,2282.000000,2282.000000,2282.000000,0
2015-09-16T13:30:00+05:30,2282.000000,2282.000000,2280.350000,2282.000000,59
2015-09-16T13:45:00+05:30,2282.000000,2284.800000,2277.250000,2284.800000,211
2015-09-16T14:00:00+05:30,2284.800000,2284.800000,2278.100000,2278.100000,34
2015-09-16T14:15:00+05:30,2278.100000,2278.100000,2277.100000,2277.100000,79
2015-09-16T14:30:00+05:30,2277.100000,2283.500000,2277.050000,2277.100000,75
2015-09-16T14:45:00+05:30,2277.150000,2286.000000,2277.050000,2286.000000,733
2015-09-16T15:00:00+05:30,2286.000000,2286.000000,2277.050000,2280.900000,1538
2015-09-16T15:15:00+05:30,2280.900000,2286.800000,2265.000000,2274.000000,2766
2015-09-18T09:15:00+05:30,2260.000000,2339.950000,2260.000000,2332.000000,2063
2015-09-18T09:30:00+05:30,2332.000000,2356.700000,2320.600000,2348.000000,4647
2015-09-18T09:45:00+05:30,2347.950000,2379.900000,2338.500000,2374.900000,3795
2015-09-18T10:00:00+05:30,2374.900000,2394.000000,2360.050000,2390.100000,4894
2015-09-18T10:15:00+05:30,2390.100000,2466.000000,2390.100000,2456.900000,23279
2015-09-18T10:30:00+05:30,2456.950000,2580.000000,2452.200000,2540.000000,38582
2015-09-18T10:45:00+05:30,2552.100000,2557.950000,2489.750000,2504.750000,33766
2015-09-18T11:00:00+05:30,2504.500000,2504.500000,2466.550000,2483.500000,8951
2015-09-18T11:15:00+05:30,2483.500000,2500.000000,2476.050000,2482.000000,6201
2015-09-18T11:30:00+05:30,2482.000000,2495.000000,2473.150000,2493.000000,4975
2015-09-18T11:45:00+05:30,2492.050000,2498.750000,2483.150000,2484.100000,4621
2015-09-18T12:00:00+05:30,2485.950000,2492.500000,2485.950000,2489.950000,4052
2015-09-18T12:15:00+05:30,2489.950000,2492.050000,2486.750000,2489.000000,4447
2015-09-18T12:30:00+05:30,2489.000000,2492.000000,2480.150000,2486.900000,3684
2015-09-18T12:45:00+05:30,2486.900000,2491.700000,2483.500000,2485.000000,3377
2015-09-18T13:00:00+05:30,2485.000000,2486.000000,2477.900000,2479.600000,4432
2015-09-18T13:15:00+05:30,2479.600000,2486.200000,2479.550000,2483.400000,4356
2015-09-18T13:30:00+05:30,2483.400000,2485.000000,2482.600000,2484.300000,3306
2015-09-18T13:45:00+05:30,2484.500000,2500.000000,2483.850000,2490.500000,12305
2015-09-18T14:00:00+05:30,2490.500000,2598.050000,2490.500000,2598.050000,42517
2015-09-18T14:15:00+05:30,2599.000000,2626.000000,2566.550000,2610.250000,42257
2015-09-18T14:30:00+05:30,2610.250000,2630.000000,2571.550000,2629.100000,29232
2015-09-18T14:45:00+05:30,2630.000000,2650.000000,2551.150000,2559.000000,35449
2015-09-18T15:00:00+05:30,2557.150000,2612.350000,2533.750000,2605.250000,38059
2015-09-18T15:15:00+05:30,2605.250000,2609.900000,2532.750000,2548.800000,31515
2015-09-21T09:15:00+05:30,2564.950000,2608.000000,2530.000000,2600.050000,15900
2015-09-21T09:30:00+05:30,2602.050000,2638.000000,2580.000000,2584.000000,16859
2015-09-21T09:45:00+05:30,2584.000000,2598.750000,2570.100000,2580.000000,5848
2015-09-21T10:00:00+05:30,2580.000000,2598.950000,2577.950000,2595.000000,2065
2015-09-21T10:15:00+05:30,2595.000000,2620.000000,2590.000000,2613.000000,4397
2015-09-21T10:30:00+05:30,2608.900000,2615.000000,2604.000000,2611.050000,2216
2015-09-21T10:45:00+05:30,2611.050000,2620.000000,2605.000000,2605.000000,4919
2015-09-21T11:00:00+05:30,2605.000000,2611.000000,2578.900000,2600.000000,3238
2015-09-21T11:15:00+05:30,2600.000000,2607.750000,2582.000000,2587.950000,2816
2015-09-21T11:30:00+05:30,2587.950000,2596.000000,2585.900000,2590.700000,1261
2015-09-21T11:45:00+05:30,2590.700000,2593.500000,2571.100000,2589.500000,1563
2015-09-21T12:00:00+05:30,2589.500000,2589.500000,2580.550000,2581.300000,580
2015-09-21T12:15:00+05:30,2581.300000,2585.000000,2581.300000,2581.600000,1060
2015-09-21T12:30:00+05:30,2581.600000,2587.450000,2571.100000,2585.500000,1577
2015-09-21T12:45:00+05:30,2585.500000,2610.000000,2585.500000,2603.950000,2458
2015-09-21T13:00:00+05:30,2603.950000,2603.950000,2577.400000,2581.800000,2195
2015-09-21T13:15:00+05:30,2581.800000,2593.000000,2577.850000,2577.850000,1462
2015-09-21T13:30:00+05:30,2577.850000,2587.000000,2576.250000,2586.050000,623
2015-09-21T13:45:00+05:30,2586.050000,2602.100000,2583.150000,2583.150000,4142
2015-09-21T14:00:00+05:30,2582.050000,2589.950000,2578.000000,2580.400000,1335
2015-09-21T14:15:00+05:30,2580.400000,2585.050000,2580.100000,2582.900000,476
2015-09-21T14:30:00+05:30,2582.900000,2582.900000,2571.400000,2578.950000,1642
2015-09-21T14:45:00+05:30,2578.950000,2582.900000,2575.100000,2579.000000,2601
2015-09-21T15:00:00+05:30,2579.000000,2579.000000,2565.000000,2566.250000,3080
2015-09-21T15:15:00+05:30,2570.000000,2580.000000,2567.350000,2575.000000,6826
2015-09-22T09:15:00+05:30,2575.000000,2615.000000,2575.000000,2591.950000,4161
2015-09-22T09:30:00+05:30,2598.900000,2599.000000,2592.100000,2597.000000,737
2015-09-22T09:45:00+05:30,2597.000000,2613.100000,2595.000000,2608.300000,2877
2015-09-22T10:00:00+05:30,2612.000000,2724.900000,2607.100000,2715.000000,43573
2015-09-22T10:15:00+05:30,2715.000000,2717.150000,2685.000000,2701.000000,10602
2015-09-22T10:30:00+05:30,2701.900000,2704.300000,2681.400000,2684.050000,4147
2015-09-22T10:45:00+05:30,2684.050000,2686.000000,2655.150000,2655.150000,6441
2015-09-22T11:00:00+05:30,2655.150000,2675.000000,2651.000000,2670.000000,4309
2015-09-22T11:15:00+05:30,2670.000000,2671.000000,2665.000000,2666.900000,1047
2015-09-22T11:30:00+05:30,2666.900000,2669.950000,2650.000000,2651.100000,1419
2015-09-22T11:45:00+05:30,2650.000000,2670.000000,2642.650000,2663.000000,3595
2015-09-22T12:00:00+05:30,2663.000000,2664.900000,2648.100000,2651.500000,1941
2015-09-22T12:15:00+05:30,2651.500000,2655.000000,2644.950000,2645.000000,1433
2015-09-22T12:30:00+05:30,2645.000000,2645.050000,2615.000000,2615.000000,4386
2015-09-22T12:45:00+05:30,2619.950000,2655.000000,2611.100000,2647.750000,5153
2015-09-22T13:00:00+05:30,2647.750000,2649.900000,2620.000000,2630.700000,2039
2015-09-22T13:15:00+05:30,2630.700000,2631.050000,2617.000000,2625.800000,1420
2015-09-22T13:30:00+05:30,2625.800000,2634.950000,2620.800000,2626.000000,743
2015-09-22T13:45:00+05:30,2626.000000,2629.000000,2610.050000,2613.000000,2013
2015-09-22T14:00:00+05:30,2613.050000,2625.550000,2602.250000,2620.850000,2613
2015-09-22T14:15:00+05:30,2620.850000,2620.850000,2604.250000,2613.900000,2041
2015-09-22T14:30:00+05:30,2611.750000,2615.100000,2608.000000,2608.000000,731
2015-09-22T14:45:00+05:30,2607.500000,2620.000000,2596.050000,2607.700000,2201
2015-09-22T15:00:00+05:30,2607.700000,2649.500000,2607.700000,2636.400000,3677
2015-09-22T15:15:00+05:30,2636.400000,2643.950000,2620.000000,2626.000000,3881
2015-09-23T09:15:00+05:30,2625.000000,2654.800000,2600.100000,2645.050000,5308
2015-09-23T09:30:00+05:30,2645.050000,2649.050000,2630.000000,2639.800000,3202
2015-09-23T09:45:00+05:30,2639.900000,2642.000000,2630.000000,2635.000000,1384
2015-09-23T10:00:00+05:30,2635.000000,2635.000000,2610.050000,2624.100000,1151
2015-09-23T10:15:00+05:30,2624.100000,2642.000000,2624.000000,2635.000000,2061
2015-09-23T10:30:00+05:30,2635.000000,2687.950000,2620.000000,2634.000000,13768
2015-09-23T10:45:00+05:30,2634.000000,2636.950000,2599.850000,2612.000000,4708
2015-09-23T11:00:00+05:30,2612.000000,2625.000000,2608.000000,2609.950000,1298
2015-09-23T11:15:00+05:30,2609.950000,2611.850000,2607.000000,2611.750000,416
2015-09-23T11:30:00+05:30,2611.750000,2630.000000,2611.750000,2615.000000,1070
2015-09-23T11:45:00+05:30,2615.000000,2620.000000,2615.000000,2616.200000,310
2015-09-23T12:00:00+05:30,2616.200000,2618.250000,2611.000000,2613.050000,267
2015-09-23T12:15:00+05:30,2613.000000,2613.000000,2609.000000,2609.000000,651
2015-09-23T12:30:00+05:30,2609.000000,2612.800000,2606.950000,2609.000000,869
2015-09-23T12:45:00+05:30,2607.000000,2607.000000,2582.000000,2598.050000,1828
2015-09-23T13:00:00+05:30,2598.050000,2610.000000,2596.500000,2600.000000,975
2015-09-23T13:15:00+05:30,2591.200000,2597.950000,2590.000000,2590.000000,1165
2015-09-23T13:30:00+05:30,2590.000000,2590.000000,2585.750000,2590.000000,654
2015-09-23T13:45:00+05:30,2590.000000,2593.350000,2588.550000,2588.550000,1464
2015-09-23T14:00:00+05:30,2590.000000,2590.000000,2571.000000,2573.000000,1456
2015-09-23T14:15:00+05:30,2573.000000,2591.750000,2572.050000,2589.950000,1484
2015-09-23T14:30:00+05:30,2589.950000,2592.000000,2587.800000,2590.100000,1073
2015-09-23T14:45:00+05:30,2590.000000,2591.000000,2583.450000,2583.450000,486
2015-09-23T15:00:00+05:30,2583.000000,2588.000000,2570.000000,2570.050000,2305
2015-09-23T15:15:00+05:30,2570.050000,2585.000000,2552.000000,2572.000000,7176
2015-09-24T09:15:00+05:30,2598.000000,2624.900000,2591.150000,2595.350000,5081
2015-09-24T09:30:00+05:30,2595.350000,2603.800000,2575.000000,2582.000000,2202
2015-09-24T09:45:00+05:30,2582.000000,2584.950000,2575.000000,2581.850000,1058
2015-09-24T10:00:00+05:30,2579.400000,2588.300000,2577.000000,2587.100000,470
2015-09-24T10:15:00+05:30,2587.100000,2594.300000,2582.100000,2586.050000,550
2015-09-24T10:30:00+05:30,2586.050000,2594.000000,2585.000000,2585.000000,406
2015-09-24T10:45:00+05:30,2585.000000,2590.000000,2575.000000,2580.000000,791
2015-09-24T11:00:00+05:30,2580.000000,2580.000000,2573.000000,2574.000000,988
2015-09-24T11:15:00+05:30,2574.000000,2577.900000,2573.000000,2575.000000,695
2015-09-24T11:30:00+05:30,2575.000000,2577.000000,2573.000000,2575.000000,348
2015-09-24T11:45:00+05:30,2575.000000,2578.850000,2573.050000,2575.000000,377
2015-09-24T12:00:00+05:30,2575.000000,2575.000000,2570.550000,2574.000000,538
2015-09-24T12:15:00+05:30,2574.000000,2574.000000,2560.100000,2569.000000,971
2015-09-24T12:30:00+05:30,2569.000000,2569.000000,2545.550000,2549.600000,1635
2015-09-24T12:45:00+05:30,2549.600000,2561.300000,2546.050000,2559.600000,513
2015-09-24T13:00:00+05:30,2558.000000,2558.000000,2537.000000,2555.000000,1412
2015-09-24T13:15:00+05:30,2555.000000,2562.000000,2554.400000,2560.150000,467
2015-09-24T13:30:00+05:30,2558.400000,2560.000000,2552.000000,2560.000000,338
2015-09-24T13:45:00+05:30,2560.000000,2570.000000,2560.000000,2565.250000,834
2015-09-24T14:00:00+05:30,2565.250000,2571.950000,2561.000000,2566.400000,661
2015-09-24T14:15:00+05:30,2566.400000,2571.800000,2563.750000,2566.250000,454
2015-09-24T14:30:00+05:30,2566.250000,2571.000000,2563.500000,2567.000000,752
2015-09-24T14:45:00+05:30,2567.000000,2569.950000,2559.700000,2563.050000,1086
2015-09-24T15:00:00+05:30,2563.050000,2575.200000,2563.050000,2572.500000,1734
2015-09-24T15:15:00+05:30,2572.500000,2576.000000,2567.000000,2570.000000,3492
2015-09-28T09:15:00+05:30,2575.000000,2584.750000,2560.050000,2568.950000,968
2015-09-28T09:30:00+05:30,2566.250000,2575.000000,2564.000000,2566.250000,978
2015-09-28T09:45:00+05:30,2566.250000,2575.000000,2546.550000,2570.000000,1942
2015-09-28T10:00:00+05:30,2570.000000,2570.000000,2557.100000,2569.950000,849
2015-09-28T10:15:00+05:30,2569.950000,2569.950000,2563.650000,2564.000000,426
2015-09-28T10:30:00+05:30,2564.000000,2564.900000,2552.400000,2555.700000,720
2015-09-28T10:45:00+05:30,2555.700000,2564.000000,2555.000000,2564.000000,404
2015-09-28T11:00:00+05:30,2564.000000,2564.000000,2554.050000,2554.050000,124
2015-09-28T11:15:00+05:30,2554.050000,2554.050000,2542.000000,2546.600000,566
2015-09-28T11:30:00+05:30,2546.600000,2550.000000,2537.150000,2537.150000,1391
2015-09-28T11:45:00+05:30,2537.150000,2544.950000,2537.150000,2542.750000,431
2015-09-28T12:00:00+05:30,2540.500000,2544.950000,2538.000000,2541.500000,148
2015-09-28T12:15:00+05:30,2541.500000,2541.500000,2531.550000,2531.550000,424
2015-09-28T12:30:00+05:30,2531.550000,2532.000000,2525.050000,2531.000000,781
2015-09-28T12:45:00+05:30,2531.000000,2531.000000,2525.000000,2526.500000,216
2015-09-28T13:00:00+05:30,2526.500000,2549.850000,2526.500000,2541.950000,774
2015-09-28T13:15:00+05:30,2541.950000,2542.750000,2532.000000,2532.050000,351
2015-09-28T13:30:00+05:30,2532.050000,2538.950000,2532.000000,2532.000000,173
2015-09-28T13:45:00+05:30,2532.000000,2538.950000,2532.000000,2533.850000,203
2015-09-28T14:00:00+05:30,2533.850000,2544.000000,2533.000000,2543.950000,356
2015-09-28T14:15:00+05:30,2543.950000,2550.000000,2538.250000,2549.000000,855
2015-09-28T14:30:00+05:30,2549.000000,2550.000000,2544.000000,2547.000000,1093
2015-09-28T14:45:00+05:30,2547.000000,2549.950000,2532.100000,2540.000000,1103
2015-09-28T15:00:00+05:30,2540.000000,2540.000000,2528.000000,2529.000000,1083
2015-09-28T15:15:00+05:30,2529.000000,2539.950000,2512.000000,2520.000000,1399
2015-09-29T09:15:00+05:30,2510.000000,2510.000000,2472.850000,2481.000000,913
2015-09-29T09:30:00+05:30,2481.000000,2481.000000,2469.950000,2477.800000,713
2015-09-29T09:45:00+05:30,2477.800000,2479.000000,2450.700000,2462.800000,1038
2015-09-29T10:00:00+05:30,2462.800000,2470.000000,2452.750000,2469.000000,556
2015-09-29T10:15:00+05:30,2469.000000,2469.000000,2455.000000,2464.950000,585
2015-09-29T10:30:00+05:30,2464.950000,2479.600000,2460.000000,2468.450000,406
2015-09-29T10:45:00+05:30,2468.450000,2478.000000,2465.250000,2475.150000,505
2015-09-29T11:00:00+05:30,2475.150000,2481.000000,2464.050000,2479.800000,1147
2015-09-29T11:15:00+05:30,2479.800000,2481.000000,2475.000000,2479.800000,628
2015-09-29T11:30:00+05:30,2479.800000,2479.900000,2473.200000,2475.000000,374
2015-09-29T11:45:00+05:30,2475.000000,2479.800000,2470.350000,2475.250000,644
2015-09-29T12:00:00+05:30,2475.250000,2479.800000,2466.250000,2476.500000,646
2015-09-29T12:15:00+05:30,2476.500000,2480.000000,2468.300000,2468.300000,454
2015-09-29T12:30:00+05:30,2468.300000,2474.000000,2468.000000,2469.500000,281
2015-09-29T12:45:00+05:30,2469.500000,2473.000000,2469.500000,2470.600000,556
2015-09-29T13:00:00+05:30,2470.600000,2472.000000,2469.050000,2469.350000,440
2015-09-29T13:15:00+05:30,2471.950000,2474.000000,2470.000000,2470.000000,507
2015-09-29T13:30:00+05:30,2470.000000,2471.250000,2466.300000,2470.000000,164
2015-09-29T13:45:00+05:30,2470.000000,2470.950000,2466.850000,2469.500000,147
2015-09-29T14:00:00+05:30,2469.500000,2475.000000,2468.000000,2472.000000,1093
2015-09-29T14:15:00+05:30,2472.000000,2476.000000,2472.000000,2475.000000,2074
2015-09-29T14:30:00+05:30,2475.000000,2476.500000,2467.600000,2467.600000,424
2015-09-29T14:45:00+05:30,2470.000000,2476.950000,2470.000000,2474.000000,850
2015-09-29T15:00:00+05:30,2474.000000,2475.000000,2470.600000,2471.800000,995
2015-09-29T15:15:00+05:30,2471.800000,2475.000000,2454.300000,2470.000000,4081
2015-09-30T09:15:00+05:30,2480.000000,2489.000000,2467.200000,2489.000000,1436
2015-09-30T09:30:00+05:30,2489.000000,2519.950000,2486.900000,2500.000000,2575
2015-09-30T09:45:00+05:30,2500.000000,2500.000000,2465.000000,2465.000000,2720
2015-09-30T10:00:00+05:30,2465.000000,2465.000000,2445.000000,2450.000000,1926
2015-09-30T10:15:00+05:30,2450.000000,2452.450000,2445.000000,2447.200000,1237
2015-09-30T10:30:00+05:30,2447.200000,2450.000000,2447.100000,2450.000000,968
2015-09-30T10:45:00+05:30,2449.500000,2450.000000,2446.800000,2448.500000,755
2015-09-30T11:00:00+05:30,2448.500000,2450.000000,2446.350000,2446.350000,384
2015-09-30T11:15:00+05:30,2446.000000,2450.000000,2446.000000,2449.900000,188
2015-09-30T11:30:00+05:30,2450.000000,2450.000000,2448.200000,2449.750000,219
2015-09-30T11:45:00+05:30,2449.750000,2450.000000,2445.000000,2448.950000,293
2015-09-30T12:00:00+05:30,2448.950000,2450.000000,2446.100000,2450.000000,428
2015-09-30T12:15:00+05:30,2449.100000,2450.000000,2447.000000,2450.000000,620
2015-09-30T12:30:00+05:30,2450.000000,2450.000000,2446.150000,2450.000000,575
2015-09-30T12:45:00+05:30,2450.000000,2450.000000,2445.000000,2450.000000,1168
2015-09-30T13:00:00+05:30,2450.000000,2450.000000,2447.050000,2450.000000,752
2015-09-30T13:15:00+05:30,2450.000000,2450.000000,2447.000000,2447.200000,727
2015-09-30T13:30:00+05:30,2450.000000,2454.000000,2447.100000,2450.000000,1189
2015-09-30T13:45:00+05:30,2450.000000,2450.000000,2447.300000,2449.700000,587
2015-09-30T14:00:00+05:30,2450.000000,2450.000000,2448.300000,2450.000000,755
2015-09-30T14:15:00+05:30,2450.000000,2450.000000,2447.700000,2449.850000,495
2015-09-30T14:30:00+05:30,2449.850000,2462.000000,2375.050000,2375.100000,7638
2015-09-30T14:45:00+05:30,2373.100000,2414.750000,2373.100000,2410.000000,4928
2015-09-30T15:00:00+05:30,2410.000000,2429.000000,2407.000000,2421.300000,3084
2015-09-30T15:15:00+05:30,2421.300000,2450.000000,2402.950000,2425.000000,6344
2015-10-01T09:15:00+05:30,2466.900000,2466.900000,2430.000000,2445.000000,1419
2015-10-01T09:30:00+05:30,2445.000000,2465.200000,2436.100000,2455.150000,2034
2015-10-01T09:45:00+05:30,2455.150000,2461.450000,2451.000000,2455.000000,767
2015-10-01T10:00:00+05:30,2455.000000,2465.000000,2455.000000,2465.000000,659
2015-10-01T10:15:00+05:30,2465.000000,2498.950000,2462.050000,2469.950000,3518
2015-10-01T10:30:00+05:30,2469.950000,2485.000000,2456.300000,2456.300000,1175
2015-10-01T10:45:00+05:30,2459.950000,2466.250000,2453.800000,2455.000000,1255
2015-10-01T11:00:00+05:30,2455.000000,2459.900000,2452.050000,2457.950000,371
2015-10-01T11:15:00+05:30,2457.950000,2457.950000,2450.050000,2450.150000,272
2015-10-01T11:30:00+05:30,2450.150000,2459.900000,2450.150000,2459.800000,817
2015-10-01T11:45:00+05:30,2459.800000,2459.800000,2456.300000,2456.400000,103
2015-10-01T12:00:00+05:30,2456.400000,2459.950000,2455.300000,2456.000000,290
2015-10-01T12:15:00+05:30,2456.000000,2460.000000,2456.000000,2459.000000,392
2015-10-01T12:30:00+05:30,2460.000000,2460.000000,2455.300000,2457.500000,797
2015-10-01T12:45:00+05:30,2457.500000,2459.800000,2457.500000,2459.800000,99
2015-10-01T13:00:00+05:30,2459.800000,2462.400000,2456.700000,2461.000000,495
2015-10-01T13:15:00+05:30,2460.000000,2460.950000,2457.250000,2460.000000,474
2015-10-01T13:30:00+05:30,2460.000000,2460.000000,2457.250000,2459.950000,88
2015-10-01T13:45:00+05:30,2459.950000,2459.950000,2445.000000,2445.000000,528
2015-10-01T14:00:00+05:30,2445.000000,2454.500000,2435.000000,2448.750000,484
2015-10-01T14:15:00+05:30,2448.750000,2456.250000,2448.200000,2451.200000,382
2015-10-01T14:30:00+05:30,2451.200000,2460.550000,2449.500000,2460.550000,936
2015-10-01T14:45:00+05:30,2460.000000,2460.050000,2452.550000,2460.000000,795
2015-10-01T15:00:00+05:30,2460.000000,2460.000000,2454.700000,2460.000000,1116
2015-10-01T15:15:00+05:30,2460.000000,2460.000000,2452.000000,2456.000000,3698
2015-10-05T09:15:00+05:30,2475.000000,2489.000000,2462.550000,2468.000000,828
2015-10-05T09:30:00+05:30,2468.000000,2482.000000,2466.750000,2473.050000,2663
2015-10-05T09:45:00+05:30,2470.500000,2483.000000,2468.700000,2471.250000,311
2015-10-05T10:00:00+05:30,2471.250000,2483.500000,2470.050000,2481.000000,259
2015-10-05T10:15:00+05:30,2481.000000,2481.000000,2472.000000,2477.250000,249
2015-10-05T10:30:00+05:30,2477.250000,2509.000000,2477.250000,2490.000000,2036
2015-10-05T10:45:00+05:30,2488.300000,2493.700000,2480.000000,2480.000000,1587
2015-10-05T11:00:00+05:30,2485.000000,2487.450000,2481.300000,2481.300000,423
2015-10-05T11:15:00+05:30,2481.300000,2486.900000,2481.300000,2486.900000,571
2015-10-05T11:30:00+05:30,2486.900000,2490.950000,2478.500000,2490.950000,812
2015-10-05T11:45:00+05:30,2490.950000,2490.950000,2472.000000,2472.900000,293
2015-10-05T12:00:00+05:30,2472.900000,2484.000000,2472.900000,2481.000000,291
2015-10-05T12:15:00+05:30,2481.000000,2481.000000,2479.700000,2480.000000,130
2015-10-05T12:30:00+05:30,2480.000000,2486.900000,2472.000000,2475.000000,486
2015-10-05T12:45:00+05:30,2475.000000,2475.000000,2473.250000,2475.000000,205
2015-10-05T13:00:00+05:30,2475.000000,2479.000000,2473.800000,2479.000000,117
2015-10-05T13:15:00+05:30,2479.000000,2479.000000,2473.250000,2478.100000,141
2015-10-05T13:30:00+05:30,2478.100000,2479.000000,2471.950000,2474.000000,295
2015-10-05T13:45:00+05:30,2474.000000,2475.000000,2468.000000,2469.950000,525
2015-10-05T14:00:00+05:30,2469.950000,2475.500000,2468.050000,2473.400000,256
2015-10-05T14:15:00+05:30,2474.750000,2474.750000,2470.000000,2472.000000,141
2015-10-05T14:30:00+05:30,2472.000000,2472.000000,2468.800000,2472.000000,290
2015-10-05T14:45:00+05:30,2472.000000,2472.000000,2462.550000,2462.550000,1189
2015-10-05T15:00:00+05:30,2462.550000,2473.000000,2460.700000,2469.900000,966
2015-10-05T15:15:00+05:30,2469.900000,2474.000000,2461.100000,2471.100000,2260
2015-10-06T09:15:00+05:30,2479.950000,2506.000000,2456.600000,2495.000000,1622
2015-10-06T09:30:00+05:30,2495.000000,2495.000000,2460.500000,2475.000000,668
2015-10-06T09:45:00+05:30,2475.000000,2524.000000,2475.000000,2515.000000,4894
2015-10-06T10:00:00+05:30,2515.000000,2554.500000,2500.000000,2554.500000,8591
2015-10-06T10:15:00+05:30,2555.000000,2557.400000,2520.450000,2536.000000,4615
2015-10-06T10:30:00+05:30,2536.000000,2540.750000,2521.000000,2527.350000,872
2015-10-06T10:45:00+05:30,2527.400000,2542.300000,2526.150000,2527.800000,562
2015-10-06T11:00:00+05:30,2528.150000,2537.500000,2525.050000,2530.250000,423
2015-10-06T11:15:00+05:30,2530.250000,2536.000000,2525.450000,2528.750000,543
2015-10-06T11:30:00+05:30,2526.300000,2534.000000,2526.300000,2531.400000,247
2015-10-06T11:45:00+05:30,2531.400000,2534.750000,2520.000000,2524.600000,1106
2015-10-06T12:00:00+05:30,2524.600000,2526.200000,2521.250000,2521.550000,501
2015-10-06T12:15:00+05:30,2521.550000,2522.900000,2515.000000,2519.700000,835
2015-10-06T12:30:00+05:30,2519.700000,2524.500000,2516.450000,2516.500000,455
2015-10-06T12:45:00+05:30,2516.500000,2523.950000,2516.500000,2520.200000,566
2015-10-06T13:00:00+05:30,2520.200000,2523.450000,2512.100000,2516.000000,629
2015-10-06T13:15:00+05:30,2516.000000,2519.850000,2516.000000,2518.700000,449
2015-10-06T13:30:00+05:30,2518.700000,2532.050000,2517.000000,2521.000000,2766
2015-10-06T13:45:00+05:30,2521.000000,2528.000000,2520.000000,2522.550000,994
2015-10-06T14:00:00+05:30,2522.550000,2532.000000,2521.000000,2521.000000,825
2015-10-06T14:15:00+05:30,2521.000000,2525.000000,2520.500000,2520.500000,911
2015-10-06T14:30:00+05:30,2520.500000,2529.800000,2515.150000,2522.050000,773
2015-10-06T14:45:00+05:30,2529.800000,2529.800000,2518.050000,2520.000000,951
2015-10-06T15:00:00+05:30,2520.000000,2524.250000,2515.800000,2520.000000,1977
2015-10-06T15:15:00+05:30,2520.000000,2531.000000,2512.050000,2520.000000,3401
2015-10-07T09:15:00+05:30,2522.000000,2545.000000,2520.250000,2534.950000,818
2015-10-07T09:30:00+05:30,2534.950000,2540.250000,2531.000000,2535.950000,204
2015-10-07T09:45:00+05:30,2535.950000,2545.000000,2532.050000,2540.000000,821
2015-10-07T10:00:00+05:30,2540.000000,2547.900000,2535.000000,2535.000000,1704
2015-10-07T10:15:00+05:30,2535.000000,2539.850000,2529.900000,2529.900000,235
2015-10-07T10:30:00+05:30,2527.550000,2532.000000,2527.550000,2529.700000,235
2015-10-07T10:45:00+05:30,2529.700000,2539.000000,2529.700000,2532.000000,96
2015-10-07T11:00:00+05:30,2532.000000,2534.000000,2528.650000,2534.000000,101
2015-10-07T11:15:00+05:30,2534.000000,2534.000000,2528.000000,2529.950000,97
2015-10-07T11:30:00+05:30,2529.950000,2529.950000,2525.000000,2528.000000,96
2015-10-07T11:45:00+05:30,2528.050000,2528.050000,2525.000000,2525.000000,107
2015-10-07T12:00:00+05:30,2525.000000,2527.950000,2522.300000,2523.000000,90
2015-10-07T12:15:00+05:30,2523.000000,2525.000000,2512.150000,2515.000000,429
2015-10-07T12:30:00+05:30,2515.000000,2515.000000,2509.450000,2510.000000,479
2015-10-07T12:45:00+05:30,2510.000000,2515.000000,2502.500000,2509.100000,258
2015-10-07T13:00:00+05:30,2509.100000,2515.000000,2503.800000,2514.000000,95
2015-10-07T13:15:00+05:30,2514.000000,2515.000000,2512.950000,2515.000000,270
2015-10-07T13:30:00+05:30,2515.000000,2515.000000,2510.500000,2510.500000,115
2015-10-07T13:45:00+05:30,2510.500000,2515.000000,2510.500000,2510.500000,27
2015-10-07T14:00:00+05:30,2510.500000,2514.750000,2510.500000,2513.900000,22
2015-10-07T14:15:00+05:30,2513.900000,2515.000000,2510.850000,2511.950000,28
2015-10-07T14:30:00+05:30,2511.950000,2511.950000,2501.000000,2501.250000,527
2015-10-07T14:45:00+05:30,2502.500000,2505.000000,2501.000000,2504.750000,1292
2015-10-07T15:00:00+05:30,2504.750000,2510.000000,2501.000000,2505.000000,2504
2015-10-07T15:15:00+05:30,2505.000000,2505.050000,2501.000000,2501.000000,1788
2015-10-08T09:15:00+05:30,2527.000000,2527.000000,2490.050000,2519.950000,521
2015-10-08T09:30:00+05:30,2519.950000,2519.950000,2512.100000,2512.100000,102
2015-10-08T09:45:00+05:30,2512.100000,2512.100000,2491.050000,2491.500000,872
2015-10-08T10:00:00+05:30,2491.500000,2491.500000,2470.000000,2475.150000,562
2015-10-08T10:15:00+05:30,2475.150000,2479.900000,2469.900000,2470.000000,534
2015-10-08T10:30:00+05:30,2470.000000,2484.950000,2463.650000,2472.000000,402
2015-10-08T10:45:00+05:30,2474.000000,2479.050000,2466.250000,2474.000000,445
2015-10-08T11:00:00+05:30,2474.000000,2474.050000,2460.000000,2460.000000,662
2015-10-08T11:15:00+05:30,2460.000000,2465.950000,2451.000000,2455.700000,1370
2015-10-08T11:30:00+05:30,2455.700000,2455.700000,2440.000000,2449.150000,560
2015-10-08T11:45:00+05:30,2449.150000,2450.000000,2438.000000,2439.000000,412
2015-10-08T12:00:00+05:30,2439.000000,2450.000000,2439.000000,2446.000000,151
2015-10-08T12:15:00+05:30,2446.000000,2450.000000,2446.000000,2450.000000,225
2015-10-08T12:30:00+05:30,2450.000000,2450.000000,2444.000000,2449.200000,236
2015-10-08T12:45:00+05:30,2449.200000,2450.000000,2449.200000,2449.950000,108
2015-10-08T13:00:00+05:30,2449.950000,2450.000000,2449.000000,2450.000000,130
2015-10-08T13:15:00+05:30,2450.000000,2450.000000,2445.000000,2449.950000,145
2015-10-08T13:30:00+05:30,2449.950000,2454.900000,2446.000000,2450.000000,493
2015-10-08T13:45:00+05:30,2450.000000,2454.950000,2446.000000,2450.000000,341
2015-10-08T14:00:00+05:30,2450.000000,2450.000000,2447.000000,2450.000000,100
2015-10-08T14:15:00+05:30,2450.000000,2450.000000,2447.000000,2450.000000,865
2015-10-08T14:30:00+05:30,2450.000000,2450.000000,2447.000000,2448.000000,83
2015-10-08T14:45:00+05:30,2448.000000,2450.000000,2445.000000,2450.000000,415
2015-10-08T15:00:00+05:30,2450.000000,2450.000000,2444.000000,2450.000000,726
2015-10-08T15:15:00+05:30,2450.000000,2455.000000,2446.000000,2450.000000,2903
2015-10-09T09:15:00+05:30,2487.000000,2487.000000,2470.050000,2471.450000,612
2015-10-09T09:30:00+05:30,2471.450000,2480.000000,2471.450000,2473.050000,458
2015-10-09T09:45:00+05:30,2473.050000,2490.000000,2473.050000,2487.700000,423
2015-10-09T10:00:00+05:30,2487.700000,2496.000000,2484.250000,2484.250000,611
2015-10-09T10:15:00+05:30,2484.250000,2484.250000,2470.400000,2474.000000,349
2015-10-09T10:30:00+05:30,2472.100000,2479.850000,2468.000000,2468.050000,331
2015-10-09T10:45:00+05:30,2468.050000,2470.000000,2461.050000,2465.150000,599
2015-10-09T11:00:00+05:30,2465.150000,2467.000000,2465.150000,2467.000000,214
2015-10-09T11:15:00+05:30,2467.000000,2467.500000,2463.800000,2466.950000,261
2015-10-09T11:30:00+05:30,2466.950000,2466.950000,2463.150000,2463.500000,98
2015-10-09T11:45:00+05:30,2463.500000,2464.000000,2451.050000,2452.500000,931
2015-10-09T12:00:00+05:30,2452.500000,2452.500000,2447.950000,2450.000000,653
2015-10-09T12:15:00+05:30,2450.000000,2455.000000,2450.000000,2454.000000,295
2015-10-09T12:30:00+05:30,2451.500000,2454.000000,2451.500000,2452.100000,97
2015-10-09T12:45:00+05:30,2452.100000,2454.000000,2433.000000,2443.050000,1213
2015-10-09T13:00:00+05:30,2443.050000,2447.450000,2440.700000,2445.950000,327
2015-10-09T13:15:00+05:30,2445.950000,2448.000000,2442.400000,2448.000000,55
2015-10-09T13:30:00+05:30,2448.000000,2450.000000,2448.000000,2450.000000,263
2015-10-09T13:45:00+05:30,2450.000000,2454.000000,2441.050000,2441.050000,402
2015-10-09T14:00:00+05:30,2441.050000,2447.500000,2441.050000,2447.500000,34
2015-10-09T14:15:00+05:30,2447.500000,2449.750000,2447.500000,2449.700000,23
2015-10-09T14:30:00+05:30,2449.700000,2452.900000,2445.100000,2452.000000,510
2015-10-09T14:45:00+05:30,2452.000000,2452.000000,2447.050000,2450.000000,606
2015-10-09T15:00:00+05:30,2450.000000,2450.000000,2446.050000,2448.750000,346
2015-10-09T15:15:00+05:30,2448.750000,2450.100000,2444.000000,2444.000000,2216
2015-10-12T09:15:00+05:30,2471.000000,2471.000000,2418.700000,2435.050000,1210
2015-10-12T09:30:00+05:30,2435.050000,2436.650000,2430.100000,2433.000000,272
2015-10-12T09:45:00+05:30,2433.000000,2433.000000,2421.000000,2429.900000,340
2015-10-12T10:00:00+05:30,2429.950000,2442.000000,2429.900000,2442.000000,725
2015-10-12T10:15:00+05:30,2442.000000,2444.950000,2440.000000,2444.950000,62
2015-10-12T10:30:00+05:30,2444.950000,2444.950000,2437.150000,2437.150000,129
2015-10-12T10:45:00+05:30,2437.150000,2439.950000,2437.150000,2438.700000,4
2015-10-12T11:00:00+05:30,2438.700000,2438.700000,2432.800000,2433.550000,129
2015-10-12T11:15:00+05:30,2433.550000,2433.550000,2430.000000,2430.000000,184
2015-10-12T11:30:00+05:30,2431.050000,2431.350000,2426.450000,2426.450000,304
2015-10-12T11:45:00+05:30,2426.550000,2431.250000,2415.550000,2431.100000,565
2015-10-12T12:00:00+05:30,2431.100000,2431.100000,2413.000000,2413.000000,1558
2015-10-12T12:15:00+05:30,2413.000000,2415.200000,2408.750000,2414.900000,1740
2015-10-12T12:30:00+05:30,2414.900000,2414.900000,2410.000000,2414.150000,72
2015-10-12T12:45:00+05:30,2414.150000,2418.700000,2412.000000,2414.000000,425
2015-10-12T13:00:00+05:30,2414.000000,2417.650000,2410.050000,2415.950000,132
2015-10-12T13:15:00+05:30,2413.000000,2415.950000,2413.000000,2413.650000,118
2015-10-12T13:30:00+05:30,2413.650000,2418.750000,2413.650000,2415.050000,344
2015-10-12T13:45:00+05:30,2415.050000,2419.000000,2411.650000,2412.150000,182
2015-10-12T14:00:00+05:30,2412.150000,2417.000000,2401.000000,2405.000000,593
2015-10-12T14:15:00+05:30,2405.000000,2410.000000,2401.500000,2410.000000,175
2015-10-12T14:30:00+05:30,2410.000000,2410.000000,2405.000000,2405.500000,224
2015-10-12T14:45:00+05:30,2405.500000,2408.950000,2405.500000,2408.150000,122
2015-10-12T15:00:00+05:30,2408.150000,2439.950000,2406.000000,2430.000000,2309
2015-10-12T15:15:00+05:30,2430.000000,2450.000000,2426.500000,2448.900000,3917
2015-10-13T09:15:00+05:30,2418.900000,2450.000000,2418.900000,2435.000000,1710
2015-10-13T09:30:00+05:30,2435.000000,2435.000000,2423.000000,2426.250000,101
2015-10-13T09:45:00+05:30,2426.000000,2429.000000,2421.250000,2427.450000,85
2015-10-13T10:00:00+05:30,2425.000000,2440.000000,2421.250000,2431.250000,157
2015-10-13T10:15:00+05:30,2431.250000,2436.950000,2430.150000,2436.950000,62
2015-10-13T10:30:00+05:30,2436.950000,2439.900000,2436.300000,2439.850000,29
2015-10-13T10:45:00+05:30,2439.850000,2439.950000,2435.200000,2436.350000,51
2015-10-13T11:00:00+05:30,2436.350000,2437.950000,2436.000000,2437.950000,63
2015-10-13T11:15:00+05:30,2437.950000,2437.950000,2432.600000,2437.750000,122
2015-10-13T11:30:00+05:30,2437.750000,2437.950000,2435.200000,2435.700000,53
2015-10-13T11:45:00+05:30,2435.650000,2435.650000,2381.000000,2405.000000,8036
2015-10-13T12:00:00+05:30,2405.000000,2414.500000,2403.100000,2407.000000,1255
2015-10-13T12:15:00+05:30,2407.000000,2413.350000,2403.000000,2410.000000,2099
2015-10-13T12:30:00+05:30,2410.000000,2410.000000,2398.000000,2398.500000,1270
2015-10-13T12:45:00+05:30,2398.500000,2403.750000,2398.500000,2400.000000,722
2015-10-13T13:00:00+05:30,2400.000000,2400.000000,2391.000000,2391.000000,612
2015-10-13T13:15:00+05:30,2391.000000,2398.450000,2390.000000,2395.000000,425
2015-10-13T13:30:00+05:30,2395.000000,2399.800000,2395.000000,2399.800000,219
2015-10-13T13:45:00+05:30,2399.800000,2400.000000,2386.500000,2387.000000,486
2015-10-13T14:00:00+05:30,2387.000000,2390.000000,2385.450000,2390.000000,406
2015-10-13T14:15:00+05:30,2390.000000,2390.000000,2386.100000,2390.000000,479
2015-10-13T14:30:00+05:30,2390.000000,2390.000000,2382.500000,2390.000000,382
2015-10-13T14:45:00+05:30,2390.000000,2390.000000,2386.000000,2387.000000,270
2015-10-13T15:00:00+05:30,2387.000000,2390.000000,2382.000000,2390.000000,2512
2015-10-13T15:15:00+05:30,2390.000000,2405.500000,2375.000000,2382.050000,3418
2015-10-14T09:15:00+05:30,2395.000000,2409.000000,2376.000000,2388.350000,739
2015-10-14T09:30:00+05:30,2388.350000,2398.000000,2385.100000,2388.000000,144
2015-10-14T09:45:00+05:30,2388.000000,2388.000000,2383.250000,2388.000000,44
2015-10-14T10:00:00+05:30,2388.000000,2390.000000,2380.950000,2385.550000,451
2015-10-14T10:15:00+05:30,2385.550000,2389.650000,2380.000000,2389.650000,580
2015-10-14T10:30:00+05:30,2389.650000,2394.950000,2385.800000,2389.900000,246
2015-10-14T10:45:00+05:30,2389.900000,2389.900000,2381.000000,2385.950000,103
2015-10-14T11:00:00+05:30,2385.950000,2404.950000,2385.950000,2394.400000,671
2015-10-14T11:15:00+05:30,2394.400000,2403.550000,2387.050000,2390.000000,1404
2015-10-14T11:30:00+05:30,2388.000000,2390.000000,2387.100000,2390.000000,1703
2015-10-14T11:45:00+05:30,2390.000000,2390.000000,2388.000000,2388.900000,101
2015-10-14T12:00:00+05:30,2388.900000,2388.900000,2383.500000,2387.000000,573
2015-10-14T12:15:00+05:30,2387.000000,2387.950000,2384.000000,2384.050000,147
2015-10-14T12:30:00+05:30,2384.050000,2389.450000,2384.050000,2389.450000,26
2015-10-14T12:45:00+05:30,2389.450000,2389.450000,2385.000000,2385.000000,269
2015-10-14T13:00:00+05:30,2385.000000,2389.900000,2384.000000,2389.900000,382
2015-10-14T13:15:00+05:30,2389.900000,2389.900000,2389.900000,2389.900000,0
2015-10-14T13:30:00+05:30,2385.700000,2389.900000,2385.700000,2385.700000,15
2015-10-14T13:45:00+05:30,2385.600000,2389.800000,2385.600000,2387.150000,50
2015-10-14T14:00:00+05:30,2387.150000,2389.800000,2386.000000,2386.000000,37
2015-10-14T14:15:00+05:30,2386.000000,2387.950000,2385.000000,2385.000000,20
2015-10-14T14:30:00+05:30,2385.000000,2390.000000,2385.000000,2389.650000,180
2015-10-14T14:45:00+05:30,2389.650000,2390.000000,2385.000000,2389.600000,2319
2015-10-14T15:00:00+05:30,2389.600000,2389.600000,2384.050000,2387.000000,541
2015-10-14T15:15:00+05:30,2387.000000,2391.000000,2382.000000,2383.000000,3792
2015-10-15T09:15:00+05:30,2398.950000,2399.250000,2389.050000,2399.250000,127
2015-10-15T09:30:00+05:30,2395.050000,2398.650000,2378.000000,2378.050000,985
2015-10-15T09:45:00+05:30,2378.050000,2383.950000,2376.000000,2383.950000,318
2015-10-15T10:00:00+05:30,2383.950000,2398.450000,2383.850000,2398.450000,239
2015-10-15T10:15:00+05:30,2398.450000,2398.700000,2389.000000,2389.500000,434
2015-10-15T10:30:00+05:30,2389.500000,2390.000000,2385.000000,2385.000000,142
2015-10-15T10:45:00+05:30,2385.000000,2389.600000,2385.000000,2385.750000,67
2015-10-15T11:00:00+05:30,2385.750000,2397.800000,2384.700000,2385.000000,742
2015-10-15T11:15:00+05:30,2385.000000,2387.950000,2381.000000,2383.350000,562
2015-10-15T11:30:00+05:30,2383.350000,2385.000000,2380.200000,2380.600000,295
2015-10-15T11:45:00+05:30,2380.600000,2384.700000,2380.600000,2382.150000,67
2015-10-15T12:00:00+05:30,2382.150000,2386.050000,2382.150000,2386.050000,263
2015-10-15T12:15:00+05:30,2386.050000,2389.800000,2383.050000,2383.050000,266
2015-10-15T12:30:00+05:30,2383.050000,2389.000000,2383.050000,2385.300000,158
2015-10-15T12:45:00+05:30,2385.250000,2388.100000,2385.250000,2388.100000,217
2015-10-15T13:00:00+05:30,2388.100000,2388.950000,2385.000000,2385.000000,310
2015-10-15T13:15:00+05:30,2385.000000,2386.950000,2380.000000,2380.150000,612
2015-10-15T13:30:00+05:30,2380.000000,2384.750000,2380.000000,2384.750000,184
2015-10-15T13:45:00+05:30,2384.750000,2385.000000,2372.000000,2372.000000,731
2015-10-15T14:00:00+05:30,2372.000000,2379.450000,2372.000000,2379.450000,107
2015-10-15T14:15:00+05:30,2379.450000,2379.500000,2369.700000,2369.700000,498
2015-10-15T14:30:00+05:30,2370.500000,2370.500000,2362.500000,2368.200000,321
2015-10-15T14:45:00+05:30,2368.200000,2378.400000,2368.200000,2374.000000,102
2015-10-15T15:00:00+05:30,2374.000000,2383.150000,2374.000000,2383.150000,920
2015-10-15T15:15:00+05:30,2383.150000,2395.000000,2371.200000,2380.000000,2694
2015-10-16T09:15:00+05:30,2382.600000,2397.450000,2381.000000,2385.000000,520
2015-10-16T09:30:00+05:30,2385.000000,2389.950000,2382.500000,2382.500000,371
2015-10-16T09:45:00+05:30,2382.500000,2425.000000,2382.500000,2415.150000,8006
2015-10-16T10:00:00+05:30,2413.000000,2518.950000,2411.000000,2490.050000,14605
2015-10-16T10:15:00+05:30,2491.050000,2525.000000,2475.000000,2520.000000,8778
2015-10-16T10:30:00+05:30,2519.950000,2520.000000,2495.100000,2498.000000,2435
2015-10-16T10:45:00+05:30,2497.900000,2498.000000,2478.000000,2485.000000,1999
2015-10-16T11:00:00+05:30,2485.000000,2485.000000,2476.050000,2479.850000,1158
2015-10-16T11:15:00+05:30,2479.850000,2479.850000,2465.000000,2467.950000,1386
2015-10-16T11:30:00+05:30,2466.050000,2470.000000,2455.900000,2455.900000,1636
2015-10-16T11:45:00+05:30,2455.900000,2464.200000,2447.050000,2452.250000,2517
2015-10-16T12:00:00+05:30,2452.250000,2455.000000,2445.100000,2450.000000,701
2015-10-16T12:15:00+05:30,2450.000000,2453.100000,2449.250000,2451.700000,262
2015-10-16T12:30:00+05:30,2452.950000,2453.000000,2443.200000,2443.200000,476
2015-10-16T12:45:00+05:30,2443.200000,2450.000000,2442.150000,2449.950000,220
2015-10-16T13:00:00+05:30,2449.950000,2450.000000,2445.900000,2445.900000,167
2015-10-16T13:15:00+05:30,2445.900000,2450.000000,2445.000000,2445.000000,294
2015-10-16T13:30:00+05:30,2445.000000,2447.150000,2443.250000,2445.000000,514
2015-10-16T13:45:00+05:30,2445.000000,2446.000000,2438.000000,2444.950000,1357
2015-10-16T14:00:00+05:30,2445.000000,2445.000000,2438.000000,2442.000000,1090
2015-10-16T14:15:00+05:30,2441.000000,2442.600000,2438.200000,2440.000000,737
2015-10-16T14:30:00+05:30,2440.000000,2442.900000,2437.950000,2439.250000,691
2015-10-16T14:45:00+05:30,2439.250000,2445.000000,2436.150000,2440.750000,1838
2015-10-16T15:00:00+05:30,2440.950000,2447.000000,2437.900000,2440.050000,2508
2015-10-16T15:15:00+05:30,2441.000000,2448.900000,2431.050000,2441.000000,4419
2015-10-19T09:15:00+05:30,2460.000000,2464.400000,2450.000000,2456.950000,807
2015-10-19T09:30:00+05:30,2456.950000,2456.950000,2440.000000,2441.000000,415
2015-10-19T09:45:00+05:30,2441.000000,2443.100000,2439.100000,2440.850000,273
2015-10-19T10:00:00+05:30,2440.850000,2447.500000,2438.100000,2440.650000,296
2015-10-19T10:15:00+05:30,2440.650000,2443.550000,2440.050000,2443.350000,144
2015-10-19T10:30:00+05:30,2443.350000,2447.000000,2440.050000,2443.050000,176
2015-10-19T10:45:00+05:30,2443.050000,2445.950000,2440.050000,2440.050000,111
2015-10-19T11:00:00+05:30,2440.000000,2440.000000,2435.000000,2437.850000,701
2015-10-19T11:15:00+05:30,2437.850000,2441.000000,2432.750000,2432.950000,741
2015-10-19T11:30:00+05:30,2432.950000,2438.050000,2431.000000,2438.000000,304
2015-10-19T11:45:00+05:30,2438.000000,2438.000000,2432.050000,2438.000000,145
2015-10-19T12:00:00+05:30,2438.000000,2452.000000,2437.750000,2446.000000,13287
2015-10-19T12:15:00+05:30,2446.000000,2463.950000,2446.000000,2450.000000,6549
2015-10-19T12:30:00+05:30,2450.000000,2454.000000,2449.000000,2450.000000,537
2015-10-19T12:45:00+05:30,2450.000000,2457.250000,2450.000000,2454.150000,556
2015-10-19T13:00:00+05:30,2454.150000,2456.150000,2450.000000,2451.150000,531
2015-10-19T13:15:00+05:30,2451.150000,2462.850000,2450.000000,2453.050000,741
2015-10-19T13:30:00+05:30,2453.050000,2456.950000,2440.700000,2447.000000,781
2015-10-19T13:45:00+05:30,2447.000000,2452.450000,2445.250000,2450.000000,9072
2015-10-19T14:00:00+05:30,2450.000000,2460.000000,2450.000000,2460.000000,566
2015-10-19T14:15:00+05:30,2460.000000,2480.000000,2456.050000,2479.900000,2556
2015-10-19T14:30:00+05:30,2479.900000,2480.000000,2466.050000,2472.250000,1646
2015-10-19T14:45:00+05:30,2472.250000,2484.000000,2470.050000,2479.950000,6554
2015-10-19T15:00:00+05:30,2479.950000,2502.000000,2475.000000,2493.400000,5543
2015-10-19T15:15:00+05:30,2493.400000,2500.000000,2489.750000,2500.000000,5134
2015-10-20T09:15:00+05:30,2495.000000,2518.000000,2493.950000,2510.000000,1333
2015-10-20T09:30:00+05:30,2510.000000,2515.850000,2508.100000,2510.650000,1476
2015-10-20T09:45:00+05:30,2510.650000,2510.650000,2508.100000,2510.550000,438
2015-10-20T10:00:00+05:30,2510.550000,2522.000000,2510.500000,2515.900000,921
2015-10-20T10:15:00+05:30,2515.900000,2519.950000,2513.000000,2518.950000,235
2015-10-20T10:30:00+05:30,2518.950000,2518.950000,2509.000000,2509.000000,247
2015-10-20T10:45:00+05:30,2509.000000,2519.000000,2508.100000,2517.950000,558
2015-10-20T11:00:00+05:30,2517.950000,2518.000000,2515.000000,2516.000000,121
2015-10-20T11:15:00+05:30,2516.000000,2519.000000,2514.950000,2515.200000,1790
2015-10-20T11:30:00+05:30,2515.200000,2516.500000,2515.000000,2516.100000,154
2015-10-20T11:45:00+05:30,2516.100000,2516.300000,2508.100000,2508.700000,1024
2015-10-20T12:00:00+05:30,2511.500000,2511.500000,2506.900000,2508.000000,403
2015-10-20T12:15:00+05:30,2508.000000,2540.000000,2508.000000,2530.000000,3002
2015-10-20T12:30:00+05:30,2530.450000,2554.000000,2525.700000,2535.050000,6241
2015-10-20T12:45:00+05:30,2535.050000,2543.800000,2535.050000,2535.150000,559
2015-10-20T13:00:00+05:30,2535.150000,2555.000000,2535.150000,2555.000000,1312
2015-10-20T13:15:00+05:30,2555.000000,2560.000000,2531.200000,2535.000000,3469
2015-10-20T13:30:00+05:30,2535.000000,2535.000000,2530.000000,2532.750000,509
2015-10-20T13:45:00+05:30,2532.750000,2534.000000,2515.000000,2526.100000,743
2015-10-20T14:00:00+05:30,2526.100000,2527.500000,2520.000000,2523.100000,147
2015-10-20T14:15:00+05:30,2523.100000,2529.800000,2505.000000,2509.750000,992
2015-10-20T14:30:00+05:30,2509.750000,2520.700000,2501.000000,2504.950000,1636
2015-10-20T14:45:00+05:30,2504.950000,2514.950000,2504.100000,2509.950000,927
2015-10-20T15:00:00+05:30,2509.950000,2550.000000,2509.950000,2539.950000,2450
2015-10-20T15:15:00+05:30,2539.950000,2549.900000,2520.300000,2528.000000,2501
2015-10-21T09:15:00+05:30,2539.000000,2561.000000,2539.000000,2555.000000,903
2015-10-21T09:30:00+05:30,2555.000000,2558.400000,2550.050000,2550.050000,572
2015-10-21T09:45:00+05:30,2553.000000,2554.050000,2549.000000,2553.000000,842
2015-10-21T10:00:00+05:30,2552.000000,2552.000000,2550.000000,2550.000000,358
2015-10-21T10:15:00+05:30,2550.000000,2553.000000,2550.000000,2551.050000,114
2015-10-21T10:30:00+05:30,2551.050000,2551.050000,2545.000000,2550.000000,720
2015-10-21T10:45:00+05:30,2550.000000,2552.000000,2550.000000,2550.000000,244
2015-10-21T11:00:00+05:30,2550.000000,2552.000000,2549.950000,2552.000000,393
2015-10-21T11:15:00+05:30,2550.000000,2552.000000,2546.050000,2549.000000,1003
2015-10-21T11:30:00+05:30,2549.000000,2550.800000,2532.000000,2541.000000,910
2015-10-21T11:45:00+05:30,2541.000000,2551.750000,2537.350000,2551.750000,2018
2015-10-21T12:00:00+05:30,2551.750000,2574.000000,2551.050000,2557.950000,2390
2015-10-21T12:15:00+05:30,2557.950000,2559.100000,2550.000000,2559.100000,1646
2015-10-21T12:30:00+05:30,2559.100000,2560.000000,2553.650000,2554.950000,1448
2015-10-21T12:45:00+05:30,2554.950000,2555.000000,2549.700000,2555.000000,5016
2015-10-21T13:00:00+05:30,2555.000000,2560.000000,2551.200000,2556.150000,2682
2015-10-21T13:15:00+05:30,2556.150000,2559.950000,2551.250000,2558.750000,1576
2015-10-21T13:30:00+05:30,2558.750000,2558.750000,2555.100000,2555.250000,122
2015-10-21T13:45:00+05:30,2556.850000,2557.000000,2551.000000,2552.850000,326
2015-10-21T14:00:00+05:30,2552.850000,2552.850000,2540.000000,2544.850000,564
2015-10-21T14:15:00+05:30,2544.850000,2550.000000,2542.050000,2550.000000,216
2015-10-21T14:30:00+05:30,2550.000000,2550.000000,2543.000000,2543.000000,135
2015-10-21T14:45:00+05:30,2543.000000,2545.350000,2540.000000,2544.850000,381
2015-10-21T15:00:00+05:30,2544.850000,2550.000000,2542.450000,2542.450000,615
2015-10-21T15:15:00+05:30,2545.000000,2550.000000,2540.500000,2541.100000,1705
2015-10-23T09:15:00+05:30,2549.000000,2565.000000,2541.050000,2550.000000,271
2015-10-23T09:30:00+05:30,2550.000000,2550.000000,2533.000000,2538.750000,358
2015-10-23T09:45:00+05:30,2538.750000,2538.750000,2521.050000,2525.000000,410
2015-10-23T10:00:00+05:30,2525.000000,2526.500000,2510.000000,2526.500000,468
2015-10-23T10:15:00+05:30,2526.500000,2535.000000,2517.000000,2519.950000,300
2015-10-23T10:30:00+05:30,2519.950000,2523.250000,2514.000000,2515.500000,381
2015-10-23T10:45:00+05:30,2514.350000,2515.550000,2511.000000,2514.000000,232
2015-10-23T11:00:00+05:30,2514.000000,2515.550000,2505.000000,2513.450000,665
2015-10-23T11:15:00+05:30,2513.450000,2515.000000,2485.000000,2511.000000,984
2015-10-23T11:30:00+05:30,2511.000000,2519.450000,2511.000000,2512.000000,543
2015-10-23T11:45:00+05:30,2512.000000,2520.000000,2512.000000,2517.000000,48
2015-10-23T12:00:00+05:30,2517.000000,2519.900000,2516.550000,2519.000000,80
2015-10-23T12:15:00+05:30,2519.000000,2519.000000,2510.000000,2512.400000,140
2015-10-23T12:30:00+05:30,2512.400000,2517.900000,2512.400000,2512.650000,27
2015-10-23T12:45:00+05:30,2512.650000,2517.900000,2512.650000,2517.900000,33
2015-10-23T13:00:00+05:30,2517.900000,2517.900000,2511.900000,2517.000000,320
2015-10-23T13:15:00+05:30,2517.000000,2517.000000,2511.900000,2511.900000,38
2015-10-23T13:30:00+05:30,2511.900000,2518.100000,2511.900000,2512.050000,37
2015-10-23T13:45:00+05:30,2512.050000,2519.950000,2511.900000,2515.000000,28
2015-10-23T14:00:00+05:30,2515.000000,2520.000000,2515.000000,2515.000000,73
2015-10-23T14:15:00+05:30,2515.000000,2519.000000,2515.000000,2517.000000,77
2015-10-23T14:30:00+05:30,2517.000000,2517.000000,2514.000000,2514.000000,22
2015-10-23T14:45:00+05:30,2512.100000,2514.950000,2501.500000,2506.000000,259
2015-10-23T15:00:00+05:30,2506.000000,2522.700000,2502.600000,2521.000000,1499
2015-10-23T15:15:00+05:30,2515.000000,2524.850000,2500.000000,2511.000000,2518
2015-10-26T09:15:00+05:30,2540.000000,2540.000000,2498.950000,2498.950000,363
2015-10-26T09:30:00+05:30,2496.000000,2496.000000,2475.000000,2480.000000,614
2015-10-26T09:45:00+05:30,2480.000000,2494.000000,2471.100000,2494.000000,388
2015-10-26T10:00:00+05:30,2494.000000,2494.950000,2490.950000,2494.000000,251
2015-10-26T10:15:00+05:30,2494.000000,2505.500000,2493.650000,2505.000000,423
2015-10-26T10:30:00+05:30,2504.000000,2509.950000,2495.050000,2502.500000,368
2015-10-26T10:45:00+05:30,2500.450000,2500.450000,2496.050000,2500.000000,624
2015-10-26T11:00:00+05:30,2500.000000,2500.000000,2492.150000,2499.800000,44
2015-10-26T11:15:00+05:30,2499.800000,2499.800000,2496.050000,2498.900000,28
2015-10-26T11:30:00+05:30,2498.900000,2499.000000,2496.000000,2498.950000,26
2015-10-26T11:45:00+05:30,2498.950000,2498.950000,2485.000000,2488.000000,133
2015-10-26T12:00:00+05:30,2488.000000,2494.000000,2486.000000,2491.800000,43
2015-10-26T12:15:00+05:30,2491.800000,2494.000000,2487.950000,2493.500000,410
2015-10-26T12:30:00+05:30,2493.500000,2493.500000,2481.000000,2489.450000,104
2015-10-26T12:45:00+05:30,2489.450000,2489.450000,2481.800000,2485.000000,42
2015-10-26T13:00:00+05:30,2485.000000,2490.000000,2485.000000,2490.000000,50
2015-10-26T13:15:00+05:30,2490.000000,2495.000000,2490.000000,2495.000000,81
2015-10-26T13:30:00+05:30,2495.000000,2498.000000,2483.100000,2491.000000,70
2015-10-26T13:45:00+05:30,2491.000000,2497.300000,2491.000000,2497.000000,5
2015-10-26T14:00:00+05:30,2497.000000,2499.850000,2496.000000,2499.850000,228
2015-10-26T14:15:00+05:30,2499.850000,2500.000000,2498.000000,2499.900000,782
2015-10-26T14:30:00+05:30,2499.950000,2500.000000,2497.100000,2500.000000,341
2015-10-26T14:45:00+05:30,2499.950000,2514.700000,2497.550000,2510.100000,2788
2015-10-26T15:00:00+05:30,2510.100000,2547.700000,2510.000000,2545.000000,3617
2015-10-26T15:15:00+05:30,2545.000000,2555.500000,2535.000000,2536.000000,8056
2015-10-27T09:15:00+05:30,2559.000000,2559.000000,2524.000000,2525.000000,131
2015-10-27T09:30:00+05:30,2525.000000,2549.950000,2510.000000,2519.650000,358
2015-10-27T09:45:00+05:30,2519.650000,2520.750000,2511.000000,2516.150000,127
2015-10-27T10:00:00+05:30,2518.000000,2518.000000,2515.650000,2518.000000,91
2015-10-27T10:15:00+05:30,2518.000000,2518.950000,2515.550000,2518.950000,11
2015-10-27T10:30:00+05:30,2518.950000,2525.000000,2517.000000,2518.200000,342
2015-10-27T10:45:00+05:30,2518.200000,2521.000000,2505.050000,2505.050000,1029
2015-10-27T11:00:00+05:30,2505.050000,2513.000000,2505.050000,2513.000000,40
2015-10-27T11:15:00+05:30,2513.000000,2513.000000,2505.000000,2506.000000,437
2015-10-27T11:30:00+05:30,2506.000000,2519.000000,2506.000000,2513.000000,95
2015-10-27T11:45:00+05:30,2513.000000,2518.000000,2513.000000,2513.000000,21
2015-10-27T12:00:00+05:30,2513.000000,2518.000000,2510.450000,2514.000000,29
2015-10-27T12:15:00+05:30,2514.000000,2514.000000,2508.000000,2510.000000,207
2015-10-27T12:30:00+05:30,2510.000000,2510.000000,2510.000000,2510.000000,33
2015-10-27T12:45:00+05:30,2510.000000,2510.000000,2508.100000,2508.100000,34
2015-10-27T13:00:00+05:30,2508.100000,2512.000000,2508.100000,2510.000000,74
2015-10-27T13:15:00+05:30,2510.000000,2512.000000,2508.100000,2512.000000,20
2015-10-27T13:30:00+05:30,2512.000000,2512.000000,2508.100000,2510.000000,47
2015-10-27T13:45:00+05:30,2510.000000,2514.000000,2508.200000,2510.000000,93
2015-10-27T14:00:00+05:30,2510.000000,2513.500000,2501.550000,2501.550000,211
2015-10-27T14:15:00+05:30,2501.550000,2510.000000,2501.550000,2504.000000,524
2015-10-27T14:30:00+05:30,2504.000000,2510.000000,2500.000000,2509.900000,538
2015-10-27T14:45:00+05:30,2509.900000,2510.000000,2502.050000,2507.000000,260
2015-10-27T15:00:00+05:30,2503.000000,2520.000000,2503.000000,2509.900000,874
2015-10-27T15:15:00+05:30,2509.900000,2518.700000,2490.000000,2511.000000,2156
2015-10-28T09:15:00+05:30,2535.000000,2535.000000,2486.050000,2512.000000,164
2015-10-28T09:30:00+05:30,2512.000000,2516.500000,2509.600000,2510.000000,89
2015-10-28T09:45:00+05:30,2510.000000,2524.600000,2510.000000,2516.050000,237
2015-10-28T10:00:00+05:30,2516.050000,2517.000000,2507.700000,2514.200000,143
2015-10-28T10:15:00+05:30,2514.200000,2525.000000,2510.000000,2514.050000,314
2015-10-28T10:30:00+05:30,2514.050000,2516.050000,2509.950000,2514.650000,792
2015-10-28T10:45:00+05:30,2514.650000,2514.650000,2505.000000,2505.000000,319
2015-10-28T11:00:00+05:30,2508.050000,2508.100000,2505.000000,2508.100000,135
2015-10-28T11:15:00+05:30,2508.100000,2508.900000,2500.050000,2503.000000,278
2015-10-28T11:30:00+05:30,2503.000000,2508.000000,2503.000000,2508.000000,33
2015-10-28T11:45:00+05:30,2503.000000,2508.000000,2503.000000,2508.000000,32
2015-10-28T12:00:00+05:30,2508.000000,2508.000000,2503.100000,2508.000000,51
2015-10-28T12:15:00+05:30,2503.100000,2507.700000,2503.100000,2503.300000,59
2015-10-28T12:30:00+05:30,2506.400000,2506.400000,2480.050000,2492.050000,512
2015-10-28T12:45:00+05:30,2492.050000,2492.050000,2477.000000,2490.000000,455
2015-10-28T13:00:00+05:30,2490.000000,2490.000000,2480.000000,2488.000000,347
2015-10-28T13:15:00+05:30,2488.000000,2488.000000,2482.050000,2482.050000,47
2015-10-28T13:30:00+05:30,2482.050000,2489.000000,2480.350000,2489.000000,81
2015-10-28T13:45:00+05:30,2489.000000,2489.900000,2479.950000,2489.900000,219
2015-10-28T14:00:00+05:30,2489.900000,2489.900000,2482.100000,2489.000000,30
2015-10-28T14:15:00+05:30,2489.900000,2489.900000,2482.050000,2484.950000,87
2015-10-28T14:30:00+05:30,2484.950000,2485.000000,2480.050000,2485.000000,96
2015-10-28T14:45:00+05:30,2485.000000,2494.050000,2480.950000,2493.400000,193
2015-10-28T15:00:00+05:30,2493.400000,2502.950000,2483.000000,2500.000000,1304
2015-10-28T15:15:00+05:30,2500.000000,2510.000000,2490.600000,2492.000000,2128
2015-10-29T09:15:00+05:30,2502.250000,2523.950000,2490.000000,2515.250000,324
2015-10-29T09:30:00+05:30,2515.250000,2515.250000,2500.000000,2509.000000,202
2015-10-29T09:45:00+05:30,2505.150000,2520.100000,2504.100000,2520.000000,294
2015-10-29T10:00:00+05:30,2520.000000,2520.000000,2518.350000,2518.350000,10
2015-10-29T10:15:00+05:30,2518.350000,2523.950000,2516.050000,2519.050000,296
2015-10-29T10:30:00+05:30,2519.050000,2519.050000,2510.300000,2515.450000,127
2015-10-29T10:45:00+05:30,2515.450000,2597.000000,2511.950000,2594.000000,10852
2015-10-29T11:00:00+05:30,2594.000000,2594.000000,2568.000000,2568.700000,1778
2015-10-29T11:15:00+05:30,2568.700000,2578.000000,2560.500000,2560.500000,557
2015-10-29T11:30:00+05:30,2560.500000,2575.000000,2526.400000,2540.000000,1783
2015-10-29T11:45:00+05:30,2544.900000,2544.950000,2534.000000,2535.200000,471
2015-10-29T12:00:00+05:30,2535.200000,2571.150000,2530.000000,2540.250000,1173
2015-10-29T12:15:00+05:30,2540.250000,2559.950000,2535.100000,2547.950000,410
2015-10-29T12:30:00+05:30,2548.000000,2560.000000,2548.000000,2560.000000,1675
2015-10-29T12:45:00+05:30,2560.000000,2560.000000,2545.000000,2556.950000,533
2015-10-29T13:00:00+05:30,2556.950000,2560.000000,2547.000000,2560.000000,551
2015-10-29T13:15:00+05:30,2560.000000,2560.000000,2554.050000,2556.100000,493
2015-10-29T13:30:00+05:30,2556.100000,2564.900000,2553.200000,2553.350000,150
2015-10-29T13:45:00+05:30,2558.000000,2558.000000,2553.350000,2553.350000,115
2015-10-29T14:00:00+05:30,2553.350000,2560.000000,2553.350000,2558.000000,295
2015-10-29T14:15:00+05:30,2558.000000,2560.000000,2553.700000,2553.700000,230
2015-10-29T14:30:00+05:30,2553.700000,2558.350000,2544.100000,2558.350000,491
2015-10-29T14:45:00+05:30,2558.350000,2558.350000,2528.000000,2528.000000,1274
2015-10-29T15:00:00+05:30,2528.000000,2529.750000,2511.100000,2520.000000,2148
2015-10-29T15:15:00+05:30,2520.000000,2528.000000,2501.000000,2503.200000,3737
2015-10-30T09:15:00+05:30,2526.950000,2541.000000,2520.050000,2523.000000,643
2015-10-30T09:30:00+05:30,2520.450000,2545.000000,2520.450000,2545.000000,656
2015-10-30T09:45:00+05:30,2545.000000,2575.000000,2540.000000,2575.000000,3600
2015-10-30T10:00:00+05:30,2575.000000,2580.000000,2552.100000,2559.900000,1087
2015-10-30T10:15:00+05:30,2559.900000,2569.000000,2545.050000,2547.450000,1117
2015-10-30T10:30:00+05:30,2550.000000,2559.900000,2535.050000,2543.000000,859
2015-10-30T10:45:00+05:30,2543.000000,2550.000000,2543.000000,2550.000000,95
2015-10-30T11:00:00+05:30,2550.000000,2551.900000,2545.000000,2545.000000,85
2015-10-30T11:15:00+05:30,2543.100000,2544.900000,2535.000000,2537.900000,322
2015-10-30T11:30:00+05:30,2537.900000,2544.100000,2535.250000,2537.000000,99
2015-10-30T11:45:00+05:30,2537.000000,2544.900000,2535.250000,2540.000000,72
2015-10-30T12:00:00+05:30,2540.000000,2549.900000,2540.000000,2549.300000,192
2015-10-30T12:15:00+05:30,2549.300000,2550.000000,2545.250000,2550.000000,174
2015-10-30T12:30:00+05:30,2552.000000,2554.850000,2550.000000,2553.100000,320
2015-10-30T12:45:00+05:30,2553.100000,2553.100000,2540.100000,2540.100000,283
2015-10-30T13:00:00+05:30,2540.100000,2546.700000,2540.100000,2546.700000,128
2015-10-30T13:15:00+05:30,2546.700000,2546.700000,2539.000000,2540.000000,507
2015-10-30T13:30:00+05:30,2540.000000,2546.700000,2538.000000,2538.000000,107
2015-10-30T13:45:00+05:30,2538.000000,2546.000000,2535.450000,2538.900000,288
2015-10-30T14:00:00+05:30,2535.100000,2540.000000,2534.100000,2534.150000,144
2015-10-30T14:15:00+05:30,2534.150000,2541.400000,2534.100000,2534.100000,267
2015-10-30T14:30:00+05:30,2534.100000,2539.900000,2530.000000,2531.000000,264
2015-10-30T14:45:00+05:30,2531.000000,2541.000000,2530.150000,2538.000000,360
2015-10-30T15:00:00+05:30,2538.000000,2544.000000,2530.150000,2540.050000,631
2015-10-30T15:15:00+05:30,2540.050000,2556.000000,2531.000000,2545.000000,3979
2015-11-02T09:15:00+05:30,2550.000000,2560.000000,2527.050000,2535.000000,857
2015-11-02T09:30:00+05:30,2535.000000,2537.550000,2527.050000,2537.500000,183
2015-11-02T09:45:00+05:30,2537.500000,2552.500000,2522.000000,2539.600000,1309
2015-11-02T10:00:00+05:30,2539.600000,2555.000000,2537.350000,2537.350000,382
2015-11-02T10:15:00+05:30,2537.350000,2544.100000,2537.350000,2539.700000,213
2015-11-02T10:30:00+05:30,2539.700000,2546.700000,2535.000000,2535.000000,123
2015-11-02T10:45:00+05:30,2535.000000,2535.500000,2531.000000,2531.000000,124
2015-11-02T11:00:00+05:30,2530.000000,2534.900000,2522.000000,2522.000000,90
2015-11-02T11:15:00+05:30,2522.000000,2530.800000,2508.700000,2508.700000,182
2015-11-02T11:30:00+05:30,2508.700000,2515.500000,2508.550000,2512.900000,254
2015-11-02T11:45:00+05:30,2516.000000,2516.000000,2513.000000,2515.000000,95
2015-11-02T12:00:00+05:30,2515.000000,2524.000000,2515.000000,2518.000000,95
2015-11-02T12:15:00+05:30,2532.550000,2532.550000,2518.000000,2518.500000,119
2015-11-02T12:30:00+05:30,2518.500000,2523.450000,2518.050000,2518.050000,22
2015-11-02T12:45:00+05:30,2518.050000,2518.050000,2515.000000,2516.000000,27
2015-11-02T13:00:00+05:30,2516.000000,2516.000000,2516.000000,2516.000000,5
2015-11-02T13:15:00+05:30,2516.000000,2523.300000,2515.000000,2523.300000,43
2015-11-02T13:30:00+05:30,2523.300000,2523.300000,2515.050000,2515.100000,37
2015-11-02T13:45:00+05:30,2524.500000,2524.500000,2515.500000,2518.100000,29
2015-11-02T14:00:00+05:30,2518.100000,2523.300000,2515.050000,2515.050000,16
2015-11-02T14:15:00+05:30,2515.050000,2530.000000,2515.050000,2530.000000,167
2015-11-02T14:30:00+05:30,2535.000000,2550.000000,2525.900000,2547.000000,711
2015-11-02T14:45:00+05:30,2547.000000,2550.000000,2540.050000,2548.000000,558
2015-11-02T15:00:00+05:30,2548.000000,2560.000000,2542.100000,2557.000000,1029
2015-11-02T15:15:00+05:30,2557.000000,2564.950000,2552.000000,2555.000000,1204
2015-11-03T09:15:00+05:30,2569.950000,2569.950000,2515.000000,2551.000000,564
2015-11-03T09:30:00+05:30,2551.000000,2567.500000,2540.100000,2567.500000,240
2015-11-03T09:45:00+05:30,2565.050000,2593.650000,2565.050000,2590.000000,2271
2015-11-03T10:00:00+05:30,2590.000000,2615.000000,2584.000000,2587.000000,4197
2015-11-03T10:15:00+05:30,2587.000000,2594.000000,2587.000000,2588.050000,388
2015-11-03T10:30:00+05:30,2588.050000,2588.900000,2575.100000,2583.050000,1778
2015-11-03T10:45:00+05:30,2583.050000,2583.050000,2577.550000,2583.000000,143
2015-11-03T11:00:00+05:30,2583.000000,2584.500000,2578.000000,2580.000000,323
2015-11-03T11:15:00+05:30,2580.000000,2581.900000,2566.000000,2572.950000,398
2015-11-03T11:30:00+05:30,2572.950000,2579.950000,2569.200000,2579.900000,80
2015-11-03T11:45:00+05:30,2579.900000,2579.900000,2571.600000,2577.900000,61
2015-11-03T12:00:00+05:30,2577.900000,2577.900000,2572.550000,2572.550000,140
2015-11-03T12:15:00+05:30,2575.000000,2577.800000,2571.250000,2577.000000,253
2015-11-03T12:30:00+05:30,2577.000000,2577.000000,2572.000000,2576.400000,72
2015-11-03T12:45:00+05:30,2574.000000,2577.000000,2574.000000,2577.000000,43
2015-11-03T13:00:00+05:30,2577.000000,2578.000000,2571.450000,2572.700000,176
2015-11-03T13:15:00+05:30,2571.450000,2574.750000,2567.500000,2574.750000,122
2015-11-03T13:30:00+05:30,2574.750000,2574.750000,2566.200000,2574.000000,186
2015-11-03T13:45:00+05:30,2574.000000,2577.950000,2566.000000,2566.500000,298
2015-11-03T14:00:00+05:30,2566.500000,2576.950000,2566.000000,2576.000000,222
2015-11-03T14:15:00+05:30,2576.000000,2577.000000,2568.800000,2572.950000,206
2015-11-03T14:30:00+05:30,2572.950000,2577.000000,2569.400000,2571.400000,647
2015-11-03T14:45:00+05:30,2574.950000,2579.000000,2571.400000,2571.400000,338
2015-11-03T15:00:00+05:30,2571.400000,2577.750000,2568.300000,2572.950000,833
2015-11-03T15:15:00+05:30,2572.950000,2572.950000,2554.000000,2560.150000,1051
2015-11-04T09:15:00+05:30,2567.300000,2584.000000,2567.000000,2579.000000,349
2015-11-04T09:30:00+05:30,2579.000000,2585.000000,2575.550000,2583.000000,360
2015-11-04T09:45:00+05:30,2583.000000,2584.000000,2565.000000,2565.000000,401
2015-11-04T10:00:00+05:30,2565.000000,2565.000000,2554.000000,2562.000000,275
2015-11-04T10:15:00+05:30,2562.000000,2564.950000,2561.000000,2563.700000,114
2015-11-04T10:30:00+05:30,2563.700000,2563.700000,2545.000000,2552.550000,216
2015-11-04T10:45:00+05:30,2552.550000,2554.750000,2548.050000,2548.050000,65
2015-11-04T11:00:00+05:30,2548.050000,2549.950000,2533.000000,2539.000000,1439
2015-11-04T11:15:00+05:30,2539.000000,2548.000000,2537.100000,2544.900000,173
2015-11-04T11:30:00+05:30,2542.600000,2543.900000,2540.200000,2543.000000,75
2015-11-04T11:45:00+05:30,2541.050000,2547.550000,2541.050000,2542.000000,100
2015-11-04T12:00:00+05:30,2542.000000,2547.750000,2541.000000,2542.750000,46
2015-11-04T12:15:00+05:30,2542.750000,2546.250000,2540.000000,2542.500000,487
2015-11-04T12:30:00+05:30,2542.500000,2543.650000,2541.000000,2543.650000,6
2015-11-04T12:45:00+05:30,2543.650000,2543.650000,2540.350000,2541.000000,38
2015-11-04T13:00:00+05:30,2541.000000,2554.000000,2537.650000,2543.050000,509
2015-11-04T13:15:00+05:30,2543.050000,2554.000000,2543.050000,2554.000000,238
2015-11-04T13:30:00+05:30,2554.000000,2554.000000,2548.000000,2551.000000,78
2015-11-04T13:45:00+05:30,2551.000000,2551.000000,2545.000000,2549.850000,107
2015-11-04T14:00:00+05:30,2549.850000,2549.850000,2544.000000,2549.850000,25
2015-11-04T14:15:00+05:30,2549.850000,2551.000000,2545.000000,2545.000000,61
2015-11-04T14:30:00+05:30,2545.000000,2550.550000,2543.100000,2548.000000,65
2015-11-04T14:45:00+05:30,2548.000000,2554.000000,2537.500000,2539.050000,669
2015-11-04T15:00:00+05:30,2539.050000,2545.000000,2525.000000,2540.000000,725
2015-11-04T15:15:00+05:30,2540.000000,2554.000000,2535.000000,2538.250000,2519
2015-11-05T09:15:00+05:30,2565.300000,2565.300000,2520.050000,2544.050000,208
2015-11-05T09:30:00+05:30,2544.050000,2544.050000,2535.000000,2536.050000,272
2015-11-05T09:45:00+05:30,2536.050000,2539.850000,2530.350000,2535.000000,458
2015-11-05T10:00:00+05:30,2535.000000,2568.800000,2530.000000,2530.000000,712
2015-11-05T10:15:00+05:30,2530.000000,2544.900000,2530.000000,2539.000000,53
2015-11-05T10:30:00+05:30,2539.000000,2540.000000,2527.000000,2527.000000,369
2015-11-05T10:45:00+05:30,2527.000000,2545.000000,2521.050000,2529.850000,128
2015-11-05T11:00:00+05:30,2529.850000,2531.000000,2525.900000,2526.000000,81
2015-11-05T11:15:00+05:30,2526.000000,2526.000000,2520.000000,2525.000000,146
2015-11-05T11:30:00+05:30,2529.800000,2529.800000,2512.900000,2513.000000,358
2015-11-05T11:45:00+05:30,2513.000000,2525.000000,2513.000000,2524.950000,161
2015-11-05T12:00:00+05:30,2524.950000,2524.950000,2524.950000,2524.950000,34
2015-11-05T12:15:00+05:30,2522.100000,2522.100000,2519.000000,2519.000000,75
2015-11-05T12:30:00+05:30,2518.100000,2524.550000,2510.050000,2510.050000,98
2015-11-05T12:45:00+05:30,2512.250000,2519.350000,2512.250000,2519.000000,214
2015-11-05T13:00:00+05:30,2519.000000,2519.000000,2515.000000,2519.000000,13
2015-11-05T13:15:00+05:30,2519.000000,2519.000000,2511.050000,2517.950000,48
2015-11-05T13:30:00+05:30,2511.100000,2519.000000,2511.100000,2519.000000,71
2015-11-05T13:45:00+05:30,2519.000000,2519.000000,2514.200000,2518.000000,130
2015-11-05T14:00:00+05:30,2518.000000,2518.000000,2515.000000,2515.000000,14
2015-11-05T14:15:00+05:30,2515.000000,2516.700000,2510.100000,2516.650000,470
2015-11-05T14:30:00+05:30,2516.650000,2516.650000,2512.000000,2515.000000,74
2015-11-05T14:45:00+05:30,2515.000000,2515.000000,2510.500000,2514.800000,85
2015-11-05T15:00:00+05:30,2514.700000,2515.000000,2502.250000,2514.000000,642
2015-11-05T15:15:00+05:30,2514.000000,2550.000000,2502.250000,2508.000000,1898
2015-11-06T09:15:00+05:30,2530.000000,2550.000000,2520.000000,2526.650000,536
2015-11-06T09:30:00+05:30,2526.650000,2535.000000,2526.650000,2530.000000,94
2015-11-06T09:45:00+05:30,2530.000000,2530.000000,2515.000000,2515.000000,91
2015-11-06T10:00:00+05:30,2515.000000,2515.000000,2500.000000,2503.000000,299
2015-11-06T10:15:00+05:30,2503.000000,2503.000000,2482.700000,2492.750000,632
2015-11-06T10:30:00+05:30,2492.750000,2498.900000,2484.000000,2492.950000,199
2015-11-06T10:45:00+05:30,2492.950000,2504.950000,2482.000000,2495.950000,179
2015-11-06T11:00:00+05:30,2495.950000,2500.000000,2486.900000,2488.200000,114
2015-11-06T11:15:00+05:30,2488.200000,2492.000000,2487.000000,2490.000000,43
2015-11-06T11:30:00+05:30,2490.000000,2500.000000,2490.000000,2490.000000,66
2015-11-06T11:45:00+05:30,2490.000000,2500.000000,2480.000000,2480.000000,168
2015-11-06T12:00:00+05:30,2480.000000,2486.700000,2480.000000,2486.700000,4
2015-11-06T12:15:00+05:30,2486.700000,2490.000000,2480.000000,2480.000000,59
2015-11-06T12:30:00+05:30,2480.000000,2489.000000,2480.000000,2485.550000,32
2015-11-06T12:45:00+05:30,2485.550000,2489.000000,2479.000000,2488.950000,388
2015-11-06T13:00:00+05:30,2488.950000,2488.950000,2483.000000,2487.950000,59
2015-11-06T13:15:00+05:30,2487.950000,2487.950000,2482.300000,2485.000000,26
2015-11-06T13:30:00+05:30,2485.000000,2488.000000,2482.350000,2482.350000,14
2015-11-06T13:45:00+05:30,2488.000000,2488.000000,2482.300000,2482.300000,30
2015-11-06T14:00:00+05:30,2482.300000,2482.300000,2477.000000,2481.700000,118
2015-11-06T14:15:00+05:30,2481.700000,2483.000000,2466.200000,2472.000000,464
2015-11-06T14:30:00+05:30,2472.000000,2475.000000,2465.000000,2474.750000,795
2015-11-06T14:45:00+05:30,2474.750000,2484.000000,2467.400000,2479.000000,1460
2015-11-06T15:00:00+05:30,2478.950000,2479.950000,2454.450000,2458.950000,1151
2015-11-06T15:15:00+05:30,2454.000000,2500.000000,2451.000000,2459.900000,3303
2015-11-09T09:15:00+05:30,2450.000000,2450.000000,2401.000000,2439.600000,710
2015-11-09T09:30:00+05:30,2439.600000,2452.500000,2439.000000,2452.500000,235
2015-11-09T09:45:00+05:30,2452.500000,2477.500000,2452.500000,2467.450000,555
2015-11-09T10:00:00+05:30,2467.450000,2469.400000,2440.000000,2462.050000,1117
2015-11-09T10:15:00+05:30,2463.950000,2525.000000,2460.000000,2497.600000,1349
2015-11-09T10:30:00+05:30,2497.600000,2505.000000,2480.000000,2483.700000,678
2015-11-09T10:45:00+05:30,2483.700000,2499.000000,2468.000000,2490.000000,322
2015-11-09T11:00:00+05:30,2490.000000,2490.000000,2480.050000,2481.250000,59
2015-11-09T11:15:00+05:30,2481.250000,2483.000000,2475.200000,2475.200000,133
2015-11-09T11:30:00+05:30,2475.200000,2480.000000,2462.600000,2464.950000,545
2015-11-09T11:45:00+05:30,2464.950000,2470.000000,2429.050000,2435.000000,1849
2015-11-09T12:00:00+05:30,2435.000000,2445.000000,2427.000000,2445.000000,901
2015-11-09T12:15:00+05:30,2445.000000,2448.900000,2439.000000,2441.950000,173
2015-11-09T12:30:00+05:30,2441.950000,2444.000000,2438.300000,2444.000000,34
2015-11-09T12:45:00+05:30,2444.000000,2444.000000,2430.000000,2436.200000,514
2015-11-09T13:00:00+05:30,2436.200000,2443.000000,2430.000000,2434.900000,596
2015-11-09T13:15:00+05:30,2435.000000,2439.950000,2431.000000,2439.500000,176
2015-11-09T13:30:00+05:30,2439.500000,2439.500000,2430.000000,2433.750000,1074
2015-11-09T13:45:00+05:30,2433.750000,2435.900000,2427.950000,2434.000000,75
2015-11-09T14:00:00+05:30,2434.000000,2434.000000,2426.400000,2430.000000,435
2015-11-09T14:15:00+05:30,2430.000000,2439.450000,2430.000000,2433.000000,440
2015-11-09T14:30:00+05:30,2433.000000,2439.000000,2433.000000,2439.000000,167
2015-11-09T14:45:00+05:30,2439.000000,2445.000000,2430.200000,2444.950000,722
2015-11-09T15:00:00+05:30,2444.950000,2459.950000,2434.600000,2453.950000,751
2015-11-09T15:15:00+05:30,2453.950000,2456.600000,2430.000000,2433.300000,2063
2015-11-10T09:15:00+05:30,2550.000000,2550.000000,2522.050000,2536.150000,14229
2015-11-10T09:30:00+05:30,2536.150000,2541.000000,2521.000000,2540.000000,3022
2015-11-10T09:45:00+05:30,2541.000000,2544.000000,2531.550000,2531.550000,2078
2015-11-10T10:00:00+05:30,2531.550000,2537.000000,2515.850000,2520.000000,1621
2015-11-10T10:15:00+05:30,2520.400000,2528.000000,2518.000000,2527.900000,1001
2015-11-10T10:30:00+05:30,2528.000000,2530.000000,2502.100000,2514.700000,1530
2015-11-10T10:45:00+05:30,2514.700000,2514.700000,2480.000000,2494.800000,2426
2015-11-10T11:00:00+05:30,2494.800000,2499.100000,2490.000000,2498.450000,942
2015-11-10T11:15:00+05:30,2498.450000,2500.000000,2495.000000,2497.800000,253
2015-11-10T11:30:00+05:30,2495.200000,2496.200000,2472.050000,2480.000000,1627
2015-11-10T11:45:00+05:30,2480.000000,2480.000000,2465.000000,2477.000000,2793
2015-11-10T12:00:00+05:30,2477.000000,2479.000000,2460.000000,2476.000000,1681
2015-11-10T12:15:00+05:30,2476.000000,2490.000000,2455.000000,2461.050000,1410
2015-11-10T12:30:00+05:30,2461.050000,2467.500000,2452.000000,2467.500000,1028
2015-11-10T12:45:00+05:30,2467.500000,2469.850000,2463.050000,2468.550000,357
2015-11-10T13:00:00+05:30,2468.550000,2480.000000,2466.450000,2472.150000,1991
2015-11-10T13:15:00+05:30,2472.150000,2478.650000,2472.050000,2476.000000,104
2015-11-10T13:30:00+05:30,2476.000000,2476.000000,2461.150000,2466.250000,190
2015-11-10T13:45:00+05:30,2466.250000,2477.000000,2459.200000,2464.700000,600
2015-11-10T14:00:00+05:30,2464.700000,2468.500000,2457.000000,2465.000000,347
2015-11-10T14:15:00+05:30,2465.000000,2470.400000,2464.850000,2465.750000,435
2015-11-10T14:30:00+05:30,2465.750000,2478.900000,2465.750000,2472.300000,1450
2015-11-10T14:45:00+05:30,2472.300000,2472.300000,2456.700000,2462.950000,2548
2015-11-10T15:00:00+05:30,2462.950000,2470.000000,2441.000000,2455.000000,3934
2015-11-10T15:15:00+05:30,2450.000000,2455.000000,2430.150000,2440.000000,4594
2015-11-11T17:30:00+05:30,2485.000000,2485.000000,2485.000000,2485.000000,0
2015-11-11T17:45:00+05:30,2485.000000,2485.000000,2455.450000,2475.000000,2236
2015-11-11T18:00:00+05:30,2475.000000,2480.000000,2470.000000,2470.000000,873
2015-11-11T18:15:00+05:30,2468.950000,2476.000000,2463.000000,2476.000000,544
2015-11-11T18:30:00+05:30,2476.000000,2487.000000,2475.050000,2481.000000,943
2015-11-11T18:45:00+05:30,2481.000000,2481.000000,2481.000000,2481.000000,0
2015-11-13T09:15:00+05:30,2469.950000,2469.950000,2436.000000,2452.950000,488
2015-11-13T09:30:00+05:30,2452.950000,2455.000000,2449.850000,2455.000000,156
2015-11-13T09:45:00+05:30,2455.000000,2456.000000,2453.000000,2456.000000,184
2015-11-13T10:00:00+05:30,2456.000000,2460.000000,2453.100000,2454.050000,476
2015-11-13T10:15:00+05:30,2454.050000,2457.700000,2454.000000,2457.350000,82
2015-11-13T10:30:00+05:30,2457.350000,2457.400000,2453.000000,2453.000000,207
2015-11-13T10:45:00+05:30,2453.000000,2453.000000,2450.000000,2450.000000,225
2015-11-13T11:00:00+05:30,2450.000000,2453.000000,2442.000000,2442.000000,236
2015-11-13T11:15:00+05:30,2442.000000,2446.100000,2440.050000,2440.450000,124
2015-11-13T11:30:00+05:30,2440.450000,2440.450000,2436.000000,2439.950000,522
2015-11-13T11:45:00+05:30,2439.950000,2440.000000,2421.100000,2428.900000,1290
2015-11-13T12:00:00+05:30,2428.900000,2438.950000,2428.050000,2436.350000,489
2015-11-13T12:15:00+05:30,2436.350000,2436.350000,2429.050000,2433.650000,277
2015-11-13T12:30:00+05:30,2433.650000,2439.900000,2412.250000,2429.450000,1150
2015-11-13T12:45:00+05:30,2429.450000,2429.850000,2422.950000,2427.250000,254
2015-11-13T13:00:00+05:30,2427.250000,2432.000000,2426.900000,2432.000000,167
2015-11-13T13:15:00+05:30,2432.000000,2433.400000,2418.700000,2418.700000,296
2015-11-13T13:30:00+05:30,2418.750000,2421.000000,2415.000000,2420.050000,335
2015-11-13T13:45:00+05:30,2420.050000,2436.550000,2420.000000,2436.550000,313
2015-11-13T14:00:00+05:30,2436.550000,2436.550000,2418.000000,2431.000000,592
2015-11-13T14:15:00+05:30,2431.000000,2437.850000,2427.550000,2437.800000,265
2015-11-13T14:30:00+05:30,2437.000000,2437.850000,2427.600000,2430.000000,446
2015-11-13T14:45:00+05:30,2430.000000,2441.850000,2427.550000,2440.850000,399
2015-11-13T15:00:00+05:30,2440.850000,2443.000000,2437.000000,2441.750000,587
2015-11-13T15:15:00+05:30,2442.900000,2448.700000,2426.000000,2437.000000,1923
2015-11-16T09:15:00+05:30,2375.000000,2437.000000,2370.300000,2423.750000,469
2015-11-16T09:30:00+05:30,2423.750000,2425.000000,2411.100000,2417.450000,299
2015-11-16T09:45:00+05:30,2413.000000,2417.450000,2413.000000,2413.050000,51
2015-11-16T10:00:00+05:30,2413.050000,2417.250000,2413.050000,2415.500000,39
2015-11-16T10:15:00+05:30,2415.500000,2418.500000,2414.050000,2417.950000,99
2015-11-16T10:30:00+05:30,2417.950000,2420.000000,2414.050000,2420.000000,437
2015-11-16T10:45:00+05:30,2420.000000,2422.650000,2415.100000,2421.150000,888
2015-11-16T11:00:00+05:30,2421.150000,2421.150000,2416.050000,2419.600000,185
2015-11-16T11:15:00+05:30,2416.100000,2418.700000,2412.000000,2414.950000,123
2015-11-16T11:30:00+05:30,2414.950000,2415.000000,2411.050000,2411.050000,150
2015-11-16T11:45:00+05:30,2411.050000,2414.750000,2410.050000,2410.100000,119
2015-11-16T12:00:00+05:30,2410.050000,2411.000000,2404.000000,2405.600000,1122
2015-11-16T12:15:00+05:30,2409.950000,2410.950000,2407.050000,2410.050000,62
2015-11-16T12:30:00+05:30,2410.050000,2411.500000,2408.000000,2411.500000,122
2015-11-16T12:45:00+05:30,2411.500000,2413.500000,2408.000000,2411.000000,175
2015-11-16T13:00:00+05:30,2411.000000,2413.500000,2411.000000,2411.300000,153
2015-11-16T13:15:00+05:30,2411.050000,2413.450000,2405.000000,2411.000000,214
2015-11-16T13:30:00+05:30,2411.000000,2412.000000,2411.000000,2412.000000,50
2015-11-16T13:45:00+05:30,2412.000000,2412.400000,2410.000000,2411.850000,33
2015-11-16T14:00:00+05:30,2411.850000,2417.350000,2410.100000,2417.350000,127
2015-11-16T14:15:00+05:30,2417.350000,2421.250000,2416.000000,2420.950000,241
2015-11-16T14:30:00+05:30,2420.950000,2420.950000,2417.000000,2419.300000,446
2015-11-16T14:45:00+05:30,2419.300000,2432.950000,2419.000000,2429.900000,694
2015-11-16T15:00:00+05:30,2429.900000,2432.500000,2415.400000,2416.850000,1036
2015-11-16T15:15:00+05:30,2416.850000,2424.900000,2390.000000,2410.000000,2312
2015-11-17T09:15:00+05:30,2411.200000,2420.000000,2388.000000,2415.000000,1358
2015-11-17T09:30:00+05:30,2415.000000,2415.000000,2390.500000,2407.000000,500
2015-11-17T09:45:00+05:30,2407.000000,2410.000000,2401.000000,2407.000000,381
2015-11-17T10:00:00+05:30,2407.000000,2407.000000,2386.000000,2394.000000,589
2015-11-17T10:15:00+05:30,2394.000000,2400.000000,2391.450000,2400.000000,184
2015-11-17T10:30:00+05:30,2400.000000,2400.000000,2389.050000,2390.000000,535
2015-11-17T10:45:00+05:30,2390.000000,2390.000000,2371.050000,2372.000000,1570
2015-11-17T11:00:00+05:30,2372.000000,2390.000000,2372.000000,2383.050000,1138
2015-11-17T11:15:00+05:30,2386.900000,2387.900000,2385.000000,2385.550000,165
2015-11-17T11:30:00+05:30,2384.100000,2385.500000,2380.000000,2384.950000,166
2015-11-17T11:45:00+05:30,2384.950000,2384.950000,2380.050000,2382.000000,95
2015-11-17T12:00:00+05:30,2382.000000,2387.900000,2382.000000,2384.050000,128
2015-11-17T12:15:00+05:30,2384.050000,2387.900000,2384.050000,2387.900000,136
2015-11-17T12:30:00+05:30,2387.900000,2387.900000,2382.000000,2386.600000,225
2015-11-17T12:45:00+05:30,2386.600000,2386.650000,2382.200000,2386.000000,100
2015-11-17T13:00:00+05:30,2386.000000,2386.500000,2385.000000,2386.000000,24
2015-11-17T13:15:00+05:30,2386.000000,2386.000000,2379.000000,2382.950000,648
2015-11-17T13:30:00+05:30,2382.950000,2389.900000,2382.950000,2383.000000,140
2015-11-17T13:45:00+05:30,2383.000000,2389.700000,2380.000000,2384.000000,252
2015-11-17T14:00:00+05:30,2384.000000,2384.000000,2378.000000,2383.900000,383
2015-11-17T14:15:00+05:30,2383.900000,2387.450000,2380.000000,2385.050000,430
2015-11-17T14:30:00+05:30,2385.050000,2398.400000,2383.200000,2397.500000,1454
2015-11-17T14:45:00+05:30,2394.950000,2398.000000,2386.650000,2392.000000,582
2015-11-17T15:00:00+05:30,2392.000000,2417.000000,2387.550000,2395.050000,1514
2015-11-17T15:15:00+05:30,2395.050000,2430.000000,2383.000000,2415.000000,2534
2015-11-18T09:15:00+05:30,2414.950000,2430.000000,2402.550000,2419.000000,684
2015-11-18T09:30:00+05:30,2419.000000,2430.000000,2410.950000,2417.550000,432
2015-11-18T09:45:00+05:30,2417.550000,2423.700000,2415.350000,2417.600000,155
2015-11-18T10:00:00+05:30,2417.600000,2422.500000,2410.000000,2412.000000,349
2015-11-18T10:15:00+05:30,2412.000000,2420.000000,2410.000000,2420.000000,529
2015-11-18T10:30:00+05:30,2422.950000,2422.950000,2415.000000,2415.000000,104
2015-11-18T10:45:00+05:30,2415.000000,2415.000000,2407.550000,2407.550000,120
2015-11-18T11:00:00+05:30,2407.550000,2412.950000,2407.550000,2410.250000,80
2015-11-18T11:15:00+05:30,2410.250000,2421.000000,2410.200000,2418.750000,457
2015-11-18T11:30:00+05:30,2418.750000,2418.750000,2410.100000,2410.100000,21
2015-11-18T11:45:00+05:30,2410.100000,2422.000000,2410.100000,2415.000000,22
2015-11-18T12:00:00+05:30,2415.000000,2415.000000,2415.000000,2415.000000,3
2015-11-18T12:15:00+05:30,2415.000000,2415.000000,2411.050000,2411.250000,144
2015-11-18T12:30:00+05:30,2411.250000,2414.900000,2408.750000,2408.750000,186
2015-11-18T12:45:00+05:30,2408.750000,2410.000000,2407.550000,2407.550000,35
2015-11-18T13:00:00+05:30,2406.250000,2406.250000,2400.000000,2400.050000,322
2015-11-18T13:15:00+05:30,2400.050000,2410.000000,2400.050000,2401.050000,217
2015-11-18T13:30:00+05:30,2401.050000,2409.000000,2395.000000,2395.400000,391
2015-11-18T13:45:00+05:30,2395.400000,2405.000000,2395.400000,2405.000000,18
2015-11-18T14:00:00+05:30,2405.000000,2407.000000,2401.950000,2401.950000,44
2015-11-18T14:15:00+05:30,2401.950000,2406.000000,2398.000000,2398.050000,192
2015-11-18T14:30:00+05:30,2398.050000,2405.000000,2385.000000,2387.950000,970
2015-11-18T14:45:00+05:30,2387.950000,2392.500000,2381.000000,2392.500000,677
2015-11-18T15:00:00+05:30,2392.500000,2395.000000,2385.000000,2392.950000,1047
2015-11-18T15:15:00+05:30,2392.950000,2398.950000,2380.000000,2380.000000,1748
2015-11-19T09:15:00+05:30,2398.050000,2419.750000,2390.400000,2406.950000,352
2015-11-19T09:30:00+05:30,2406.950000,2406.950000,2390.100000,2397.550000,236
2015-11-19T09:45:00+05:30,2397.550000,2399.950000,2394.000000,2398.450000,65
2015-11-19T10:00:00+05:30,2398.450000,2399.550000,2397.300000,2399.450000,74
2015-11-19T10:15:00+05:30,2398.950000,2418.000000,2397.000000,2409.900000,593
2015-11-19T10:30:00+05:30,2409.900000,2417.000000,2400.000000,2414.000000,516
2015-11-19T10:45:00+05:30,2414.000000,2417.850000,2404.950000,2415.050000,591
2015-11-19T11:00:00+05:30,2415.050000,2430.000000,2405.050000,2422.800000,675
2015-11-19T11:15:00+05:30,2422.800000,2422.800000,2413.800000,2416.850000,215
2015-11-19T11:30:00+05:30,2415.900000,2416.000000,2407.200000,2414.000000,288
2015-11-19T11:45:00+05:30,2414.000000,2414.000000,2406.050000,2412.000000,22
2015-11-19T12:00:00+05:30,2412.000000,2413.200000,2408.000000,2413.200000,23
2015-11-19T12:15:00+05:30,2413.900000,2413.900000,2406.750000,2410.800000,63
2015-11-19T12:30:00+05:30,2410.800000,2412.000000,2399.300000,2409.550000,144
2015-11-19T12:45:00+05:30,2409.550000,2409.900000,2404.850000,2409.900000,31
2015-11-19T13:00:00+05:30,2409.900000,2409.900000,2401.000000,2409.500000,34
2015-11-19T13:15:00+05:30,2409.500000,2409.500000,2391.900000,2396.500000,452
2015-11-19T13:30:00+05:30,2396.500000,2408.400000,2396.500000,2408.400000,94
2015-11-19T13:45:00+05:30,2408.400000,2409.000000,2404.000000,2407.000000,218
2015-11-19T14:00:00+05:30,2407.000000,2408.950000,2402.000000,2402.000000,149
2015-11-19T14:15:00+05:30,2402.000000,2408.950000,2402.000000,2408.950000,53
2015-11-19T14:30:00+05:30,2405.500000,2408.900000,2404.000000,2407.950000,304
2015-11-19T14:45:00+05:30,2407.950000,2419.500000,2405.050000,2414.500000,529
2015-11-19T15:00:00+05:30,2414.500000,2419.750000,2410.000000,2415.700000,927
2015-11-19T15:15:00+05:30,2415.700000,2469.000000,2408.500000,2451.000000,3151
2015-11-20T09:15:00+05:30,2445.000000,2445.000000,2407.550000,2419.000000,1026
2015-11-20T09:30:00+05:30,2419.000000,2419.700000,2415.150000,2419.700000,143
2015-11-20T09:45:00+05:30,2419.700000,2419.700000,2415.000000,2415.000000,77
2015-11-20T10:00:00+05:30,2418.750000,2418.800000,2414.000000,2418.000000,257
2015-11-20T10:15:00+05:30,2418.000000,2449.050000,2415.000000,2446.200000,21068
2015-11-20T10:30:00+05:30,2447.000000,2447.000000,2435.000000,2437.050000,458
2015-11-20T10:45:00+05:30,2437.050000,2448.000000,2437.050000,2447.000000,211
2015-11-20T11:00:00+05:30,2447.000000,2449.050000,2441.400000,2444.000000,356
2015-11-20T11:15:00+05:30,2444.000000,2444.700000,2433.050000,2438.700000,516
2015-11-20T11:30:00+05:30,2438.700000,2439.000000,2432.950000,2437.350000,79
2015-11-20T11:45:00+05:30,2437.350000,2437.400000,2420.750000,2428.000000,267
2015-11-20T12:00:00+05:30,2428.000000,2435.000000,2426.450000,2433.750000,305
2015-11-20T12:15:00+05:30,2433.750000,2433.850000,2420.600000,2420.600000,173
2015-11-20T12:30:00+05:30,2420.600000,2435.000000,2420.600000,2435.000000,52
2015-11-20T12:45:00+05:30,2435.000000,2439.000000,2427.500000,2432.150000,268
2015-11-20T13:00:00+05:30,2432.200000,2432.200000,2422.250000,2425.000000,340
2015-11-20T13:15:00+05:30,2425.000000,2425.000000,2416.250000,2425.000000,217
2015-11-20T13:30:00+05:30,2422.000000,2424.900000,2416.050000,2420.000000,175
2015-11-20T13:45:00+05:30,2420.000000,2425.000000,2420.000000,2424.900000,112
2015-11-20T14:00:00+05:30,2424.900000,2425.000000,2421.050000,2423.750000,67
2015-11-20T14:15:00+05:30,2421.050000,2425.000000,2421.050000,2424.950000,191
2015-11-20T14:30:00+05:30,2424.950000,2425.000000,2413.400000,2417.450000,597
2015-11-20T14:45:00+05:30,2417.450000,2418.950000,2412.000000,2413.100000,191
2015-11-20T15:00:00+05:30,2413.100000,2420.000000,2402.550000,2409.000000,1627
2015-11-20T15:15:00+05:30,2409.000000,2419.300000,2385.000000,2386.150000,6877
2015-11-23T09:15:00+05:30,2400.000000,2415.000000,2400.000000,2408.800000,1900
2015-11-23T09:30:00+05:30,2408.800000,2418.950000,2405.150000,2417.000000,989
2015-11-23T09:45:00+05:30,2417.000000,2420.000000,2414.950000,2415.050000,979
2015-11-23T10:00:00+05:30,2415.050000,2434.500000,2415.050000,2429.050000,2095
2015-11-23T10:15:00+05:30,2429.050000,2432.400000,2423.100000,2424.000000,357
2015-11-23T10:30:00+05:30,2424.000000,2428.850000,2422.200000,2427.000000,338
2015-11-23T10:45:00+05:30,2424.000000,2432.000000,2424.000000,2430.000000,234
2015-11-23T11:00:00+05:30,2430.000000,2434.850000,2429.500000,2430.050000,325
2015-11-23T11:15:00+05:30,2430.050000,2434.000000,2430.050000,2430.250000,68
2015-11-23T11:30:00+05:30,2430.250000,2430.300000,2430.050000,2430.050000,195
2015-11-23T11:45:00+05:30,2430.000000,2448.000000,2430.000000,2444.000000,1388
2015-11-23T12:00:00+05:30,2444.000000,2447.000000,2434.800000,2438.000000,437
2015-11-23T12:15:00+05:30,2438.000000,2442.700000,2435.000000,2436.000000,317
2015-11-23T12:30:00+05:30,2436.000000,2444.000000,2435.000000,2438.000000,292
2015-11-23T12:45:00+05:30,2438.000000,2442.000000,2434.000000,2434.000000,252
2015-11-23T13:00:00+05:30,2434.000000,2436.000000,2433.000000,2436.000000,358
2015-11-23T13:15:00+05:30,2436.000000,2436.000000,2433.000000,2433.000000,204
2015-11-23T13:30:00+05:30,2433.000000,2435.500000,2433.000000,2433.300000,11
2015-11-23T13:45:00+05:30,2433.300000,2434.000000,2432.600000,2432.600000,181
2015-11-23T14:00:00+05:30,2432.600000,2433.000000,2431.200000,2431.250000,56
2015-11-23T14:15:00+05:30,2431.250000,2433.000000,2431.200000,2431.200000,80
2015-11-23T14:30:00+05:30,2431.200000,2434.000000,2431.000000,2434.000000,514
2015-11-23T14:45:00+05:30,2434.000000,2446.900000,2431.050000,2437.950000,764
2015-11-23T15:00:00+05:30,2437.950000,2437.950000,2432.500000,2436.900000,1146
2015-11-23T15:15:00+05:30,2436.900000,2456.000000,2432.700000,2445.500000,2686
2015-11-24T09:15:00+05:30,2550.000000,2645.000000,2550.000000,2631.000000,61906
2015-11-24T09:30:00+05:30,2625.050000,2630.000000,2560.000000,2565.000000,32160
2015-11-24T09:45:00+05:30,2566.200000,2580.000000,2563.950000,2575.950000,7164
2015-11-24T10:00:00+05:30,2575.950000,2576.000000,2565.000000,2566.150000,3009
2015-11-24T10:15:00+05:30,2566.150000,2569.000000,2550.050000,2553.000000,6790
2015-11-24T10:30:00+05:30,2553.000000,2553.000000,2545.250000,2547.700000,4844
2015-11-24T10:45:00+05:30,2547.700000,2551.000000,2531.100000,2548.450000,8072
2015-11-24T11:00:00+05:30,2546.500000,2549.900000,2542.100000,2548.000000,2347
2015-11-24T11:15:00+05:30,2548.000000,2554.150000,2544.200000,2545.000000,2576
2015-11-24T11:30:00+05:30,2545.000000,2548.000000,2526.100000,2527.050000,6031
2015-11-24T11:45:00+05:30,2527.050000,2530.900000,2516.350000,2524.000000,9918
2015-11-24T12:00:00+05:30,2524.000000,2529.950000,2504.500000,2525.000000,5465
2015-11-24T12:15:00+05:30,2525.000000,2526.000000,2515.100000,2524.850000,3361
2015-11-24T12:30:00+05:30,2525.000000,2530.000000,2521.350000,2524.950000,2417
2015-11-24T12:45:00+05:30,2524.950000,2527.900000,2524.000000,2525.000000,2550
2015-11-24T13:00:00+05:30,2525.000000,2525.950000,2516.050000,2522.050000,2483
2015-11-24T13:15:00+05:30,2522.050000,2524.000000,2506.100000,2515.050000,3168
2015-11-24T13:30:00+05:30,2515.050000,2518.000000,2509.000000,2509.000000,1679
2015-11-24T13:45:00+05:30,2509.000000,2513.950000,2507.500000,2509.950000,1560
2015-11-24T14:00:00+05:30,2509.800000,2513.500000,2492.250000,2497.100000,5858
2015-11-24T14:15:00+05:30,2497.100000,2517.450000,2494.000000,2513.950000,6109
2015-11-24T14:30:00+05:30,2513.950000,2514.700000,2496.200000,2512.450000,4397
2015-11-24T14:45:00+05:30,2512.450000,2512.450000,2503.800000,2507.000000,4316
2015-11-24T15:00:00+05:30,2507.000000,2509.700000,2500.100000,2502.500000,5054
2015-11-24T15:15:00+05:30,2502.500000,2507.650000,2490.500000,2504.000000,12258
2015-11-26T09:15:00+05:30,2525.150000,2530.000000,2501.500000,2510.000000,6532
2015-11-26T09:30:00+05:30,2510.000000,2523.150000,2508.000000,2519.000000,1287
2015-11-26T09:45:00+05:30,2519.000000,2519.000000,2512.050000,2515.000000,442
2015-11-26T10:00:00+05:30,2513.100000,2520.000000,2510.050000,2513.600000,959
2015-11-26T10:15:00+05:30,2513.600000,2518.900000,2511.250000,2518.000000,416
2015-11-26T10:30:00+05:30,2518.000000,2523.000000,2514.050000,2523.000000,646
2015-11-26T10:45:00+05:30,2523.000000,2525.000000,2520.050000,2522.050000,977
2015-11-26T11:00:00+05:30,2522.100000,2523.950000,2517.000000,2520.000000,227
2015-11-26T11:15:00+05:30,2520.000000,2520.000000,2515.050000,2516.150000,191
2015-11-26T11:30:00+05:30,2516.150000,2520.300000,2511.100000,2511.150000,588
2015-11-26T11:45:00+05:30,2516.000000,2517.000000,2512.150000,2517.000000,621
2015-11-26T12:00:00+05:30,2520.000000,2523.000000,2513.500000,2515.100000,899
2015-11-26T12:15:00+05:30,2515.100000,2518.500000,2512.150000,2515.900000,366
2015-11-26T12:30:00+05:30,2515.900000,2517.850000,2513.550000,2517.700000,60
2015-11-26T12:45:00+05:30,2517.700000,2523.300000,2515.500000,2516.500000,842
2015-11-26T13:00:00+05:30,2516.500000,2521.500000,2515.600000,2520.050000,341
2015-11-26T13:15:00+05:30,2520.050000,2524.900000,2520.000000,2520.050000,195
2015-11-26T13:30:00+05:30,2520.050000,2522.000000,2520.000000,2520.050000,212
2015-11-26T13:45:00+05:30,2521.000000,2523.900000,2520.000000,2523.900000,524
2015-11-26T14:00:00+05:30,2523.900000,2524.000000,2522.000000,2522.000000,138
2015-11-26T14:15:00+05:30,2522.000000,2524.500000,2519.950000,2519.950000,804
2015-11-26T14:30:00+05:30,2519.950000,2519.950000,2515.000000,2515.600000,466
2015-11-26T14:45:00+05:30,2515.600000,2520.000000,2512.000000,2515.350000,554
2015-11-26T15:00:00+05:30,2515.350000,2518.950000,2511.050000,2511.050000,495
2015-11-26T15:15:00+05:30,2511.050000,2521.000000,2506.000000,2519.000000,2584
2015-11-27T09:15:00+05:30,2525.000000,2525.000000,2513.000000,2513.000000,477
2015-11-27T09:30:00+05:30,2516.000000,2519.350000,2513.000000,2519.000000,444
2015-11-27T09:45:00+05:30,2519.000000,2523.000000,2516.000000,2518.950000,277
2015-11-27T10:00:00+05:30,2516.050000,2519.000000,2514.000000,2518.350000,306
2015-11-27T10:15:00+05:30,2518.350000,2518.950000,2515.000000,2517.000000,343
2015-11-27T10:30:00+05:30,2517.000000,2521.900000,2513.000000,2519.050000,250
2015-11-27T10:45:00+05:30,2519.050000,2524.850000,2513.000000,2513.000000,559
2015-11-27T11:00:00+05:30,2513.000000,2518.050000,2513.000000,2513.050000,174
2015-11-27T11:15:00+05:30,2513.000000,2519.900000,2513.000000,2516.000000,276
2015-11-27T11:30:00+05:30,2514.250000,2518.000000,2510.000000,2510.000000,332
2015-11-27T11:45:00+05:30,2509.000000,2509.000000,2488.850000,2490.000000,995
2015-11-27T12:00:00+05:30,2489.000000,2489.000000,2467.000000,2484.950000,1136
2015-11-27T12:15:00+05:30,2484.950000,2495.000000,2482.500000,2486.200000,399
2015-11-27T12:30:00+05:30,2486.200000,2489.900000,2481.050000,2485.000000,115
2015-11-27T12:45:00+05:30,2485.000000,2490.000000,2480.000000,2482.500000,215
2015-11-27T13:00:00+05:30,2482.500000,2482.500000,2478.300000,2481.950000,72
2015-11-27T13:15:00+05:30,2481.950000,2489.450000,2480.100000,2481.050000,132
2015-11-27T13:30:00+05:30,2481.050000,2484.750000,2480.100000,2482.000000,75
2015-11-27T13:45:00+05:30,2482.000000,2484.250000,2470.050000,2482.300000,290
2015-11-27T14:00:00+05:30,2482.300000,2485.000000,2482.300000,2485.000000,35
2015-11-27T14:15:00+05:30,2485.000000,2488.000000,2473.000000,2487.900000,363
2015-11-27T14:30:00+05:30,2487.900000,2487.900000,2480.000000,2483.950000,406
2015-11-27T14:45:00+05:30,2483.950000,2484.000000,2475.950000,2484.000000,426
2015-11-27T15:00:00+05:30,2484.000000,2497.500000,2480.050000,2489.800000,1749
2015-11-27T15:15:00+05:30,2489.800000,2489.800000,2469.950000,2474.950000,3805
2015-11-30T09:15:00+05:30,2499.950000,2499.950000,2466.000000,2474.450000,309
2015-11-30T09:30:00+05:30,2474.950000,2485.000000,2470.050000,2475.350000,749
2015-11-30T09:45:00+05:30,2475.350000,2480.000000,2475.350000,2479.900000,273
2015-11-30T10:00:00+05:30,2479.900000,2486.000000,2476.050000,2482.750000,641
2015-11-30T10:15:00+05:30,2482.750000,2484.950000,2478.000000,2483.800000,126
2015-11-30T10:30:00+05:30,2483.800000,2483.850000,2480.000000,2483.800000,453
2015-11-30T10:45:00+05:30,2483.850000,2485.000000,2478.000000,2485.000000,558
2015-11-30T11:00:00+05:30,2476.000000,2495.000000,2476.000000,2494.000000,488
2015-11-30T11:15:00+05:30,2496.150000,2500.000000,2479.050000,2500.000000,628
2015-11-30T11:30:00+05:30,2500.000000,2523.800000,2495.000000,2520.000000,2919
2015-11-30T11:45:00+05:30,2520.000000,2523.650000,2517.000000,2521.000000,989
2015-11-30T12:00:00+05:30,2521.000000,2525.000000,2516.000000,2517.000000,1138
2015-11-30T12:15:00+05:30,2517.000000,2518.000000,2511.100000,2515.000000,420
2015-11-30T12:30:00+05:30,2515.000000,2519.900000,2511.000000,2511.000000,319
2015-11-30T12:45:00+05:30,2511.000000,2515.800000,2504.500000,2505.000000,171
2015-11-30T13:00:00+05:30,2505.000000,2512.000000,2504.000000,2504.000000,609
2015-11-30T13:15:00+05:30,2504.000000,2509.900000,2503.000000,2507.600000,138
2015-11-30T13:30:00+05:30,2507.600000,2507.900000,2502.000000,2507.000000,36
2015-11-30T13:45:00+05:30,2503.350000,2507.550000,2503.000000,2503.000000,55
2015-11-30T14:00:00+05:30,2503.000000,2508.750000,2501.000000,2508.000000,259
2015-11-30T14:15:00+05:30,2506.900000,2507.000000,2503.800000,2506.800000,21
2015-11-30T14:30:00+05:30,2506.800000,2506.800000,2492.700000,2505.000000,383
2015-11-30T14:45:00+05:30,2505.000000,2509.900000,2500.050000,2504.100000,418
2015-11-30T15:00:00+05:30,2509.050000,2509.050000,2474.200000,2474.200000,3114
2015-11-30T15:15:00+05:30,2474.000000,2474.000000,2450.000000,2455.000000,4389
2015-12-01T09:15:00+05:30,2480.000000,2494.900000,2470.050000,2478.750000,631
2015-12-01T09:30:00+05:30,2478.750000,2510.000000,2475.000000,2502.300000,2444
2015-12-01T09:45:00+05:30,2502.300000,2510.000000,2502.300000,2505.050000,755
2015-12-01T10:00:00+05:30,2505.050000,2505.050000,2502.500000,2503.700000,389
2015-12-01T10:15:00+05:30,2504.000000,2504.000000,2502.500000,2502.500000,120
2015-12-01T10:30:00+05:30,2502.500000,2502.500000,2491.000000,2495.000000,1029
2015-12-01T10:45:00+05:30,2495.000000,2495.000000,2487.000000,2487.000000,197
2015-12-01T11:00:00+05:30,2487.000000,2490.000000,2480.950000,2482.000000,332
2015-12-01T11:15:00+05:30,2482.000000,2493.850000,2482.000000,2490.000000,143
2015-12-01T11:30:00+05:30,2490.000000,2495.000000,2484.000000,2495.000000,192
2015-12-01T11:45:00+05:30,2490.150000,2491.000000,2483.750000,2485.000000,148
2015-12-01T12:00:00+05:30,2485.000000,2489.000000,2484.900000,2484.900000,105
2015-12-01T12:15:00+05:30,2484.900000,2484.900000,2480.050000,2484.500000,142
2015-12-01T12:30:00+05:30,2484.500000,2484.950000,2480.050000,2484.900000,202
2015-12-01T12:45:00+05:30,2484.900000,2484.900000,2480.050000,2480.050000,126
2015-12-01T13:00:00+05:30,2480.050000,2483.300000,2474.100000,2475.000000,301
2015-12-01T13:15:00+05:30,2475.000000,2475.000000,2472.000000,2472.000000,74
2015-12-01T13:30:00+05:30,2472.000000,2475.000000,2465.100000,2468.000000,510
2015-12-01T13:45:00+05:30,2468.000000,2480.000000,2468.000000,2474.900000,280
2015-12-01T14:00:00+05:30,2474.900000,2480.050000,2474.900000,2475.050000,228
2015-12-01T14:15:00+05:30,2475.050000,2480.000000,2475.000000,2479.950000,209
2015-12-01T14:30:00+05:30,2479.950000,2479.950000,2477.000000,2479.950000,82
2015-12-01T14:45:00+05:30,2479.950000,2480.000000,2474.000000,2474.000000,274
2015-12-01T15:00:00+05:30,2474.000000,2475.000000,2467.900000,2470.000000,525
2015-12-01T15:15:00+05:30,2470.000000,2483.750000,2467.050000,2475.000000,1737
2015-12-02T09:15:00+05:30,2496.000000,2496.000000,2470.050000,2480.000000,584
2015-12-02T09:30:00+05:30,2480.000000,2500.000000,2470.000000,2484.950000,1112
2015-12-02T09:45:00+05:30,2484.950000,2493.050000,2480.050000,2483.150000,1525
2015-12-02T10:00:00+05:30,2483.150000,2495.000000,2483.150000,2488.750000,435
2015-12-02T10:15:00+05:30,2488.750000,2488.750000,2483.300000,2484.000000,228
2015-12-02T10:30:00+05:30,2484.000000,2487.900000,2475.050000,2476.000000,390
2015-12-02T10:45:00+05:30,2476.000000,2480.000000,2476.000000,2478.000000,602
2015-12-02T11:00:00+05:30,2478.000000,2480.000000,2475.050000,2479.900000,256
2015-12-02T11:15:00+05:30,2479.900000,2480.000000,2477.450000,2480.000000,204
2015-12-02T11:30:00+05:30,2480.000000,2480.000000,2479.950000,2479.950000,87
2015-12-02T11:45:00+05:30,2479.950000,2488.000000,2479.950000,2480.000000,98
2015-12-02T12:00:00+05:30,2480.000000,2481.200000,2475.050000,2481.200000,102
2015-12-02T12:15:00+05:30,2477.500000,2482.500000,2475.150000,2480.000000,428
2015-12-02T12:30:00+05:30,2480.000000,2480.000000,2475.500000,2477.000000,13
2015-12-02T12:45:00+05:30,2477.000000,2482.000000,2476.050000,2479.000000,147
2015-12-02T13:00:00+05:30,2479.000000,2485.000000,2476.500000,2484.950000,402
2015-12-02T13:15:00+05:30,2484.950000,2484.950000,2478.750000,2478.750000,15
2015-12-02T13:30:00+05:30,2476.500000,2481.250000,2476.500000,2481.250000,90
2015-12-02T13:45:00+05:30,2481.250000,2482.000000,2478.750000,2478.750000,103
2015-12-02T14:00:00+05:30,2478.750000,2482.000000,2478.750000,2482.000000,137
2015-12-02T14:15:00+05:30,2482.000000,2482.000000,2476.600000,2481.400000,124
2015-12-02T14:30:00+05:30,2481.400000,2482.000000,2476.100000,2482.000000,145
2015-12-02T14:45:00+05:30,2482.000000,2483.000000,2476.100000,2483.000000,411
2015-12-02T15:00:00+05:30,2483.000000,2485.000000,2477.500000,2481.250000,562
2015-12-02T15:15:00+05:30,2481.250000,2499.900000,2476.500000,2490.000000,2674
2015-12-03T09:15:00+05:30,2489.900000,2489.900000,2470.000000,2484.050000,315
2015-12-03T09:30:00+05:30,2484.050000,2488.150000,2472.050000,2475.000000,267
2015-12-03T09:45:00+05:30,2475.000000,2476.200000,2472.000000,2475.950000,159
2015-12-03T10:00:00+05:30,2475.950000,2477.450000,2472.300000,2476.950000,385
2015-12-03T10:15:00+05:30,2476.950000,2476.950000,2471.000000,2472.500000,175
2015-12-03T10:30:00+05:30,2472.500000,2480.000000,2451.050000,2462.350000,1235
2015-12-03T10:45:00+05:30,2462.000000,2474.800000,2462.000000,2472.000000,746
2015-12-03T11:00:00+05:30,2472.000000,2472.000000,2465.100000,2466.000000,101
2015-12-03T11:15:00+05:30,2466.000000,2469.000000,2465.100000,2469.000000,184
2015-12-03T11:30:00+05:30,2469.000000,2473.950000,2469.000000,2470.000000,115
2015-12-03T11:45:00+05:30,2470.000000,2470.000000,2460.000000,2462.000000,191
2015-12-03T12:00:00+05:30,2462.000000,2464.950000,2458.400000,2464.950000,114
2015-12-03T12:15:00+05:30,2464.850000,2464.850000,2456.500000,2456.500000,157
2015-12-03T12:30:00+05:30,2456.500000,2464.900000,2452.050000,2456.000000,362
2015-12-03T12:45:00+05:30,2456.000000,2463.450000,2456.000000,2457.550000,57
2015-12-03T13:00:00+05:30,2460.000000,2464.900000,2460.000000,2463.950000,145
2015-12-03T13:15:00+05:30,2463.950000,2465.000000,2463.950000,2464.000000,25
2015-12-03T13:30:00+05:30,2464.000000,2464.000000,2456.600000,2462.250000,156
2015-12-03T13:45:00+05:30,2462.250000,2464.000000,2458.150000,2464.000000,36
2015-12-03T14:00:00+05:30,2464.000000,2464.000000,2452.750000,2458.300000,861
2015-12-03T14:15:00+05:30,2458.300000,2461.000000,2456.850000,2461.000000,42
2015-12-03T14:30:00+05:30,2461.000000,2463.650000,2456.500000,2463.550000,90
2015-12-03T14:45:00+05:30,2463.550000,2468.650000,2455.300000,2468.650000,311
2015-12-03T15:00:00+05:30,2468.650000,2468.650000,2455.000000,2457.050000,649
2015-12-03T15:15:00+05:30,2459.800000,2463.700000,2444.000000,2444.000000,2639
2015-12-04T09:15:00+05:30,2444.000000,2445.000000,2426.100000,2435.950000,1026
2015-12-04T09:30:00+05:30,2435.950000,2438.500000,2428.000000,2438.000000,498
2015-12-04T09:45:00+05:30,2438.000000,2438.500000,2428.800000,2435.000000,250
2015-12-04T10:00:00+05:30,2435.000000,2438.500000,2433.750000,2436.150000,127
2015-12-04T10:15:00+05:30,2436.150000,2443.700000,2436.150000,2440.200000,436
2015-12-04T10:30:00+05:30,2440.200000,2443.700000,2435.000000,2443.000000,355
2015-12-04T10:45:00+05:30,2443.000000,2443.000000,2431.500000,2432.250000,51
2015-12-04T11:00:00+05:30,2432.250000,2440.050000,2431.000000,2440.000000,645
2015-12-04T11:15:00+05:30,2440.000000,2440.000000,2435.000000,2439.900000,54
2015-12-04T11:30:00+05:30,2439.900000,2440.000000,2439.900000,2440.000000,115
2015-12-04T11:45:00+05:30,2440.000000,2443.850000,2431.000000,2439.400000,203
2015-12-04T12:00:00+05:30,2439.400000,2439.400000,2432.250000,2434.950000,35
2015-12-04T12:15:00+05:30,2434.950000,2437.900000,2434.950000,2437.900000,24
2015-12-04T12:30:00+05:30,2437.900000,2439.900000,2435.050000,2435.050000,44
2015-12-04T12:45:00+05:30,2434.550000,2440.900000,2434.550000,2436.500000,191
2015-12-04T13:00:00+05:30,2436.500000,2440.000000,2434.500000,2437.000000,55
2015-12-04T13:15:00+05:30,2437.000000,2437.000000,2432.550000,2435.500000,22
2015-12-04T13:30:00+05:30,2435.500000,2439.900000,2432.500000,2439.900000,145
2015-12-04T13:45:00+05:30,2439.900000,2439.900000,2437.800000,2437.800000,46
2015-12-04T14:00:00+05:30,2437.800000,2438.000000,2431.500000,2432.000000,209
2015-12-04T14:15:00+05:30,2432.000000,2438.300000,2432.000000,2438.300000,118
2015-12-04T14:30:00+05:30,2438.300000,2438.300000,2432.500000,2437.950000,123
2015-12-04T14:45:00+05:30,2437.950000,2498.000000,2432.000000,2489.000000,1978
2015-12-04T15:00:00+05:30,2461.250000,2524.300000,2461.250000,2519.950000,6948
2015-12-04T15:15:00+05:30,2519.950000,2548.000000,2511.500000,2515.000000,8765
2015-12-07T09:15:00+05:30,2533.550000,2542.650000,2510.500000,2515.200000,1362
2015-12-07T09:30:00+05:30,2515.200000,2524.000000,2504.100000,2519.550000,498
2015-12-07T09:45:00+05:30,2520.000000,2522.650000,2515.200000,2518.000000,258
2015-12-07T10:00:00+05:30,2518.000000,2521.850000,2508.000000,2510.000000,380
2015-12-07T10:15:00+05:30,2510.750000,2516.000000,2508.000000,2508.000000,349
2015-12-07T10:30:00+05:30,2505.350000,2508.000000,2499.450000,2499.450000,409
2015-12-07T10:45:00+05:30,2496.000000,2502.000000,2490.100000,2496.950000,665
2015-12-07T11:00:00+05:30,2496.950000,2505.000000,2496.950000,2505.000000,220
2015-12-07T11:15:00+05:30,2505.000000,2510.000000,2505.000000,2505.450000,104
2015-12-07T11:30:00+05:30,2505.450000,2508.000000,2499.950000,2505.000000,94
2015-12-07T11:45:00+05:30,2505.000000,2505.000000,2500.000000,2503.500000,106
2015-12-07T12:00:00+05:30,2503.500000,2504.950000,2495.900000,2495.900000,110
2015-12-07T12:15:00+05:30,2495.900000,2499.850000,2495.000000,2499.000000,52
2015-12-07T12:30:00+05:30,2499.000000,2499.000000,2496.500000,2496.550000,121
2015-12-07T12:45:00+05:30,2496.550000,2498.900000,2495.000000,2495.000000,125
2015-12-07T13:00:00+05:30,2494.000000,2496.450000,2490.100000,2490.150000,292
2015-12-07T13:15:00+05:30,2490.150000,2494.000000,2490.150000,2491.300000,106
2015-12-07T13:30:00+05:30,2491.300000,2498.000000,2491.250000,2496.000000,67
2015-12-07T13:45:00+05:30,2496.000000,2498.000000,2492.050000,2493.100000,40
2015-12-07T14:00:00+05:30,2493.050000,2497.250000,2490.000000,2490.050000,687
2015-12-07T14:15:00+05:30,2490.050000,2493.000000,2475.200000,2485.000000,826
2015-12-07T14:30:00+05:30,2485.000000,2492.000000,2477.750000,2483.000000,373
2015-12-07T14:45:00+05:30,2483.000000,2488.150000,2475.150000,2480.950000,1103
2015-12-07T15:00:00+05:30,2480.950000,2488.000000,2475.550000,2483.000000,745
2015-12-07T15:15:00+05:30,2483.000000,2483.000000,2464.950000,2475.000000,3440
2015-12-08T09:15:00+05:30,2484.950000,2484.950000,2461.100000,2472.000000,618
2015-12-08T09:30:00+05:30,2472.000000,2472.000000,2462.300000,2470.150000,429
2015-12-08T09:45:00+05:30,2470.150000,2474.800000,2465.000000,2467.000000,347
2015-12-08T10:00:00+05:30,2467.000000,2489.100000,2467.000000,2476.950000,904
2015-12-08T10:15:00+05:30,2476.950000,2484.000000,2471.050000,2481.950000,781
2015-12-08T10:30:00+05:30,2481.250000,2485.000000,2478.050000,2482.900000,380
2015-12-08T10:45:00+05:30,2482.900000,2486.950000,2482.900000,2483.100000,73
2015-12-08T11:00:00+05:30,2483.100000,2488.700000,2483.050000,2488.700000,186
2015-12-08T11:15:00+05:30,2488.700000,2495.000000,2485.100000,2495.000000,279
2015-12-08T11:30:00+05:30,2495.000000,2495.000000,2486.000000,2486.000000,111
2015-12-08T11:45:00+05:30,2486.000000,2490.000000,2485.550000,2485.650000,384
2015-12-08T12:00:00+05:30,2488.900000,2494.950000,2485.000000,2489.000000,284
2015-12-08T12:15:00+05:30,2489.000000,2489.000000,2486.500000,2486.500000,1964
2015-12-08T12:30:00+05:30,2486.500000,2488.000000,2480.000000,2480.000000,31
2015-12-08T12:45:00+05:30,2480.000000,2485.000000,2480.000000,2482.000000,80
2015-12-08T13:00:00+05:30,2482.000000,2486.600000,2481.000000,2484.300000,71
2015-12-08T13:15:00+05:30,2484.300000,2484.300000,2480.000000,2484.000000,31
2015-12-08T13:30:00+05:30,2484.000000,2484.000000,2479.000000,2480.000000,17
2015-12-08T13:45:00+05:30,2480.000000,2482.900000,2475.800000,2475.800000,54
2015-12-08T14:00:00+05:30,2476.000000,2493.000000,2476.000000,2480.900000,186
2015-12-08T14:15:00+05:30,2480.900000,2482.100000,2479.950000,2482.100000,39
2015-12-08T14:30:00+05:30,2482.100000,2489.000000,2480.000000,2488.000000,464
2015-12-08T14:45:00+05:30,2488.000000,2488.000000,2476.100000,2476.100000,272
2015-12-08T15:00:00+05:30,2476.100000,2480.000000,2450.500000,2458.750000,856
2015-12-08T15:15:00+05:30,2458.750000,2480.000000,2458.750000,2461.200000,1023
2015-12-09T09:15:00+05:30,2467.050000,2475.000000,2455.000000,2462.600000,406
2015-12-09T09:30:00+05:30,2462.600000,2467.000000,2450.000000,2467.000000,169
2015-12-09T09:45:00+05:30,2467.000000,2467.000000,2453.750000,2460.000000,253
2015-12-09T10:00:00+05:30,2460.000000,2460.000000,2454.000000,2454.000000,115
2015-12-09T10:15:00+05:30,2454.000000,2458.000000,2450.000000,2451.000000,157
2015-12-09T10:30:00+05:30,2453.350000,2453.350000,2437.500000,2437.500000,431
2015-12-09T10:45:00+05:30,2437.500000,2441.900000,2432.000000,2435.000000,397
2015-12-09T11:00:00+05:30,2435.000000,2438.600000,2426.000000,2435.000000,1033
2015-12-09T11:15:00+05:30,2435.000000,2438.650000,2430.000000,2433.000000,60
2015-12-09T11:30:00+05:30,2433.000000,2439.950000,2432.100000,2432.100000,57
2015-12-09T11:45:00+05:30,2432.100000,2433.700000,2427.950000,2428.000000,191
2015-12-09T12:00:00+05:30,2428.000000,2430.000000,2425.000000,2425.000000,406
2015-12-09T12:15:00+05:30,2425.000000,2425.000000,2411.000000,2415.100000,753
2015-12-09T12:30:00+05:30,2422.450000,2424.500000,2417.350000,2420.050000,56
2015-12-09T12:45:00+05:30,2420.050000,2425.000000,2415.000000,2420.000000,460
2015-12-09T13:00:00+05:30,2420.000000,2425.000000,2420.000000,2420.000000,241
2015-12-09T13:15:00+05:30,2420.000000,2425.000000,2420.000000,2424.950000,149
2015-12-09T13:30:00+05:30,2424.950000,2424.950000,2421.050000,2424.000000,18
2015-12-09T13:45:00+05:30,2424.000000,2424.950000,2418.000000,2423.050000,57
2015-12-09T14:00:00+05:30,2423.050000,2423.050000,2415.050000,2415.050000,59
2015-12-09T14:15:00+05:30,2415.050000,2423.100000,2414.000000,2415.400000,1240
2015-12-09T14:30:00+05:30,2415.400000,2416.250000,2406.000000,2410.950000,1501
2015-12-09T14:45:00+05:30,2410.950000,2410.950000,2390.400000,2397.000000,2454
2015-12-09T15:00:00+05:30,2397.000000,2405.000000,2391.500000,2400.050000,979
2015-12-09T15:15:00+05:30,2400.050000,2459.000000,2400.050000,2421.000000,2243
2015-12-10T09:15:00+05:30,2443.950000,2443.950000,2420.000000,2427.050000,182
2015-12-10T09:30:00+05:30,2427.050000,2429.950000,2400.000000,2400.050000,513
2015-12-10T09:45:00+05:30,2400.050000,2401.500000,2398.000000,2398.000000,154
2015-12-10T10:00:00+05:30,2398.000000,2399.950000,2387.350000,2387.350000,905
2015-12-10T10:15:00+05:30,2387.350000,2395.450000,2385.000000,2390.000000,1095
2015-12-10T10:30:00+05:30,2390.000000,2390.000000,2380.300000,2385.000000,665
2015-12-10T10:45:00+05:30,2385.000000,2389.900000,2381.150000,2389.900000,155
2015-12-10T11:00:00+05:30,2389.900000,2389.900000,2385.250000,2389.000000,441
2015-12-10T11:15:00+05:30,2389.000000,2389.000000,2376.000000,2384.550000,524
2015-12-10T11:30:00+05:30,2384.550000,2385.000000,2384.550000,2385.000000,244
2015-12-10T11:45:00+05:30,2385.000000,2395.450000,2384.000000,2385.000000,549
2015-12-10T12:00:00+05:30,2385.000000,2385.000000,2378.750000,2378.750000,240
2015-12-10T12:15:00+05:30,2378.750000,2382.450000,2376.000000,2382.450000,72
2015-12-10T12:30:00+05:30,2382.450000,2390.000000,2378.000000,2387.000000,223
2015-12-10T12:45:00+05:30,2387.000000,2397.650000,2387.000000,2387.050000,210
2015-12-10T13:00:00+05:30,2387.050000,2390.000000,2361.000000,2382.850000,1523
2015-12-10T13:15:00+05:30,2382.850000,2388.750000,2379.950000,2380.000000,171
2015-12-10T13:30:00+05:30,2380.000000,2388.000000,2380.000000,2388.000000,89
2015-12-10T13:45:00+05:30,2388.000000,2399.000000,2382.550000,2399.000000,757
2015-12-10T14:00:00+05:30,2399.000000,2399.000000,2387.600000,2390.000000,136
2015-12-10T14:15:00+05:30,2390.000000,2393.000000,2386.000000,2390.050000,136
2015-12-10T14:30:00+05:30,2390.050000,2390.050000,2388.000000,2388.000000,88
2015-12-10T14:45:00+05:30,2391.200000,2396.200000,2385.100000,2392.950000,294
2015-12-10T15:00:00+05:30,2390.000000,2420.000000,2389.900000,2401.350000,1297
2015-12-10T15:15:00+05:30,2401.350000,2435.000000,2401.350000,2417.000000,2215
2015-12-11T09:15:00+05:30,2415.000000,2430.000000,2400.700000,2415.900000,325
2015-12-11T09:30:00+05:30,2415.900000,2427.000000,2415.050000,2424.950000,376
2015-12-11T09:45:00+05:30,2424.950000,2425.950000,2420.000000,2423.800000,117
2015-12-11T10:00:00+05:30,2423.800000,2430.000000,2423.800000,2426.250000,98
2015-12-11T10:15:00+05:30,2426.250000,2440.000000,2423.850000,2430.000000,592
2015-12-11T10:30:00+05:30,2430.000000,2436.100000,2425.000000,2426.500000,108
2015-12-11T10:45:00+05:30,2426.500000,2435.000000,2425.000000,2430.100000,63
2015-12-11T11:00:00+05:30,2430.100000,2430.100000,2425.000000,2429.750000,6
2015-12-11T11:15:00+05:30,2429.750000,2429.750000,2422.000000,2428.200000,19
2015-12-11T11:30:00+05:30,2422.000000,2422.500000,2408.000000,2408.000000,231
2015-12-11T11:45:00+05:30,2408.000000,2413.000000,2405.550000,2413.000000,156
2015-12-11T12:00:00+05:30,2413.000000,2415.000000,2405.100000,2415.000000,273
2015-12-11T12:15:00+05:30,2415.000000,2419.700000,2381.050000,2393.150000,1323
2015-12-11T12:30:00+05:30,2393.150000,2400.000000,2390.000000,2399.850000,441
2015-12-11T12:45:00+05:30,2399.850000,2403.650000,2390.050000,2391.500000,103
2015-12-11T13:00:00+05:30,2391.500000,2394.050000,2391.500000,2394.050000,44
2015-12-11T13:15:00+05:30,2394.050000,2402.000000,2394.050000,2401.000000,28
2015-12-11T13:30:00+05:30,2401.000000,2411.000000,2390.000000,2402.450000,189
2015-12-11T13:45:00+05:30,2402.450000,2402.450000,2394.000000,2398.100000,68
2015-12-11T14:00:00+05:30,2398.100000,2412.500000,2397.450000,2404.650000,298
2015-12-11T14:15:00+05:30,2404.650000,2404.650000,2398.000000,2400.000000,130
2015-12-11T14:30:00+05:30,2400.000000,2403.000000,2395.000000,2400.000000,189
2015-12-11T14:45:00+05:30,2400.000000,2400.000000,2390.000000,2398.600000,209
2015-12-11T15:00:00+05:30,2399.000000,2415.000000,2399.000000,2410.000000,615
2015-12-11T15:15:00+05:30,2410.000000,2410.000000,2391.500000,2398.450000,839
2015-12-14T09:15:00+05:30,2386.050000,2392.300000,2360.000000,2376.900000,739
2015-12-14T09:30:00+05:30,2378.550000,2383.500000,2375.000000,2376.000000,240
2015-12-14T09:45:00+05:30,2376.150000,2383.750000,2371.050000,2374.950000,488
2015-12-14T10:00:00+05:30,2374.950000,2375.000000,2372.050000,2375.000000,374
2015-12-14T10:15:00+05:30,2375.000000,2384.000000,2374.000000,2383.000000,1620
2015-12-14T10:30:00+05:30,2383.000000,2385.000000,2382.300000,2384.650000,204
2015-12-14T10:45:00+05:30,2384.650000,2384.650000,2374.000000,2376.400000,822
2015-12-14T11:00:00+05:30,2376.400000,2381.950000,2376.400000,2380.000000,80
2015-12-14T11:15:00+05:30,2380.000000,2382.500000,2380.000000,2382.500000,71
2015-12-14T11:30:00+05:30,2382.500000,2382.500000,2377.500000,2377.500000,159
2015-12-14T11:45:00+05:30,2377.500000,2382.000000,2377.500000,2380.000000,125
2015-12-14T12:00:00+05:30,2380.000000,2380.950000,2376.550000,2376.550000,79
2015-12-14T12:15:00+05:30,2380.950000,2380.950000,2376.100000,2379.850000,219
2015-12-14T12:30:00+05:30,2379.850000,2390.000000,2375.150000,2389.450000,1195
2015-12-14T12:45:00+05:30,2389.450000,2390.000000,2380.000000,2388.700000,161
2015-12-14T13:00:00+05:30,2388.700000,2388.700000,2385.950000,2386.000000,70
2015-12-14T13:15:00+05:30,2386.000000,2392.250000,2382.000000,2388.700000,242
2015-12-14T13:30:00+05:30,2388.700000,2388.700000,2383.800000,2383.800000,10
2015-12-14T13:45:00+05:30,2383.800000,2389.800000,2382.000000,2386.100000,141
2015-12-14T14:00:00+05:30,2389.800000,2390.950000,2384.000000,2384.000000,408
2015-12-14T14:15:00+05:30,2384.000000,2384.000000,2375.500000,2378.650000,584
2015-12-14T14:30:00+05:30,2378.650000,2382.950000,2376.400000,2379.950000,253
2015-12-14T14:45:00+05:30,2379.950000,2379.950000,2376.350000,2377.550000,185
2015-12-14T15:00:00+05:30,2377.550000,2386.950000,2377.550000,2386.950000,394
2015-12-14T15:15:00+05:30,2386.950000,2425.000000,2370.000000,2385.000000,3144
2015-12-15T09:15:00+05:30,2365.000000,2397.950000,2365.000000,2385.650000,204
2015-12-15T09:30:00+05:30,2385.650000,2392.000000,2380.100000,2384.400000,357
2015-12-15T09:45:00+05:30,2384.400000,2390.000000,2380.100000,2388.800000,273
2015-12-15T10:00:00+05:30,2388.800000,2388.800000,2374.100000,2375.200000,371
2015-12-15T10:15:00+05:30,2375.200000,2377.000000,2375.200000,2375.550000,40
2015-12-15T10:30:00+05:30,2377.000000,2378.000000,2376.000000,2378.000000,93
2015-12-15T10:45:00+05:30,2378.000000,2378.200000,2376.100000,2376.100000,8
2015-12-15T11:00:00+05:30,2376.100000,2379.600000,2376.000000,2379.600000,367
2015-12-15T11:15:00+05:30,2379.600000,2379.600000,2370.100000,2375.550000,162
2015-12-15T11:30:00+05:30,2375.550000,2379.000000,2375.050000,2378.950000,35
2015-12-15T11:45:00+05:30,2378.950000,2378.950000,2375.650000,2378.900000,11
2015-12-15T12:00:00+05:30,2378.900000,2378.900000,2375.650000,2375.700000,65
2015-12-15T12:15:00+05:30,2375.650000,2375.650000,2375.000000,2375.000000,104
2015-12-15T12:30:00+05:30,2375.000000,2375.000000,2371.050000,2374.000000,177
2015-12-15T12:45:00+05:30,2374.000000,2375.000000,2372.200000,2372.600000,1456
2015-12-15T13:00:00+05:30,2372.600000,2372.600000,2366.000000,2370.000000,369
2015-12-15T13:15:00+05:30,2370.000000,2370.000000,2360.000000,2360.050000,263
2015-12-15T13:30:00+05:30,2360.050000,2368.750000,2360.050000,2366.350000,124
2015-12-15T13:45:00+05:30,2366.350000,2369.000000,2364.950000,2368.900000,96
2015-12-15T14:00:00+05:30,2368.900000,2374.750000,2368.900000,2374.550000,476
2015-12-15T14:15:00+05:30,2374.550000,2375.000000,2370.150000,2373.050000,791
2015-12-15T14:30:00+05:30,2374.500000,2375.000000,2367.700000,2375.000000,495
2015-12-15T14:45:00+05:30,2375.000000,2375.000000,2370.050000,2374.950000,415
2015-12-15T15:00:00+05:30,2374.950000,2380.000000,2372.050000,2377.450000,1398
2015-12-15T15:15:00+05:30,2377.450000,2377.800000,2366.550000,2367.050000,1578
2015-12-16T09:15:00+05:30,2376.050000,2389.200000,2365.000000,2385.000000,148
2015-12-16T09:30:00+05:30,2385.000000,2406.900000,2381.050000,2398.000000,1097
2015-12-16T09:45:00+05:30,2398.000000,2400.000000,2387.900000,2393.900000,195
2015-12-16T10:00:00+05:30,2391.100000,2394.500000,2386.050000,2386.050000,611
2015-12-16T10:15:00+05:30,2386.050000,2392.950000,2386.050000,2390.000000,160
2015-12-16T10:30:00+05:30,2390.000000,2390.000000,2382.100000,2386.000000,2152
2015-12-16T10:45:00+05:30,2386.000000,2386.000000,2380.000000,2380.000000,710
2015-12-16T11:00:00+05:30,2380.000000,2380.000000,2371.350000,2377.000000,482
2015-12-16T11:15:00+05:30,2377.000000,2377.000000,2372.400000,2374.000000,736
2015-12-16T11:30:00+05:30,2372.100000,2374.950000,2371.250000,2371.950000,168
2015-12-16T11:45:00+05:30,2370.000000,2372.000000,2368.000000,2368.250000,1301
2015-12-16T12:00:00+05:30,2368.250000,2372.300000,2363.000000,2364.000000,1128
2015-12-16T12:15:00+05:30,2364.000000,2370.000000,2364.000000,2368.000000,1447
2015-12-16T12:30:00+05:30,2368.000000,2369.750000,2366.050000,2369.700000,148
2015-12-16T12:45:00+05:30,2369.700000,2369.950000,2367.000000,2369.750000,311
2015-12-16T13:00:00+05:30,2369.750000,2370.000000,2366.100000,2366.100000,263
2015-12-16T13:15:00+05:30,2366.100000,2369.950000,2365.250000,2369.950000,23
2015-12-16T13:30:00+05:30,2369.950000,2370.000000,2365.800000,2368.050000,232
2015-12-16T13:45:00+05:30,2368.050000,2370.000000,2367.000000,2370.000000,639
2015-12-16T14:00:00+05:30,2370.000000,2370.000000,2367.000000,2369.800000,61
2015-12-16T14:15:00+05:30,2369.800000,2370.050000,2368.050000,2370.000000,1656
2015-12-16T14:30:00+05:30,2370.000000,2370.000000,2367.000000,2370.000000,1461
2015-12-16T14:45:00+05:30,2368.150000,2372.500000,2366.400000,2367.700000,427
2015-12-16T15:00:00+05:30,2369.000000,2379.650000,2368.050000,2370.000000,6872
2015-12-16T15:15:00+05:30,2370.000000,2370.000000,2360.000000,2360.100000,3002
2015-12-17T09:15:00+05:30,2384.000000,2384.000000,2371.000000,2375.050000,123
2015-12-17T09:30:00+05:30,2375.050000,2375.100000,2364.050000,2368.000000,499
2015-12-17T09:45:00+05:30,2368.000000,2368.000000,2364.000000,2366.000000,174
2015-12-17T10:00:00+05:30,2366.000000,2368.000000,2362.000000,2364.050000,260
2015-12-17T10:15:00+05:30,2367.950000,2368.000000,2364.000000,2364.000000,151
2015-12-17T10:30:00+05:30,2364.000000,2368.000000,2362.000000,2363.050000,201
2015-12-17T10:45:00+05:30,2363.100000,2374.000000,2362.000000,2370.050000,362
2015-12-17T11:00:00+05:30,2370.050000,2374.000000,2369.600000,2373.000000,155
2015-12-17T11:15:00+05:30,2373.000000,2375.000000,2371.300000,2371.300000,604
2015-12-17T11:30:00+05:30,2371.300000,2375.500000,2371.300000,2371.400000,44
2015-12-17T11:45:00+05:30,2371.400000,2374.700000,2365.050000,2365.050000,160
2015-12-17T12:00:00+05:30,2372.100000,2372.100000,2366.000000,2366.000000,137
2015-12-17T12:15:00+05:30,2366.000000,2366.000000,2359.950000,2360.000000,761
2015-12-17T12:30:00+05:30,2360.000000,2366.000000,2360.000000,2366.000000,123
2015-12-17T12:45:00+05:30,2366.000000,2369.900000,2364.000000,2368.650000,78
2015-12-17T13:00:00+05:30,2368.650000,2370.000000,2366.450000,2366.450000,40
2015-12-17T13:15:00+05:30,2369.850000,2370.000000,2360.500000,2365.000000,114
2015-12-17T13:30:00+05:30,2365.000000,2368.750000,2362.500000,2363.000000,165
2015-12-17T13:45:00+05:30,2365.950000,2370.000000,2363.050000,2367.000000,672
2015-12-17T14:00:00+05:30,2367.000000,2374.950000,2367.000000,2370.000000,423
2015-12-17T14:15:00+05:30,2370.000000,2374.750000,2366.400000,2370.000000,203
2015-12-17T14:30:00+05:30,2370.000000,2374.500000,2369.950000,2370.000000,288
2015-12-17T14:45:00+05:30,2370.000000,2371.150000,2366.350000,2370.000000,860
2015-12-17T15:00:00+05:30,2370.000000,2375.500000,2365.000000,2370.000000,1322
2015-12-17T15:15:00+05:30,2370.000000,2380.000000,2364.000000,2370.000000,4441
2015-12-18T09:15:00+05:30,2360.150000,2385.000000,2360.150000,2385.000000,996
2015-12-18T09:30:00+05:30,2385.000000,2400.000000,2380.000000,2389.400000,1919
2015-12-18T09:45:00+05:30,2389.400000,2396.600000,2388.000000,2393.000000,477
2015-12-18T10:00:00+05:30,2393.000000,2393.000000,2388.500000,2388.950000,161
2015-12-18T10:15:00+05:30,2389.900000,2389.950000,2387.150000,2389.900000,127
2015-12-18T10:30:00+05:30,2389.900000,2390.000000,2379.000000,2379.000000,353
2015-12-18T10:45:00+05:30,2379.000000,2383.000000,2378.400000,2381.050000,165
2015-12-18T11:00:00+05:30,2381.050000,2385.000000,2381.000000,2384.850000,57
2015-12-18T11:15:00+05:30,2384.850000,2385.000000,2381.300000,2382.950000,137
2015-12-18T11:30:00+05:30,2382.950000,2384.950000,2381.450000,2383.500000,62
2015-12-18T11:45:00+05:30,2383.500000,2383.900000,2383.000000,2383.000000,106
2015-12-18T12:00:00+05:30,2383.750000,2383.800000,2382.150000,2383.000000,15
2015-12-18T12:15:00+05:30,2383.000000,2383.000000,2377.500000,2380.050000,365
2015-12-18T12:30:00+05:30,2380.050000,2385.000000,2378.450000,2381.150000,173
2015-12-18T12:45:00+05:30,2381.500000,2384.800000,2381.500000,2384.800000,83
2015-12-18T13:00:00+05:30,2384.800000,2384.800000,2381.500000,2381.550000,32
2015-12-18T13:15:00+05:30,2381.550000,2381.550000,2371.000000,2374.800000,516
2015-12-18T13:30:00+05:30,2374.800000,2377.300000,2372.800000,2372.800000,70
2015-12-18T13:45:00+05:30,2372.800000,2376.900000,2372.750000,2373.000000,42
2015-12-18T14:00:00+05:30,2373.000000,2373.000000,2372.400000,2372.450000,30
2015-12-18T14:15:00+05:30,2376.450000,2383.200000,2372.200000,2379.950000,316
2015-12-18T14:30:00+05:30,2379.950000,2383.800000,2376.050000,2376.050000,619
2015-12-18T14:45:00+05:30,2376.050000,2383.700000,2376.050000,2380.000000,351
2015-12-18T15:00:00+05:30,2380.000000,2384.800000,2366.500000,2376.400000,1726
2015-12-18T15:15:00+05:30,2378.050000,2383.700000,2370.050000,2378.850000,2003
2015-12-21T09:15:00+05:30,2409.000000,2409.000000,2385.000000,2385.000000,659
2015-12-21T09:30:00+05:30,2385.000000,2391.500000,2380.050000,2391.500000,156
2015-12-21T09:45:00+05:30,2391.500000,2395.000000,2384.050000,2392.650000,136
2015-12-21T10:00:00+05:30,2392.650000,2430.000000,2390.000000,2414.650000,2622
2015-12-21T10:15:00+05:30,2414.650000,2414.700000,2390.000000,2409.000000,322
2015-12-21T10:30:00+05:30,2409.000000,2409.000000,2390.100000,2395.000000,452
2015-12-21T10:45:00+05:30,2395.000000,2400.200000,2386.050000,2390.000000,561
2015-12-21T11:00:00+05:30,2390.000000,2392.800000,2385.600000,2390.000000,56
2015-12-21T11:15:00+05:30,2390.000000,2396.400000,2385.500000,2395.000000,119
2015-12-21T11:30:00+05:30,2395.000000,2395.000000,2395.000000,2395.000000,8
2015-12-21T11:45:00+05:30,2395.000000,2397.650000,2390.050000,2390.400000,100
2015-12-21T12:00:00+05:30,2390.400000,2397.600000,2390.400000,2396.700000,58
2015-12-21T12:15:00+05:30,2396.700000,2397.650000,2393.000000,2395.250000,126
2015-12-21T12:30:00+05:30,2395.250000,2399.700000,2395.250000,2396.400000,104
2015-12-21T12:45:00+05:30,2396.400000,2400.000000,2390.150000,2398.650000,262
2015-12-21T13:00:00+05:30,2398.650000,2400.000000,2391.600000,2400.000000,43
2015-12-21T13:15:00+05:30,2400.000000,2404.000000,2395.200000,2400.500000,81
2015-12-21T13:30:00+05:30,2400.500000,2408.000000,2400.250000,2408.000000,151
2015-12-21T13:45:00+05:30,2408.000000,2413.200000,2403.100000,2413.200000,194
2015-12-21T14:00:00+05:30,2413.200000,2421.000000,2410.300000,2415.050000,702
2015-12-21T14:15:00+05:30,2415.050000,2418.700000,2410.850000,2415.150000,260
2015-12-21T14:30:00+05:30,2415.100000,2421.000000,2413.150000,2421.000000,435
2015-12-21T14:45:00+05:30,2421.000000,2427.000000,2418.000000,2420.700000,671
2015-12-21T15:00:00+05:30,2420.700000,2429.850000,2420.400000,2420.700000,540
2015-12-21T15:15:00+05:30,2421.100000,2427.000000,2415.000000,2425.000000,1014
2015-12-22T09:15:00+05:30,2400.000000,2425.000000,2400.000000,2409.800000,414
2015-12-22T09:30:00+05:30,2409.800000,2411.000000,2408.950000,2408.950000,50
2015-12-22T09:45:00+05:30,2408.950000,2411.000000,2407.950000,2410.000000,101
2015-12-22T10:00:00+05:30,2410.000000,2412.000000,2410.000000,2411.000000,30
2015-12-22T10:15:00+05:30,2411.000000,2419.900000,2409.900000,2409.950000,148
2015-12-22T10:45:00+05:30,2408.000000,2411.000000,2400.050000,2410.000000,1382
2015-12-22T11:00:00+05:30,2410.000000,2410.000000,2409.800000,2409.800000,1
2015-12-22T11:15:00+05:30,2409.800000,2409.800000,2390.050000,2397.950000,565
2015-12-22T11:30:00+05:30,2397.950000,2401.000000,2393.050000,2400.000000,63
2015-12-22T11:45:00+05:30,2400.000000,2402.000000,2400.000000,2401.000000,36
2015-12-22T12:00:00+05:30,2401.000000,2404.900000,2401.000000,2401.100000,99
2015-12-22T12:15:00+05:30,2401.100000,2404.950000,2392.000000,2399.000000,595
2015-12-22T12:30:00+05:30,2392.000000,2398.900000,2392.000000,2398.900000,58
2015-12-22T12:45:00+05:30,2398.900000,2398.900000,2393.050000,2394.000000,147
2015-12-22T13:00:00+05:30,2394.000000,2399.000000,2394.000000,2399.000000,30
2015-12-22T13:15:00+05:30,2399.000000,2400.000000,2396.250000,2396.250000,93
2015-12-22T13:30:00+05:30,2396.250000,2400.000000,2396.000000,2400.000000,38
2015-12-22T13:45:00+05:30,2400.000000,2401.000000,2394.950000,2399.950000,223
2015-12-22T14:00:00+05:30,2399.950000,2408.800000,2399.000000,2399.000000,172
2015-12-22T14:15:00+05:30,2399.000000,2403.900000,2393.100000,2398.000000,354
2015-12-22T14:30:00+05:30,2398.000000,2398.800000,2392.000000,2398.450000,688
2015-12-22T14:45:00+05:30,2398.450000,2403.850000,2395.200000,2400.000000,312
2015-12-22T15:00:00+05:30,2400.000000,2403.500000,2395.000000,2399.950000,1760
2015-12-22T15:15:00+05:30,2399.950000,2400.950000,2391.000000,2399.450000,1775
2015-12-23T09:15:00+05:30,2395.200000,2404.000000,2395.000000,2403.000000,165
2015-12-23T09:30:00+05:30,2403.000000,2404.000000,2395.600000,2399.950000,352
2015-12-23T09:45:00+05:30,2399.950000,2402.350000,2396.250000,2400.000000,188
2015-12-23T10:00:00+05:30,2400.000000,2400.000000,2395.100000,2400.000000,206
2015-12-23T10:15:00+05:30,2397.700000,2398.600000,2395.050000,2395.050000,121
2015-12-23T10:30:00+05:30,2395.050000,2398.950000,2392.000000,2392.000000,212
2015-12-23T10:45:00+05:30,2392.000000,2397.900000,2391.000000,2393.000000,568
2015-12-23T11:00:00+05:30,2392.550000,2395.000000,2392.350000,2395.000000,56
2015-12-23T11:15:00+05:30,2395.000000,2397.000000,2392.300000,2392.300000,1140
2015-12-23T11:30:00+05:30,2392.300000,2394.950000,2392.300000,2392.300000,79
2015-12-23T11:45:00+05:30,2392.300000,2394.950000,2392.300000,2394.900000,27
2015-12-23T12:00:00+05:30,2394.900000,2394.950000,2392.350000,2394.900000,34
2015-12-23T12:15:00+05:30,2394.900000,2394.950000,2394.900000,2394.900000,225
2015-12-23T12:30:00+05:30,2394.900000,2394.900000,2390.050000,2390.100000,79
2015-12-23T12:45:00+05:30,2390.100000,2394.050000,2390.100000,2394.050000,5
2015-12-23T13:00:00+05:30,2394.050000,2394.900000,2390.150000,2394.850000,84
2015-12-23T13:15:00+05:30,2394.850000,2394.900000,2391.200000,2391.200000,227
2015-12-23T13:30:00+05:30,2391.200000,2394.700000,2389.950000,2390.000000,935
2015-12-23T13:45:00+05:30,2390.000000,2393.700000,2386.250000,2393.700000,131
2015-12-23T14:00:00+05:30,2393.650000,2394.650000,2385.000000,2392.750000,315
2015-12-23T14:15:00+05:30,2392.750000,2392.750000,2385.050000,2389.350000,256
2015-12-23T14:30:00+05:30,2386.000000,2388.700000,2384.850000,2384.850000,672
2015-12-23T14:45:00+05:30,2384.850000,2384.850000,2376.350000,2380.000000,491
2015-12-23T15:00:00+05:30,2380.000000,2380.000000,2377.050000,2378.000000,328
2015-12-23T15:15:00+05:30,2378.000000,2400.000000,2376.700000,2393.000000,2332
2015-12-24T09:15:00+05:30,2403.950000,2403.950000,2390.000000,2390.000000,393
2015-12-24T09:30:00+05:30,2390.000000,2394.900000,2390.000000,2393.000000,122
2015-12-24T09:45:00+05:30,2393.000000,2393.700000,2386.800000,2389.950000,121
2015-12-24T10:00:00+05:30,2389.950000,2389.950000,2384.950000,2384.950000,224
2015-12-24T10:15:00+05:30,2384.950000,2388.700000,2381.500000,2385.050000,108
2015-12-24T10:30:00+05:30,2385.050000,2388.650000,2382.050000,2385.050000,34
2015-12-24T10:45:00+05:30,2385.050000,2385.050000,2380.050000,2380.300000,241
2015-12-24T11:00:00+05:30,2380.300000,2388.000000,2372.650000,2384.000000,526
2015-12-24T11:15:00+05:30,2384.000000,2384.000000,2373.000000,2374.950000,35102
2015-12-24T11:30:00+05:30,2374.950000,2374.950000,2371.100000,2373.000000,261
2015-12-24T11:45:00+05:30,2371.450000,2375.000000,2371.450000,2374.950000,152
2015-12-24T12:00:00+05:30,2374.950000,2375.000000,2371.750000,2371.750000,239
2015-12-24T12:15:00+05:30,2371.750000,2375.000000,2368.000000,2368.000000,562
2015-12-24T12:30:00+05:30,2368.000000,2375.000000,2367.050000,2368.000000,325
2015-12-24T12:45:00+05:30,2368.900000,2369.950000,2365.000000,2366.000000,423
2015-12-24T13:00:00+05:30,2366.000000,2368.000000,2361.000000,2361.300000,366
2015-12-24T13:15:00+05:30,2361.300000,2365.000000,2361.300000,2365.000000,233
2015-12-24T13:30:00+05:30,2365.000000,2366.000000,2363.050000,2365.000000,88
2015-12-24T13:45:00+05:30,2365.000000,2365.000000,2362.350000,2363.050000,62
2015-12-24T14:00:00+05:30,2363.050000,2364.950000,2363.000000,2364.850000,111
2015-12-24T14:15:00+05:30,2364.850000,2365.000000,2364.000000,2364.000000,231
2015-12-24T14:30:00+05:30,2364.000000,2365.000000,2364.000000,2365.000000,251
2015-12-24T14:45:00+05:30,2365.000000,2367.000000,2364.000000,2365.000000,808
2015-12-24T15:00:00+05:30,2365.000000,2365.000000,2361.650000,2362.450000,836
2015-12-24T15:15:00+05:30,2362.450000,2365.000000,2361.100000,2361.100000,1106
2015-12-28T09:15:00+05:30,2377.950000,2377.950000,2325.550000,2354.000000,1802
2015-12-28T09:30:00+05:30,2352.000000,2357.050000,2350.000000,2356.800000,215
2015-12-28T09:45:00+05:30,2352.000000,2361.000000,2349.950000,2359.950000,1002
2015-12-28T10:00:00+05:30,2359.950000,2360.000000,2351.750000,2351.800000,268
2015-12-28T10:15:00+05:30,2356.800000,2360.000000,2353.050000,2360.000000,360
2015-12-28T10:30:00+05:30,2360.000000,2360.000000,2356.200000,2360.000000,95
2015-12-28T10:45:00+05:30,2359.950000,2360.000000,2352.050000,2352.050000,338
2015-12-28T11:00:00+05:30,2352.050000,2361.000000,2352.050000,2361.000000,518
2015-12-28T11:15:00+05:30,2361.000000,2365.000000,2355.700000,2356.000000,117
2015-12-28T11:30:00+05:30,2356.000000,2356.050000,2345.200000,2348.100000,569
2015-12-28T11:45:00+05:30,2348.100000,2357.000000,2345.250000,2357.000000,209
2015-12-28T12:00:00+05:30,2357.000000,2365.000000,2356.000000,2364.800000,347
2015-12-28T12:15:00+05:30,2364.800000,2365.000000,2360.750000,2364.750000,378
2015-12-28T12:30:00+05:30,2364.750000,2365.000000,2361.100000,2364.000000,404
2015-12-28T12:45:00+05:30,2364.800000,2365.000000,2360.000000,2365.000000,730
2015-12-28T13:00:00+05:30,2365.000000,2366.000000,2360.400000,2364.950000,904
2015-12-28T13:15:00+05:30,2364.950000,2365.000000,2360.500000,2364.950000,442
2015-12-28T13:30:00+05:30,2364.950000,2365.000000,2360.000000,2364.000000,724
2015-12-28T13:45:00+05:30,2364.000000,2367.000000,2364.000000,2365.000000,1210
2015-12-28T14:00:00+05:30,2365.000000,2365.000000,2361.600000,2365.000000,438
2015-12-28T14:15:00+05:30,2365.000000,2365.000000,2361.300000,2364.500000,511
2015-12-28T14:30:00+05:30,2364.500000,2366.000000,2362.000000,2364.950000,420
2015-12-28T14:45:00+05:30,2364.950000,2365.000000,2362.100000,2365.000000,494
2015-12-28T15:00:00+05:30,2365.000000,2365.000000,2360.000000,2362.000000,582
2015-12-28T15:15:00+05:30,2364.800000,2365.000000,2355.500000,2355.500000,1215
2015-12-29T09:15:00+05:30,2370.050000,2372.000000,2356.000000,2365.000000,1174
2015-12-29T09:30:00+05:30,2365.000000,2365.000000,2362.000000,2362.050000,84
2015-12-29T09:45:00+05:30,2362.050000,2365.000000,2362.050000,2365.000000,440
2015-12-29T10:00:00+05:30,2365.000000,2365.000000,2363.000000,2364.950000,139
2015-12-29T10:15:00+05:30,2364.950000,2364.950000,2360.450000,2364.450000,406
2015-12-29T10:30:00+05:30,2364.450000,2364.450000,2357.050000,2358.000000,230
2015-12-29T10:45:00+05:30,2358.000000,2358.000000,2353.250000,2357.350000,143
2015-12-29T11:00:00+05:30,2357.350000,2357.350000,2351.250000,2353.050000,792
2015-12-29T11:15:00+05:30,2353.050000,2356.000000,2353.000000,2353.000000,120
2015-12-29T11:30:00+05:30,2353.000000,2355.950000,2352.000000,2353.100000,59
2015-12-29T11:45:00+05:30,2353.100000,2354.000000,2351.050000,2352.050000,40
2015-12-29T12:00:00+05:30,2352.050000,2357.400000,2350.000000,2354.050000,449
2015-12-29T12:15:00+05:30,2354.050000,2355.550000,2354.000000,2354.000000,5
2015-12-29T12:30:00+05:30,2354.000000,2356.950000,2354.000000,2354.000000,1128
2015-12-29T12:45:00+05:30,2354.000000,2354.450000,2350.200000,2350.200000,202
2015-12-29T13:00:00+05:30,2350.200000,2350.500000,2350.000000,2350.500000,141
2015-12-29T13:15:00+05:30,2350.500000,2354.250000,2350.500000,2352.150000,6
2015-12-29T13:30:00+05:30,2354.250000,2359.150000,2352.400000,2356.200000,359
2015-12-29T13:45:00+05:30,2356.200000,2358.000000,2356.200000,2358.000000,103
2015-12-29T14:00:00+05:30,2358.000000,2360.000000,2351.000000,2351.000000,254
2015-12-29T14:15:00+05:30,2351.000000,2358.000000,2351.000000,2353.200000,106
2015-12-29T14:30:00+05:30,2353.200000,2364.000000,2353.200000,2364.000000,524
2015-12-29T14:45:00+05:30,2364.000000,2375.000000,2355.500000,2363.000000,1787
2015-12-29T15:00:00+05:30,2363.000000,2363.000000,2355.150000,2358.650000,562
2015-12-29T15:15:00+05:30,2355.500000,2358.650000,2344.250000,2353.300000,1840
2015-12-30T09:15:00+05:30,2340.000000,2359.800000,2340.000000,2359.750000,216
2015-12-30T09:30:00+05:30,2359.750000,2364.950000,2358.050000,2360.450000,327
2015-12-30T09:45:00+05:30,2360.450000,2364.750000,2352.050000,2357.000000,107
2015-12-30T10:00:00+05:30,2357.000000,2357.000000,2353.550000,2354.000000,192
2015-12-30T10:15:00+05:30,2354.000000,2355.500000,2354.000000,2354.000000,31
2015-12-30T10:30:00+05:30,2354.000000,2355.500000,2354.000000,2355.500000,89
2015-12-30T10:45:00+05:30,2355.500000,2360.000000,2352.150000,2360.000000,311
2015-12-30T11:00:00+05:30,2360.000000,2364.000000,2354.400000,2359.750000,636
2015-12-30T11:15:00+05:30,2359.750000,2363.050000,2359.750000,2363.000000,15
2015-12-30T11:30:00+05:30,2363.000000,2363.000000,2351.000000,2355.600000,246
2015-12-30T11:45:00+05:30,2355.000000,2357.000000,2351.050000,2355.000000,66
2015-12-30T12:00:00+05:30,2355.000000,2359.000000,2355.000000,2359.000000,28
2015-12-30T12:15:00+05:30,2359.000000,2359.000000,2355.000000,2355.000000,7
2015-12-30T12:30:00+05:30,2358.900000,2359.600000,2356.000000,2359.600000,107
2015-12-30T12:45:00+05:30,2356.000000,2359.550000,2352.050000,2356.750000,202
2015-12-30T13:00:00+05:30,2356.750000,2356.750000,2353.000000,2354.000000,12
2015-12-30T13:15:00+05:30,2354.000000,2354.000000,2351.050000,2353.950000,221
2015-12-30T13:30:00+05:30,2353.950000,2359.600000,2350.000000,2359.600000,312
2015-12-30T13:45:00+05:30,2359.600000,2359.600000,2353.350000,2356.950000,44
2015-12-30T14:00:00+05:30,2356.950000,2356.950000,2350.000000,2355.900000,185
2015-12-30T14:15:00+05:30,2355.900000,2355.900000,2348.000000,2348.000000,476
2015-12-30T14:30:00+05:30,2348.000000,2353.000000,2345.000000,2345.000000,195
2015-12-30T14:45:00+05:30,2345.000000,2354.400000,2345.000000,2352.000000,241
2015-12-30T15:00:00+05:30,2352.000000,2358.550000,2346.000000,2357.700000,872
2015-12-30T15:15:00+05:30,2357.700000,2375.000000,2351.050000,2367.000000,3278
2015-12-31T09:15:00+05:30,2379.950000,2380.000000,2372.000000,2378.350000,913
2015-12-31T09:30:00+05:30,2378.350000,2379.000000,2370.100000,2370.100000,225
2015-12-31T09:45:00+05:30,2370.100000,2370.200000,2365.000000,2370.000000,338
2015-12-31T10:00:00+05:30,2370.000000,2370.000000,2367.650000,2370.000000,187
2015-12-31T10:15:00+05:30,2367.700000,2373.500000,2365.100000,2368.000000,918
2015-12-31T10:30:00+05:30,2368.000000,2375.000000,2362.100000,2364.050000,344
2015-12-31T10:45:00+05:30,2364.000000,2372.000000,2362.000000,2370.700000,279
2015-12-31T11:00:00+05:30,2370.700000,2370.700000,2370.700000,2370.700000,0
2015-12-31T11:15:00+05:30,2370.700000,2372.000000,2366.000000,2372.000000,86
2015-12-31T11:30:00+05:30,2372.000000,2373.500000,2362.000000,2365.000000,199
2015-12-31T11:45:00+05:30,2365.000000,2367.900000,2363.050000,2367.900000,17
2015-12-31T12:00:00+05:30,2367.900000,2367.900000,2364.000000,2364.000000,169
2015-12-31T12:15:00+05:30,2364.000000,2369.950000,2364.000000,2369.950000,62
2015-12-31T12:30:00+05:30,2369.950000,2369.950000,2365.100000,2365.100000,96
2015-12-31T12:45:00+05:30,2365.100000,2373.000000,2365.050000,2366.100000,121
2015-12-31T13:00:00+05:30,2366.100000,2372.000000,2366.100000,2372.000000,16
2015-12-31T13:15:00+05:30,2372.000000,2373.000000,2367.300000,2370.000000,178
2015-12-31T13:30:00+05:30,2370.000000,2372.950000,2366.100000,2372.950000,262
2015-12-31T13:45:00+05:30,2372.950000,2373.000000,2366.500000,2372.800000,235
2015-12-31T14:00:00+05:30,2372.800000,2372.800000,2366.400000,2370.000000,98
2015-12-31T14:15:00+05:30,2370.000000,2372.650000,2369.500000,2369.500000,153
2015-12-31T14:30:00+05:30,2369.500000,2371.950000,2365.500000,2368.900000,635
2015-12-31T14:45:00+05:30,2368.900000,2369.450000,2365.050000,2369.000000,690
2015-12-31T15:00:00+05:30,2369.000000,2369.000000,2362.000000,2364.750000,1114
2015-12-31T15:15:00+05:30,2362.000000,2366.000000,2350.000000,2359.750000,2745
2016-01-04T09:15:00+05:30,2390.050000,2399.900000,2355.650000,2374.000000,352
2016-01-04T09:30:00+05:30,2374.000000,2377.900000,2365.000000,2375.900000,535
2016-01-04T09:45:00+05:30,2375.900000,2391.500000,2367.900000,2382.000000,1115
2016-01-04T10:00:00+05:30,2382.000000,2382.000000,2368.000000,2368.000000,181
2016-01-04T10:15:00+05:30,2368.000000,2372.000000,2365.500000,2372.000000,74
2016-01-04T10:30:00+05:30,2372.000000,2372.000000,2366.300000,2366.300000,82
2016-01-04T10:45:00+05:30,2366.300000,2368.750000,2364.000000,2365.150000,417
2016-01-04T11:00:00+05:30,2365.150000,2374.750000,2365.150000,2365.150000,58
2016-01-04T11:15:00+05:30,2365.150000,2367.600000,2360.050000,2360.050000,432
2016-01-04T11:30:00+05:30,2360.050000,2363.950000,2359.950000,2359.950000,30
2016-01-04T11:45:00+05:30,2359.950000,2362.800000,2356.700000,2362.800000,165
2016-01-04T12:00:00+05:30,2362.800000,2364.000000,2355.950000,2362.500000,243
2016-01-04T12:15:00+05:30,2362.500000,2364.250000,2360.050000,2364.000000,235
2016-01-04T12:30:00+05:30,2364.000000,2364.000000,2362.000000,2362.000000,11
2016-01-04T12:45:00+05:30,2362.000000,2362.000000,2360.450000,2360.450000,59
2016-01-04T13:00:00+05:30,2360.450000,2362.800000,2359.000000,2360.000000,140
2016-01-04T13:15:00+05:30,2360.000000,2363.850000,2359.050000,2363.850000,47
2016-01-04T13:30:00+05:30,2363.850000,2363.850000,2359.250000,2359.400000,29
2016-01-04T13:45:00+05:30,2359.400000,2363.000000,2355.000000,2358.850000,280
2016-01-04T14:00:00+05:30,2358.850000,2362.800000,2355.000000,2362.750000,64
2016-01-04T14:15:00+05:30,2362.750000,2362.750000,2351.300000,2355.000000,135
2016-01-04T14:30:00+05:30,2355.000000,2364.000000,2355.000000,2359.700000,185
2016-01-04T14:45:00+05:30,2359.700000,2364.250000,2355.100000,2364.250000,639
2016-01-04T15:00:00+05:30,2364.250000,2369.000000,2360.650000,2367.800000,630
2016-01-04T15:15:00+05:30,2367.800000,2374.950000,2364.000000,2365.000000,1164
2016-01-05T09:15:00+05:30,2364.200000,2381.650000,2364.200000,2366.500000,266
2016-01-05T09:30:00+05:30,2366.500000,2376.050000,2366.000000,2374.950000,493
2016-01-05T09:45:00+05:30,2374.950000,2374.950000,2370.000000,2370.000000,22
2016-01-05T10:00:00+05:30,2370.000000,2374.950000,2370.000000,2374.950000,34
2016-01-05T10:15:00+05:30,2374.950000,2376.000000,2371.200000,2376.000000,21
2016-01-05T10:30:00+05:30,2376.000000,2379.900000,2366.500000,2366.500000,79
2016-01-05T10:45:00+05:30,2366.500000,2369.250000,2366.500000,2369.250000,2
2016-01-05T11:00:00+05:30,2369.250000,2369.250000,2365.150000,2368.700000,139
2016-01-05T11:15:00+05:30,2368.700000,2368.700000,2360.100000,2362.750000,87
2016-01-05T11:30:00+05:30,2362.750000,2367.000000,2360.250000,2367.000000,34
2016-01-05T11:45:00+05:30,2367.000000,2369.000000,2360.250000,2365.950000,150
2016-01-05T12:00:00+05:30,2365.950000,2368.900000,2360.250000,2368.900000,121
2016-01-05T12:15:00+05:30,2368.900000,2368.900000,2365.400000,2368.750000,19
2016-01-05T12:30:00+05:30,2368.750000,2368.750000,2365.000000,2368.750000,55
2016-01-05T12:45:00+05:30,2368.750000,2370.000000,2367.500000,2370.000000,76
2016-01-05T13:00:00+05:30,2370.000000,2370.000000,2367.650000,2369.950000,277
2016-01-05T13:15:00+05:30,2369.950000,2369.950000,2369.350000,2369.350000,58
2016-01-05T13:30:00+05:30,2369.350000,2369.950000,2365.000000,2369.950000,94
2016-01-05T13:45:00+05:30,2369.950000,2374.800000,2365.050000,2370.000000,131
2016-01-05T14:00:00+05:30,2370.000000,2370.000000,2370.000000,2370.000000,35
2016-01-05T14:15:00+05:30,2370.000000,2374.800000,2365.050000,2370.000000,651
2016-01-05T14:30:00+05:30,2370.000000,2370.000000,2368.000000,2368.000000,317
2016-01-05T14:45:00+05:30,2370.000000,2370.000000,2365.350000,2370.000000,524
2016-01-05T15:00:00+05:30,2370.000000,2374.000000,2365.750000,2370.000000,1177
2016-01-05T15:15:00+05:30,2372.950000,2372.950000,2361.500000,2369.550000,1841
2016-01-06T09:15:00+05:30,2382.900000,2382.900000,2358.000000,2373.550000,451
2016-01-06T09:30:00+05:30,2373.550000,2374.400000,2368.000000,2368.000000,232
2016-01-06T09:45:00+05:30,2368.000000,2369.850000,2367.950000,2367.950000,214
2016-01-06T10:00:00+05:30,2367.950000,2370.000000,2362.550000,2366.400000,953
2016-01-06T10:15:00+05:30,2366.550000,2369.750000,2366.550000,2369.750000,58
2016-01-06T10:30:00+05:30,2369.750000,2369.750000,2366.700000,2366.700000,68
2016-01-06T10:45:00+05:30,2366.700000,2369.450000,2366.300000,2366.300000,163
2016-01-06T11:00:00+05:30,2366.300000,2369.450000,2363.000000,2364.050000,131
2016-01-06T11:15:00+05:30,2364.050000,2368.950000,2364.000000,2364.000000,305
2016-01-06T11:30:00+05:30,2364.000000,2366.650000,2359.000000,2359.000000,339
2016-01-06T11:45:00+05:30,2359.000000,2367.050000,2359.000000,2367.000000,289
2016-01-06T12:00:00+05:30,2367.000000,2367.000000,2365.000000,2365.000000,19
2016-01-06T12:15:00+05:30,2365.000000,2367.000000,2364.050000,2364.050000,34
2016-01-06T12:30:00+05:30,2367.000000,2367.000000,2362.000000,2362.100000,57
2016-01-06T12:45:00+05:30,2362.100000,2366.350000,2362.100000,2362.200000,108
2016-01-06T13:00:00+05:30,2362.200000,2367.000000,2359.000000,2364.000000,422
2016-01-06T13:15:00+05:30,2364.000000,2365.000000,2358.300000,2364.950000,171
2016-01-06T13:30:00+05:30,2364.950000,2369.450000,2362.600000,2369.450000,192
2016-01-06T13:45:00+05:30,2369.450000,2369.950000,2365.050000,2365.050000,170
2016-01-06T14:00:00+05:30,2365.050000,2367.000000,2348.050000,2350.000000,1780
2016-01-06T14:15:00+05:30,2350.000000,2354.950000,2345.100000,2354.650000,408
2016-01-06T14:30:00+05:30,2354.650000,2354.950000,2352.000000,2352.000000,310
2016-01-06T14:45:00+05:30,2352.000000,2354.950000,2350.100000,2354.950000,631
2016-01-06T15:00:00+05:30,2354.950000,2364.700000,2354.950000,2362.600000,975
2016-01-06T15:15:00+05:30,2360.000000,2364.900000,2354.450000,2364.900000,1467
2016-01-07T09:15:00+05:30,2352.150000,2366.350000,2352.000000,2359.950000,112
2016-01-07T09:30:00+05:30,2359.950000,2365.000000,2348.000000,2351.250000,903
2016-01-07T09:45:00+05:30,2351.250000,2357.050000,2351.000000,2357.050000,82
2016-01-07T10:00:00+05:30,2357.050000,2357.050000,2349.100000,2349.100000,200
2016-01-07T10:15:00+05:30,2349.100000,2352.000000,2342.000000,2344.750000,231
2016-01-07T10:30:00+05:30,2344.750000,2349.600000,2340.100000,2346.000000,171
2016-01-07T10:45:00+05:30,2346.000000,2346.000000,2328.000000,2328.000000,903
2016-01-07T11:00:00+05:30,2328.000000,2339.950000,2328.000000,2339.950000,338
2016-01-07T11:15:00+05:30,2339.950000,2339.950000,2332.000000,2334.950000,88
2016-01-07T11:30:00+05:30,2334.950000,2334.950000,2324.800000,2328.000000,892
2016-01-07T11:45:00+05:30,2328.000000,2331.500000,2300.000000,2315.900000,1066
2016-01-07T12:00:00+05:30,2315.900000,2315.900000,2300.000000,2301.450000,814
2016-01-07T12:15:00+05:30,2301.450000,2308.550000,2297.600000,2300.000000,567
2016-01-07T12:30:00+05:30,2300.000000,2310.000000,2293.000000,2293.000000,1544
2016-01-07T12:45:00+05:30,2293.000000,2298.000000,2289.600000,2290.000000,275
2016-01-07T13:00:00+05:30,2290.000000,2297.950000,2289.000000,2290.000000,374
2016-01-07T13:15:00+05:30,2290.000000,2290.000000,2287.400000,2290.000000,248
2016-01-07T13:30:00+05:30,2290.000000,2331.600000,2289.000000,2319.800000,1429
2016-01-07T13:45:00+05:30,2319.800000,2319.800000,2304.000000,2315.000000,164
2016-01-07T14:00:00+05:30,2315.000000,2316.000000,2289.000000,2298.000000,391
2016-01-07T14:15:00+05:30,2298.000000,2311.200000,2296.050000,2303.800000,286
2016-01-07T14:30:00+05:30,2303.800000,2307.550000,2295.000000,2300.550000,436
2016-01-07T14:45:00+05:30,2300.550000,2310.950000,2300.050000,2304.000000,399
2016-01-07T15:00:00+05:30,2304.000000,2323.000000,2301.000000,2305.150000,1226
2016-01-07T15:15:00+05:30,2305.150000,2319.000000,2305.150000,2308.000000,778
2016-01-08T09:15:00+05:30,2334.850000,2334.950000,2320.550000,2330.400000,188
2016-01-08T09:30:00+05:30,2329.950000,2330.000000,2321.000000,2325.000000,332
2016-01-08T09:45:00+05:30,2325.000000,2333.300000,2325.000000,2331.950000,161
2016-01-08T10:00:00+05:30,2331.950000,2331.950000,2325.000000,2330.050000,247
2016-01-08T10:15:00+05:30,2330.050000,2330.900000,2320.000000,2327.150000,371
2016-01-08T10:30:00+05:30,2327.150000,2328.950000,2324.000000,2325.450000,35
2016-01-08T10:45:00+05:30,2325.450000,2328.000000,2323.250000,2327.000000,94
2016-01-08T11:00:00+05:30,2327.000000,2327.000000,2325.000000,2327.000000,43
2016-01-08T11:15:00+05:30,2327.000000,2327.000000,2325.000000,2327.000000,150
2016-01-08T11:30:00+05:30,2327.000000,2331.400000,2322.150000,2331.400000,156
2016-01-08T11:45:00+05:30,2331.400000,2331.400000,2319.900000,2319.900000,526
2016-01-08T12:00:00+05:30,2319.900000,2319.900000,2300.000000,2308.800000,299
2016-01-08T12:15:00+05:30,2308.800000,2323.200000,2300.000000,2317.250000,599
2016-01-08T12:30:00+05:30,2317.250000,2323.000000,2301.050000,2311.000000,243
2016-01-08T12:45:00+05:30,2311.000000,2322.950000,2311.000000,2321.900000,122
2016-01-08T13:00:00+05:30,2321.900000,2321.900000,2315.000000,2320.600000,51
2016-01-08T13:15:00+05:30,2320.600000,2325.000000,2320.600000,2325.000000,252
2016-01-08T13:30:00+05:30,2325.000000,2331.000000,2322.150000,2330.400000,194
2016-01-08T13:45:00+05:30,2330.400000,2331.000000,2325.000000,2331.000000,96
2016-01-08T14:00:00+05:30,2331.000000,2334.450000,2327.050000,2334.450000,85
2016-01-08T14:15:00+05:30,2334.450000,2338.900000,2328.050000,2337.050000,380
2016-01-08T14:30:00+05:30,2337.050000,2337.950000,2328.700000,2335.000000,293
2016-01-08T14:45:00+05:30,2336.250000,2349.000000,2335.000000,2339.350000,559
2016-01-08T15:00:00+05:30,2339.350000,2360.050000,2336.000000,2360.000000,1237
2016-01-08T15:15:00+05:30,2360.000000,2370.000000,2351.100000,2364.000000,2569
2016-01-11T09:15:00+05:30,2365.000000,2365.000000,2335.000000,2336.700000,252
2016-01-11T09:30:00+05:30,2336.700000,2346.800000,2330.000000,2334.000000,611
2016-01-11T09:45:00+05:30,2336.250000,2336.300000,2325.000000,2335.000000,259
2016-01-11T10:00:00+05:30,2335.200000,2346.000000,2331.000000,2344.550000,263
2016-01-11T10:15:00+05:30,2344.600000,2345.950000,2338.800000,2344.000000,65
2016-01-11T10:30:00+05:30,2344.000000,2344.000000,2337.500000,2341.000000,74
2016-01-11T10:45:00+05:30,2341.000000,2346.000000,2335.000000,2345.950000,96
2016-01-11T11:00:00+05:30,2345.950000,2347.200000,2335.000000,2347.200000,117
2016-01-11T11:15:00+05:30,2347.200000,2349.950000,2344.000000,2344.000000,74
2016-01-11T11:30:00+05:30,2344.000000,2349.950000,2344.000000,2344.050000,23
2016-01-11T11:45:00+05:30,2344.050000,2347.950000,2344.000000,2344.000000,45
2016-01-11T12:00:00+05:30,2344.000000,2346.000000,2344.000000,2344.000000,36
2016-01-11T12:15:00+05:30,2344.000000,2345.000000,2344.000000,2344.000000,150
2016-01-11T12:30:00+05:30,2344.000000,2351.000000,2344.000000,2351.000000,83
2016-01-11T12:45:00+05:30,2351.000000,2351.000000,2344.000000,2344.000000,29
2016-01-11T13:00:00+05:30,2344.000000,2350.000000,2344.000000,2344.000000,128
2016-01-11T13:15:00+05:30,2344.000000,2349.850000,2344.000000,2349.800000,121
2016-01-11T13:30:00+05:30,2349.800000,2349.800000,2347.000000,2347.850000,66
2016-01-11T13:45:00+05:30,2347.850000,2347.850000,2344.000000,2347.700000,350
2016-01-11T14:00:00+05:30,2347.700000,2350.050000,2344.000000,2346.700000,278
2016-01-11T14:15:00+05:30,2346.700000,2362.750000,2346.700000,2362.750000,246
2016-01-11T14:30:00+05:30,2355.350000,2359.950000,2347.050000,2355.000000,143
2016-01-11T14:45:00+05:30,2355.000000,2355.000000,2350.050000,2354.650000,147
2016-01-11T15:00:00+05:30,2354.650000,2354.650000,2330.500000,2333.450000,578
2016-01-11T15:15:00+05:30,2333.450000,2341.500000,2325.450000,2328.150000,548
2016-01-12T09:15:00+05:30,2337.000000,2340.000000,2330.000000,2340.000000,178
2016-01-12T09:30:00+05:30,2340.000000,2340.000000,2320.000000,2320.000000,286
2016-01-12T09:45:00+05:30,2326.300000,2335.000000,2314.200000,2321.250000,605
2016-01-12T10:00:00+05:30,2321.250000,2334.000000,2321.250000,2329.950000,22
2016-01-12T10:15:00+05:30,2329.950000,2329.950000,2323.000000,2323.000000,29123
2016-01-12T10:30:00+05:30,2323.000000,2323.000000,2317.000000,2317.000000,35
2016-01-12T10:45:00+05:30,2317.000000,2323.000000,2317.000000,2323.000000,75
2016-01-12T11:00:00+05:30,2323.000000,2323.000000,2315.000000,2319.900000,125
2016-01-12T11:15:00+05:30,2315.150000,2320.000000,2314.000000,2314.000000,130
2016-01-12T11:30:00+05:30,2314.000000,2315.050000,2308.000000,2308.000000,145
2016-01-12T11:45:00+05:30,2308.000000,2320.000000,2307.000000,2315.000000,64
2016-01-12T12:00:00+05:30,2315.000000,2315.000000,2315.000000,2315.000000,9
2016-01-12T12:15:00+05:30,2315.000000,2319.000000,2315.000000,2318.950000,71
2016-01-12T12:30:00+05:30,2318.950000,2320.000000,2315.000000,2318.800000,119
2016-01-12T12:45:00+05:30,2318.800000,2329.800000,2315.100000,2319.500000,549
2016-01-12T13:00:00+05:30,2320.000000,2324.400000,2316.450000,2323.700000,111
2016-01-12T13:15:00+05:30,2320.800000,2323.700000,2315.800000,2318.950000,285
2016-01-12T13:30:00+05:30,2318.950000,2322.000000,2315.000000,2320.000000,78
2016-01-12T13:45:00+05:30,2320.000000,2321.850000,2319.950000,2321.850000,100
2016-01-12T14:00:00+05:30,2321.850000,2321.900000,2315.000000,2320.950000,168
2016-01-12T14:15:00+05:30,2320.950000,2320.950000,2315.050000,2318.950000,86
2016-01-12T14:30:00+05:30,2318.950000,2324.950000,2315.050000,2324.950000,264
2016-01-12T14:45:00+05:30,2324.950000,2324.950000,2312.400000,2323.000000,213
2016-01-12T15:00:00+05:30,2323.000000,2331.350000,2320.000000,2324.150000,884
2016-01-12T15:15:00+05:30,2324.150000,2344.900000,2315.500000,2320.000000,1806
2016-01-13T09:15:00+05:30,2335.050000,2345.500000,2308.700000,2334.050000,325
2016-01-13T09:30:00+05:30,2334.050000,2342.400000,2333.950000,2342.000000,80
2016-01-13T09:45:00+05:30,2342.000000,2342.000000,2333.000000,2333.000000,194
2016-01-13T10:00:00+05:30,2333.000000,2343.600000,2331.600000,2334.050000,76
2016-01-13T10:15:00+05:30,2334.050000,2339.000000,2324.400000,2337.600000,169
2016-01-13T10:30:00+05:30,2337.600000,2337.600000,2325.400000,2325.700000,79
2016-01-13T10:45:00+05:30,2325.700000,2330.000000,2325.700000,2326.000000,78
2016-01-13T11:00:00+05:30,2326.000000,2329.300000,2271.150000,2276.000000,1259
2016-01-13T11:15:00+05:30,2276.000000,2295.550000,2275.000000,2285.000000,145
2016-01-13T11:30:00+05:30,2285.000000,2289.850000,2250.000000,2254.000000,775
2016-01-13T11:45:00+05:30,2254.000000,2270.400000,2250.000000,2265.250000,533
2016-01-13T12:00:00+05:30,2264.000000,2275.450000,2257.000000,2271.950000,152
2016-01-13T12:15:00+05:30,2271.950000,2281.150000,2270.200000,2280.450000,214
2016-01-13T12:30:00+05:30,2280.450000,2281.000000,2251.150000,2258.400000,390
2016-01-13T12:45:00+05:30,2258.400000,2264.850000,2248.500000,2248.500000,485
2016-01-13T13:00:00+05:30,2250.000000,2269.950000,2242.100000,2266.000000,459
2016-01-13T13:15:00+05:30,2266.000000,2275.850000,2266.000000,2275.850000,258
2016-01-13T13:30:00+05:30,2275.850000,2278.000000,2272.000000,2275.000000,832
2016-01-13T13:45:00+05:30,2278.000000,2290.400000,2275.500000,2285.000000,430
2016-01-13T14:00:00+05:30,2285.000000,2288.800000,2266.150000,2270.000000,1430
2016-01-13T14:15:00+05:30,2270.000000,2270.000000,2266.100000,2266.950000,567
2016-01-13T14:30:00+05:30,2266.950000,2269.000000,2240.000000,2264.000000,2480
2016-01-13T14:45:00+05:30,2264.000000,2279.000000,2260.300000,2274.900000,1753
2016-01-13T15:00:00+05:30,2275.000000,2319.900000,2274.700000,2317.850000,4200
2016-01-13T15:15:00+05:30,2310.000000,2340.000000,2300.000000,2300.000000,4304
2016-01-14T09:15:00+05:30,2295.000000,2299.750000,2259.950000,2266.000000,378
2016-01-14T09:30:00+05:30,2266.500000,2280.950000,2265.300000,2273.600000,179
2016-01-14T09:45:00+05:30,2275.050000,2279.300000,2263.000000,2269.900000,298
2016-01-14T10:00:00+05:30,2263.150000,2270.000000,2255.000000,2262.000000,219
2016-01-14T10:15:00+05:30,2262.000000,2269.950000,2262.000000,2269.950000,153
2016-01-14T10:30:00+05:30,2269.950000,2285.300000,2268.000000,2283.600000,369
2016-01-14T10:45:00+05:30,2283.600000,2283.600000,2273.100000,2278.800000,41
2016-01-14T11:00:00+05:30,2278.800000,2282.700000,2275.000000,2278.150000,36
2016-01-14T11:15:00+05:30,2273.100000,2282.700000,2273.100000,2282.700000,43
2016-01-14T11:30:00+05:30,2282.700000,2282.700000,2275.000000,2275.000000,52
2016-01-14T11:45:00+05:30,2275.000000,2282.000000,2275.000000,2281.900000,29
2016-01-14T12:00:00+05:30,2281.900000,2281.900000,2273.100000,2281.050000,17
2016-01-14T12:15:00+05:30,2279.550000,2282.700000,2274.600000,2282.700000,330
2016-01-14T12:30:00+05:30,2282.700000,2294.000000,2274.500000,2294.000000,244
2016-01-14T12:45:00+05:30,2294.000000,2294.000000,2290.000000,2290.000000,145
2016-01-14T13:00:00+05:30,2294.000000,2294.000000,2290.000000,2290.000000,75
2016-01-14T13:15:00+05:30,2295.000000,2299.000000,2294.000000,2295.000000,131
2016-01-14T13:30:00+05:30,2295.000000,2306.700000,2295.000000,2300.050000,719
2016-01-14T13:45:00+05:30,2300.050000,2315.000000,2300.000000,2310.000000,569
2016-01-14T14:00:00+05:30,2310.000000,2310.000000,2300.000000,2300.500000,150
2016-01-14T14:15:00+05:30,2300.500000,2300.500000,2289.600000,2297.950000,740
2016-01-14T14:30:00+05:30,2297.950000,2301.000000,2295.000000,2296.800000,9462
2016-01-14T14:45:00+05:30,2296.800000,2301.950000,2296.000000,2300.500000,512
2016-01-14T15:00:00+05:30,2300.500000,2300.500000,2296.000000,2297.000000,760
2016-01-14T15:15:00+05:30,2297.000000,2302.250000,2294.000000,2298.000000,969
2016-01-15T09:15:00+05:30,2293.050000,2320.000000,2290.000000,2316.500000,680
2016-01-15T09:30:00+05:30,2316.500000,2318.000000,2299.000000,2301.850000,156
2016-01-15T09:45:00+05:30,2301.850000,2301.850000,2290.000000,2290.000000,100
2016-01-15T10:00:00+05:30,2290.000000,2299.000000,2286.200000,2287.200000,43
2016-01-15T10:15:00+05:30,2287.200000,2295.000000,2287.200000,2292.300000,20
2016-01-15T10:30:00+05:30,2292.300000,2295.000000,2292.300000,2293.000000,26
2016-01-15T10:45:00+05:30,2293.000000,2293.150000,2285.000000,2287.150000,78
2016-01-15T11:00:00+05:30,2287.150000,2290.000000,2285.100000,2290.000000,38
2016-01-15T11:15:00+05:30,2290.000000,2292.600000,2290.000000,2290.150000,93
2016-01-15T11:30:00+05:30,2290.150000,2290.150000,2290.000000,2290.050000,300
2016-01-15T11:45:00+05:30,2290.050000,2290.050000,2290.000000,2290.000000,242
2016-01-15T12:00:00+05:30,2290.000000,2294.000000,2290.000000,2294.000000,192
2016-01-15T12:15:00+05:30,2290.000000,2294.000000,2281.000000,2293.950000,257
2016-01-15T12:30:00+05:30,2293.950000,2299.000000,2292.000000,2298.950000,87
2016-01-15T12:45:00+05:30,2298.950000,2299.000000,2293.200000,2295.000000,117
2016-01-15T13:00:00+05:30,2295.000000,2299.000000,2270.000000,2294.400000,360
2016-01-15T13:15:00+05:30,2294.400000,2299.000000,2271.000000,2283.000000,295
2016-01-15T13:30:00+05:30,2283.000000,2296.900000,2277.350000,2289.000000,171
2016-01-15T13:45:00+05:30,2288.400000,2290.800000,2284.800000,2285.000000,76
2016-01-15T14:00:00+05:30,2285.000000,2286.400000,2280.350000,2285.050000,98
2016-01-15T14:15:00+05:30,2285.050000,2295.600000,2285.050000,2295.000000,319
2016-01-15T14:30:00+05:30,2295.000000,2299.000000,2265.000000,2273.750000,1035
2016-01-15T14:45:00+05:30,2273.750000,2276.950000,2265.000000,2268.000000,764
2016-01-15T15:00:00+05:30,2268.000000,2271.000000,2260.000000,2261.000000,546
2016-01-15T15:15:00+05:30,2261.000000,2274.850000,2250.000000,2255.050000,1835
2016-01-18T09:15:00+05:30,2254.850000,2254.850000,2212.500000,2215.100000,1186
2016-01-18T09:30:00+05:30,2215.100000,2230.000000,2206.850000,2206.850000,853
2016-01-18T09:45:00+05:30,2206.850000,2206.850000,2174.000000,2175.000000,811
2016-01-18T10:00:00+05:30,2174.100000,2178.000000,2132.450000,2160.000000,1832
2016-01-18T10:15:00+05:30,2160.000000,2169.050000,2150.700000,2156.650000,537
2016-01-18T10:30:00+05:30,2156.650000,2190.000000,2145.400000,2181.800000,1185
2016-01-18T10:45:00+05:30,2181.800000,2185.000000,2165.500000,2176.250000,370
2016-01-18T11:00:00+05:30,2176.250000,2184.900000,2167.050000,2170.900000,231
2016-01-18T11:15:00+05:30,2170.900000,2180.000000,2165.400000,2170.000000,490
2016-01-18T11:30:00+05:30,2170.000000,2186.800000,2170.000000,2186.800000,260
2016-01-18T11:45:00+05:30,2186.800000,2186.800000,2172.000000,2172.000000,460
2016-01-18T12:00:00+05:30,2185.000000,2185.950000,2175.000000,2177.250000,603
2016-01-18T12:15:00+05:30,2177.250000,2183.850000,2176.000000,2176.250000,188
2016-01-18T12:30:00+05:30,2176.250000,2185.000000,2176.100000,2176.850000,525
2016-01-18T12:45:00+05:30,2176.850000,2183.000000,2175.050000,2176.000000,347
2016-01-18T13:00:00+05:30,2176.000000,2183.950000,2175.150000,2176.100000,193
2016-01-18T13:15:00+05:30,2176.100000,2180.000000,2175.150000,2176.100000,414
2016-01-18T13:30:00+05:30,2176.100000,2180.000000,2172.800000,2177.850000,520
2016-01-18T13:45:00+05:30,2177.850000,2199.000000,2177.850000,2199.000000,398
2016-01-18T14:00:00+05:30,2199.000000,2199.000000,2185.400000,2194.950000,152
2016-01-18T14:15:00+05:30,2190.850000,2210.000000,2185.450000,2205.650000,542
2016-01-18T14:30:00+05:30,2205.850000,2208.900000,2192.050000,2192.050000,255
2016-01-18T14:45:00+05:30,2192.050000,2207.900000,2192.050000,2200.050000,317
2016-01-18T15:00:00+05:30,2200.050000,2203.800000,2178.050000,2190.000000,632
2016-01-18T15:15:00+05:30,2189.900000,2189.900000,2155.000000,2164.000000,1334
2016-01-19T09:15:00+05:30,2175.800000,2185.000000,2152.000000,2152.050000,720
2016-01-19T09:30:00+05:30,2152.050000,2173.800000,2152.050000,2152.500000,261
2016-01-19T09:45:00+05:30,2152.500000,2160.000000,2151.000000,2155.300000,152
2016-01-19T10:00:00+05:30,2155.300000,2166.000000,2155.300000,2164.000000,127
2016-01-19T10:15:00+05:30,2164.000000,2164.300000,2157.200000,2163.000000,178
2016-01-19T10:30:00+05:30,2163.000000,2170.000000,2158.200000,2169.950000,1023
2016-01-19T10:45:00+05:30,2169.950000,2170.000000,2164.800000,2168.400000,366
2016-01-19T11:00:00+05:30,2168.300000,2169.050000,2161.150000,2169.000000,701
2016-01-19T11:15:00+05:30,2169.000000,2169.000000,2164.800000,2168.750000,163
2016-01-19T11:30:00+05:30,2168.500000,2168.750000,2160.000000,2168.250000,330
2016-01-19T11:45:00+05:30,2168.250000,2168.500000,2161.150000,2168.500000,340
2016-01-19T12:00:00+05:30,2168.500000,2168.500000,2167.000000,2167.000000,133
2016-01-19T12:15:00+05:30,2167.000000,2168.850000,2163.050000,2168.850000,28
2016-01-19T12:30:00+05:30,2168.850000,2168.850000,2163.050000,2166.850000,249
2016-01-19T12:45:00+05:30,2166.850000,2174.950000,2166.850000,2170.000000,468
2016-01-19T13:00:00+05:30,2170.000000,2170.000000,2166.850000,2170.000000,421
2016-01-19T13:15:00+05:30,2167.000000,2169.950000,2160.500000,2169.950000,583
2016-01-19T13:30:00+05:30,2169.950000,2170.500000,2169.000000,2170.450000,154
2016-01-19T13:45:00+05:30,2170.450000,2173.600000,2167.000000,2168.950000,279
2016-01-19T14:00:00+05:30,2168.950000,2172.450000,2161.150000,2168.950000,436
2016-01-19T14:15:00+05:30,2168.950000,2172.450000,2165.000000,2169.300000,545
2016-01-19T14:30:00+05:30,2169.300000,2169.300000,2160.000000,2160.000000,552
2016-01-19T14:45:00+05:30,2160.000000,2165.000000,2151.050000,2151.050000,396
2016-01-19T15:00:00+05:30,2151.050000,2299.400000,2151.050000,2245.000000,4317
2016-01-19T15:15:00+05:30,2236.500000,2264.850000,2222.750000,2230.000000,1567
2016-01-20T09:15:00+05:30,2195.000000,2198.800000,2165.000000,2171.050000,1031
2016-01-20T09:30:00+05:30,2174.000000,2179.950000,2166.000000,2166.000000,452
2016-01-20T09:45:00+05:30,2166.000000,2174.000000,2160.000000,2170.050000,142
2016-01-20T10:00:00+05:30,2170.050000,2175.000000,2170.050000,2175.000000,86
2016-01-20T10:15:00+05:30,2170.150000,2175.000000,2170.050000,2170.050000,45
2016-01-20T10:30:00+05:30,2170.050000,2175.000000,2170.000000,2174.950000,204
2016-01-20T10:45:00+05:30,2174.950000,2174.950000,2170.000000,2172.000000,160
2016-01-20T11:00:00+05:30,2171.000000,2174.000000,2170.000000,2170.050000,234
2016-01-20T11:15:00+05:30,2170.050000,2173.900000,2170.050000,2170.050000,95
2016-01-20T11:30:00+05:30,2170.050000,2170.050000,2165.750000,2165.750000,153
2016-01-20T11:45:00+05:30,2165.750000,2169.700000,2165.000000,2165.000000,228
2016-01-20T12:00:00+05:30,2165.000000,2169.850000,2160.000000,2169.850000,89
2016-01-20T12:15:00+05:30,2169.850000,2169.850000,2166.000000,2169.850000,114
2016-01-20T12:30:00+05:30,2169.850000,2175.000000,2165.050000,2175.000000,133
2016-01-20T12:45:00+05:30,2175.000000,2195.000000,2175.000000,2188.000000,189
2016-01-20T13:00:00+05:30,2188.000000,2193.000000,2186.150000,2189.950000,189
2016-01-20T13:15:00+05:30,2189.950000,2195.000000,2186.150000,2191.050000,166
2016-01-20T13:30:00+05:30,2191.050000,2195.900000,2186.150000,2191.200000,287
2016-01-20T13:45:00+05:30,2191.200000,2194.500000,2178.700000,2190.000000,227
2016-01-20T14:00:00+05:30,2186.100000,2190.000000,2177.800000,2177.800000,142
2016-01-20T14:15:00+05:30,2177.800000,2177.800000,2170.050000,2173.000000,104
2016-01-20T14:30:00+05:30,2173.000000,2189.150000,2160.150000,2173.000000,261
2016-01-20T14:45:00+05:30,2172.000000,2198.850000,2172.000000,2179.250000,414
2016-01-20T15:00:00+05:30,2179.250000,2235.000000,2171.050000,2200.000000,1369
2016-01-20T15:15:00+05:30,2221.700000,2280.000000,2210.000000,2270.000000,2245
2016-01-21T09:15:00+05:30,2268.950000,2268.950000,2230.000000,2241.350000,1112
2016-01-21T09:30:00+05:30,2245.000000,2245.000000,2218.000000,2223.000000,521
2016-01-21T09:45:00+05:30,2225.000000,2225.000000,2215.000000,2219.450000,356
2016-01-21T10:00:00+05:30,2216.050000,2228.950000,2215.150000,2225.100000,257
2016-01-21T10:15:00+05:30,2225.100000,2235.000000,2225.100000,2228.750000,441
2016-01-21T10:30:00+05:30,2230.000000,2235.000000,2226.500000,2226.500000,371
2016-01-21T10:45:00+05:30,2226.500000,2226.500000,2216.150000,2216.150000,279
2016-01-21T11:00:00+05:30,2216.150000,2223.000000,2216.100000,2216.100000,140
2016-01-21T11:15:00+05:30,2216.100000,2225.000000,2216.050000,2221.000000,55
2016-01-21T11:30:00+05:30,2221.000000,2222.000000,2215.000000,2215.000000,94
2016-01-21T11:45:00+05:30,2215.000000,2215.500000,2212.000000,2212.000000,77
2016-01-21T12:00:00+05:30,2211.450000,2211.450000,2200.100000,2204.600000,296
2016-01-21T12:15:00+05:30,2204.600000,2208.000000,2204.600000,2205.200000,4
2016-01-21T12:30:00+05:30,2205.200000,2209.850000,2205.100000,2209.850000,429
2016-01-21T12:45:00+05:30,2209.850000,2216.800000,2207.000000,2213.750000,109
2016-01-21T13:00:00+05:30,2216.050000,2228.000000,2210.050000,2218.000000,293
2016-01-21T13:15:00+05:30,2225.000000,2235.950000,2218.000000,2233.650000,280
2016-01-21T13:30:00+05:30,2225.050000,2270.000000,2225.050000,2266.650000,804
2016-01-21T13:45:00+05:30,2266.650000,2266.650000,2232.600000,2245.000000,611
2016-01-21T14:00:00+05:30,2245.000000,2259.950000,2237.000000,2245.950000,602
2016-01-21T14:15:00+05:30,2245.950000,2259.950000,2242.000000,2251.000000,456
2016-01-21T14:30:00+05:30,2251.000000,2275.000000,2250.000000,2268.300000,599
2016-01-21T14:45:00+05:30,2268.300000,2274.000000,2263.500000,2269.050000,617
2016-01-21T15:00:00+05:30,2269.050000,2272.000000,2245.000000,2250.850000,936
2016-01-21T15:15:00+05:30,2250.850000,2265.000000,2244.000000,2245.000000,1477
2016-01-22T09:15:00+05:30,2265.000000,2284.000000,2265.000000,2270.100000,300
2016-01-22T09:30:00+05:30,2270.200000,2275.000000,2265.050000,2274.000000,349
2016-01-22T09:45:00+05:30,2274.000000,2274.000000,2270.100000,2270.100000,214
2016-01-22T10:00:00+05:30,2270.100000,2280.000000,2270.100000,2275.000000,142
2016-01-22T10:15:00+05:30,2270.250000,2270.250000,2262.650000,2267.750000,602
2016-01-22T10:30:00+05:30,2267.750000,2267.750000,2255.000000,2259.950000,629
2016-01-22T10:45:00+05:30,2256.000000,2259.700000,2252.300000,2259.700000,87
2016-01-22T11:00:00+05:30,2259.850000,2259.950000,2256.000000,2259.950000,171
2016-01-22T11:15:00+05:30,2257.000000,2260.000000,2257.000000,2260.000000,139
2016-01-22T11:30:00+05:30,2260.000000,2260.000000,2252.300000,2252.500000,532
2016-01-22T11:45:00+05:30,2252.500000,2258.900000,2242.000000,2248.500000,387
2016-01-22T12:00:00+05:30,2252.850000,2275.000000,2252.850000,2270.150000,337
2016-01-22T12:15:00+05:30,2270.150000,2274.800000,2268.950000,2271.250000,78
2016-01-22T12:30:00+05:30,2271.250000,2274.000000,2269.000000,2272.500000,134
2016-01-22T12:45:00+05:30,2272.500000,2272.500000,2269.000000,2272.500000,114
2016-01-22T13:00:00+05:30,2272.500000,2272.500000,2268.800000,2268.950000,194
2016-01-22T13:15:00+05:30,2269.000000,2269.000000,2266.350000,2269.000000,63
2016-01-22T13:30:00+05:30,2269.000000,2269.900000,2266.000000,2266.000000,88
2016-01-22T13:45:00+05:30,2262.000000,2266.200000,2259.400000,2260.000000,166
2016-01-22T14:00:00+05:30,2260.000000,2270.000000,2259.050000,2268.500000,197
2016-01-22T14:15:00+05:30,2268.500000,2272.350000,2260.900000,2270.150000,146
2016-01-22T14:30:00+05:30,2270.150000,2270.350000,2251.400000,2260.000000,521
2016-01-22T14:45:00+05:30,2260.000000,2260.000000,2215.000000,2249.950000,2541
2016-01-22T15:00:00+05:30,2249.000000,2249.000000,2233.050000,2239.900000,673
2016-01-22T15:15:00+05:30,2239.900000,2275.000000,2222.000000,2222.000000,3418
2016-01-25T09:15:00+05:30,2248.000000,2248.000000,2238.000000,2244.000000,144
2016-01-25T09:30:00+05:30,2244.000000,2248.250000,2240.250000,2248.250000,91
2016-01-25T09:45:00+05:30,2249.900000,2249.900000,2225.000000,2238.000000,599
2016-01-25T10:00:00+05:30,2238.000000,2258.700000,2238.000000,2251.800000,336
2016-01-25T10:15:00+05:30,2251.800000,2255.150000,2235.000000,2242.500000,136
2016-01-25T10:30:00+05:30,2242.500000,2245.900000,2237.000000,2237.950000,32
2016-01-25T10:45:00+05:30,2237.950000,2249.950000,2237.950000,2245.750000,199
2016-01-25T11:00:00+05:30,2245.750000,2247.800000,2242.000000,2244.800000,108
2016-01-25T11:15:00+05:30,2244.800000,2248.950000,2238.000000,2246.900000,98
2016-01-25T11:30:00+05:30,2246.900000,2246.900000,2238.000000,2241.000000,86
2016-01-25T11:45:00+05:30,2245.000000,2246.950000,2245.000000,2245.000000,102
2016-01-25T12:00:00+05:30,2245.000000,2245.000000,2238.000000,2238.000000,32
2016-01-25T12:15:00+05:30,2238.000000,2244.950000,2238.000000,2240.200000,206
2016-01-25T12:30:00+05:30,2240.200000,2240.200000,2230.600000,2235.000000,90
2016-01-25T12:45:00+05:30,2235.000000,2241.000000,2235.000000,2241.000000,182
2016-01-25T13:00:00+05:30,2241.000000,2241.000000,2241.000000,2241.000000,0
2016-01-25T13:15:00+05:30,2241.000000,2241.000000,2235.600000,2235.600000,70
2016-01-25T13:30:00+05:30,2235.600000,2240.000000,2235.600000,2240.000000,248
2016-01-25T13:45:00+05:30,2240.000000,2240.000000,2239.900000,2239.900000,17
2016-01-25T14:00:00+05:30,2239.900000,2239.900000,2236.750000,2237.750000,23
2016-01-25T14:15:00+05:30,2237.750000,2239.850000,2230.000000,2239.000000,121
2016-01-25T14:30:00+05:30,2238.000000,2240.000000,2236.000000,2238.800000,82
2016-01-25T14:45:00+05:30,2239.900000,2239.950000,2218.550000,2220.000000,462
2016-01-25T15:00:00+05:30,2228.650000,2236.700000,2220.000000,2236.700000,269
2016-01-25T15:15:00+05:30,2236.700000,2237.000000,2211.000000,2219.000000,570
2016-01-27T09:15:00+05:30,2204.250000,2224.100000,2204.250000,2215.000000,224
2016-01-27T09:30:00+05:30,2215.000000,2215.000000,2190.000000,2190.900000,596
2016-01-27T09:45:00+05:30,2190.900000,2219.900000,2190.900000,2214.900000,186
2016-01-27T10:00:00+05:30,2214.900000,2214.900000,2212.000000,2212.000000,63
2016-01-27T10:15:00+05:30,2212.000000,2219.900000,2212.000000,2213.750000,33
2016-01-27T10:30:00+05:30,2213.750000,2219.000000,2213.750000,2218.650000,11
2016-01-27T10:45:00+05:30,2218.900000,2219.000000,2216.950000,2219.000000,28
2016-01-27T11:00:00+05:30,2219.000000,2222.000000,2212.000000,2212.000000,174
2016-01-27T11:15:00+05:30,2212.000000,2219.000000,2212.000000,2215.000000,95
2016-01-27T11:30:00+05:30,2215.000000,2216.000000,2212.000000,2215.000000,128
2016-01-27T11:45:00+05:30,2215.000000,2218.000000,2212.850000,2212.850000,45
2016-01-27T12:00:00+05:30,2212.850000,2219.500000,2212.850000,2219.500000,50
2016-01-27T12:15:00+05:30,2219.500000,2220.000000,2207.000000,2207.000000,394
2016-01-27T12:30:00+05:30,2207.000000,2207.600000,2191.100000,2202.000000,382
2016-01-27T12:45:00+05:30,2202.000000,2205.950000,2201.200000,2205.950000,92
2016-01-27T13:00:00+05:30,2205.950000,2211.450000,2205.950000,2209.200000,63
2016-01-27T13:15:00+05:30,2209.200000,2209.950000,2205.000000,2205.000000,38
2016-01-27T13:30:00+05:30,2205.000000,2205.700000,2203.450000,2203.450000,5
2016-01-27T13:45:00+05:30,2209.950000,2209.950000,2203.000000,2209.600000,274
2016-01-27T14:00:00+05:30,2209.600000,2219.000000,2204.000000,2219.000000,179
2016-01-27T14:15:00+05:30,2219.000000,2222.200000,2215.100000,2217.700000,169
2016-01-27T14:30:00+05:30,2217.700000,2222.000000,2210.000000,2221.750000,253
2016-01-27T14:45:00+05:30,2221.750000,2221.900000,2216.000000,2219.950000,158
2016-01-27T15:00:00+05:30,2219.950000,2219.950000,2193.050000,2205.950000,1044
2016-01-27T15:15:00+05:30,2205.950000,2210.000000,2185.500000,2193.050000,1458
2016-01-28T09:15:00+05:30,2192.000000,2207.000000,2192.000000,2196.000000,117
2016-01-28T09:30:00+05:30,2196.000000,2202.000000,2176.700000,2191.050000,439
2016-01-28T09:45:00+05:30,2191.050000,2195.000000,2184.050000,2195.000000,74
2016-01-28T10:00:00+05:30,2195.000000,2195.000000,2194.750000,2194.900000,41
2016-01-28T10:15:00+05:30,2192.700000,2192.700000,2187.350000,2190.000000,206
2016-01-28T10:30:00+05:30,2190.000000,2195.450000,2190.000000,2190.000000,26
2016-01-28T10:45:00+05:30,2190.000000,2196.000000,2187.350000,2187.350000,50
2016-01-28T11:00:00+05:30,2187.350000,2204.000000,2187.350000,2190.300000,236
2016-01-28T11:15:00+05:30,2190.300000,2196.500000,2190.000000,2191.000000,120
2016-01-28T11:30:00+05:30,2191.000000,2191.000000,2187.350000,2187.350000,84
2016-01-28T11:45:00+05:30,2187.350000,2191.900000,2187.350000,2191.900000,8
2016-01-28T12:00:00+05:30,2191.900000,2197.000000,2191.900000,2194.000000,7
2016-01-28T12:15:00+05:30,2194.000000,2197.000000,2194.000000,2194.000000,107
2016-01-28T12:30:00+05:30,2194.000000,2194.000000,2188.450000,2188.450000,8
2016-01-28T12:45:00+05:30,2188.450000,2194.000000,2188.450000,2194.000000,55
2016-01-28T13:00:00+05:30,2194.000000,2194.000000,2190.000000,2190.000000,110
2016-01-28T13:15:00+05:30,2190.000000,2194.000000,2190.000000,2190.000000,15
2016-01-28T13:30:00+05:30,2190.000000,2190.000000,2187.350000,2190.000000,49875
2016-01-28T13:45:00+05:30,2190.000000,2190.000000,2187.400000,2190.000000,249
2016-01-28T14:00:00+05:30,2190.000000,2205.000000,2187.350000,2188.300000,177
2016-01-28T14:15:00+05:30,2188.300000,2206.800000,2188.100000,2206.800000,217
2016-01-28T14:30:00+05:30,2206.800000,2212.000000,2204.000000,2211.950000,445
2016-01-28T14:45:00+05:30,2208.700000,2211.950000,2205.000000,2205.000000,220
2016-01-28T15:00:00+05:30,2205.000000,2209.000000,2195.350000,2195.350000,461
2016-01-28T15:15:00+05:30,2195.350000,2210.000000,2191.050000,2192.150000,1035
2016-01-29T09:15:00+05:30,2228.000000,2228.000000,2200.000000,2208.850000,76
2016-01-29T09:30:00+05:30,2208.850000,2209.900000,2180.100000,2202.000000,392
2016-01-29T09:45:00+05:30,2202.000000,2202.000000,2188.000000,2198.000000,49
2016-01-29T10:00:00+05:30,2198.000000,2200.950000,2195.000000,2200.950000,143
2016-01-29T10:15:00+05:30,2200.950000,2204.000000,2200.000000,2204.000000,148
2016-01-29T10:30:00+05:30,2204.000000,2204.000000,2201.000000,2204.000000,57
2016-01-29T10:45:00+05:30,2204.000000,2205.000000,2200.000000,2205.000000,175
2016-01-29T11:00:00+05:30,2205.000000,2207.000000,2203.950000,2203.950000,44
2016-01-29T11:15:00+05:30,2203.950000,2205.000000,2203.500000,2205.000000,118
2016-01-29T11:30:00+05:30,2205.000000,2207.000000,2203.500000,2203.500000,10
2016-01-29T11:45:00+05:30,2203.500000,2219.000000,2203.500000,2218.950000,142
2016-01-29T12:00:00+05:30,2218.950000,2224.200000,2215.350000,2215.350000,200
2016-01-29T12:15:00+05:30,2215.350000,2215.350000,2215.000000,2215.000000,182
2016-01-29T12:30:00+05:30,2215.000000,2220.000000,2215.000000,2220.000000,59
2016-01-29T12:45:00+05:30,2220.000000,2220.000000,2210.600000,2216.000000,111
2016-01-29T13:00:00+05:30,2216.000000,2220.000000,2213.250000,2220.000000,37
2016-01-29T13:15:00+05:30,2220.000000,2220.000000,2215.400000,2219.850000,82
2016-01-29T13:30:00+05:30,2219.850000,2219.900000,2215.350000,2219.900000,98
2016-01-29T13:45:00+05:30,2219.900000,2224.200000,2218.000000,2224.150000,67
2016-01-29T14:00:00+05:30,2223.950000,2234.700000,2218.000000,2234.700000,508
2016-01-29T14:15:00+05:30,2234.700000,2244.000000,2230.000000,2243.950000,221
2016-01-29T14:30:00+05:30,2243.950000,2249.000000,2238.000000,2242.000000,264
2016-01-29T14:45:00+05:30,2242.000000,2246.750000,2235.600000,2242.000000,541
2016-01-29T15:00:00+05:30,2242.000000,2245.000000,2236.300000,2245.000000,368
2016-01-29T15:15:00+05:30,2225.000000,2235.000000,2225.000000,2228.050000,573
2016-02-01T09:15:00+05:30,2249.000000,2287.000000,2245.750000,2245.750000,232
2016-02-01T09:30:00+05:30,2245.750000,2259.850000,2227.550000,2235.000000,248
2016-02-01T09:45:00+05:30,2235.000000,2259.850000,2235.000000,2240.050000,452
2016-02-01T10:00:00+05:30,2240.050000,2242.000000,2236.000000,2236.000000,463
2016-02-01T10:15:00+05:30,2236.000000,2247.000000,2235.000000,2245.950000,132
2016-02-01T10:30:00+05:30,2247.100000,2248.150000,2242.350000,2248.150000,148
2016-02-01T10:45:00+05:30,2248.150000,2248.150000,2245.050000,2245.050000,83
2016-02-01T11:00:00+05:30,2245.050000,2248.000000,2245.000000,2245.000000,198
2016-02-01T11:15:00+05:30,2245.000000,2245.050000,2245.000000,2245.050000,174
2016-02-01T11:30:00+05:30,2247.050000,2247.050000,2245.000000,2247.000000,161
2016-02-01T11:45:00+05:30,2247.000000,2260.900000,2247.000000,2260.900000,226
2016-02-01T12:00:00+05:30,2260.900000,2260.900000,2255.000000,2260.000000,112
2016-02-01T12:15:00+05:30,2260.000000,2261.000000,2241.000000,2245.000000,553
2016-02-01T12:30:00+05:30,2245.000000,2247.100000,2241.000000,2241.000000,171
2016-02-01T12:45:00+05:30,2241.000000,2241.350000,2241.000000,2241.050000,30
2016-02-01T13:00:00+05:30,2241.050000,2241.900000,2241.050000,2241.250000,15
2016-02-01T13:15:00+05:30,2241.250000,2249.000000,2241.150000,2241.500000,23
2016-02-01T13:30:00+05:30,2241.500000,2254.000000,2241.100000,2243.650000,75
2016-02-01T13:45:00+05:30,2243.650000,2244.800000,2241.150000,2241.350000,28
2016-02-01T14:00:00+05:30,2241.350000,2260.000000,2241.350000,2250.000000,100
2016-02-01T14:15:00+05:30,2250.000000,2256.900000,2250.000000,2250.300000,35
2016-02-01T14:30:00+05:30,2250.300000,2258.700000,2246.100000,2257.850000,216
2016-02-01T14:45:00+05:30,2257.850000,2260.000000,2245.000000,2249.900000,346
2016-02-01T15:00:00+05:30,2249.900000,2259.500000,2248.000000,2250.000000,362
2016-02-01T15:15:00+05:30,2250.000000,2257.800000,2245.000000,2245.050000,302
2016-02-02T09:15:00+05:30,2253.000000,2262.000000,2251.300000,2262.000000,237
2016-02-02T09:30:00+05:30,2262.000000,2263.000000,2261.000000,2263.000000,179
2016-02-02T09:45:00+05:30,2263.000000,2263.000000,2256.050000,2260.000000,93
2016-02-02T10:00:00+05:30,2260.000000,2260.000000,2256.050000,2256.050000,27
2016-02-02T10:15:00+05:30,2256.050000,2263.000000,2256.050000,2257.050000,67
2016-02-02T10:30:00+05:30,2257.050000,2260.000000,2257.050000,2260.000000,119
2016-02-02T10:45:00+05:30,2260.000000,2260.000000,2251.700000,2252.050000,102
2016-02-02T11:00:00+05:30,2252.050000,2257.900000,2251.150000,2257.900000,48
2016-02-02T11:15:00+05:30,2257.900000,2260.000000,2257.000000,2260.000000,127
2016-02-02T11:30:00+05:30,2260.000000,2263.000000,2260.000000,2263.000000,33
2016-02-02T11:45:00+05:30,2263.000000,2263.000000,2260.050000,2260.050000,107
2016-02-02T12:00:00+05:30,2260.050000,2264.000000,2260.050000,2264.000000,80
2016-02-02T12:15:00+05:30,2264.000000,2264.000000,2262.050000,2262.050000,2
2016-02-02T12:30:00+05:30,2262.050000,2262.050000,2260.050000,2260.050000,10
2016-02-02T12:45:00+05:30,2260.050000,2262.050000,2260.050000,2262.050000,11
2016-02-02T13:00:00+05:30,2262.050000,2262.050000,2260.100000,2260.100000,6
2016-02-02T13:15:00+05:30,2260.100000,2261.050000,2260.100000,2261.050000,51
2016-02-02T13:30:00+05:30,2261.050000,2261.150000,2260.000000,2261.150000,396
2016-02-02T13:45:00+05:30,2261.150000,2261.150000,2260.000000,2260.000000,12
2016-02-02T14:00:00+05:30,2260.000000,2260.000000,2258.000000,2258.000000,208
2016-02-02T14:15:00+05:30,2256.900000,2256.900000,2256.900000,2256.900000,2
2016-02-02T14:30:00+05:30,2256.900000,2256.900000,2255.000000,2256.900000,57
2016-02-02T14:45:00+05:30,2256.900000,2265.000000,2255.000000,2260.000000,492
2016-02-02T15:00:00+05:30,2260.000000,2260.000000,2231.000000,2231.000000,475
2016-02-02T15:15:00+05:30,2231.000000,2253.950000,2223.000000,2225.050000,706
2016-02-03T09:15:00+05:30,2240.000000,2240.000000,2220.000000,2220.000000,351
2016-02-03T09:30:00+05:30,2220.000000,2234.150000,2220.000000,2228.050000,157
2016-02-03T09:45:00+05:30,2228.050000,2230.000000,2223.050000,2223.050000,70
2016-02-03T10:00:00+05:30,2223.050000,2232.000000,2222.000000,2232.000000,219
2016-02-03T10:15:00+05:30,2232.000000,2232.000000,2230.000000,2230.000000,14
2016-02-03T10:30:00+05:30,2230.000000,2236.000000,2230.000000,2236.000000,234
2016-02-03T10:45:00+05:30,2236.000000,2240.000000,2232.000000,2232.000000,608
2016-02-03T11:00:00+05:30,2232.000000,2265.000000,2232.000000,2243.000000,570
2016-02-03T11:15:00+05:30,2243.000000,2265.000000,2233.400000,2253.000000,560
2016-02-03T11:30:00+05:30,2253.000000,2260.000000,2236.600000,2236.600000,271
2016-02-03T11:45:00+05:30,2236.600000,2250.000000,2236.600000,2250.000000,81
2016-02-03T12:00:00+05:30,2250.000000,2250.000000,2242.000000,2250.000000,34
2016-02-03T12:15:00+05:30,2250.000000,2250.000000,2245.000000,2250.000000,67
2016-02-03T12:30:00+05:30,2250.000000,2250.000000,2245.000000,2250.000000,155
2016-02-03T12:45:00+05:30,2250.000000,2260.000000,2250.000000,2252.450000,222
2016-02-03T13:00:00+05:30,2252.450000,2257.000000,2252.450000,2253.050000,26
2016-02-03T13:15:00+05:30,2256.900000,2256.900000,2252.450000,2254.000000,99
2016-02-03T13:30:00+05:30,2254.050000,2257.050000,2252.450000,2252.450000,136
2016-02-03T13:45:00+05:30,2252.450000,2254.000000,2252.450000,2252.450000,73
2016-02-03T14:00:00+05:30,2252.450000,2252.450000,2236.600000,2244.900000,168
2016-02-03T14:15:00+05:30,2244.900000,2253.950000,2244.000000,2250.850000,175
2016-02-03T14:30:00+05:30,2250.850000,2259.700000,2241.050000,2241.050000,336
2016-02-03T14:45:00+05:30,2241.050000,2257.000000,2241.050000,2248.000000,358
2016-02-03T15:00:00+05:30,2248.000000,2248.000000,2223.700000,2224.400000,640
2016-02-03T15:15:00+05:30,2224.400000,2245.000000,2224.400000,2240.000000,629
2016-02-04T09:15:00+05:30,2305.050000,2349.950000,2285.200000,2293.000000,7673
2016-02-04T09:30:00+05:30,2293.000000,2293.950000,2270.000000,2280.000000,2534
2016-02-04T09:45:00+05:30,2280.000000,2289.650000,2264.000000,2271.850000,2291
2016-02-04T10:00:00+05:30,2271.850000,2285.000000,2260.000000,2262.050000,3051
2016-02-04T10:15:00+05:30,2262.050000,2270.000000,2255.300000,2260.000000,1350
2016-02-04T10:30:00+05:30,2260.000000,2260.000000,2252.250000,2257.400000,629
2016-02-04T10:45:00+05:30,2257.400000,2265.950000,2257.400000,2265.950000,582
2016-02-04T11:00:00+05:30,2265.950000,2265.950000,2260.050000,2263.000000,179
2016-02-04T11:15:00+05:30,2260.300000,2264.050000,2258.050000,2262.000000,301
2016-02-04T11:30:00+05:30,2262.000000,2270.000000,2262.000000,2267.850000,361
2016-02-04T11:45:00+05:30,2267.850000,2269.000000,2267.000000,2267.000000,170
2016-02-04T12:00:00+05:30,2265.550000,2269.000000,2265.550000,2268.000000,189
2016-02-04T12:15:00+05:30,2268.000000,2270.000000,2265.550000,2269.950000,491
2016-02-04T12:30:00+05:30,2270.000000,2270.000000,2267.300000,2270.000000,478
2016-02-04T12:45:00+05:30,2267.500000,2270.000000,2265.550000,2265.550000,277
2016-02-04T13:00:00+05:30,2265.550000,2270.000000,2265.550000,2268.000000,557
2016-02-04T13:15:00+05:30,2268.000000,2270.000000,2267.900000,2269.950000,181
2016-02-04T13:30:00+05:30,2269.950000,2269.950000,2265.550000,2265.550000,237
2016-02-04T13:45:00+05:30,2265.550000,2268.750000,2252.250000,2264.800000,1015
2016-02-04T14:00:00+05:30,2264.800000,2268.500000,2261.000000,2262.000000,159
2016-02-04T14:15:00+05:30,2260.100000,2264.700000,2239.000000,2241.350000,1059
2016-02-04T14:30:00+05:30,2241.550000,2254.000000,2231.500000,2231.500000,1441
2016-02-04T14:45:00+05:30,2231.550000,2239.950000,2230.000000,2232.150000,691
2016-02-04T15:00:00+05:30,2232.150000,2249.000000,2232.150000,2238.950000,888
2016-02-04T15:15:00+05:30,2238.850000,2240.000000,2222.000000,2229.000000,1616
2016-02-05T09:15:00+05:30,2276.000000,2276.000000,2230.000000,2236.650000,466
2016-02-05T09:30:00+05:30,2236.650000,2240.000000,2210.000000,2221.550000,598
2016-02-05T09:45:00+05:30,2221.550000,2221.550000,2195.350000,2216.050000,835
2016-02-05T10:00:00+05:30,2216.050000,2226.700000,2215.000000,2226.700000,430
2016-02-05T10:15:00+05:30,2226.700000,2229.800000,2214.850000,2217.350000,191
2016-02-05T10:30:00+05:30,2215.950000,2220.000000,2215.900000,2220.000000,513
2016-02-05T10:45:00+05:30,2220.000000,2226.250000,2216.000000,2219.950000,372
2016-02-05T11:00:00+05:30,2219.950000,2220.000000,2216.000000,2217.000000,204
2016-02-05T11:15:00+05:30,2217.000000,2235.050000,2216.050000,2235.050000,641
2016-02-05T11:30:00+05:30,2235.050000,2235.050000,2223.750000,2229.000000,433
2016-02-05T11:45:00+05:30,2229.000000,2229.000000,2224.550000,2225.000000,78
2016-02-05T12:00:00+05:30,2225.000000,2234.000000,2225.000000,2234.000000,116
2016-02-05T12:15:00+05:30,2234.000000,2235.000000,2215.000000,2235.000000,235
2016-02-05T12:30:00+05:30,2235.000000,2235.000000,2232.650000,2234.450000,43
2016-02-05T12:45:00+05:30,2234.450000,2234.500000,2226.300000,2234.500000,116
2016-02-05T13:00:00+05:30,2234.500000,2235.050000,2222.000000,2235.050000,215
2016-02-05T13:15:00+05:30,2235.000000,2255.000000,2235.000000,2250.000000,882
2016-02-05T13:30:00+05:30,2251.600000,2255.000000,2241.300000,2250.250000,468
2016-02-05T13:45:00+05:30,2250.250000,2250.250000,2239.450000,2242.000000,43
2016-02-05T14:00:00+05:30,2242.000000,2242.000000,2234.450000,2238.600000,137
2016-02-05T14:15:00+05:30,2238.600000,2240.000000,2215.000000,2230.000000,445
2016-02-05T14:30:00+05:30,2230.000000,2235.000000,2226.000000,2230.000000,152
2016-02-05T14:45:00+05:30,2230.000000,2235.000000,2225.000000,2230.500000,317
2016-02-05T15:00:00+05:30,2230.500000,2232.000000,2225.000000,2229.950000,770
2016-02-05T15:15:00+05:30,2229.950000,2265.000000,2226.000000,2227.100000,2724
2016-02-08T09:15:00+05:30,2230.000000,2244.800000,2229.950000,2231.000000,242
2016-02-08T09:30:00+05:30,2231.000000,2234.900000,2225.000000,2227.350000,162
2016-02-08T09:45:00+05:30,2227.350000,2239.950000,2220.000000,2220.000000,369
2016-02-08T10:00:00+05:30,2220.000000,2230.050000,2220.000000,2229.950000,647
2016-02-08T10:15:00+05:30,2226.400000,2229.000000,2224.000000,2224.100000,106
2016-02-08T10:30:00+05:30,2224.100000,2227.500000,2220.050000,2220.050000,339
2016-02-08T10:45:00+05:30,2220.050000,2225.900000,2220.050000,2220.150000,234
2016-02-08T11:00:00+05:30,2220.150000,2225.000000,2207.000000,2223.750000,572
2016-02-08T11:15:00+05:30,2223.750000,2223.750000,2210.000000,2212.300000,308
2016-02-08T11:30:00+05:30,2212.300000,2220.000000,2210.000000,2210.050000,201
2016-02-08T11:45:00+05:30,2210.050000,2218.750000,2210.050000,2216.900000,257
2016-02-08T12:00:00+05:30,2216.850000,2220.000000,2210.300000,2218.000000,76
2016-02-08T12:15:00+05:30,2218.000000,2218.000000,2211.000000,2213.750000,65
2016-02-08T12:30:00+05:30,2213.750000,2217.950000,2211.300000,2215.000000,231
2016-02-08T12:45:00+05:30,2215.000000,2218.300000,2212.250000,2218.300000,56
2016-02-08T13:00:00+05:30,2219.450000,2220.000000,2214.000000,2219.900000,32
2016-02-08T13:15:00+05:30,2219.900000,2220.000000,2216.850000,2220.000000,30
2016-02-08T13:30:00+05:30,2220.000000,2220.000000,2214.000000,2219.000000,79
2016-02-08T13:45:00+05:30,2219.000000,2219.000000,2211.000000,2216.300000,298
2016-02-08T14:00:00+05:30,2216.300000,2217.300000,2213.050000,2213.050000,103
2016-02-08T14:15:00+05:30,2213.050000,2218.000000,2211.000000,2215.000000,187
2016-02-08T14:30:00+05:30,2215.000000,2215.750000,2210.100000,2210.150000,166
2016-02-08T14:45:00+05:30,2210.150000,2210.350000,2207.000000,2210.000000,397
2016-02-08T15:00:00+05:30,2210.000000,2218.400000,2200.000000,2218.250000,588
2016-02-08T15:15:00+05:30,2218.250000,2218.250000,2200.000000,2200.000000,807
2016-02-09T09:15:00+05:30,2207.000000,2207.000000,2175.550000,2189.950000,643
2016-02-09T09:30:00+05:30,2186.050000,2189.900000,2178.000000,2178.000000,268
2016-02-09T09:45:00+05:30,2178.000000,2189.550000,2178.000000,2189.550000,108
2016-02-09T10:00:00+05:30,2189.550000,2189.550000,2180.400000,2182.000000,60
2016-02-09T10:15:00+05:30,2182.000000,2185.000000,2182.000000,2183.000000,20
2016-02-09T10:30:00+05:30,2183.000000,2189.550000,2183.000000,2183.850000,184
2016-02-09T10:45:00+05:30,2183.850000,2189.550000,2183.850000,2189.550000,165
2016-02-09T11:00:00+05:30,2189.550000,2189.550000,2189.000000,2189.000000,98
2016-02-09T11:15:00+05:30,2189.000000,2189.000000,2168.700000,2170.000000,558
2016-02-09T11:30:00+05:30,2170.000000,2179.000000,2170.000000,2179.000000,25
2016-02-09T11:45:00+05:30,2179.000000,2190.050000,2171.000000,2183.350000,288
2016-02-09T12:00:00+05:30,2183.350000,2185.050000,2183.000000,2183.000000,71
2016-02-09T12:15:00+05:30,2183.000000,2183.000000,2175.000000,2175.000000,1985
2016-02-09T12:30:00+05:30,2175.000000,2181.500000,2175.000000,2176.300000,29
2016-02-09T12:45:00+05:30,2176.300000,2184.500000,2176.300000,2184.500000,29
2016-02-09T13:00:00+05:30,2184.500000,2188.400000,2184.000000,2185.000000,23
2016-02-09T13:15:00+05:30,2185.000000,2195.000000,2185.000000,2187.900000,183
2016-02-09T13:30:00+05:30,2187.900000,2196.950000,2187.900000,2196.950000,41
2016-02-09T13:45:00+05:30,2196.950000,2196.950000,2190.750000,2192.100000,86
2016-02-09T14:00:00+05:30,2192.100000,2193.100000,2190.750000,2192.100000,170
2016-02-09T14:15:00+05:30,2196.000000,2197.800000,2181.800000,2184.000000,203
2016-02-09T14:30:00+05:30,2184.000000,2190.000000,2181.800000,2185.000000,362
2016-02-09T14:45:00+05:30,2185.000000,2197.000000,2185.000000,2192.500000,214
2016-02-09T15:00:00+05:30,2192.500000,2196.950000,2191.800000,2196.950000,243
2016-02-09T15:15:00+05:30,2196.950000,2196.950000,2186.300000,2190.150000,248
2016-02-10T09:15:00+05:30,2182.550000,2190.000000,2182.550000,2186.950000,126
2016-02-10T09:30:00+05:30,2186.950000,2186.950000,2172.400000,2172.400000,295
2016-02-10T09:45:00+05:30,2172.400000,2172.450000,2152.000000,2162.050000,160
2016-02-10T10:00:00+05:30,2162.050000,2172.000000,2160.050000,2172.000000,85
2016-02-10T10:15:00+05:30,2172.000000,2173.000000,2160.000000,2160.000000,321
2016-02-10T10:30:00+05:30,2160.000000,2165.000000,2160.000000,2165.000000,69
2016-02-10T10:45:00+05:30,2165.000000,2170.000000,2160.500000,2170.000000,124
2016-02-10T11:00:00+05:30,2170.000000,2173.550000,2165.000000,2165.000000,46
2016-02-10T11:15:00+05:30,2165.000000,2170.300000,2160.500000,2160.500000,139
2016-02-10T11:30:00+05:30,2160.500000,2164.250000,2160.500000,2162.350000,36
2016-02-10T11:45:00+05:30,2160.550000,2170.000000,2160.500000,2168.100000,88
2016-02-10T12:00:00+05:30,2166.000000,2169.950000,2160.500000,2163.600000,142
2016-02-10T12:15:00+05:30,2163.600000,2166.000000,2163.600000,2166.000000,19
2016-02-10T12:30:00+05:30,2166.000000,2180.000000,2166.000000,2178.000000,435
2016-02-10T12:45:00+05:30,2178.000000,2185.000000,2178.000000,2180.000000,151
2016-02-10T13:00:00+05:30,2180.000000,2182.400000,2176.050000,2176.050000,92
2016-02-10T13:15:00+05:30,2176.000000,2184.900000,2176.000000,2176.850000,59
2016-02-10T13:30:00+05:30,2176.850000,2178.000000,2168.300000,2176.000000,71
2016-02-10T13:45:00+05:30,2176.000000,2176.000000,2167.000000,2173.450000,36
2016-02-10T14:00:00+05:30,2173.450000,2173.450000,2160.400000,2170.000000,374
2016-02-10T14:15:00+05:30,2167.950000,2169.950000,2161.950000,2169.150000,265
2016-02-10T14:30:00+05:30,2169.150000,2174.000000,2165.950000,2170.950000,226
2016-02-10T14:45:00+05:30,2170.950000,2170.950000,2161.150000,2162.000000,219
2016-02-10T15:00:00+05:30,2162.000000,2167.000000,2152.000000,2154.950000,247
2016-02-10T15:15:00+05:30,2152.000000,2164.000000,2150.000000,2153.000000,751
2016-02-11T09:15:00+05:30,2135.150000,2167.000000,2135.150000,2155.250000,204
2016-02-11T09:30:00+05:30,2155.200000,2155.200000,2140.000000,2144.800000,87
2016-02-11T09:45:00+05:30,2144.800000,2144.800000,2137.300000,2137.300000,149
2016-02-11T10:00:00+05:30,2137.300000,2142.150000,2135.000000,2140.000000,213
2016-02-11T10:15:00+05:30,2134.050000,2139.900000,2133.300000,2139.900000,63
2016-02-11T10:30:00+05:30,2139.900000,2139.900000,2135.000000,2135.000000,23
2016-02-11T10:45:00+05:30,2135.000000,2140.000000,2125.000000,2125.000000,222
2016-02-11T11:00:00+05:30,2125.000000,2125.000000,2101.100000,2109.950000,542
2016-02-11T11:15:00+05:30,2109.950000,2120.000000,2109.950000,2120.000000,65
2016-02-11T11:30:00+05:30,2120.000000,2120.000000,2112.000000,2112.000000,49
2016-02-11T11:45:00+05:30,2112.000000,2116.950000,2111.000000,2113.050000,23
2016-02-11T12:00:00+05:30,2116.950000,2120.000000,2111.050000,2115.000000,129
2016-02-11T12:15:00+05:30,2115.000000,2120.000000,2107.950000,2107.950000,176
2016-02-11T12:30:00+05:30,2107.950000,2124.900000,2105.150000,2119.950000,140
2016-02-11T12:45:00+05:30,2119.950000,2119.950000,2101.000000,2104.650000,596
2016-02-11T13:00:00+05:30,2104.650000,2104.650000,2090.050000,2092.200000,677
2016-02-11T13:15:00+05:30,2092.200000,2100.000000,2092.200000,2100.000000,226
2016-02-11T13:30:00+05:30,2100.000000,2100.000000,2095.000000,2095.050000,497
2016-02-11T13:45:00+05:30,2095.050000,2100.000000,2082.450000,2090.200000,706
2016-02-11T14:00:00+05:30,2090.200000,2100.000000,2090.200000,2094.950000,432
2016-02-11T14:15:00+05:30,2094.950000,2096.200000,2090.000000,2095.750000,392
2016-02-11T14:30:00+05:30,2096.200000,2099.000000,2075.000000,2085.500000,802
2016-02-11T14:45:00+05:30,2085.500000,2085.500000,2071.100000,2083.900000,684
2016-02-11T15:00:00+05:30,2083.900000,2084.950000,2040.950000,2082.950000,1650
2016-02-11T15:15:00+05:30,2082.950000,2082.950000,2060.000000,2070.000000,1051
2016-02-12T09:15:00+05:30,2099.000000,2099.000000,2050.000000,2061.000000,380
2016-02-12T09:30:00+05:30,2065.000000,2079.000000,2060.000000,2064.000000,339
2016-02-12T09:45:00+05:30,2064.000000,2064.000000,2060.000000,2064.000000,85
2016-02-12T10:00:00+05:30,2064.000000,2065.000000,2007.600000,2008.650000,654
2016-02-12T10:15:00+05:30,2008.650000,2010.000000,1995.000000,2005.000000,425
2016-02-12T10:30:00+05:30,2000.050000,2000.050000,1982.400000,2000.000000,424
2016-02-12T10:45:00+05:30,1997.000000,2005.500000,1993.000000,1993.000000,185
2016-02-12T11:00:00+05:30,1992.900000,2000.000000,1986.000000,1995.000000,199
2016-02-12T11:15:00+05:30,1995.000000,1999.150000,1992.000000,1993.950000,321
2016-02-12T11:30:00+05:30,1998.000000,1998.000000,1986.000000,1987.650000,155
2016-02-12T11:45:00+05:30,1987.650000,1988.600000,1965.000000,1974.850000,540
2016-02-12T12:00:00+05:30,1974.850000,1980.000000,1965.000000,1970.000000,249
2016-02-12T12:15:00+05:30,1970.000000,1983.000000,1970.000000,1973.000000,172
2016-02-12T12:30:00+05:30,1973.000000,1988.000000,1962.050000,1986.700000,386
2016-02-12T12:45:00+05:30,1986.700000,1994.900000,1975.300000,1988.700000,280
2016-02-12T13:00:00+05:30,1988.700000,2005.000000,1980.100000,1980.350000,427
2016-02-12T13:15:00+05:30,1980.350000,1990.000000,1980.350000,1986.200000,95
2016-02-12T13:30:00+05:30,1983.100000,2000.000000,1983.100000,2000.000000,182
2016-02-12T13:45:00+05:30,2000.000000,2000.000000,1990.050000,1993.950000,44
2016-02-12T14:00:00+05:30,1993.950000,2011.900000,1990.100000,2000.300000,378
2016-02-12T14:15:00+05:30,2000.300000,2019.950000,2000.000000,2009.000000,752
2016-02-12T14:30:00+05:30,2009.000000,2020.000000,2009.000000,2016.000000,241
2016-02-12T14:45:00+05:30,2016.000000,2020.000000,2009.000000,2009.000000,670
2016-02-12T15:00:00+05:30,2009.000000,2009.900000,1985.000000,1985.000000,520
2016-02-12T15:15:00+05:30,1985.000000,2000.000000,1974.000000,1980.000000,2961
2016-02-15T09:15:00+05:30,2025.000000,2025.000000,2010.100000,2023.000000,361
2016-02-15T09:30:00+05:30,2023.000000,2025.000000,2018.000000,2024.000000,90
2016-02-15T09:45:00+05:30,2024.000000,2039.000000,2020.000000,2036.000000,245
2016-02-15T10:00:00+05:30,2036.000000,2036.000000,2011.100000,2017.000000,134
2016-02-15T10:15:00+05:30,2017.000000,2017.000000,2010.000000,2011.700000,311
2016-02-15T10:30:00+05:30,2011.700000,2018.000000,2010.050000,2016.000000,88
2016-02-15T10:45:00+05:30,2016.000000,2018.000000,2013.250000,2018.000000,23
2016-02-15T11:00:00+05:30,2020.000000,2022.000000,2013.150000,2013.250000,189
2016-02-15T11:15:00+05:30,2013.250000,2025.000000,2013.250000,2024.950000,174
2016-02-15T11:30:00+05:30,2024.950000,2024.950000,2020.000000,2021.000000,96
2016-02-15T11:45:00+05:30,2021.000000,2022.000000,2015.050000,2019.000000,29
2016-02-15T12:00:00+05:30,2019.000000,2022.000000,2019.000000,2022.000000,59
2016-02-15T12:15:00+05:30,2022.000000,2024.950000,2017.200000,2024.950000,110
2016-02-15T12:30:00+05:30,2024.950000,2024.950000,2018.300000,2021.000000,29
2016-02-15T12:45:00+05:30,2021.000000,2021.100000,2018.800000,2020.050000,236
2016-02-15T13:00:00+05:30,2020.050000,2021.950000,2015.000000,2015.000000,226
2016-02-15T13:15:00+05:30,2015.000000,2020.000000,2003.300000,2005.500000,635
2016-02-15T13:30:00+05:30,2005.500000,2010.000000,2000.050000,2001.250000,267
2016-02-15T13:45:00+05:30,2001.250000,2011.000000,2001.250000,2005.600000,182
2016-02-15T14:00:00+05:30,2005.600000,2013.000000,2004.000000,2013.000000,41
2016-02-15T14:15:00+05:30,2013.000000,2015.000000,2002.050000,2007.100000,686
2016-02-15T14:30:00+05:30,2007.100000,2012.000000,2007.100000,2011.100000,66
2016-02-15T14:45:00+05:30,2011.100000,2015.000000,2005.050000,2014.900000,275
2016-02-15T15:00:00+05:30,2014.900000,2014.900000,2000.200000,2000.200000,682
2016-02-15T15:15:00+05:30,2000.200000,2010.000000,1996.000000,2007.000000,1156
2016-02-16T09:15:00+05:30,2001.000000,2019.900000,1999.000000,1999.000000,226
2016-02-16T09:30:00+05:30,1999.000000,2000.250000,1982.350000,1991.000000,278
2016-02-16T09:45:00+05:30,1992.000000,1999.000000,1986.600000,1996.000000,260
2016-02-16T10:00:00+05:30,1996.000000,1999.900000,1981.250000,1984.900000,123
2016-02-16T10:15:00+05:30,1988.000000,1989.000000,1981.250000,1988.000000,219
2016-02-16T10:30:00+05:30,1988.000000,1988.000000,1982.250000,1988.000000,206
2016-02-16T10:45:00+05:30,1988.000000,1989.500000,1986.000000,1989.000000,268
2016-02-16T11:00:00+05:30,1989.000000,1989.300000,1986.000000,1989.300000,44
2016-02-16T11:15:00+05:30,1989.300000,1989.300000,1981.250000,1981.250000,436
2016-02-16T11:30:00+05:30,1981.250000,1982.000000,1975.000000,1980.000000,214
2016-02-16T11:45:00+05:30,1980.000000,1980.000000,1975.200000,1980.000000,37
2016-02-16T12:00:00+05:30,1980.000000,1980.000000,1974.650000,1975.000000,229
2016-02-16T12:15:00+05:30,1975.000000,1980.000000,1968.000000,1973.000000,345
2016-02-16T12:30:00+05:30,1973.000000,1975.000000,1963.600000,1966.200000,183
2016-02-16T12:45:00+05:30,1966.200000,1972.000000,1966.000000,1970.300000,80
2016-02-16T13:00:00+05:30,1970.300000,1975.050000,1970.150000,1975.050000,43
2016-02-16T13:15:00+05:30,1975.050000,1979.900000,1970.300000,1970.700000,108
2016-02-16T13:30:00+05:30,1970.700000,1983.000000,1970.350000,1970.350000,200
2016-02-16T13:45:00+05:30,1970.350000,1978.050000,1970.150000,1970.150000,168
2016-02-16T14:00:00+05:30,1970.150000,1970.350000,1966.000000,1970.000000,152
2016-02-16T14:15:00+05:30,1970.000000,1977.000000,1970.000000,1974.000000,96
2016-02-16T14:30:00+05:30,1974.000000,1974.000000,1966.000000,1966.100000,159
2016-02-16T14:45:00+05:30,1966.100000,1985.500000,1965.000000,1985.500000,751
2016-02-16T15:00:00+05:30,1985.500000,1985.500000,1970.100000,1976.650000,407
2016-02-16T15:15:00+05:30,1976.650000,2005.000000,1974.300000,1976.900000,1096
2016-02-17T09:15:00+05:30,1988.000000,1992.850000,1974.000000,1980.400000,102
2016-02-17T09:30:00+05:30,1980.400000,1985.000000,1960.000000,1962.950000,592
2016-02-17T09:45:00+05:30,1962.950000,1970.000000,1952.700000,1959.000000,273
2016-02-17T10:00:00+05:30,1959.000000,1965.000000,1938.000000,1940.000000,708
2016-02-17T10:15:00+05:30,1940.000000,1953.000000,1940.000000,1953.000000,107
2016-02-17T10:30:00+05:30,1953.000000,1964.500000,1950.200000,1959.700000,376
2016-02-17T10:45:00+05:30,1959.700000,1959.950000,1951.500000,1959.950000,110
2016-02-17T11:00:00+05:30,1959.950000,1960.000000,1955.000000,1959.950000,85
2016-02-17T11:15:00+05:30,1959.950000,1964.900000,1956.000000,1960.100000,175
2016-02-17T11:30:00+05:30,1960.100000,1964.950000,1960.000000,1964.950000,116
2016-02-17T11:45:00+05:30,1964.950000,1964.950000,1955.000000,1959.950000,286
2016-02-17T12:00:00+05:30,1959.950000,1959.950000,1950.100000,1955.050000,85
2016-02-17T12:15:00+05:30,1955.050000,1959.650000,1941.100000,1945.000000,572
2016-02-17T12:30:00+05:30,1945.000000,1947.950000,1935.000000,1947.950000,467
2016-02-17T12:45:00+05:30,1947.950000,1948.000000,1932.550000,1947.350000,564
2016-02-17T13:00:00+05:30,1947.350000,1948.050000,1934.050000,1944.050000,214
2016-02-17T13:15:00+05:30,1944.050000,1949.750000,1939.950000,1947.000000,93
2016-02-17T13:30:00+05:30,1947.000000,1949.800000,1946.300000,1949.500000,102
2016-02-17T13:45:00+05:30,1949.500000,1950.000000,1940.000000,1949.950000,558
2016-02-17T14:00:00+05:30,1949.950000,1956.000000,1947.000000,1952.550000,269
2016-02-17T14:15:00+05:30,1952.550000,1959.850000,1952.550000,1955.000000,297
2016-02-17T14:30:00+05:30,1951.000000,1970.000000,1951.000000,1970.000000,679
2016-02-17T14:45:00+05:30,1970.000000,1970.000000,1960.000000,1965.000000,227
2016-02-17T15:00:00+05:30,1965.000000,1971.950000,1965.000000,1971.950000,541
2016-02-17T15:15:00+05:30,1970.000000,1996.250000,1957.000000,1976.050000,1659
2016-02-18T09:15:00+05:30,2000.000000,2000.000000,1985.000000,1992.050000,372
2016-02-18T09:30:00+05:30,1992.050000,1996.400000,1988.050000,1992.000000,251
2016-02-18T09:45:00+05:30,1992.000000,1998.000000,1990.000000,1995.000000,233
2016-02-18T10:00:00+05:30,1995.000000,1998.000000,1986.000000,1986.000000,138
2016-02-18T10:15:00+05:30,1986.000000,1988.500000,1985.000000,1985.150000,36
2016-02-18T10:30:00+05:30,1985.150000,1988.450000,1983.000000,1988.450000,194
2016-02-18T10:45:00+05:30,1988.450000,1988.450000,1982.500000,1988.000000,69
2016-02-18T11:00:00+05:30,1988.000000,1996.000000,1985.000000,1995.000000,187
2016-02-18T11:15:00+05:30,1995.000000,1999.000000,1993.000000,1995.000000,244
2016-02-18T11:30:00+05:30,1995.000000,1995.000000,1983.000000,1991.500000,254
2016-02-18T11:45:00+05:30,1991.500000,1991.500000,1988.000000,1990.000000,14
2016-02-18T12:00:00+05:30,1990.000000,1994.900000,1987.000000,1989.050000,35
2016-02-18T12:15:00+05:30,1984.000000,1989.900000,1984.000000,1988.000000,22
2016-02-18T12:30:00+05:30,1988.000000,1988.000000,1982.500000,1984.200000,64
2016-02-18T12:45:00+05:30,1984.200000,1988.000000,1983.050000,1983.050000,25
2016-02-18T13:00:00+05:30,1983.050000,1988.500000,1983.050000,1988.000000,19
2016-02-18T13:15:00+05:30,1988.000000,1988.500000,1980.000000,1980.000000,164
2016-02-18T13:30:00+05:30,1980.000000,1986.000000,1977.000000,1981.000000,94
2016-02-18T13:45:00+05:30,1981.000000,1990.000000,1981.000000,1990.000000,164
2016-02-18T14:00:00+05:30,1990.000000,1990.000000,1978.150000,1980.650000,174
2016-02-18T14:15:00+05:30,1980.650000,1991.000000,1980.650000,1988.150000,98
2016-02-18T14:30:00+05:30,1988.150000,1995.000000,1978.100000,1980.000000,315
2016-02-18T14:45:00+05:30,1980.000000,1985.000000,1978.000000,1985.000000,459
2016-02-18T15:00:00+05:30,1985.000000,1989.400000,1980.000000,1982.050000,249
2016-02-18T15:15:00+05:30,1982.050000,2000.000000,1980.000000,1981.050000,1840
2016-02-19T09:15:00+05:30,1999.950000,1999.950000,1971.000000,1975.000000,189
2016-02-19T09:30:00+05:30,1975.000000,1975.000000,1971.000000,1975.000000,139
2016-02-19T09:45:00+05:30,1975.000000,1975.000000,1965.000000,1967.650000,142
2016-02-19T10:00:00+05:30,1965.000000,1970.000000,1961.800000,1970.000000,84
2016-02-19T10:15:00+05:30,1970.000000,1974.000000,1970.000000,1974.000000,23
2016-02-19T10:30:00+05:30,1974.000000,1974.000000,1963.100000,1969.850000,67
2016-02-19T10:45:00+05:30,1969.850000,1970.000000,1969.850000,1970.000000,72
2016-02-19T11:00:00+05:30,1970.000000,1970.000000,1966.100000,1968.000000,44
2016-02-19T11:15:00+05:30,1968.000000,1968.000000,1963.300000,1963.300000,128
2016-02-19T11:30:00+05:30,1963.300000,1965.400000,1962.350000,1962.350000,34
2016-02-19T11:45:00+05:30,1962.100000,1964.800000,1957.050000,1959.000000,335
2016-02-19T12:00:00+05:30,1959.000000,1960.000000,1956.600000,1957.000000,167
2016-02-19T12:15:00+05:30,1957.000000,1961.900000,1957.000000,1959.800000,133
2016-02-19T12:30:00+05:30,1959.800000,1961.900000,1957.100000,1959.900000,98
2016-02-19T12:45:00+05:30,1959.900000,1960.000000,1958.000000,1960.000000,56
2016-02-19T13:00:00+05:30,1960.000000,1963.700000,1960.000000,1963.700000,58
2016-02-19T13:15:00+05:30,1963.700000,1963.900000,1961.050000,1961.050000,113
2016-02-19T13:30:00+05:30,1963.900000,1965.000000,1960.150000,1960.150000,203
2016-02-19T13:45:00+05:30,1960.150000,1970.500000,1960.150000,1965.000000,294
2016-02-19T14:00:00+05:30,1970.000000,1975.000000,1967.050000,1970.000000,176
2016-02-19T14:15:00+05:30,1970.000000,1975.000000,1965.050000,1970.350000,316
2016-02-19T14:30:00+05:30,1970.350000,1975.000000,1970.350000,1975.000000,71
2016-02-19T14:45:00+05:30,1975.000000,1977.000000,1971.000000,1975.500000,231
2016-02-19T15:00:00+05:30,1978.900000,1978.900000,1965.000000,1967.000000,230
2016-02-19T15:15:00+05:30,1967.000000,1997.400000,1958.000000,1958.000000,3294
2016-02-22T09:15:00+05:30,1976.000000,1977.000000,1952.650000,1973.750000,238
2016-02-22T09:30:00+05:30,1973.750000,1973.750000,1964.000000,1965.000000,35
2016-02-22T09:45:00+05:30,1965.000000,1970.000000,1965.000000,1969.950000,107
2016-02-22T10:00:00+05:30,1969.950000,1969.950000,1966.000000,1966.000000,29
2016-02-22T10:15:00+05:30,1965.000000,1969.700000,1965.000000,1969.700000,28
2016-02-22T10:30:00+05:30,1969.700000,1969.900000,1960.800000,1965.000000,341
2016-02-22T10:45:00+05:30,1965.000000,1966.000000,1963.000000,1963.000000,55
2016-02-22T11:00:00+05:30,1966.950000,1966.950000,1966.950000,1966.950000,60
2016-02-22T11:15:00+05:30,1966.950000,1969.900000,1965.200000,1969.750000,50
2016-02-22T11:30:00+05:30,1969.750000,1969.750000,1961.050000,1963.950000,67
2016-02-22T11:45:00+05:30,1961.050000,1966.800000,1961.050000,1966.800000,60
2016-02-22T12:00:00+05:30,1966.800000,1966.800000,1961.000000,1961.000000,77
2016-02-22T12:15:00+05:30,1961.000000,1963.850000,1961.000000,1961.000000,12
2016-02-22T12:30:00+05:30,1961.000000,1963.800000,1961.000000,1963.800000,60
2016-02-22T12:45:00+05:30,1963.800000,1963.800000,1961.000000,1961.000000,284
2016-02-22T13:00:00+05:30,1961.000000,1968.000000,1961.000000,1963.800000,62
2016-02-22T13:15:00+05:30,1963.800000,1965.000000,1963.800000,1965.000000,6
2016-02-22T13:30:00+05:30,1965.000000,1970.000000,1961.100000,1969.900000,141
2016-02-22T13:45:00+05:30,1969.900000,1969.900000,1964.000000,1964.000000,28
2016-02-22T14:00:00+05:30,1964.000000,1968.000000,1964.000000,1968.000000,101
2016-02-22T14:15:00+05:30,1968.000000,1970.000000,1968.000000,1968.000000,199
2016-02-22T14:30:00+05:30,1968.000000,1979.000000,1963.000000,1977.000000,712
2016-02-22T14:45:00+05:30,1977.000000,1984.000000,1970.000000,1974.800000,732
2016-02-22T15:00:00+05:30,1974.800000,1979.700000,1965.100000,1972.000000,573
2016-02-22T15:15:00+05:30,1972.000000,1974.950000,1950.000000,1959.750000,2160
2016-02-23T09:15:00+05:30,1964.000000,1964.000000,1948.150000,1954.000000,639
2016-02-23T09:30:00+05:30,1954.000000,1954.000000,1948.150000,1949.000000,168
2016-02-23T09:45:00+05:30,1949.000000,1950.000000,1939.350000,1950.000000,148
2016-02-23T10:00:00+05:30,1950.000000,1951.400000,1949.750000,1951.400000,17
2016-02-23T10:15:00+05:30,1951.400000,1951.400000,1948.050000,1949.000000,17
2016-02-23T10:30:00+05:30,1949.000000,1949.000000,1930.000000,1930.000000,759
2016-02-23T10:45:00+05:30,1930.000000,1930.150000,1918.000000,1920.000000,755
2016-02-23T11:00:00+05:30,1920.000000,1932.000000,1920.000000,1924.100000,273
2016-02-23T11:15:00+05:30,1924.100000,1937.000000,1924.100000,1935.000000,623
2016-02-23T11:30:00+05:30,1933.000000,1935.000000,1928.000000,1928.000000,120
2016-02-23T11:45:00+05:30,1928.050000,1930.300000,1917.000000,1919.000000,528
2016-02-23T12:00:00+05:30,1919.800000,1924.950000,1919.000000,1919.000000,214
2016-02-23T12:15:00+05:30,1918.500000,1923.750000,1916.000000,1921.000000,237
2016-02-23T12:30:00+05:30,1920.900000,1923.900000,1918.000000,1920.000000,84
2016-02-23T12:45:00+05:30,1920.000000,1922.000000,1918.000000,1922.000000,45
2016-02-23T13:00:00+05:30,1922.000000,1922.000000,1918.000000,1918.000000,43
2016-02-23T13:15:00+05:30,1918.000000,1925.000000,1918.000000,1924.500000,367
2016-02-23T13:30:00+05:30,1924.500000,1924.500000,1918.050000,1918.050000,112
2016-02-23T13:45:00+05:30,1918.050000,1924.850000,1912.000000,1913.500000,614
2016-02-23T14:00:00+05:30,1913.500000,1924.850000,1913.000000,1913.000000,1225
2016-02-23T14:15:00+05:30,1912.000000,1919.950000,1911.000000,1915.000000,609
2016-02-23T14:30:00+05:30,1915.000000,1920.000000,1915.000000,1918.950000,379
2016-02-23T14:45:00+05:30,1919.000000,1927.300000,1916.000000,1923.050000,540
2016-02-23T15:00:00+05:30,1923.050000,1929.000000,1918.500000,1926.000000,628
2016-02-23T15:15:00+05:30,1926.000000,1931.600000,1915.000000,1916.850000,2079
2016-02-24T09:15:00+05:30,1918.850000,1923.000000,1901.100000,1905.950000,415
2016-02-24T09:30:00+05:30,1905.950000,1922.000000,1903.000000,1911.000000,681
2016-02-24T09:45:00+05:30,1911.000000,1920.000000,1907.050000,1912.900000,345
2016-02-24T10:00:00+05:30,1912.900000,1913.900000,1907.050000,1907.150000,150
2016-02-24T10:15:00+05:30,1909.400000,1913.850000,1905.800000,1905.800000,147
2016-02-24T10:30:00+05:30,1905.800000,1909.950000,1890.100000,1893.000000,841
2016-02-24T10:45:00+05:30,1893.000000,1897.000000,1880.000000,1882.550000,502
2016-02-24T11:00:00+05:30,1882.550000,1890.000000,1878.700000,1878.700000,783
2016-02-24T11:15:00+05:30,1878.700000,1884.950000,1878.000000,1879.950000,115
2016-02-24T11:30:00+05:30,1879.950000,1893.200000,1879.950000,1880.000000,410
2016-02-24T11:45:00+05:30,1880.000000,1892.000000,1880.000000,1888.000000,131
2016-02-24T12:00:00+05:30,1888.000000,1890.000000,1886.000000,1890.000000,176
2016-02-24T12:15:00+05:30,1890.000000,1890.000000,1886.000000,1889.000000,11
2016-02-24T12:30:00+05:30,1889.000000,1891.000000,1886.000000,1890.000000,67
2016-02-24T12:45:00+05:30,1890.000000,1896.000000,1890.000000,1890.300000,714
2016-02-24T13:00:00+05:30,1890.300000,1896.500000,1874.100000,1876.000000,1785
2016-02-24T13:15:00+05:30,1878.150000,1900.000000,1878.150000,1894.750000,1429
2016-02-24T13:30:00+05:30,1894.750000,1894.750000,1890.000000,1890.000000,937
2016-02-24T13:45:00+05:30,1890.000000,1892.000000,1890.000000,1892.000000,307
2016-02-24T14:00:00+05:30,1892.500000,1893.000000,1890.000000,1890.000000,227
2016-02-24T14:15:00+05:30,1890.000000,1894.000000,1890.000000,1892.000000,250
2016-02-24T14:30:00+05:30,1892.000000,1894.000000,1890.000000,1890.700000,1074
2016-02-24T14:45:00+05:30,1890.700000,1900.000000,1890.000000,1890.000000,722
2016-02-24T15:00:00+05:30,1890.000000,1899.000000,1890.000000,1890.000000,1059
2016-02-24T15:15:00+05:30,1890.000000,1898.950000,1872.000000,1872.000000,2896
2016-02-25T09:15:00+05:30,1884.000000,1884.000000,1860.000000,1868.000000,633
2016-02-25T09:30:00+05:30,1868.000000,1871.500000,1860.000000,1861.200000,522
2016-02-25T09:45:00+05:30,1861.200000,1865.750000,1850.000000,1857.250000,994
2016-02-25T10:00:00+05:30,1860.050000,1863.900000,1850.000000,1859.050000,295
2016-02-25T10:15:00+05:30,1857.950000,1864.300000,1851.000000,1855.100000,337
2016-02-25T10:30:00+05:30,1855.100000,1859.800000,1851.000000,1851.100000,375
2016-02-25T10:45:00+05:30,1851.100000,1852.000000,1841.050000,1841.050000,610
2016-02-25T11:00:00+05:30,1841.050000,1854.400000,1841.050000,1849.000000,419
2016-02-25T11:15:00+05:30,1849.000000,1852.000000,1841.200000,1841.450000,457
2016-02-25T11:30:00+05:30,1841.450000,1849.950000,1841.450000,1849.000000,147
2016-02-25T11:45:00+05:30,1849.000000,1849.950000,1842.000000,1842.000000,180
2016-02-25T12:00:00+05:30,1842.000000,1847.950000,1842.000000,1847.500000,60
2016-02-25T12:15:00+05:30,1847.500000,1849.450000,1845.100000,1848.900000,50
2016-02-25T12:30:00+05:30,1848.900000,1850.000000,1845.150000,1846.100000,96
2016-02-25T12:45:00+05:30,1849.850000,1849.850000,1845.150000,1848.950000,117
2016-02-25T13:00:00+05:30,1845.000000,1848.950000,1842.000000,1845.050000,260
2016-02-25T13:15:00+05:30,1845.050000,1847.700000,1842.000000,1843.000000,486
2016-02-25T13:30:00+05:30,1843.000000,1847.900000,1842.300000,1847.900000,44
2016-02-25T13:45:00+05:30,1847.900000,1847.900000,1842.300000,1842.300000,138
2016-02-25T14:00:00+05:30,1842.300000,1847.950000,1842.000000,1842.000000,486
2016-02-25T14:15:00+05:30,1842.000000,1846.800000,1842.000000,1843.100000,295
2016-02-25T14:30:00+05:30,1845.000000,1847.950000,1843.050000,1847.050000,207
2016-02-25T14:45:00+05:30,1848.000000,1850.000000,1846.000000,1848.600000,577
2016-02-25T15:00:00+05:30,1848.600000,1850.000000,1841.050000,1842.000000,864
2016-02-25T15:15:00+05:30,1850.000000,1859.950000,1813.000000,1830.050000,7310
2016-02-26T09:15:00+05:30,1852.000000,1869.850000,1829.700000,1836.850000,716
2016-02-26T09:30:00+05:30,1837.300000,1838.150000,1823.500000,1828.050000,473
2016-02-26T09:45:00+05:30,1828.050000,1830.200000,1822.000000,1822.000000,224
2016-02-26T10:00:00+05:30,1822.000000,1822.000000,1803.050000,1808.750000,506
2016-02-26T10:15:00+05:30,1808.750000,1811.900000,1801.000000,1808.000000,872
2016-02-26T10:30:00+05:30,1808.000000,1810.650000,1790.000000,1793.000000,891
2016-02-26T10:45:00+05:30,1793.000000,1805.000000,1793.000000,1795.050000,289
2016-02-26T11:00:00+05:30,1795.050000,1810.000000,1795.050000,1806.300000,488
2016-02-26T11:15:00+05:30,1806.300000,1810.000000,1803.300000,1803.400000,365
2016-02-26T11:30:00+05:30,1803.400000,1807.000000,1803.150000,1805.000000,210
2016-02-26T11:45:00+05:30,1805.000000,1808.800000,1801.500000,1808.800000,142
2016-02-26T12:00:00+05:30,1808.800000,1808.800000,1798.000000,1798.000000,256
2016-02-26T12:15:00+05:30,1798.000000,1801.000000,1795.000000,1795.000000,89
2016-02-26T12:30:00+05:30,1795.000000,1807.850000,1795.000000,1800.100000,179
2016-02-26T12:45:00+05:30,1800.100000,1804.050000,1795.000000,1795.000000,332
2016-02-26T13:00:00+05:30,1795.000000,1805.000000,1795.000000,1804.950000,146
2016-02-26T13:15:00+05:30,1804.950000,1812.000000,1800.250000,1810.000000,154
2016-02-26T13:30:00+05:30,1810.000000,1817.950000,1807.850000,1817.950000,291
2016-02-26T13:45:00+05:30,1817.950000,1825.300000,1816.900000,1816.900000,557
2016-02-26T14:00:00+05:30,1816.900000,1817.350000,1807.850000,1810.000000,133
2016-02-26T14:15:00+05:30,1810.000000,1830.000000,1810.000000,1818.350000,204
2016-02-26T14:30:00+05:30,1818.350000,1819.000000,1815.100000,1817.000000,189
2016-02-26T14:45:00+05:30,1817.000000,1817.000000,1801.700000,1810.900000,1226
2016-02-26T15:00:00+05:30,1810.900000,1810.900000,1795.000000,1796.500000,1144
2016-02-26T15:15:00+05:30,1796.500000,1812.000000,1790.000000,1808.800000,3898
2016-02-29T09:15:00+05:30,1800.000000,1800.000000,1777.800000,1780.150000,579
2016-02-29T09:30:00+05:30,1780.150000,1800.000000,1775.000000,1784.050000,1158
2016-02-29T09:45:00+05:30,1784.050000,1790.000000,1780.000000,1790.000000,57
2016-02-29T10:00:00+05:30,1790.000000,1798.350000,1782.250000,1798.350000,270
2016-02-29T10:15:00+05:30,1798.350000,1800.000000,1776.150000,1779.900000,825
2016-02-29T10:30:00+05:30,1779.900000,1780.000000,1775.300000,1780.000000,223
2016-02-29T10:45:00+05:30,1780.000000,1788.000000,1775.300000,1787.800000,363
2016-02-29T11:00:00+05:30,1787.800000,1795.450000,1786.950000,1795.450000,29
2016-02-29T11:15:00+05:30,1795.450000,1795.450000,1767.000000,1771.750000,1146
2016-02-29T11:30:00+05:30,1768.000000,1768.000000,1760.000000,1762.000000,503
2016-02-29T11:45:00+05:30,1762.000000,1764.800000,1761.000000,1764.500000,103
2016-02-29T12:00:00+05:30,1764.150000,1770.800000,1760.050000,1770.800000,92
2016-02-29T12:15:00+05:30,1770.800000,1770.800000,1755.000000,1758.850000,537
2016-02-29T12:30:00+05:30,1758.850000,1774.300000,1758.850000,1774.300000,199
2016-02-29T12:45:00+05:30,1766.100000,1782.000000,1766.100000,1781.950000,233
2016-02-29T13:00:00+05:30,1781.950000,1820.000000,1772.000000,1810.000000,825
2016-02-29T13:15:00+05:30,1810.000000,1845.000000,1810.000000,1820.250000,909
2016-02-29T13:30:00+05:30,1820.250000,1830.000000,1812.050000,1820.000000,315
2016-02-29T13:45:00+05:30,1820.000000,1820.000000,1811.650000,1815.000000,122
2016-02-29T14:00:00+05:30,1815.000000,1818.000000,1810.000000,1818.000000,85
2016-02-29T14:15:00+05:30,1818.000000,1830.000000,1815.000000,1819.300000,255
2016-02-29T14:30:00+05:30,1819.300000,1835.000000,1819.300000,1820.000000,351
2016-02-29T14:45:00+05:30,1823.400000,1828.000000,1815.550000,1820.000000,381
2016-02-29T15:00:00+05:30,1820.000000,1849.000000,1815.700000,1825.900000,1180
2016-02-29T15:15:00+05:30,1830.000000,1852.300000,1824.450000,1827.250000,2381
2016-03-01T09:15:00+05:30,1812.000000,1837.000000,1812.000000,1822.000000,279
2016-03-01T09:30:00+05:30,1822.000000,1825.900000,1817.350000,1825.900000,414
2016-03-01T09:45:00+05:30,1825.900000,1827.000000,1820.200000,1823.050000,191
2016-03-01T10:00:00+05:30,1823.050000,1840.000000,1823.050000,1840.000000,394
2016-03-01T10:15:00+05:30,1839.950000,1849.300000,1838.000000,1842.150000,701
2016-03-01T10:30:00+05:30,1842.150000,1843.450000,1840.500000,1843.300000,321
2016-03-01T10:45:00+05:30,1843.300000,1843.300000,1835.550000,1837.250000,152
2016-03-01T11:00:00+05:30,1837.250000,1843.100000,1836.350000,1836.350000,363
2016-03-01T11:15:00+05:30,1836.350000,1845.600000,1836.350000,1845.000000,158
2016-03-01T11:30:00+05:30,1845.000000,1845.000000,1840.150000,1844.500000,106
2016-03-01T11:45:00+05:30,1844.500000,1846.000000,1832.600000,1833.600000,178
2016-03-01T12:00:00+05:30,1833.600000,1842.000000,1833.600000,1841.900000,57
2016-03-01T12:15:00+05:30,1841.900000,1841.950000,1837.000000,1841.000000,231
2016-03-01T12:30:00+05:30,1841.000000,1842.900000,1838.250000,1842.900000,145
2016-03-01T12:45:00+05:30,1842.900000,1843.000000,1840.000000,1843.000000,335
2016-03-01T13:00:00+05:30,1843.000000,1843.000000,1840.000000,1840.000000,193
2016-03-01T13:15:00+05:30,1840.000000,1840.000000,1835.500000,1839.500000,63
2016-03-01T13:30:00+05:30,1839.500000,1840.000000,1838.000000,1838.000000,13
2016-03-01T13:45:00+05:30,1840.000000,1840.000000,1835.500000,1839.450000,100
2016-03-01T14:00:00+05:30,1839.450000,1850.000000,1835.500000,1850.000000,1272
2016-03-01T14:15:00+05:30,1850.000000,1852.000000,1849.050000,1850.000000,793
2016-03-01T14:30:00+05:30,1849.950000,1850.000000,1834.000000,1850.000000,246
2016-03-01T14:45:00+05:30,1850.000000,1850.000000,1844.950000,1849.650000,330
2016-03-01T15:00:00+05:30,1849.650000,1850.950000,1837.300000,1845.000000,500
2016-03-01T15:15:00+05:30,1845.000000,1866.300000,1841.050000,1841.050000,2758
2016-03-02T09:15:00+05:30,1864.000000,1866.000000,1856.000000,1860.000000,3199
2016-03-02T09:30:00+05:30,1860.000000,1860.000000,1859.000000,1860.000000,1705
2016-03-02T09:45:00+05:30,1860.000000,1860.100000,1856.100000,1860.000000,768
2016-03-02T10:00:00+05:30,1860.000000,1862.000000,1859.000000,1860.000000,817
2016-03-02T10:15:00+05:30,1860.000000,1860.000000,1858.650000,1860.000000,241
2016-03-02T10:30:00+05:30,1860.000000,1860.000000,1850.000000,1857.000000,414
2016-03-02T10:45:00+05:30,1857.000000,1858.900000,1854.000000,1858.900000,215
2016-03-02T11:00:00+05:30,1858.900000,1860.000000,1855.900000,1859.000000,348
2016-03-02T11:15:00+05:30,1859.000000,1859.000000,1856.350000,1858.950000,280
2016-03-02T11:30:00+05:30,1858.950000,1859.000000,1858.000000,1858.000000,325
2016-03-02T11:45:00+05:30,1857.950000,1864.800000,1856.000000,1861.500000,990
2016-03-02T12:00:00+05:30,1861.500000,1910.000000,1861.500000,1890.050000,2733
2016-03-02T12:15:00+05:30,1892.000000,1900.850000,1880.100000,1894.200000,787
2016-03-02T12:30:00+05:30,1894.200000,1905.000000,1893.800000,1904.000000,770
2016-03-02T12:45:00+05:30,1904.000000,1908.550000,1900.000000,1907.950000,313
2016-03-02T13:00:00+05:30,1907.950000,1910.000000,1890.000000,1908.250000,716
2016-03-02T13:15:00+05:30,1908.250000,1910.000000,1900.000000,1910.000000,388
2016-03-02T13:30:00+05:30,1910.000000,1917.000000,1898.100000,1905.300000,534
2016-03-02T13:45:00+05:30,1905.300000,1905.300000,1896.150000,1899.000000,205
2016-03-02T14:00:00+05:30,1900.000000,1903.800000,1896.000000,1900.000000,363
2016-03-02T14:15:00+05:30,1900.000000,1905.350000,1900.000000,1905.350000,333
2016-03-02T14:30:00+05:30,1905.350000,1912.000000,1894.300000,1894.300000,556
2016-03-02T14:45:00+05:30,1894.300000,1909.250000,1894.100000,1894.300000,608
2016-03-02T15:00:00+05:30,1894.000000,1918.750000,1890.000000,1892.400000,2565
2016-03-02T15:15:00+05:30,1892.400000,1919.000000,1875.000000,1910.000000,3956
2016-03-03T09:15:00+05:30,1900.000000,1950.000000,1900.000000,1925.050000,882
2016-03-03T09:30:00+05:30,1925.050000,1938.950000,1920.350000,1938.950000,588
2016-03-03T09:45:00+05:30,1935.000000,1936.000000,1930.000000,1932.000000,239
2016-03-03T10:00:00+05:30,1932.000000,1937.000000,1920.500000,1926.000000,1204
2016-03-03T10:15:00+05:30,1926.000000,1932.000000,1926.000000,1927.100000,217
2016-03-03T10:30:00+05:30,1927.100000,1938.950000,1924.000000,1925.000000,179
2016-03-03T10:45:00+05:30,1925.000000,1929.700000,1923.750000,1925.000000,132
2016-03-03T11:00:00+05:30,1925.000000,1929.000000,1924.000000,1924.050000,45
2016-03-03T11:15:00+05:30,1924.050000,1925.000000,1924.000000,1925.000000,218
2016-03-03T11:30:00+05:30,1925.000000,1935.000000,1924.000000,1925.000000,1140
2016-03-03T11:45:00+05:30,1925.000000,1930.950000,1920.500000,1920.500000,273
2016-03-03T12:00:00+05:30,1920.500000,1925.000000,1920.000000,1925.000000,134
2016-03-03T12:15:00+05:30,1925.000000,1925.000000,1920.300000,1920.300000,37
2016-03-03T12:30:00+05:30,1920.300000,1925.000000,1920.300000,1925.000000,158
2016-03-03T12:45:00+05:30,1925.000000,1930.000000,1905.000000,1917.000000,382
2016-03-03T13:00:00+05:30,1917.000000,1924.900000,1911.900000,1911.900000,289
2016-03-03T13:15:00+05:30,1911.900000,1920.000000,1910.000000,1920.000000,132
2016-03-03T13:30:00+05:30,1913.250000,1924.950000,1913.250000,1924.000000,168
2016-03-03T13:45:00+05:30,1921.950000,1925.000000,1921.900000,1921.900000,110
2016-03-03T14:00:00+05:30,1921.900000,1932.500000,1921.900000,1921.900000,3322
2016-03-03T14:15:00+05:30,1921.900000,1927.000000,1921.900000,1922.000000,24
2016-03-03T14:30:00+05:30,1922.000000,1929.000000,1922.000000,1928.000000,249
2016-03-03T14:45:00+05:30,1925.000000,1928.000000,1921.900000,1921.900000,360
2016-03-03T15:00:00+05:30,1921.900000,1925.000000,1920.000000,1923.500000,1194
2016-03-03T15:15:00+05:30,1923.500000,1930.000000,1910.100000,1922.000000,1898
2016-03-04T09:15:00+05:30,1930.000000,1940.000000,1930.000000,1940.000000,621
2016-03-04T09:30:00+05:30,1940.000000,1940.000000,1934.000000,1934.000000,109
2016-03-04T09:45:00+05:30,1930.100000,1936.000000,1930.100000,1936.000000,59
2016-03-04T10:00:00+05:30,1936.000000,1936.000000,1932.300000,1932.300000,101
2016-03-04T10:15:00+05:30,1932.300000,1935.000000,1932.300000,1935.000000,289
2016-03-04T10:30:00+05:30,1935.000000,1935.000000,1932.200000,1935.000000,205
2016-03-04T10:45:00+05:30,1935.000000,1935.000000,1932.200000,1935.000000,424
2016-03-04T11:00:00+05:30,1935.000000,1937.950000,1932.900000,1937.950000,112
2016-03-04T11:15:00+05:30,1937.950000,1940.000000,1935.050000,1940.000000,238
2016-03-04T11:30:00+05:30,1940.000000,1940.000000,1933.100000,1933.100000,435
2016-03-04T11:45:00+05:30,1933.100000,1938.950000,1933.100000,1936.000000,137
2016-03-04T12:00:00+05:30,1937.000000,1939.700000,1935.000000,1935.000000,94
2016-03-04T12:15:00+05:30,1935.000000,1935.000000,1932.000000,1932.000000,179
2016-03-04T12:30:00+05:30,1932.000000,1935.000000,1932.000000,1935.000000,53
2016-03-04T12:45:00+05:30,1935.000000,1935.000000,1930.000000,1932.000000,172
2016-03-04T13:00:00+05:30,1930.000000,1930.000000,1929.000000,1930.000000,116
2016-03-04T13:15:00+05:30,1930.000000,1935.000000,1926.500000,1935.000000,364
2016-03-04T13:30:00+05:30,1935.000000,1935.000000,1928.000000,1928.000000,34
2016-03-04T13:45:00+05:30,1928.000000,1934.900000,1927.000000,1928.000000,171
2016-03-04T14:00:00+05:30,1928.000000,1933.950000,1928.000000,1930.000000,109
2016-03-04T14:15:00+05:30,1930.000000,1930.000000,1920.050000,1925.000000,555
2016-03-04T14:30:00+05:30,1925.000000,1930.000000,1920.000000,1927.900000,462
2016-03-04T14:45:00+05:30,1927.900000,1932.400000,1927.700000,1927.700000,1433
2016-03-04T15:00:00+05:30,1927.700000,1934.950000,1925.950000,1930.000000,550
2016-03-04T15:15:00+05:30,1930.000000,1940.000000,1921.200000,1922.000000,1672
2016-03-08T09:15:00+05:30,1905.050000,1942.000000,1905.050000,1930.000000,363
2016-03-08T09:30:00+05:30,1930.000000,1935.000000,1925.000000,1928.050000,331
2016-03-08T09:45:00+05:30,1928.000000,1930.000000,1915.300000,1927.000000,446
2016-03-08T10:00:00+05:30,1927.000000,1936.000000,1920.000000,1933.950000,235
2016-03-08T10:15:00+05:30,1933.950000,1933.950000,1930.000000,1933.750000,74
2016-03-08T10:30:00+05:30,1933.750000,1934.000000,1930.000000,1930.000000,186
2016-03-08T10:45:00+05:30,1930.000000,1932.000000,1926.050000,1931.000000,57
2016-03-08T11:00:00+05:30,1931.000000,1931.000000,1930.950000,1931.000000,57
2016-03-08T11:15:00+05:30,1931.000000,1931.000000,1929.950000,1929.950000,54
2016-03-08T11:30:00+05:30,1930.000000,1930.000000,1924.550000,1926.000000,123
2016-03-08T11:45:00+05:30,1926.000000,1926.000000,1924.000000,1925.000000,100
2016-03-08T12:00:00+05:30,1925.000000,1925.000000,1920.000000,1922.750000,134
2016-03-08T12:15:00+05:30,1922.750000,1926.900000,1916.000000,1926.900000,57
2016-03-08T12:30:00+05:30,1926.900000,1926.900000,1915.300000,1925.000000,119
2016-03-08T12:45:00+05:30,1925.000000,1927.000000,1920.300000,1927.000000,19
2016-03-08T13:00:00+05:30,1918.550000,1927.400000,1918.550000,1920.000000,95
2016-03-08T13:15:00+05:30,1920.000000,1920.000000,1915.000000,1919.000000,167
2016-03-08T13:30:00+05:30,1914.900000,1919.950000,1910.000000,1919.950000,172
2016-03-08T13:45:00+05:30,1919.950000,1930.000000,1919.950000,1927.000000,206
2016-03-08T14:00:00+05:30,1927.000000,1930.000000,1927.000000,1927.000000,376
2016-03-08T14:15:00+05:30,1927.000000,1930.000000,1927.000000,1927.600000,157
2016-03-08T14:30:00+05:30,1927.600000,1930.000000,1925.000000,1929.950000,113
2016-03-08T14:45:00+05:30,1929.950000,1929.950000,1924.000000,1925.000000,505
2016-03-08T15:00:00+05:30,1925.000000,1930.000000,1924.550000,1930.000000,1794
2016-03-08T15:15:00+05:30,1930.000000,1933.850000,1926.000000,1930.000000,20090
2016-03-09T09:15:00+05:30,1935.000000,1935.000000,1902.000000,1920.000000,157
2016-03-09T09:30:00+05:30,1920.000000,1921.850000,1914.950000,1918.950000,18
2016-03-09T09:45:00+05:30,1918.950000,1923.000000,1918.950000,1922.950000,68
2016-03-09T10:00:00+05:30,1922.950000,1922.950000,1910.000000,1921.700000,158
2016-03-09T10:15:00+05:30,1921.700000,1921.700000,1910.050000,1915.950000,28
2016-03-09T10:30:00+05:30,1915.950000,1916.000000,1910.050000,1911.950000,80
2016-03-09T10:45:00+05:30,1913.000000,1916.000000,1910.000000,1910.000000,274
2016-03-09T11:00:00+05:30,1910.000000,1916.000000,1910.000000,1916.000000,72
2016-03-09T11:15:00+05:30,1916.000000,1916.000000,1908.000000,1908.250000,46
2016-03-09T11:30:00+05:30,1908.250000,1915.000000,1908.250000,1910.000000,19
2016-03-09T11:45:00+05:30,1910.000000,1915.000000,1905.050000,1905.050000,120
2016-03-09T12:00:00+05:30,1911.000000,1911.000000,1877.050000,1898.700000,875
2016-03-09T12:15:00+05:30,1898.750000,1905.000000,1895.000000,1900.150000,89
2016-03-09T12:30:00+05:30,1900.150000,1907.000000,1895.000000,1898.000000,114
2016-03-09T12:45:00+05:30,1898.000000,1914.450000,1890.300000,1914.450000,334
2016-03-09T13:00:00+05:30,1914.450000,1914.700000,1909.000000,1914.000000,149
2016-03-09T13:15:00+05:30,1914.000000,1914.800000,1911.800000,1914.350000,103
2016-03-09T13:30:00+05:30,1914.400000,1914.800000,1911.050000,1914.800000,136
2016-03-09T13:45:00+05:30,1914.800000,1924.900000,1914.800000,1924.900000,278
2016-03-09T14:00:00+05:30,1924.900000,1928.950000,1922.000000,1924.100000,154
2016-03-09T14:15:00+05:30,1924.100000,1929.000000,1923.950000,1924.000000,79
2016-03-09T14:30:00+05:30,1924.000000,1928.000000,1920.000000,1925.350000,92
2016-03-09T14:45:00+05:30,1925.350000,1928.950000,1920.200000,1925.000000,115
2016-03-09T15:00:00+05:30,1925.000000,1929.900000,1925.000000,1929.900000,407
2016-03-09T15:15:00+05:30,1929.900000,1929.900000,1923.000000,1929.850000,498
2016-03-10T09:15:00+05:30,1929.000000,1935.850000,1919.000000,1922.950000,294
2016-03-10T09:30:00+05:30,1922.950000,1929.600000,1918.000000,1919.050000,186
2016-03-10T09:45:00+05:30,1919.050000,1926.000000,1919.000000,1925.000000,59
2016-03-10T10:00:00+05:30,1925.000000,1925.950000,1918.500000,1921.000000,145
2016-03-10T10:15:00+05:30,1921.000000,1924.900000,1918.400000,1918.400000,55
2016-03-10T10:30:00+05:30,1918.400000,1924.950000,1916.600000,1917.050000,137
2016-03-10T10:45:00+05:30,1917.050000,1921.900000,1914.000000,1914.000000,70
2016-03-10T11:00:00+05:30,1914.000000,1915.000000,1914.000000,1915.000000,54
2016-03-10T11:15:00+05:30,1915.000000,1915.000000,1914.200000,1915.000000,119
2016-03-10T11:30:00+05:30,1915.000000,1915.000000,1913.800000,1913.800000,88
2016-03-10T11:45:00+05:30,1913.800000,1914.000000,1912.000000,1912.050000,38
2016-03-10T12:00:00+05:30,1912.050000,1914.950000,1912.050000,1914.950000,12
2016-03-10T12:15:00+05:30,1914.950000,1916.900000,1912.000000,1916.900000,40
2016-03-10T12:30:00+05:30,1916.900000,1917.950000,1913.000000,1913.000000,18
2016-03-10T12:45:00+05:30,1912.000000,1917.500000,1908.050000,1909.950000,166
2016-03-10T13:00:00+05:30,1909.950000,1914.000000,1908.050000,1909.850000,30
2016-03-10T13:15:00+05:30,1909.850000,1911.800000,1908.100000,1911.350000,73
2016-03-10T13:30:00+05:30,1911.850000,1911.950000,1908.100000,1908.100000,26
2016-03-10T13:45:00+05:30,1908.100000,1913.950000,1908.100000,1910.800000,12
2016-03-10T14:00:00+05:30,1910.800000,1916.900000,1910.750000,1910.850000,30
2016-03-10T14:15:00+05:30,1910.850000,1925.000000,1910.850000,1917.300000,103
2016-03-10T14:30:00+05:30,1917.300000,1925.500000,1912.000000,1925.500000,583
2016-03-10T14:45:00+05:30,1925.500000,1928.900000,1922.500000,1924.950000,271
2016-03-10T15:00:00+05:30,1924.950000,1930.000000,1922.200000,1929.000000,984
2016-03-10T15:15:00+05:30,1929.000000,1930.000000,1919.050000,1929.000000,1502
2016-03-11T09:15:00+05:30,1930.000000,1930.000000,1911.000000,1917.150000,52
2016-03-11T09:30:00+05:30,1917.150000,1922.000000,1916.000000,1917.100000,46
2016-03-11T09:45:00+05:30,1917.100000,1922.000000,1917.100000,1921.050000,22
2016-03-11T10:00:00+05:30,1921.050000,1923.000000,1921.050000,1923.000000,33
2016-03-11T10:15:00+05:30,1923.000000,1923.000000,1920.000000,1923.000000,133
2016-03-11T10:30:00+05:30,1923.000000,1925.000000,1923.000000,1925.000000,88
2016-03-11T10:45:00+05:30,1925.000000,1926.000000,1922.000000,1922.100000,10
2016-03-11T11:00:00+05:30,1922.100000,1927.000000,1922.100000,1927.000000,27
2016-03-11T11:15:00+05:30,1927.000000,1927.000000,1923.100000,1925.000000,34
2016-03-11T11:30:00+05:30,1925.000000,1925.000000,1925.000000,1925.000000,53
2016-03-11T11:45:00+05:30,1925.000000,1925.900000,1921.000000,1922.000000,89
2016-03-11T12:00:00+05:30,1922.000000,1922.000000,1921.000000,1921.000000,4
2016-03-11T12:15:00+05:30,1921.000000,1924.000000,1918.800000,1924.000000,11
2016-03-11T12:30:00+05:30,1924.000000,1925.000000,1919.000000,1925.000000,110
2016-03-11T12:45:00+05:30,1925.000000,1928.000000,1912.000000,1917.000000,190
2016-03-11T13:00:00+05:30,1917.000000,1926.000000,1916.000000,1921.000000,29
2016-03-11T13:15:00+05:30,1921.000000,1930.000000,1921.000000,1930.000000,674
2016-03-11T13:30:00+05:30,1930.000000,1930.000000,1928.000000,1930.000000,272
2016-03-11T13:45:00+05:30,1930.000000,1930.000000,1928.050000,1928.100000,202
2016-03-11T14:00:00+05:30,1928.100000,1929.950000,1928.050000,1928.050000,89
2016-03-11T14:15:00+05:30,1928.050000,1928.100000,1928.000000,1928.000000,16
2016-03-11T14:30:00+05:30,1928.000000,1930.000000,1928.000000,1928.000000,266
2016-03-11T14:45:00+05:30,1928.000000,1950.000000,1928.000000,1933.950000,1450
2016-03-11T15:00:00+05:30,1933.950000,1933.950000,1922.000000,1929.800000,872
2016-03-11T15:15:00+05:30,1929.800000,1930.000000,1919.100000,1920.050000,2614
2016-03-14T09:15:00+05:30,1860.000000,1881.000000,1847.300000,1863.000000,14838
2016-03-14T09:30:00+05:30,1863.000000,1865.000000,1847.500000,1853.800000,5570
2016-03-14T09:45:00+05:30,1853.700000,1854.900000,1837.800000,1843.000000,4403
2016-03-14T10:00:00+05:30,1843.000000,1845.000000,1838.200000,1843.000000,2887
2016-03-14T10:15:00+05:30,1843.000000,1843.000000,1830.000000,1836.000000,4354
2016-03-14T10:30:00+05:30,1836.950000,1836.950000,1829.500000,1829.550000,3944
2016-03-14T10:45:00+05:30,1829.550000,1831.000000,1821.000000,1821.550000,4562
2016-03-14T11:00:00+05:30,1821.550000,1830.000000,1818.000000,1818.000000,4438
2016-03-14T11:15:00+05:30,1819.900000,1827.000000,1818.000000,1820.950000,2759
2016-03-14T11:30:00+05:30,1820.950000,1828.000000,1820.000000,1827.000000,2915
2016-03-14T11:45:00+05:30,1827.000000,1827.000000,1806.200000,1812.350000,4241
2016-03-14T12:00:00+05:30,1812.350000,1818.000000,1807.000000,1807.000000,2105
2016-03-14T12:15:00+05:30,1807.000000,1812.000000,1803.000000,1810.000000,4284
2016-03-14T12:30:00+05:30,1810.000000,1812.000000,1796.000000,1798.000000,10752
2016-03-14T12:45:00+05:30,1798.000000,1800.000000,1792.000000,1792.000000,8223
2016-03-14T13:00:00+05:30,1792.000000,1798.000000,1788.800000,1793.000000,7314
2016-03-14T13:15:00+05:30,1793.000000,1793.800000,1790.050000,1793.700000,2972
2016-03-14T13:30:00+05:30,1793.700000,1795.000000,1791.500000,1795.000000,2698
2016-03-14T13:45:00+05:30,1795.000000,1795.000000,1770.000000,1775.000000,12132
2016-03-14T14:00:00+05:30,1775.000000,1784.000000,1770.000000,1770.350000,7384
2016-03-14T14:15:00+05:30,1770.350000,1777.950000,1770.000000,1774.400000,7217
2016-03-14T14:30:00+05:30,1774.400000,1777.400000,1772.050000,1774.000000,11064
2016-03-14T14:45:00+05:30,1773.500000,1774.000000,1757.550000,1758.400000,17750
2016-03-14T15:00:00+05:30,1761.650000,1768.700000,1753.000000,1758.950000,19694
2016-03-14T15:15:00+05:30,1757.000000,1759.550000,1745.250000,1748.000000,32557
2016-03-15T09:15:00+05:30,1804.000000,1810.000000,1775.200000,1779.000000,64437
2016-03-15T09:30:00+05:30,1778.950000,1780.000000,1722.200000,1727.000000,86697
2016-03-15T09:45:00+05:30,1727.000000,1750.000000,1727.000000,1740.100000,19561
2016-03-15T10:00:00+05:30,1740.100000,1746.000000,1740.000000,1742.150000,5237
2016-03-15T10:15:00+05:30,1742.150000,1746.000000,1736.000000,1737.100000,7389
2016-03-15T10:30:00+05:30,1737.000000,1739.900000,1723.000000,1724.000000,16396
2016-03-15T10:45:00+05:30,1724.000000,1731.000000,1724.000000,1727.500000,6785
2016-03-15T11:00:00+05:30,1727.500000,1730.000000,1725.000000,1726.300000,7577
2016-03-15T11:15:00+05:30,1726.300000,1726.300000,1707.000000,1714.000000,30490
2016-03-15T11:30:00+05:30,1714.000000,1725.000000,1708.050000,1720.000000,16575
2016-03-15T11:45:00+05:30,1720.000000,1725.000000,1716.000000,1722.050000,6987
2016-03-15T12:00:00+05:30,1722.050000,1724.900000,1720.350000,1724.000000,3560
2016-03-15T12:15:00+05:30,1724.000000,1725.000000,1716.000000,1716.700000,3236
2016-03-15T12:30:00+05:30,1716.700000,1719.900000,1712.000000,1719.900000,8618
2016-03-15T12:45:00+05:30,1719.900000,1722.000000,1715.000000,1719.900000,3185
2016-03-15T13:00:00+05:30,1718.500000,1719.850000,1710.150000,1713.600000,5007
2016-03-15T13:15:00+05:30,1713.600000,1715.000000,1711.000000,1711.050000,3801
2016-03-15T13:30:00+05:30,1711.050000,1711.800000,1703.650000,1710.000000,11333
2016-03-15T13:45:00+05:30,1710.000000,1710.000000,1701.150000,1703.500000,8355
2016-03-15T14:00:00+05:30,1703.500000,1712.050000,1690.550000,1712.000000,25725
2016-03-15T14:15:00+05:30,1712.000000,1712.950000,1705.150000,1710.000000,4603
2016-03-15T14:30:00+05:30,1710.000000,1718.000000,1710.000000,1713.000000,7778
2016-03-15T14:45:00+05:30,1713.000000,1715.850000,1712.000000,1713.050000,3948
2016-03-15T15:00:00+05:30,1713.050000,1713.050000,1700.000000,1706.000000,15236
2016-03-15T15:15:00+05:30,1706.000000,1711.950000,1696.650000,1703.050000,21614
2016-03-16T09:15:00+05:30,1714.000000,1723.000000,1706.100000,1716.300000,12194
2016-03-16T09:30:00+05:30,1719.000000,1720.000000,1701.050000,1706.000000,9330
2016-03-16T09:45:00+05:30,1706.000000,1706.350000,1673.000000,1687.950000,17650
2016-03-16T10:00:00+05:30,1687.800000,1689.900000,1678.650000,1684.600000,7018
2016-03-16T10:15:00+05:30,1684.600000,1687.500000,1681.050000,1683.000000,3181
2016-03-16T10:30:00+05:30,1683.000000,1684.800000,1680.000000,1681.050000,2239
2016-03-16T10:45:00+05:30,1681.050000,1688.000000,1680.800000,1686.000000,1982
2016-03-16T11:00:00+05:30,1686.000000,1690.000000,1685.150000,1687.000000,2206
2016-03-16T11:15:00+05:30,1687.000000,1688.000000,1682.500000,1684.750000,2141
2016-03-16T11:30:00+05:30,1684.750000,1684.750000,1680.900000,1682.000000,2513
2016-03-16T11:45:00+05:30,1682.000000,1682.200000,1678.050000,1682.200000,1967
2016-03-16T12:00:00+05:30,1682.200000,1683.600000,1680.650000,1682.600000,933
2016-03-16T12:15:00+05:30,1682.600000,1683.800000,1680.000000,1681.100000,1882
2016-03-16T12:30:00+05:30,1681.100000,1683.000000,1679.050000,1680.900000,2360
2016-03-16T12:45:00+05:30,1680.900000,1682.000000,1678.050000,1680.750000,1483
2016-03-16T13:00:00+05:30,1680.750000,1681.000000,1675.000000,1679.000000,3367
2016-03-16T13:15:00+05:30,1679.000000,1684.900000,1677.650000,1684.400000,3557
2016-03-16T13:30:00+05:30,1684.400000,1685.000000,1681.400000,1684.500000,1821
2016-03-16T13:45:00+05:30,1684.500000,1695.000000,1683.600000,1688.000000,7433
2016-03-16T14:00:00+05:30,1688.000000,1696.000000,1686.000000,1686.850000,4834
2016-03-16T14:15:00+05:30,1686.850000,1693.900000,1686.000000,1692.000000,1416
2016-03-16T14:30:00+05:30,1692.000000,1696.350000,1691.000000,1692.900000,4128
2016-03-16T14:45:00+05:30,1692.900000,1693.800000,1690.000000,1692.050000,2030
2016-03-16T15:00:00+05:30,1692.050000,1693.500000,1685.000000,1685.750000,6420
2016-03-16T15:15:00+05:30,1685.750000,1705.000000,1680.000000,1682.000000,14750
2016-03-17T09:15:00+05:30,1706.400000,1710.900000,1695.000000,1702.000000,10279
2016-03-17T09:30:00+05:30,1702.000000,1703.000000,1678.500000,1685.250000,11178
2016-03-17T09:45:00+05:30,1685.250000,1688.950000,1676.000000,1678.350000,5544
2016-03-17T10:00:00+05:30,1678.350000,1685.000000,1669.000000,1683.500000,8709
2016-03-17T10:15:00+05:30,1683.500000,1683.950000,1677.500000,1680.000000,1363
2016-03-17T10:30:00+05:30,1680.000000,1682.850000,1680.000000,1680.500000,1365
2016-03-17T10:45:00+05:30,1680.500000,1682.800000,1680.500000,1682.000000,1384
2016-03-17T11:00:00+05:30,1682.000000,1683.000000,1678.050000,1678.900000,1319
2016-03-17T11:15:00+05:30,1678.900000,1679.000000,1673.700000,1675.800000,1930
2016-03-17T11:30:00+05:30,1676.000000,1700.000000,1674.800000,1694.000000,7365
2016-03-17T11:45:00+05:30,1694.000000,1697.000000,1684.000000,1687.250000,5020
2016-03-17T12:00:00+05:30,1687.250000,1689.850000,1686.500000,1688.900000,770
2016-03-17T12:15:00+05:30,1688.900000,1690.000000,1680.100000,1687.950000,2704
2016-03-17T12:30:00+05:30,1687.950000,1687.950000,1681.200000,1686.000000,884
2016-03-17T12:45:00+05:30,1686.000000,1689.700000,1684.000000,1687.100000,744
2016-03-17T13:00:00+05:30,1687.100000,1689.600000,1687.000000,1688.000000,1460
2016-03-17T13:15:00+05:30,1689.000000,1689.600000,1680.000000,1686.000000,1788
2016-03-17T13:30:00+05:30,1686.000000,1692.300000,1686.000000,1686.000000,1898
2016-03-17T13:45:00+05:30,1687.150000,1687.150000,1681.000000,1684.000000,1428
2016-03-17T14:00:00+05:30,1684.050000,1687.000000,1681.300000,1681.400000,1506
2016-03-17T14:15:00+05:30,1681.400000,1687.250000,1680.000000,1683.100000,1368
2016-03-17T14:30:00+05:30,1684.700000,1685.000000,1669.000000,1670.000000,4135
2016-03-17T14:45:00+05:30,1670.000000,1670.000000,1656.550000,1661.000000,8580
2016-03-17T15:00:00+05:30,1662.000000,1667.800000,1656.600000,1662.000000,6970
2016-03-17T15:15:00+05:30,1661.850000,1669.950000,1657.000000,1658.000000,9585
2016-03-18T09:15:00+05:30,1669.000000,1684.000000,1666.000000,1670.300000,6294
2016-03-18T09:30:00+05:30,1670.300000,1671.800000,1650.150000,1650.150000,5869
2016-03-18T09:45:00+05:30,1650.000000,1657.500000,1645.000000,1645.700000,4904
2016-03-18T10:00:00+05:30,1645.700000,1656.500000,1645.150000,1654.100000,2699
2016-03-18T10:15:00+05:30,1654.100000,1664.700000,1654.100000,1655.000000,1814
2016-03-18T10:30:00+05:30,1655.000000,1658.950000,1652.100000,1657.000000,880
2016-03-18T10:45:00+05:30,1657.000000,1659.000000,1647.850000,1647.900000,2322
2016-03-18T11:00:00+05:30,1647.900000,1649.000000,1634.000000,1637.000000,6573
2016-03-18T11:15:00+05:30,1637.000000,1639.900000,1635.300000,1636.900000,1823
2016-03-18T11:30:00+05:30,1636.900000,1639.600000,1635.000000,1638.000000,1919
2016-03-18T11:45:00+05:30,1638.000000,1639.650000,1635.000000,1635.000000,1347
2016-03-18T12:00:00+05:30,1635.000000,1640.000000,1625.100000,1629.900000,3427
2016-03-18T12:15:00+05:30,1629.900000,1650.000000,1626.050000,1647.000000,6963
2016-03-18T12:30:00+05:30,1647.000000,1649.500000,1640.200000,1643.000000,1661
2016-03-18T12:45:00+05:30,1643.000000,1650.000000,1635.050000,1636.700000,1590
2016-03-18T13:00:00+05:30,1636.700000,1659.950000,1636.700000,1647.200000,5970
2016-03-18T13:15:00+05:30,1647.200000,1648.850000,1643.000000,1644.950000,901
2016-03-18T13:30:00+05:30,1644.950000,1645.000000,1638.000000,1641.800000,1029
2016-03-18T13:45:00+05:30,1642.000000,1644.900000,1638.000000,1639.500000,1243
2016-03-18T14:00:00+05:30,1639.500000,1644.950000,1639.000000,1640.500000,1195
2016-03-18T14:15:00+05:30,1640.500000,1641.550000,1630.000000,1635.400000,4733
2016-03-18T14:30:00+05:30,1635.400000,1636.800000,1627.000000,1629.800000,2807
2016-03-18T14:45:00+05:30,1629.800000,1637.950000,1617.550000,1627.950000,8040
2016-03-18T15:00:00+05:30,1627.900000,1635.000000,1617.500000,1619.950000,10252
2016-03-18T15:15:00+05:30,1618.000000,1637.000000,1618.000000,1636.700000,19598
2016-03-21T09:15:00+05:30,1652.000000,1652.000000,1621.550000,1627.100000,7672
2016-03-21T09:30:00+05:30,1627.050000,1627.050000,1610.100000,1616.200000,5339
2016-03-21T09:45:00+05:30,1617.000000,1621.000000,1615.000000,1620.850000,2128
2016-03-21T10:00:00+05:30,1620.850000,1634.000000,1619.350000,1630.000000,3668
2016-03-21T10:15:00+05:30,1630.000000,1634.950000,1624.000000,1633.950000,2311
2016-03-21T10:30:00+05:30,1633.950000,1633.950000,1630.750000,1631.000000,1141
2016-03-21T10:45:00+05:30,1630.750000,1633.950000,1627.050000,1633.700000,919
2016-03-21T11:00:00+05:30,1633.700000,1668.000000,1633.000000,1659.000000,14650
2016-03-21T11:15:00+05:30,1659.000000,1665.000000,1646.000000,1651.000000,5211
2016-03-21T11:30:00+05:30,1651.000000,1657.000000,1646.050000,1654.000000,2782
2016-03-21T11:45:00+05:30,1654.000000,1659.000000,1648.000000,1648.000000,1441
2016-03-21T12:00:00+05:30,1648.000000,1653.950000,1647.000000,1651.000000,717
2016-03-21T12:15:00+05:30,1651.000000,1652.000000,1646.750000,1647.000000,625
2016-03-21T12:30:00+05:30,1647.000000,1648.000000,1645.100000,1646.950000,1428
2016-03-21T12:45:00+05:30,1646.950000,1647.000000,1637.000000,1640.000000,2276
2016-03-21T13:00:00+05:30,1640.000000,1645.000000,1636.100000,1645.000000,1057
2016-03-21T13:15:00+05:30,1645.000000,1646.000000,1641.000000,1644.650000,690
2016-03-21T13:30:00+05:30,1644.750000,1653.250000,1643.000000,1652.000000,1915
2016-03-21T13:45:00+05:30,1652.000000,1653.500000,1647.300000,1649.950000,1958
2016-03-21T14:00:00+05:30,1649.950000,1651.000000,1646.550000,1647.200000,1110
2016-03-21T14:15:00+05:30,1647.200000,1651.500000,1647.200000,1650.000000,867
2016-03-21T14:30:00+05:30,1650.000000,1654.000000,1644.100000,1645.000000,4262
2016-03-21T14:45:00+05:30,1645.000000,1653.000000,1645.000000,1651.000000,23890
2016-03-21T15:00:00+05:30,1651.000000,1670.000000,1651.000000,1670.000000,34213
2016-03-21T15:15:00+05:30,1669.500000,1675.000000,1664.000000,1667.950000,11859
2016-03-22T09:15:00+05:30,1674.900000,1686.000000,1660.000000,1675.800000,5481
2016-03-22T09:30:00+05:30,1675.800000,1682.000000,1665.050000,1675.000000,3355
2016-03-22T09:45:00+05:30,1673.050000,1679.000000,1670.500000,1675.300000,1287
2016-03-22T10:00:00+05:30,1675.300000,1680.000000,1674.250000,1675.000000,1025
2016-03-22T10:15:00+05:30,1675.000000,1677.000000,1669.000000,1671.150000,1755
2016-03-22T10:30:00+05:30,1671.150000,1677.000000,1671.100000,1673.600000,402
2016-03-22T10:45:00+05:30,1677.000000,1677.000000,1673.300000,1676.000000,502
2016-03-22T11:00:00+05:30,1676.000000,1676.000000,1671.800000,1671.800000,667
2016-03-22T11:15:00+05:30,1671.800000,1673.000000,1668.200000,1673.000000,990
2016-03-22T11:30:00+05:30,1673.000000,1674.900000,1672.100000,1674.000000,460
2016-03-22T11:45:00+05:30,1674.000000,1674.500000,1670.350000,1670.350000,520
2016-03-22T12:00:00+05:30,1670.350000,1672.950000,1670.000000,1672.900000,189
2016-03-22T12:15:00+05:30,1672.900000,1675.000000,1670.250000,1670.400000,359
2016-03-22T12:30:00+05:30,1670.400000,1672.400000,1670.000000,1670.200000,627
2016-03-22T12:45:00+05:30,1670.200000,1671.850000,1668.000000,1671.000000,823
2016-03-22T13:00:00+05:30,1671.000000,1678.000000,1670.000000,1671.700000,2524
2016-03-22T13:15:00+05:30,1671.700000,1674.700000,1669.000000,1669.000000,1052
2016-03-22T13:30:00+05:30,1669.000000,1672.750000,1668.250000,1672.700000,636
2016-03-22T13:45:00+05:30,1672.700000,1672.700000,1668.000000,1669.400000,552
2016-03-22T14:00:00+05:30,1669.400000,1669.950000,1665.000000,1669.350000,798
2016-03-22T14:15:00+05:30,1669.350000,1671.950000,1665.150000,1671.950000,993
2016-03-22T14:30:00+05:30,1671.950000,1671.950000,1667.700000,1668.050000,516
2016-03-22T14:45:00+05:30,1668.050000,1671.000000,1667.700000,1670.500000,808
2016-03-22T15:00:00+05:30,1670.500000,1680.000000,1667.700000,1679.700000,4166
2016-03-22T15:15:00+05:30,1679.700000,1686.000000,1673.100000,1685.500000,6689
2016-03-23T09:15:00+05:30,1680.000000,1687.000000,1670.000000,1683.950000,2639
2016-03-23T09:30:00+05:30,1683.950000,1683.950000,1675.350000,1679.850000,1161
2016-03-23T09:45:00+05:30,1679.850000,1681.950000,1676.700000,1681.950000,474
2016-03-23T10:00:00+05:30,1681.950000,1685.000000,1676.400000,1685.000000,757
2016-03-23T10:15:00+05:30,1685.000000,1718.000000,1683.000000,1710.800000,15222
2016-03-23T10:30:00+05:30,1710.000000,1710.000000,1702.000000,1706.900000,3213
2016-03-23T10:45:00+05:30,1706.900000,1708.000000,1696.000000,1704.950000,2690
2016-03-23T11:00:00+05:30,1704.950000,1704.950000,1698.800000,1701.700000,451
2016-03-23T11:15:00+05:30,1699.800000,1707.750000,1698.000000,1698.000000,567
2016-03-23T11:30:00+05:30,1697.650000,1707.000000,1696.200000,1703.000000,859
2016-03-23T11:45:00+05:30,1703.000000,1706.000000,1703.000000,1703.950000,484
2016-03-23T12:00:00+05:30,1703.950000,1706.950000,1702.500000,1702.500000,623
2016-03-23T12:15:00+05:30,1702.500000,1704.950000,1702.500000,1704.950000,166
2016-03-23T12:30:00+05:30,1704.950000,1705.550000,1702.500000,1704.000000,228
2016-03-23T12:45:00+05:30,1704.000000,1704.000000,1695.000000,1699.250000,1533
2016-03-23T13:00:00+05:30,1699.250000,1703.950000,1698.000000,1703.950000,363
2016-03-23T13:15:00+05:30,1703.950000,1704.000000,1700.000000,1700.000000,220
2016-03-23T13:30:00+05:30,1700.000000,1704.600000,1700.000000,1701.050000,420
2016-03-23T13:45:00+05:30,1701.050000,1704.000000,1700.000000,1700.050000,591
2016-03-23T14:00:00+05:30,1700.050000,1705.000000,1700.000000,1700.100000,353
2016-03-23T14:15:00+05:30,1700.100000,1703.900000,1700.050000,1701.050000,345
2016-03-23T14:30:00+05:30,1701.050000,1705.000000,1700.200000,1703.000000,870
2016-03-23T14:45:00+05:30,1703.000000,1727.000000,1700.000000,1722.000000,17559
2016-03-23T15:00:00+05:30,1722.000000,1724.950000,1709.100000,1718.850000,4207
2016-03-23T15:15:00+05:30,1718.850000,1722.000000,1701.650000,1717.000000,9600
2016-03-28T09:15:00+05:30,1724.000000,1735.000000,1711.000000,1716.050000,2880
2016-03-28T09:30:00+05:30,1716.050000,1725.000000,1716.000000,1720.000000,1451
2016-03-28T09:45:00+05:30,1720.000000,1720.000000,1700.000000,1712.000000,1586
2016-03-28T10:00:00+05:30,1712.000000,1712.550000,1699.850000,1699.850000,1434
2016-03-28T10:15:00+05:30,1699.850000,1700.000000,1692.200000,1697.000000,941
2016-03-28T10:30:00+05:30,1697.000000,1699.000000,1697.000000,1698.000000,613
2016-03-28T10:45:00+05:30,1698.000000,1698.000000,1692.050000,1695.150000,435
2016-03-28T11:00:00+05:30,1695.150000,1697.000000,1692.250000,1694.000000,434
2016-03-28T11:15:00+05:30,1694.000000,1697.000000,1694.000000,1694.000000,51
2016-03-28T11:30:00+05:30,1694.000000,1696.950000,1694.000000,1695.000000,219
2016-03-28T11:45:00+05:30,1695.000000,1696.450000,1689.000000,1695.000000,672
2016-03-28T12:00:00+05:30,1692.000000,1695.750000,1690.000000,1694.000000,433
2016-03-28T12:15:00+05:30,1694.000000,1695.000000,1692.200000,1692.250000,283
2016-03-28T12:30:00+05:30,1692.250000,1692.250000,1689.000000,1691.700000,169
2016-03-28T12:45:00+05:30,1691.700000,1694.950000,1689.300000,1689.500000,378
2016-03-28T13:00:00+05:30,1689.500000,1692.550000,1688.900000,1691.850000,125
2016-03-28T13:15:00+05:30,1691.850000,1692.550000,1690.000000,1692.000000,100
2016-03-28T13:30:00+05:30,1692.000000,1692.550000,1690.000000,1691.000000,225
2016-03-28T13:45:00+05:30,1691.000000,1692.550000,1687.000000,1687.000000,839
2016-03-28T14:00:00+05:30,1687.000000,1691.900000,1687.000000,1690.000000,521
2016-03-28T14:15:00+05:30,1690.000000,1691.000000,1688.200000,1690.000000,1927
2016-03-28T14:30:00+05:30,1690.000000,1691.850000,1690.000000,1691.000000,292
2016-03-28T14:45:00+05:30,1691.000000,1730.000000,1690.000000,1725.000000,8848
2016-03-28T15:00:00+05:30,1725.000000,1730.000000,1703.050000,1709.750000,3137
2016-03-28T15:15:00+05:30,1709.750000,1770.000000,1706.750000,1759.000000,20217
2016-03-29T09:15:00+05:30,1755.000000,1768.850000,1741.000000,1753.300000,8189
2016-03-29T09:30:00+05:30,1753.300000,1755.400000,1747.000000,1755.000000,1804
2016-03-29T09:45:00+05:30,1755.000000,1757.500000,1710.050000,1715.900000,4181
2016-03-29T10:00:00+05:30,1717.000000,1727.000000,1701.150000,1707.500000,6011
2016-03-29T10:15:00+05:30,1707.500000,1724.350000,1704.950000,1717.950000,3494
2016-03-29T10:30:00+05:30,1717.950000,1720.000000,1715.000000,1718.850000,771
2016-03-29T10:45:00+05:30,1717.200000,1723.000000,1717.200000,1719.900000,656
2016-03-29T11:00:00+05:30,1719.900000,1727.000000,1718.500000,1721.700000,527
2016-03-29T11:15:00+05:30,1721.700000,1725.250000,1719.000000,1719.000000,1045
2016-03-29T11:30:00+05:30,1718.000000,1718.350000,1710.000000,1716.050000,794
2016-03-29T11:45:00+05:30,1720.000000,1721.000000,1716.000000,1720.800000,673
2016-03-29T12:00:00+05:30,1720.800000,1726.000000,1716.600000,1722.450000,1261
2016-03-29T12:15:00+05:30,1722.700000,1732.000000,1722.350000,1729.100000,1013
2016-03-29T12:30:00+05:30,1729.100000,1740.600000,1728.100000,1735.000000,1442
2016-03-29T12:45:00+05:30,1735.000000,1740.000000,1732.000000,1734.950000,1140
2016-03-29T13:00:00+05:30,1734.950000,1746.950000,1733.050000,1735.150000,1783
2016-03-29T13:15:00+05:30,1735.150000,1740.000000,1735.050000,1735.350000,701
2016-03-29T13:30:00+05:30,1735.350000,1740.000000,1735.250000,1738.000000,1173
2016-03-29T13:45:00+05:30,1738.000000,1745.000000,1738.000000,1745.000000,939
2016-03-29T14:00:00+05:30,1745.000000,1746.000000,1736.500000,1739.000000,1083
2016-03-29T14:15:00+05:30,1739.000000,1749.000000,1739.000000,1745.000000,517
2016-03-29T14:30:00+05:30,1745.000000,1750.000000,1740.200000,1745.050000,1283
2016-03-29T14:45:00+05:30,1745.050000,1815.000000,1730.100000,1807.000000,31679
2016-03-29T15:00:00+05:30,1810.000000,1810.000000,1780.100000,1784.700000,8578
2016-03-29T15:15:00+05:30,1785.100000,1796.900000,1784.000000,1784.000000,7037
2016-03-30T09:15:00+05:30,1803.000000,1819.900000,1755.050000,1768.900000,7247
2016-03-30T09:30:00+05:30,1766.100000,1788.000000,1765.100000,1784.000000,2830
2016-03-30T09:45:00+05:30,1784.000000,1788.000000,1770.100000,1774.900000,2208
2016-03-30T10:00:00+05:30,1774.900000,1781.800000,1771.500000,1780.750000,492
2016-03-30T10:15:00+05:30,1780.750000,1781.950000,1775.700000,1776.050000,284
2016-03-30T10:30:00+05:30,1776.050000,1781.000000,1775.000000,1775.000000,313
2016-03-30T10:45:00+05:30,1775.000000,1778.000000,1770.100000,1772.000000,511
2016-03-30T11:00:00+05:30,1772.000000,1775.000000,1772.000000,1772.600000,314
2016-03-30T11:15:00+05:30,1772.600000,1775.000000,1772.600000,1774.600000,319
2016-03-30T11:30:00+05:30,1771.850000,1775.000000,1770.150000,1775.000000,673
2016-03-30T11:45:00+05:30,1771.100000,1775.000000,1771.100000,1772.700000,240
2016-03-30T12:00:00+05:30,1772.700000,1773.450000,1771.400000,1771.500000,466
2016-03-30T12:15:00+05:30,1771.500000,1775.000000,1771.450000,1772.950000,696
2016-03-30T12:30:00+05:30,1772.950000,1775.000000,1771.450000,1774.000000,525
2016-03-30T12:45:00+05:30,1774.000000,1787.250000,1772.000000,1774.000000,2751
2016-03-30T13:00:00+05:30,1773.700000,1775.000000,1771.000000,1774.900000,674
2016-03-30T13:15:00+05:30,1774.900000,1775.000000,1772.800000,1775.000000,178
2016-03-30T13:30:00+05:30,1775.000000,1775.000000,1773.000000,1773.500000,288
2016-03-30T13:45:00+05:30,1773.500000,1775.000000,1773.000000,1775.000000,720
2016-03-30T14:00:00+05:30,1775.000000,1775.000000,1773.100000,1774.100000,214
2016-03-30T14:15:00+05:30,1774.950000,1775.000000,1774.000000,1775.000000,241
2016-03-30T14:30:00+05:30,1775.000000,1775.000000,1770.000000,1772.200000,3782
2016-03-30T14:45:00+05:30,1772.100000,1808.000000,1765.000000,1806.950000,13311
2016-03-30T15:00:00+05:30,1806.950000,1810.000000,1778.000000,1790.150000,14303
2016-03-30T15:15:00+05:30,1790.150000,1800.000000,1790.000000,1790.200000,15033
2016-03-31T09:15:00+05:30,1799.950000,1800.000000,1775.000000,1787.400000,1524
2016-03-31T09:30:00+05:30,1787.400000,1788.000000,1782.200000,1782.200000,478
2016-03-31T09:45:00+05:30,1782.200000,1784.600000,1778.750000,1783.750000,535
2016-03-31T10:00:00+05:30,1783.750000,1786.900000,1783.750000,1785.600000,589
2016-03-31T10:15:00+05:30,1785.600000,1786.950000,1781.150000,1783.250000,486
2016-03-31T10:30:00+05:30,1783.250000,1783.250000,1781.000000,1781.000000,484
2016-03-31T10:45:00+05:30,1781.000000,1782.400000,1780.050000,1781.050000,103
2016-03-31T11:00:00+05:30,1781.050000,1786.950000,1780.500000,1780.500000,273
2016-03-31T11:15:00+05:30,1780.500000,1782.500000,1780.000000,1780.450000,285
2016-03-31T11:30:00+05:30,1780.450000,1786.950000,1778.000000,1780.550000,488
2016-03-31T11:45:00+05:30,1780.550000,1787.400000,1780.550000,1781.250000,246
2016-03-31T12:00:00+05:30,1781.250000,1787.000000,1781.250000,1785.050000,238
2016-03-31T12:15:00+05:30,1785.050000,1786.750000,1785.000000,1785.600000,168
2016-03-31T12:30:00+05:30,1785.600000,1787.800000,1785.600000,1785.750000,942
2016-03-31T12:45:00+05:30,1785.750000,1788.000000,1781.050000,1782.100000,269
2016-03-31T13:00:00+05:30,1782.100000,1785.000000,1782.100000,1785.000000,301
2016-03-31T13:15:00+05:30,1785.000000,1788.000000,1784.500000,1787.000000,127
2016-03-31T13:30:00+05:30,1787.250000,1787.950000,1782.000000,1782.000000,200
2016-03-31T13:45:00+05:30,1782.000000,1785.100000,1782.000000,1784.000000,48
2016-03-31T14:00:00+05:30,1784.000000,1784.000000,1776.000000,1777.050000,696
2016-03-31T14:15:00+05:30,1777.050000,1780.000000,1777.000000,1777.000000,597
2016-03-31T14:30:00+05:30,1777.000000,1780.000000,1770.000000,1777.900000,2150
2016-03-31T14:45:00+05:30,1777.900000,1809.850000,1775.050000,1805.000000,10002
2016-03-31T15:00:00+05:30,1802.050000,1804.700000,1780.900000,1788.000000,6470
2016-03-31T15:15:00+05:30,1788.000000,1800.000000,1785.450000,1790.000000,7243
2016-04-01T09:15:00+05:30,1785.800000,1790.000000,1770.000000,1784.300000,1759
2016-04-01T09:30:00+05:30,1784.300000,1797.600000,1783.900000,1789.950000,1278
2016-04-01T09:45:00+05:30,1789.950000,1791.000000,1784.350000,1785.000000,548
2016-04-01T10:00:00+05:30,1785.000000,1788.000000,1784.350000,1786.000000,550
2016-04-01T10:15:00+05:30,1786.000000,1787.400000,1777.700000,1780.200000,528
2016-04-01T10:30:00+05:30,1783.400000,1785.000000,1778.750000,1782.600000,108
2016-04-01T10:45:00+05:30,1782.600000,1785.550000,1781.000000,1783.700000,248
2016-04-01T11:00:00+05:30,1783.700000,1783.700000,1780.000000,1783.700000,174
2016-04-01T11:15:00+05:30,1783.700000,1783.700000,1780.000000,1781.550000,37
2016-04-01T11:30:00+05:30,1781.550000,1782.000000,1780.500000,1780.500000,39
2016-04-01T11:45:00+05:30,1780.500000,1783.700000,1778.750000,1783.650000,230
2016-04-01T12:00:00+05:30,1781.150000,1783.650000,1781.150000,1783.200000,129
2016-04-01T12:15:00+05:30,1783.200000,1783.650000,1780.300000,1780.300000,79
2016-04-01T12:30:00+05:30,1780.300000,1783.200000,1780.300000,1783.200000,300
2016-04-01T12:45:00+05:30,1783.200000,1783.200000,1780.300000,1782.000000,150
2016-04-01T13:00:00+05:30,1782.000000,1782.000000,1781.000000,1781.100000,57
2016-04-01T13:15:00+05:30,1781.100000,1782.000000,1775.050000,1775.700000,397
2016-04-01T13:30:00+05:30,1775.700000,1780.000000,1775.700000,1779.600000,108
2016-04-01T13:45:00+05:30,1779.600000,1783.000000,1778.000000,1778.100000,1310
2016-04-01T14:00:00+05:30,1778.100000,1782.500000,1778.100000,1780.200000,726
2016-04-01T14:15:00+05:30,1780.200000,1782.800000,1775.000000,1776.500000,1389
2016-04-01T14:30:00+05:30,1776.500000,1780.000000,1775.000000,1779.850000,616
2016-04-01T14:45:00+05:30,1779.850000,1779.950000,1777.200000,1777.200000,107
2016-04-01T15:00:00+05:30,1777.200000,1783.000000,1775.800000,1776.100000,1979
2016-04-01T15:15:00+05:30,1776.100000,1777.950000,1760.000000,1765.000000,2271
2016-04-04T09:15:00+05:30,1775.000000,1777.950000,1769.000000,1773.400000,674
2016-04-04T09:30:00+05:30,1773.400000,1775.000000,1765.000000,1768.250000,498
2016-04-04T09:45:00+05:30,1768.250000,1769.000000,1760.150000,1761.600000,290
2016-04-04T10:00:00+05:30,1761.600000,1761.600000,1748.750000,1750.000000,1671
2016-04-04T10:15:00+05:30,1750.000000,1761.100000,1750.000000,1760.000000,895
2016-04-04T10:30:00+05:30,1760.000000,1761.450000,1750.000000,1754.050000,535
2016-04-04T10:45:00+05:30,1754.050000,1759.000000,1754.050000,1757.750000,119
2016-04-04T11:00:00+05:30,1757.750000,1760.000000,1755.850000,1760.000000,803
2016-04-04T11:15:00+05:30,1760.000000,1769.000000,1755.000000,1761.000000,561
2016-04-04T11:30:00+05:30,1761.000000,1769.750000,1761.000000,1762.000000,123
2016-04-04T11:45:00+05:30,1762.000000,1762.000000,1758.400000,1760.000000,192
2016-04-04T12:00:00+05:30,1760.000000,1760.000000,1758.650000,1760.000000,431
2016-04-04T12:15:00+05:30,1759.950000,1759.950000,1758.000000,1759.000000,119
2016-04-04T12:30:00+05:30,1759.000000,1760.000000,1758.000000,1759.900000,181
2016-04-04T12:45:00+05:30,1759.900000,1759.900000,1754.000000,1754.000000,386
2016-04-04T13:00:00+05:30,1754.000000,1755.000000,1750.000000,1753.000000,306
2016-04-04T13:15:00+05:30,1753.000000,1759.450000,1753.000000,1759.450000,68
2016-04-04T13:30:00+05:30,1759.000000,1760.000000,1749.000000,1750.100000,1034
2016-04-04T13:45:00+05:30,1750.000000,1752.950000,1750.000000,1752.000000,1981
2016-04-04T14:00:00+05:30,1752.000000,1752.000000,1742.100000,1749.350000,1677
2016-04-04T14:15:00+05:30,1749.350000,1749.500000,1744.350000,1744.350000,225
2016-04-04T14:30:00+05:30,1744.350000,1750.000000,1743.000000,1750.000000,1898
2016-04-04T14:45:00+05:30,1750.000000,1755.000000,1748.100000,1752.000000,1686
2016-04-04T15:00:00+05:30,1752.000000,1752.000000,1745.000000,1749.000000,1665
2016-04-04T15:15:00+05:30,1748.250000,1750.000000,1741.000000,1746.000000,4418
2016-04-05T09:15:00+05:30,1766.000000,1766.000000,1738.800000,1752.300000,3854
2016-04-05T09:30:00+05:30,1752.300000,1753.950000,1742.100000,1745.850000,3100
2016-04-05T09:45:00+05:30,1745.850000,1745.850000,1738.550000,1740.200000,1362
2016-04-05T10:00:00+05:30,1740.200000,1741.000000,1731.050000,1737.000000,908
2016-04-05T10:15:00+05:30,1737.000000,1738.000000,1728.550000,1732.750000,675
2016-04-05T10:30:00+05:30,1732.750000,1734.050000,1723.500000,1727.500000,1200
2016-04-05T10:45:00+05:30,1727.500000,1727.500000,1722.850000,1726.000000,437
2016-04-05T11:00:00+05:30,1726.000000,1733.000000,1726.000000,1733.000000,542
2016-04-05T11:15:00+05:30,1733.000000,1734.000000,1722.000000,1722.500000,492
2016-04-05T11:30:00+05:30,1722.500000,1732.500000,1722.500000,1727.500000,256
2016-04-05T11:45:00+05:30,1727.500000,1733.050000,1727.250000,1727.350000,113
2016-04-05T12:00:00+05:30,1727.350000,1729.950000,1722.650000,1729.950000,1065
2016-04-05T12:15:00+05:30,1729.950000,1735.000000,1729.000000,1735.000000,425
2016-04-05T12:30:00+05:30,1735.000000,1736.700000,1730.100000,1732.000000,223
2016-04-05T12:45:00+05:30,1732.000000,1732.000000,1730.100000,1731.000000,99
2016-04-05T13:00:00+05:30,1731.000000,1731.000000,1727.100000,1727.800000,119
2016-04-05T13:15:00+05:30,1727.800000,1730.350000,1725.500000,1727.100000,56
2016-04-05T13:30:00+05:30,1727.100000,1730.550000,1727.000000,1730.550000,87
2016-04-05T13:45:00+05:30,1730.550000,1730.550000,1726.000000,1727.700000,67
2016-04-05T14:00:00+05:30,1727.000000,1727.000000,1724.650000,1724.650000,406
2016-04-05T14:15:00+05:30,1724.650000,1727.750000,1722.000000,1722.850000,572
2016-04-05T14:30:00+05:30,1722.850000,1728.550000,1718.800000,1720.000000,1650
2016-04-05T14:45:00+05:30,1720.000000,1730.000000,1718.750000,1721.650000,432
2016-04-05T15:00:00+05:30,1724.250000,1724.900000,1703.100000,1708.100000,2669
2016-04-05T15:15:00+05:30,1708.100000,1730.000000,1705.000000,1722.000000,9938
2016-04-06T09:15:00+05:30,1710.000000,1737.800000,1710.000000,1727.300000,1793
2016-04-06T09:30:00+05:30,1727.300000,1745.050000,1727.300000,1742.500000,2004
2016-04-06T09:45:00+05:30,1742.500000,1752.000000,1740.400000,1744.000000,3138
2016-04-06T10:00:00+05:30,1744.000000,1744.000000,1735.000000,1735.000000,563
2016-04-06T10:15:00+05:30,1735.000000,1737.850000,1733.700000,1735.000000,94
2016-04-06T10:30:00+05:30,1735.000000,1737.850000,1730.000000,1734.150000,473
2016-04-06T10:45:00+05:30,1734.150000,1737.200000,1733.050000,1735.050000,108
2016-04-06T11:00:00+05:30,1735.050000,1737.000000,1734.000000,1734.250000,435
2016-04-06T11:15:00+05:30,1734.250000,1736.000000,1731.750000,1731.750000,314
2016-04-06T11:30:00+05:30,1731.750000,1742.000000,1731.750000,1735.200000,1806
2016-04-06T11:45:00+05:30,1735.200000,1739.700000,1734.350000,1737.000000,185
2016-04-06T12:00:00+05:30,1737.000000,1745.000000,1736.200000,1744.600000,1446
2016-04-06T12:15:00+05:30,1744.600000,1744.600000,1738.000000,1739.050000,151
2016-04-06T12:30:00+05:30,1739.050000,1741.250000,1739.000000,1739.000000,434
2016-04-06T12:45:00+05:30,1739.000000,1741.250000,1739.000000,1740.050000,162
2016-04-06T13:00:00+05:30,1740.050000,1745.000000,1739.600000,1741.150000,504
2016-04-06T13:15:00+05:30,1743.550000,1743.550000,1740.000000,1740.550000,218
2016-04-06T13:30:00+05:30,1740.550000,1743.650000,1739.000000,1742.150000,265
2016-04-06T13:45:00+05:30,1742.150000,1742.200000,1739.000000,1740.000000,223
2016-04-06T14:00:00+05:30,1740.000000,1741.500000,1736.150000,1737.950000,236
2016-04-06T14:15:00+05:30,1737.950000,1745.000000,1737.100000,1740.750000,226
2016-04-06T14:30:00+05:30,1740.750000,1747.000000,1740.750000,1742.850000,217
2016-04-06T14:45:00+05:30,1742.850000,1752.000000,1742.850000,1747.100000,9925
2016-04-06T15:00:00+05:30,1747.100000,1748.500000,1735.000000,1736.000000,2302
2016-04-06T15:15:00+05:30,1736.000000,1749.900000,1730.000000,1735.000000,2650
2016-04-07T09:15:00+05:30,1750.000000,1760.000000,1746.950000,1749.000000,4675
2016-04-07T09:30:00+05:30,1749.000000,1751.000000,1745.100000,1745.100000,845
2016-04-07T09:45:00+05:30,1745.100000,1749.000000,1742.000000,1747.800000,635
2016-04-07T10:00:00+05:30,1748.950000,1749.000000,1744.200000,1746.050000,635
2016-04-07T10:15:00+05:30,1746.050000,1748.000000,1745.100000,1746.750000,411
2016-04-07T10:30:00+05:30,1746.750000,1748.000000,1745.000000,1747.800000,405
2016-04-07T10:45:00+05:30,1747.800000,1749.000000,1745.500000,1745.500000,316
2016-04-07T11:00:00+05:30,1746.900000,1747.500000,1742.050000,1744.100000,778
2016-04-07T11:15:00+05:30,1744.100000,1745.900000,1740.100000,1740.100000,489
2016-04-07T11:30:00+05:30,1740.100000,1743.200000,1740.100000,1742.700000,262
2016-04-07T11:45:00+05:30,1742.700000,1746.000000,1741.250000,1744.150000,314
2016-04-07T12:00:00+05:30,1744.150000,1746.000000,1738.000000,1740.650000,304
2016-04-07T12:15:00+05:30,1740.650000,1745.000000,1740.000000,1743.000000,257
2016-04-07T12:30:00+05:30,1743.000000,1743.900000,1739.100000,1740.000000,240
2016-04-07T12:45:00+05:30,1740.000000,1744.000000,1739.650000,1740.150000,358
2016-04-07T13:00:00+05:30,1741.000000,1741.000000,1735.000000,1737.000000,264
2016-04-07T13:15:00+05:30,1737.000000,1739.700000,1732.600000,1734.950000,549
2016-04-07T13:30:00+05:30,1734.950000,1734.950000,1725.500000,1730.000000,740
2016-04-07T13:45:00+05:30,1730.000000,1732.050000,1722.050000,1722.050000,891
2016-04-07T14:00:00+05:30,1722.050000,1727.350000,1721.000000,1727.350000,390
2016-04-07T14:15:00+05:30,1727.350000,1728.000000,1721.000000,1725.150000,843
2016-04-07T14:30:00+05:30,1725.150000,1732.000000,1725.150000,1727.100000,444
2016-04-07T14:45:00+05:30,1727.100000,1732.300000,1722.500000,1725.000000,1665
2016-04-07T15:00:00+05:30,1724.350000,1727.850000,1717.000000,1717.000000,1073
2016-04-07T15:15:00+05:30,1717.000000,1747.300000,1707.000000,1720.000000,10097
2016-04-08T09:15:00+05:30,1730.000000,1730.000000,1711.050000,1720.000000,1032
2016-04-08T09:30:00+05:30,1720.000000,1728.000000,1718.100000,1721.650000,357
2016-04-08T09:45:00+05:30,1721.650000,1721.650000,1705.000000,1706.100000,1926
2016-04-08T10:00:00+05:30,1706.100000,1709.600000,1693.050000,1695.200000,4059
2016-04-08T10:15:00+05:30,1695.200000,1696.000000,1690.500000,1692.700000,2672
2016-04-08T10:30:00+05:30,1692.700000,1695.000000,1690.250000,1695.000000,1286
2016-04-08T10:45:00+05:30,1695.000000,1700.000000,1695.000000,1695.450000,729
2016-04-08T11:00:00+05:30,1695.450000,1702.000000,1691.000000,1697.650000,1157
2016-04-08T11:15:00+05:30,1697.650000,1700.000000,1696.000000,1698.000000,411
2016-04-08T11:30:00+05:30,1698.000000,1702.000000,1696.000000,1698.000000,522
2016-04-08T11:45:00+05:30,1698.000000,1700.000000,1696.100000,1698.900000,252
2016-04-08T12:00:00+05:30,1699.000000,1700.000000,1692.700000,1695.650000,574
2016-04-08T12:15:00+05:30,1695.650000,1698.100000,1692.500000,1694.250000,206
2016-04-08T12:30:00+05:30,1694.250000,1700.050000,1693.100000,1698.000000,791
2016-04-08T12:45:00+05:30,1698.000000,1704.000000,1696.650000,1700.000000,569
2016-04-08T13:00:00+05:30,1700.000000,1700.950000,1697.050000,1699.300000,392
2016-04-08T13:15:00+05:30,1699.300000,1701.900000,1696.050000,1701.900000,338
2016-04-08T13:30:00+05:30,1701.900000,1704.600000,1697.150000,1702.350000,342
2016-04-08T13:45:00+05:30,1702.350000,1704.450000,1701.000000,1702.300000,417
2016-04-08T14:00:00+05:30,1702.300000,1705.000000,1697.200000,1699.850000,1767
2016-04-08T14:15:00+05:30,1699.850000,1699.900000,1698.050000,1699.900000,294
2016-04-08T14:30:00+05:30,1699.000000,1702.700000,1698.000000,1701.000000,549
2016-04-08T14:45:00+05:30,1701.000000,1701.900000,1695.000000,1701.850000,747
2016-04-08T15:00:00+05:30,1701.850000,1710.000000,1700.050000,1706.850000,2659
2016-04-08T15:15:00+05:30,1706.850000,1706.850000,1699.200000,1700.000000,3551
2016-04-11T09:15:00+05:30,1711.100000,1715.900000,1705.200000,1705.750000,761
2016-04-11T09:30:00+05:30,1705.750000,1713.450000,1705.250000,1713.450000,508
2016-04-11T09:45:00+05:30,1713.450000,1715.000000,1708.000000,1708.050000,463
2016-04-11T10:00:00+05:30,1709.400000,1712.700000,1706.000000,1711.950000,214
2016-04-11T10:15:00+05:30,1711.950000,1727.000000,1710.900000,1720.000000,1134
2016-04-11T10:30:00+05:30,1720.000000,1720.000000,1714.500000,1717.500000,324
2016-04-11T10:45:00+05:30,1717.500000,1717.500000,1715.000000,1715.000000,169
2016-04-11T11:00:00+05:30,1712.700000,1717.500000,1712.700000,1716.850000,105
2016-04-11T11:15:00+05:30,1716.850000,1717.500000,1713.000000,1713.000000,58
2016-04-11T11:30:00+05:30,1713.000000,1714.950000,1713.000000,1714.950000,36
2016-04-11T11:45:00+05:30,1714.950000,1721.000000,1714.000000,1721.000000,228
2016-04-11T12:00:00+05:30,1721.000000,1722.000000,1717.000000,1718.000000,123
2016-04-11T12:15:00+05:30,1718.000000,1718.000000,1716.500000,1716.500000,27
2016-04-11T12:30:00+05:30,1716.500000,1720.000000,1715.100000,1717.500000,127
2016-04-11T12:45:00+05:30,1717.500000,1718.050000,1715.150000,1715.300000,112
2016-04-11T13:00:00+05:30,1715.300000,1719.000000,1715.300000,1717.200000,87
2016-04-11T13:15:00+05:30,1717.200000,1722.000000,1716.350000,1722.000000,181
2016-04-11T13:30:00+05:30,1722.000000,1722.000000,1716.700000,1716.750000,288
2016-04-11T13:45:00+05:30,1716.750000,1716.850000,1716.750000,1716.850000,33
2016-04-11T14:00:00+05:30,1716.850000,1717.500000,1713.200000,1715.000000,202
2016-04-11T14:15:00+05:30,1715.000000,1717.500000,1713.000000,1714.550000,213
2016-04-11T14:30:00+05:30,1714.550000,1720.200000,1713.000000,1719.950000,231
2016-04-11T14:45:00+05:30,1719.950000,1722.350000,1713.000000,1716.950000,557
2016-04-11T15:00:00+05:30,1716.950000,1718.950000,1705.000000,1717.000000,1184
2016-04-11T15:15:00+05:30,1717.000000,1737.000000,1712.000000,1729.000000,3005
2016-04-12T09:15:00+05:30,1711.100000,1732.000000,1711.100000,1732.000000,469
2016-04-12T09:30:00+05:30,1732.000000,1732.000000,1723.000000,1729.900000,710
2016-04-12T09:45:00+05:30,1729.900000,1732.000000,1726.200000,1730.000000,589
2016-04-12T10:00:00+05:30,1730.000000,1732.000000,1729.000000,1732.000000,427
2016-04-12T10:15:00+05:30,1732.000000,1736.000000,1720.550000,1720.550000,1019
2016-04-12T10:30:00+05:30,1720.550000,1727.400000,1720.550000,1723.000000,165
2016-04-12T10:45:00+05:30,1723.000000,1725.650000,1722.050000,1725.650000,142
2016-04-12T11:00:00+05:30,1725.650000,1727.050000,1723.000000,1723.100000,188
2016-04-12T11:15:00+05:30,1723.100000,1723.200000,1723.000000,1723.000000,170
2016-04-12T11:30:00+05:30,1723.000000,1725.000000,1722.050000,1725.000000,173
2016-04-12T11:45:00+05:30,1725.000000,1725.000000,1722.000000,1725.000000,303
2016-04-12T12:00:00+05:30,1725.000000,1725.000000,1723.000000,1725.000000,100
2016-04-12T12:15:00+05:30,1725.000000,1725.000000,1708.000000,1719.050000,1613
2016-04-12T12:30:00+05:30,1719.050000,1721.300000,1719.000000,1719.050000,775
2016-04-12T12:45:00+05:30,1719.050000,1720.000000,1713.000000,1717.600000,179
2016-04-12T13:00:00+05:30,1717.600000,1720.000000,1717.600000,1718.950000,171
2016-04-12T13:15:00+05:30,1720.000000,1720.000000,1719.750000,1719.750000,77
2016-04-12T13:30:00+05:30,1719.750000,1719.750000,1715.250000,1716.600000,65
2016-04-12T13:45:00+05:30,1716.600000,1716.600000,1712.000000,1713.950000,162
2016-04-12T14:00:00+05:30,1713.950000,1720.000000,1713.950000,1716.250000,193
2016-04-12T14:15:00+05:30,1716.250000,1719.150000,1716.050000,1717.200000,160
2016-04-12T14:30:00+05:30,1717.200000,1734.900000,1716.000000,1723.400000,1645
2016-04-12T14:45:00+05:30,1723.400000,1730.050000,1723.400000,1730.000000,606
2016-04-12T15:00:00+05:30,1730.000000,1730.000000,1725.000000,1727.850000,794
2016-04-12T15:15:00+05:30,1727.850000,1733.000000,1724.050000,1724.050000,2882
2016-04-13T09:15:00+05:30,1738.000000,1750.000000,1734.800000,1736.350000,905
2016-04-13T09:30:00+05:30,1736.350000,1741.000000,1736.350000,1740.000000,621
2016-04-13T09:45:00+05:30,1740.000000,1741.000000,1738.500000,1738.500000,436
2016-04-13T10:00:00+05:30,1738.500000,1741.000000,1737.500000,1740.550000,317
2016-04-13T10:15:00+05:30,1739.050000,1741.000000,1735.250000,1741.000000,348
2016-04-13T10:30:00+05:30,1741.000000,1741.000000,1737.550000,1740.000000,280
2016-04-13T10:45:00+05:30,1738.550000,1740.000000,1736.000000,1736.000000,2236
2016-04-13T11:00:00+05:30,1737.000000,1740.000000,1736.050000,1740.000000,270
2016-04-13T11:15:00+05:30,1740.000000,1740.000000,1737.100000,1739.900000,55
2016-04-13T11:30:00+05:30,1737.550000,1748.500000,1737.300000,1744.000000,1521
2016-04-13T11:45:00+05:30,1745.750000,1746.850000,1739.700000,1739.700000,344
2016-04-13T12:00:00+05:30,1739.700000,1745.000000,1739.700000,1744.500000,677
2016-04-13T12:15:00+05:30,1744.500000,1744.600000,1740.050000,1743.350000,183
2016-04-13T12:30:00+05:30,1743.350000,1744.600000,1743.300000,1743.300000,349
2016-04-13T12:45:00+05:30,1743.300000,1745.000000,1743.000000,1743.000000,216
2016-04-13T13:00:00+05:30,1743.000000,1744.500000,1743.000000,1743.000000,80
2016-04-13T13:15:00+05:30,1743.000000,1745.000000,1743.000000,1743.000000,81
2016-04-13T13:30:00+05:30,1743.000000,1745.000000,1741.000000,1741.500000,243
2016-04-13T13:45:00+05:30,1741.000000,1742.950000,1736.000000,1736.000000,422
2016-04-13T14:00:00+05:30,1736.000000,1739.950000,1736.000000,1739.850000,94
2016-04-13T14:15:00+05:30,1739.850000,1739.850000,1737.050000,1737.500000,61
2016-04-13T14:30:00+05:30,1737.500000,1739.850000,1736.000000,1736.000000,384
2016-04-13T14:45:00+05:30,1736.000000,1738.800000,1735.000000,1738.800000,278
2016-04-13T15:00:00+05:30,1738.800000,1739.900000,1731.100000,1731.150000,761
2016-04-13T15:15:00+05:30,1731.150000,1740.000000,1731.150000,1739.000000,3065
2016-04-18T09:15:00+05:30,1737.000000,1739.950000,1730.000000,1734.000000,249
2016-04-18T09:30:00+05:30,1734.000000,1740.000000,1734.000000,1737.050000,350
2016-04-18T09:45:00+05:30,1737.050000,1737.050000,1729.800000,1732.000000,258
2016-04-18T10:00:00+05:30,1732.000000,1738.750000,1729.000000,1738.700000,190
2016-04-18T10:15:00+05:30,1738.700000,1739.000000,1736.100000,1739.000000,267
2016-04-18T10:30:00+05:30,1739.000000,1740.000000,1736.000000,1739.450000,506
2016-04-18T10:45:00+05:30,1739.450000,1739.950000,1736.050000,1739.850000,193
2016-04-18T11:00:00+05:30,1739.850000,1740.000000,1736.100000,1737.750000,325
2016-04-18T11:15:00+05:30,1737.750000,1740.000000,1736.000000,1736.000000,225
2016-04-18T11:30:00+05:30,1736.000000,1770.000000,1736.000000,1763.500000,9052
2016-04-18T11:45:00+05:30,1763.500000,1766.000000,1751.400000,1755.000000,1638
2016-04-18T12:00:00+05:30,1755.000000,1755.000000,1752.000000,1752.000000,566
2016-04-18T12:15:00+05:30,1752.000000,1752.250000,1744.000000,1745.000000,848
2016-04-18T12:30:00+05:30,1745.000000,1749.100000,1741.050000,1746.000000,675
2016-04-18T12:45:00+05:30,1746.000000,1747.450000,1738.050000,1740.000000,795
2016-04-18T13:00:00+05:30,1740.000000,1745.000000,1736.100000,1745.000000,965
2016-04-18T13:15:00+05:30,1744.200000,1745.050000,1738.000000,1744.900000,906
2016-04-18T13:30:00+05:30,1744.900000,1747.000000,1740.500000,1742.550000,815
2016-04-18T13:45:00+05:30,1742.550000,1745.000000,1737.000000,1745.000000,597
2016-04-18T14:00:00+05:30,1745.000000,1747.000000,1741.050000,1746.900000,250
2016-04-18T14:15:00+05:30,1746.900000,1756.000000,1745.000000,1748.000000,1563
2016-04-18T14:30:00+05:30,1748.000000,1750.550000,1745.000000,1745.000000,242
2016-04-18T14:45:00+05:30,1745.000000,1748.000000,1745.000000,1745.000000,422
2016-04-18T15:00:00+05:30,1745.000000,1755.000000,1740.000000,1741.650000,644
2016-04-18T15:15:00+05:30,1741.650000,1753.950000,1732.000000,1733.000000,2623
2016-04-20T09:15:00+05:30,1759.300000,1760.400000,1740.000000,1760.400000,1191
2016-04-20T09:30:00+05:30,1760.400000,1764.950000,1743.000000,1743.000000,746
2016-04-20T09:45:00+05:30,1743.000000,1749.950000,1742.800000,1745.050000,516
2016-04-20T10:00:00+05:30,1745.050000,1748.000000,1742.000000,1742.500000,287
2016-04-20T10:15:00+05:30,1742.500000,1749.000000,1742.150000,1745.000000,428
2016-04-20T10:30:00+05:30,1745.000000,1750.000000,1745.000000,1747.050000,680
2016-04-20T10:45:00+05:30,1747.050000,1747.500000,1745.000000,1745.000000,452
2016-04-20T11:00:00+05:30,1745.000000,1747.000000,1742.100000,1743.400000,201
2016-04-20T11:15:00+05:30,1744.000000,1746.000000,1743.300000,1746.000000,157
2016-04-20T11:30:00+05:30,1746.000000,1746.000000,1742.000000,1743.400000,283
2016-04-20T11:45:00+05:30,1743.400000,1745.400000,1742.000000,1744.350000,71
2016-04-20T12:00:00+05:30,1744.350000,1750.000000,1743.000000,1743.600000,449
2016-04-20T12:15:00+05:30,1743.350000,1745.750000,1743.000000,1745.000000,140
2016-04-20T12:30:00+05:30,1745.000000,1750.000000,1743.100000,1743.100000,106
2016-04-20T12:45:00+05:30,1743.100000,1745.350000,1742.000000,1742.700000,105
2016-04-20T13:00:00+05:30,1742.700000,1744.000000,1730.000000,1731.000000,689
2016-04-20T13:15:00+05:30,1731.000000,1745.100000,1731.000000,1738.950000,192
2016-04-20T13:30:00+05:30,1738.950000,1742.300000,1737.050000,1742.050000,240
2016-04-20T13:45:00+05:30,1742.050000,1744.500000,1739.000000,1739.000000,364
2016-04-20T14:00:00+05:30,1739.000000,1744.500000,1739.000000,1744.000000,98
2016-04-20T14:15:00+05:30,1744.000000,1748.950000,1742.500000,1743.400000,120
2016-04-20T14:30:00+05:30,1743.400000,1754.000000,1742.050000,1744.100000,846
2016-04-20T14:45:00+05:30,1744.100000,1749.450000,1742.400000,1748.450000,308
2016-04-20T15:00:00+05:30,1748.450000,1749.000000,1735.000000,1737.900000,1815
2016-04-20T15:15:00+05:30,1735.200000,1765.000000,1723.000000,1745.000000,6214
2016-04-21T09:15:00+05:30,1757.950000,1757.950000,1742.500000,1750.000000,512
2016-04-21T09:30:00+05:30,1750.000000,1752.000000,1745.050000,1749.000000,666
2016-04-21T09:45:00+05:30,1749.000000,1749.000000,1740.950000,1745.150000,431
2016-04-21T10:00:00+05:30,1745.150000,1747.800000,1741.000000,1746.900000,302
2016-04-21T10:15:00+05:30,1746.900000,1747.000000,1742.350000,1744.050000,150
2016-04-21T10:30:00+05:30,1744.050000,1745.000000,1741.000000,1741.000000,425
2016-04-21T10:45:00+05:30,1741.000000,1748.000000,1741.000000,1745.100000,398
2016-04-21T11:00:00+05:30,1745.100000,1746.750000,1741.500000,1746.750000,173
2016-04-21T11:15:00+05:30,1746.750000,1747.950000,1741.050000,1741.050000,143
2016-04-21T11:30:00+05:30,1741.050000,1744.950000,1741.050000,1744.200000,65
2016-04-21T11:45:00+05:30,1744.200000,1745.000000,1743.050000,1744.500000,39
2016-04-21T12:00:00+05:30,1744.500000,1744.550000,1736.050000,1740.500000,472
2016-04-21T12:15:00+05:30,1740.500000,1740.500000,1733.400000,1735.550000,261
2016-04-21T12:30:00+05:30,1735.550000,1743.300000,1735.550000,1739.700000,302
2016-04-21T12:45:00+05:30,1739.700000,1740.000000,1735.100000,1739.700000,363
2016-04-21T13:00:00+05:30,1739.700000,1745.000000,1738.750000,1742.400000,162
2016-04-21T13:15:00+05:30,1742.400000,1744.550000,1739.700000,1739.700000,134
2016-04-21T13:30:00+05:30,1739.700000,1744.550000,1736.150000,1744.500000,172
2016-04-21T13:45:00+05:30,1744.500000,1745.000000,1740.000000,1740.500000,254
2016-04-21T14:00:00+05:30,1740.500000,1745.000000,1737.050000,1744.950000,1626
2016-04-21T14:15:00+05:30,1744.950000,1750.000000,1742.950000,1748.000000,812
2016-04-21T14:30:00+05:30,1748.000000,1752.650000,1742.550000,1748.100000,1643
2016-04-21T14:45:00+05:30,1748.100000,1751.000000,1747.100000,1748.650000,2170
2016-04-21T15:00:00+05:30,1748.650000,1753.900000,1748.000000,1749.250000,753
2016-04-21T15:15:00+05:30,1748.700000,1765.000000,1748.200000,1756.000000,8091
2016-04-22T09:15:00+05:30,1741.050000,1749.700000,1741.050000,1747.950000,182
2016-04-22T09:30:00+05:30,1747.950000,1750.000000,1744.000000,1750.000000,419
2016-04-22T09:45:00+05:30,1750.000000,1756.000000,1748.800000,1756.000000,321
2016-04-22T10:00:00+05:30,1756.000000,1756.000000,1753.500000,1753.500000,95
2016-04-22T10:15:00+05:30,1753.500000,1754.150000,1753.500000,1754.150000,133
2016-04-22T10:30:00+05:30,1754.150000,1754.150000,1745.100000,1745.200000,154
2016-04-22T10:45:00+05:30,1745.200000,1749.550000,1744.000000,1744.000000,179
2016-04-22T11:00:00+05:30,1744.000000,1750.500000,1742.500000,1750.000000,720
2016-04-22T11:15:00+05:30,1750.000000,1753.350000,1750.000000,1753.300000,180
2016-04-22T11:30:00+05:30,1753.300000,1753.300000,1750.050000,1752.850000,63
2016-04-22T11:45:00+05:30,1753.000000,1755.000000,1750.100000,1755.000000,180
2016-04-22T12:00:00+05:30,1755.000000,1764.150000,1753.400000,1762.400000,1007
2016-04-22T12:15:00+05:30,1762.400000,1762.400000,1750.000000,1759.500000,992
2016-04-22T12:30:00+05:30,1759.500000,1760.000000,1753.200000,1759.400000,330
2016-04-22T12:45:00+05:30,1757.700000,1760.000000,1757.050000,1758.000000,157
2016-04-22T13:00:00+05:30,1758.000000,1758.000000,1750.050000,1755.000000,602
2016-04-22T13:15:00+05:30,1755.000000,1755.000000,1753.750000,1755.000000,213
2016-04-22T13:30:00+05:30,1755.000000,1755.000000,1745.000000,1750.000000,1107
2016-04-22T13:45:00+05:30,1750.000000,1753.700000,1748.000000,1750.000000,306
2016-04-22T14:00:00+05:30,1750.000000,1757.000000,1747.000000,1749.000000,672
2016-04-22T14:15:00+05:30,1749.000000,1754.950000,1747.050000,1754.950000,278
2016-04-22T14:30:00+05:30,1754.950000,1757.000000,1750.100000,1756.900000,366
2016-04-22T14:45:00+05:30,1756.900000,1757.850000,1754.950000,1755.000000,341
2016-04-22T15:00:00+05:30,1755.000000,1755.000000,1748.000000,1752.500000,440
2016-04-22T15:15:00+05:30,1752.500000,1765.000000,1751.050000,1761.000000,3483
2016-04-25T09:15:00+05:30,1775.000000,1775.000000,1742.100000,1762.000000,805
2016-04-25T09:30:00+05:30,1762.000000,1762.000000,1755.050000,1755.050000,385
2016-04-25T09:45:00+05:30,1755.050000,1758.200000,1755.000000,1757.000000,85
2016-04-25T10:00:00+05:30,1757.000000,1761.950000,1755.050000,1755.050000,149
2016-04-25T10:15:00+05:30,1755.050000,1758.550000,1755.000000,1756.000000,49
2016-04-25T10:30:00+05:30,1756.000000,1760.000000,1749.950000,1753.000000,629
2016-04-25T10:45:00+05:30,1754.700000,1757.950000,1754.000000,1756.950000,205
2016-04-25T11:00:00+05:30,1756.950000,1756.950000,1753.000000,1756.750000,158
2016-04-25T11:15:00+05:30,1757.000000,1757.000000,1742.600000,1755.000000,2176
2016-04-25T11:30:00+05:30,1755.000000,1755.000000,1751.150000,1754.000000,68
2016-04-25T11:45:00+05:30,1754.000000,1754.550000,1752.950000,1753.950000,124
2016-04-25T12:00:00+05:30,1753.950000,1754.900000,1752.950000,1754.900000,48
2016-04-25T12:15:00+05:30,1754.900000,1759.000000,1753.050000,1757.950000,1088
2016-04-25T12:30:00+05:30,1757.950000,1760.300000,1751.100000,1758.900000,746
2016-04-25T12:45:00+05:30,1758.900000,1760.000000,1752.650000,1759.000000,2623
2016-04-25T13:00:00+05:30,1759.000000,1759.000000,1758.950000,1759.000000,541
2016-04-25T13:15:00+05:30,1759.000000,1759.000000,1754.150000,1759.000000,517
2016-04-25T13:30:00+05:30,1759.000000,1760.500000,1755.050000,1759.000000,838
2016-04-25T13:45:00+05:30,1759.000000,1759.000000,1758.000000,1758.950000,497
2016-04-25T14:00:00+05:30,1758.950000,1759.000000,1755.050000,1758.000000,493
2016-04-25T14:15:00+05:30,1758.000000,1758.000000,1755.000000,1757.950000,805
2016-04-25T14:30:00+05:30,1757.950000,1759.000000,1753.000000,1759.000000,636
2016-04-25T14:45:00+05:30,1759.000000,1762.500000,1757.050000,1761.000000,3264
2016-04-25T15:00:00+05:30,1761.000000,1774.000000,1759.000000,1767.200000,1775
2016-04-25T15:15:00+05:30,1767.200000,1772.000000,1764.000000,1770.000000,2403
2016-04-26T09:15:00+05:30,1751.000000,1762.950000,1750.000000,1762.200000,504
2016-04-26T09:30:00+05:30,1762.200000,1763.000000,1759.000000,1762.000000,328
2016-04-26T09:45:00+05:30,1762.000000,1762.000000,1759.250000,1761.500000,421
2016-04-26T10:00:00+05:30,1761.500000,1761.500000,1756.300000,1756.300000,135
2016-04-26T10:15:00+05:30,1756.300000,1757.550000,1755.000000,1756.100000,61
2016-04-26T10:30:00+05:30,1756.100000,1756.100000,1755.000000,1755.000000,345
2016-04-26T10:45:00+05:30,1755.000000,1760.000000,1755.000000,1760.000000,182
2016-04-26T11:00:00+05:30,1760.000000,1760.000000,1751.800000,1757.000000,2104
2016-04-26T11:15:00+05:30,1757.650000,1760.000000,1753.350000,1755.200000,5238
2016-04-26T11:30:00+05:30,1755.200000,1758.000000,1754.500000,1755.000000,315
2016-04-26T11:45:00+05:30,1755.000000,1755.000000,1754.000000,1755.000000,697
2016-04-26T12:00:00+05:30,1755.000000,1757.500000,1754.000000,1755.000000,823
2016-04-26T12:15:00+05:30,1755.000000,1756.500000,1754.050000,1754.700000,226
2016-04-26T12:30:00+05:30,1754.700000,1760.000000,1754.000000,1758.000000,550
2016-04-26T12:45:00+05:30,1758.000000,1759.800000,1756.000000,1759.000000,279
2016-04-26T13:00:00+05:30,1759.000000,1759.000000,1754.000000,1755.000000,1057
2016-04-26T13:15:00+05:30,1757.800000,1757.800000,1754.400000,1755.000000,756
2016-04-26T13:30:00+05:30,1755.000000,1757.500000,1754.400000,1757.500000,381
2016-04-26T13:45:00+05:30,1757.500000,1757.500000,1754.150000,1755.000000,556
2016-04-26T14:00:00+05:30,1755.000000,1757.500000,1754.100000,1756.650000,587
2016-04-26T14:15:00+05:30,1756.650000,1757.000000,1754.100000,1757.000000,529
2016-04-26T14:30:00+05:30,1757.000000,1759.000000,1756.000000,1758.000000,914
2016-04-26T14:45:00+05:30,1757.050000,1759.000000,1756.000000,1756.050000,861
2016-04-26T15:00:00+05:30,1756.050000,1759.000000,1755.150000,1758.900000,2035
2016-04-26T15:15:00+05:30,1757.800000,1769.950000,1753.450000,1766.000000,3638
2016-04-27T09:15:00+05:30,1755.900000,1775.000000,1755.900000,1761.000000,906
2016-04-27T09:30:00+05:30,1761.000000,1762.000000,1760.000000,1762.000000,125
2016-04-27T09:45:00+05:30,1762.000000,1762.000000,1761.000000,1762.000000,250
2016-04-27T10:00:00+05:30,1762.000000,1762.000000,1761.100000,1761.100000,197
2016-04-27T10:15:00+05:30,1761.100000,1762.500000,1760.000000,1760.000000,907
2016-04-27T10:30:00+05:30,1760.000000,1761.950000,1758.000000,1759.300000,83
2016-04-27T10:45:00+05:30,1759.300000,1761.350000,1759.000000,1760.750000,95
2016-04-27T11:00:00+05:30,1760.750000,1762.000000,1759.050000,1759.200000,241
2016-04-27T11:15:00+05:30,1759.200000,1762.000000,1759.200000,1759.200000,52
2016-04-27T11:30:00+05:30,1759.200000,1762.000000,1759.200000,1760.000000,381
2016-04-27T11:45:00+05:30,1760.000000,1761.400000,1760.000000,1761.400000,7
2016-04-27T12:00:00+05:30,1761.400000,1762.000000,1759.000000,1760.100000,1169
2016-04-27T12:15:00+05:30,1760.100000,1761.850000,1759.000000,1760.500000,187
2016-04-27T12:30:00+05:30,1761.800000,1761.850000,1759.550000,1760.150000,32
2016-04-27T12:45:00+05:30,1760.150000,1762.000000,1759.000000,1759.200000,229
2016-04-27T13:00:00+05:30,1759.200000,1761.300000,1759.000000,1759.000000,55
2016-04-27T13:15:00+05:30,1759.000000,1759.000000,1757.000000,1757.000000,126
2016-04-27T13:30:00+05:30,1757.800000,1761.750000,1755.800000,1756.000000,651
2016-04-27T13:45:00+05:30,1756.000000,1759.350000,1755.000000,1756.050000,1076
2016-04-27T14:00:00+05:30,1756.050000,1758.650000,1755.200000,1755.200000,92
2016-04-27T14:15:00+05:30,1755.200000,1759.750000,1755.150000,1757.050000,283
2016-04-27T14:30:00+05:30,1757.050000,1759.000000,1755.400000,1755.400000,92
2016-04-27T14:45:00+05:30,1755.400000,1762.000000,1755.200000,1762.000000,741
2016-04-27T15:00:00+05:30,1762.000000,1762.100000,1755.200000,1755.500000,863
2016-04-27T15:15:00+05:30,1755.500000,1761.000000,1748.200000,1753.000000,4145
2016-04-28T09:15:00+05:30,1741.000000,1765.000000,1741.000000,1761.550000,435
2016-04-28T09:30:00+05:30,1761.550000,1761.550000,1755.000000,1757.000000,147
2016-04-28T09:45:00+05:30,1757.000000,1757.500000,1755.000000,1757.000000,167
2016-04-28T10:00:00+05:30,1757.000000,1758.700000,1757.000000,1758.700000,41
2016-04-28T10:15:00+05:30,1758.700000,1765.000000,1755.250000,1756.500000,297
2016-04-28T10:30:00+05:30,1756.500000,1762.000000,1755.250000,1756.000000,124
2016-04-28T10:45:00+05:30,1756.000000,1758.650000,1756.000000,1757.700000,62
2016-04-28T11:00:00+05:30,1757.700000,1757.700000,1755.000000,1755.000000,279
2016-04-28T11:15:00+05:30,1755.000000,1756.000000,1750.000000,1750.550000,65
2016-04-28T11:30:00+05:30,1750.550000,1754.100000,1750.500000,1754.100000,120
2016-04-28T11:45:00+05:30,1754.100000,1759.950000,1745.000000,1755.900000,633
2016-04-28T12:00:00+05:30,1755.900000,1760.350000,1750.100000,1759.000000,136
2016-04-28T12:15:00+05:30,1759.000000,1759.550000,1754.300000,1754.300000,19
2016-04-28T12:30:00+05:30,1754.300000,1759.400000,1751.500000,1759.400000,77
2016-04-28T12:45:00+05:30,1759.400000,1759.400000,1741.050000,1756.500000,511
2016-04-28T13:00:00+05:30,1756.500000,1756.600000,1750.000000,1750.300000,236
2016-04-28T13:15:00+05:30,1750.300000,1755.800000,1750.300000,1754.250000,24
2016-04-28T13:30:00+05:30,1754.250000,1754.250000,1750.000000,1753.000000,67
2016-04-28T13:45:00+05:30,1753.000000,1754.900000,1750.100000,1752.000000,21
2016-04-28T14:00:00+05:30,1752.000000,1752.000000,1750.100000,1750.100000,12
2016-04-28T14:15:00+05:30,1751.000000,1751.000000,1742.000000,1745.000000,891
2016-04-28T14:30:00+05:30,1745.000000,1746.800000,1742.150000,1744.000000,46
2016-04-28T14:45:00+05:30,1744.000000,1775.000000,1742.000000,1772.600000,4893
2016-04-28T15:00:00+05:30,1774.750000,1775.300000,1760.000000,1767.000000,3804
2016-04-28T15:15:00+05:30,1767.000000,1767.000000,1746.000000,1750.000000,1648
2016-04-29T09:15:00+05:30,1755.000000,1756.200000,1750.000000,1751.950000,288
2016-04-29T09:30:00+05:30,1751.950000,1760.000000,1751.000000,1758.350000,172
2016-04-29T09:45:00+05:30,1758.350000,1760.000000,1755.500000,1759.500000,386
2016-04-29T10:00:00+05:30,1759.500000,1763.250000,1755.500000,1756.000000,267
2016-04-29T10:15:00+05:30,1756.000000,1757.000000,1747.000000,1747.400000,1046
2016-04-29T10:30:00+05:30,1747.550000,1751.000000,1745.150000,1747.000000,706
2016-04-29T10:45:00+05:30,1747.000000,1751.950000,1747.000000,1749.500000,148
2016-04-29T11:00:00+05:30,1749.500000,1750.250000,1746.800000,1748.500000,252
2016-04-29T11:15:00+05:30,1748.500000,1749.800000,1745.000000,1748.050000,895
2016-04-29T11:30:00+05:30,1748.050000,1748.050000,1746.000000,1747.000000,380
2016-04-29T11:45:00+05:30,1747.000000,1751.000000,1745.000000,1745.050000,702
2016-04-29T12:00:00+05:30,1745.050000,1749.900000,1740.250000,1740.250000,750
2016-04-29T12:15:00+05:30,1740.250000,1745.100000,1740.000000,1743.050000,439
2016-04-29T12:30:00+05:30,1743.050000,1746.400000,1740.050000,1741.500000,678
2016-04-29T12:45:00+05:30,1740.500000,1741.050000,1711.000000,1724.450000,5781
2016-04-29T13:00:00+05:30,1724.450000,1724.450000,1715.300000,1723.050000,825
2016-04-29T13:15:00+05:30,1723.050000,1725.250000,1720.000000,1722.000000,491
2016-04-29T13:30:00+05:30,1722.000000,1729.600000,1722.000000,1728.000000,228
2016-04-29T13:45:00+05:30,1728.000000,1732.500000,1725.100000,1732.500000,570
2016-04-29T14:00:00+05:30,1732.500000,1740.000000,1730.000000,1735.000000,477
2016-04-29T14:15:00+05:30,1735.000000,1736.500000,1722.000000,1732.000000,4861
2016-04-29T14:30:00+05:30,1732.000000,1737.000000,1730.000000,1736.000000,297
2016-04-29T14:45:00+05:30,1736.000000,1737.950000,1732.600000,1737.000000,528
2016-04-29T15:00:00+05:30,1737.000000,1750.000000,1737.000000,1742.050000,3401
2016-04-29T15:15:00+05:30,1742.050000,1748.900000,1725.000000,1748.900000,2715
2016-05-02T09:15:00+05:30,1745.300000,1745.300000,1725.000000,1736.050000,208
2016-05-02T09:30:00+05:30,1736.900000,1740.300000,1735.000000,1740.300000,199
2016-05-02T09:45:00+05:30,1740.300000,1740.300000,1738.800000,1738.950000,159
2016-05-02T10:00:00+05:30,1738.950000,1738.950000,1738.000000,1738.950000,19
2016-05-02T10:15:00+05:30,1738.950000,1738.950000,1735.000000,1735.000000,103
2016-05-02T10:30:00+05:30,1735.000000,1744.200000,1735.000000,1741.500000,695
2016-05-02T10:45:00+05:30,1741.450000,1745.000000,1736.000000,1739.000000,95
2016-05-02T11:00:00+05:30,1739.000000,1744.900000,1736.050000,1741.100000,184
2016-05-02T11:15:00+05:30,1741.100000,1749.600000,1740.600000,1745.150000,344
2016-05-02T11:30:00+05:30,1745.150000,1751.000000,1745.000000,1749.200000,232
2016-05-02T11:45:00+05:30,1749.200000,1750.900000,1745.150000,1750.900000,75
2016-05-02T12:00:00+05:30,1750.900000,1757.000000,1750.000000,1752.000000,779
2016-05-02T12:15:00+05:30,1752.000000,1757.000000,1752.000000,1754.250000,187
2016-05-02T12:30:00+05:30,1754.250000,1754.250000,1752.000000,1754.000000,155
2016-05-02T12:45:00+05:30,1754.000000,1755.000000,1752.000000,1754.900000,56
2016-05-02T13:00:00+05:30,1754.900000,1755.000000,1752.350000,1755.000000,36
2016-05-02T13:15:00+05:30,1755.000000,1755.000000,1752.000000,1752.000000,144
2016-05-02T13:30:00+05:30,1752.000000,1752.000000,1751.000000,1751.000000,144
2016-05-02T13:45:00+05:30,1751.000000,1755.000000,1751.000000,1755.000000,163
2016-05-02T14:00:00+05:30,1755.000000,1755.000000,1751.000000,1751.000000,266
2016-05-02T14:15:00+05:30,1751.000000,1755.850000,1751.000000,1755.000000,224
2016-05-02T14:30:00+05:30,1755.000000,1755.000000,1752.350000,1753.000000,249
2016-05-02T14:45:00+05:30,1753.000000,1755.000000,1751.550000,1751.550000,299
2016-05-02T15:00:00+05:30,1751.550000,1756.850000,1751.000000,1756.850000,372
2016-05-02T15:15:00+05:30,1756.850000,1760.000000,1753.150000,1755.000000,2092
2016-05-03T09:15:00+05:30,1763.000000,1765.800000,1757.000000,1760.550000,291
2016-05-03T09:30:00+05:30,1760.550000,1764.000000,1760.000000,1762.000000,153
2016-05-03T09:45:00+05:30,1762.000000,1769.000000,1762.000000,1762.000000,643
2016-05-03T10:00:00+05:30,1762.000000,1765.000000,1752.350000,1760.000000,242
2016-05-03T10:15:00+05:30,1760.000000,1760.000000,1755.000000,1758.000000,138
2016-05-03T10:30:00+05:30,1758.000000,1758.000000,1756.900000,1758.000000,61
2016-05-03T10:45:00+05:30,1758.000000,1760.000000,1755.100000,1758.600000,248
2016-05-03T11:00:00+05:30,1757.000000,1758.000000,1755.050000,1757.000000,244
2016-05-03T11:15:00+05:30,1757.000000,1760.000000,1757.000000,1760.000000,297
2016-05-03T11:30:00+05:30,1760.000000,1760.500000,1759.950000,1760.500000,1815
2016-05-03T11:45:00+05:30,1760.500000,1761.000000,1760.000000,1760.000000,13
2016-05-03T12:00:00+05:30,1760.000000,1762.000000,1758.600000,1760.000000,239
2016-05-03T12:15:00+05:30,1760.000000,1761.950000,1760.000000,1760.050000,315
2016-05-03T12:30:00+05:30,1762.000000,1762.000000,1760.150000,1760.150000,453
2016-05-03T12:45:00+05:30,1760.150000,1761.500000,1760.150000,1761.300000,493
2016-05-03T13:00:00+05:30,1761.300000,1763.000000,1757.000000,1761.300000,795
2016-05-03T13:15:00+05:30,1761.300000,1767.000000,1760.000000,1761.000000,709
2016-05-03T13:30:00+05:30,1761.000000,1762.450000,1760.000000,1760.000000,125
2016-05-03T13:45:00+05:30,1760.000000,1764.000000,1758.000000,1763.950000,144
2016-05-03T14:00:00+05:30,1763.950000,1763.950000,1757.050000,1761.000000,305
2016-05-03T14:15:00+05:30,1761.000000,1763.000000,1760.000000,1762.200000,153
2016-05-03T14:30:00+05:30,1762.200000,1762.200000,1759.850000,1761.000000,1042
2016-05-03T14:45:00+05:30,1761.000000,1761.900000,1758.100000,1760.000000,1455
2016-05-03T15:00:00+05:30,1760.000000,1761.550000,1758.000000,1760.000000,1710
2016-05-03T15:15:00+05:30,1760.000000,1761.400000,1755.150000,1760.000000,2167
2016-05-04T09:15:00+05:30,1768.900000,1768.900000,1756.000000,1761.950000,564
2016-05-04T09:30:00+05:30,1761.950000,1764.800000,1757.550000,1759.900000,216
2016-05-04T09:45:00+05:30,1759.900000,1760.000000,1756.150000,1756.150000,301
2016-05-04T10:00:00+05:30,1756.150000,1760.000000,1755.200000,1758.550000,155
2016-05-04T10:15:00+05:30,1758.550000,1759.300000,1755.000000,1755.050000,353
2016-05-04T10:30:00+05:30,1755.050000,1757.700000,1755.000000,1757.700000,235
2016-05-04T10:45:00+05:30,1757.700000,1759.450000,1755.500000,1757.650000,398
2016-05-04T11:00:00+05:30,1757.650000,1758.000000,1756.050000,1756.150000,228
2016-05-04T11:15:00+05:30,1756.150000,1757.800000,1755.600000,1756.000000,211
2016-05-04T11:30:00+05:30,1756.000000,1756.050000,1756.000000,1756.000000,90
2016-05-04T11:45:00+05:30,1756.000000,1758.000000,1756.000000,1756.050000,179
2016-05-04T12:00:00+05:30,1756.050000,1760.850000,1756.050000,1759.650000,782
2016-05-04T12:15:00+05:30,1757.050000,1758.950000,1757.050000,1758.950000,48
2016-05-04T12:30:00+05:30,1758.950000,1762.800000,1757.700000,1760.200000,98
2016-05-04T12:45:00+05:30,1760.200000,1761.900000,1757.550000,1761.900000,198
2016-05-04T13:00:00+05:30,1761.900000,1765.100000,1760.050000,1764.750000,614
2016-05-04T13:15:00+05:30,1764.750000,1768.800000,1758.000000,1768.750000,1710
2016-05-04T13:30:00+05:30,1768.750000,1782.700000,1766.050000,1780.000000,8325
2016-05-04T13:45:00+05:30,1780.000000,1780.000000,1769.000000,1770.000000,8290
2016-05-04T14:00:00+05:30,1770.000000,1774.000000,1770.000000,1770.000000,1606
2016-05-04T14:15:00+05:30,1771.350000,1772.050000,1769.000000,1769.950000,1229
2016-05-04T14:30:00+05:30,1769.950000,1770.000000,1760.000000,1764.950000,3322
2016-05-04T14:45:00+05:30,1764.950000,1769.950000,1762.550000,1768.800000,951
2016-05-04T15:00:00+05:30,1768.800000,1770.000000,1763.000000,1764.000000,1234
2016-05-04T15:15:00+05:30,1764.000000,1768.000000,1760.100000,1762.950000,2512
2016-05-05T09:15:00+05:30,1770.000000,1770.000000,1758.700000,1758.700000,731
2016-05-05T09:30:00+05:30,1758.700000,1759.000000,1755.000000,1758.750000,922
2016-05-05T09:45:00+05:30,1758.750000,1759.950000,1755.100000,1759.350000,110
2016-05-05T10:00:00+05:30,1759.350000,1761.000000,1755.800000,1756.650000,345
2016-05-05T10:15:00+05:30,1756.650000,1757.000000,1755.050000,1756.050000,240
2016-05-05T10:30:00+05:30,1756.050000,1756.900000,1755.400000,1755.500000,20013
2016-05-05T10:45:00+05:30,1755.500000,1757.000000,1755.000000,1755.000000,359
2016-05-05T11:00:00+05:30,1755.000000,1755.050000,1742.050000,1749.450000,982
2016-05-05T11:15:00+05:30,1749.450000,1749.450000,1746.850000,1747.650000,291
2016-05-05T11:30:00+05:30,1747.650000,1754.350000,1746.800000,1752.400000,388
2016-05-05T11:45:00+05:30,1752.400000,1754.800000,1748.800000,1754.800000,115
2016-05-05T12:00:00+05:30,1754.800000,1754.800000,1745.200000,1747.900000,332
2016-05-05T12:15:00+05:30,1748.000000,1753.250000,1747.800000,1748.600000,83
2016-05-05T12:30:00+05:30,1748.600000,1750.000000,1746.100000,1750.000000,458
2016-05-05T12:45:00+05:30,1746.000000,1751.350000,1745.700000,1748.000000,374
2016-05-05T13:00:00+05:30,1748.000000,1749.500000,1748.000000,1748.100000,133
2016-05-05T13:15:00+05:30,1748.100000,1750.400000,1748.100000,1748.200000,45
2016-05-05T13:30:00+05:30,1748.200000,1754.000000,1748.200000,1754.000000,77
2016-05-05T13:45:00+05:30,1754.000000,1754.000000,1750.000000,1750.500000,139
2016-05-05T14:00:00+05:30,1750.500000,1754.000000,1737.500000,1747.000000,3160
2016-05-05T14:15:00+05:30,1747.000000,1754.950000,1746.500000,1750.500000,680
2016-05-05T14:30:00+05:30,1750.500000,1760.000000,1750.250000,1758.950000,1200
2016-05-05T14:45:00+05:30,1758.950000,1760.300000,1755.000000,1755.000000,300
2016-05-05T15:00:00+05:30,1755.000000,1761.000000,1746.550000,1753.000000,2494
2016-05-05T15:15:00+05:30,1754.250000,1759.650000,1746.100000,1754.000000,4456
2016-05-06T09:15:00+05:30,1767.950000,1769.650000,1755.000000,1768.000000,995
2016-05-06T09:30:00+05:30,1767.000000,1767.950000,1765.700000,1766.000000,961
2016-05-06T09:45:00+05:30,1766.000000,1766.000000,1757.050000,1761.850000,269
2016-05-06T10:00:00+05:30,1761.850000,1763.000000,1757.000000,1761.500000,245
2016-05-06T10:15:00+05:30,1761.500000,1767.950000,1761.500000,1766.450000,290
2016-05-06T10:30:00+05:30,1766.450000,1770.000000,1760.300000,1765.550000,644
2016-05-06T10:45:00+05:30,1765.550000,1768.050000,1765.500000,1768.050000,110
2016-05-06T11:00:00+05:30,1768.050000,1771.000000,1761.000000,1762.000000,720
2016-05-06T11:15:00+05:30,1762.000000,1768.800000,1760.500000,1766.200000,212
2016-05-06T11:30:00+05:30,1766.200000,1770.000000,1764.200000,1768.000000,138
2016-05-06T11:45:00+05:30,1768.000000,1768.550000,1761.850000,1762.150000,454
2016-05-06T12:00:00+05:30,1762.150000,1767.150000,1762.150000,1765.000000,156
2016-05-06T12:15:00+05:30,1765.000000,1768.500000,1765.000000,1766.300000,217
2016-05-06T12:30:00+05:30,1766.300000,1766.950000,1765.300000,1766.950000,20
2016-05-06T12:45:00+05:30,1766.950000,1768.000000,1765.900000,1768.000000,190
2016-05-06T13:00:00+05:30,1768.200000,1768.200000,1762.350000,1766.750000,280
2016-05-06T13:15:00+05:30,1766.750000,1768.200000,1765.950000,1767.950000,250
2016-05-06T13:30:00+05:30,1766.000000,1766.000000,1763.550000,1764.000000,113
2016-05-06T13:45:00+05:30,1764.000000,1768.000000,1763.000000,1765.500000,372
2016-05-06T14:00:00+05:30,1765.500000,1767.700000,1765.500000,1766.600000,129
2016-05-06T14:15:00+05:30,1766.600000,1766.600000,1762.350000,1763.300000,373
2016-05-06T14:30:00+05:30,1763.300000,1765.050000,1762.000000,1763.000000,549
2016-05-06T14:45:00+05:30,1763.000000,1767.000000,1763.000000,1765.600000,249
2016-05-06T15:00:00+05:30,1765.600000,1814.800000,1760.000000,1789.650000,49763
2016-05-06T15:15:00+05:30,1792.000000,1792.000000,1774.650000,1775.000000,21730
2016-05-09T09:15:00+05:30,1799.900000,1814.000000,1791.250000,1802.800000,5223
2016-05-09T09:30:00+05:30,1802.800000,1815.000000,1798.200000,1803.000000,13626
2016-05-09T09:45:00+05:30,1803.000000,1803.000000,1796.600000,1803.000000,3407
2016-05-09T10:00:00+05:30,1803.000000,1803.000000,1795.000000,1795.000000,716
2016-05-09T10:15:00+05:30,1795.000000,1798.050000,1795.000000,1798.050000,2060
2016-05-09T10:30:00+05:30,1798.050000,1799.850000,1795.100000,1796.850000,40047
2016-05-09T10:45:00+05:30,1796.850000,1805.800000,1795.550000,1802.500000,878
2016-05-09T11:00:00+05:30,1802.500000,1810.000000,1802.500000,1808.000000,1543
2016-05-09T11:15:00+05:30,1808.000000,1815.000000,1805.000000,1805.100000,3302
2016-05-09T11:30:00+05:30,1805.100000,1807.000000,1805.000000,1805.000000,225
2016-05-09T11:45:00+05:30,1805.000000,1806.000000,1800.500000,1801.800000,385
2016-05-09T12:00:00+05:30,1800.500000,1803.750000,1800.450000,1801.800000,210
2016-05-09T12:15:00+05:30,1801.800000,1805.000000,1800.150000,1801.600000,668
2016-05-09T12:30:00+05:30,1801.600000,1801.600000,1798.200000,1798.200000,61
2016-05-09T12:45:00+05:30,1798.200000,1800.000000,1796.100000,1799.100000,229
2016-05-09T13:00:00+05:30,1799.100000,1802.000000,1796.050000,1800.000000,146
2016-05-09T13:15:00+05:30,1800.000000,1802.000000,1798.200000,1802.000000,110
2016-05-09T13:30:00+05:30,1802.000000,1804.650000,1802.000000,1804.000000,171
2016-05-09T13:45:00+05:30,1804.000000,1805.000000,1799.850000,1799.850000,413
2016-05-09T14:00:00+05:30,1799.850000,1804.800000,1795.000000,1800.000000,854
2016-05-09T14:15:00+05:30,1800.000000,1806.350000,1799.700000,1799.700000,760
2016-05-09T14:30:00+05:30,1799.700000,1800.100000,1795.450000,1797.000000,177
2016-05-09T14:45:00+05:30,1797.000000,1800.050000,1784.950000,1787.750000,1509
2016-05-09T15:00:00+05:30,1788.200000,1799.800000,1775.350000,1780.000000,2966
2016-05-09T15:15:00+05:30,1780.000000,1800.300000,1777.700000,1799.000000,6920
2016-05-10T09:15:00+05:30,1795.000000,1803.000000,1792.050000,1800.000000,915
2016-05-10T09:30:00+05:30,1800.000000,1800.950000,1795.100000,1797.150000,456
2016-05-10T09:45:00+05:30,1797.150000,1800.950000,1796.450000,1798.150000,423
2016-05-10T10:00:00+05:30,1798.150000,1802.950000,1795.000000,1795.000000,827
2016-05-10T10:15:00+05:30,1795.000000,1795.000000,1788.000000,1793.750000,1173
2016-05-10T10:30:00+05:30,1794.950000,1797.000000,1788.300000,1788.300000,400
2016-05-10T10:45:00+05:30,1788.300000,1797.000000,1786.150000,1786.150000,977
2016-05-10T11:00:00+05:30,1786.150000,1790.200000,1778.000000,1779.350000,1669
2016-05-10T11:15:00+05:30,1779.350000,1787.900000,1778.300000,1784.000000,589
2016-05-10T11:30:00+05:30,1782.500000,1787.850000,1782.450000,1784.450000,295
2016-05-10T11:45:00+05:30,1784.450000,1795.000000,1782.000000,1785.050000,608
2016-05-10T12:00:00+05:30,1785.050000,1794.900000,1785.050000,1790.050000,340
2016-05-10T12:15:00+05:30,1790.050000,1794.900000,1788.000000,1792.000000,559
2016-05-10T12:30:00+05:30,1792.000000,1793.750000,1792.000000,1792.000000,168
2016-05-10T12:45:00+05:30,1792.000000,1793.000000,1786.000000,1789.000000,315
2016-05-10T13:00:00+05:30,1789.000000,1789.000000,1785.000000,1786.000000,327
2016-05-10T13:15:00+05:30,1786.650000,1789.950000,1786.650000,1787.000000,189
2016-05-10T13:30:00+05:30,1787.000000,1789.500000,1785.000000,1785.000000,221
2016-05-10T13:45:00+05:30,1785.000000,1790.000000,1780.100000,1788.900000,590
2016-05-10T14:00:00+05:30,1789.000000,1790.000000,1784.100000,1785.700000,533
2016-05-10T14:15:00+05:30,1785.700000,1792.000000,1784.200000,1784.200000,793
2016-05-10T14:30:00+05:30,1784.200000,1792.450000,1780.000000,1780.150000,1151
2016-05-10T14:45:00+05:30,1780.150000,1784.900000,1778.000000,1778.650000,1075
2016-05-10T15:00:00+05:30,1778.650000,1787.000000,1778.000000,1779.000000,1204
2016-05-10T15:15:00+05:30,1779.000000,1797.900000,1770.000000,1788.000000,5168
2016-05-11T09:15:00+05:30,1783.250000,1784.500000,1775.250000,1784.500000,354
2016-05-11T09:30:00+05:30,1784.500000,1790.000000,1784.500000,1785.000000,303
2016-05-11T09:45:00+05:30,1784.000000,1784.000000,1779.000000,1780.950000,483
2016-05-11T10:00:00+05:30,1780.950000,1783.950000,1777.000000,1782.050000,718
2016-05-11T10:15:00+05:30,1782.050000,1783.200000,1777.000000,1777.000000,381
2016-05-11T10:30:00+05:30,1777.000000,1779.950000,1767.800000,1774.000000,599
2016-05-11T10:45:00+05:30,1774.000000,1780.000000,1772.250000,1774.650000,302
2016-05-11T11:00:00+05:30,1774.650000,1780.000000,1774.650000,1775.150000,124
2016-05-11T11:15:00+05:30,1775.150000,1780.000000,1772.100000,1772.450000,193
2016-05-11T11:30:00+05:30,1772.450000,1777.500000,1772.100000,1775.450000,92
2016-05-11T11:45:00+05:30,1775.450000,1780.000000,1774.650000,1777.000000,172
2016-05-11T12:00:00+05:30,1777.000000,1784.000000,1777.000000,1781.950000,281
2016-05-11T12:15:00+05:30,1781.950000,1782.000000,1776.450000,1776.450000,265
2016-05-11T12:30:00+05:30,1776.450000,1784.000000,1772.550000,1772.550000,658
2016-05-11T12:45:00+05:30,1772.550000,1779.950000,1772.550000,1776.100000,256
2016-05-11T13:00:00+05:30,1776.100000,1777.100000,1772.550000,1773.500000,155
2016-05-11T13:15:00+05:30,1773.500000,1773.500000,1770.000000,1770.150000,363
2016-05-11T13:30:00+05:30,1770.150000,1779.950000,1770.000000,1775.700000,181
2016-05-11T13:45:00+05:30,1775.700000,1779.950000,1772.000000,1777.450000,229
2016-05-11T14:00:00+05:30,1777.450000,1778.800000,1772.100000,1774.200000,201
2016-05-11T14:15:00+05:30,1774.200000,1778.000000,1774.200000,1776.000000,84
2016-05-11T14:30:00+05:30,1776.000000,1778.000000,1776.000000,1776.000000,226
2016-05-11T14:45:00+05:30,1777.500000,1778.000000,1771.450000,1773.050000,366
2016-05-11T15:00:00+05:30,1773.050000,1778.250000,1771.800000,1771.850000,460
2016-05-11T15:15:00+05:30,1771.850000,1774.900000,1762.050000,1774.400000,3462
2016-05-12T09:15:00+05:30,1791.200000,1791.200000,1780.000000,1783.150000,410
2016-05-12T09:30:00+05:30,1783.050000,1783.050000,1780.000000,1780.000000,613
2016-05-12T09:45:00+05:30,1780.000000,1790.000000,1778.000000,1784.950000,526
2016-05-12T10:00:00+05:30,1784.950000,1789.950000,1784.150000,1785.050000,472
2016-05-12T10:15:00+05:30,1785.050000,1790.000000,1785.050000,1786.850000,479
2016-05-12T10:30:00+05:30,1786.850000,1787.000000,1776.000000,1778.000000,817
2016-05-12T10:45:00+05:30,1778.000000,1778.850000,1776.000000,1776.850000,477
2016-05-12T11:00:00+05:30,1777.000000,1777.100000,1771.000000,1771.250000,1553
2016-05-12T11:15:00+05:30,1771.250000,1774.950000,1770.000000,1770.150000,1070
2016-05-12T11:30:00+05:30,1770.150000,1777.100000,1770.150000,1773.300000,551
2016-05-12T11:45:00+05:30,1773.300000,1779.750000,1770.400000,1773.050000,708
2016-05-12T12:00:00+05:30,1773.050000,1778.400000,1764.100000,1767.000000,2397
2016-05-12T12:15:00+05:30,1767.150000,1774.900000,1765.500000,1766.750000,976
2016-05-12T12:30:00+05:30,1766.750000,1770.000000,1759.000000,1761.750000,792
2016-05-12T12:45:00+05:30,1761.750000,1765.800000,1760.000000,1764.400000,191
2016-05-12T13:00:00+05:30,1764.400000,1765.700000,1756.000000,1756.050000,530
2016-05-12T13:15:00+05:30,1756.050000,1763.350000,1756.050000,1762.050000,528
2016-05-12T13:30:00+05:30,1762.050000,1765.000000,1762.000000,1765.000000,147
2016-05-12T13:45:00+05:30,1765.000000,1765.950000,1760.050000,1760.050000,762
2016-05-12T14:00:00+05:30,1760.050000,1772.000000,1757.000000,1761.400000,1523
2016-05-12T14:15:00+05:30,1761.400000,1765.950000,1760.250000,1764.850000,515
2016-05-12T14:30:00+05:30,1764.850000,1765.950000,1755.000000,1756.850000,751
2016-05-12T14:45:00+05:30,1757.450000,1768.800000,1755.600000,1760.600000,1540
2016-05-12T15:00:00+05:30,1760.600000,1760.800000,1755.000000,1755.850000,1384
2016-05-12T15:15:00+05:30,1755.850000,1768.000000,1753.250000,1762.000000,5217
2016-05-13T09:15:00+05:30,1763.000000,1773.700000,1762.000000,1767.600000,2706
2016-05-13T09:30:00+05:30,1767.600000,1770.000000,1762.000000,1768.400000,402
2016-05-13T09:45:00+05:30,1768.400000,1768.800000,1762.150000,1765.100000,194
2016-05-13T10:00:00+05:30,1765.100000,1768.850000,1765.050000,1767.800000,192
2016-05-13T10:15:00+05:30,1767.800000,1769.950000,1765.000000,1769.900000,641
2016-05-13T10:30:00+05:30,1769.900000,1770.000000,1766.850000,1768.450000,171
2016-05-13T10:45:00+05:30,1768.450000,1770.000000,1766.550000,1767.450000,238
2016-05-13T11:00:00+05:30,1767.450000,1770.000000,1766.000000,1768.300000,266
2016-05-13T11:15:00+05:30,1768.300000,1769.650000,1766.000000,1767.950000,412
2016-05-13T11:30:00+05:30,1767.950000,1780.000000,1767.950000,1780.000000,1310
2016-05-13T11:45:00+05:30,1780.000000,1780.150000,1775.000000,1777.000000,3593
2016-05-13T12:00:00+05:30,1777.000000,1793.700000,1776.050000,1793.150000,4209
2016-05-13T12:15:00+05:30,1792.950000,1793.000000,1776.000000,1779.800000,6026
2016-05-13T12:30:00+05:30,1779.800000,1779.800000,1773.000000,1777.550000,1113
2016-05-13T12:45:00+05:30,1777.550000,1780.000000,1774.000000,1776.000000,93333
2016-05-13T13:00:00+05:30,1776.000000,1777.400000,1770.000000,1770.300000,1978
2016-05-13T13:15:00+05:30,1770.300000,1773.800000,1762.000000,1764.850000,985
2016-05-13T13:30:00+05:30,1764.850000,1770.000000,1762.100000,1762.500000,991
2016-05-13T13:45:00+05:30,1762.500000,1768.000000,1762.400000,1763.000000,587
2016-05-13T14:00:00+05:30,1763.000000,1768.000000,1757.000000,1761.950000,1744
2016-05-13T14:15:00+05:30,1761.950000,1767.950000,1760.000000,1767.900000,2155
2016-05-13T14:30:00+05:30,1767.950000,1774.900000,1765.800000,1772.050000,2097
2016-05-13T14:45:00+05:30,1772.050000,1783.000000,1770.700000,1783.000000,3410
2016-05-13T15:00:00+05:30,1783.000000,1784.450000,1774.100000,1777.050000,37328
2016-05-13T15:15:00+05:30,1777.050000,1786.900000,1770.100000,1770.100000,15379
2016-05-16T09:15:00+05:30,1791.000000,1794.550000,1780.000000,1786.700000,1793
2016-05-16T09:30:00+05:30,1785.050000,1790.850000,1784.700000,1786.500000,845
2016-05-16T09:45:00+05:30,1786.500000,1795.000000,1786.000000,1792.000000,1022
2016-05-16T10:00:00+05:30,1792.000000,1798.000000,1792.000000,1798.000000,1095
2016-05-16T10:15:00+05:30,1797.000000,1825.000000,1794.050000,1814.800000,16456
2016-05-16T10:30:00+05:30,1813.000000,1815.000000,1809.350000,1810.350000,4173
2016-05-16T10:45:00+05:30,1810.350000,1812.000000,1799.000000,1799.000000,4724
2016-05-16T11:00:00+05:30,1799.000000,1802.000000,1797.000000,1797.000000,1889
2016-05-16T11:15:00+05:30,1797.000000,1798.950000,1792.500000,1797.800000,526
2016-05-16T11:30:00+05:30,1797.800000,1800.450000,1796.100000,1799.050000,717
2016-05-16T11:45:00+05:30,1799.050000,1800.000000,1790.050000,1790.750000,1470
2016-05-16T12:00:00+05:30,1790.750000,1800.400000,1779.000000,1786.000000,3781
2016-05-16T12:15:00+05:30,1786.000000,1786.000000,1782.050000,1785.000000,658
2016-05-16T12:30:00+05:30,1785.000000,1790.000000,1783.000000,1787.950000,408
2016-05-16T12:45:00+05:30,1788.700000,1790.000000,1782.950000,1785.000000,823
2016-05-16T13:00:00+05:30,1785.000000,1788.800000,1784.700000,1785.000000,283
2016-05-16T13:15:00+05:30,1785.000000,1790.000000,1785.000000,1790.000000,549
2016-05-16T13:30:00+05:30,1790.000000,1790.000000,1788.400000,1789.000000,226
2016-05-16T13:45:00+05:30,1789.000000,1791.900000,1789.000000,1791.900000,814
2016-05-16T14:00:00+05:30,1791.900000,1799.800000,1790.050000,1790.050000,539
2016-05-16T14:15:00+05:30,1790.050000,1800.000000,1790.000000,1797.050000,730
2016-05-16T14:30:00+05:30,1797.050000,1800.000000,1795.000000,1795.000000,550
2016-05-16T14:45:00+05:30,1795.000000,1795.000000,1788.450000,1790.550000,971
2016-05-16T15:00:00+05:30,1790.550000,1791.900000,1785.000000,1788.950000,1576
2016-05-16T15:15:00+05:30,1788.950000,1800.000000,1781.550000,1786.500000,3329
2016-05-17T09:15:00+05:30,1798.000000,1810.000000,1795.000000,1806.500000,3171
2016-05-17T09:30:00+05:30,1806.500000,1806.500000,1796.000000,1797.900000,1725
2016-05-17T09:45:00+05:30,1797.900000,1800.000000,1797.000000,1799.950000,828
2016-05-17T10:00:00+05:30,1799.950000,1800.000000,1796.000000,1800.000000,1304
2016-05-17T10:15:00+05:30,1800.000000,1800.000000,1797.000000,1799.950000,821
2016-05-17T10:30:00+05:30,1799.950000,1800.000000,1796.700000,1797.700000,1284
2016-05-17T10:45:00+05:30,1797.700000,1800.000000,1796.100000,1799.300000,464
2016-05-17T11:00:00+05:30,1800.000000,1800.000000,1797.450000,1797.450000,127
2016-05-17T11:15:00+05:30,1797.450000,1799.000000,1796.500000,1797.500000,203
2016-05-17T11:30:00+05:30,1797.500000,1799.000000,1796.500000,1796.900000,347
2016-05-17T11:45:00+05:30,1796.900000,1800.000000,1796.250000,1797.700000,1073
2016-05-17T12:00:00+05:30,1797.700000,1799.000000,1797.700000,1798.500000,369
2016-05-17T12:15:00+05:30,1798.500000,1799.000000,1792.000000,1793.150000,1085
2016-05-17T12:30:00+05:30,1793.150000,1795.000000,1791.050000,1793.650000,740
2016-05-17T12:45:00+05:30,1793.650000,1798.000000,1793.650000,1796.800000,328
2016-05-17T13:00:00+05:30,1796.800000,1797.000000,1793.800000,1795.800000,132
2016-05-17T13:15:00+05:30,1796.000000,1798.000000,1794.250000,1798.000000,320
2016-05-17T13:30:00+05:30,1798.000000,1799.150000,1795.650000,1798.750000,347
2016-05-17T13:45:00+05:30,1798.750000,1799.000000,1796.250000,1798.900000,168
2016-05-17T14:00:00+05:30,1798.900000,1798.900000,1795.000000,1798.300000,282
2016-05-17T14:15:00+05:30,1798.300000,1798.750000,1795.050000,1796.350000,201
2016-05-17T14:30:00+05:30,1796.350000,1798.750000,1794.000000,1794.000000,279
2016-05-17T14:45:00+05:30,1794.000000,1795.500000,1792.050000,1795.000000,301
2016-05-17T15:00:00+05:30,1795.000000,1797.900000,1791.000000,1795.300000,1898
2016-05-17T15:15:00+05:30,1795.300000,1799.500000,1793.950000,1799.000000,2800
2016-05-18T09:15:00+05:30,1798.950000,1800.000000,1789.000000,1797.100000,410
2016-05-18T09:30:00+05:30,1797.100000,1805.400000,1797.000000,1798.150000,748
2016-05-18T09:45:00+05:30,1798.150000,1803.000000,1798.150000,1798.400000,740
2016-05-18T10:00:00+05:30,1798.400000,1799.250000,1785.500000,1791.600000,1042
2016-05-18T10:15:00+05:30,1791.600000,1793.000000,1791.550000,1791.550000,291
2016-05-18T10:30:00+05:30,1791.850000,1793.550000,1791.600000,1791.600000,206
2016-05-18T10:45:00+05:30,1791.600000,1791.600000,1788.500000,1790.000000,256
2016-05-18T11:00:00+05:30,1790.000000,1791.500000,1785.900000,1791.050000,348
2016-05-18T11:15:00+05:30,1791.050000,1792.000000,1789.050000,1789.050000,125
2016-05-18T11:30:00+05:30,1789.050000,1792.000000,1788.450000,1792.000000,195
2016-05-18T11:45:00+05:30,1792.000000,1792.500000,1790.000000,1792.300000,88
2016-05-18T12:00:00+05:30,1792.300000,1792.950000,1790.450000,1792.500000,181
2016-05-18T12:15:00+05:30,1792.500000,1793.000000,1791.000000,1791.000000,198
2016-05-18T12:30:00+05:30,1791.000000,1797.000000,1790.900000,1793.600000,606
2016-05-18T12:45:00+05:30,1793.600000,1795.050000,1790.800000,1795.050000,105
2016-05-18T13:00:00+05:30,1795.000000,1795.000000,1793.050000,1794.350000,104
2016-05-18T13:15:00+05:30,1794.350000,1799.000000,1793.000000,1794.850000,327
2016-05-18T13:30:00+05:30,1794.850000,1795.000000,1793.000000,1793.000000,120
2016-05-18T13:45:00+05:30,1793.000000,1798.150000,1793.000000,1793.650000,248
2016-05-18T14:00:00+05:30,1793.650000,1800.000000,1793.600000,1796.750000,386
2016-05-18T14:15:00+05:30,1796.750000,1800.050000,1796.750000,1796.750000,149
2016-05-18T14:30:00+05:30,1796.750000,1800.000000,1793.550000,1793.550000,269
2016-05-18T14:45:00+05:30,1793.550000,1800.000000,1793.000000,1795.250000,936
2016-05-18T15:00:00+05:30,1795.250000,1800.000000,1795.200000,1797.000000,774
2016-05-18T15:15:00+05:30,1797.000000,1804.000000,1788.450000,1804.000000,4266
2016-05-19T09:15:00+05:30,1790.050000,1799.000000,1790.050000,1798.000000,405
2016-05-19T09:30:00+05:30,1798.000000,1798.800000,1794.100000,1796.950000,515
2016-05-19T09:45:00+05:30,1796.950000,1797.000000,1795.300000,1795.350000,236
2016-05-19T10:00:00+05:30,1795.350000,1800.000000,1790.150000,1793.800000,1167
2016-05-19T10:15:00+05:30,1793.800000,1794.000000,1786.550000,1787.000000,508
2016-05-19T10:30:00+05:30,1787.000000,1789.950000,1784.000000,1785.000000,386
2016-05-19T10:45:00+05:30,1785.000000,1789.000000,1783.950000,1784.050000,336
2016-05-19T11:00:00+05:30,1785.000000,1789.000000,1784.900000,1786.000000,168
2016-05-19T11:15:00+05:30,1785.000000,1789.300000,1783.000000,1788.000000,382
2016-05-19T11:30:00+05:30,1788.000000,1789.750000,1787.050000,1788.000000,103
2016-05-19T11:45:00+05:30,1788.000000,1789.750000,1787.500000,1788.400000,36
2016-05-19T12:00:00+05:30,1788.400000,1788.400000,1785.200000,1786.050000,61
2016-05-19T12:15:00+05:30,1786.050000,1790.000000,1786.050000,1789.950000,315
2016-05-19T12:30:00+05:30,1789.950000,1789.950000,1784.000000,1787.450000,261
2016-05-19T12:45:00+05:30,1787.450000,1792.500000,1786.450000,1786.500000,1595
2016-05-19T13:00:00+05:30,1786.500000,1790.000000,1786.500000,1790.000000,236
2016-05-19T13:15:00+05:30,1790.000000,1790.000000,1788.750000,1790.000000,49
2016-05-19T13:30:00+05:30,1790.000000,1790.000000,1785.000000,1789.750000,476
2016-05-19T13:45:00+05:30,1789.750000,1790.000000,1789.250000,1790.000000,411
2016-05-19T14:00:00+05:30,1790.000000,1790.000000,1788.900000,1790.000000,377
2016-05-19T14:15:00+05:30,1790.000000,1790.000000,1784.000000,1786.950000,467
2016-05-19T14:30:00+05:30,1786.950000,1786.950000,1785.000000,1786.000000,591
2016-05-19T14:45:00+05:30,1786.000000,1786.000000,1785.000000,1785.000000,1014
2016-05-19T15:00:00+05:30,1785.000000,1790.000000,1785.000000,1788.000000,848
2016-05-19T15:15:00+05:30,1788.000000,1788.000000,1750.000000,1775.000000,3460
2016-05-20T09:15:00+05:30,1761.000000,1771.000000,1760.000000,1767.950000,339
2016-05-20T09:30:00+05:30,1767.950000,1772.100000,1767.950000,1770.350000,113
2016-05-20T09:45:00+05:30,1770.350000,1772.300000,1765.000000,1768.850000,240
2016-05-20T10:00:00+05:30,1768.850000,1789.000000,1768.050000,1768.050000,613
2016-05-20T10:15:00+05:30,1768.050000,1768.050000,1755.000000,1763.700000,537
2016-05-20T10:30:00+05:30,1763.700000,1767.950000,1755.000000,1761.250000,522
2016-05-20T10:45:00+05:30,1762.200000,1763.000000,1759.450000,1759.450000,155
2016-05-20T11:00:00+05:30,1759.450000,1762.000000,1759.450000,1760.050000,58
2016-05-20T11:15:00+05:30,1760.050000,1770.000000,1760.050000,1763.700000,534
2016-05-20T11:30:00+05:30,1763.700000,1774.250000,1763.300000,1772.000000,724
2016-05-20T11:45:00+05:30,1772.000000,1777.000000,1764.000000,1772.050000,739
2016-05-20T12:00:00+05:30,1772.050000,1777.400000,1768.800000,1777.400000,318
2016-05-20T12:15:00+05:30,1777.400000,1778.800000,1771.500000,1771.950000,283
2016-05-20T12:30:00+05:30,1771.950000,1774.100000,1769.650000,1769.950000,178
2016-05-20T12:45:00+05:30,1768.050000,1770.000000,1768.050000,1768.500000,129
2016-05-20T13:00:00+05:30,1768.500000,1769.800000,1768.000000,1768.000000,58
2016-05-20T13:15:00+05:30,1766.850000,1767.950000,1765.250000,1767.950000,29
2016-05-20T13:30:00+05:30,1767.950000,1770.000000,1764.100000,1764.100000,148
2016-05-20T13:45:00+05:30,1764.100000,1767.150000,1764.050000,1767.150000,154
2016-05-20T14:00:00+05:30,1767.150000,1769.400000,1764.250000,1767.450000,221
2016-05-20T14:15:00+05:30,1767.450000,1772.700000,1767.400000,1772.700000,508
2016-05-20T14:30:00+05:30,1772.700000,1772.700000,1763.000000,1763.450000,227
2016-05-20T14:45:00+05:30,1763.450000,1773.000000,1762.000000,1763.500000,529
2016-05-20T15:00:00+05:30,1763.500000,1763.900000,1750.000000,1758.550000,2152
2016-05-20T15:15:00+05:30,1758.550000,1779.850000,1758.550000,1768.000000,3710
2016-05-23T09:15:00+05:30,1769.750000,1777.000000,1763.050000,1770.000000,384
2016-05-23T09:30:00+05:30,1773.350000,1773.350000,1767.600000,1767.600000,231
2016-05-23T09:45:00+05:30,1767.600000,1772.800000,1767.600000,1772.800000,29
2016-05-23T10:00:00+05:30,1772.800000,1772.800000,1766.500000,1768.300000,240
2016-05-23T10:15:00+05:30,1768.450000,1770.000000,1760.050000,1770.000000,413
2016-05-23T10:30:00+05:30,1770.000000,1770.000000,1763.200000,1763.200000,139
2016-05-23T10:45:00+05:30,1763.200000,1763.200000,1760.650000,1762.950000,167
2016-05-23T11:00:00+05:30,1762.950000,1763.000000,1761.300000,1762.200000,125
2016-05-23T11:15:00+05:30,1762.200000,1762.200000,1758.000000,1758.000000,334
2016-05-23T11:30:00+05:30,1758.000000,1763.000000,1758.000000,1763.000000,49
2016-05-23T11:45:00+05:30,1763.000000,1770.400000,1762.000000,1769.400000,511
2016-05-23T12:00:00+05:30,1769.400000,1770.000000,1767.900000,1769.450000,362
2016-05-23T12:15:00+05:30,1769.450000,1772.850000,1765.000000,1765.000000,356
2016-05-23T12:30:00+05:30,1765.000000,1770.700000,1765.000000,1770.050000,424
2016-05-23T12:45:00+05:30,1770.500000,1770.500000,1768.200000,1768.200000,67
2016-05-23T13:00:00+05:30,1768.200000,1772.050000,1768.200000,1771.050000,169
2016-05-23T13:15:00+05:30,1771.050000,1774.900000,1771.000000,1774.800000,245
2016-05-23T13:30:00+05:30,1774.850000,1774.850000,1771.250000,1771.250000,200
2016-05-23T13:45:00+05:30,1771.250000,1776.000000,1771.250000,1776.000000,168
2016-05-23T14:00:00+05:30,1776.000000,1776.000000,1773.050000,1773.050000,102
2016-05-23T14:15:00+05:30,1773.050000,1774.800000,1770.550000,1770.700000,226
2016-05-23T14:30:00+05:30,1770.700000,1771.400000,1767.650000,1769.400000,213
2016-05-23T14:45:00+05:30,1769.400000,1779.800000,1769.400000,1777.450000,448
2016-05-23T15:00:00+05:30,1777.450000,1777.450000,1765.000000,1769.450000,589
2016-05-23T15:15:00+05:30,1769.450000,1778.750000,1767.000000,1775.000000,714
2016-05-24T09:15:00+05:30,1779.450000,1779.450000,1767.000000,1768.500000,33
2016-05-24T09:30:00+05:30,1768.500000,1778.000000,1753.200000,1764.650000,598
2016-05-24T09:45:00+05:30,1764.650000,1765.750000,1756.600000,1765.750000,119
2016-05-24T10:00:00+05:30,1767.550000,1769.950000,1756.650000,1759.550000,150
2016-05-24T10:15:00+05:30,1759.550000,1770.000000,1756.600000,1764.200000,388
2016-05-24T10:30:00+05:30,1766.000000,1766.000000,1760.550000,1760.550000,49
2016-05-24T10:45:00+05:30,1760.550000,1763.950000,1760.050000,1763.950000,53
2016-05-24T11:00:00+05:30,1763.950000,1765.000000,1763.950000,1764.850000,32
2016-05-24T11:15:00+05:30,1764.850000,1764.850000,1760.750000,1763.950000,37
2016-05-24T11:30:00+05:30,1763.950000,1764.000000,1760.700000,1761.250000,39
2016-05-24T11:45:00+05:30,1761.250000,1762.950000,1761.100000,1762.850000,134
2016-05-24T12:00:00+05:30,1763.000000,1763.000000,1761.050000,1761.100000,187
2016-05-24T12:15:00+05:30,1761.100000,1763.000000,1761.050000,1761.600000,79
2016-05-24T12:30:00+05:30,1761.600000,1762.550000,1761.050000,1762.150000,74
2016-05-24T12:45:00+05:30,1762.150000,1764.000000,1761.200000,1762.350000,93
2016-05-24T13:00:00+05:30,1762.350000,1762.350000,1758.950000,1758.950000,274
2016-05-24T13:15:00+05:30,1758.950000,1759.450000,1757.650000,1759.450000,151
2016-05-24T13:30:00+05:30,1759.450000,1759.500000,1758.000000,1759.450000,46
2016-05-24T13:45:00+05:30,1759.450000,1759.500000,1755.000000,1757.050000,100
2016-05-24T14:00:00+05:30,1757.050000,1758.550000,1757.050000,1758.550000,18
2016-05-24T14:15:00+05:30,1758.550000,1760.000000,1757.500000,1760.000000,37624
2016-05-24T14:30:00+05:30,1760.000000,1760.000000,1749.000000,1757.150000,2013
2016-05-24T14:45:00+05:30,1757.150000,1764.800000,1755.000000,1760.050000,1060
2016-05-24T15:00:00+05:30,1760.050000,1797.950000,1760.000000,1795.300000,3724
2016-05-24T15:15:00+05:30,1795.300000,1829.950000,1795.050000,1828.000000,14882
2016-05-25T09:15:00+05:30,1808.900000,1808.900000,1787.800000,1788.950000,1905
2016-05-25T09:30:00+05:30,1788.000000,1794.500000,1778.000000,1791.200000,1731
2016-05-25T09:45:00+05:30,1791.200000,1796.300000,1781.000000,1794.200000,991
2016-05-25T10:00:00+05:30,1794.200000,1800.000000,1786.000000,1794.750000,916
2016-05-25T10:15:00+05:30,1794.750000,1796.500000,1789.100000,1792.300000,805
2016-05-25T10:30:00+05:30,1792.300000,1792.300000,1782.150000,1784.900000,252
2016-05-25T10:45:00+05:30,1784.900000,1790.000000,1782.000000,1786.000000,487
2016-05-25T11:00:00+05:30,1786.000000,1787.900000,1786.000000,1787.900000,253
2016-05-25T11:15:00+05:30,1787.900000,1787.900000,1786.050000,1786.050000,116
2016-05-25T11:30:00+05:30,1786.050000,1787.200000,1786.000000,1787.200000,76
2016-05-25T11:45:00+05:30,1787.200000,1793.000000,1787.200000,1790.050000,219
2016-05-25T12:00:00+05:30,1790.050000,1794.900000,1789.100000,1792.000000,150
2016-05-25T12:15:00+05:30,1792.000000,1796.650000,1790.050000,1795.000000,384
2016-05-25T12:30:00+05:30,1795.000000,1798.950000,1794.300000,1798.950000,155
2016-05-25T12:45:00+05:30,1798.950000,1798.950000,1791.100000,1795.550000,451
2016-05-25T13:00:00+05:30,1795.550000,1804.950000,1793.500000,1801.700000,1445
2016-05-25T13:15:00+05:30,1801.700000,1802.900000,1796.800000,1801.250000,957
2016-05-25T13:30:00+05:30,1801.250000,1809.000000,1800.100000,1808.000000,1592
2016-05-25T13:45:00+05:30,1808.000000,1809.000000,1801.000000,1801.000000,1352
2016-05-25T14:00:00+05:30,1801.000000,1807.900000,1797.400000,1797.400000,705
2016-05-25T14:15:00+05:30,1797.400000,1804.000000,1790.100000,1799.500000,1289
2016-05-25T14:30:00+05:30,1799.500000,1803.000000,1795.550000,1797.650000,404
2016-05-25T14:45:00+05:30,1800.000000,1807.850000,1795.000000,1806.000000,1747
2016-05-25T15:00:00+05:30,1806.000000,1823.700000,1803.800000,1815.250000,12238
2016-05-25T15:15:00+05:30,1815.250000,1841.650000,1815.050000,1827.000000,11752
2016-05-26T09:15:00+05:30,1820.000000,1837.150000,1805.000000,1820.450000,986
2016-05-26T09:30:00+05:30,1820.450000,1825.000000,1820.450000,1824.050000,638
2016-05-26T09:45:00+05:30,1824.050000,1825.000000,1824.050000,1824.050000,439
2016-05-26T10:00:00+05:30,1824.050000,1825.000000,1824.050000,1824.050000,230
2016-05-26T10:15:00+05:30,1824.050000,1824.900000,1819.500000,1824.900000,340
2016-05-26T10:30:00+05:30,1824.900000,1825.000000,1819.500000,1819.500000,197
2016-05-26T10:45:00+05:30,1819.500000,1820.100000,1819.000000,1820.100000,46
2016-05-26T11:00:00+05:30,1820.100000,1820.100000,1816.600000,1817.150000,185
2016-05-26T11:15:00+05:30,1817.150000,1819.000000,1815.350000,1815.350000,115
2016-05-26T11:30:00+05:30,1815.350000,1821.300000,1815.350000,1820.000000,326
2016-05-26T11:45:00+05:30,1820.000000,1821.000000,1820.000000,1820.050000,69
2016-05-26T12:00:00+05:30,1820.050000,1821.000000,1820.000000,1821.000000,86
2016-05-26T12:15:00+05:30,1821.000000,1838.000000,1820.900000,1834.850000,1977
2016-05-26T12:30:00+05:30,1834.850000,1835.000000,1827.800000,1834.000000,382
2016-05-26T12:45:00+05:30,1834.000000,1843.950000,1833.550000,1842.000000,1521
2016-05-26T13:00:00+05:30,1842.000000,1842.000000,1828.000000,1829.250000,468
2016-05-26T13:15:00+05:30,1829.600000,1830.000000,1825.000000,1825.000000,528
2016-05-26T13:30:00+05:30,1825.000000,1832.000000,1825.000000,1827.500000,371
2016-05-26T13:45:00+05:30,1827.500000,1827.500000,1825.250000,1826.950000,319
2016-05-26T14:00:00+05:30,1826.950000,1834.350000,1825.050000,1834.350000,358
2016-05-26T14:15:00+05:30,1834.350000,1835.000000,1830.000000,1831.600000,578
2016-05-26T14:30:00+05:30,1831.600000,1831.600000,1826.100000,1826.100000,119
2016-05-26T14:45:00+05:30,1826.100000,1834.100000,1826.100000,1832.500000,906
2016-05-26T15:00:00+05:30,1832.500000,1840.000000,1827.500000,1830.650000,1993
2016-05-26T15:15:00+05:30,1830.650000,1849.000000,1825.000000,1843.800000,14960
2016-05-27T09:15:00+05:30,1849.400000,1849.400000,1825.000000,1838.950000,500
2016-05-27T09:30:00+05:30,1838.950000,1838.950000,1828.000000,1830.000000,359
2016-05-27T09:45:00+05:30,1830.000000,1838.450000,1830.000000,1838.450000,525
2016-05-27T10:00:00+05:30,1838.450000,1839.900000,1831.000000,1833.000000,422
2016-05-27T10:15:00+05:30,1833.000000,1839.150000,1830.000000,1839.150000,587
2016-05-27T10:30:00+05:30,1836.000000,1838.000000,1836.000000,1836.050000,248
2016-05-27T10:45:00+05:30,1835.050000,1839.700000,1835.000000,1837.450000,837
2016-05-27T11:00:00+05:30,1837.450000,1841.650000,1837.450000,1840.200000,251
2016-05-27T11:15:00+05:30,1840.200000,1847.000000,1840.200000,1840.200000,345
2016-05-27T11:30:00+05:30,1840.200000,1842.850000,1840.200000,1840.650000,183
2016-05-27T11:45:00+05:30,1840.200000,1842.950000,1840.200000,1841.100000,126
2016-05-27T12:00:00+05:30,1841.100000,1850.000000,1841.100000,1845.000000,1388
2016-05-27T12:15:00+05:30,1845.000000,1846.800000,1841.150000,1846.000000,51
2016-05-27T12:30:00+05:30,1846.000000,1847.700000,1840.000000,1842.050000,708
2016-05-27T12:45:00+05:30,1842.050000,1843.900000,1840.000000,1840.150000,453
2016-05-27T13:00:00+05:30,1840.150000,1840.950000,1840.000000,1840.050000,537
2016-05-27T13:15:00+05:30,1840.050000,1844.000000,1840.000000,1842.000000,298
2016-05-27T13:30:00+05:30,1844.000000,1844.450000,1841.100000,1844.450000,275
2016-05-27T13:45:00+05:30,1844.450000,1844.450000,1840.000000,1840.250000,170
2016-05-27T14:00:00+05:30,1840.250000,1841.950000,1840.250000,1841.950000,16
2016-05-27T14:15:00+05:30,1841.950000,1843.900000,1840.200000,1842.050000,129
2016-05-27T14:30:00+05:30,1842.050000,1844.850000,1841.000000,1844.000000,270
2016-05-27T14:45:00+05:30,1844.000000,1844.000000,1840.650000,1840.650000,195
2016-05-27T15:00:00+05:30,1841.900000,1845.000000,1840.500000,1841.500000,854
2016-05-27T15:15:00+05:30,1842.000000,1860.000000,1840.000000,1860.000000,5746
2016-05-30T09:15:00+05:30,1859.000000,1872.850000,1850.550000,1870.150000,1543
2016-05-30T09:30:00+05:30,1870.150000,1878.800000,1865.600000,1872.000000,2409
2016-05-30T09:45:00+05:30,1872.000000,1876.000000,1865.600000,1870.100000,1363
2016-05-30T10:00:00+05:30,1870.100000,1872.050000,1865.000000,1870.200000,943
2016-05-30T10:15:00+05:30,1870.200000,1871.350000,1865.000000,1867.650000,770
2016-05-30T10:30:00+05:30,1867.650000,1873.400000,1867.000000,1871.000000,480
2016-05-30T10:45:00+05:30,1871.000000,1874.000000,1867.000000,1870.250000,939
2016-05-30T11:00:00+05:30,1870.250000,1874.600000,1870.000000,1871.650000,742
2016-05-30T11:15:00+05:30,1871.650000,1874.000000,1869.000000,1869.000000,147
2016-05-30T11:30:00+05:30,1871.450000,1873.000000,1869.000000,1871.000000,762
2016-05-30T11:45:00+05:30,1871.000000,1873.350000,1870.000000,1870.000000,228
2016-05-30T12:00:00+05:30,1870.000000,1879.500000,1870.000000,1876.800000,991
2016-05-30T12:15:00+05:30,1876.800000,1878.100000,1872.500000,1874.700000,149
2016-05-30T12:30:00+05:30,1874.700000,1874.700000,1871.000000,1871.000000,116
2016-05-30T12:45:00+05:30,1871.000000,1873.700000,1870.450000,1870.450000,61
2016-05-30T13:00:00+05:30,1870.450000,1870.900000,1868.500000,1870.000000,115
2016-05-30T13:15:00+05:30,1870.000000,1870.000000,1868.450000,1869.900000,262
2016-05-30T13:30:00+05:30,1869.900000,1870.000000,1868.450000,1870.000000,74
2016-05-30T13:45:00+05:30,1870.000000,1870.000000,1868.000000,1868.000000,128
2016-05-30T14:00:00+05:30,1868.000000,1869.700000,1867.000000,1867.200000,153
2016-05-30T14:15:00+05:30,1867.200000,1869.300000,1865.000000,1866.250000,1388
2016-05-30T14:30:00+05:30,1866.250000,1869.400000,1866.250000,1867.750000,168
2016-05-30T14:45:00+05:30,1867.750000,1869.400000,1865.050000,1868.850000,315
2016-05-30T15:00:00+05:30,1868.850000,1879.600000,1851.100000,1879.600000,2910
2016-05-30T15:15:00+05:30,1879.600000,1880.000000,1862.550000,1876.000000,2702
2016-05-31T09:15:00+05:30,1865.850000,1876.000000,1865.000000,1868.050000,313
2016-05-31T09:30:00+05:30,1868.050000,1868.050000,1860.000000,1860.000000,639
2016-05-31T09:45:00+05:30,1860.000000,1862.750000,1859.000000,1859.000000,352
2016-05-31T10:00:00+05:30,1859.050000,1861.600000,1859.000000,1859.000000,357
2016-05-31T10:15:00+05:30,1859.000000,1860.050000,1857.300000,1857.300000,477
2016-05-31T10:30:00+05:30,1857.300000,1860.050000,1857.300000,1857.300000,481
2016-05-31T10:45:00+05:30,1857.300000,1863.000000,1857.300000,1860.000000,173
2016-05-31T11:00:00+05:30,1860.000000,1862.000000,1854.500000,1859.950000,821
2016-05-31T11:15:00+05:30,1860.000000,1862.000000,1855.700000,1855.750000,370
2016-05-31T11:30:00+05:30,1855.750000,1865.400000,1855.050000,1855.050000,352
2016-05-31T11:45:00+05:30,1855.050000,1862.000000,1855.050000,1860.600000,228
2016-05-31T12:00:00+05:30,1860.600000,1860.600000,1855.000000,1858.950000,332
2016-05-31T12:15:00+05:30,1858.950000,1861.100000,1857.300000,1860.450000,184
2016-05-31T12:30:00+05:30,1860.450000,1863.000000,1860.450000,1861.300000,97
2016-05-31T12:45:00+05:30,1862.000000,1862.950000,1856.700000,1862.950000,150
2016-05-31T13:00:00+05:30,1862.950000,1863.000000,1856.750000,1860.000000,515
2016-05-31T13:15:00+05:30,1860.000000,1863.000000,1860.000000,1860.000000,760
2016-05-31T13:30:00+05:30,1860.000000,1861.950000,1860.000000,1861.950000,224
2016-05-31T13:45:00+05:30,1860.200000,1861.850000,1860.000000,1861.800000,116
2016-05-31T14:00:00+05:30,1861.800000,1861.800000,1860.000000,1860.000000,361
2016-05-31T14:15:00+05:30,1860.000000,1861.900000,1860.000000,1860.100000,167
2016-05-31T14:30:00+05:30,1860.100000,1861.950000,1860.000000,1861.300000,439
2016-05-31T14:45:00+05:30,1861.300000,1890.000000,1860.000000,1890.000000,2126
2016-05-31T15:00:00+05:30,1890.000000,1899.000000,1881.000000,1883.250000,7293
2016-05-31T15:15:00+05:30,1883.250000,1896.000000,1878.000000,1890.000000,4764
2016-06-01T09:15:00+05:30,1894.950000,1894.950000,1872.000000,1884.650000,4030
2016-06-01T09:30:00+05:30,1884.650000,1884.650000,1875.000000,1879.350000,331
2016-06-01T09:45:00+05:30,1879.350000,1879.350000,1875.000000,1877.000000,354
2016-06-01T10:00:00+05:30,1877.000000,1882.000000,1875.000000,1882.000000,194
2016-06-01T10:15:00+05:30,1882.000000,1884.700000,1880.000000,1882.000000,360
2016-06-01T10:30:00+05:30,1884.250000,1894.000000,1884.000000,1886.000000,319
2016-06-01T10:45:00+05:30,1886.000000,1887.000000,1879.900000,1879.900000,147
2016-06-01T11:00:00+05:30,1879.900000,1880.000000,1877.250000,1877.250000,153
2016-06-01T11:15:00+05:30,1877.250000,1880.000000,1877.250000,1880.000000,112
2016-06-01T11:30:00+05:30,1880.000000,1880.000000,1875.300000,1876.000000,362
2016-06-01T11:45:00+05:30,1876.000000,1876.050000,1875.000000,1875.000000,139
2016-06-01T12:00:00+05:30,1875.000000,1876.050000,1874.400000,1876.050000,395
2016-06-01T12:15:00+05:30,1876.050000,1881.950000,1876.050000,1880.000000,432
2016-06-01T12:30:00+05:30,1880.000000,1886.950000,1880.000000,1886.850000,484
2016-06-01T12:45:00+05:30,1886.850000,1891.350000,1881.700000,1890.000000,817
2016-06-01T13:00:00+05:30,1890.000000,1892.000000,1882.050000,1882.050000,226
2016-06-01T13:15:00+05:30,1882.050000,1884.500000,1880.000000,1882.000000,115
2016-06-01T13:30:00+05:30,1882.000000,1892.000000,1880.150000,1892.000000,259
2016-06-01T13:45:00+05:30,1892.000000,1894.100000,1887.650000,1887.650000,590
2016-06-01T14:00:00+05:30,1887.650000,1894.000000,1887.650000,1888.900000,246
2016-06-01T14:15:00+05:30,1888.900000,1895.250000,1888.050000,1890.000000,225
2016-06-01T14:30:00+05:30,1890.000000,1895.250000,1885.500000,1889.350000,654
2016-06-01T14:45:00+05:30,1889.350000,1894.950000,1885.750000,1890.150000,395
2016-06-01T15:00:00+05:30,1890.150000,1900.000000,1888.000000,1897.400000,1840
2016-06-01T15:15:00+05:30,1896.900000,1896.900000,1886.500000,1888.900000,2067
2016-06-02T09:15:00+05:30,1894.000000,1897.800000,1876.850000,1880.550000,410
2016-06-02T09:30:00+05:30,1879.000000,1884.750000,1875.500000,1875.600000,361
2016-06-02T09:45:00+05:30,1875.600000,1879.400000,1875.300000,1877.750000,223
2016-06-02T10:00:00+05:30,1877.750000,1880.000000,1875.600000,1879.750000,138
2016-06-02T10:15:00+05:30,1879.750000,1879.950000,1875.000000,1875.000000,339
2016-06-02T10:30:00+05:30,1875.000000,1877.300000,1875.000000,1876.650000,123
2016-06-02T10:45:00+05:30,1876.650000,1878.650000,1876.650000,1878.500000,49
2016-06-02T11:00:00+05:30,1878.500000,1879.950000,1877.050000,1879.000000,74
2016-06-02T11:15:00+05:30,1879.000000,1880.000000,1876.600000,1876.600000,118
2016-06-02T11:30:00+05:30,1876.600000,1879.950000,1876.600000,1879.950000,15
2016-06-02T11:45:00+05:30,1879.950000,1880.000000,1879.350000,1880.000000,212
2016-06-02T12:00:00+05:30,1880.000000,1880.000000,1878.600000,1880.000000,659
2016-06-02T12:15:00+05:30,1879.900000,1880.000000,1878.200000,1878.200000,107
2016-06-02T12:30:00+05:30,1879.900000,1880.000000,1878.350000,1880.000000,62
2016-06-02T12:45:00+05:30,1880.000000,1880.000000,1878.850000,1878.850000,1
2016-06-02T13:00:00+05:30,1878.850000,1878.850000,1878.500000,1878.500000,28
2016-06-02T13:15:00+05:30,1880.000000,1880.000000,1878.500000,1880.000000,258
2016-06-02T13:30:00+05:30,1880.000000,1880.000000,1878.000000,1878.000000,136
2016-06-02T13:45:00+05:30,1878.000000,1879.750000,1878.000000,1879.700000,69
2016-06-02T14:00:00+05:30,1879.700000,1880.000000,1878.050000,1879.950000,298
2016-06-02T14:15:00+05:30,1879.950000,1880.000000,1878.000000,1878.000000,445
2016-06-02T14:30:00+05:30,1878.000000,1879.000000,1878.000000,1878.000000,257
2016-06-02T14:45:00+05:30,1878.000000,1881.000000,1878.000000,1880.000000,1145
2016-06-02T15:00:00+05:30,1880.000000,1880.000000,1867.950000,1874.650000,1237
2016-06-02T15:15:00+05:30,1874.650000,1880.000000,1870.000000,1879.900000,4790
2016-06-03T09:15:00+05:30,1889.950000,1889.950000,1878.500000,1879.100000,180
2016-06-03T09:30:00+05:30,1879.100000,1881.000000,1876.000000,1876.500000,288
2016-06-03T09:45:00+05:30,1876.500000,1878.000000,1876.500000,1877.500000,155
2016-06-03T10:00:00+05:30,1877.500000,1883.000000,1877.200000,1881.150000,199
2016-06-03T10:15:00+05:30,1880.950000,1885.000000,1877.000000,1883.000000,314
2016-06-03T10:30:00+05:30,1883.000000,1883.000000,1877.100000,1877.100000,204
2016-06-03T10:45:00+05:30,1877.100000,1879.850000,1875.000000,1876.100000,129
2016-06-03T11:00:00+05:30,1876.100000,1876.100000,1868.050000,1870.200000,314
2016-06-03T11:15:00+05:30,1870.200000,1872.000000,1870.200000,1871.050000,124
2016-06-03T11:30:00+05:30,1871.050000,1872.000000,1871.000000,1872.000000,208
2016-06-03T11:45:00+05:30,1872.000000,1872.000000,1865.000000,1865.000000,233
2016-06-03T12:00:00+05:30,1862.050000,1870.000000,1861.000000,1864.050000,252
2016-06-03T12:15:00+05:30,1864.050000,1864.050000,1861.350000,1862.050000,208
2016-06-03T12:30:00+05:30,1862.050000,1870.000000,1862.050000,1869.400000,154
2016-06-03T12:45:00+05:30,1866.000000,1872.000000,1865.850000,1865.850000,243
2016-06-03T13:00:00+05:30,1865.850000,1871.800000,1865.300000,1870.500000,315
2016-06-03T13:15:00+05:30,1869.250000,1870.950000,1866.100000,1867.900000,45
2016-06-03T13:30:00+05:30,1867.900000,1869.550000,1861.350000,1862.000000,295
2016-06-03T13:45:00+05:30,1862.000000,1864.000000,1862.000000,1862.200000,84
2016-06-03T14:00:00+05:30,1862.200000,1871.000000,1862.200000,1867.900000,194
2016-06-03T14:15:00+05:30,1867.900000,1872.000000,1865.000000,1870.350000,195
2016-06-03T14:30:00+05:30,1870.350000,1872.000000,1869.200000,1869.400000,217
2016-06-03T14:45:00+05:30,1869.400000,1875.000000,1869.400000,1875.000000,491
2016-06-03T15:00:00+05:30,1875.000000,1880.000000,1870.300000,1876.300000,1055
2016-06-03T15:15:00+05:30,1876.300000,1889.800000,1870.350000,1871.200000,2640
2016-06-06T09:15:00+05:30,1887.350000,1887.350000,1861.550000,1865.250000,374
2016-06-06T09:30:00+05:30,1866.750000,1868.000000,1862.350000,1867.000000,83
2016-06-06T09:45:00+05:30,1867.000000,1868.000000,1863.000000,1865.950000,115
2016-06-06T10:00:00+05:30,1865.950000,1865.950000,1852.750000,1862.900000,653
2016-06-06T10:15:00+05:30,1862.900000,1867.000000,1862.900000,1867.000000,76
2016-06-06T10:30:00+05:30,1867.800000,1867.800000,1864.000000,1865.000000,160
2016-06-06T10:45:00+05:30,1865.000000,1866.000000,1861.000000,1864.900000,126
2016-06-06T11:00:00+05:30,1862.700000,1864.950000,1861.100000,1861.250000,82
2016-06-06T11:15:00+05:30,1861.250000,1863.850000,1861.000000,1861.000000,391
2016-06-06T11:30:00+05:30,1861.000000,1864.950000,1860.000000,1860.000000,485
2016-06-06T11:45:00+05:30,1860.000000,1860.950000,1859.050000,1860.000000,110
2016-06-06T12:00:00+05:30,1860.000000,1860.000000,1860.000000,1860.000000,38
2016-06-06T12:15:00+05:30,1860.000000,1860.000000,1860.000000,1860.000000,605
2016-06-06T12:30:00+05:30,1860.000000,1862.000000,1856.000000,1859.000000,825
2016-06-06T12:45:00+05:30,1860.000000,1863.000000,1857.950000,1863.000000,345
2016-06-06T13:00:00+05:30,1863.000000,1864.700000,1856.850000,1860.050000,1406
2016-06-06T13:15:00+05:30,1860.000000,1861.200000,1860.000000,1860.000000,50
2016-06-06T13:30:00+05:30,1860.000000,1861.200000,1857.050000,1860.000000,267
2016-06-06T13:45:00+05:30,1860.000000,1860.000000,1858.150000,1860.000000,29
2016-06-06T14:00:00+05:30,1860.000000,1860.000000,1858.000000,1858.000000,69
2016-06-06T14:15:00+05:30,1858.000000,1858.000000,1857.000000,1858.000000,184
2016-06-06T14:30:00+05:30,1858.000000,1858.000000,1850.000000,1852.900000,1160
2016-06-06T14:45:00+05:30,1852.900000,1858.850000,1850.000000,1858.850000,284
2016-06-06T15:00:00+05:30,1858.850000,1858.900000,1855.000000,1855.050000,316
2016-06-06T15:15:00+05:30,1855.050000,1859.900000,1852.550000,1852.550000,1452
2016-06-07T09:15:00+05:30,1846.050000,1855.000000,1846.050000,1849.000000,243
2016-06-07T09:30:00+05:30,1849.000000,1852.450000,1846.100000,1846.400000,216
2016-06-07T09:45:00+05:30,1846.400000,1848.000000,1846.000000,1847.850000,144
2016-06-07T10:00:00+05:30,1847.850000,1847.850000,1842.050000,1847.000000,303
2016-06-07T10:15:00+05:30,1847.000000,1848.800000,1845.150000,1845.150000,63
2016-06-07T10:30:00+05:30,1845.150000,1848.250000,1845.100000,1846.950000,45
2016-06-07T10:45:00+05:30,1846.950000,1847.600000,1845.100000,1845.100000,96
2016-06-07T11:00:00+05:30,1845.100000,1846.600000,1835.000000,1835.400000,357
2016-06-07T11:15:00+05:30,1834.850000,1840.000000,1834.000000,1839.950000,160
2016-06-07T11:30:00+05:30,1839.950000,1842.250000,1838.600000,1840.100000,282
2016-06-07T11:45:00+05:30,1840.100000,1840.750000,1837.000000,1837.000000,165
2016-06-07T12:00:00+05:30,1837.000000,1840.000000,1836.000000,1839.900000,75
2016-06-07T12:15:00+05:30,1840.000000,1840.000000,1836.050000,1839.150000,80
2016-06-07T12:30:00+05:30,1839.150000,1840.000000,1839.150000,1840.000000,578
2016-06-07T12:45:00+05:30,1840.000000,1840.000000,1834.500000,1835.000000,485
2016-06-07T13:00:00+05:30,1835.000000,1840.000000,1834.000000,1840.000000,2805
2016-06-07T13:15:00+05:30,1840.000000,1844.850000,1840.000000,1844.000000,90
2016-06-07T13:30:00+05:30,1844.000000,1844.000000,1835.000000,1835.350000,171
2016-06-07T13:45:00+05:30,1835.350000,1843.000000,1835.000000,1837.800000,517
2016-06-07T14:00:00+05:30,1837.800000,1841.750000,1837.800000,1841.300000,133
2016-06-07T14:15:00+05:30,1841.300000,1842.950000,1839.500000,1839.500000,171
2016-06-07T14:30:00+05:30,1839.500000,1839.950000,1835.000000,1839.950000,143
2016-06-07T14:45:00+05:30,1839.950000,1839.950000,1835.850000,1839.000000,256
2016-06-07T15:00:00+05:30,1839.000000,1846.350000,1839.000000,1846.350000,1709
2016-06-07T15:15:00+05:30,1846.350000,1870.000000,1841.900000,1842.100000,3214
2016-06-08T09:15:00+05:30,1864.750000,1866.950000,1840.000000,1866.950000,593
2016-06-08T09:30:00+05:30,1866.950000,1866.950000,1855.450000,1857.800000,149
2016-06-08T09:45:00+05:30,1857.800000,1860.000000,1855.500000,1856.450000,273
2016-06-08T10:00:00+05:30,1856.450000,1859.900000,1843.050000,1856.000000,711
2016-06-08T10:15:00+05:30,1856.000000,1859.800000,1850.050000,1858.950000,283
2016-06-08T10:30:00+05:30,1858.950000,1858.950000,1857.350000,1858.650000,85
2016-06-08T10:45:00+05:30,1858.650000,1858.650000,1855.800000,1858.500000,41
2016-06-08T11:00:00+05:30,1858.500000,1858.650000,1851.650000,1853.400000,133
2016-06-08T11:15:00+05:30,1853.400000,1855.000000,1849.950000,1850.200000,398
2016-06-08T11:30:00+05:30,1850.200000,1854.850000,1848.000000,1854.850000,68
2016-06-08T11:45:00+05:30,1854.850000,1855.000000,1854.000000,1855.000000,222
2016-06-08T12:00:00+05:30,1855.000000,1858.000000,1854.900000,1857.950000,68
2016-06-08T12:15:00+05:30,1857.950000,1857.950000,1851.350000,1851.350000,169
2016-06-08T12:30:00+05:30,1851.350000,1857.950000,1851.350000,1856.850000,46
2016-06-08T12:45:00+05:30,1856.850000,1858.000000,1854.000000,1855.900000,181
2016-06-08T13:00:00+05:30,1855.900000,1856.000000,1855.900000,1856.000000,40
2016-06-08T13:15:00+05:30,1856.000000,1856.000000,1854.200000,1856.000000,39
2016-06-08T13:30:00+05:30,1856.000000,1856.000000,1854.600000,1856.000000,37
2016-06-08T13:45:00+05:30,1856.000000,1860.000000,1855.000000,1859.350000,238
2016-06-08T14:00:00+05:30,1859.350000,1860.000000,1857.650000,1857.650000,83
2016-06-08T14:15:00+05:30,1857.650000,1860.000000,1856.900000,1857.950000,93
2016-06-08T14:30:00+05:30,1857.950000,1860.000000,1857.950000,1860.000000,221
2016-06-08T14:45:00+05:30,1860.000000,1860.000000,1858.550000,1859.950000,107
2016-06-08T15:00:00+05:30,1859.950000,1860.000000,1850.000000,1860.000000,1478
2016-06-08T15:15:00+05:30,1859.000000,1864.500000,1854.000000,1856.100000,2516
2016-06-09T09:15:00+05:30,1856.250000,1856.250000,1846.050000,1855.600000,267
2016-06-09T09:30:00+05:30,1855.600000,1858.900000,1855.600000,1858.500000,659
2016-06-09T09:45:00+05:30,1858.500000,1858.900000,1856.000000,1856.000000,153
2016-06-09T10:00:00+05:30,1856.000000,1856.000000,1851.200000,1853.300000,372
2016-06-09T10:15:00+05:30,1853.300000,1858.850000,1853.000000,1853.000000,979
2016-06-09T10:30:00+05:30,1853.000000,1854.000000,1853.000000,1854.000000,38
2016-06-09T10:45:00+05:30,1850.050000,1850.050000,1846.500000,1848.700000,188
2016-06-09T11:00:00+05:30,1848.700000,1851.000000,1848.700000,1848.750000,1103
2016-06-09T11:15:00+05:30,1848.750000,1848.750000,1842.100000,1847.050000,456
2016-06-09T11:30:00+05:30,1847.050000,1853.000000,1844.000000,1853.000000,172
2016-06-09T11:45:00+05:30,1853.000000,1853.000000,1849.950000,1853.000000,156
2016-06-09T12:00:00+05:30,1851.600000,1853.000000,1850.000000,1852.500000,91
2016-06-09T12:15:00+05:30,1852.500000,1853.000000,1850.050000,1852.950000,34
2016-06-09T12:30:00+05:30,1852.950000,1853.000000,1850.050000,1852.950000,75
2016-06-09T12:45:00+05:30,1852.950000,1852.950000,1851.150000,1851.150000,2
2016-06-09T13:00:00+05:30,1851.150000,1853.000000,1851.000000,1853.000000,76
2016-06-09T13:15:00+05:30,1853.000000,1853.000000,1851.050000,1852.950000,136
2016-06-09T13:30:00+05:30,1852.950000,1855.000000,1846.550000,1850.000000,518
2016-06-09T13:45:00+05:30,1850.000000,1850.000000,1847.000000,1847.000000,90
2016-06-09T14:00:00+05:30,1850.000000,1850.000000,1848.000000,1850.000000,186
2016-06-09T14:15:00+05:30,1850.000000,1855.000000,1848.050000,1850.600000,743
2016-06-09T14:30:00+05:30,1850.600000,1854.400000,1849.000000,1849.550000,193
2016-06-09T14:45:00+05:30,1849.550000,1852.950000,1847.000000,1847.650000,287
2016-06-09T15:00:00+05:30,1847.650000,1853.000000,1847.000000,1847.100000,1302
2016-06-09T15:15:00+05:30,1847.100000,1850.000000,1842.500000,1845.000000,1239
2016-06-10T09:15:00+05:30,1855.050000,1855.050000,1846.500000,1850.550000,466
2016-06-10T09:30:00+05:30,1850.550000,1853.000000,1850.550000,1851.050000,100
2016-06-10T09:45:00+05:30,1851.050000,1856.000000,1851.050000,1852.000000,90
2016-06-10T10:00:00+05:30,1852.000000,1852.000000,1851.000000,1851.000000,38
2016-06-10T10:15:00+05:30,1851.000000,1851.000000,1850.050000,1850.050000,98
2016-06-10T10:30:00+05:30,1850.050000,1852.000000,1850.050000,1851.000000,61
2016-06-10T10:45:00+05:30,1852.000000,1852.000000,1850.050000,1850.050000,77
2016-06-10T11:00:00+05:30,1852.000000,1852.000000,1850.050000,1852.000000,26
2016-06-10T11:15:00+05:30,1852.000000,1852.000000,1850.100000,1850.100000,27
2016-06-10T11:30:00+05:30,1850.100000,1856.050000,1850.100000,1856.050000,203
2016-06-10T11:45:00+05:30,1856.050000,1874.000000,1856.000000,1858.950000,1521
2016-06-10T12:00:00+05:30,1858.950000,1859.000000,1854.400000,1855.000000,142
2016-06-10T12:15:00+05:30,1855.000000,1855.950000,1851.050000,1855.950000,258
2016-06-10T12:30:00+05:30,1855.950000,1860.000000,1851.050000,1858.000000,950
2016-06-10T12:45:00+05:30,1858.000000,1858.300000,1857.000000,1858.300000,50
2016-06-10T13:00:00+05:30,1860.000000,1860.000000,1851.000000,1852.700000,285
2016-06-10T13:15:00+05:30,1852.700000,1853.300000,1845.150000,1848.950000,253
2016-06-10T13:30:00+05:30,1848.950000,1849.000000,1845.250000,1848.950000,98
2016-06-10T13:45:00+05:30,1848.950000,1851.450000,1848.950000,1851.450000,48
2016-06-10T14:00:00+05:30,1852.450000,1854.000000,1849.900000,1854.000000,67
2016-06-10T14:15:00+05:30,1854.000000,1854.000000,1847.050000,1851.450000,47
2016-06-10T14:30:00+05:30,1851.450000,1855.350000,1847.050000,1854.100000,196
2016-06-10T14:45:00+05:30,1850.000000,1850.000000,1842.500000,1846.500000,204
2016-06-10T15:00:00+05:30,1846.500000,1858.900000,1840.000000,1845.000000,736
2016-06-10T15:15:00+05:30,1843.200000,1860.000000,1843.150000,1856.000000,2039
2016-06-13T09:15:00+05:30,1844.000000,1850.000000,1840.050000,1845.950000,169
2016-06-13T09:30:00+05:30,1845.950000,1847.700000,1836.100000,1838.000000,344
2016-06-13T09:45:00+05:30,1838.000000,1838.000000,1827.050000,1835.050000,771
2016-06-13T10:00:00+05:30,1835.050000,1837.950000,1831.400000,1837.950000,82
2016-06-13T10:15:00+05:30,1837.950000,1838.000000,1835.500000,1836.000000,46
2016-06-13T10:30:00+05:30,1835.550000,1838.000000,1834.600000,1834.650000,72
2016-06-13T10:45:00+05:30,1834.650000,1836.700000,1833.650000,1835.100000,68
2016-06-13T11:00:00+05:30,1835.100000,1835.100000,1827.000000,1831.950000,75
2016-06-13T11:15:00+05:30,1831.950000,1836.700000,1827.050000,1836.700000,173
2016-06-13T11:30:00+05:30,1836.700000,1837.000000,1831.250000,1833.950000,84
2016-06-13T11:45:00+05:30,1833.950000,1837.500000,1833.500000,1836.650000,79
2016-06-13T12:00:00+05:30,1836.650000,1836.650000,1832.100000,1832.100000,50
2016-06-13T12:15:00+05:30,1832.100000,1833.450000,1828.000000,1830.000000,307
2016-06-13T12:30:00+05:30,1828.100000,1829.050000,1828.000000,1829.050000,582
2016-06-13T12:45:00+05:30,1829.050000,1830.000000,1828.000000,1830.000000,380
2016-06-13T13:00:00+05:30,1830.000000,1833.400000,1830.000000,1830.600000,46
2016-06-13T13:15:00+05:30,1830.600000,1834.600000,1829.050000,1829.050000,295
2016-06-13T13:30:00+05:30,1829.050000,1835.100000,1829.050000,1830.100000,49
2016-06-13T13:45:00+05:30,1830.150000,1831.600000,1830.150000,1830.550000,63
2016-06-13T14:00:00+05:30,1830.550000,1833.500000,1829.000000,1830.700000,210
2016-06-13T14:15:00+05:30,1830.700000,1832.500000,1830.000000,1830.050000,71
2016-06-13T14:30:00+05:30,1830.050000,1831.900000,1830.000000,1830.050000,55
2016-06-13T14:45:00+05:30,1830.050000,1831.200000,1828.000000,1828.100000,850
2016-06-13T15:00:00+05:30,1828.100000,1845.550000,1828.100000,1842.000000,1390
2016-06-13T15:15:00+05:30,1842.000000,1842.000000,1828.050000,1839.800000,465
2016-06-14T09:15:00+05:30,1836.100000,1839.000000,1832.050000,1838.050000,129
2016-06-14T09:30:00+05:30,1838.050000,1839.000000,1833.050000,1837.550000,249
2016-06-14T09:45:00+05:30,1837.550000,1844.900000,1837.550000,1839.300000,283
2016-06-14T10:00:00+05:30,1839.300000,1843.550000,1838.950000,1843.550000,95
2016-06-14T10:15:00+05:30,1843.550000,1843.550000,1840.000000,1840.000000,16
2016-06-14T10:30:00+05:30,1840.000000,1843.550000,1840.000000,1840.100000,57
2016-06-14T10:45:00+05:30,1840.100000,1840.250000,1840.100000,1840.200000,51
2016-06-14T11:00:00+05:30,1840.200000,1840.200000,1839.450000,1840.000000,68
2016-06-14T11:15:00+05:30,1840.000000,1843.000000,1840.000000,1843.000000,45
2016-06-14T11:30:00+05:30,1843.000000,1843.500000,1840.000000,1840.000000,64
2016-06-14T11:45:00+05:30,1840.000000,1840.000000,1835.000000,1836.350000,52
2016-06-14T12:00:00+05:30,1836.350000,1836.350000,1834.950000,1835.900000,7
2016-06-14T12:15:00+05:30,1835.900000,1842.000000,1835.900000,1842.000000,75
2016-06-14T12:30:00+05:30,1842.000000,1843.600000,1840.000000,1842.000000,453
2016-06-14T12:45:00+05:30,1842.000000,1850.000000,1840.050000,1850.000000,661
2016-06-14T13:00:00+05:30,1850.000000,1850.000000,1849.400000,1849.500000,68
2016-06-14T13:15:00+05:30,1849.500000,1854.800000,1849.500000,1850.050000,193
2016-06-14T13:30:00+05:30,1855.000000,1855.000000,1840.050000,1842.000000,350
2016-06-14T13:45:00+05:30,1842.000000,1843.050000,1841.950000,1842.000000,875
2016-06-14T14:00:00+05:30,1842.000000,1845.000000,1841.550000,1845.000000,719
2016-06-14T14:15:00+05:30,1845.000000,1845.550000,1841.950000,1842.000000,744
2016-06-14T14:30:00+05:30,1842.000000,1844.900000,1841.950000,1842.000000,780
2016-06-14T14:45:00+05:30,1842.000000,1845.400000,1840.900000,1842.200000,843
2016-06-14T15:00:00+05:30,1842.200000,1854.900000,1840.700000,1843.000000,1519
2016-06-14T15:15:00+05:30,1843.000000,1854.900000,1841.100000,1850.000000,1820
2016-06-15T09:15:00+05:30,1846.050000,1859.800000,1846.050000,1853.700000,134
2016-06-15T09:30:00+05:30,1853.700000,1853.700000,1852.000000,1852.000000,10
2016-06-15T09:45:00+05:30,1852.000000,1857.000000,1852.000000,1857.000000,89
2016-06-15T10:00:00+05:30,1857.000000,1859.000000,1855.950000,1859.000000,303
2016-06-15T10:15:00+05:30,1859.800000,1859.800000,1859.000000,1859.000000,235
2016-06-15T10:30:00+05:30,1859.000000,1861.000000,1859.000000,1861.000000,7280
2016-06-15T10:45:00+05:30,1860.050000,1860.050000,1860.000000,1860.000000,74
2016-06-15T11:00:00+05:30,1860.000000,1861.000000,1860.000000,1860.000000,176
2016-06-15T11:15:00+05:30,1860.000000,1861.000000,1859.000000,1859.000000,94
2016-06-15T11:30:00+05:30,1859.000000,1861.000000,1859.000000,1860.000000,181
2016-06-15T11:45:00+05:30,1860.000000,1861.000000,1860.000000,1860.050000,5311
2016-06-15T12:00:00+05:30,1860.050000,1860.300000,1860.000000,1860.000000,5086
2016-06-15T12:15:00+05:30,1860.000000,1861.800000,1860.000000,1861.800000,3629
2016-06-15T12:30:00+05:30,1861.800000,1861.800000,1859.550000,1859.550000,3720
2016-06-15T12:45:00+05:30,1859.550000,1861.800000,1857.700000,1861.800000,23
2016-06-15T13:00:00+05:30,1861.800000,1862.000000,1860.000000,1860.900000,54
2016-06-15T13:15:00+05:30,1860.000000,1862.900000,1860.000000,1862.900000,79
2016-06-15T13:30:00+05:30,1862.900000,1865.000000,1860.000000,1865.000000,196
2016-06-15T13:45:00+05:30,1865.000000,1874.000000,1862.500000,1873.000000,688
2016-06-15T14:00:00+05:30,1873.000000,1873.000000,1860.000000,1869.800000,383
2016-06-15T14:15:00+05:30,1863.300000,1869.800000,1862.850000,1864.550000,201
2016-06-15T14:30:00+05:30,1864.550000,1864.550000,1860.000000,1862.500000,351
2016-06-15T14:45:00+05:30,1862.500000,1862.500000,1860.000000,1862.500000,391
2016-06-15T15:00:00+05:30,1862.500000,1866.950000,1860.000000,1863.000000,1090
2016-06-15T15:15:00+05:30,1863.000000,1904.000000,1860.000000,1900.000000,11617
2016-06-16T09:15:00+05:30,1882.000000,1893.850000,1881.400000,1889.750000,464
2016-06-16T09:30:00+05:30,1889.750000,1889.750000,1879.550000,1881.250000,134
2016-06-16T09:45:00+05:30,1881.250000,1884.900000,1881.250000,1883.050000,42
2016-06-16T10:00:00+05:30,1883.050000,1883.050000,1881.000000,1881.050000,55
2016-06-16T10:15:00+05:30,1881.050000,1881.050000,1876.900000,1877.000000,371
2016-06-16T10:30:00+05:30,1877.000000,1879.850000,1872.000000,1874.200000,390
2016-06-16T10:45:00+05:30,1874.200000,1875.100000,1872.000000,1873.950000,242
2016-06-16T11:00:00+05:30,1873.950000,1877.000000,1872.000000,1875.000000,1170
2016-06-16T11:15:00+05:30,1875.000000,1876.900000,1873.700000,1875.500000,79
2016-06-16T11:30:00+05:30,1875.500000,1878.000000,1875.500000,1875.550000,84
2016-06-16T11:45:00+05:30,1875.550000,1877.000000,1875.550000,1877.000000,5
2016-06-16T12:00:00+05:30,1877.000000,1877.000000,1875.550000,1875.550000,23
2016-06-16T12:15:00+05:30,1875.550000,1877.000000,1875.550000,1876.150000,33
2016-06-16T12:30:00+05:30,1876.150000,1878.000000,1876.050000,1876.100000,48
2016-06-16T12:45:00+05:30,1876.100000,1885.000000,1876.100000,1880.950000,312
2016-06-16T13:00:00+05:30,1880.950000,1885.100000,1878.000000,1880.100000,146
2016-06-16T13:15:00+05:30,1880.100000,1883.600000,1880.100000,1882.000000,213
2016-06-16T13:30:00+05:30,1882.000000,1888.000000,1880.100000,1884.000000,162
2016-06-16T13:45:00+05:30,1884.000000,1890.000000,1884.000000,1890.000000,132
2016-06-16T14:00:00+05:30,1886.000000,1890.000000,1883.100000,1888.100000,230
2016-06-16T14:15:00+05:30,1888.100000,1889.000000,1884.600000,1884.600000,93
2016-06-16T14:30:00+05:30,1884.600000,1886.050000,1883.050000,1883.250000,466
2016-06-16T14:45:00+05:30,1883.250000,1888.000000,1883.250000,1887.950000,311
2016-06-16T15:00:00+05:30,1887.950000,1890.000000,1885.000000,1885.000000,984
2016-06-16T15:15:00+05:30,1885.000000,1899.000000,1875.050000,1895.000000,2751
2016-06-17T09:15:00+05:30,1887.000000,1887.300000,1881.250000,1885.550000,235
2016-06-17T09:30:00+05:30,1885.550000,1887.600000,1884.550000,1885.000000,25
2016-06-17T09:45:00+05:30,1885.000000,1886.050000,1878.000000,1880.000000,104
2016-06-17T10:00:00+05:30,1880.000000,1880.000000,1877.300000,1878.000000,43
2016-06-17T10:15:00+05:30,1878.000000,1879.850000,1873.000000,1874.000000,220
2016-06-17T10:30:00+05:30,1874.000000,1877.050000,1873.100000,1877.050000,73
2016-06-17T10:45:00+05:30,1877.050000,1877.050000,1873.500000,1874.100000,46
2016-06-17T11:00:00+05:30,1874.100000,1879.750000,1874.100000,1878.700000,66
2016-06-17T11:15:00+05:30,1878.700000,1880.550000,1875.100000,1880.550000,68
2016-06-17T11:30:00+05:30,1880.600000,1880.600000,1879.000000,1879.000000,47
2016-06-17T11:45:00+05:30,1879.000000,1879.000000,1874.050000,1874.050000,180
2016-06-17T12:00:00+05:30,1874.050000,1875.500000,1874.050000,1875.500000,298
2016-06-17T12:15:00+05:30,1875.500000,1877.700000,1874.050000,1877.700000,120
2016-06-17T12:30:00+05:30,1877.700000,1880.900000,1877.000000,1879.950000,40
2016-06-17T12:45:00+05:30,1879.950000,1881.900000,1877.000000,1880.850000,105
2016-06-17T13:00:00+05:30,1879.050000,1884.000000,1877.050000,1880.000000,472
2016-06-17T13:15:00+05:30,1880.000000,1883.950000,1880.000000,1881.150000,56
2016-06-17T13:30:00+05:30,1881.150000,1883.950000,1874.000000,1874.000000,254
2016-06-17T13:45:00+05:30,1874.000000,1878.900000,1874.000000,1875.100000,135
2016-06-17T14:00:00+05:30,1875.100000,1880.950000,1875.000000,1880.900000,132
2016-06-17T14:15:00+05:30,1880.900000,1880.900000,1875.000000,1876.050000,171
2016-06-17T14:30:00+05:30,1876.050000,1877.000000,1875.200000,1876.950000,109
2016-06-17T14:45:00+05:30,1876.950000,1880.200000,1875.250000,1876.200000,110
2016-06-17T15:00:00+05:30,1879.900000,1885.000000,1875.750000,1876.250000,1246
2016-06-17T15:15:00+05:30,1876.250000,1895.000000,1865.950000,1891.000000,4058
2016-06-20T09:15:00+05:30,1856.650000,1864.800000,1854.000000,1863.050000,306
2016-06-20T09:30:00+05:30,1863.050000,1876.350000,1863.050000,1875.000000,89
2016-06-20T09:45:00+05:30,1875.000000,1875.000000,1874.000000,1874.000000,24
2016-06-20T10:00:00+05:30,1874.000000,1875.000000,1873.750000,1875.000000,160
2016-06-20T10:15:00+05:30,1875.000000,1876.350000,1860.000000,1860.400000,270
2016-06-20T10:30:00+05:30,1860.400000,1867.900000,1860.400000,1867.900000,31
2016-06-20T10:45:00+05:30,1865.150000,1873.000000,1865.150000,1870.000000,58
2016-06-20T11:00:00+05:30,1870.000000,1870.000000,1868.000000,1868.000000,65
2016-06-20T11:15:00+05:30,1868.000000,1870.000000,1868.000000,1870.000000,51
2016-06-20T11:30:00+05:30,1870.000000,1870.000000,1868.100000,1868.100000,12
2016-06-20T11:45:00+05:30,1868.100000,1872.100000,1868.100000,1871.800000,38
2016-06-20T12:00:00+05:30,1871.800000,1871.800000,1866.250000,1868.000000,67
2016-06-20T12:15:00+05:30,1868.000000,1868.000000,1866.300000,1866.300000,10
2016-06-20T12:30:00+05:30,1866.300000,1874.000000,1866.300000,1871.600000,52
2016-06-20T12:45:00+05:30,1873.500000,1874.000000,1870.950000,1871.000000,38
2016-06-20T13:00:00+05:30,1871.000000,1872.900000,1868.100000,1872.900000,15
2016-06-20T13:15:00+05:30,1872.900000,1873.300000,1867.200000,1872.700000,38
2016-06-20T13:30:00+05:30,1872.700000,1873.300000,1871.100000,1871.100000,91
2016-06-20T13:45:00+05:30,1873.300000,1874.300000,1872.350000,1874.300000,74
2016-06-20T14:00:00+05:30,1874.300000,1874.300000,1870.000000,1873.900000,100
2016-06-20T14:15:00+05:30,1873.900000,1877.950000,1873.900000,1877.900000,192
2016-06-20T14:30:00+05:30,1877.900000,1880.000000,1876.550000,1878.350000,147
2016-06-20T14:45:00+05:30,1878.350000,1879.500000,1872.000000,1872.000000,193
2016-06-20T15:00:00+05:30,1872.000000,1888.000000,1871.950000,1880.100000,949
2016-06-20T15:15:00+05:30,1880.100000,1898.000000,1876.250000,1897.000000,1876
2016-06-21T09:15:00+05:30,1898.000000,1898.000000,1888.750000,1890.000000,249
2016-06-21T09:30:00+05:30,1890.000000,1895.000000,1890.000000,1891.200000,52
2016-06-21T09:45:00+05:30,1891.200000,1893.600000,1891.200000,1891.800000,70
2016-06-21T10:00:00+05:30,1891.800000,1893.500000,1885.000000,1885.000000,290
2016-06-21T10:15:00+05:30,1887.500000,1888.000000,1882.500000,1882.500000,172
2016-06-21T10:30:00+05:30,1882.500000,1884.900000,1882.500000,1884.850000,13
2016-06-21T10:45:00+05:30,1884.850000,1886.950000,1883.550000,1886.950000,75
2016-06-21T11:00:00+05:30,1886.950000,1888.750000,1883.050000,1883.050000,77
2016-06-21T11:15:00+05:30,1883.050000,1884.350000,1876.000000,1877.000000,152
2016-06-21T11:30:00+05:30,1877.000000,1878.950000,1875.500000,1878.950000,31
2016-06-21T11:45:00+05:30,1878.950000,1883.000000,1878.950000,1882.000000,51
2016-06-21T12:00:00+05:30,1883.000000,1883.000000,1879.900000,1880.750000,52
2016-06-21T12:15:00+05:30,1880.750000,1883.000000,1876.500000,1876.500000,118
2016-06-21T12:30:00+05:30,1878.000000,1880.900000,1875.450000,1880.900000,196
2016-06-21T12:45:00+05:30,1880.900000,1880.900000,1880.350000,1880.350000,1
2016-06-21T13:00:00+05:30,1880.400000,1881.000000,1878.000000,1881.000000,25
2016-06-21T13:15:00+05:30,1881.000000,1881.000000,1877.900000,1878.000000,277
2016-06-21T13:30:00+05:30,1878.000000,1878.000000,1872.000000,1872.000000,334
2016-06-21T13:45:00+05:30,1872.000000,1874.700000,1872.000000,1874.700000,314
2016-06-21T14:00:00+05:30,1874.700000,1880.950000,1874.700000,1878.000000,2429
2016-06-21T14:15:00+05:30,1876.500000,1878.000000,1875.100000,1878.000000,334
2016-06-21T14:30:00+05:30,1878.000000,1879.900000,1877.150000,1878.950000,571
2016-06-21T14:45:00+05:30,1878.950000,1879.000000,1877.100000,1878.950000,430
2016-06-21T15:00:00+05:30,1878.950000,1889.900000,1878.850000,1888.500000,1908
2016-06-21T15:15:00+05:30,1888.500000,1888.800000,1880.050000,1884.600000,2184
2016-06-22T09:15:00+05:30,1886.000000,1888.000000,1882.550000,1887.600000,107
2016-06-22T09:30:00+05:30,1887.600000,1888.000000,1882.000000,1882.000000,105
2016-06-22T09:45:00+05:30,1882.000000,1883.000000,1882.000000,1883.000000,117
2016-06-22T10:00:00+05:30,1883.000000,1883.000000,1879.450000,1882.000000,29035
2016-06-22T10:15:00+05:30,1882.000000,1885.000000,1882.000000,1882.000000,315
2016-06-22T10:30:00+05:30,1882.000000,1884.700000,1877.800000,1882.000000,264
2016-06-22T10:45:00+05:30,1882.000000,1884.750000,1877.000000,1880.700000,180
2016-06-22T11:00:00+05:30,1881.300000,1881.300000,1875.100000,1881.000000,172
2016-06-22T11:15:00+05:30,1881.000000,1881.000000,1878.100000,1880.000000,54
2016-06-22T11:30:00+05:30,1880.000000,1880.200000,1880.000000,1880.200000,22
2016-06-22T11:45:00+05:30,1880.200000,1882.000000,1878.550000,1881.550000,27
2016-06-22T12:00:00+05:30,1881.550000,1881.550000,1875.550000,1881.550000,111
2016-06-22T12:15:00+05:30,1882.000000,1882.400000,1878.000000,1882.400000,309
2016-06-22T12:30:00+05:30,1882.400000,1882.400000,1876.200000,1879.100000,94
2016-06-22T12:45:00+05:30,1879.100000,1880.000000,1877.800000,1879.950000,145
2016-06-22T13:00:00+05:30,1879.950000,1880.000000,1879.950000,1880.000000,22
2016-06-22T13:15:00+05:30,1880.000000,1880.000000,1877.000000,1879.550000,109
2016-06-22T13:30:00+05:30,1879.550000,1879.550000,1877.100000,1879.450000,22
2016-06-22T13:45:00+05:30,1879.450000,1879.450000,1877.000000,1877.000000,434
2016-06-22T14:00:00+05:30,1877.000000,1879.900000,1876.400000,1878.850000,60
2016-06-22T14:15:00+05:30,1878.850000,1878.850000,1877.900000,1878.700000,42
2016-06-22T14:30:00+05:30,1878.700000,1887.900000,1877.050000,1885.000000,352
2016-06-22T14:45:00+05:30,1885.000000,1887.900000,1883.000000,1885.000000,317
2016-06-22T15:00:00+05:30,1883.250000,1889.000000,1883.050000,1884.050000,1146
2016-06-22T15:15:00+05:30,1884.000000,1890.000000,1877.150000,1889.000000,2684
2016-06-23T09:15:00+05:30,1889.000000,1895.000000,1888.800000,1890.100000,394
2016-06-23T09:30:00+05:30,1890.900000,1892.000000,1890.050000,1890.150000,157
2016-06-23T09:45:00+05:30,1890.150000,1891.950000,1885.550000,1885.550000,201
2016-06-23T10:00:00+05:30,1885.550000,1889.000000,1880.150000,1888.000000,334
2016-06-23T10:15:00+05:30,1888.000000,1888.000000,1885.350000,1887.850000,94
2016-06-23T10:30:00+05:30,1885.000000,1887.800000,1880.800000,1880.800000,142
2016-06-23T10:45:00+05:30,1880.800000,1887.850000,1880.800000,1887.750000,55
2016-06-23T11:00:00+05:30,1887.750000,1887.850000,1877.800000,1879.650000,245
2016-06-23T11:15:00+05:30,1879.650000,1879.650000,1862.750000,1872.900000,1036
2016-06-23T11:30:00+05:30,1872.900000,1876.850000,1871.100000,1876.850000,37
2016-06-23T11:45:00+05:30,1876.850000,1876.850000,1871.150000,1873.950000,52
2016-06-23T12:00:00+05:30,1873.950000,1876.500000,1871.150000,1876.500000,127
2016-06-23T12:15:00+05:30,1876.500000,1877.600000,1873.600000,1877.450000,70
2016-06-23T12:30:00+05:30,1877.450000,1879.800000,1873.850000,1877.450000,105
2016-06-23T12:45:00+05:30,1877.450000,1879.950000,1877.450000,1879.950000,57
2016-06-23T13:00:00+05:30,1879.950000,1880.000000,1877.000000,1880.000000,85
2016-06-23T13:15:00+05:30,1880.000000,1884.500000,1880.000000,1884.500000,37
2016-06-23T13:30:00+05:30,1884.500000,1884.700000,1882.250000,1884.700000,143
2016-06-23T13:45:00+05:30,1884.700000,1885.000000,1883.450000,1885.000000,27
2016-06-23T14:00:00+05:30,1884.850000,1885.000000,1882.100000,1884.850000,53
2016-06-23T14:15:00+05:30,1884.850000,1889.900000,1884.850000,1889.650000,642
2016-06-23T14:30:00+05:30,1889.650000,1889.650000,1884.700000,1886.050000,89
2016-06-23T14:45:00+05:30,1886.050000,1888.850000,1881.100000,1886.950000,380
2016-06-23T15:00:00+05:30,1886.950000,1890.000000,1882.150000,1888.150000,1189
2016-06-23T15:15:00+05:30,1888.150000,1895.000000,1880.100000,1889.850000,2965
2016-06-24T09:15:00+05:30,1879.900000,1879.900000,1822.550000,1853.000000,975
2016-06-24T09:30:00+05:30,1854.800000,1870.300000,1850.000000,1866.250000,617
2016-06-24T09:45:00+05:30,1866.250000,1866.250000,1835.000000,1844.500000,1878
2016-06-24T10:00:00+05:30,1844.500000,1844.500000,1826.500000,1827.950000,1106
2016-06-24T10:15:00+05:30,1827.950000,1837.550000,1825.200000,1835.150000,533
2016-06-24T10:30:00+05:30,1835.150000,1838.600000,1835.000000,1835.100000,238
2016-06-24T10:45:00+05:30,1835.100000,1843.800000,1835.050000,1837.100000,281
2016-06-24T11:00:00+05:30,1837.100000,1842.300000,1835.050000,1839.400000,168
2016-06-24T11:15:00+05:30,1839.400000,1845.000000,1839.400000,1844.700000,182
2016-06-24T11:30:00+05:30,1844.700000,1845.000000,1839.400000,1841.000000,177
2016-06-24T11:45:00+05:30,1841.000000,1842.000000,1838.950000,1838.950000,274
2016-06-24T12:00:00+05:30,1838.950000,1842.500000,1837.100000,1840.000000,161
2016-06-24T12:15:00+05:30,1840.000000,1840.000000,1834.000000,1835.550000,1155
2016-06-24T12:30:00+05:30,1835.550000,1841.000000,1834.000000,1840.000000,244
2016-06-24T12:45:00+05:30,1840.000000,1849.900000,1836.950000,1847.000000,1716
2016-06-24T13:00:00+05:30,1847.000000,1847.000000,1841.700000,1843.700000,29
2016-06-24T13:15:00+05:30,1846.900000,1846.950000,1843.650000,1843.650000,134
2016-06-24T13:30:00+05:30,1844.300000,1846.950000,1840.000000,1843.650000,136
2016-06-24T13:45:00+05:30,1843.650000,1847.000000,1842.000000,1847.000000,977
2016-06-24T14:00:00+05:30,1847.000000,1852.000000,1847.000000,1849.900000,519
2016-06-24T14:15:00+05:30,1849.900000,1850.000000,1844.000000,1849.950000,684
2016-06-24T14:30:00+05:30,1849.950000,1849.950000,1844.000000,1849.450000,101
2016-06-24T14:45:00+05:30,1849.450000,1852.750000,1848.000000,1848.000000,1597
2016-06-24T15:00:00+05:30,1848.000000,1851.000000,1847.000000,1848.850000,1193
2016-06-24T15:15:00+05:30,1848.850000,1855.000000,1846.000000,1846.000000,3145
2016-06-27T09:15:00+05:30,1858.000000,1858.000000,1849.000000,1855.000000,134
2016-06-27T09:30:00+05:30,1855.000000,1855.000000,1852.100000,1854.750000,73
2016-06-27T09:45:00+05:30,1854.750000,1854.750000,1851.000000,1851.100000,187
2016-06-27T10:00:00+05:30,1851.100000,1855.950000,1851.100000,1853.450000,27
2016-06-27T10:15:00+05:30,1853.450000,1853.450000,1850.300000,1852.400000,159
2016-06-27T10:30:00+05:30,1852.400000,1859.900000,1852.050000,1856.050000,61
2016-06-27T10:45:00+05:30,1856.050000,1856.950000,1854.600000,1856.950000,19
2016-06-27T11:00:00+05:30,1856.950000,1859.000000,1852.900000,1855.100000,94
2016-06-27T11:15:00+05:30,1855.100000,1876.750000,1855.100000,1863.500000,589
2016-06-27T11:30:00+05:30,1863.500000,1864.850000,1855.050000,1861.000000,145
2016-06-27T11:45:00+05:30,1861.000000,1869.950000,1861.000000,1868.000000,96
2016-06-27T12:00:00+05:30,1868.000000,1868.900000,1867.000000,1867.000000,129
2016-06-27T12:15:00+05:30,1866.000000,1868.900000,1866.000000,1868.900000,4
2016-06-27T12:30:00+05:30,1868.900000,1869.900000,1865.050000,1867.750000,90
2016-06-27T12:45:00+05:30,1867.750000,1873.800000,1866.500000,1873.750000,68
2016-06-27T13:00:00+05:30,1873.850000,1873.850000,1871.750000,1871.950000,67
2016-06-27T13:15:00+05:30,1871.950000,1871.950000,1867.000000,1868.450000,70
2016-06-27T13:30:00+05:30,1868.450000,1868.800000,1865.000000,1866.500000,297
2016-06-27T13:45:00+05:30,1866.500000,1868.800000,1862.400000,1865.950000,424
2016-06-27T14:00:00+05:30,1866.350000,1867.350000,1855.500000,1861.450000,76
2016-06-27T14:15:00+05:30,1861.450000,1870.500000,1860.750000,1870.500000,637
2016-06-27T14:30:00+05:30,1870.000000,1875.000000,1860.850000,1867.350000,844
2016-06-27T14:45:00+05:30,1867.550000,1873.950000,1860.000000,1870.000000,1095
2016-06-27T15:00:00+05:30,1870.000000,1875.000000,1858.500000,1865.050000,1118
2016-06-27T15:15:00+05:30,1865.050000,1874.000000,1862.000000,1868.000000,2014
2016-06-28T09:15:00+05:30,1870.000000,1876.600000,1870.000000,1871.100000,143
2016-06-28T09:30:00+05:30,1871.100000,1874.400000,1871.100000,1871.500000,737
2016-06-28T09:45:00+05:30,1871.500000,1872.700000,1867.000000,1870.000000,479
2016-06-28T10:00:00+05:30,1870.000000,1870.000000,1866.000000,1868.900000,190
2016-06-28T10:15:00+05:30,1868.900000,1868.900000,1863.000000,1863.000000,218
2016-06-28T10:30:00+05:30,1863.000000,1867.000000,1863.000000,1865.000000,318
2016-06-28T10:45:00+05:30,1865.000000,1867.000000,1864.000000,1864.100000,135
2016-06-28T11:00:00+05:30,1866.000000,1868.050000,1864.350000,1865.300000,175
2016-06-28T11:15:00+05:30,1865.300000,1866.850000,1864.100000,1865.000000,26
2016-06-28T11:30:00+05:30,1865.000000,1865.000000,1863.000000,1864.250000,54
2016-06-28T11:45:00+05:30,1864.250000,1865.000000,1863.100000,1863.100000,72
2016-06-28T12:00:00+05:30,1863.100000,1865.000000,1863.100000,1865.000000,56
2016-06-28T12:15:00+05:30,1865.000000,1865.000000,1863.000000,1864.950000,88
2016-06-28T12:30:00+05:30,1864.950000,1864.950000,1860.000000,1864.950000,345
2016-06-28T12:45:00+05:30,1864.950000,1864.950000,1863.300000,1863.300000,122
2016-06-28T13:00:00+05:30,1863.300000,1864.950000,1861.550000,1861.700000,127
2016-06-28T13:15:00+05:30,1861.700000,1865.000000,1861.700000,1865.000000,243
2016-06-28T13:30:00+05:30,1865.000000,1868.800000,1865.000000,1865.000000,365
2016-06-28T13:45:00+05:30,1865.000000,1866.800000,1864.050000,1865.000000,150
2016-06-28T14:00:00+05:30,1865.000000,1865.000000,1860.000000,1864.800000,180
2016-06-28T14:15:00+05:30,1864.800000,1865.000000,1860.150000,1865.000000,136
2016-06-28T14:30:00+05:30,1865.000000,1869.000000,1865.000000,1866.150000,464
2016-06-28T14:45:00+05:30,1866.150000,1870.300000,1861.600000,1867.000000,220
2016-06-28T15:00:00+05:30,1867.000000,1869.950000,1861.400000,1869.950000,585
2016-06-28T15:15:00+05:30,1869.950000,1870.000000,1861.300000,1868.000000,2270
2016-06-29T09:15:00+05:30,1870.050000,1875.000000,1867.300000,1867.300000,162
2016-06-29T09:30:00+05:30,1867.300000,1889.000000,1866.550000,1875.400000,234
2016-06-29T09:45:00+05:30,1875.400000,1878.050000,1872.100000,1878.050000,74
2016-06-29T10:00:00+05:30,1878.000000,1880.050000,1878.000000,1880.000000,346
2016-06-29T10:15:00+05:30,1880.000000,1890.000000,1880.000000,1880.100000,240
2016-06-29T10:30:00+05:30,1880.100000,1887.800000,1880.000000,1881.000000,137
2016-06-29T10:45:00+05:30,1881.000000,1883.950000,1880.000000,1880.000000,273
2016-06-29T11:00:00+05:30,1880.000000,1880.000000,1878.100000,1878.100000,5
2016-06-29T11:15:00+05:30,1878.100000,1878.100000,1873.500000,1873.500000,48
2016-06-29T11:30:00+05:30,1873.500000,1875.000000,1870.000000,1870.000000,107
2016-06-29T11:45:00+05:30,1870.000000,1870.300000,1868.600000,1870.000000,58
2016-06-29T12:00:00+05:30,1870.000000,1870.700000,1866.550000,1870.700000,188
2016-06-29T12:15:00+05:30,1870.700000,1880.000000,1868.050000,1880.000000,404
2016-06-29T12:30:00+05:30,1880.000000,1880.000000,1871.000000,1873.850000,103
2016-06-29T12:45:00+05:30,1873.850000,1880.000000,1872.000000,1876.900000,325
2016-06-29T13:00:00+05:30,1876.900000,1876.900000,1871.000000,1871.000000,148
2016-06-29T13:15:00+05:30,1871.000000,1878.000000,1871.000000,1871.000000,264
2016-06-29T13:30:00+05:30,1871.000000,1876.000000,1869.250000,1869.250000,1210
2016-06-29T13:45:00+05:30,1869.250000,1878.950000,1866.000000,1871.000000,710
2016-06-29T14:00:00+05:30,1871.000000,1878.000000,1866.000000,1870.500000,227
2016-06-29T14:15:00+05:30,1870.500000,1874.000000,1870.500000,1874.000000,31
2016-06-29T14:30:00+05:30,1874.000000,1874.900000,1870.000000,1870.450000,215
2016-06-29T14:45:00+05:30,1870.450000,1879.850000,1870.150000,1872.750000,606
2016-06-29T15:00:00+05:30,1872.750000,1878.950000,1870.750000,1878.900000,1043
2016-06-29T15:15:00+05:30,1878.900000,1878.900000,1866.500000,1874.000000,2114
2016-06-30T09:15:00+05:30,1874.900000,1874.900000,1870.000000,1871.050000,94
2016-06-30T09:30:00+05:30,1871.000000,1875.050000,1871.000000,1875.000000,146
2016-06-30T09:45:00+05:30,1875.000000,1878.000000,1870.000000,1878.000000,291
2016-06-30T10:00:00+05:30,1878.000000,1882.000000,1878.000000,1880.000000,107
2016-06-30T10:15:00+05:30,1880.000000,1887.000000,1879.950000,1883.750000,223
2016-06-30T10:30:00+05:30,1883.750000,1884.050000,1880.000000,1880.050000,15
2016-06-30T10:45:00+05:30,1880.050000,1880.100000,1880.050000,1880.100000,59
2016-06-30T11:00:00+05:30,1880.100000,1885.000000,1880.100000,1885.000000,136
2016-06-30T11:15:00+05:30,1885.000000,1885.000000,1883.050000,1884.950000,91
2016-06-30T11:30:00+05:30,1884.950000,1884.950000,1880.000000,1881.250000,297
2016-06-30T11:45:00+05:30,1881.250000,1885.000000,1872.700000,1885.000000,180
2016-06-30T12:00:00+05:30,1885.000000,1885.850000,1880.000000,1880.000000,103
2016-06-30T12:15:00+05:30,1880.000000,1889.000000,1880.000000,1887.000000,285
2016-06-30T12:30:00+05:30,1887.000000,1887.000000,1880.150000,1880.250000,207
2016-06-30T12:45:00+05:30,1880.250000,1887.000000,1880.250000,1884.050000,238
2016-06-30T13:00:00+05:30,1884.050000,1886.850000,1882.100000,1886.550000,119
2016-06-30T13:15:00+05:30,1884.950000,1885.000000,1880.950000,1883.250000,195
2016-06-30T13:30:00+05:30,1883.250000,1886.750000,1881.650000,1886.750000,76
2016-06-30T13:45:00+05:30,1886.750000,1886.750000,1881.000000,1885.000000,76
2016-06-30T14:00:00+05:30,1885.000000,1885.000000,1881.000000,1881.000000,182
2016-06-30T14:15:00+05:30,1881.000000,1884.900000,1880.050000,1880.050000,176
2016-06-30T14:30:00+05:30,1880.050000,1882.800000,1880.000000,1880.000000,68
2016-06-30T14:45:00+05:30,1884.800000,1884.800000,1880.000000,1880.000000,80
2016-06-30T15:00:00+05:30,1880.000000,1888.800000,1871.050000,1883.000000,881
2016-06-30T15:15:00+05:30,1886.100000,1911.000000,1885.100000,1895.000000,5255
2016-07-01T09:15:00+05:30,1894.950000,1899.000000,1811.000000,1898.650000,1110
2016-07-01T09:30:00+05:30,1898.650000,1925.000000,1897.000000,1916.800000,2188
2016-07-01T09:45:00+05:30,1916.800000,1919.000000,1900.000000,1915.600000,732
2016-07-01T10:00:00+05:30,1915.600000,1920.000000,1907.100000,1920.000000,596
2016-07-01T10:15:00+05:30,1920.000000,1921.000000,1912.150000,1920.350000,504
2016-07-01T10:30:00+05:30,1920.350000,1925.000000,1917.100000,1920.000000,1632
2016-07-01T10:45:00+05:30,1920.000000,1924.500000,1915.050000,1915.100000,533
2016-07-01T11:00:00+05:30,1915.100000,1917.050000,1905.000000,1905.000000,342
2016-07-01T11:15:00+05:30,1906.600000,1914.900000,1906.000000,1914.900000,109
2016-07-01T11:30:00+05:30,1914.900000,1915.000000,1908.000000,1915.000000,312
2016-07-01T11:45:00+05:30,1915.000000,1916.000000,1913.150000,1916.000000,52
2016-07-01T12:00:00+05:30,1917.850000,1919.450000,1913.150000,1918.550000,540
2016-07-01T12:15:00+05:30,1918.550000,1919.450000,1914.000000,1919.450000,110
2016-07-01T12:30:00+05:30,1919.450000,1920.000000,1915.050000,1919.850000,827
2016-07-01T12:45:00+05:30,1919.850000,1920.000000,1914.300000,1915.150000,259
2016-07-01T13:00:00+05:30,1915.150000,1920.000000,1914.300000,1917.950000,417
2016-07-01T13:15:00+05:30,1917.950000,1919.450000,1908.050000,1908.050000,603
2016-07-01T13:30:00+05:30,1908.050000,1917.250000,1907.150000,1911.300000,424
2016-07-01T13:45:00+05:30,1911.300000,1914.950000,1906.000000,1908.700000,496
2016-07-01T14:00:00+05:30,1908.700000,1913.350000,1905.100000,1906.100000,314
2016-07-01T14:15:00+05:30,1907.900000,1919.450000,1906.100000,1910.000000,642
2016-07-01T14:30:00+05:30,1910.000000,1912.800000,1901.000000,1901.300000,629
2016-07-01T14:45:00+05:30,1902.350000,1909.550000,1901.300000,1904.850000,1627
2016-07-01T15:00:00+05:30,1904.850000,1906.000000,1895.000000,1899.000000,2314
2016-07-01T15:15:00+05:30,1899.000000,1920.000000,1895.000000,1920.000000,5170
2016-07-04T09:15:00+05:30,1905.000000,1923.950000,1905.000000,1912.300000,386
2016-07-04T09:30:00+05:30,1912.300000,1920.000000,1912.300000,1918.100000,373
2016-07-04T09:45:00+05:30,1918.100000,1920.000000,1911.000000,1912.000000,284
2016-07-04T10:00:00+05:30,1912.000000,1918.950000,1912.000000,1916.050000,59
2016-07-04T10:15:00+05:30,1916.050000,1916.400000,1911.000000,1911.000000,118
2016-07-04T10:30:00+05:30,1911.000000,1918.650000,1911.000000,1918.650000,39
2016-07-04T10:45:00+05:30,1918.650000,1919.850000,1911.100000,1914.550000,180
2016-07-04T11:00:00+05:30,1914.550000,1918.950000,1911.500000,1911.500000,179
2016-07-04T11:15:00+05:30,1911.500000,1920.000000,1911.500000,1915.950000,235
2016-07-04T11:30:00+05:30,1915.950000,1917.850000,1915.950000,1916.000000,141
2016-07-04T11:45:00+05:30,1916.000000,1916.000000,1916.000000,1916.000000,70
2016-07-04T12:00:00+05:30,1916.000000,1926.000000,1916.000000,1920.000000,1183
2016-07-04T12:15:00+05:30,1920.000000,1924.700000,1915.000000,1915.300000,489
2016-07-04T12:30:00+05:30,1915.300000,1919.900000,1915.300000,1919.900000,191
2016-07-04T12:45:00+05:30,1919.900000,1919.900000,1915.000000,1915.000000,245
2016-07-04T13:00:00+05:30,1915.000000,1921.900000,1915.000000,1921.050000,297
2016-07-04T13:15:00+05:30,1921.050000,1925.000000,1915.150000,1925.000000,1394
2016-07-04T13:30:00+05:30,1925.000000,1928.700000,1925.000000,1925.350000,679
2016-07-04T13:45:00+05:30,1925.350000,1925.350000,1915.550000,1925.000000,759
2016-07-04T14:00:00+05:30,1925.000000,1926.450000,1925.000000,1926.000000,64
2016-07-04T14:15:00+05:30,1926.000000,1926.000000,1925.000000,1925.000000,361
2016-07-04T14:30:00+05:30,1925.000000,1926.850000,1925.000000,1926.500000,277
2016-07-04T14:45:00+05:30,1926.500000,1926.950000,1924.000000,1926.900000,279
2016-07-04T15:00:00+05:30,1926.900000,1957.600000,1925.000000,1930.000000,5461
2016-07-04T15:15:00+05:30,1930.000000,1942.000000,1927.000000,1942.000000,2209
2016-07-05T09:15:00+05:30,1938.000000,1947.950000,1938.000000,1942.100000,466
2016-07-05T09:30:00+05:30,1942.100000,1942.100000,1925.000000,1930.100000,636
2016-07-05T09:45:00+05:30,1930.200000,1934.000000,1929.950000,1931.050000,86
2016-07-05T10:00:00+05:30,1931.050000,1933.000000,1930.000000,1930.000000,156
2016-07-05T10:15:00+05:30,1931.950000,1935.000000,1931.950000,1935.000000,216
2016-07-05T10:30:00+05:30,1935.000000,1938.000000,1929.900000,1929.900000,157
2016-07-05T10:45:00+05:30,1929.900000,1934.900000,1928.100000,1928.100000,160
2016-07-05T11:00:00+05:30,1928.100000,1931.900000,1926.100000,1931.900000,204
2016-07-05T11:15:00+05:30,1931.900000,1935.000000,1928.000000,1928.000000,279
2016-07-05T11:30:00+05:30,1928.000000,1930.000000,1927.500000,1929.950000,153
2016-07-05T11:45:00+05:30,1929.950000,1932.000000,1929.950000,1930.050000,121
2016-07-05T12:00:00+05:30,1930.050000,1930.050000,1926.050000,1926.050000,225
2016-07-05T12:15:00+05:30,1925.050000,1929.950000,1925.000000,1927.250000,355
2016-07-05T12:30:00+05:30,1927.250000,1930.000000,1925.000000,1926.150000,318
2016-07-05T12:45:00+05:30,1926.150000,1938.300000,1926.150000,1938.300000,1253
2016-07-05T13:00:00+05:30,1938.300000,1938.300000,1935.200000,1937.600000,55
2016-07-05T13:15:00+05:30,1937.600000,1937.600000,1933.350000,1935.000000,226
2016-07-05T13:30:00+05:30,1935.000000,1935.000000,1930.000000,1931.700000,456
2016-07-05T13:45:00+05:30,1931.700000,1933.950000,1930.000000,1930.000000,429
2016-07-05T14:00:00+05:30,1930.000000,1933.000000,1930.000000,1930.000000,970
2016-07-05T14:15:00+05:30,1930.100000,1933.300000,1930.000000,1930.000000,1577
2016-07-05T14:30:00+05:30,1930.000000,1933.300000,1930.000000,1932.000000,114
2016-07-05T14:45:00+05:30,1932.000000,1934.800000,1930.000000,1930.050000,447
2016-07-05T15:00:00+05:30,1930.050000,1934.800000,1930.050000,1934.750000,477
2016-07-05T15:15:00+05:30,1934.750000,1940.000000,1930.000000,1937.000000,2059
2016-07-07T09:15:00+05:30,1930.000000,1949.750000,1911.050000,1936.000000,72
2016-07-07T09:30:00+05:30,1936.000000,1943.000000,1936.000000,1940.150000,644
2016-07-07T09:45:00+05:30,1940.150000,1945.900000,1937.000000,1939.550000,319
2016-07-07T10:00:00+05:30,1939.550000,1940.550000,1938.000000,1938.000000,75
2016-07-07T10:15:00+05:30,1938.000000,1938.000000,1936.000000,1937.850000,181
2016-07-07T10:30:00+05:30,1937.850000,1943.000000,1936.000000,1942.500000,229
2016-07-07T10:45:00+05:30,1942.500000,1944.450000,1942.100000,1942.150000,237
2016-07-07T11:00:00+05:30,1942.150000,1944.400000,1942.000000,1943.500000,206
2016-07-07T11:15:00+05:30,1943.500000,1943.900000,1942.100000,1943.900000,381
2016-07-07T11:30:00+05:30,1943.900000,1945.000000,1943.100000,1943.100000,134
2016-07-07T11:45:00+05:30,1943.100000,1946.900000,1943.100000,1944.050000,162
2016-07-07T12:00:00+05:30,1944.050000,1945.000000,1943.500000,1943.500000,204
2016-07-07T12:15:00+05:30,1943.500000,1948.000000,1943.500000,1944.000000,288
2016-07-07T12:30:00+05:30,1944.000000,1946.900000,1944.000000,1946.850000,102
2016-07-07T12:45:00+05:30,1946.850000,1947.950000,1942.000000,1947.950000,781
2016-07-07T13:00:00+05:30,1947.950000,1948.000000,1945.850000,1947.950000,56
2016-07-07T13:15:00+05:30,1947.950000,1947.950000,1945.650000,1946.950000,157
2016-07-07T13:30:00+05:30,1946.950000,1947.000000,1943.100000,1943.100000,204
2016-07-07T13:45:00+05:30,1943.100000,1948.000000,1943.100000,1945.100000,134
2016-07-07T14:00:00+05:30,1945.100000,1948.000000,1945.100000,1947.550000,28
2016-07-07T14:15:00+05:30,1947.550000,1948.000000,1945.000000,1946.000000,252
2016-07-07T14:30:00+05:30,1946.000000,1948.000000,1946.000000,1948.000000,243
2016-07-07T14:45:00+05:30,1948.000000,1950.000000,1946.000000,1946.500000,578
2016-07-07T15:00:00+05:30,1946.500000,1954.500000,1946.100000,1952.000000,828
2016-07-07T15:15:00+05:30,1952.000000,1960.000000,1946.100000,1960.000000,2496
2016-07-08T09:15:00+05:30,1945.200000,1954.750000,1940.000000,1948.400000,911
2016-07-08T09:30:00+05:30,1948.400000,1950.200000,1941.500000,1945.000000,300
2016-07-08T09:45:00+05:30,1945.000000,1953.950000,1942.100000,1946.450000,252
2016-07-08T10:00:00+05:30,1946.450000,1949.950000,1945.100000,1945.100000,158
2016-07-08T10:15:00+05:30,1945.100000,1945.100000,1943.100000,1944.950000,205
2016-07-08T10:30:00+05:30,1944.950000,1945.000000,1943.500000,1945.000000,15
2016-07-08T10:45:00+05:30,1943.550000,1944.000000,1943.250000,1943.250000,75
2016-07-08T11:00:00+05:30,1943.250000,1944.000000,1943.250000,1944.000000,55
2016-07-08T11:15:00+05:30,1944.000000,1948.950000,1943.600000,1948.450000,58
2016-07-08T11:30:00+05:30,1948.450000,1948.450000,1940.000000,1940.000000,538
2016-07-08T11:45:00+05:30,1940.000000,1946.800000,1940.000000,1944.700000,62
2016-07-08T12:00:00+05:30,1944.700000,1944.700000,1942.150000,1942.150000,11
2016-07-08T12:15:00+05:30,1942.200000,1942.500000,1942.150000,1942.500000,38
2016-07-08T12:30:00+05:30,1942.500000,1944.700000,1942.500000,1944.700000,51
2016-07-08T12:45:00+05:30,1944.000000,1944.700000,1942.300000,1942.350000,91
2016-07-08T13:00:00+05:30,1942.350000,1942.500000,1940.250000,1941.300000,416
2016-07-08T13:15:00+05:30,1941.300000,1942.400000,1941.050000,1942.400000,53
2016-07-08T13:30:00+05:30,1942.400000,1946.750000,1942.000000,1943.100000,83
2016-07-08T13:45:00+05:30,1943.100000,1949.500000,1943.100000,1945.750000,214
2016-07-08T14:00:00+05:30,1945.750000,1949.500000,1945.750000,1948.000000,316
2016-07-08T14:15:00+05:30,1948.000000,1948.000000,1940.000000,1940.000000,771
2016-07-08T14:30:00+05:30,1940.000000,1940.800000,1931.200000,1931.200000,474
2016-07-08T14:45:00+05:30,1931.200000,1932.950000,1925.000000,1927.850000,3689
2016-07-08T15:00:00+05:30,1927.850000,1934.900000,1924.950000,1933.650000,7743
2016-07-08T15:15:00+05:30,1933.650000,1934.000000,1925.000000,1933.950000,1200
2016-07-11T09:15:00+05:30,1926.150000,1942.800000,1926.150000,1935.100000,341
2016-07-11T09:30:00+05:30,1935.100000,1943.050000,1935.100000,1943.050000,141
2016-07-11T09:45:00+05:30,1943.050000,1945.950000,1941.100000,1943.000000,121
2016-07-11T10:00:00+05:30,1943.000000,1945.750000,1942.000000,1943.550000,174
2016-07-11T10:15:00+05:30,1943.500000,1943.500000,1932.000000,1932.000000,125
2016-07-11T10:30:00+05:30,1932.000000,1938.750000,1930.000000,1938.750000,65
2016-07-11T10:45:00+05:30,1938.750000,1938.750000,1937.000000,1937.150000,65
2016-07-11T11:00:00+05:30,1937.150000,1939.000000,1936.200000,1939.000000,112
2016-07-11T11:15:00+05:30,1939.000000,1939.000000,1937.000000,1937.100000,143
2016-07-11T11:30:00+05:30,1937.100000,1938.700000,1935.050000,1935.050000,117
2016-07-11T11:45:00+05:30,1935.050000,1935.050000,1934.000000,1934.000000,18
2016-07-11T12:00:00+05:30,1934.000000,1938.000000,1934.000000,1934.000000,32
2016-07-11T12:15:00+05:30,1934.000000,1935.050000,1934.000000,1935.000000,30
2016-07-11T12:30:00+05:30,1935.000000,1936.000000,1935.000000,1936.000000,20
2016-07-11T12:45:00+05:30,1936.000000,1936.000000,1936.000000,1936.000000,32
2016-07-11T13:00:00+05:30,1935.000000,1939.000000,1935.000000,1935.050000,156
2016-07-11T13:15:00+05:30,1935.050000,1940.000000,1935.050000,1937.100000,212
2016-07-11T13:30:00+05:30,1937.100000,1940.000000,1937.100000,1940.000000,129
2016-07-11T13:45:00+05:30,1940.000000,1942.600000,1937.100000,1937.100000,498
2016-07-11T14:00:00+05:30,1940.850000,1940.850000,1935.000000,1935.950000,43
2016-07-11T14:15:00+05:30,1935.950000,1940.900000,1928.150000,1935.700000,285
2016-07-11T14:30:00+05:30,1935.700000,1936.050000,1935.700000,1936.050000,223
2016-07-11T14:45:00+05:30,1936.050000,1940.000000,1936.050000,1940.000000,749
2016-07-11T15:00:00+05:30,1940.000000,1941.950000,1939.000000,1939.000000,1207
2016-07-11T15:15:00+05:30,1939.000000,1940.000000,1935.700000,1935.700000,2289
2016-07-12T09:15:00+05:30,1938.750000,1946.300000,1928.050000,1941.800000,219
2016-07-12T09:30:00+05:30,1942.000000,1943.500000,1933.000000,1933.050000,93
2016-07-12T09:45:00+05:30,1933.050000,1936.000000,1933.050000,1935.150000,160
2016-07-12T10:00:00+05:30,1935.150000,1943.000000,1935.150000,1940.000000,253
2016-07-12T10:15:00+05:30,1939.900000,1940.000000,1938.000000,1940.000000,86
2016-07-12T10:30:00+05:30,1940.000000,1943.000000,1938.050000,1942.550000,34
2016-07-12T10:45:00+05:30,1942.550000,1942.800000,1940.000000,1940.000000,53
2016-07-12T11:00:00+05:30,1940.000000,1944.000000,1938.000000,1943.600000,83
2016-07-12T11:15:00+05:30,1943.600000,1945.000000,1943.600000,1945.000000,205
2016-07-12T11:30:00+05:30,1945.000000,1949.000000,1940.000000,1940.000000,359
2016-07-12T11:45:00+05:30,1940.000000,1948.400000,1940.000000,1948.000000,50
2016-07-12T12:00:00+05:30,1948.000000,1948.000000,1940.000000,1943.750000,1494
2016-07-12T12:15:00+05:30,1943.750000,1943.750000,1937.600000,1943.000000,98
2016-07-12T12:30:00+05:30,1943.000000,1943.000000,1940.000000,1942.950000,89
2016-07-12T12:45:00+05:30,1942.950000,1942.950000,1940.000000,1940.000000,886
2016-07-12T13:00:00+05:30,1942.950000,1944.900000,1940.000000,1940.000000,114
2016-07-12T13:15:00+05:30,1942.000000,1944.950000,1939.000000,1940.000000,1053
2016-07-12T13:30:00+05:30,1940.000000,1944.600000,1940.000000,1944.600000,151
2016-07-12T13:45:00+05:30,1944.600000,1944.950000,1940.150000,1940.150000,327
2016-07-12T14:00:00+05:30,1940.150000,1943.950000,1940.000000,1943.850000,101
2016-07-12T14:15:00+05:30,1943.850000,1943.850000,1940.100000,1940.150000,80
2016-07-12T14:30:00+05:30,1940.150000,1943.850000,1940.150000,1943.500000,160
2016-07-12T14:45:00+05:30,1943.500000,1943.800000,1940.350000,1940.350000,143
2016-07-12T15:00:00+05:30,1940.350000,1945.000000,1938.000000,1944.950000,1422
2016-07-12T15:15:00+05:30,1944.950000,1950.000000,1942.300000,1948.000000,2105
2016-07-13T09:15:00+05:30,1940.000000,1949.950000,1931.650000,1948.950000,168
2016-07-13T09:30:00+05:30,1948.950000,1949.500000,1941.050000,1945.800000,93
2016-07-13T09:45:00+05:30,1945.800000,1948.000000,1941.200000,1941.350000,72
2016-07-13T10:00:00+05:30,1941.350000,1944.550000,1941.000000,1943.950000,75
2016-07-13T10:15:00+05:30,1943.950000,1944.000000,1940.050000,1940.150000,159
2016-07-13T10:30:00+05:30,1940.150000,1945.950000,1940.150000,1943.000000,43
2016-07-13T10:45:00+05:30,1943.000000,1945.000000,1940.150000,1940.150000,71
2016-07-13T11:00:00+05:30,1940.150000,1943.500000,1940.150000,1940.200000,144
2016-07-13T11:15:00+05:30,1941.950000,1941.950000,1940.050000,1940.050000,38
2016-07-13T11:30:00+05:30,1940.050000,1941.800000,1940.000000,1941.800000,49
2016-07-13T11:45:00+05:30,1941.800000,1941.850000,1937.950000,1940.000000,259
2016-07-13T12:00:00+05:30,1940.000000,1945.000000,1940.000000,1944.950000,480
2016-07-13T12:15:00+05:30,1944.950000,1945.000000,1944.450000,1945.000000,9
2016-07-13T12:30:00+05:30,1945.000000,1947.000000,1945.000000,1946.950000,29
2016-07-13T12:45:00+05:30,1946.950000,1947.000000,1945.050000,1947.000000,77
2016-07-13T13:00:00+05:30,1947.000000,1947.000000,1945.000000,1947.000000,51
2016-07-13T13:15:00+05:30,1947.000000,1947.000000,1944.800000,1944.800000,69
2016-07-13T13:30:00+05:30,1944.800000,1946.450000,1940.000000,1946.300000,315
2016-07-13T13:45:00+05:30,1946.300000,1946.300000,1940.550000,1940.550000,46
2016-07-13T14:00:00+05:30,1940.550000,1945.850000,1940.500000,1944.950000,116
2016-07-13T14:15:00+05:30,1944.950000,1945.850000,1940.650000,1944.050000,113
2016-07-13T14:30:00+05:30,1944.050000,1945.750000,1944.000000,1944.000000,117
2016-07-13T14:45:00+05:30,1944.000000,1946.850000,1940.900000,1943.850000,124
2016-07-13T15:00:00+05:30,1943.850000,1944.850000,1939.950000,1941.250000,1347
2016-07-13T15:15:00+05:30,1941.300000,1948.000000,1935.000000,1948.000000,3840
2016-07-14T09:15:00+05:30,1940.000000,1940.000000,1938.000000,1940.000000,101
2016-07-14T09:30:00+05:30,1938.050000,1938.050000,1930.000000,1930.050000,183
2016-07-14T09:45:00+05:30,1930.050000,1941.000000,1930.050000,1941.000000,147
2016-07-14T10:00:00+05:30,1941.000000,1944.000000,1941.000000,1943.950000,26
2016-07-14T10:15:00+05:30,1943.950000,1944.500000,1942.000000,1944.500000,139
2016-07-14T10:30:00+05:30,1944.500000,1944.500000,1940.000000,1940.100000,45
2016-07-14T10:45:00+05:30,1940.100000,1940.100000,1940.000000,1940.000000,41
2016-07-14T11:00:00+05:30,1940.000000,1942.000000,1940.000000,1940.000000,13069
2016-07-14T11:15:00+05:30,1940.000000,1941.950000,1940.000000,1941.950000,25
2016-07-14T11:30:00+05:30,1941.950000,1941.950000,1932.100000,1938.150000,50
2016-07-14T11:45:00+05:30,1938.150000,1940.000000,1937.550000,1940.000000,93
2016-07-14T12:00:00+05:30,1940.000000,1940.050000,1940.000000,1940.000000,4
2016-07-14T12:15:00+05:30,1940.000000,1941.850000,1940.000000,1940.000000,28
2016-07-14T12:30:00+05:30,1940.000000,1941.950000,1939.950000,1941.700000,155
2016-07-14T12:45:00+05:30,1941.700000,1941.700000,1940.000000,1940.000000,387
2016-07-14T13:00:00+05:30,1940.000000,1941.000000,1940.000000,1941.000000,29
2016-07-14T13:15:00+05:30,1941.000000,1941.700000,1940.000000,1941.700000,200
2016-07-14T13:30:00+05:30,1941.700000,1941.700000,1940.000000,1940.000000,5
2016-07-14T13:45:00+05:30,1940.000000,1940.050000,1940.000000,1940.050000,133
2016-07-14T14:00:00+05:30,1940.050000,1941.000000,1940.000000,1941.000000,10542
2016-07-14T14:15:00+05:30,1941.000000,1943.950000,1940.000000,1940.050000,13826
2016-07-14T14:30:00+05:30,1942.900000,1944.000000,1941.000000,1941.250000,205
2016-07-14T14:45:00+05:30,1941.250000,1945.000000,1940.000000,1943.400000,2202
2016-07-14T15:00:00+05:30,1943.400000,1943.400000,1940.000000,1942.950000,7059
2016-07-14T15:15:00+05:30,1942.950000,1946.000000,1940.000000,1946.000000,3787
2016-07-15T09:15:00+05:30,1945.000000,1945.000000,1932.150000,1936.300000,208
2016-07-15T09:30:00+05:30,1936.300000,1944.100000,1933.650000,1936.100000,69
2016-07-15T09:45:00+05:30,1936.100000,1943.550000,1936.000000,1940.050000,193
2016-07-15T10:00:00+05:30,1940.050000,1944.900000,1936.100000,1939.900000,172
2016-07-15T10:15:00+05:30,1939.900000,1941.400000,1937.000000,1937.000000,71
2016-07-15T10:30:00+05:30,1937.000000,1938.950000,1932.800000,1938.900000,184
2016-07-15T10:45:00+05:30,1938.900000,1942.000000,1937.200000,1942.000000,138
2016-07-15T11:00:00+05:30,1942.000000,1944.000000,1932.250000,1940.050000,362
2016-07-15T11:15:00+05:30,1942.950000,1943.850000,1940.000000,1941.600000,63
2016-07-15T11:30:00+05:30,1941.600000,1941.600000,1940.000000,1940.000000,155
2016-07-15T11:45:00+05:30,1940.000000,1943.850000,1940.000000,1943.850000,39
2016-07-15T12:00:00+05:30,1940.000000,1941.950000,1940.000000,1941.950000,250
2016-07-15T12:15:00+05:30,1940.000000,1944.900000,1940.000000,1942.400000,1132
2016-07-15T12:30:00+05:30,1942.400000,1942.400000,1940.000000,1940.000000,198
2016-07-15T12:45:00+05:30,1940.000000,1940.000000,1938.800000,1940.000000,80
2016-07-15T13:00:00+05:30,1940.000000,1940.000000,1940.000000,1940.000000,13
2016-07-15T13:15:00+05:30,1940.000000,1942.500000,1939.950000,1942.500000,36
2016-07-15T13:30:00+05:30,1942.500000,1942.850000,1940.000000,1940.000000,141
2016-07-15T13:45:00+05:30,1940.000000,1944.400000,1940.000000,1940.000000,187
2016-07-15T14:00:00+05:30,1940.000000,1944.900000,1940.000000,1944.000000,40
2016-07-15T14:15:00+05:30,1944.000000,1950.000000,1941.150000,1950.000000,574
2016-07-15T14:30:00+05:30,1950.000000,1950.000000,1943.150000,1945.000000,791
2016-07-15T14:45:00+05:30,1945.000000,1946.000000,1940.350000,1943.800000,378
2016-07-15T15:00:00+05:30,1943.800000,1946.000000,1940.900000,1941.100000,502
2016-07-15T15:15:00+05:30,1942.900000,1950.000000,1940.000000,1940.000000,1775
2016-07-18T09:15:00+05:30,1945.000000,1945.000000,1943.000000,1943.950000,106
2016-07-18T09:30:00+05:30,1943.950000,1943.950000,1935.000000,1936.850000,245
2016-07-18T09:45:00+05:30,1936.850000,1940.000000,1935.550000,1940.000000,37
2016-07-18T10:00:00+05:30,1940.000000,1940.000000,1935.150000,1935.150000,592
2016-07-18T10:15:00+05:30,1935.150000,1937.000000,1934.200000,1934.200000,576
2016-07-18T10:30:00+05:30,1934.200000,1939.750000,1934.200000,1939.550000,130
2016-07-18T10:45:00+05:30,1937.050000,1937.050000,1933.000000,1933.000000,194
2016-07-18T11:00:00+05:30,1933.000000,1938.650000,1930.000000,1934.200000,912
2016-07-18T11:15:00+05:30,1935.350000,1936.750000,1930.000000,1934.900000,350
2016-07-18T11:30:00+05:30,1934.050000,1935.900000,1934.000000,1935.900000,194
2016-07-18T11:45:00+05:30,1935.900000,1936.000000,1935.000000,1936.000000,138
2016-07-18T12:00:00+05:30,1936.000000,1937.000000,1936.000000,1937.000000,67
2016-07-18T12:15:00+05:30,1937.000000,1939.950000,1936.100000,1936.100000,56
2016-07-18T12:30:00+05:30,1936.100000,1939.950000,1936.050000,1939.950000,114
2016-07-18T12:45:00+05:30,1939.950000,1939.950000,1935.800000,1935.800000,10
2016-07-18T13:00:00+05:30,1935.800000,1939.000000,1935.800000,1935.800000,25
2016-07-18T13:15:00+05:30,1935.800000,1937.450000,1935.800000,1935.800000,133
2016-07-18T13:30:00+05:30,1935.800000,1937.000000,1935.800000,1937.000000,25
2016-07-18T13:45:00+05:30,1937.000000,1941.100000,1937.000000,1940.000000,1352
2016-07-18T14:00:00+05:30,1943.400000,1945.000000,1936.550000,1940.000000,229
2016-07-18T14:15:00+05:30,1940.000000,1948.000000,1940.000000,1948.000000,200
2016-07-18T14:30:00+05:30,1948.000000,1948.000000,1944.850000,1947.900000,141
2016-07-18T14:45:00+05:30,1947.900000,1947.900000,1940.400000,1945.800000,166
2016-07-18T15:00:00+05:30,1945.800000,1947.000000,1936.550000,1940.000000,229
2016-07-18T15:15:00+05:30,1940.000000,1947.400000,1940.000000,1945.000000,799
2016-07-19T09:15:00+05:30,1943.950000,1944.050000,1935.050000,1935.050000,81
2016-07-19T09:30:00+05:30,1935.050000,1943.900000,1935.050000,1937.000000,104
2016-07-19T09:45:00+05:30,1937.000000,1941.900000,1936.050000,1936.100000,100
2016-07-19T10:00:00+05:30,1936.100000,1940.000000,1935.100000,1940.000000,166
2016-07-19T10:15:00+05:30,1936.100000,1938.000000,1936.100000,1938.000000,86
2016-07-19T10:30:00+05:30,1938.000000,1939.600000,1935.200000,1935.200000,111
2016-07-19T10:45:00+05:30,1935.200000,1936.000000,1935.200000,1935.450000,36
2016-07-19T11:00:00+05:30,1935.550000,1943.600000,1935.500000,1943.600000,189
2016-07-19T11:15:00+05:30,1943.600000,1943.600000,1936.200000,1940.000000,551
2016-07-19T11:30:00+05:30,1940.000000,1943.550000,1940.000000,1941.000000,13
2016-07-19T11:45:00+05:30,1941.000000,1941.000000,1936.550000,1940.000000,122
2016-07-19T12:00:00+05:30,1940.000000,1943.450000,1940.000000,1943.450000,129
2016-07-19T12:15:00+05:30,1943.450000,1943.450000,1938.000000,1940.000000,480
2016-07-19T12:30:00+05:30,1943.400000,1943.400000,1943.300000,1943.300000,18
2016-07-19T12:45:00+05:30,1940.000000,1943.000000,1940.000000,1940.200000,146
2016-07-19T13:00:00+05:30,1940.200000,1942.900000,1940.200000,1942.900000,75
2016-07-19T13:15:00+05:30,1942.900000,1942.900000,1940.000000,1940.000000,102
2016-07-19T13:30:00+05:30,1940.000000,1942.750000,1940.000000,1942.750000,71
2016-07-19T13:45:00+05:30,1942.750000,1942.750000,1940.000000,1940.000000,66
2016-07-19T14:00:00+05:30,1940.000000,1942.650000,1940.000000,1942.650000,129
2016-07-19T14:15:00+05:30,1942.650000,1943.300000,1940.000000,1941.000000,140
2016-07-19T14:30:00+05:30,1941.000000,1942.600000,1940.000000,1940.050000,177
2016-07-19T14:45:00+05:30,1940.000000,1950.000000,1940.000000,1940.200000,499
2016-07-19T15:00:00+05:30,1940.200000,1950.000000,1940.200000,1949.000000,614
2016-07-19T15:15:00+05:30,1949.000000,1960.000000,1947.500000,1960.000000,1440
2016-07-20T09:30:00+05:30,1953.950000,1954.050000,1951.950000,1952.000000,42
2016-07-20T09:45:00+05:30,1952.000000,1952.000000,1943.700000,1943.700000,465
2016-07-20T10:00:00+05:30,1943.700000,1945.000000,1941.050000,1945.000000,70
2016-07-20T10:15:00+05:30,1945.000000,1949.950000,1945.000000,1949.400000,124
2016-07-20T10:30:00+05:30,1949.400000,1949.400000,1949.400000,1949.400000,0
2016-07-20T10:45:00+05:30,1949.400000,1949.400000,1945.500000,1945.500000,2
2016-07-20T11:00:00+05:30,1945.450000,1949.500000,1942.200000,1945.000000,173
2016-07-20T11:15:00+05:30,1945.000000,1946.000000,1945.000000,1945.000000,20
2016-07-20T11:30:00+05:30,1945.000000,1945.950000,1942.600000,1942.600000,29
2016-07-20T11:45:00+05:30,1942.600000,1945.000000,1940.000000,1943.050000,1077
2016-07-20T12:00:00+05:30,1943.000000,1945.000000,1940.000000,1942.600000,545
2016-07-20T12:15:00+05:30,1942.600000,1943.500000,1940.250000,1943.500000,112
2016-07-20T12:30:00+05:30,1945.000000,1945.000000,1943.000000,1945.000000,26
2016-07-20T12:45:00+05:30,1945.000000,1945.000000,1943.000000,1943.000000,23
2016-07-20T13:00:00+05:30,1943.000000,1943.000000,1941.000000,1942.950000,67
2016-07-20T13:15:00+05:30,1941.050000,1943.000000,1941.000000,1941.050000,52
2016-07-20T13:30:00+05:30,1941.050000,1944.750000,1941.000000,1944.750000,62
2016-07-20T13:45:00+05:30,1944.750000,1945.000000,1941.000000,1945.000000,83
2016-07-20T14:00:00+05:30,1945.000000,1945.000000,1942.000000,1942.000000,27
2016-07-20T14:15:00+05:30,1945.000000,1945.000000,1942.100000,1945.000000,243
2016-07-20T14:30:00+05:30,1945.000000,1945.000000,1942.050000,1945.000000,195
2016-07-20T14:45:00+05:30,1946.350000,1948.850000,1944.950000,1945.000000,291
2016-07-20T15:00:00+05:30,1945.000000,1949.850000,1942.050000,1944.950000,1135
2016-07-20T15:15:00+05:30,1944.950000,1949.450000,1941.000000,1941.000000,3032
2016-07-21T09:15:00+05:30,1955.850000,1955.850000,1945.100000,1948.250000,429
2016-07-21T09:30:00+05:30,1948.250000,1950.000000,1945.050000,1947.100000,786
2016-07-21T09:45:00+05:30,1947.100000,1950.000000,1942.700000,1950.000000,25364
2016-07-21T10:00:00+05:30,1950.000000,1954.000000,1949.200000,1949.200000,222
2016-07-21T10:15:00+05:30,1949.200000,1952.900000,1949.200000,1950.000000,169
2016-07-21T10:30:00+05:30,1950.000000,1957.100000,1950.000000,1957.100000,165
2016-07-21T10:45:00+05:30,1960.000000,1994.700000,1960.000000,1977.950000,4809
2016-07-21T11:00:00+05:30,1977.950000,1979.900000,1972.100000,1974.000000,618
2016-07-21T11:15:00+05:30,1974.000000,1977.950000,1969.000000,1969.000000,538
2016-07-21T11:30:00+05:30,1969.000000,1973.300000,1962.050000,1962.050000,378
2016-07-21T11:45:00+05:30,1962.050000,1967.000000,1957.000000,1957.000000,308
2016-07-21T12:00:00+05:30,1957.000000,1961.000000,1957.000000,1961.000000,69
2016-07-21T12:15:00+05:30,1961.000000,1966.800000,1945.050000,1951.800000,680
2016-07-21T12:30:00+05:30,1951.850000,1963.900000,1951.850000,1958.450000,401
2016-07-21T12:45:00+05:30,1958.450000,1959.900000,1950.100000,1958.150000,104
2016-07-21T13:00:00+05:30,1958.150000,1965.050000,1958.150000,1958.150000,162
2016-07-21T13:15:00+05:30,1958.150000,1961.050000,1950.100000,1954.000000,215
2016-07-21T13:30:00+05:30,1954.000000,1958.550000,1954.000000,1955.150000,140
2016-07-21T13:45:00+05:30,1955.150000,1958.900000,1954.050000,1955.000000,344
2016-07-21T14:00:00+05:30,1955.000000,1957.900000,1953.950000,1955.950000,65
2016-07-21T14:15:00+05:30,1956.000000,1960.000000,1952.650000,1955.500000,281
2016-07-21T14:30:00+05:30,1955.500000,1963.250000,1952.650000,1955.100000,741
2016-07-21T14:45:00+05:30,1955.100000,1957.800000,1952.500000,1952.500000,179
2016-07-21T15:00:00+05:30,1952.500000,1965.400000,1951.400000,1955.050000,1027
2016-07-21T15:15:00+05:30,1955.050000,1963.000000,1945.150000,1950.000000,2606
2016-07-22T09:15:00+05:30,1955.400000,1973.250000,1950.400000,1956.100000,84
2016-07-22T09:30:00+05:30,1956.100000,1958.000000,1950.000000,1950.000000,69
2016-07-22T09:45:00+05:30,1950.000000,1954.900000,1950.000000,1950.000000,36
2016-07-22T10:00:00+05:30,1950.000000,1973.000000,1950.000000,1968.000000,264
2016-07-22T10:15:00+05:30,1966.200000,1975.000000,1955.000000,1960.000000,957
2016-07-22T10:30:00+05:30,1960.000000,1960.900000,1958.600000,1958.600000,28
2016-07-22T10:45:00+05:30,1958.600000,1960.000000,1958.600000,1959.950000,13
2016-07-22T11:00:00+05:30,1959.950000,1965.000000,1955.400000,1958.000000,491
2016-07-22T11:15:00+05:30,1958.000000,1960.050000,1958.000000,1960.000000,1050
2016-07-22T11:30:00+05:30,1960.000000,1960.000000,1955.300000,1957.100000,344
2016-07-22T11:45:00+05:30,1957.100000,1960.000000,1957.000000,1957.000000,18
2016-07-22T12:00:00+05:30,1957.000000,1960.000000,1956.050000,1959.950000,791
2016-07-22T12:15:00+05:30,1960.000000,1960.000000,1956.000000,1956.750000,18
2016-07-22T12:30:00+05:30,1956.750000,1961.900000,1956.500000,1956.500000,270
2016-07-22T12:45:00+05:30,1956.500000,1958.000000,1955.050000,1955.050000,272
2016-07-22T13:00:00+05:30,1955.050000,1960.500000,1955.050000,1958.300000,71
2016-07-22T13:15:00+05:30,1955.300000,1959.200000,1955.300000,1959.000000,86
2016-07-22T13:30:00+05:30,1959.000000,1960.000000,1956.000000,1958.000000,94
2016-07-22T13:45:00+05:30,1958.000000,1958.000000,1950.600000,1957.400000,95
2016-07-22T14:00:00+05:30,1957.400000,1960.000000,1951.200000,1957.700000,171
2016-07-22T14:15:00+05:30,1957.700000,1960.000000,1956.600000,1959.050000,154
2016-07-22T14:30:00+05:30,1959.050000,1960.000000,1950.600000,1955.000000,209
2016-07-22T14:45:00+05:30,1955.000000,1955.850000,1953.400000,1955.850000,88
2016-07-22T15:00:00+05:30,1955.850000,1960.300000,1951.100000,1958.800000,550
2016-07-22T15:15:00+05:30,1958.800000,1969.800000,1945.000000,1957.000000,2675
2016-07-25T09:15:00+05:30,1969.900000,1976.000000,1959.000000,1970.000000,191
2016-07-25T09:30:00+05:30,1970.000000,1970.000000,1960.650000,1963.500000,241
2016-07-25T09:45:00+05:30,1963.500000,1963.500000,1962.000000,1962.050000,17
2016-07-25T10:00:00+05:30,1962.050000,1965.700000,1962.050000,1964.050000,63
2016-07-25T10:15:00+05:30,1964.050000,1970.000000,1962.750000,1970.000000,45
2016-07-25T10:30:00+05:30,1970.000000,1970.000000,1962.750000,1962.750000,250
2016-07-25T10:45:00+05:30,1963.000000,1964.000000,1962.050000,1962.050000,88
2016-07-25T11:00:00+05:30,1962.050000,1969.800000,1962.050000,1963.200000,25
2016-07-25T11:15:00+05:30,1963.200000,1968.000000,1963.200000,1968.000000,155
2016-07-25T11:30:00+05:30,1968.000000,1968.300000,1964.100000,1964.100000,81
2016-07-25T11:45:00+05:30,1964.100000,1964.950000,1963.200000,1964.950000,40
2016-07-25T12:00:00+05:30,1964.950000,1964.950000,1962.450000,1962.450000,21
2016-07-25T12:15:00+05:30,1962.450000,1965.000000,1960.000000,1960.000000,200
2016-07-25T12:30:00+05:30,1960.000000,1960.000000,1952.950000,1952.950000,205
2016-07-25T12:45:00+05:30,1952.950000,1959.850000,1952.500000,1956.000000,58
2016-07-25T13:00:00+05:30,1956.000000,1958.000000,1956.000000,1956.000000,90
2016-07-25T13:15:00+05:30,1956.000000,1957.950000,1956.000000,1957.000000,25
2016-07-25T13:30:00+05:30,1957.000000,1960.000000,1957.000000,1960.000000,63
2016-07-25T13:45:00+05:30,1960.000000,1970.000000,1957.300000,1969.350000,1271
2016-07-25T14:00:00+05:30,1969.350000,1970.000000,1966.400000,1969.950000,217
2016-07-25T14:15:00+05:30,1969.950000,1969.950000,1957.600000,1957.600000,161
2016-07-25T14:30:00+05:30,1959.150000,1962.450000,1955.300000,1958.000000,166
2016-07-25T14:45:00+05:30,1958.000000,1964.950000,1958.000000,1964.400000,114
2016-07-25T15:00:00+05:30,1964.400000,1970.000000,1963.750000,1967.350000,1342
2016-07-25T15:15:00+05:30,1967.350000,1978.800000,1963.600000,1964.000000,2610
2016-07-26T09:15:00+05:30,1970.000000,1970.000000,1954.300000,1963.050000,88
2016-07-26T09:30:00+05:30,1963.050000,1969.000000,1963.050000,1969.000000,110
2016-07-26T09:45:00+05:30,1969.000000,1969.000000,1964.150000,1966.000000,46
2016-07-26T10:00:00+05:30,1964.000000,1968.900000,1963.000000,1963.000000,103
2016-07-26T10:15:00+05:30,1963.000000,1969.000000,1963.000000,1965.000000,67
2016-07-26T10:30:00+05:30,1965.000000,1965.000000,1963.350000,1965.000000,54
2016-07-26T10:45:00+05:30,1965.050000,1968.000000,1965.000000,1965.000000,177
2016-07-26T11:00:00+05:30,1965.000000,1968.850000,1965.000000,1965.000000,173
2016-07-26T11:15:00+05:30,1965.000000,1965.250000,1965.000000,1965.250000,38
2016-07-26T11:30:00+05:30,1965.250000,1967.950000,1965.250000,1966.050000,151
2016-07-26T11:45:00+05:30,1966.050000,1967.900000,1965.000000,1965.000000,241
2016-07-26T12:00:00+05:30,1965.000000,1967.900000,1965.000000,1965.000000,244
2016-07-26T12:15:00+05:30,1965.000000,1967.700000,1965.000000,1965.000000,158
2016-07-26T12:30:00+05:30,1965.000000,1965.000000,1965.000000,1965.000000,440
2016-07-26T12:45:00+05:30,1964.950000,1964.950000,1964.500000,1964.500000,51
2016-07-26T13:00:00+05:30,1964.500000,1964.950000,1964.500000,1964.950000,8
2016-07-26T13:15:00+05:30,1964.950000,1967.800000,1964.500000,1964.500000,126
2016-07-26T13:30:00+05:30,1964.500000,1967.850000,1964.500000,1967.850000,19
2016-07-26T13:45:00+05:30,1967.850000,1968.900000,1965.750000,1968.750000,36
2016-07-26T14:00:00+05:30,1968.750000,1970.000000,1968.000000,1969.950000,215
2016-07-26T14:15:00+05:30,1969.950000,1969.950000,1964.000000,1966.700000,103
2016-07-26T14:30:00+05:30,1966.750000,1968.800000,1964.350000,1966.850000,86
2016-07-26T14:45:00+05:30,1966.850000,1969.000000,1964.350000,1967.950000,292
2016-07-26T15:00:00+05:30,1967.950000,1967.950000,1956.550000,1956.550000,563
2016-07-26T15:15:00+05:30,1956.550000,1960.000000,1951.000000,1960.000000,1784
2016-07-27T09:15:00+05:30,1957.950000,1957.950000,1942.500000,1950.000000,478
2016-07-27T09:30:00+05:30,1950.000000,1950.000000,1945.000000,1945.000000,190
2016-07-27T09:45:00+05:30,1949.950000,1950.000000,1944.500000,1944.550000,51
2016-07-27T10:00:00+05:30,1944.550000,1950.000000,1944.550000,1945.700000,538
2016-07-27T10:15:00+05:30,1945.700000,1949.750000,1945.700000,1947.500000,173
2016-07-27T10:30:00+05:30,1949.300000,1949.300000,1945.500000,1945.550000,292
2016-07-27T10:45:00+05:30,1945.550000,1947.000000,1945.000000,1947.000000,59044
2016-07-27T11:00:00+05:30,1947.000000,1947.550000,1945.000000,1947.550000,1207
2016-07-27T11:15:00+05:30,1947.000000,1947.000000,1931.000000,1931.050000,1744
2016-07-27T11:30:00+05:30,1931.050000,1936.300000,1925.000000,1928.850000,613
2016-07-27T11:45:00+05:30,1928.850000,1936.700000,1928.850000,1933.700000,165
2016-07-27T12:00:00+05:30,1933.700000,1937.000000,1930.900000,1936.950000,125
2016-07-27T12:15:00+05:30,1936.950000,1937.000000,1933.950000,1933.950000,24
2016-07-27T12:30:00+05:30,1933.950000,1935.000000,1933.000000,1934.900000,559
2016-07-27T12:45:00+05:30,1934.900000,1934.900000,1933.000000,1933.000000,15
2016-07-27T13:00:00+05:30,1933.000000,1934.900000,1932.550000,1932.550000,15
2016-07-27T13:15:00+05:30,1932.600000,1934.850000,1930.900000,1934.750000,55
2016-07-27T13:30:00+05:30,1934.750000,1934.900000,1931.200000,1934.900000,116
2016-07-27T13:45:00+05:30,1934.900000,1934.900000,1932.100000,1934.850000,35
2016-07-27T14:00:00+05:30,1935.050000,1940.000000,1935.050000,1936.300000,720
2016-07-27T14:15:00+05:30,1936.300000,1939.950000,1932.000000,1934.000000,2202
2016-07-27T14:30:00+05:30,1934.000000,1938.800000,1932.000000,1935.100000,198
2016-07-27T14:45:00+05:30,1935.100000,1940.000000,1935.100000,1940.000000,360
2016-07-27T15:00:00+05:30,1940.000000,1940.000000,1937.400000,1938.600000,131
2016-07-27T15:15:00+05:30,1938.600000,1947.000000,1935.850000,1947.000000,2109
2016-07-28T09:15:00+05:30,1941.050000,1946.950000,1929.950000,1937.450000,594
2016-07-28T09:30:00+05:30,1937.450000,1937.450000,1926.000000,1931.000000,306
2016-07-28T09:45:00+05:30,1931.000000,1931.450000,1920.000000,1929.950000,991
2016-07-28T10:00:00+05:30,1928.550000,1931.100000,1920.650000,1925.800000,833
2016-07-28T10:15:00+05:30,1921.050000,1925.000000,1921.000000,1925.000000,474
2016-07-28T10:30:00+05:30,1925.000000,1927.000000,1924.000000,1925.000000,225
2016-07-28T10:45:00+05:30,1925.000000,1925.000000,1924.100000,1925.000000,71
2016-07-28T11:00:00+05:30,1925.000000,1925.000000,1924.100000,1925.000000,142
2016-07-28T11:15:00+05:30,1925.000000,1925.000000,1921.500000,1925.000000,326
2016-07-28T11:30:00+05:30,1925.000000,1925.000000,1924.900000,1924.900000,82
2016-07-28T11:45:00+05:30,1924.900000,1924.950000,1924.050000,1924.900000,2326
2016-07-28T12:00:00+05:30,1924.900000,1924.900000,1922.250000,1924.000000,1673
2016-07-28T12:15:00+05:30,1924.000000,1924.000000,1923.800000,1924.000000,19
2016-07-28T12:30:00+05:30,1924.000000,1925.050000,1924.000000,1924.950000,889
2016-07-28T12:45:00+05:30,1924.950000,1926.000000,1924.000000,1924.000000,421
2016-07-28T13:00:00+05:30,1924.000000,1925.150000,1924.000000,1924.000000,2091
2016-07-28T13:15:00+05:30,1924.000000,1924.900000,1923.000000,1924.000000,2076
2016-07-28T13:30:00+05:30,1924.000000,1924.950000,1923.500000,1923.500000,315
2016-07-28T13:45:00+05:30,1923.500000,1928.100000,1923.500000,1924.000000,322
2016-07-28T14:00:00+05:30,1926.000000,1929.800000,1923.500000,1924.000000,306
2016-07-28T14:15:00+05:30,1924.000000,1925.800000,1923.500000,1924.000000,314
2016-07-28T14:30:00+05:30,1924.000000,1927.950000,1924.000000,1925.000000,1470
2016-07-28T14:45:00+05:30,1925.000000,1934.000000,1924.150000,1933.950000,2906
2016-07-28T15:00:00+05:30,1933.950000,1967.850000,1924.000000,1960.550000,5148
2016-07-28T15:15:00+05:30,1964.750000,1994.750000,1961.000000,1980.000000,5035
2016-07-29T09:15:00+05:30,1988.000000,1988.000000,1965.400000,1970.850000,212
2016-07-29T09:30:00+05:30,1970.850000,1975.000000,1970.000000,1971.000000,260
2016-07-29T09:45:00+05:30,1971.000000,1982.000000,1971.000000,1976.000000,259
2016-07-29T10:00:00+05:30,1976.000000,1985.000000,1974.450000,1975.200000,309
2016-07-29T10:15:00+05:30,1975.200000,1985.000000,1975.200000,1980.450000,271
2016-07-29T10:30:00+05:30,1980.450000,1990.000000,1977.950000,1989.000000,570
2016-07-29T10:45:00+05:30,1989.000000,1989.000000,1980.200000,1988.000000,147
2016-07-29T11:00:00+05:30,1988.000000,1988.900000,1980.000000,1983.000000,501
2016-07-29T11:15:00+05:30,1983.000000,1990.000000,1981.900000,1987.350000,104
2016-07-29T11:30:00+05:30,1987.350000,1995.000000,1983.800000,1989.000000,469
2016-07-29T11:45:00+05:30,1989.000000,1989.050000,1982.200000,1982.200000,138
2016-07-29T12:00:00+05:30,1982.200000,1984.000000,1980.000000,1980.000000,185
2016-07-29T12:15:00+05:30,1980.000000,1983.850000,1978.400000,1983.250000,182
2016-07-29T12:30:00+05:30,1983.250000,1984.000000,1975.000000,1975.000000,149
2016-07-29T12:45:00+05:30,1975.000000,1980.000000,1975.000000,1977.000000,164
2016-07-29T13:00:00+05:30,1977.000000,1980.000000,1976.000000,1978.800000,437
2016-07-29T13:15:00+05:30,1978.800000,1978.800000,1975.000000,1975.000000,39
2016-07-29T13:30:00+05:30,1975.000000,1975.000000,1971.000000,1975.000000,99
2016-07-29T13:45:00+05:30,1975.000000,1975.000000,1971.000000,1975.000000,28
2016-07-29T14:00:00+05:30,1975.000000,1975.000000,1971.000000,1974.900000,167
2016-07-29T14:15:00+05:30,1974.900000,1976.000000,1970.000000,1970.000000,271
2016-07-29T14:30:00+05:30,1970.000000,1974.000000,1961.050000,1965.050000,346
2016-07-29T14:45:00+05:30,1965.050000,1971.550000,1965.050000,1971.550000,291
2016-07-29T15:00:00+05:30,1974.000000,2014.800000,1971.550000,1996.000000,6518
2016-07-29T15:15:00+05:30,1999.000000,2015.000000,1995.150000,1996.000000,4791
2016-08-01T09:15:00+05:30,2000.000000,2029.000000,2000.000000,2028.950000,1184
2016-08-01T09:30:00+05:30,2028.950000,2029.000000,2015.100000,2020.000000,470
2016-08-01T09:45:00+05:30,2020.000000,2020.000000,2015.000000,2017.000000,710
2016-08-01T10:00:00+05:30,2017.000000,2018.000000,2015.700000,2015.700000,178
2016-08-01T10:15:00+05:30,2015.700000,2018.000000,2006.700000,2006.700000,302
2016-08-01T10:30:00+05:30,2006.700000,2011.300000,1992.950000,2003.750000,484
2016-08-01T10:45:00+05:30,2003.750000,2016.000000,2003.750000,2006.000000,184
2016-08-01T11:00:00+05:30,2006.000000,2009.000000,2002.150000,2004.400000,93
2016-08-01T11:15:00+05:30,2004.400000,2012.100000,2004.400000,2012.000000,233
2016-08-01T11:30:00+05:30,2012.000000,2012.000000,2000.500000,2003.000000,485
2016-08-01T11:45:00+05:30,2003.000000,2003.200000,1995.600000,1995.600000,308
2016-08-01T12:00:00+05:30,1995.600000,1999.000000,1979.100000,1988.000000,1130
2016-08-01T12:15:00+05:30,1988.000000,1997.950000,1986.000000,1986.050000,510
2016-08-01T12:30:00+05:30,1986.050000,1993.900000,1986.000000,1992.850000,201
2016-08-01T12:45:00+05:30,1992.850000,1992.850000,1984.000000,1985.950000,263
2016-08-01T13:00:00+05:30,1994.900000,2000.000000,1974.000000,1974.900000,979
2016-08-01T13:15:00+05:30,1974.900000,1974.900000,1969.000000,1973.000000,353
2016-08-01T13:30:00+05:30,1973.000000,1979.950000,1973.000000,1979.950000,161
2016-08-01T13:45:00+05:30,1979.950000,1980.000000,1975.000000,1979.900000,603
2016-08-01T14:00:00+05:30,1979.900000,1980.000000,1974.900000,1975.800000,817
2016-08-01T14:15:00+05:30,1975.800000,1978.000000,1969.000000,1969.550000,736
2016-08-01T14:30:00+05:30,1969.550000,1970.000000,1965.550000,1969.950000,754
2016-08-01T14:45:00+05:30,1969.950000,1970.000000,1957.050000,1957.050000,210
2016-08-01T15:00:00+05:30,1957.050000,1964.000000,1947.050000,1955.000000,2913
2016-08-01T15:15:00+05:30,1955.000000,1975.000000,1951.950000,1975.000000,3213
2016-08-02T09:15:00+05:30,1974.500000,1986.700000,1969.000000,1975.250000,237
2016-08-02T09:30:00+05:30,1975.250000,1984.900000,1970.000000,1980.000000,523
2016-08-02T09:45:00+05:30,1980.000000,1980.000000,1975.900000,1979.900000,24
2016-08-02T10:00:00+05:30,1979.900000,1984.000000,1979.900000,1980.000000,49
2016-08-02T10:15:00+05:30,1980.000000,1980.000000,1975.000000,1975.000000,268
2016-08-02T10:30:00+05:30,1975.000000,1978.200000,1975.000000,1975.000000,19
2016-08-02T10:45:00+05:30,1975.000000,1976.000000,1975.000000,1975.000000,64
2016-08-02T11:00:00+05:30,1975.000000,1980.000000,1975.000000,1979.000000,67
2016-08-02T11:15:00+05:30,1979.000000,1984.000000,1972.100000,1972.100000,181
2016-08-02T11:30:00+05:30,1970.150000,1972.900000,1970.100000,1972.100000,38
2016-08-02T11:45:00+05:30,1972.100000,1972.100000,1970.100000,1972.000000,190
2016-08-02T12:00:00+05:30,1972.000000,1983.400000,1972.000000,1980.000000,75
2016-08-02T12:15:00+05:30,1980.000000,1981.900000,1976.100000,1980.000000,173
2016-08-02T12:30:00+05:30,1978.600000,1981.900000,1970.100000,1970.100000,149
2016-08-02T12:45:00+05:30,1970.100000,1973.900000,1970.100000,1970.100000,124
2016-08-02T13:00:00+05:30,1970.100000,1976.900000,1970.100000,1974.800000,27
2016-08-02T13:15:00+05:30,1974.800000,1982.300000,1970.100000,1975.100000,93
2016-08-02T13:30:00+05:30,1975.100000,1980.150000,1975.100000,1980.150000,4
2016-08-02T13:45:00+05:30,1980.150000,1984.000000,1980.150000,1983.950000,138
2016-08-02T14:00:00+05:30,1983.950000,1984.000000,1962.100000,1965.000000,540
2016-08-02T14:15:00+05:30,1965.000000,1965.000000,1954.950000,1957.300000,467
2016-08-02T14:30:00+05:30,1960.000000,1966.950000,1960.000000,1965.100000,97
2016-08-02T14:45:00+05:30,1966.850000,1974.600000,1965.050000,1971.750000,188
2016-08-02T15:00:00+05:30,1971.750000,1975.000000,1960.050000,1965.150000,515
2016-08-02T15:15:00+05:30,1965.150000,1980.000000,1964.000000,1980.000000,1745
2016-08-03T09:15:00+05:30,1980.000000,1980.000000,1951.050000,1959.000000,294
2016-08-03T09:30:00+05:30,1959.000000,1975.000000,1959.000000,1960.450000,503
2016-08-03T09:45:00+05:30,1965.900000,1967.000000,1960.000000,1962.000000,316
2016-08-03T10:00:00+05:30,1961.750000,1962.000000,1955.700000,1955.700000,142
2016-08-03T10:15:00+05:30,1955.700000,1973.900000,1955.700000,1970.000000,108
2016-08-03T10:30:00+05:30,1969.050000,1970.000000,1960.900000,1964.850000,59
2016-08-03T10:45:00+05:30,1964.850000,1964.850000,1961.050000,1961.600000,26
2016-08-03T11:00:00+05:30,1961.600000,1964.850000,1960.900000,1960.900000,53
2016-08-03T11:15:00+05:30,1960.900000,1964.900000,1960.900000,1960.900000,135
2016-08-03T11:30:00+05:30,1960.900000,1962.950000,1955.700000,1962.900000,134
2016-08-03T11:45:00+05:30,1962.900000,1964.000000,1955.700000,1964.000000,59
2016-08-03T12:00:00+05:30,1964.000000,1967.000000,1964.000000,1967.000000,14
2016-08-03T12:15:00+05:30,1967.000000,1970.100000,1965.200000,1967.300000,162
2016-08-03T12:30:00+05:30,1967.300000,1968.950000,1958.600000,1962.100000,301
2016-08-03T12:45:00+05:30,1962.100000,1962.100000,1960.000000,1960.000000,10
2016-08-03T13:00:00+05:30,1960.000000,1969.900000,1960.000000,1964.200000,99
2016-08-03T13:15:00+05:30,1964.200000,1975.000000,1964.200000,1970.200000,174
2016-08-03T13:30:00+05:30,1970.200000,1970.200000,1965.000000,1965.500000,61
2016-08-03T13:45:00+05:30,1965.500000,1970.000000,1965.000000,1968.100000,122
2016-08-03T14:00:00+05:30,1968.100000,1968.900000,1965.700000,1968.900000,16
2016-08-03T14:15:00+05:30,1968.900000,1969.000000,1968.900000,1968.900000,19
2016-08-03T14:30:00+05:30,1968.900000,1970.750000,1960.000000,1960.000000,170
2016-08-03T14:45:00+05:30,1958.600000,1963.600000,1953.100000,1963.600000,318
2016-08-03T15:00:00+05:30,1963.600000,1967.850000,1957.700000,1957.700000,343
2016-08-03T15:15:00+05:30,1957.700000,2000.000000,1955.000000,1995.000000,2123
2016-08-04T09:15:00+05:30,1995.000000,1995.000000,1962.200000,1970.000000,289
2016-08-04T09:30:00+05:30,1970.000000,1971.500000,1965.000000,1966.200000,377
2016-08-04T09:45:00+05:30,1966.200000,1969.700000,1965.500000,1966.050000,170
2016-08-04T10:00:00+05:30,1966.050000,1970.000000,1965.500000,1969.950000,68
2016-08-04T10:15:00+05:30,1969.950000,1974.000000,1969.950000,1972.000000,100
2016-08-04T10:30:00+05:30,1973.500000,1975.000000,1972.000000,1972.000000,173
2016-08-04T10:45:00+05:30,1972.000000,1973.500000,1968.200000,1973.000000,156
2016-08-04T11:00:00+05:30,1973.000000,1973.000000,1968.000000,1968.000000,110
2016-08-04T11:15:00+05:30,1968.000000,1970.000000,1965.600000,1970.000000,215
2016-08-04T11:30:00+05:30,1970.000000,1970.000000,1965.550000,1965.550000,112
2016-08-04T11:45:00+05:30,1965.550000,1969.850000,1965.100000,1965.100000,99
2016-08-04T12:00:00+05:30,1965.100000,1970.000000,1964.700000,1965.000000,564
2016-08-04T12:15:00+05:30,1965.000000,1965.000000,1964.000000,1964.000000,135
2016-08-04T12:30:00+05:30,1964.000000,1964.950000,1964.000000,1964.950000,85
2016-08-04T12:45:00+05:30,1962.550000,1962.550000,1955.000000,1960.000000,616
2016-08-04T13:00:00+05:30,1960.000000,1962.000000,1960.000000,1962.000000,248
2016-08-04T13:15:00+05:30,1960.000000,1960.000000,1957.200000,1960.000000,96
2016-08-04T13:30:00+05:30,1960.000000,1960.000000,1957.350000,1957.350000,204
2016-08-04T13:45:00+05:30,1957.350000,1959.900000,1957.350000,1959.900000,6
2016-08-04T14:00:00+05:30,1959.900000,1960.000000,1959.000000,1960.000000,8
2016-08-04T14:15:00+05:30,1960.000000,1960.000000,1957.350000,1959.750000,172
2016-08-04T14:30:00+05:30,1959.750000,1960.850000,1945.000000,1946.050000,1716
2016-08-04T14:45:00+05:30,1946.050000,1949.950000,1946.050000,1947.150000,88
2016-08-04T15:00:00+05:30,1947.150000,1951.000000,1947.150000,1951.000000,1654
2016-08-04T15:15:00+05:30,1948.550000,1951.000000,1944.000000,1944.150000,2909
2016-08-05T09:15:00+05:30,1964.950000,1972.950000,1955.500000,1955.500000,585
2016-08-05T09:30:00+05:30,1955.500000,1965.000000,1951.800000,1965.000000,582
2016-08-05T09:45:00+05:30,1962.200000,1969.000000,1958.000000,1962.150000,156
2016-08-05T10:00:00+05:30,1962.150000,1966.350000,1952.500000,1952.500000,340
2016-08-05T10:15:00+05:30,1952.500000,1960.000000,1952.500000,1955.000000,55
2016-08-05T10:30:00+05:30,1955.000000,1959.000000,1955.000000,1957.100000,191
2016-08-05T10:45:00+05:30,1957.100000,1959.000000,1956.000000,1956.000000,79
2016-08-05T11:00:00+05:30,1956.000000,1959.000000,1956.000000,1957.000000,117
2016-08-05T11:15:00+05:30,1957.000000,1960.000000,1957.000000,1957.200000,86
2016-08-05T11:30:00+05:30,1957.200000,1960.000000,1955.700000,1959.950000,556
2016-08-05T11:45:00+05:30,1959.950000,1960.000000,1955.700000,1955.700000,80
2016-08-05T12:00:00+05:30,1955.700000,1959.950000,1953.150000,1956.000000,358
2016-08-05T12:15:00+05:30,1956.000000,1958.000000,1953.200000,1955.500000,370
2016-08-05T12:30:00+05:30,1955.500000,1958.000000,1945.800000,1946.050000,1273
2016-08-05T12:45:00+05:30,1946.050000,1956.000000,1939.900000,1939.900000,2041
2016-08-05T13:00:00+05:30,1939.900000,1942.000000,1939.000000,1940.000000,483
2016-08-05T13:15:00+05:30,1940.000000,1940.000000,1936.000000,1940.000000,364
2016-08-05T13:30:00+05:30,1940.000000,1940.950000,1936.000000,1940.000000,245
2016-08-05T13:45:00+05:30,1940.000000,1942.000000,1934.950000,1934.950000,2162
2016-08-05T14:00:00+05:30,1931.600000,1935.000000,1930.250000,1934.000000,861
2016-08-05T14:15:00+05:30,1934.000000,1939.950000,1933.750000,1939.950000,771
2016-08-05T14:30:00+05:30,1939.950000,1940.000000,1933.750000,1939.950000,621
2016-08-05T14:45:00+05:30,1939.950000,1942.000000,1935.650000,1939.100000,1934
2016-08-05T15:00:00+05:30,1936.100000,1942.000000,1935.000000,1939.850000,3264
2016-08-05T15:15:00+05:30,1939.850000,1941.000000,1933.750000,1933.750000,3158
2016-08-08T09:15:00+05:30,1938.400000,1938.400000,1906.400000,1933.050000,2981
2016-08-08T09:30:00+05:30,1933.050000,1935.000000,1909.050000,1913.900000,1673
2016-08-08T09:45:00+05:30,1913.900000,1920.200000,1907.000000,1913.000000,1067
2016-08-08T10:00:00+05:30,1913.000000,1914.000000,1902.600000,1904.400000,1900
2016-08-08T10:15:00+05:30,1904.400000,1905.450000,1902.000000,1902.000000,2312
2016-08-08T10:30:00+05:30,1902.000000,1904.800000,1901.000000,1902.500000,968
2016-08-08T10:45:00+05:30,1902.500000,1902.500000,1875.700000,1886.050000,3807
2016-08-08T11:00:00+05:30,1886.050000,1899.950000,1885.000000,1899.750000,891
2016-08-08T11:15:00+05:30,1899.750000,1901.000000,1895.000000,1900.800000,1047
2016-08-08T11:30:00+05:30,1900.800000,1900.800000,1896.500000,1896.500000,362
2016-08-08T11:45:00+05:30,1896.500000,1898.950000,1892.200000,1894.000000,616
2016-08-08T12:00:00+05:30,1893.950000,1898.800000,1892.250000,1894.000000,366
2016-08-08T12:15:00+05:30,1896.900000,1900.000000,1892.000000,1896.900000,387
2016-08-08T12:30:00+05:30,1898.900000,1898.900000,1894.250000,1898.800000,162
2016-08-08T12:45:00+05:30,1898.800000,1899.750000,1891.100000,1897.000000,225
2016-08-08T13:00:00+05:30,1897.000000,1900.000000,1893.200000,1900.000000,467
2016-08-08T13:15:00+05:30,1900.000000,1900.000000,1887.300000,1890.850000,1163
2016-08-08T13:30:00+05:30,1890.850000,1898.750000,1887.300000,1892.000000,302
2016-08-08T13:45:00+05:30,1892.000000,1895.800000,1891.000000,1894.650000,135
2016-08-08T14:00:00+05:30,1894.650000,1898.850000,1888.200000,1898.850000,309
2016-08-08T14:15:00+05:30,1898.850000,1898.850000,1890.000000,1895.950000,276
2016-08-08T14:30:00+05:30,1895.950000,1896.000000,1893.100000,1894.000000,900
2016-08-08T14:45:00+05:30,1894.000000,1894.900000,1890.000000,1891.950000,2486
2016-08-08T15:00:00+05:30,1891.950000,1896.500000,1888.000000,1892.500000,3145
2016-08-08T15:15:00+05:30,1891.700000,1905.000000,1889.000000,1897.900000,3406
2016-08-09T09:15:00+05:30,1892.650000,1918.200000,1888.000000,1898.000000,470
2016-08-09T09:30:00+05:30,1898.000000,1903.000000,1898.000000,1902.000000,294
2016-08-09T09:45:00+05:30,1902.000000,1902.800000,1895.100000,1897.050000,461
2016-08-09T10:00:00+05:30,1897.050000,1901.000000,1895.000000,1895.050000,141
2016-08-09T10:15:00+05:30,1895.050000,1896.950000,1894.950000,1895.000000,74
2016-08-09T10:30:00+05:30,1895.000000,1895.000000,1888.000000,1888.000000,143
2016-08-09T10:45:00+05:30,1888.000000,1892.500000,1886.950000,1892.500000,507
2016-08-09T11:00:00+05:30,1892.500000,1897.000000,1892.500000,1893.100000,109
2016-08-09T11:15:00+05:30,1893.100000,1896.950000,1890.050000,1890.500000,223
2016-08-09T11:30:00+05:30,1890.500000,1897.000000,1886.000000,1891.900000,148
2016-08-09T11:45:00+05:30,1891.900000,1892.900000,1888.150000,1890.900000,119
2016-08-09T12:00:00+05:30,1890.900000,1890.900000,1890.000000,1890.050000,192
2016-08-09T12:15:00+05:30,1890.050000,1895.300000,1890.050000,1893.600000,70
2016-08-09T12:30:00+05:30,1893.600000,1905.000000,1893.600000,1905.000000,210
2016-08-09T12:45:00+05:30,1905.000000,1908.700000,1903.050000,1908.700000,120
2016-08-09T13:00:00+05:30,1908.700000,1908.750000,1902.900000,1902.900000,95
2016-08-09T13:15:00+05:30,1902.900000,1907.900000,1902.900000,1907.900000,27
2016-08-09T13:30:00+05:30,1907.900000,1908.800000,1906.950000,1907.000000,211
2016-08-09T13:45:00+05:30,1907.000000,1908.000000,1900.000000,1900.000000,272
2016-08-09T14:00:00+05:30,1900.000000,1902.000000,1900.000000,1900.700000,64
2016-08-09T14:15:00+05:30,1900.700000,1904.000000,1900.700000,1904.000000,136
2016-08-09T14:30:00+05:30,1904.000000,1907.000000,1902.850000,1905.800000,205
2016-08-09T14:45:00+05:30,1905.800000,1905.800000,1904.000000,1904.000000,242
2016-08-09T15:00:00+05:30,1904.000000,1906.800000,1903.200000,1905.150000,886
2016-08-09T15:15:00+05:30,1905.150000,1913.900000,1904.900000,1909.900000,1390
2016-08-10T09:15:00+05:30,1918.200000,1932.650000,1910.300000,1916.200000,1312
2016-08-10T09:30:00+05:30,1916.200000,1917.000000,1913.900000,1914.350000,509
2016-08-10T09:45:00+05:30,1914.350000,1916.500000,1912.600000,1913.100000,173
2016-08-10T10:00:00+05:30,1913.100000,1916.950000,1912.600000,1912.600000,171
2016-08-10T10:15:00+05:30,1912.600000,1915.300000,1912.600000,1912.600000,195
2016-08-10T10:30:00+05:30,1912.600000,1916.950000,1912.600000,1912.600000,113
2016-08-10T10:45:00+05:30,1912.600000,1913.000000,1912.600000,1912.600000,225
2016-08-10T11:00:00+05:30,1912.600000,1918.950000,1912.600000,1916.000000,280
2016-08-10T11:15:00+05:30,1916.000000,1922.900000,1915.000000,1915.000000,415
2016-08-10T11:30:00+05:30,1915.000000,1921.000000,1915.000000,1919.800000,72
2016-08-10T11:45:00+05:30,1919.800000,1919.800000,1915.000000,1915.050000,188
2016-08-10T12:00:00+05:30,1915.050000,1915.050000,1915.050000,1915.050000,13
2016-08-10T12:15:00+05:30,1915.050000,1917.500000,1915.000000,1915.000000,16
2016-08-10T12:30:00+05:30,1915.000000,1915.000000,1914.750000,1915.000000,23
2016-08-10T12:45:00+05:30,1915.000000,1918.950000,1914.150000,1914.550000,243
2016-08-10T13:00:00+05:30,1914.550000,1918.700000,1913.500000,1913.650000,67
2016-08-10T13:15:00+05:30,1913.650000,1917.000000,1906.500000,1906.500000,293
2016-08-10T13:30:00+05:30,1906.500000,1906.550000,1890.500000,1892.800000,551
2016-08-10T13:45:00+05:30,1892.800000,1900.000000,1875.700000,1885.000000,1170
2016-08-10T14:00:00+05:30,1885.000000,1895.000000,1879.950000,1887.650000,1275
2016-08-10T14:15:00+05:30,1887.650000,1897.500000,1887.650000,1895.950000,249
2016-08-10T14:30:00+05:30,1895.950000,1897.500000,1892.650000,1894.000000,132
2016-08-10T14:45:00+05:30,1894.000000,1900.000000,1893.000000,1895.000000,534
2016-08-10T15:00:00+05:30,1895.000000,1907.300000,1895.000000,1905.750000,876
2016-08-10T15:15:00+05:30,1905.750000,1920.000000,1885.000000,1918.000000,1887
2016-08-11T09:15:00+05:30,1904.150000,1907.950000,1899.000000,1901.000000,263
2016-08-11T09:30:00+05:30,1901.000000,1906.000000,1894.000000,1894.000000,93
2016-08-11T09:45:00+05:30,1894.000000,1896.000000,1894.000000,1896.000000,107
2016-08-11T10:00:00+05:30,1896.000000,1901.300000,1896.000000,1898.100000,51
2016-08-11T10:15:00+05:30,1898.100000,1901.000000,1895.000000,1901.000000,87
2016-08-11T10:30:00+05:30,1901.000000,1901.000000,1885.100000,1897.800000,234
2016-08-11T10:45:00+05:30,1899.900000,1899.900000,1886.000000,1888.950000,114
2016-08-11T11:00:00+05:30,1889.300000,1906.000000,1889.300000,1900.000000,184
2016-08-11T11:15:00+05:30,1900.000000,1900.000000,1895.900000,1897.700000,303
2016-08-11T11:30:00+05:30,1897.700000,1897.700000,1897.700000,1897.700000,100
2016-08-11T11:45:00+05:30,1899.900000,1900.950000,1898.050000,1900.950000,24
2016-08-11T12:00:00+05:30,1900.950000,1900.950000,1897.800000,1899.900000,115
2016-08-11T12:15:00+05:30,1899.900000,1900.950000,1897.800000,1900.950000,129
2016-08-11T12:30:00+05:30,1900.950000,1900.950000,1897.800000,1899.950000,231
2016-08-11T12:45:00+05:30,1899.950000,1904.800000,1899.950000,1903.250000,178
2016-08-11T13:00:00+05:30,1903.250000,1905.000000,1900.500000,1902.450000,118
2016-08-11T13:15:00+05:30,1902.450000,1905.000000,1902.450000,1903.600000,30
2016-08-11T13:30:00+05:30,1903.600000,1903.600000,1897.850000,1897.850000,95
2016-08-11T13:45:00+05:30,1897.850000,1904.900000,1897.850000,1904.150000,71
2016-08-11T14:00:00+05:30,1904.150000,1905.950000,1903.000000,1904.750000,65
2016-08-11T14:15:00+05:30,1904.750000,1904.750000,1897.800000,1904.000000,441
2016-08-11T14:30:00+05:30,1904.000000,1904.000000,1898.100000,1898.100000,1696
2016-08-11T14:45:00+05:30,1898.100000,1905.000000,1889.950000,1889.950000,2816
2016-08-11T15:00:00+05:30,1893.200000,1905.900000,1893.200000,1904.900000,10639
2016-08-11T15:15:00+05:30,1904.900000,1915.000000,1894.100000,1904.900000,4600
2016-08-12T09:15:00+05:30,1912.000000,1912.000000,1904.000000,1904.000000,15
2016-08-12T09:30:00+05:30,1904.000000,1905.000000,1900.000000,1904.050000,121
2016-08-12T09:45:00+05:30,1904.050000,1909.000000,1904.050000,1907.000000,273
2016-08-12T10:00:00+05:30,1907.000000,1909.800000,1907.000000,1909.800000,151
2016-08-12T10:15:00+05:30,1909.800000,1911.000000,1908.000000,1908.000000,115
2016-08-12T10:30:00+05:30,1908.000000,1908.000000,1902.000000,1902.000000,90
2016-08-12T10:45:00+05:30,1902.000000,1906.800000,1900.000000,1900.000000,43
2016-08-12T11:00:00+05:30,1900.000000,1907.950000,1900.000000,1900.100000,65
2016-08-12T11:15:00+05:30,1900.100000,1904.900000,1900.100000,1900.300000,68
2016-08-12T11:30:00+05:30,1900.300000,1902.050000,1900.300000,1902.000000,28
2016-08-12T11:45:00+05:30,1904.250000,1904.250000,1900.050000,1902.000000,191
2016-08-12T12:00:00+05:30,1902.000000,1902.000000,1899.000000,1899.000000,10056
2016-08-12T12:15:00+05:30,1899.000000,1900.900000,1899.000000,1900.900000,5
2016-08-12T12:30:00+05:30,1901.000000,1904.950000,1900.000000,1900.000000,141
2016-08-12T12:45:00+05:30,1900.000000,1908.900000,1900.000000,1908.900000,76
2016-08-12T13:00:00+05:30,1908.900000,1908.900000,1903.050000,1903.050000,22
2016-08-12T13:15:00+05:30,1903.050000,1908.950000,1903.050000,1905.000000,23
2016-08-12T13:30:00+05:30,1903.100000,1906.900000,1903.100000,1903.500000,36
2016-08-12T13:45:00+05:30,1903.500000,1908.000000,1903.050000,1908.000000,113
2016-08-12T14:00:00+05:30,1905.050000,1907.950000,1904.500000,1905.000000,169
2016-08-12T14:15:00+05:30,1905.000000,1906.000000,1904.350000,1904.350000,36
2016-08-12T14:30:00+05:30,1904.350000,1905.050000,1901.150000,1902.850000,1953
2016-08-12T14:45:00+05:30,1902.850000,1905.000000,1900.000000,1900.000000,294
2016-08-12T15:00:00+05:30,1900.000000,1904.950000,1900.000000,1901.950000,2013
2016-08-12T15:15:00+05:30,1902.000000,1902.000000,1895.000000,1900.000000,5405
2016-08-16T09:15:00+05:30,1910.000000,1917.950000,1907.000000,1912.900000,401
2016-08-16T09:30:00+05:30,1912.900000,1914.950000,1909.050000,1914.000000,200
2016-08-16T09:45:00+05:30,1914.000000,1916.500000,1909.100000,1913.300000,736
2016-08-16T10:00:00+05:30,1913.300000,1916.350000,1910.550000,1914.400000,65
2016-08-16T10:15:00+05:30,1914.400000,1933.000000,1914.000000,1930.050000,1438
2016-08-16T10:30:00+05:30,1930.050000,1935.000000,1921.000000,1922.050000,1651
2016-08-16T10:45:00+05:30,1921.700000,1923.750000,1913.250000,1917.000000,462
2016-08-16T11:00:00+05:30,1917.000000,1924.000000,1909.100000,1923.700000,402
2016-08-16T11:15:00+05:30,1923.700000,1930.000000,1916.550000,1928.050000,366
2016-08-16T11:30:00+05:30,1930.000000,1930.000000,1913.950000,1914.000000,296
2016-08-16T11:45:00+05:30,1914.000000,1915.000000,1914.000000,1915.000000,149
2016-08-16T12:00:00+05:30,1915.000000,1920.000000,1915.000000,1920.000000,97
2016-08-16T12:15:00+05:30,1920.000000,1920.000000,1911.450000,1920.000000,161
2016-08-16T12:30:00+05:30,1920.000000,1920.000000,1913.050000,1913.050000,185
2016-08-16T12:45:00+05:30,1913.050000,1919.900000,1913.050000,1919.900000,30
2016-08-16T13:00:00+05:30,1919.900000,1920.000000,1916.850000,1916.900000,80
2016-08-16T13:15:00+05:30,1916.900000,1920.000000,1916.850000,1919.950000,278
2016-08-16T13:30:00+05:30,1919.950000,1920.000000,1916.850000,1917.000000,191
2016-08-16T13:45:00+05:30,1917.000000,1917.000000,1910.200000,1915.000000,2322
2016-08-16T14:00:00+05:30,1912.050000,1914.950000,1909.050000,1913.100000,125
2016-08-16T14:15:00+05:30,1913.100000,1915.000000,1913.100000,1915.000000,10
2016-08-16T14:30:00+05:30,1915.000000,1915.000000,1914.250000,1915.000000,181
2016-08-16T14:45:00+05:30,1915.000000,1915.000000,1904.000000,1905.000000,631
2016-08-16T15:00:00+05:30,1905.000000,1919.900000,1905.000000,1914.950000,1012
2016-08-16T15:15:00+05:30,1914.950000,1917.300000,1908.150000,1915.000000,4266
2016-08-17T09:15:00+05:30,1914.000000,1918.900000,1911.100000,1917.750000,28
2016-08-17T09:30:00+05:30,1917.750000,1920.900000,1915.100000,1920.900000,142
2016-08-17T09:45:00+05:30,1920.900000,1920.900000,1910.000000,1911.900000,178
2016-08-17T10:00:00+05:30,1911.900000,1912.000000,1909.000000,1912.000000,136
2016-08-17T10:15:00+05:30,1912.000000,1916.900000,1912.000000,1915.000000,18
2016-08-17T10:30:00+05:30,1914.950000,1919.000000,1911.900000,1919.000000,186
2016-08-17T10:45:00+05:30,1919.000000,1919.950000,1911.950000,1911.950000,72
2016-08-17T11:00:00+05:30,1913.900000,1914.750000,1912.050000,1912.050000,50
2016-08-17T11:15:00+05:30,1912.050000,1913.950000,1912.000000,1912.050000,52
2016-08-17T11:30:00+05:30,1912.050000,1916.500000,1910.000000,1916.500000,136
2016-08-17T11:45:00+05:30,1916.500000,1916.500000,1906.000000,1907.900000,187
2016-08-17T12:00:00+05:30,1907.900000,1907.900000,1905.000000,1905.000000,141
2016-08-17T12:15:00+05:30,1905.000000,1905.000000,1901.050000,1901.050000,182
2016-08-17T12:30:00+05:30,1901.050000,1905.850000,1900.200000,1901.000000,502
2016-08-17T12:45:00+05:30,1901.000000,1905.000000,1900.100000,1900.100000,451
2016-08-17T13:00:00+05:30,1900.100000,1907.900000,1900.100000,1906.950000,79
2016-08-17T13:15:00+05:30,1906.950000,1906.950000,1901.150000,1901.150000,105
2016-08-17T13:30:00+05:30,1901.150000,1906.950000,1901.150000,1906.950000,37
2016-08-17T13:45:00+05:30,1906.950000,1912.750000,1900.200000,1908.650000,324
2016-08-17T14:00:00+05:30,1908.650000,1913.900000,1905.500000,1913.900000,291
2016-08-17T14:15:00+05:30,1913.900000,1913.950000,1907.100000,1911.000000,225
2016-08-17T14:30:00+05:30,1911.000000,1914.850000,1910.000000,1913.750000,232
2016-08-17T14:45:00+05:30,1913.750000,1913.750000,1910.050000,1911.000000,55
2016-08-17T15:00:00+05:30,1911.000000,1913.500000,1906.150000,1913.500000,456
2016-08-17T15:15:00+05:30,1913.500000,1918.000000,1901.350000,1918.000000,1250
2016-08-18T09:15:00+05:30,1912.000000,1912.050000,1901.050000,1902.000000,292
2016-08-18T09:30:00+05:30,1902.000000,1905.000000,1902.000000,1903.100000,79
2016-08-18T09:45:00+05:30,1903.100000,1905.000000,1902.450000,1904.700000,1018
2016-08-18T10:00:00+05:30,1904.700000,1904.950000,1902.500000,1904.950000,50
2016-08-18T10:15:00+05:30,1904.000000,1905.000000,1902.750000,1903.700000,68
2016-08-18T10:30:00+05:30,1903.700000,1905.000000,1902.550000,1904.500000,196
2016-08-18T10:45:00+05:30,1903.750000,1904.600000,1903.000000,1903.000000,127
2016-08-18T11:00:00+05:30,1903.000000,1904.600000,1903.000000,1903.050000,52
2016-08-18T11:15:00+05:30,1903.050000,1904.650000,1902.450000,1904.500000,45
2016-08-18T11:30:00+05:30,1904.500000,1909.850000,1904.500000,1909.850000,48
2016-08-18T11:45:00+05:30,1909.850000,1910.450000,1908.850000,1910.450000,213
2016-08-18T12:00:00+05:30,1910.450000,1914.900000,1910.450000,1913.200000,267
2016-08-18T12:15:00+05:30,1913.200000,1913.200000,1902.450000,1902.500000,182
2016-08-18T12:30:00+05:30,1902.500000,1908.250000,1902.450000,1902.500000,92
2016-08-18T12:45:00+05:30,1902.500000,1908.850000,1902.500000,1908.850000,67
2016-08-18T13:00:00+05:30,1908.850000,1909.850000,1903.150000,1903.150000,54
2016-08-18T13:15:00+05:30,1903.150000,1909.750000,1902.450000,1903.100000,171
2016-08-18T13:30:00+05:30,1903.100000,1910.000000,1903.050000,1908.400000,70
2016-08-18T13:45:00+05:30,1908.400000,1912.900000,1903.200000,1909.400000,144
2016-08-18T14:00:00+05:30,1909.400000,1912.900000,1909.400000,1910.000000,42
2016-08-18T14:15:00+05:30,1912.900000,1913.300000,1905.000000,1910.500000,111
2016-08-18T14:30:00+05:30,1910.500000,1912.200000,1910.000000,1910.650000,1046
2016-08-18T14:45:00+05:30,1910.600000,1915.000000,1910.600000,1915.000000,493
2016-08-18T15:00:00+05:30,1915.000000,1917.700000,1910.900000,1915.050000,253
2016-08-18T15:15:00+05:30,1915.050000,1920.000000,1914.800000,1915.000000,2104
2016-08-19T09:15:00+05:30,1917.000000,1920.000000,1908.100000,1912.950000,196
2016-08-19T09:30:00+05:30,1912.000000,1917.700000,1912.000000,1917.700000,41
2016-08-19T09:45:00+05:30,1917.700000,1918.300000,1914.000000,1916.300000,203
2016-08-19T10:00:00+05:30,1916.300000,1916.550000,1914.000000,1915.800000,117
2016-08-19T10:15:00+05:30,1915.800000,1917.650000,1914.000000,1914.000000,52
2016-08-19T10:30:00+05:30,1914.000000,1914.000000,1907.950000,1907.950000,143
2016-08-19T10:45:00+05:30,1907.950000,1911.000000,1907.950000,1910.000000,70
2016-08-19T11:00:00+05:30,1910.000000,1910.000000,1908.200000,1908.200000,78
2016-08-19T11:15:00+05:30,1908.200000,1910.000000,1908.200000,1910.000000,107
2016-08-19T11:30:00+05:30,1908.250000,1910.900000,1908.000000,1910.900000,51
2016-08-19T11:45:00+05:30,1910.900000,1910.900000,1903.000000,1906.000000,144
2016-08-19T12:00:00+05:30,1906.000000,1908.900000,1903.600000,1908.700000,91
2016-08-19T12:15:00+05:30,1908.700000,1908.900000,1906.050000,1906.300000,205
2016-08-19T12:30:00+05:30,1906.300000,1909.900000,1906.300000,1906.450000,12
2016-08-19T12:45:00+05:30,1906.450000,1908.550000,1906.450000,1908.550000,17
2016-08-19T13:00:00+05:30,1908.550000,1908.550000,1906.050000,1906.050000,304
2016-08-19T13:15:00+05:30,1906.050000,1909.700000,1905.050000,1909.700000,173
2016-08-19T13:30:00+05:30,1909.700000,1909.900000,1905.650000,1909.900000,254
2016-08-19T13:45:00+05:30,1909.900000,1909.900000,1905.750000,1905.800000,45
2016-08-19T14:00:00+05:30,1905.800000,1906.050000,1905.800000,1906.050000,17
2016-08-19T14:15:00+05:30,1906.050000,1908.000000,1905.900000,1908.000000,30
2016-08-19T14:30:00+05:30,1908.000000,1908.050000,1905.250000,1905.600000,866
2016-08-19T14:45:00+05:30,1905.600000,1909.850000,1905.600000,1909.000000,416
2016-08-19T15:00:00+05:30,1909.000000,1909.800000,1906.100000,1909.600000,372
2016-08-19T15:15:00+05:30,1909.600000,1919.500000,1905.600000,1919.500000,1692
2016-08-22T09:15:00+05:30,1915.000000,1919.950000,1908.000000,1908.250000,137
2016-08-22T09:30:00+05:30,1905.100000,1907.250000,1890.000000,1904.950000,402
2016-08-22T09:45:00+05:30,1900.100000,1908.250000,1900.100000,1908.250000,122
2016-08-22T10:00:00+05:30,1908.250000,1913.900000,1906.800000,1913.900000,51
2016-08-22T10:15:00+05:30,1913.900000,1913.900000,1910.000000,1910.000000,75
2016-08-22T10:30:00+05:30,1905.000000,1905.000000,1893.150000,1894.950000,153
2016-08-22T10:45:00+05:30,1894.950000,1899.350000,1894.350000,1898.200000,28
2016-08-22T11:00:00+05:30,1898.200000,1899.300000,1892.050000,1895.000000,306
2016-08-22T11:15:00+05:30,1895.000000,1900.000000,1895.000000,1900.000000,60
2016-08-22T11:30:00+05:30,1900.000000,1903.950000,1900.000000,1901.100000,7
2016-08-22T11:45:00+05:30,1901.100000,1910.000000,1900.100000,1904.100000,229
2016-08-22T12:00:00+05:30,1904.100000,1904.100000,1901.950000,1902.900000,3
2016-08-22T12:15:00+05:30,1902.900000,1909.700000,1902.900000,1905.000000,206
2016-08-22T12:30:00+05:30,1905.000000,1905.000000,1903.950000,1904.000000,17
2016-08-22T12:45:00+05:30,1904.000000,1907.000000,1902.150000,1907.000000,19
2016-08-22T13:00:00+05:30,1907.050000,1907.750000,1904.050000,1907.750000,77
2016-08-22T13:15:00+05:30,1907.750000,1908.000000,1902.000000,1906.250000,223
2016-08-22T13:30:00+05:30,1906.250000,1908.150000,1902.250000,1905.000000,77
2016-08-22T13:45:00+05:30,1905.000000,1909.450000,1905.000000,1909.450000,107
2016-08-22T14:00:00+05:30,1907.500000,1910.000000,1902.250000,1904.950000,590
2016-08-22T14:15:00+05:30,1904.900000,1905.000000,1902.250000,1905.000000,302
2016-08-22T14:30:00+05:30,1905.000000,1905.000000,1901.400000,1904.950000,158
2016-08-22T14:45:00+05:30,1904.950000,1904.950000,1903.000000,1904.950000,482
2016-08-22T15:00:00+05:30,1904.950000,1909.800000,1904.800000,1907.350000,946
2016-08-22T15:15:00+05:30,1907.350000,1914.750000,1907.350000,1910.000000,936
2016-08-23T09:15:00+05:30,1946.850000,2014.000000,1935.450000,1974.550000,17613
2016-08-23T09:30:00+05:30,1974.550000,1979.750000,1960.150000,1970.000000,1952
2016-08-23T09:45:00+05:30,1970.000000,1979.050000,1968.950000,1974.100000,1752
2016-08-23T10:00:00+05:30,1977.000000,1977.000000,1950.000000,1964.950000,2578
2016-08-23T10:15:00+05:30,1964.900000,1974.050000,1957.150000,1963.500000,908
2016-08-23T10:30:00+05:30,1963.500000,1969.850000,1963.500000,1968.750000,473
2016-08-23T10:45:00+05:30,1967.000000,1975.000000,1950.000000,1962.900000,2289
2016-08-23T11:00:00+05:30,1962.900000,1964.750000,1958.750000,1964.600000,260
2016-08-23T11:15:00+05:30,1964.600000,1969.000000,1963.050000,1965.950000,400
2016-08-23T11:30:00+05:30,1965.950000,1967.100000,1963.150000,1966.050000,271
2016-08-23T11:45:00+05:30,1966.050000,1968.000000,1963.100000,1963.750000,244
2016-08-23T12:00:00+05:30,1963.800000,1969.000000,1960.450000,1966.600000,288
2016-08-23T12:15:00+05:30,1966.600000,1967.200000,1960.050000,1961.100000,407
2016-08-23T12:30:00+05:30,1961.100000,1965.500000,1958.500000,1965.500000,286
2016-08-23T12:45:00+05:30,1965.500000,1965.500000,1958.550000,1960.800000,184
2016-08-23T13:00:00+05:30,1960.800000,1961.100000,1955.250000,1961.000000,337
2016-08-23T13:15:00+05:30,1961.000000,1961.000000,1955.100000,1960.950000,273
2016-08-23T13:30:00+05:30,1960.950000,1961.100000,1955.050000,1957.950000,439
2016-08-23T13:45:00+05:30,1957.950000,1959.500000,1956.000000,1957.400000,69
2016-08-23T14:00:00+05:30,1957.400000,1961.100000,1956.500000,1959.050000,337
2016-08-23T14:15:00+05:30,1958.900000,1964.000000,1957.500000,1962.000000,384
2016-08-23T14:30:00+05:30,1962.050000,1965.000000,1956.100000,1959.800000,606
2016-08-23T14:45:00+05:30,1959.800000,1959.850000,1952.100000,1952.100000,263
2016-08-23T15:00:00+05:30,1952.100000,1958.000000,1950.000000,1952.450000,655
2016-08-23T15:15:00+05:30,1952.450000,1952.450000,1933.000000,1940.200000,3925
2016-08-24T09:15:00+05:30,1964.950000,1964.950000,1955.050000,1959.000000,920
2016-08-24T09:30:00+05:30,1959.000000,1959.000000,1951.050000,1951.200000,287
2016-08-24T09:45:00+05:30,1951.200000,1958.500000,1951.200000,1958.500000,62
2016-08-24T10:00:00+05:30,1958.500000,1958.950000,1951.200000,1954.250000,157
2016-08-24T10:15:00+05:30,1954.250000,1955.000000,1951.250000,1951.250000,126
2016-08-24T10:30:00+05:30,1951.250000,1951.350000,1940.550000,1944.950000,560
2016-08-24T10:45:00+05:30,1944.950000,1950.000000,1944.950000,1949.950000,684
2016-08-24T11:00:00+05:30,1949.950000,1949.950000,1943.200000,1943.200000,151
2016-08-24T11:15:00+05:30,1943.200000,1945.000000,1940.250000,1945.000000,240
2016-08-24T11:30:00+05:30,1945.000000,1948.950000,1941.000000,1948.950000,259
2016-08-24T11:45:00+05:30,1948.950000,1949.900000,1945.200000,1949.450000,42
2016-08-24T12:00:00+05:30,1949.450000,1949.950000,1947.450000,1949.950000,61
2016-08-24T12:15:00+05:30,1949.950000,1949.950000,1939.200000,1945.000000,245
2016-08-24T12:30:00+05:30,1945.000000,1945.000000,1938.100000,1938.100000,95
2016-08-24T12:45:00+05:30,1938.100000,1944.200000,1937.000000,1944.200000,63
2016-08-24T13:00:00+05:30,1944.200000,1946.600000,1938.050000,1945.000000,142
2016-08-24T13:15:00+05:30,1945.000000,1946.900000,1942.100000,1942.100000,162
2016-08-24T13:30:00+05:30,1942.100000,1943.000000,1940.500000,1940.500000,179
2016-08-24T13:45:00+05:30,1940.500000,1945.750000,1940.500000,1942.000000,31
2016-08-24T14:00:00+05:30,1942.000000,1946.900000,1941.100000,1944.850000,45
2016-08-24T14:15:00+05:30,1944.850000,1946.000000,1940.600000,1946.000000,65
2016-08-24T14:30:00+05:30,1946.000000,1946.000000,1936.700000,1939.100000,218
2016-08-24T14:45:00+05:30,1939.100000,1940.900000,1937.150000,1938.950000,143
2016-08-24T15:00:00+05:30,1941.900000,1944.000000,1935.750000,1941.950000,692
2016-08-24T15:15:00+05:30,1941.950000,1959.850000,1937.050000,1958.000000,1501
2016-08-25T09:15:00+05:30,1975.000000,1980.100000,1956.050000,1965.000000,1722
2016-08-25T09:30:00+05:30,1964.450000,1965.000000,1951.700000,1956.150000,393
2016-08-25T09:45:00+05:30,1956.150000,1965.000000,1956.150000,1958.300000,559
2016-08-25T10:00:00+05:30,1958.300000,1959.900000,1955.100000,1955.100000,82
2016-08-25T10:15:00+05:30,1954.950000,1959.000000,1954.950000,1956.100000,57
2016-08-25T10:30:00+05:30,1959.000000,1959.000000,1955.150000,1959.000000,183
2016-08-25T10:45:00+05:30,1959.000000,1959.000000,1955.250000,1958.800000,46
2016-08-25T11:00:00+05:30,1958.800000,1962.550000,1955.000000,1961.000000,335
2016-08-25T11:15:00+05:30,1961.000000,1961.000000,1957.900000,1958.000000,98
2016-08-25T11:30:00+05:30,1958.000000,1958.000000,1955.050000,1957.300000,185
2016-08-25T11:45:00+05:30,1957.300000,1958.000000,1953.100000,1957.350000,150
2016-08-25T12:00:00+05:30,1957.350000,1957.350000,1956.000000,1956.000000,26
2016-08-25T12:15:00+05:30,1956.000000,1965.000000,1956.000000,1965.000000,293
2016-08-25T12:30:00+05:30,1965.000000,1965.000000,1961.050000,1961.050000,34
2016-08-25T12:45:00+05:30,1961.050000,1961.050000,1960.200000,1961.000000,20
2016-08-25T13:00:00+05:30,1960.000000,1965.000000,1960.000000,1960.150000,237
2016-08-25T13:15:00+05:30,1960.000000,1960.000000,1959.100000,1959.200000,80
2016-08-25T13:30:00+05:30,1959.200000,1959.450000,1957.850000,1958.950000,66
2016-08-25T13:45:00+05:30,1957.700000,1959.450000,1956.850000,1959.400000,72
2016-08-25T14:00:00+05:30,1959.400000,1959.400000,1956.000000,1957.800000,89
2016-08-25T14:15:00+05:30,1957.800000,1961.000000,1953.100000,1959.950000,108
2016-08-25T14:30:00+05:30,1959.950000,1960.000000,1955.350000,1956.000000,220
2016-08-25T14:45:00+05:30,1956.000000,1960.000000,1956.000000,1959.950000,183
2016-08-25T15:00:00+05:30,1959.950000,1962.200000,1953.000000,1962.000000,609
2016-08-25T15:15:00+05:30,1960.950000,1975.000000,1958.150000,1975.000000,1861
2016-08-26T09:15:00+05:30,1970.000000,1970.000000,1950.050000,1961.950000,260
2016-08-26T09:30:00+05:30,1961.950000,1969.400000,1957.550000,1960.000000,367
2016-08-26T09:45:00+05:30,1960.000000,1960.000000,1955.000000,1955.050000,92
2016-08-26T10:00:00+05:30,1955.050000,1960.000000,1955.050000,1958.550000,130
2016-08-26T10:15:00+05:30,1958.550000,1960.000000,1957.750000,1957.750000,206
2016-08-26T10:30:00+05:30,1957.750000,1960.000000,1957.750000,1957.750000,286
2016-08-26T10:45:00+05:30,1957.750000,1959.000000,1957.750000,1959.000000,162
2016-08-26T11:00:00+05:30,1959.000000,1959.000000,1957.750000,1957.750000,53
2016-08-26T11:15:00+05:30,1959.000000,1960.000000,1959.000000,1960.000000,151
2016-08-26T11:30:00+05:30,1960.000000,1960.000000,1957.750000,1958.000000,92
2016-08-26T11:45:00+05:30,1958.000000,1960.000000,1955.100000,1955.100000,104
2016-08-26T12:00:00+05:30,1955.100000,1955.100000,1951.500000,1951.500000,94
2016-08-26T12:15:00+05:30,1951.500000,1951.500000,1951.000000,1951.000000,101
2016-08-26T12:30:00+05:30,1951.000000,1953.950000,1950.050000,1953.950000,68
2016-08-26T12:45:00+05:30,1953.950000,1954.050000,1953.900000,1954.000000,35
2016-08-26T13:00:00+05:30,1954.000000,1956.900000,1954.000000,1955.000000,28
2016-08-26T13:15:00+05:30,1955.000000,1955.000000,1954.000000,1954.050000,35
2016-08-26T13:30:00+05:30,1954.050000,1955.000000,1950.050000,1950.550000,113
2016-08-26T13:45:00+05:30,1950.550000,1953.700000,1950.550000,1953.700000,60
2016-08-26T14:00:00+05:30,1953.700000,1955.000000,1950.750000,1955.000000,103
2016-08-26T14:15:00+05:30,1955.000000,1958.000000,1951.700000,1955.000000,116
2016-08-26T14:30:00+05:30,1955.000000,1956.950000,1951.700000,1951.750000,79
2016-08-26T14:45:00+05:30,1951.750000,1957.950000,1951.100000,1953.950000,912
2016-08-26T15:00:00+05:30,1953.950000,1957.050000,1950.000000,1951.050000,1288
2016-08-26T15:15:00+05:30,1950.000000,1954.000000,1945.000000,1954.000000,879
2016-08-29T09:15:00+05:30,1960.000000,1982.550000,1960.000000,1966.000000,733
2016-08-29T09:30:00+05:30,1966.000000,1966.100000,1965.200000,1966.100000,46
2016-08-29T09:45:00+05:30,1966.100000,1968.950000,1960.000000,1960.050000,183
2016-08-29T10:00:00+05:30,1960.050000,1962.000000,1960.000000,1961.000000,69
2016-08-29T10:15:00+05:30,1961.000000,1962.000000,1961.000000,1962.000000,16
2016-08-29T10:30:00+05:30,1962.000000,1970.000000,1956.000000,1960.000000,227
2016-08-29T10:45:00+05:30,1960.000000,1960.000000,1953.000000,1953.000000,104
2016-08-29T11:00:00+05:30,1953.000000,1956.000000,1952.000000,1955.850000,58
2016-08-29T11:15:00+05:30,1955.850000,1955.850000,1946.550000,1948.500000,126
2016-08-29T11:30:00+05:30,1948.500000,1951.000000,1948.500000,1951.000000,13
2016-08-29T11:45:00+05:30,1951.000000,1955.000000,1950.100000,1955.000000,29
2016-08-29T12:00:00+05:30,1955.000000,1955.000000,1946.550000,1946.550000,125
2016-08-29T12:15:00+05:30,1946.550000,1950.000000,1940.000000,1950.000000,174
2016-08-29T12:30:00+05:30,1950.000000,1954.950000,1950.000000,1954.950000,33
2016-08-29T12:45:00+05:30,1954.950000,1954.950000,1940.200000,1942.000000,113
2016-08-29T13:00:00+05:30,1942.000000,1944.200000,1942.000000,1944.200000,7
2016-08-29T13:15:00+05:30,1944.000000,1945.000000,1940.450000,1941.650000,173
2016-08-29T13:30:00+05:30,1941.650000,1948.900000,1940.450000,1947.550000,1005
2016-08-29T13:45:00+05:30,1947.550000,1949.950000,1937.000000,1942.500000,1023
2016-08-29T14:00:00+05:30,1942.500000,1942.500000,1939.100000,1939.100000,18
2016-08-29T14:15:00+05:30,1939.100000,1946.500000,1938.000000,1942.300000,143
2016-08-29T14:30:00+05:30,1942.300000,1943.900000,1940.050000,1943.900000,18
2016-08-29T14:45:00+05:30,1943.900000,1946.850000,1938.000000,1942.800000,278
2016-08-29T15:00:00+05:30,1942.800000,1946.000000,1938.250000,1943.550000,483
2016-08-29T15:15:00+05:30,1943.550000,1945.000000,1934.000000,1934.000000,726
2016-08-30T09:15:00+05:30,1945.950000,1945.950000,1930.000000,1933.800000,500
2016-08-30T09:30:00+05:30,1939.300000,1939.300000,1933.000000,1933.000000,178
2016-08-30T09:45:00+05:30,1933.000000,1936.000000,1932.150000,1936.000000,81
2016-08-30T10:00:00+05:30,1937.900000,1939.250000,1933.000000,1933.000000,220
2016-08-30T10:15:00+05:30,1933.000000,1933.250000,1933.000000,1933.250000,13
2016-08-30T10:30:00+05:30,1933.250000,1934.850000,1933.200000,1934.850000,3
2016-08-30T10:45:00+05:30,1934.850000,1938.300000,1933.050000,1933.050000,120
2016-08-30T11:00:00+05:30,1933.050000,1938.500000,1933.050000,1938.000000,41
2016-08-30T11:15:00+05:30,1938.000000,1938.000000,1934.450000,1937.800000,13
2016-08-30T11:30:00+05:30,1937.800000,1937.800000,1935.000000,1935.000000,5
2016-08-30T11:45:00+05:30,1934.550000,1937.000000,1931.900000,1934.850000,336
2016-08-30T12:00:00+05:30,1934.850000,1937.900000,1934.800000,1937.850000,79
2016-08-30T12:15:00+05:30,1937.850000,1937.900000,1935.000000,1935.250000,21
2016-08-30T12:30:00+05:30,1935.250000,1938.800000,1935.250000,1938.800000,171
2016-08-30T12:45:00+05:30,1938.800000,1939.950000,1938.000000,1939.950000,178
2016-08-30T13:00:00+05:30,1939.950000,1944.450000,1937.250000,1942.000000,418
2016-08-30T13:15:00+05:30,1942.000000,1944.450000,1940.000000,1940.000000,230
2016-08-30T13:30:00+05:30,1940.000000,1942.900000,1940.000000,1942.900000,29
2016-08-30T13:45:00+05:30,1942.900000,1944.500000,1942.600000,1944.500000,52
2016-08-30T14:00:00+05:30,1942.550000,1943.800000,1940.000000,1940.000000,135
2016-08-30T14:15:00+05:30,1940.000000,1944.500000,1940.000000,1940.950000,47
2016-08-30T14:30:00+05:30,1940.950000,1942.300000,1935.400000,1938.000000,605
2016-08-30T14:45:00+05:30,1938.000000,1965.000000,1935.300000,1964.000000,4198
2016-08-30T15:00:00+05:30,1964.000000,1969.000000,1948.750000,1955.000000,4285
2016-08-30T15:15:00+05:30,1955.000000,1964.900000,1947.100000,1964.900000,1144
2016-08-31T09:15:00+05:30,1951.100000,1964.900000,1951.100000,1960.000000,71
2016-08-31T09:30:00+05:30,1960.000000,1960.000000,1955.000000,1955.200000,11
2016-08-31T09:45:00+05:30,1955.200000,1961.500000,1955.000000,1957.450000,122
2016-08-31T10:00:00+05:30,1957.450000,1961.950000,1956.000000,1958.900000,399
2016-08-31T10:15:00+05:30,1958.900000,1960.900000,1958.600000,1958.600000,17
2016-08-31T10:30:00+05:30,1958.600000,1960.000000,1956.000000,1956.100000,121
2016-08-31T10:45:00+05:30,1956.100000,1956.150000,1956.100000,1956.150000,23
2016-08-31T11:00:00+05:30,1956.150000,1958.850000,1956.050000,1956.200000,157
2016-08-31T11:15:00+05:30,1956.200000,1959.350000,1956.200000,1956.500000,8
2016-08-31T11:30:00+05:30,1956.500000,1956.500000,1952.100000,1952.300000,154
2016-08-31T11:45:00+05:30,1952.300000,1955.950000,1952.000000,1955.950000,200
2016-08-31T12:00:00+05:30,1955.950000,1959.350000,1953.100000,1953.100000,89
2016-08-31T12:15:00+05:30,1953.100000,1953.900000,1951.100000,1953.900000,168
2016-08-31T12:30:00+05:30,1954.850000,1958.900000,1951.150000,1954.650000,290
2016-08-31T12:45:00+05:30,1954.650000,1959.350000,1954.500000,1956.600000,16
2016-08-31T13:00:00+05:30,1956.600000,1958.750000,1956.600000,1957.000000,22
2016-08-31T13:15:00+05:30,1957.000000,1957.000000,1955.000000,1955.000000,39
2016-08-31T13:30:00+05:30,1955.000000,1958.650000,1954.100000,1954.100000,85
2016-08-31T13:45:00+05:30,1954.100000,1959.600000,1954.100000,1957.950000,576
2016-08-31T14:00:00+05:30,1957.950000,1964.000000,1954.000000,1962.900000,569
2016-08-31T14:15:00+05:30,1962.900000,1962.900000,1959.100000,1959.400000,491
2016-08-31T14:30:00+05:30,1959.400000,1959.400000,1956.000000,1958.000000,125
2016-08-31T14:45:00+05:30,1958.000000,1997.900000,1951.100000,1988.100000,3824
2016-08-31T15:00:00+05:30,1997.900000,1999.900000,1974.250000,1988.950000,4739
2016-08-31T15:15:00+05:30,1988.950000,2000.000000,1984.550000,1992.000000,3782
2016-09-01T09:15:00+05:30,1981.400000,1982.100000,1968.950000,1981.900000,433
2016-09-01T09:30:00+05:30,1981.900000,1983.000000,1972.000000,1978.900000,311
2016-09-01T09:45:00+05:30,1978.900000,1978.900000,1965.000000,1970.950000,1548
2016-09-01T10:00:00+05:30,1970.950000,1972.000000,1960.000000,1964.000000,820
2016-09-01T10:15:00+05:30,1964.000000,1968.950000,1964.000000,1967.850000,82
2016-09-01T10:30:00+05:30,1967.850000,1973.000000,1959.950000,1968.850000,597
2016-09-01T10:45:00+05:30,1968.850000,1972.800000,1965.000000,1970.900000,285
2016-09-01T11:00:00+05:30,1970.900000,1972.000000,1965.550000,1972.000000,100
2016-09-01T11:15:00+05:30,1972.000000,1972.000000,1967.300000,1970.800000,237
2016-09-01T11:30:00+05:30,1968.100000,1971.850000,1965.050000,1965.050000,701
2016-09-01T11:45:00+05:30,1965.050000,1968.850000,1963.000000,1965.000000,881
2016-09-01T12:00:00+05:30,1965.000000,1965.000000,1961.300000,1965.000000,55
2016-09-01T12:15:00+05:30,1965.000000,1966.800000,1962.150000,1966.800000,92
2016-09-01T12:30:00+05:30,1966.800000,1968.850000,1962.500000,1965.900000,394
2016-09-01T12:45:00+05:30,1965.900000,1968.850000,1965.900000,1968.850000,23
2016-09-01T13:00:00+05:30,1968.000000,1970.000000,1967.000000,1970.000000,147
2016-09-01T13:15:00+05:30,1970.000000,1974.000000,1968.100000,1970.100000,49
2016-09-01T13:30:00+05:30,1970.100000,1974.050000,1966.000000,1972.150000,191
2016-09-01T13:45:00+05:30,1972.150000,1972.150000,1966.550000,1966.550000,122
2016-09-01T14:00:00+05:30,1966.550000,1968.900000,1966.550000,1968.850000,85
2016-09-01T14:15:00+05:30,1968.850000,1969.000000,1965.150000,1965.150000,89
2016-09-01T14:30:00+05:30,1965.150000,1972.000000,1965.150000,1971.000000,153
2016-09-01T14:45:00+05:30,1971.000000,1973.700000,1961.300000,1964.650000,659
2016-09-01T15:00:00+05:30,1962.100000,1964.650000,1952.500000,1959.850000,2241
2016-09-01T15:15:00+05:30,1959.850000,1965.000000,1953.150000,1962.950000,956
2016-09-02T09:15:00+05:30,1969.950000,1969.950000,1957.050000,1957.050000,407
2016-09-02T09:30:00+05:30,1957.050000,1965.000000,1957.000000,1959.950000,135
2016-09-02T09:45:00+05:30,1959.950000,1959.950000,1956.150000,1956.750000,45
2016-09-02T10:00:00+05:30,1956.750000,1956.900000,1949.950000,1950.000000,251
2016-09-02T10:15:00+05:30,1950.000000,1954.900000,1950.000000,1953.900000,98
2016-09-02T10:30:00+05:30,1953.900000,1953.900000,1946.600000,1950.000000,249
2016-09-02T10:45:00+05:30,1950.000000,1959.900000,1943.500000,1946.800000,286
2016-09-02T11:00:00+05:30,1946.800000,1953.850000,1944.000000,1949.000000,648
2016-09-02T11:15:00+05:30,1949.000000,1949.900000,1947.000000,1949.900000,75
2016-09-02T11:30:00+05:30,1949.900000,1949.950000,1947.250000,1949.900000,35
2016-09-02T11:45:00+05:30,1949.900000,1949.900000,1942.000000,1947.700000,215
2016-09-02T12:00:00+05:30,1947.800000,1965.000000,1944.000000,1960.000000,1875
2016-09-02T12:15:00+05:30,1960.000000,1965.950000,1960.000000,1965.000000,1915
2016-09-02T12:30:00+05:30,1965.000000,1965.000000,1960.000000,1960.000000,104
2016-09-02T12:45:00+05:30,1965.000000,1965.900000,1960.100000,1965.000000,639
2016-09-02T13:00:00+05:30,1965.000000,1965.100000,1960.000000,1965.000000,517
2016-09-02T13:15:00+05:30,1961.050000,1965.250000,1960.250000,1965.250000,134
2016-09-02T13:30:00+05:30,1965.250000,1970.000000,1960.000000,1970.000000,894
2016-09-02T13:45:00+05:30,1970.000000,1972.750000,1966.650000,1967.100000,135
2016-09-02T14:00:00+05:30,1967.100000,1975.600000,1967.100000,1971.400000,965
2016-09-02T14:15:00+05:30,1971.400000,1971.450000,1964.050000,1964.200000,40
2016-09-02T14:30:00+05:30,1964.200000,1964.200000,1960.800000,1963.450000,60
2016-09-02T14:45:00+05:30,1963.450000,1975.150000,1960.150000,1969.900000,2162
2016-09-02T15:00:00+05:30,1969.900000,1976.500000,1961.000000,1975.000000,1738
2016-09-02T15:15:00+05:30,1975.000000,1990.000000,1967.200000,1990.000000,1271
2016-09-06T09:15:00+05:30,1975.000000,1975.000000,1961.100000,1972.100000,179
2016-09-06T09:30:00+05:30,1972.100000,1973.800000,1968.000000,1972.900000,210
2016-09-06T09:45:00+05:30,1972.900000,1972.900000,1969.000000,1971.000000,648
2016-09-06T10:00:00+05:30,1971.000000,1971.000000,1966.150000,1970.450000,195
2016-09-06T10:15:00+05:30,1970.450000,1971.000000,1966.200000,1969.900000,89
2016-09-06T10:30:00+05:30,1969.900000,1972.000000,1969.850000,1972.000000,196
2016-09-06T10:45:00+05:30,1972.000000,1974.000000,1970.000000,1973.000000,1170
2016-09-06T11:00:00+05:30,1973.000000,1973.000000,1970.000000,1972.000000,103
2016-09-06T11:15:00+05:30,1972.000000,1973.000000,1972.000000,1972.000000,45
2016-09-06T11:30:00+05:30,1972.000000,1973.000000,1970.050000,1971.850000,52
2016-09-06T11:45:00+05:30,1971.850000,1972.100000,1970.350000,1970.400000,6
2016-09-06T12:00:00+05:30,1970.400000,1972.800000,1970.000000,1972.750000,54
2016-09-06T12:15:00+05:30,1972.750000,1977.000000,1970.000000,1977.000000,422
2016-09-06T12:30:00+05:30,1977.000000,2002.000000,1977.000000,1990.000000,2199
2016-09-06T12:45:00+05:30,1990.000000,1993.950000,1990.000000,1991.150000,271
2016-09-06T13:00:00+05:30,1991.150000,1992.750000,1991.050000,1992.450000,83
2016-09-06T13:15:00+05:30,1992.450000,1992.650000,1991.000000,1991.950000,157
2016-09-06T13:30:00+05:30,1991.950000,1991.950000,1990.000000,1990.000000,78
2016-09-06T13:45:00+05:30,1990.000000,1992.000000,1986.000000,1986.000000,262
2016-09-06T14:00:00+05:30,1986.000000,1989.900000,1980.000000,1980.000000,333
2016-09-06T14:15:00+05:30,1980.000000,1983.500000,1978.550000,1980.550000,147
2016-09-06T14:30:00+05:30,1980.550000,1990.000000,1980.000000,1989.800000,757
2016-09-06T14:45:00+05:30,1989.800000,1989.800000,1980.100000,1985.500000,177
2016-09-06T15:00:00+05:30,1987.350000,2000.000000,1987.150000,2000.000000,1513
2016-09-06T15:15:00+05:30,2000.000000,2008.950000,1984.850000,1995.000000,2868
2016-09-07T09:15:00+05:30,2004.950000,2004.950000,1973.050000,1988.200000,132
2016-09-07T09:30:00+05:30,1988.200000,1990.100000,1988.200000,1990.100000,122
2016-09-07T09:45:00+05:30,1990.100000,1995.750000,1985.500000,1985.500000,145
2016-09-07T10:00:00+05:30,1985.500000,1987.050000,1982.500000,1982.500000,147
2016-09-07T10:15:00+05:30,1982.500000,1984.000000,1981.550000,1983.950000,148
2016-09-07T10:30:00+05:30,1983.950000,1983.950000,1980.000000,1981.050000,193
2016-09-07T10:45:00+05:30,1981.050000,1985.800000,1980.050000,1984.950000,69
2016-09-07T11:00:00+05:30,1984.950000,1985.700000,1981.150000,1983.850000,136
2016-09-07T11:15:00+05:30,1983.850000,1984.500000,1983.550000,1984.500000,26
2016-09-07T11:30:00+05:30,1984.500000,1990.000000,1983.100000,1984.550000,57
2016-09-07T11:45:00+05:30,1984.550000,1990.000000,1984.550000,1987.100000,15
2016-09-07T12:00:00+05:30,1987.100000,1987.100000,1981.600000,1982.050000,157
2016-09-07T12:15:00+05:30,1982.050000,2003.950000,1982.050000,2001.000000,1526
2016-09-07T12:30:00+05:30,2001.000000,2001.300000,2000.000000,2001.000000,751
2016-09-07T12:45:00+05:30,2001.000000,2001.000000,2000.000000,2000.100000,455
2016-09-07T13:00:00+05:30,2000.100000,2002.000000,2000.000000,2000.050000,273
2016-09-07T13:15:00+05:30,2000.050000,2002.750000,2000.000000,2002.000000,208
2016-09-07T13:30:00+05:30,2002.000000,2006.000000,2000.500000,2004.250000,352
2016-09-07T13:45:00+05:30,2004.250000,2004.500000,2000.000000,2001.800000,355
2016-09-07T14:00:00+05:30,2001.800000,2003.900000,2000.000000,2003.300000,187
2016-09-07T14:15:00+05:30,2003.300000,2003.950000,2000.000000,2003.550000,291
2016-09-07T14:30:00+05:30,2003.050000,2006.000000,2000.200000,2000.200000,508
2016-09-07T14:45:00+05:30,2000.250000,2004.950000,2000.000000,2000.200000,307
2016-09-07T15:00:00+05:30,2000.200000,2004.500000,2000.000000,2000.200000,608
2016-09-07T15:15:00+05:30,2000.000000,2010.000000,2000.000000,2010.000000,1141
2016-09-08T09:15:00+05:30,2000.000000,2000.000000,1995.000000,1996.000000,298
2016-09-08T09:30:00+05:30,2000.000000,2000.000000,1996.000000,1998.950000,228
2016-09-08T09:45:00+05:30,1998.950000,1998.950000,1995.050000,1998.000000,325
2016-09-08T10:00:00+05:30,1995.500000,1998.000000,1995.500000,1995.600000,104
2016-09-08T10:15:00+05:30,1995.600000,1997.800000,1995.600000,1997.800000,66
2016-09-08T10:30:00+05:30,1997.800000,1998.000000,1995.100000,1995.100000,83
2016-09-08T10:45:00+05:30,1995.100000,1996.000000,1995.100000,1996.000000,1
2016-09-08T11:00:00+05:30,1996.000000,1996.000000,1994.700000,1994.700000,20
2016-09-08T11:15:00+05:30,1993.250000,1998.700000,1993.050000,1998.700000,115
2016-09-08T11:30:00+05:30,1998.700000,2020.000000,1998.700000,2012.000000,5233
2016-09-08T11:45:00+05:30,2012.000000,2030.000000,2012.000000,2022.000000,6663
2016-09-08T12:00:00+05:30,2022.000000,2030.000000,2022.000000,2023.050000,1481
2016-09-08T12:15:00+05:30,2023.050000,2023.050000,2004.900000,2009.000000,1651
2016-09-08T12:30:00+05:30,2009.000000,2024.900000,2008.900000,2019.100000,1689
2016-09-08T12:45:00+05:30,2019.100000,2023.800000,2016.350000,2020.750000,323
2016-09-08T13:00:00+05:30,2021.000000,2043.900000,2015.000000,2035.000000,4091
2016-09-08T13:15:00+05:30,2035.000000,2048.000000,2032.400000,2037.900000,1685
2016-09-08T13:30:00+05:30,2037.900000,2040.000000,2035.700000,2036.000000,476
2016-09-08T13:45:00+05:30,2036.000000,2036.550000,2023.000000,2031.000000,961
2016-09-08T14:00:00+05:30,2031.000000,2031.000000,2025.050000,2025.050000,387
2016-09-08T14:15:00+05:30,2025.050000,2026.000000,2021.000000,2025.000000,120
2016-09-08T14:30:00+05:30,2025.000000,2031.050000,2025.000000,2030.250000,301
2016-09-08T14:45:00+05:30,2030.250000,2042.000000,2029.100000,2033.950000,2587
2016-09-08T15:00:00+05:30,2033.950000,2040.050000,2033.950000,2039.950000,805
2016-09-08T15:15:00+05:30,2039.950000,2041.800000,2031.850000,2039.000000,3393
2016-09-09T09:15:00+05:30,2045.000000,2048.950000,2037.000000,2042.300000,1123
2016-09-09T09:30:00+05:30,2042.300000,2042.300000,2028.050000,2030.450000,425
2016-09-09T09:45:00+05:30,2032.000000,2032.000000,2022.800000,2025.000000,859
2016-09-09T10:00:00+05:30,2011.650000,2031.000000,2011.650000,2017.000000,1345
2016-09-09T10:15:00+05:30,2017.000000,2024.550000,2013.100000,2013.100000,314
2016-09-09T10:30:00+05:30,2010.000000,2014.700000,2001.050000,2013.000000,674
2016-09-09T10:45:00+05:30,2013.000000,2018.950000,2008.800000,2010.050000,548
2016-09-09T11:00:00+05:30,2010.050000,2015.050000,2010.050000,2015.050000,94
2016-09-09T11:15:00+05:30,2015.050000,2019.000000,2011.500000,2013.450000,676
2016-09-09T11:30:00+05:30,2013.450000,2018.500000,2012.100000,2015.200000,525
2016-09-09T11:45:00+05:30,2015.200000,2016.950000,2013.000000,2014.450000,476
2016-09-09T12:00:00+05:30,2014.450000,2016.950000,2012.300000,2013.400000,140
2016-09-09T12:15:00+05:30,2013.400000,2017.700000,2010.000000,2010.000000,326
2016-09-09T12:30:00+05:30,2010.000000,2010.000000,2009.750000,2010.000000,136
2016-09-09T12:45:00+05:30,2010.000000,2010.000000,2008.850000,2008.850000,192
2016-09-09T13:00:00+05:30,2008.850000,2016.050000,2008.850000,2016.050000,80
2016-09-09T13:15:00+05:30,2016.000000,2017.000000,2013.400000,2017.000000,167
2016-09-09T13:30:00+05:30,2017.000000,2017.700000,2015.800000,2017.000000,118
2016-09-09T13:45:00+05:30,2010.150000,2015.400000,2010.150000,2015.400000,108
2016-09-09T14:00:00+05:30,2016.800000,2016.800000,2016.000000,2016.000000,180
2016-09-09T14:15:00+05:30,2016.000000,2024.850000,2015.000000,2015.000000,377
2016-09-09T14:30:00+05:30,2015.000000,2020.000000,2015.000000,2015.000000,115
2016-09-09T14:45:00+05:30,2015.000000,2020.000000,2015.000000,2015.000000,140
2016-09-09T15:00:00+05:30,2015.000000,2019.750000,2010.000000,2010.000000,253
2016-09-09T15:15:00+05:30,2010.000000,2021.000000,2001.550000,2021.000000,2382
2016-09-12T09:15:00+05:30,2000.000000,2010.000000,1986.500000,2000.000000,464
2016-09-12T09:30:00+05:30,2000.000000,2009.950000,1996.000000,1998.100000,230
2016-09-12T09:45:00+05:30,1998.100000,2002.000000,1995.000000,1998.000000,197
2016-09-12T10:00:00+05:30,1998.000000,2000.000000,1996.100000,1999.800000,37
2016-09-12T10:15:00+05:30,1999.800000,2000.000000,1996.100000,1997.000000,89
2016-09-12T10:30:00+05:30,1998.950000,1999.800000,1996.100000,1999.750000,44
2016-09-12T10:45:00+05:30,1999.750000,1999.750000,1995.000000,1995.600000,170
2016-09-12T11:00:00+05:30,1995.600000,1999.550000,1995.300000,1998.150000,26
2016-09-12T11:15:00+05:30,1998.150000,1999.450000,1996.300000,1999.450000,135
2016-09-12T11:30:00+05:30,1999.450000,1999.450000,1996.000000,1999.450000,122
2016-09-12T11:45:00+05:30,1999.450000,2000.000000,1996.000000,1998.950000,149
2016-09-12T12:00:00+05:30,1998.950000,1998.950000,1995.500000,1995.500000,108
2016-09-12T12:15:00+05:30,1995.500000,1997.800000,1995.500000,1996.000000,47
2016-09-12T12:30:00+05:30,1995.550000,1997.100000,1995.500000,1997.100000,32
2016-09-12T12:45:00+05:30,1997.800000,1997.800000,1995.000000,1995.000000,175
2016-09-12T13:00:00+05:30,1995.000000,1996.750000,1995.000000,1996.750000,3
2016-09-12T13:15:00+05:30,1996.750000,1996.750000,1993.200000,1993.250000,258
2016-09-12T13:30:00+05:30,1993.250000,1994.950000,1992.300000,1993.950000,20
2016-09-12T13:45:00+05:30,1995.000000,1995.000000,1988.000000,1988.600000,49
2016-09-12T14:00:00+05:30,1988.600000,1992.950000,1985.050000,1988.750000,133
2016-09-12T14:15:00+05:30,1988.750000,1989.950000,1986.150000,1989.900000,153
2016-09-12T14:30:00+05:30,1989.900000,1989.900000,1984.000000,1987.950000,175
2016-09-12T14:45:00+05:30,1987.950000,1989.000000,1985.000000,1986.000000,107
2016-09-12T15:00:00+05:30,1986.000000,1989.000000,1981.100000,1982.100000,426
2016-09-12T15:15:00+05:30,1982.100000,1982.150000,1973.000000,1974.150000,781
2016-09-14T09:15:00+05:30,1981.950000,1990.000000,1975.000000,1984.950000,710
2016-09-14T09:30:00+05:30,1984.950000,1984.950000,1981.200000,1981.600000,34
2016-09-14T09:45:00+05:30,1981.600000,1984.800000,1981.600000,1981.600000,115
2016-09-14T10:00:00+05:30,1981.600000,1985.000000,1981.600000,1985.000000,119
2016-09-14T10:15:00+05:30,1983.050000,1985.000000,1983.000000,1985.000000,16
2016-09-14T10:30:00+05:30,1985.000000,1986.000000,1983.250000,1986.000000,62
2016-09-14T10:45:00+05:30,1986.000000,1986.000000,1983.300000,1983.300000,91
2016-09-14T11:00:00+05:30,1985.000000,1987.000000,1985.000000,1987.000000,273
2016-09-14T11:15:00+05:30,1987.000000,1987.000000,1983.050000,1983.050000,100
2016-09-14T11:30:00+05:30,1983.050000,1983.050000,1980.000000,1982.000000,652
2016-09-14T11:45:00+05:30,1982.000000,1982.000000,1980.000000,1982.000000,17
2016-09-14T12:00:00+05:30,1982.000000,1982.000000,1980.000000,1982.000000,89
2016-09-14T12:15:00+05:30,1982.000000,1982.000000,1977.800000,1979.900000,56
2016-09-14T12:30:00+05:30,1979.900000,1980.250000,1977.800000,1977.800000,24
2016-09-14T12:45:00+05:30,1977.800000,1980.250000,1977.800000,1979.000000,11
2016-09-14T13:00:00+05:30,1979.000000,1979.000000,1978.100000,1978.100000,3
2016-09-14T13:15:00+05:30,1978.100000,1978.100000,1970.000000,1970.100000,382
2016-09-14T13:30:00+05:30,1970.500000,1971.000000,1969.000000,1970.000000,232
2016-09-14T13:45:00+05:30,1970.000000,1972.650000,1968.250000,1972.650000,174
2016-09-14T14:00:00+05:30,1972.650000,1974.500000,1972.650000,1974.500000,180
2016-09-14T14:15:00+05:30,1974.500000,1977.000000,1973.050000,1976.800000,152
2016-09-14T14:30:00+05:30,1976.800000,1976.800000,1972.500000,1972.500000,115
2016-09-14T14:45:00+05:30,1972.500000,1980.900000,1972.500000,1975.000000,145
2016-09-14T15:00:00+05:30,1975.000000,1975.000000,1970.500000,1970.500000,142
2016-09-14T15:15:00+05:30,1970.500000,1980.100000,1965.000000,1967.150000,840
2016-09-15T09:15:00+05:30,1973.100000,1977.950000,1973.100000,1975.050000,174
2016-09-15T09:30:00+05:30,1975.050000,1979.500000,1975.050000,1977.100000,156
2016-09-15T09:45:00+05:30,1977.100000,1977.700000,1976.750000,1977.700000,10
2016-09-15T10:00:00+05:30,1977.700000,1978.900000,1975.300000,1978.800000,98
2016-09-15T10:15:00+05:30,1978.850000,1978.850000,1961.600000,1967.450000,103
2016-09-15T10:30:00+05:30,1967.450000,1977.000000,1961.650000,1966.000000,125
2016-09-15T10:45:00+05:30,1966.000000,1972.100000,1966.000000,1972.100000,19
2016-09-15T11:00:00+05:30,1972.100000,1972.100000,1970.200000,1972.000000,2
2016-09-15T11:15:00+05:30,1972.000000,1972.050000,1972.000000,1972.050000,1
2016-09-15T11:30:00+05:30,1972.050000,1972.050000,1970.000000,1972.050000,19
2016-09-15T11:45:00+05:30,1972.050000,1975.000000,1972.050000,1975.000000,48
2016-09-15T12:00:00+05:30,1975.000000,1981.650000,1975.000000,1980.000000,226
2016-09-15T12:15:00+05:30,1980.000000,1980.000000,1977.500000,1977.500000,87
2016-09-15T12:30:00+05:30,1977.500000,1979.950000,1976.350000,1976.350000,25
2016-09-15T12:45:00+05:30,1976.350000,1979.950000,1972.100000,1975.900000,145
2016-09-15T13:00:00+05:30,1975.900000,1975.900000,1972.000000,1973.950000,110
2016-09-15T13:15:00+05:30,1973.950000,1973.950000,1969.000000,1969.150000,11
2016-09-15T13:30:00+05:30,1969.150000,1972.950000,1966.250000,1968.050000,94
2016-09-15T13:45:00+05:30,1966.400000,1966.400000,1966.400000,1966.400000,137
2016-09-15T14:00:00+05:30,1966.400000,1966.450000,1961.600000,1961.600000,270
2016-09-15T14:15:00+05:30,1961.600000,1970.000000,1961.600000,1968.950000,102
2016-09-15T14:30:00+05:30,1968.950000,1971.500000,1962.250000,1962.250000,104
2016-09-15T14:45:00+05:30,1962.250000,1966.850000,1961.600000,1964.750000,115
2016-09-15T15:00:00+05:30,1964.750000,1968.850000,1963.750000,1968.000000,102
2016-09-15T15:15:00+05:30,1968.000000,1980.000000,1965.000000,1974.850000,801
2016-09-16T09:15:00+05:30,1980.000000,1980.000000,1972.150000,1979.850000,176
2016-09-16T09:30:00+05:30,1979.850000,1984.900000,1975.050000,1981.550000,477
2016-09-16T09:45:00+05:30,1981.550000,1984.700000,1975.800000,1981.950000,110
2016-09-16T10:00:00+05:30,1981.950000,1983.950000,1978.950000,1983.950000,49
2016-09-16T10:15:00+05:30,1983.950000,1983.950000,1977.550000,1983.650000,20
2016-09-16T10:30:00+05:30,1983.650000,1983.650000,1981.600000,1983.600000,39
2016-09-16T10:45:00+05:30,1983.600000,1983.800000,1981.500000,1981.600000,154
2016-09-16T11:00:00+05:30,1981.100000,1985.000000,1976.200000,1980.700000,314
2016-09-16T11:15:00+05:30,1980.700000,1982.000000,1980.700000,1982.000000,15
2016-09-16T11:30:00+05:30,1982.000000,1982.000000,1976.300000,1978.800000,29
2016-09-16T11:45:00+05:30,1978.800000,1980.500000,1978.800000,1980.500000,35
2016-09-16T12:00:00+05:30,1980.500000,1981.000000,1979.750000,1981.000000,102
2016-09-16T12:15:00+05:30,1981.000000,1981.000000,1979.750000,1979.750000,81
2016-09-16T12:30:00+05:30,1979.750000,1980.900000,1979.750000,1980.900000,13
2016-09-16T12:45:00+05:30,1980.900000,1980.900000,1973.600000,1973.600000,222
2016-09-16T13:00:00+05:30,1973.600000,1979.850000,1973.600000,1979.850000,20
2016-09-16T13:15:00+05:30,1979.850000,1979.850000,1973.050000,1979.800000,23
2016-09-16T13:30:00+05:30,1979.800000,1979.900000,1970.150000,1975.000000,177
2016-09-16T13:45:00+05:30,1975.000000,1979.900000,1970.650000,1973.950000,31
2016-09-16T14:00:00+05:30,1973.950000,1977.000000,1973.950000,1977.000000,70
2016-09-16T14:15:00+05:30,1977.000000,1977.000000,1970.150000,1975.000000,141
2016-09-16T14:30:00+05:30,1975.000000,1985.000000,1970.550000,1981.900000,611
2016-09-16T14:45:00+05:30,1981.900000,1993.850000,1981.850000,1988.000000,623
2016-09-16T15:00:00+05:30,1988.000000,2030.000000,1988.000000,2030.000000,6878
2016-09-16T15:15:00+05:30,2030.000000,2049.500000,2015.100000,2038.000000,5243
2016-09-19T09:15:00+05:30,2021.000000,2027.000000,2010.000000,2020.000000,481
2016-09-19T09:30:00+05:30,2020.000000,2020.000000,2017.000000,2019.700000,69
2016-09-19T09:45:00+05:30,2019.700000,2020.000000,2017.000000,2019.700000,136
2016-09-19T10:00:00+05:30,2019.700000,2023.000000,2018.000000,2019.050000,253
2016-09-19T10:15:00+05:30,2021.800000,2024.000000,2018.000000,2020.000000,138
2016-09-19T10:30:00+05:30,2020.000000,2023.950000,2015.300000,2015.300000,160
2016-09-19T10:45:00+05:30,2015.300000,2023.700000,2015.300000,2020.000000,139
2016-09-19T11:00:00+05:30,2020.000000,2044.800000,2020.000000,2038.700000,678
2016-09-19T11:15:00+05:30,2038.700000,2039.900000,2032.000000,2032.500000,142
2016-09-19T11:30:00+05:30,2032.500000,2043.900000,2032.050000,2035.000000,145
2016-09-19T11:45:00+05:30,2035.000000,2035.000000,2019.000000,2021.000000,463
2016-09-19T12:00:00+05:30,2021.000000,2025.100000,2019.000000,2025.000000,117
2016-09-19T12:15:00+05:30,2025.000000,2025.150000,2019.000000,2019.000000,119
2016-09-19T12:30:00+05:30,2019.000000,2020.000000,2019.000000,2020.000000,130
2016-09-19T12:45:00+05:30,2020.000000,2020.000000,2019.000000,2020.000000,14
2016-09-19T13:00:00+05:30,2020.000000,2020.000000,2008.050000,2008.050000,793
2016-09-19T13:15:00+05:30,2008.050000,2015.000000,2008.000000,2015.000000,29
2016-09-19T13:30:00+05:30,2015.000000,2019.700000,2013.650000,2016.000000,53
2016-09-19T13:45:00+05:30,2016.000000,2016.000000,2009.000000,2009.000000,472
2016-09-19T14:00:00+05:30,2009.000000,2016.000000,2008.250000,2010.850000,66
2016-09-19T14:15:00+05:30,2010.850000,2014.000000,2010.850000,2014.000000,16
2016-09-19T14:30:00+05:30,2014.000000,2015.000000,2011.050000,2011.050000,158
2016-09-19T14:45:00+05:30,2011.050000,2014.400000,2011.000000,2011.100000,144
2016-09-19T15:00:00+05:30,2011.100000,2017.000000,2001.000000,2004.000000,611
2016-09-19T15:15:00+05:30,2004.000000,2015.000000,2001.500000,2005.000000,622
2016-09-20T09:15:00+05:30,2017.050000,2020.000000,2006.850000,2016.800000,128
2016-09-20T09:30:00+05:30,2016.800000,2016.800000,2002.250000,2012.000000,66
2016-09-20T09:45:00+05:30,2012.000000,2015.000000,2005.000000,2010.000000,79
2016-09-20T10:00:00+05:30,2010.000000,2010.000000,2008.000000,2008.000000,16
2016-09-20T10:15:00+05:30,2008.000000,2010.000000,2008.000000,2008.000000,52
2016-09-20T10:30:00+05:30,2005.050000,2005.050000,2002.450000,2005.000000,99
2016-09-20T10:45:00+05:30,2005.000000,2009.000000,2002.500000,2009.000000,22
2016-09-20T11:00:00+05:30,2009.000000,2009.000000,2005.050000,2008.000000,30
2016-09-20T11:15:00+05:30,2008.000000,2008.000000,2008.000000,2008.000000,0
2016-09-20T11:30:00+05:30,2008.000000,2008.000000,2003.050000,2003.050000,18
2016-09-20T11:45:00+05:30,2003.050000,2005.650000,2003.050000,2005.650000,17
2016-09-20T12:00:00+05:30,2005.650000,2009.000000,2003.100000,2009.000000,111
2016-09-20T12:15:00+05:30,2009.000000,2009.000000,2002.550000,2002.550000,126
2016-09-20T12:30:00+05:30,2002.550000,2004.000000,2002.550000,2004.000000,26
2016-09-20T12:45:00+05:30,2004.000000,2004.000000,2004.000000,2004.000000,0
2016-09-20T13:00:00+05:30,2004.000000,2014.950000,2003.150000,2003.150000,100
2016-09-20T13:15:00+05:30,2003.150000,2010.000000,2003.150000,2010.000000,26
2016-09-20T13:30:00+05:30,2010.000000,2010.000000,2005.250000,2005.250000,2
2016-09-20T13:45:00+05:30,2005.250000,2009.950000,2004.000000,2009.950000,46
2016-09-20T14:00:00+05:30,2009.950000,2009.950000,2008.950000,2008.950000,10
2016-09-20T14:15:00+05:30,2008.950000,2008.950000,2003.650000,2008.000000,96
2016-09-20T14:30:00+05:30,2008.000000,2008.750000,2003.500000,2005.050000,89
2016-09-20T14:45:00+05:30,2005.050000,2009.000000,2005.050000,2008.250000,171
2016-09-20T15:00:00+05:30,2008.250000,2010.000000,2005.200000,2005.200000,245
2016-09-20T15:15:00+05:30,2009.950000,2014.000000,2005.350000,2014.000000,528
2016-09-21T09:15:00+05:30,2012.000000,2022.000000,2012.000000,2019.900000,251
2016-09-21T09:30:00+05:30,2019.900000,2019.950000,2012.000000,2012.000000,423
2016-09-21T09:45:00+05:30,2012.000000,2012.000000,2007.050000,2007.050000,246
2016-09-21T10:00:00+05:30,2007.050000,2007.050000,1997.450000,2000.000000,2088
2016-09-21T10:15:00+05:30,2000.000000,2000.150000,1999.900000,2000.100000,344
2016-09-21T10:30:00+05:30,2000.100000,2000.100000,1999.000000,2000.000000,77
2016-09-21T10:45:00+05:30,2000.000000,2004.000000,1999.000000,2000.000000,447
2016-09-21T11:00:00+05:30,2000.000000,2001.550000,1998.000000,2000.950000,56
2016-09-21T11:15:00+05:30,2000.950000,2001.500000,1982.000000,1990.000000,656
2016-09-21T11:30:00+05:30,1990.000000,1990.000000,1986.350000,1986.350000,110
2016-09-21T11:45:00+05:30,1986.350000,1989.800000,1986.350000,1989.000000,41
2016-09-21T12:00:00+05:30,1989.000000,1998.000000,1989.000000,1993.050000,169
2016-09-21T12:15:00+05:30,1993.050000,1996.000000,1986.350000,1990.800000,136
2016-09-21T12:30:00+05:30,1990.800000,1997.000000,1990.800000,1994.900000,70
2016-09-21T12:45:00+05:30,1994.900000,1994.900000,1992.000000,1992.000000,23
2016-09-21T13:00:00+05:30,1992.000000,1996.000000,1992.000000,1996.000000,30
2016-09-21T13:15:00+05:30,1996.000000,1996.000000,1993.050000,1995.950000,20
2016-09-21T13:30:00+05:30,1995.950000,1995.950000,1991.600000,1991.600000,89
2016-09-21T13:45:00+05:30,1991.600000,1995.700000,1985.000000,1985.000000,124
2016-09-21T14:00:00+05:30,1985.000000,1985.850000,1982.000000,1985.850000,241
2016-09-21T14:15:00+05:30,1985.850000,1993.000000,1984.150000,1993.000000,260
2016-09-21T14:30:00+05:30,1993.000000,1994.000000,1990.000000,1990.000000,266
2016-09-21T14:45:00+05:30,1990.000000,1994.000000,1990.000000,1993.500000,225
2016-09-21T15:00:00+05:30,1993.500000,1994.000000,1990.200000,1994.000000,76
2016-09-21T15:15:00+05:30,1994.000000,2002.250000,1992.850000,1998.000000,827
2016-09-22T09:15:00+05:30,2001.000000,2010.000000,1988.000000,1990.000000,183
2016-09-22T09:30:00+05:30,1990.000000,2006.000000,1990.000000,1996.050000,82
2016-09-22T09:45:00+05:30,1996.050000,2000.250000,1996.050000,1997.000000,222
2016-09-22T10:00:00+05:30,1997.000000,2006.950000,1997.000000,2000.000000,56
2016-09-22T10:15:00+05:30,2000.000000,2000.000000,1997.000000,1999.000000,111
2016-09-22T10:30:00+05:30,1999.000000,1999.900000,1997.000000,1997.050000,71
2016-09-22T10:45:00+05:30,1997.050000,1999.800000,1997.000000,1999.800000,44
2016-09-22T11:00:00+05:30,1999.800000,2000.000000,1999.800000,2000.000000,22
2016-09-22T11:15:00+05:30,2003.750000,2003.750000,1999.550000,1999.550000,190
2016-09-22T11:30:00+05:30,1999.550000,1999.550000,1997.000000,1997.000000,100
2016-09-22T11:45:00+05:30,1997.000000,1999.900000,1997.000000,1999.900000,20
2016-09-22T12:00:00+05:30,1999.900000,1999.900000,1997.000000,1997.000000,74
2016-09-22T12:15:00+05:30,1997.000000,1999.900000,1997.000000,1999.900000,5
2016-09-22T12:30:00+05:30,1999.900000,1999.950000,1997.000000,1997.000000,258
2016-09-22T12:45:00+05:30,1997.000000,1999.950000,1996.750000,1999.950000,17
2016-09-22T13:00:00+05:30,1999.950000,1999.950000,1997.000000,1997.000000,57
2016-09-22T13:15:00+05:30,1997.000000,1997.000000,1997.000000,1997.000000,83
2016-09-22T13:30:00+05:30,1997.000000,1997.000000,1996.050000,1996.050000,110
2016-09-22T13:45:00+05:30,1996.000000,1999.900000,1990.050000,1999.900000,152
2016-09-22T14:00:00+05:30,1999.900000,1999.900000,1996.000000,1996.000000,36
2016-09-22T14:15:00+05:30,1996.000000,1998.000000,1996.000000,1998.000000,68
2016-09-22T14:30:00+05:30,1998.000000,1999.000000,1991.100000,1993.750000,95
2016-09-22T14:45:00+05:30,1993.750000,1993.900000,1981.150000,1991.950000,545
2016-09-22T15:00:00+05:30,1991.950000,1997.150000,1982.050000,1995.950000,237
2016-09-22T15:15:00+05:30,1994.150000,1994.150000,1980.000000,1989.950000,976
2016-09-23T09:15:00+05:30,1994.050000,1994.850000,1981.500000,1986.000000,463
2016-09-23T09:30:00+05:30,1986.000000,1988.000000,1982.350000,1983.000000,128
2016-09-23T09:45:00+05:30,1983.000000,1989.950000,1982.350000,1989.950000,353
2016-09-23T10:00:00+05:30,1989.950000,1993.250000,1985.000000,1985.000000,48
2016-09-23T10:15:00+05:30,1985.000000,1988.950000,1982.200000,1982.200000,73
2016-09-23T10:30:00+05:30,1982.200000,1982.200000,1976.900000,1979.950000,347
2016-09-23T10:45:00+05:30,1979.950000,1980.350000,1976.050000,1980.350000,204
2016-09-23T11:00:00+05:30,1982.950000,1983.400000,1976.400000,1979.950000,79
2016-09-23T11:15:00+05:30,1979.950000,1980.000000,1976.950000,1976.950000,141
2016-09-23T11:30:00+05:30,1976.950000,1982.800000,1976.950000,1982.800000,53
2016-09-23T11:45:00+05:30,1982.800000,1982.800000,1981.800000,1982.400000,35
2016-09-23T12:00:00+05:30,1982.400000,1982.900000,1980.000000,1981.000000,67
2016-09-23T12:15:00+05:30,1981.000000,1982.000000,1980.000000,1980.000000,82
2016-09-23T12:30:00+05:30,1980.000000,1982.300000,1979.350000,1980.000000,264
2016-09-23T12:45:00+05:30,1980.000000,1980.000000,1977.100000,1977.100000,85
2016-09-23T13:00:00+05:30,1977.100000,1978.000000,1977.100000,1977.150000,96
2016-09-23T13:15:00+05:30,1978.000000,1980.000000,1977.000000,1980.000000,1070
2016-09-23T13:30:00+05:30,1980.000000,1980.000000,1977.000000,1980.000000,131
2016-09-23T13:45:00+05:30,1980.000000,1980.000000,1977.000000,1979.950000,222
2016-09-23T14:00:00+05:30,1979.950000,1979.950000,1962.000000,1967.500000,1540
2016-09-23T14:15:00+05:30,1967.500000,1970.000000,1966.100000,1967.000000,840
2016-09-23T14:30:00+05:30,1967.000000,1970.000000,1965.000000,1969.950000,747
2016-09-23T14:45:00+05:30,1969.950000,1970.000000,1965.000000,1968.300000,148
2016-09-23T15:00:00+05:30,1968.300000,1970.000000,1963.050000,1965.000000,464
2016-09-23T15:15:00+05:30,1965.000000,1967.950000,1960.000000,1960.000000,1091
2016-09-26T09:15:00+05:30,1969.950000,1969.950000,1950.000000,1965.100000,422
2016-09-26T09:30:00+05:30,1965.100000,1965.500000,1960.000000,1962.000000,96
2016-09-26T09:45:00+05:30,1962.000000,1964.000000,1960.000000,1963.000000,104
2016-09-26T10:00:00+05:30,1963.000000,1963.000000,1955.100000,1960.100000,369
2016-09-26T10:15:00+05:30,1960.100000,1962.950000,1960.100000,1961.000000,96
2016-09-26T10:30:00+05:30,1961.000000,1962.850000,1960.000000,1960.000000,18
2016-09-26T10:45:00+05:30,1960.000000,1960.000000,1951.500000,1955.000000,593
2016-09-26T11:00:00+05:30,1955.000000,1955.000000,1947.050000,1949.600000,722
2016-09-26T11:15:00+05:30,1949.600000,1949.600000,1948.000000,1948.000000,102
2016-09-26T11:30:00+05:30,1948.000000,1949.600000,1948.000000,1949.600000,25
2016-09-26T11:45:00+05:30,1949.600000,1950.000000,1948.050000,1950.000000,346
2016-09-26T12:00:00+05:30,1950.000000,1950.000000,1949.950000,1950.000000,288
2016-09-26T12:15:00+05:30,1950.000000,1950.000000,1948.000000,1948.000000,348
2016-09-26T12:30:00+05:30,1948.000000,1950.000000,1947.800000,1947.800000,75
2016-09-26T12:45:00+05:30,1947.800000,1949.850000,1947.050000,1949.850000,55
2016-09-26T13:00:00+05:30,1949.850000,1950.000000,1947.550000,1947.550000,219
2016-09-26T13:15:00+05:30,1947.550000,1947.550000,1939.000000,1940.000000,1928
2016-09-26T13:30:00+05:30,1940.000000,1941.400000,1925.050000,1933.400000,1017
2016-09-26T13:45:00+05:30,1933.400000,1934.650000,1926.100000,1927.200000,148
2016-09-26T14:00:00+05:30,1927.500000,1932.900000,1927.150000,1927.650000,286
2016-09-26T14:15:00+05:30,1927.650000,1930.000000,1927.600000,1929.900000,227
2016-09-26T14:30:00+05:30,1929.900000,1930.000000,1929.850000,1929.950000,103
2016-09-26T14:45:00+05:30,1929.950000,1930.000000,1927.000000,1927.000000,2004
2016-09-26T15:00:00+05:30,1927.000000,1959.000000,1927.000000,1934.000000,12800
2016-09-26T15:15:00+05:30,1934.000000,1938.000000,1925.000000,1931.950000,2130
2016-09-27T09:15:00+05:30,1941.000000,1943.800000,1931.950000,1940.000000,292
2016-09-27T09:30:00+05:30,1940.000000,1940.800000,1932.950000,1939.950000,146
2016-09-27T09:45:00+05:30,1939.950000,1940.000000,1935.000000,1939.950000,154
2016-09-27T10:00:00+05:30,1939.950000,1940.800000,1935.050000,1940.800000,69
2016-09-27T10:15:00+05:30,1940.800000,1940.800000,1925.000000,1925.000000,859
2016-09-27T10:30:00+05:30,1925.000000,1928.550000,1912.000000,1916.100000,1754
2016-09-27T10:45:00+05:30,1916.100000,1924.700000,1910.000000,1915.000000,1553
2016-09-27T11:00:00+05:30,1912.050000,1921.000000,1912.050000,1913.000000,906
2016-09-27T11:15:00+05:30,1913.000000,1914.000000,1906.000000,1907.050000,1673
2016-09-27T11:30:00+05:30,1907.100000,1914.750000,1906.650000,1910.500000,1407
2016-09-27T11:45:00+05:30,1911.900000,1911.900000,1906.500000,1906.500000,828
2016-09-27T12:00:00+05:30,1906.300000,1909.850000,1904.000000,1904.000000,1365
2016-09-27T12:15:00+05:30,1904.000000,1908.000000,1901.000000,1901.050000,1077
2016-09-27T12:30:00+05:30,1901.050000,1907.200000,1898.000000,1898.000000,1622
2016-09-27T12:45:00+05:30,1898.000000,1903.200000,1898.000000,1900.000000,718
2016-09-27T13:00:00+05:30,1900.000000,1906.050000,1899.050000,1900.800000,457
2016-09-27T13:15:00+05:30,1899.950000,1901.000000,1893.000000,1900.000000,1926
2016-09-27T13:30:00+05:30,1900.000000,1906.050000,1900.000000,1901.250000,922
2016-09-27T13:45:00+05:30,1901.250000,1903.050000,1900.000000,1900.000000,1006
2016-09-27T14:00:00+05:30,1900.000000,1906.500000,1900.000000,1900.350000,1077
2016-09-27T14:15:00+05:30,1900.200000,1904.250000,1895.100000,1895.100000,1240
2016-09-27T14:30:00+05:30,1895.100000,1896.000000,1890.000000,1890.050000,1455
2016-09-27T14:45:00+05:30,1890.050000,1909.100000,1881.100000,1897.200000,4292
2016-09-27T15:00:00+05:30,1904.900000,1944.900000,1897.050000,1931.000000,10681
2016-09-27T15:15:00+05:30,1931.000000,1937.000000,1921.000000,1926.000000,1332
2016-09-28T09:15:00+05:30,1922.950000,1923.050000,1904.200000,1909.850000,606
2016-09-28T09:30:00+05:30,1909.950000,1911.950000,1906.000000,1906.000000,383
2016-09-28T09:45:00+05:30,1906.000000,1909.800000,1902.000000,1908.550000,698
2016-09-28T10:00:00+05:30,1908.550000,1908.700000,1905.000000,1908.000000,265
2016-09-28T10:15:00+05:30,1908.000000,1908.000000,1905.750000,1905.750000,63
2016-09-28T10:30:00+05:30,1908.000000,1908.000000,1907.950000,1908.000000,126
2016-09-28T10:45:00+05:30,1908.000000,1910.000000,1907.700000,1910.000000,742
2016-09-28T11:00:00+05:30,1910.000000,1910.000000,1908.000000,1908.000000,412
2016-09-28T11:15:00+05:30,1910.000000,1910.000000,1905.600000,1907.150000,73
2016-09-28T11:30:00+05:30,1907.150000,1909.950000,1905.500000,1909.950000,257
2016-09-28T11:45:00+05:30,1909.950000,1910.000000,1908.000000,1909.950000,38
2016-09-28T12:00:00+05:30,1909.950000,1909.950000,1909.950000,1909.950000,4
2016-09-28T12:15:00+05:30,1909.950000,1909.950000,1906.100000,1906.100000,27
2016-09-28T12:30:00+05:30,1906.100000,1909.900000,1906.100000,1909.800000,30
2016-09-28T12:45:00+05:30,1909.800000,1909.800000,1909.700000,1909.700000,31
2016-09-28T13:00:00+05:30,1909.700000,1909.700000,1907.550000,1909.500000,535
2016-09-28T13:15:00+05:30,1907.550000,1909.500000,1907.050000,1907.050000,670
2016-09-28T13:30:00+05:30,1907.050000,1909.400000,1907.050000,1909.400000,111
2016-09-28T13:45:00+05:30,1909.400000,1910.000000,1907.100000,1910.000000,531
2016-09-28T14:00:00+05:30,1910.000000,1910.000000,1907.100000,1909.500000,49
2016-09-28T14:15:00+05:30,1909.500000,1909.500000,1907.100000,1907.550000,60
2016-09-28T14:30:00+05:30,1907.550000,1914.950000,1907.100000,1908.050000,840
2016-09-28T14:45:00+05:30,1908.050000,1935.000000,1908.050000,1934.750000,3347
2016-09-28T15:00:00+05:30,1934.750000,1940.000000,1930.000000,1940.000000,3955
2016-09-28T15:15:00+05:30,1940.000000,1940.000000,1912.000000,1914.000000,916
2016-09-29T09:15:00+05:30,1931.000000,1932.750000,1914.950000,1917.950000,266
2016-09-29T09:30:00+05:30,1917.950000,1923.150000,1915.000000,1922.000000,75
2016-09-29T09:45:00+05:30,1922.000000,1922.000000,1915.000000,1916.550000,256
2016-09-29T10:00:00+05:30,1916.550000,1919.000000,1915.050000,1919.000000,116
2016-09-29T10:15:00+05:30,1919.000000,1919.000000,1916.100000,1916.400000,93
2016-09-29T10:30:00+05:30,1919.000000,1925.000000,1916.000000,1925.000000,210
2016-09-29T10:45:00+05:30,1925.000000,1930.000000,1916.150000,1920.050000,131
2016-09-29T11:00:00+05:30,1920.050000,1940.000000,1920.000000,1936.150000,852
2016-09-29T11:15:00+05:30,1936.150000,1940.000000,1930.000000,1930.000000,721
2016-09-29T11:30:00+05:30,1930.000000,1935.000000,1921.500000,1926.100000,330
2016-09-29T11:45:00+05:30,1926.100000,1930.450000,1925.050000,1925.050000,67
2016-09-29T12:00:00+05:30,1925.050000,1930.000000,1925.050000,1930.000000,35
2016-09-29T12:15:00+05:30,1930.000000,1930.000000,1918.700000,1918.700000,408
2016-09-29T12:30:00+05:30,1916.100000,1922.000000,1905.000000,1906.000000,908
2016-09-29T12:45:00+05:30,1905.100000,1911.450000,1899.000000,1900.000000,1146
2016-09-29T13:00:00+05:30,1900.000000,1914.950000,1900.000000,1907.950000,297
2016-09-29T13:15:00+05:30,1907.950000,1909.000000,1900.000000,1908.200000,972
2016-09-29T13:30:00+05:30,1908.200000,1908.200000,1900.100000,1906.800000,377
2016-09-29T13:45:00+05:30,1906.800000,1909.000000,1903.000000,1903.100000,274
2016-09-29T14:00:00+05:30,1903.100000,1909.400000,1901.150000,1901.200000,401
2016-09-29T14:15:00+05:30,1908.000000,1908.000000,1890.000000,1890.000000,1241
2016-09-29T14:30:00+05:30,1890.000000,1900.000000,1880.000000,1895.500000,1736
2016-09-29T14:45:00+05:30,1895.500000,1899.950000,1890.000000,1893.000000,1000
2016-09-29T15:00:00+05:30,1893.000000,1898.750000,1890.000000,1892.950000,719
2016-09-29T15:15:00+05:30,1892.950000,1934.950000,1891.200000,1911.450000,7441
2016-09-30T09:15:00+05:30,1909.200000,1909.200000,1893.050000,1906.900000,249
2016-09-30T09:30:00+05:30,1906.900000,1909.200000,1902.050000,1902.050000,262
2016-09-30T09:45:00+05:30,1902.050000,1914.000000,1900.000000,1900.050000,165
2016-09-30T10:00:00+05:30,1900.050000,1911.000000,1900.050000,1910.000000,124
2016-09-30T10:15:00+05:30,1910.000000,1912.900000,1906.000000,1908.000000,389
2016-09-30T10:30:00+05:30,1908.000000,1912.950000,1907.050000,1908.250000,106
2016-09-30T10:45:00+05:30,1908.250000,1912.000000,1907.000000,1907.050000,272
2016-09-30T11:00:00+05:30,1907.050000,1908.950000,1907.000000,1907.050000,12
2016-09-30T11:15:00+05:30,1907.000000,1910.000000,1907.000000,1910.000000,49
2016-09-30T11:30:00+05:30,1911.900000,1916.950000,1892.000000,1905.950000,1998
2016-09-30T11:45:00+05:30,1905.950000,1908.900000,1904.650000,1906.600000,20
2016-09-30T12:00:00+05:30,1906.600000,1907.900000,1895.000000,1900.000000,154
2016-09-30T12:15:00+05:30,1900.000000,1908.900000,1900.000000,1905.400000,912
2016-09-30T12:30:00+05:30,1905.400000,1906.950000,1905.400000,1906.950000,25
2016-09-30T12:45:00+05:30,1906.950000,1906.950000,1900.000000,1900.000000,19
2016-09-30T13:00:00+05:30,1900.000000,1907.000000,1900.000000,1905.950000,38
2016-09-30T13:15:00+05:30,1905.950000,1916.900000,1901.050000,1916.900000,228
2016-09-30T13:30:00+05:30,1916.900000,1920.000000,1913.050000,1915.050000,466
2016-09-30T13:45:00+05:30,1915.000000,1915.100000,1915.000000,1915.050000,58
2016-09-30T14:00:00+05:30,1915.050000,1925.000000,1898.000000,1899.950000,1760
2016-09-30T14:15:00+05:30,1899.950000,1907.950000,1896.950000,1900.000000,1949
2016-09-30T14:30:00+05:30,1900.000000,1900.000000,1899.500000,1900.000000,2487
2016-09-30T14:45:00+05:30,1900.000000,1909.000000,1900.000000,1903.050000,1801
2016-09-30T15:00:00+05:30,1903.050000,1915.000000,1903.050000,1908.900000,838
2016-09-30T15:15:00+05:30,1908.900000,1925.000000,1906.550000,1909.600000,3081
2016-10-03T09:15:00+05:30,1918.000000,1924.000000,1915.200000,1917.000000,306
2016-10-03T09:30:00+05:30,1917.000000,1926.000000,1915.350000,1926.000000,399
2016-10-03T09:45:00+05:30,1926.000000,1934.000000,1925.050000,1930.000000,305
2016-10-03T10:00:00+05:30,1930.000000,1940.000000,1925.150000,1925.150000,497
2016-10-03T10:15:00+05:30,1925.150000,1925.150000,1919.150000,1919.150000,136
2016-10-03T10:30:00+05:30,1919.150000,1921.850000,1917.200000,1920.900000,115
2016-10-03T10:45:00+05:30,1920.900000,1924.900000,1920.050000,1920.100000,94
2016-10-03T11:00:00+05:30,1922.950000,1932.000000,1922.950000,1930.900000,35
2016-10-03T11:15:00+05:30,1930.900000,1934.000000,1929.450000,1932.750000,27
2016-10-03T11:30:00+05:30,1932.750000,1932.750000,1921.100000,1921.100000,28
2016-10-03T11:45:00+05:30,1921.100000,1924.000000,1921.100000,1922.000000,20
2016-10-03T12:00:00+05:30,1922.000000,1922.000000,1920.100000,1920.100000,29
2016-10-03T12:15:00+05:30,1920.100000,1933.950000,1919.000000,1933.900000,191
2016-10-03T12:30:00+05:30,1933.900000,1933.900000,1927.050000,1931.900000,80
2016-10-03T12:45:00+05:30,1931.900000,1932.850000,1929.000000,1932.400000,105
2016-10-03T13:00:00+05:30,1932.400000,1932.400000,1928.900000,1929.700000,72
2016-10-03T13:15:00+05:30,1932.000000,1940.000000,1927.400000,1932.100000,613
2016-10-03T13:30:00+05:30,1934.900000,1939.950000,1934.900000,1937.100000,87
2016-10-03T13:45:00+05:30,1937.100000,1939.950000,1935.000000,1935.000000,265
2016-10-03T14:00:00+05:30,1935.000000,1939.900000,1934.100000,1939.900000,57
2016-10-03T14:15:00+05:30,1939.900000,1939.950000,1934.050000,1939.950000,150
2016-10-03T14:30:00+05:30,1939.950000,1939.950000,1934.150000,1936.950000,106
2016-10-03T14:45:00+05:30,1936.950000,1937.000000,1930.600000,1934.000000,123
2016-10-03T15:00:00+05:30,1934.000000,1939.450000,1925.150000,1931.650000,772
2016-10-03T15:15:00+05:30,1931.650000,1933.900000,1919.000000,1924.000000,1116
2016-10-04T09:15:00+05:30,1929.500000,1931.950000,1918.000000,1928.950000,151
2016-10-04T09:30:00+05:30,1928.950000,1934.900000,1920.000000,1920.000000,320
2016-10-04T09:45:00+05:30,1920.000000,1934.900000,1920.000000,1934.900000,163
2016-10-04T10:00:00+05:30,1934.900000,1934.900000,1930.550000,1933.500000,15
2016-10-04T10:15:00+05:30,1933.500000,1933.500000,1930.200000,1933.450000,50
2016-10-04T10:30:00+05:30,1933.450000,1933.550000,1930.200000,1930.200000,73
2016-10-04T10:45:00+05:30,1930.200000,1930.200000,1924.000000,1929.900000,144
2016-10-04T11:00:00+05:30,1929.900000,1929.950000,1924.000000,1928.900000,69
2016-10-04T11:15:00+05:30,1928.900000,1930.000000,1924.000000,1924.950000,118
2016-10-04T11:30:00+05:30,1924.950000,1925.000000,1921.000000,1921.000000,241
2016-10-04T11:45:00+05:30,1921.000000,1924.850000,1920.050000,1924.850000,192
2016-10-04T12:00:00+05:30,1924.850000,1924.850000,1921.050000,1921.550000,22
2016-10-04T12:15:00+05:30,1921.550000,1921.550000,1918.000000,1919.000000,655
2016-10-04T12:30:00+05:30,1919.000000,1920.450000,1919.000000,1920.450000,7
2016-10-04T12:45:00+05:30,1920.450000,1920.500000,1920.400000,1920.500000,86
2016-10-04T13:00:00+05:30,1920.500000,1920.500000,1919.000000,1920.000000,174
2016-10-04T13:15:00+05:30,1920.000000,1920.000000,1917.050000,1919.950000,27
2016-10-04T13:30:00+05:30,1919.950000,1919.950000,1916.300000,1917.350000,120
2016-10-04T13:45:00+05:30,1917.350000,1919.950000,1917.350000,1919.000000,521
2016-10-04T14:00:00+05:30,1919.000000,1919.850000,1913.050000,1915.000000,605
2016-10-04T14:15:00+05:30,1915.000000,1917.950000,1906.750000,1915.700000,1346
2016-10-04T14:30:00+05:30,1915.700000,1916.000000,1910.000000,1915.000000,96
2016-10-04T14:45:00+05:30,1915.000000,1918.900000,1910.000000,1918.900000,221
2016-10-04T15:00:00+05:30,1918.900000,1918.900000,1901.100000,1911.550000,848
2016-10-04T15:15:00+05:30,1911.550000,1915.000000,1904.000000,1915.000000,1611
2016-10-05T09:15:00+05:30,1909.150000,1929.100000,1909.000000,1910.300000,379
2016-10-05T09:30:00+05:30,1910.300000,1914.450000,1907.050000,1914.450000,27
2016-10-05T09:45:00+05:30,1914.450000,1922.000000,1912.400000,1915.000000,290
2016-10-05T10:00:00+05:30,1915.000000,1922.000000,1915.000000,1921.850000,39
2016-10-05T10:15:00+05:30,1921.850000,1922.000000,1911.150000,1911.150000,65
2016-10-05T10:30:00+05:30,1911.150000,1917.950000,1911.000000,1917.950000,93
2016-10-05T10:45:00+05:30,1917.950000,1917.950000,1910.100000,1910.150000,113
2016-10-05T11:00:00+05:30,1910.150000,1918.000000,1910.150000,1912.050000,39
2016-10-05T11:15:00+05:30,1915.000000,1920.000000,1911.300000,1911.300000,436
2016-10-05T11:30:00+05:30,1911.300000,1920.000000,1911.300000,1917.200000,48
2016-10-05T11:45:00+05:30,1917.200000,1917.200000,1911.400000,1911.800000,82
2016-10-05T12:00:00+05:30,1911.800000,1922.650000,1911.800000,1922.650000,202
2016-10-05T12:15:00+05:30,1922.650000,1926.900000,1919.050000,1924.950000,101
2016-10-05T12:30:00+05:30,1924.950000,1925.000000,1922.000000,1922.000000,66
2016-10-05T12:45:00+05:30,1922.000000,1927.000000,1922.000000,1924.850000,625
2016-10-05T13:00:00+05:30,1924.850000,1928.750000,1916.100000,1928.400000,173
2016-10-05T13:15:00+05:30,1928.400000,1928.400000,1919.100000,1924.950000,48
2016-10-05T13:30:00+05:30,1924.950000,1928.500000,1918.600000,1927.000000,193
2016-10-05T13:45:00+05:30,1927.000000,1929.000000,1919.950000,1925.900000,223
2016-10-05T14:00:00+05:30,1925.900000,1928.950000,1925.900000,1928.750000,35
2016-10-05T14:15:00+05:30,1928.750000,1940.000000,1928.600000,1933.200000,1404
2016-10-05T14:30:00+05:30,1933.200000,1938.800000,1930.000000,1932.450000,461
2016-10-05T14:45:00+05:30,1932.450000,1932.450000,1920.000000,1921.000000,345
2016-10-05T15:00:00+05:30,1921.000000,1929.850000,1921.000000,1925.000000,194
2016-10-05T15:15:00+05:30,1925.000000,1939.950000,1925.000000,1935.000000,632
2016-10-06T09:15:00+05:30,1941.000000,1941.000000,1921.000000,1921.000000,157
2016-10-06T09:30:00+05:30,1921.000000,1925.000000,1921.000000,1925.000000,163
2016-10-06T09:45:00+05:30,1925.000000,1925.000000,1921.000000,1921.150000,71
2016-10-06T10:00:00+05:30,1921.150000,1925.000000,1921.150000,1921.150000,62
2016-10-06T10:15:00+05:30,1921.150000,1925.050000,1921.150000,1925.000000,300
2016-10-06T10:30:00+05:30,1925.000000,1929.000000,1925.000000,1925.000000,457
2016-10-06T10:45:00+05:30,1925.000000,1925.000000,1923.000000,1925.000000,321
2016-10-06T11:00:00+05:30,1925.000000,1929.750000,1925.000000,1929.550000,378
2016-10-06T11:15:00+05:30,1929.550000,1929.550000,1925.000000,1925.000000,318
2016-10-06T11:30:00+05:30,1925.000000,1927.000000,1924.000000,1926.000000,156
2016-10-06T11:45:00+05:30,1926.000000,1928.000000,1924.050000,1925.000000,119
2016-10-06T12:00:00+05:30,1925.000000,1925.000000,1923.000000,1923.000000,540
2016-10-06T12:15:00+05:30,1923.000000,1925.000000,1922.000000,1925.000000,1010
2016-10-06T12:30:00+05:30,1925.000000,1930.000000,1925.000000,1930.000000,92
2016-10-06T12:45:00+05:30,1930.000000,1931.300000,1929.450000,1931.250000,149
2016-10-06T13:00:00+05:30,1931.250000,1932.900000,1925.050000,1930.200000,125
2016-10-06T13:15:00+05:30,1930.200000,1932.950000,1925.000000,1928.550000,309
2016-10-06T13:30:00+05:30,1928.550000,1934.950000,1925.000000,1931.200000,152
2016-10-06T13:45:00+05:30,1931.200000,1931.700000,1925.050000,1927.900000,135
2016-10-06T14:00:00+05:30,1927.900000,1931.000000,1925.000000,1928.000000,279
2016-10-06T14:15:00+05:30,1928.000000,1929.850000,1926.100000,1927.200000,86
2016-10-06T14:30:00+05:30,1927.200000,1930.900000,1924.000000,1924.000000,396
2016-10-06T14:45:00+05:30,1924.000000,1929.950000,1923.000000,1923.050000,298
2016-10-06T15:00:00+05:30,1923.050000,1940.000000,1923.050000,1937.850000,1893
2016-10-06T15:15:00+05:30,1937.850000,1937.850000,1930.250000,1935.000000,1123
2016-10-07T09:15:00+05:30,1934.300000,1936.100000,1934.000000,1936.100000,53
2016-10-07T09:30:00+05:30,1934.000000,1934.000000,1929.750000,1934.000000,81
2016-10-07T09:45:00+05:30,1934.000000,1934.000000,1931.650000,1933.200000,65
2016-10-07T10:00:00+05:30,1933.200000,1934.000000,1933.200000,1934.000000,7
2016-10-07T10:15:00+05:30,1934.000000,1934.000000,1930.000000,1930.000000,1
2016-10-07T10:30:00+05:30,1930.000000,1930.000000,1926.000000,1926.050000,166
2016-10-07T10:45:00+05:30,1926.050000,1929.100000,1926.000000,1926.000000,67
2016-10-07T11:00:00+05:30,1926.000000,1929.900000,1925.000000,1925.000000,62
2016-10-07T11:15:00+05:30,1925.000000,1925.000000,1923.000000,1923.000000,9
2016-10-07T11:30:00+05:30,1923.000000,1923.000000,1918.550000,1918.550000,626
2016-10-07T11:45:00+05:30,1918.550000,1920.000000,1916.950000,1920.000000,165
2016-10-07T12:00:00+05:30,1920.000000,1927.150000,1916.000000,1927.150000,186
2016-10-07T12:15:00+05:30,1927.150000,1927.150000,1914.550000,1917.000000,443
2016-10-07T12:30:00+05:30,1917.000000,1917.000000,1917.000000,1917.000000,5
2016-10-07T12:45:00+05:30,1917.000000,1921.450000,1917.000000,1921.450000,10
2016-10-07T13:00:00+05:30,1921.450000,1921.450000,1914.000000,1915.800000,66
2016-10-07T13:15:00+05:30,1915.800000,1915.800000,1913.300000,1914.000000,403
2016-10-07T13:30:00+05:30,1914.000000,1915.450000,1911.000000,1915.450000,205
2016-10-07T13:45:00+05:30,1915.450000,1921.450000,1915.450000,1921.450000,20
2016-10-07T14:00:00+05:30,1921.450000,1921.450000,1920.000000,1920.000000,7
2016-10-07T14:15:00+05:30,1920.000000,1920.000000,1916.150000,1916.150000,10
2016-10-07T14:30:00+05:30,1916.150000,1916.150000,1916.150000,1916.150000,0
2016-10-07T14:45:00+05:30,1916.150000,1923.050000,1916.150000,1919.350000,111
2016-10-07T15:00:00+05:30,1919.350000,1927.900000,1917.550000,1924.950000,1138
2016-10-07T15:15:00+05:30,1924.950000,1940.000000,1916.250000,1940.000000,1234
2016-10-10T09:15:00+05:30,1926.000000,1926.000000,1914.350000,1923.700000,30
2016-10-10T09:30:00+05:30,1923.700000,1928.850000,1921.000000,1921.000000,22
2016-10-10T09:45:00+05:30,1921.000000,1930.000000,1919.000000,1930.000000,68
2016-10-10T10:00:00+05:30,1930.000000,1930.000000,1919.000000,1919.000000,734
2016-10-10T10:15:00+05:30,1919.000000,1922.000000,1914.350000,1918.150000,604
2016-10-10T10:30:00+05:30,1919.850000,1919.850000,1915.500000,1918.000000,185
2016-10-10T10:45:00+05:30,1918.000000,1920.000000,1918.000000,1920.000000,15
2016-10-10T11:00:00+05:30,1920.000000,1920.000000,1912.800000,1917.900000,592
2016-10-10T11:15:00+05:30,1917.900000,1917.900000,1915.000000,1915.000000,72
2016-10-10T11:30:00+05:30,1912.900000,1916.000000,1912.900000,1915.950000,37
2016-10-10T11:45:00+05:30,1915.950000,1916.000000,1909.000000,1912.000000,468
2016-10-10T12:00:00+05:30,1912.000000,1914.950000,1911.950000,1914.950000,82
2016-10-10T12:15:00+05:30,1914.950000,1915.000000,1910.050000,1914.950000,77
2016-10-10T12:30:00+05:30,1914.950000,1916.000000,1914.950000,1916.000000,1
2016-10-10T12:45:00+05:30,1916.000000,1916.000000,1913.000000,1916.000000,157
2016-10-10T13:00:00+05:30,1916.000000,1916.000000,1916.000000,1916.000000,1
2016-10-10T13:15:00+05:30,1916.000000,1916.000000,1910.000000,1910.000000,172
2016-10-10T13:30:00+05:30,1910.000000,1912.000000,1909.000000,1911.950000,282
2016-10-10T13:45:00+05:30,1911.950000,1912.000000,1907.000000,1909.950000,125
2016-10-10T14:00:00+05:30,1909.950000,1915.000000,1908.150000,1911.700000,73
2016-10-10T14:15:00+05:30,1911.700000,1914.850000,1909.000000,1910.000000,69
2016-10-10T14:30:00+05:30,1910.000000,1913.000000,1910.000000,1910.050000,19
2016-10-10T14:45:00+05:30,1910.050000,1913.000000,1908.000000,1908.000000,167
2016-10-10T15:00:00+05:30,1908.000000,1910.000000,1906.050000,1908.000000,264
2016-10-10T15:15:00+05:30,1908.000000,1919.050000,1901.150000,1905.100000,1776
2016-10-13T09:15:00+05:30,1917.950000,1917.950000,1905.000000,1912.000000,430
2016-10-13T09:30:00+05:30,1912.000000,1916.200000,1911.650000,1916.150000,81
2016-10-13T09:45:00+05:30,1916.150000,1916.150000,1903.000000,1909.250000,53
2016-10-13T10:00:00+05:30,1909.250000,1915.150000,1907.500000,1915.150000,71
2016-10-13T10:15:00+05:30,1915.150000,1915.150000,1910.000000,1910.000000,74
2016-10-13T10:30:00+05:30,1910.000000,1910.000000,1903.050000,1903.050000,18
2016-10-13T10:45:00+05:30,1903.050000,1905.950000,1899.000000,1900.000000,550
2016-10-13T11:00:00+05:30,1900.000000,1903.400000,1885.050000,1900.000000,448
2016-10-13T11:15:00+05:30,1900.000000,1902.950000,1891.500000,1898.150000,89
2016-10-13T11:30:00+05:30,1898.150000,1898.150000,1891.500000,1894.450000,287
2016-10-13T11:45:00+05:30,1894.450000,1900.000000,1894.450000,1899.700000,207
2016-10-13T12:00:00+05:30,1899.700000,1905.000000,1895.050000,1902.850000,105
2016-10-13T12:15:00+05:30,1902.850000,1902.850000,1893.500000,1893.500000,243
2016-10-13T12:30:00+05:30,1893.500000,1894.050000,1893.500000,1894.000000,99
2016-10-13T12:45:00+05:30,1891.950000,1899.900000,1891.950000,1899.900000,241
2016-10-13T13:00:00+05:30,1899.900000,1900.000000,1897.900000,1900.000000,577
2016-10-13T13:15:00+05:30,1900.000000,1900.000000,1897.900000,1900.000000,209
2016-10-13T13:30:00+05:30,1900.000000,1900.000000,1897.900000,1897.900000,54
2016-10-13T13:45:00+05:30,1897.900000,1900.000000,1897.900000,1897.900000,130
2016-10-13T14:00:00+05:30,1897.900000,1899.950000,1897.900000,1899.950000,183
2016-10-13T14:15:00+05:30,1899.000000,1899.900000,1897.900000,1899.900000,65
2016-10-13T14:30:00+05:30,1899.900000,1900.000000,1899.850000,1899.850000,513
2016-10-13T14:45:00+05:30,1899.850000,1901.150000,1899.850000,1901.150000,162
2016-10-13T15:00:00+05:30,1901.150000,1905.700000,1901.150000,1904.000000,207
2016-10-13T15:15:00+05:30,1904.000000,1925.000000,1902.000000,1915.750000,1021
2016-10-14T09:15:00+05:30,1912.000000,1913.650000,1903.000000,1910.400000,143
2016-10-14T09:30:00+05:30,1910.400000,1919.000000,1910.400000,1915.500000,30
2016-10-14T09:45:00+05:30,1915.500000,1920.000000,1915.500000,1919.800000,101
2016-10-14T10:00:00+05:30,1919.800000,1919.800000,1915.000000,1915.000000,49
2016-10-14T10:15:00+05:30,1915.000000,1915.000000,1905.000000,1905.000000,91
2016-10-14T10:30:00+05:30,1905.000000,1914.900000,1904.800000,1905.800000,64
2016-10-14T10:45:00+05:30,1902.000000,1912.650000,1901.000000,1901.000000,135
2016-10-14T11:00:00+05:30,1901.000000,1906.900000,1901.000000,1904.050000,34
2016-10-14T11:15:00+05:30,1904.050000,1907.000000,1904.050000,1907.000000,31
2016-10-14T11:30:00+05:30,1907.000000,1909.900000,1906.900000,1909.900000,13
2016-10-14T11:45:00+05:30,1909.900000,1910.000000,1908.300000,1908.300000,16
2016-10-14T12:00:00+05:30,1908.300000,1913.500000,1901.000000,1909.650000,71
2016-10-14T12:15:00+05:30,1909.650000,1909.650000,1895.000000,1899.050000,677
2016-10-14T12:30:00+05:30,1899.050000,1900.500000,1897.000000,1899.900000,43
2016-10-14T12:45:00+05:30,1899.900000,1900.750000,1897.050000,1900.000000,39
2016-10-14T13:00:00+05:30,1900.100000,1904.500000,1897.050000,1900.000000,541
2016-10-14T13:15:00+05:30,1900.000000,1902.650000,1897.150000,1897.150000,557
2016-10-14T13:30:00+05:30,1897.150000,1903.000000,1897.150000,1900.800000,137
2016-10-14T13:45:00+05:30,1900.800000,1903.000000,1900.000000,1900.000000,2408
2016-10-14T14:00:00+05:30,1900.000000,1904.450000,1900.000000,1904.450000,90
2016-10-14T14:15:00+05:30,1904.450000,1906.950000,1900.050000,1900.050000,3163
2016-10-14T14:30:00+05:30,1900.050000,1905.000000,1897.300000,1900.000000,2156
2016-10-14T14:45:00+05:30,1900.000000,1904.950000,1897.100000,1900.750000,741
2016-10-14T15:00:00+05:30,1900.750000,1904.750000,1900.750000,1903.550000,149
2016-10-14T15:15:00+05:30,1903.550000,1907.000000,1901.000000,1902.000000,1419
2016-10-17T09:15:00+05:30,1896.000000,1909.550000,1890.000000,1900.000000,341
2016-10-17T09:30:00+05:30,1900.000000,1900.000000,1890.950000,1890.950000,449
2016-10-17T09:45:00+05:30,1890.950000,1899.000000,1890.950000,1895.050000,49
2016-10-17T10:00:00+05:30,1895.050000,1906.000000,1895.050000,1902.000000,48
2016-10-17T10:15:00+05:30,1902.000000,1902.000000,1892.550000,1897.000000,117
2016-10-17T10:30:00+05:30,1897.000000,1902.000000,1897.000000,1900.000000,166
2016-10-17T10:45:00+05:30,1900.000000,1900.000000,1898.450000,1900.000000,26
2016-10-17T11:00:00+05:30,1900.000000,1900.000000,1879.000000,1886.950000,2029
2016-10-17T11:15:00+05:30,1886.950000,1890.000000,1881.300000,1888.000000,331
2016-10-17T11:30:00+05:30,1888.000000,1888.000000,1884.000000,1884.000000,63
2016-10-17T11:45:00+05:30,1884.000000,1886.000000,1874.000000,1875.000000,2366
2016-10-17T12:00:00+05:30,1875.000000,1879.000000,1872.050000,1873.950000,231
2016-10-17T12:15:00+05:30,1873.950000,1874.000000,1868.050000,1870.000000,594
2016-10-17T12:30:00+05:30,1870.000000,1871.900000,1869.250000,1870.000000,540
2016-10-17T12:45:00+05:30,1870.000000,1870.000000,1867.500000,1869.000000,213
2016-10-17T13:00:00+05:30,1869.000000,1870.000000,1867.300000,1868.000000,721
2016-10-17T13:15:00+05:30,1868.000000,1870.000000,1867.800000,1870.000000,666
2016-10-17T13:30:00+05:30,1870.000000,1871.000000,1869.050000,1871.000000,545
2016-10-17T13:45:00+05:30,1871.000000,1872.000000,1870.000000,1872.000000,386
2016-10-17T14:00:00+05:30,1872.000000,1873.000000,1867.000000,1870.000000,2370
2016-10-17T14:15:00+05:30,1870.000000,1872.500000,1870.000000,1872.500000,7
2016-10-17T14:30:00+05:30,1872.500000,1877.500000,1868.000000,1874.500000,461
2016-10-17T14:45:00+05:30,1874.500000,1876.000000,1867.500000,1869.950000,537
2016-10-17T15:00:00+05:30,1869.950000,1870.000000,1868.000000,1868.050000,450
2016-10-17T15:15:00+05:30,1868.050000,1877.550000,1868.000000,1869.200000,3488
2016-10-18T09:15:00+05:30,1873.050000,1885.900000,1873.050000,1883.950000,282
2016-10-18T09:30:00+05:30,1883.950000,1889.950000,1875.050000,1889.000000,357
2016-10-18T09:45:00+05:30,1889.000000,1889.000000,1879.000000,1882.000000,531
2016-10-18T10:00:00+05:30,1882.000000,1883.000000,1878.850000,1882.500000,138
2016-10-18T10:15:00+05:30,1882.500000,1882.750000,1874.950000,1875.000000,65
2016-10-18T10:30:00+05:30,1875.000000,1875.000000,1858.000000,1872.750000,764
2016-10-18T10:45:00+05:30,1872.750000,1874.000000,1860.000000,1860.600000,386
2016-10-18T11:00:00+05:30,1860.600000,1870.950000,1860.600000,1868.100000,27
2016-10-18T11:15:00+05:30,1868.100000,1869.900000,1866.100000,1868.000000,29
2016-10-18T11:30:00+05:30,1868.000000,1874.000000,1867.000000,1874.000000,246
2016-10-18T11:45:00+05:30,1874.000000,1879.750000,1874.000000,1879.750000,94
2016-10-18T12:00:00+05:30,1879.750000,1879.750000,1875.000000,1879.750000,97
2016-10-18T12:15:00+05:30,1879.750000,1879.750000,1875.000000,1878.000000,206
2016-10-18T12:30:00+05:30,1878.000000,1882.950000,1878.000000,1882.950000,100
2016-10-18T12:45:00+05:30,1882.950000,1882.950000,1880.000000,1880.000000,406
2016-10-18T13:00:00+05:30,1880.000000,1884.000000,1880.000000,1884.000000,67
2016-10-18T13:15:00+05:30,1884.000000,1884.850000,1880.050000,1880.050000,76
2016-10-18T13:30:00+05:30,1880.050000,1883.500000,1880.000000,1880.050000,132
2016-10-18T13:45:00+05:30,1880.050000,1888.800000,1880.050000,1885.050000,120
2016-10-18T14:00:00+05:30,1885.050000,1885.050000,1880.000000,1883.350000,221
2016-10-18T14:15:00+05:30,1883.350000,1887.000000,1880.150000,1880.150000,116
2016-10-18T14:30:00+05:30,1880.150000,1884.950000,1880.150000,1883.300000,169
2016-10-18T14:45:00+05:30,1883.300000,1895.000000,1880.050000,1894.900000,1120
2016-10-18T15:00:00+05:30,1892.850000,1894.800000,1885.050000,1887.950000,838
2016-10-18T15:15:00+05:30,1887.850000,1894.050000,1881.400000,1890.000000,5094
2016-10-19T09:15:00+05:30,1895.000000,1895.000000,1884.050000,1884.050000,211
2016-10-19T09:30:00+05:30,1884.050000,1892.000000,1884.050000,1891.000000,170
2016-10-19T09:45:00+05:30,1891.000000,1906.600000,1888.000000,1890.050000,170
2016-10-19T10:00:00+05:30,1890.050000,1890.050000,1877.050000,1889.750000,113
2016-10-19T10:15:00+05:30,1889.750000,1889.750000,1881.050000,1887.400000,73
2016-10-19T10:30:00+05:30,1887.400000,1887.400000,1885.000000,1886.000000,27
2016-10-19T10:45:00+05:30,1886.000000,1895.950000,1886.000000,1895.950000,135
2016-10-19T11:00:00+05:30,1895.950000,1900.000000,1892.000000,1900.000000,91
2016-10-19T11:15:00+05:30,1890.000000,1895.000000,1890.000000,1890.000000,49
2016-10-19T11:30:00+05:30,1890.000000,1893.600000,1890.000000,1890.000000,24
2016-10-19T11:45:00+05:30,1890.000000,1905.000000,1890.000000,1890.650000,102
2016-10-19T12:00:00+05:30,1890.650000,1899.800000,1890.650000,1899.800000,12
2016-10-19T12:15:00+05:30,1899.800000,1899.800000,1892.050000,1897.950000,8
2016-10-19T12:30:00+05:30,1897.950000,1897.950000,1897.950000,1897.950000,0
2016-10-19T12:45:00+05:30,1897.950000,1898.000000,1892.050000,1894.650000,13
2016-10-19T13:00:00+05:30,1892.200000,1892.200000,1888.050000,1888.050000,185
2016-10-19T13:15:00+05:30,1888.050000,1891.150000,1888.000000,1888.000000,86
2016-10-19T13:30:00+05:30,1888.000000,1891.500000,1881.150000,1882.000000,186
2016-10-19T13:45:00+05:30,1882.000000,1886.150000,1882.000000,1884.000000,98
2016-10-19T14:00:00+05:30,1884.000000,1886.050000,1882.100000,1886.000000,242
2016-10-19T14:15:00+05:30,1886.000000,1895.000000,1882.250000,1892.000000,166
2016-10-19T14:30:00+05:30,1892.000000,1893.000000,1882.450000,1887.400000,486
2016-10-19T14:45:00+05:30,1887.400000,1894.000000,1887.400000,1893.950000,227
2016-10-19T15:00:00+05:30,1893.950000,1894.800000,1887.500000,1892.900000,504
2016-10-19T15:15:00+05:30,1892.900000,1895.000000,1887.500000,1895.000000,715
2016-10-20T09:15:00+05:30,1898.850000,1910.000000,1892.350000,1894.250000,152
2016-10-20T09:30:00+05:30,1894.250000,1915.950000,1894.250000,1907.000000,785
2016-10-20T09:45:00+05:30,1907.000000,1907.000000,1900.000000,1900.050000,65
2016-10-20T10:00:00+05:30,1900.050000,1905.000000,1891.200000,1891.200000,185
2016-10-20T10:15:00+05:30,1891.200000,1900.000000,1890.100000,1900.000000,132
2016-10-20T10:30:00+05:30,1900.000000,1900.000000,1874.950000,1880.100000,2511
2016-10-20T10:45:00+05:30,1880.100000,1887.850000,1876.500000,1880.100000,493
2016-10-20T11:00:00+05:30,1880.100000,1883.500000,1879.500000,1881.750000,100
2016-10-20T11:15:00+05:30,1881.750000,1883.850000,1876.000000,1882.000000,266
2016-10-20T11:30:00+05:30,1882.000000,1883.550000,1877.050000,1882.550000,81
2016-10-20T11:45:00+05:30,1882.550000,1882.550000,1875.000000,1875.000000,665
2016-10-20T12:00:00+05:30,1872.000000,1874.450000,1868.050000,1871.550000,645
2016-10-20T12:15:00+05:30,1871.550000,1876.000000,1869.000000,1870.000000,526
2016-10-20T12:30:00+05:30,1869.950000,1873.800000,1868.450000,1870.000000,2732
2016-10-20T12:45:00+05:30,1870.000000,1872.750000,1869.500000,1870.000000,653
2016-10-20T13:00:00+05:30,1870.000000,1872.000000,1869.500000,1870.000000,2525
2016-10-20T13:15:00+05:30,1870.000000,1877.800000,1870.000000,1872.600000,3392
2016-10-20T13:30:00+05:30,1872.600000,1877.700000,1872.600000,1876.850000,106
2016-10-20T13:45:00+05:30,1876.850000,1876.850000,1872.650000,1876.850000,23
2016-10-20T14:00:00+05:30,1876.850000,1876.850000,1869.500000,1871.000000,1874
2016-10-20T14:15:00+05:30,1871.000000,1871.000000,1865.000000,1869.650000,422
2016-10-20T14:30:00+05:30,1869.650000,1872.350000,1869.650000,1870.000000,304
2016-10-20T14:45:00+05:30,1870.000000,1870.050000,1868.000000,1870.000000,2340
2016-10-20T15:00:00+05:30,1869.000000,1872.000000,1869.000000,1871.000000,591
2016-10-20T15:15:00+05:30,1871.000000,1874.950000,1870.000000,1872.950000,1741
2016-10-21T09:15:00+05:30,1885.000000,1885.000000,1877.200000,1881.900000,63
2016-10-21T09:30:00+05:30,1881.900000,1881.900000,1868.500000,1877.000000,127
2016-10-21T09:45:00+05:30,1877.000000,1877.000000,1875.000000,1877.000000,83
2016-10-21T10:00:00+05:30,1877.000000,1877.000000,1872.000000,1872.000000,69
2016-10-21T10:15:00+05:30,1872.000000,1878.600000,1870.000000,1878.600000,237
2016-10-21T10:30:00+05:30,1878.600000,1878.600000,1858.000000,1859.000000,1115
2016-10-21T10:45:00+05:30,1859.000000,1860.000000,1859.000000,1860.000000,252
2016-10-21T11:00:00+05:30,1860.000000,1862.000000,1859.000000,1859.000000,451
2016-10-21T11:15:00+05:30,1859.000000,1860.000000,1858.050000,1860.000000,246
2016-10-21T11:30:00+05:30,1860.000000,1860.000000,1859.000000,1860.000000,58
2016-10-21T11:45:00+05:30,1860.000000,1860.300000,1858.500000,1860.300000,209
2016-10-21T12:00:00+05:30,1860.300000,1860.600000,1858.000000,1860.600000,189
2016-10-21T12:15:00+05:30,1855.000000,1860.550000,1855.000000,1859.000000,408
2016-10-21T12:30:00+05:30,1859.000000,1860.000000,1859.000000,1859.000000,123
2016-10-21T12:45:00+05:30,1859.000000,1860.900000,1859.000000,1860.000000,108
2016-10-21T13:00:00+05:30,1860.000000,1861.050000,1856.000000,1861.000000,2711
2016-10-21T13:15:00+05:30,1861.200000,1863.000000,1858.000000,1858.000000,229
2016-10-21T13:30:00+05:30,1858.000000,1860.000000,1857.300000,1860.000000,130
2016-10-21T13:45:00+05:30,1860.000000,1861.850000,1857.300000,1857.300000,225
2016-10-21T14:00:00+05:30,1857.300000,1860.500000,1856.200000,1856.200000,2193
2016-10-21T14:15:00+05:30,1856.200000,1861.900000,1856.200000,1860.000000,331
2016-10-21T14:30:00+05:30,1860.000000,1860.000000,1860.000000,1860.000000,218
2016-10-21T14:45:00+05:30,1860.000000,1866.000000,1852.200000,1866.000000,2740
2016-10-21T15:00:00+05:30,1866.000000,1867.800000,1861.000000,1865.000000,560
2016-10-21T15:15:00+05:30,1865.000000,1870.000000,1861.800000,1864.500000,1508
2016-10-24T09:15:00+05:30,1874.000000,1875.000000,1856.300000,1860.150000,345
2016-10-24T09:30:00+05:30,1860.150000,1867.950000,1860.150000,1865.950000,105
2016-10-24T09:45:00+05:30,1865.950000,1870.000000,1862.200000,1866.950000,82
2016-10-24T10:00:00+05:30,1866.950000,1866.950000,1862.900000,1865.000000,50
2016-10-24T10:15:00+05:30,1865.000000,1869.950000,1850.100000,1851.000000,1296
2016-10-24T10:30:00+05:30,1851.000000,1854.600000,1846.450000,1850.000000,1829
2016-10-24T10:45:00+05:30,1850.000000,1850.000000,1845.000000,1850.000000,630
2016-10-24T11:00:00+05:30,1850.000000,1857.000000,1845.000000,1849.000000,212
2016-10-24T11:15:00+05:30,1850.000000,1850.000000,1845.650000,1847.150000,145
2016-10-24T11:30:00+05:30,1850.000000,1850.000000,1850.000000,1850.000000,348
2016-10-24T11:45:00+05:30,1850.000000,1850.000000,1849.650000,1849.650000,52
2016-10-24T12:00:00+05:30,1849.650000,1850.000000,1849.650000,1850.000000,1564
2016-10-24T12:15:00+05:30,1850.000000,1850.000000,1849.950000,1849.950000,171
2016-10-24T12:30:00+05:30,1849.950000,1850.000000,1845.800000,1850.000000,460
2016-10-24T12:45:00+05:30,1850.000000,1850.000000,1846.050000,1848.500000,185
2016-10-24T13:00:00+05:30,1848.500000,1854.000000,1847.000000,1850.000000,876
2016-10-24T13:15:00+05:30,1850.000000,1850.000000,1847.050000,1850.000000,251
2016-10-24T13:30:00+05:30,1848.750000,1850.000000,1847.050000,1850.000000,55
2016-10-24T13:45:00+05:30,1850.000000,1854.000000,1845.000000,1847.200000,736
2016-10-24T14:00:00+05:30,1847.200000,1847.200000,1836.000000,1840.000000,2433
2016-10-24T14:15:00+05:30,1840.000000,1840.000000,1838.950000,1839.000000,491
2016-10-24T14:30:00+05:30,1839.000000,1840.000000,1837.250000,1840.000000,1893
2016-10-24T14:45:00+05:30,1840.000000,1840.000000,1836.000000,1836.000000,853
2016-10-24T15:00:00+05:30,1836.000000,1839.000000,1835.000000,1836.000000,511
2016-10-24T15:15:00+05:30,1836.000000,1836.000000,1827.050000,1829.600000,3979
2016-10-25T09:15:00+05:30,1844.000000,1844.000000,1832.050000,1838.850000,809
2016-10-25T09:30:00+05:30,1838.850000,1838.850000,1826.000000,1827.600000,448
2016-10-25T09:45:00+05:30,1826.000000,1829.900000,1824.100000,1824.100000,493
2016-10-25T10:00:00+05:30,1826.850000,1827.950000,1824.050000,1827.700000,460
2016-10-25T10:15:00+05:30,1827.700000,1830.050000,1826.050000,1830.050000,194
2016-10-25T10:30:00+05:30,1830.050000,1830.050000,1826.050000,1829.950000,315
2016-10-25T10:45:00+05:30,1829.950000,1829.950000,1825.000000,1825.500000,116
2016-10-25T11:00:00+05:30,1825.500000,1827.000000,1824.000000,1825.000000,330
2016-10-25T11:15:00+05:30,1824.000000,1827.000000,1823.050000,1823.100000,255
2016-10-25T11:30:00+05:30,1823.000000,1827.000000,1823.000000,1825.100000,90
2016-10-25T11:45:00+05:30,1825.100000,1827.000000,1823.000000,1825.050000,362
2016-10-25T12:00:00+05:30,1826.950000,1827.000000,1822.800000,1824.900000,310
2016-10-25T12:15:00+05:30,1824.900000,1825.850000,1822.200000,1825.850000,96
2016-10-25T12:30:00+05:30,1825.850000,1826.900000,1824.000000,1824.000000,29
2016-10-25T12:45:00+05:30,1824.000000,1827.000000,1822.000000,1827.000000,240
2016-10-25T13:00:00+05:30,1827.000000,1827.000000,1826.100000,1826.100000,23
2016-10-25T13:15:00+05:30,1826.100000,1826.100000,1821.000000,1823.000000,147
2016-10-25T13:30:00+05:30,1823.000000,1823.000000,1821.200000,1821.200000,94
2016-10-25T13:45:00+05:30,1821.200000,1828.100000,1821.200000,1827.850000,745
2016-10-25T14:00:00+05:30,1827.850000,1830.000000,1825.350000,1825.350000,451
2016-10-25T14:15:00+05:30,1825.350000,1825.750000,1825.350000,1825.550000,12
2016-10-25T14:30:00+05:30,1825.550000,1830.100000,1825.550000,1829.550000,1985
2016-10-25T14:45:00+05:30,1829.550000,1830.000000,1823.000000,1823.000000,325
2016-10-25T15:00:00+05:30,1823.000000,1826.950000,1823.000000,1826.800000,317
2016-10-25T15:15:00+05:30,1826.800000,1830.000000,1823.050000,1826.000000,1170
2016-10-26T09:15:00+05:30,1826.000000,1826.000000,1805.000000,1824.950000,987
2016-10-26T09:30:00+05:30,1824.950000,1837.000000,1815.000000,1830.000000,823
2016-10-26T09:45:00+05:30,1830.000000,1830.000000,1825.600000,1830.000000,120
2016-10-26T10:00:00+05:30,1830.000000,1830.000000,1825.000000,1827.000000,124
2016-10-26T10:15:00+05:30,1827.000000,1830.000000,1826.000000,1830.000000,374
2016-10-26T10:30:00+05:30,1830.000000,1830.000000,1827.050000,1827.050000,224
2016-10-26T10:45:00+05:30,1827.000000,1830.000000,1823.500000,1823.500000,239
2016-10-26T11:00:00+05:30,1823.500000,1823.500000,1823.000000,1823.500000,80
2016-10-26T11:15:00+05:30,1823.500000,1823.500000,1823.000000,1823.000000,283
2016-10-26T11:30:00+05:30,1823.000000,1824.950000,1823.000000,1823.000000,21
2016-10-26T11:45:00+05:30,1823.000000,1825.000000,1823.000000,1823.000000,435
2016-10-26T12:00:00+05:30,1823.000000,1824.900000,1823.000000,1824.900000,11
2016-10-26T12:15:00+05:30,1824.900000,1825.000000,1823.000000,1825.000000,372
2016-10-26T12:30:00+05:30,1825.000000,1825.000000,1824.950000,1825.000000,7
2016-10-26T12:45:00+05:30,1825.000000,1825.000000,1823.600000,1825.000000,99
2016-10-26T13:00:00+05:30,1825.000000,1825.000000,1824.950000,1825.000000,61
2016-10-26T13:15:00+05:30,1825.000000,1825.000000,1825.000000,1825.000000,133
2016-10-26T13:30:00+05:30,1825.000000,1825.000000,1823.500000,1823.500000,75
2016-10-26T13:45:00+05:30,1824.950000,1825.000000,1824.050000,1824.950000,89
2016-10-26T14:00:00+05:30,1824.950000,1838.500000,1824.050000,1826.500000,664
2016-10-26T14:15:00+05:30,1826.500000,1831.150000,1825.000000,1825.000000,410
2016-10-26T14:30:00+05:30,1825.000000,1829.500000,1825.000000,1826.000000,164
2016-10-26T14:45:00+05:30,1829.850000,1829.850000,1823.000000,1823.650000,831
2016-10-26T15:00:00+05:30,1823.650000,1828.950000,1823.000000,1826.350000,212
2016-10-26T15:15:00+05:30,1826.350000,1835.000000,1823.000000,1830.000000,870
2016-10-27T09:15:00+05:30,1825.000000,1829.900000,1815.000000,1818.000000,275
2016-10-27T09:30:00+05:30,1818.000000,1834.950000,1818.000000,1823.000000,155
2016-10-27T09:45:00+05:30,1823.000000,1830.000000,1823.000000,1823.000000,214
2016-10-27T10:00:00+05:30,1823.000000,1830.000000,1823.000000,1830.000000,62
2016-10-27T10:15:00+05:30,1830.000000,1831.000000,1823.100000,1831.000000,449
2016-10-27T10:30:00+05:30,1831.000000,1831.000000,1823.000000,1823.000000,72
2016-10-27T10:45:00+05:30,1825.400000,1826.200000,1820.000000,1820.000000,484
2016-10-27T11:00:00+05:30,1820.000000,1825.000000,1820.000000,1825.000000,74
2016-10-27T11:15:00+05:30,1825.000000,1825.000000,1819.150000,1819.150000,114
2016-10-27T11:30:00+05:30,1818.000000,1820.000000,1817.000000,1820.000000,383
2016-10-27T11:45:00+05:30,1820.000000,1820.000000,1817.100000,1817.100000,30
2016-10-27T12:00:00+05:30,1817.100000,1819.650000,1810.000000,1817.950000,464
2016-10-27T12:15:00+05:30,1817.950000,1818.000000,1812.000000,1818.000000,161
2016-10-27T12:30:00+05:30,1818.000000,1820.000000,1812.000000,1812.000000,266
2016-10-27T12:45:00+05:30,1812.000000,1818.000000,1812.000000,1818.000000,223
2016-10-27T13:00:00+05:30,1818.000000,1821.500000,1818.000000,1818.000000,53
2016-10-27T13:15:00+05:30,1818.000000,1821.500000,1818.000000,1821.450000,68
2016-10-27T13:30:00+05:30,1821.450000,1821.500000,1820.000000,1820.000000,128
2016-10-27T13:45:00+05:30,1820.000000,1821.500000,1818.000000,1821.500000,38
2016-10-27T14:00:00+05:30,1821.500000,1822.000000,1821.500000,1821.950000,170
2016-10-27T14:15:00+05:30,1821.950000,1821.950000,1818.500000,1818.500000,33
2016-10-27T14:30:00+05:30,1818.500000,1818.500000,1816.950000,1817.000000,259
2016-10-27T14:45:00+05:30,1817.000000,1818.000000,1810.000000,1817.900000,925
2016-10-27T15:00:00+05:30,1817.900000,1821.750000,1814.000000,1819.500000,137
2016-10-27T15:15:00+05:30,1819.500000,1828.000000,1812.000000,1828.000000,764
2016-10-28T09:15:00+05:30,1821.150000,1828.000000,1809.000000,1820.450000,68
2016-10-28T09:30:00+05:30,1820.450000,1820.450000,1812.000000,1816.750000,82
2016-10-28T09:45:00+05:30,1816.750000,1818.000000,1813.000000,1818.000000,140
2016-10-28T10:00:00+05:30,1818.000000,1825.000000,1818.000000,1825.000000,75
2016-10-28T10:15:00+05:30,1825.000000,1830.300000,1825.000000,1830.000000,83
2016-10-28T10:30:00+05:30,1830.000000,1830.000000,1830.000000,1830.000000,20
2016-10-28T10:45:00+05:30,1830.000000,1830.000000,1827.000000,1830.000000,55
2016-10-28T11:00:00+05:30,1830.000000,1830.000000,1829.950000,1829.950000,1
2016-10-28T11:15:00+05:30,1829.950000,1830.000000,1827.050000,1830.000000,158
2016-10-28T11:30:00+05:30,1830.000000,1830.000000,1827.000000,1827.000000,299
2016-10-28T11:45:00+05:30,1827.000000,1827.000000,1827.000000,1827.000000,25
2016-10-28T12:00:00+05:30,1827.000000,1827.000000,1827.000000,1827.000000,170
2016-10-28T12:15:00+05:30,1827.000000,1827.000000,1825.000000,1825.000000,110
2016-10-28T12:30:00+05:30,1825.000000,1825.000000,1823.000000,1823.000000,104
2016-10-28T12:45:00+05:30,1823.000000,1825.000000,1821.400000,1825.000000,16
2016-10-28T13:00:00+05:30,1825.000000,1825.000000,1824.950000,1824.950000,44
2016-10-28T13:15:00+05:30,1824.950000,1827.000000,1824.950000,1827.000000,190
2016-10-28T13:30:00+05:30,1828.000000,1830.000000,1824.950000,1830.000000,48
2016-10-28T13:45:00+05:30,1830.000000,1830.000000,1830.000000,1830.000000,8
2016-10-28T14:00:00+05:30,1830.000000,1830.000000,1825.000000,1825.000000,115
2016-10-28T14:15:00+05:30,1825.000000,1826.000000,1825.000000,1826.000000,42
2016-10-28T14:30:00+05:30,1826.000000,1826.000000,1824.950000,1824.950000,86
2016-10-28T14:45:00+05:30,1824.950000,1826.000000,1817.000000,1818.050000,242
2016-10-28T15:00:00+05:30,1818.050000,1833.000000,1818.050000,1822.500000,1384
2016-10-28T15:15:00+05:30,1822.500000,1825.000000,1820.200000,1825.000000,732
2016-10-30T18:30:00+05:30,1839.150000,1848.000000,1838.900000,1845.850000,1147
2016-10-30T18:45:00+05:30,1845.850000,1849.000000,1842.050000,1847.950000,560
2016-10-30T19:00:00+05:30,1848.000000,1850.000000,1845.200000,1850.000000,668
2016-10-30T19:15:00+05:30,1850.000000,1852.000000,1838.000000,1840.000000,1039
2016-11-01T09:15:00+05:30,1825.000000,1850.000000,1822.300000,1835.700000,422
2016-11-01T09:30:00+05:30,1835.700000,1840.000000,1835.700000,1839.950000,121
2016-11-01T09:45:00+05:30,1839.950000,1840.000000,1833.000000,1834.600000,106
2016-11-01T10:00:00+05:30,1834.600000,1835.000000,1807.750000,1816.900000,6590
2016-11-01T10:15:00+05:30,1816.900000,1819.000000,1811.500000,1813.000000,1009
2016-11-01T10:30:00+05:30,1813.000000,1819.000000,1811.350000,1817.500000,1075
2016-11-01T10:45:00+05:30,1817.500000,1817.500000,1812.650000,1814.250000,461
2016-11-01T11:00:00+05:30,1814.250000,1814.950000,1808.000000,1809.900000,693
2016-11-01T11:15:00+05:30,1809.900000,1819.000000,1806.000000,1809.950000,939
2016-11-01T11:30:00+05:30,1809.950000,1814.800000,1808.000000,1809.900000,700
2016-11-01T11:45:00+05:30,1810.000000,1814.000000,1809.900000,1810.000000,415
2016-11-01T12:00:00+05:30,1810.000000,1810.000000,1803.000000,1809.750000,736
2016-11-01T12:15:00+05:30,1809.750000,1810.000000,1805.000000,1810.000000,918
2016-11-01T12:30:00+05:30,1810.000000,1810.000000,1809.000000,1810.000000,274
2016-11-01T12:45:00+05:30,1810.000000,1810.000000,1797.600000,1805.000000,2183
2016-11-01T13:00:00+05:30,1805.000000,1808.950000,1805.000000,1808.700000,121
2016-11-01T13:15:00+05:30,1808.700000,1809.000000,1805.050000,1809.000000,328
2016-11-01T13:30:00+05:30,1809.000000,1809.000000,1805.050000,1808.950000,503
2016-11-01T13:45:00+05:30,1806.000000,1809.000000,1799.950000,1804.600000,581
2016-11-01T14:00:00+05:30,1804.600000,1808.900000,1800.050000,1804.950000,184
2016-11-01T14:15:00+05:30,1804.950000,1805.000000,1797.000000,1800.000000,695
2016-11-01T14:30:00+05:30,1800.000000,1800.050000,1795.000000,1795.000000,453
2016-11-01T14:45:00+05:30,1795.000000,1799.000000,1790.000000,1794.100000,1415
2016-11-01T15:00:00+05:30,1794.100000,1796.500000,1788.050000,1790.000000,1174
2016-11-01T15:15:00+05:30,1790.000000,1800.000000,1785.000000,1787.000000,13009
2016-11-02T09:15:00+05:30,1819.800000,1819.800000,1775.250000,1788.000000,859
2016-11-02T09:30:00+05:30,1788.000000,1792.000000,1788.000000,1788.000000,172
2016-11-02T09:45:00+05:30,1788.000000,1795.000000,1780.000000,1793.900000,337
2016-11-02T10:00:00+05:30,1793.900000,1798.950000,1792.000000,1796.950000,59
2016-11-02T10:15:00+05:30,1796.950000,1796.950000,1792.250000,1794.000000,122
2016-11-02T10:30:00+05:30,1794.000000,1794.000000,1790.000000,1793.450000,29
2016-11-02T10:45:00+05:30,1793.450000,1794.000000,1790.000000,1794.000000,76
2016-11-02T11:00:00+05:30,1794.000000,1794.000000,1790.000000,1793.400000,39
2016-11-02T11:15:00+05:30,1793.850000,1793.850000,1790.150000,1792.950000,38
2016-11-02T11:30:00+05:30,1792.950000,1793.000000,1790.100000,1793.000000,66
2016-11-02T11:45:00+05:30,1793.000000,1795.000000,1790.000000,1790.000000,291
2016-11-02T12:00:00+05:30,1794.950000,1795.000000,1792.350000,1792.350000,56
2016-11-02T12:15:00+05:30,1792.350000,1795.000000,1792.150000,1794.950000,126
2016-11-02T12:30:00+05:30,1794.950000,1794.950000,1792.150000,1794.950000,46
2016-11-02T12:45:00+05:30,1794.950000,1795.000000,1792.150000,1792.150000,115
2016-11-02T13:00:00+05:30,1792.150000,1795.000000,1792.150000,1792.400000,68
2016-11-02T13:15:00+05:30,1792.400000,1793.000000,1792.200000,1793.000000,41
2016-11-02T13:30:00+05:30,1793.000000,1794.000000,1790.000000,1794.000000,361
2016-11-02T13:45:00+05:30,1794.000000,1794.000000,1791.200000,1793.650000,16
2016-11-02T14:00:00+05:30,1793.650000,1793.650000,1790.000000,1790.000000,207
2016-11-02T14:15:00+05:30,1790.000000,1793.600000,1787.000000,1787.000000,355
2016-11-02T14:30:00+05:30,1787.000000,1792.000000,1785.000000,1790.000000,200
2016-11-02T14:45:00+05:30,1790.000000,1790.000000,1785.050000,1790.000000,298
2016-11-02T15:00:00+05:30,1790.000000,1807.000000,1790.000000,1799.900000,10166
2016-11-02T15:15:00+05:30,1799.900000,1807.000000,1790.500000,1804.000000,5477
2016-11-03T09:15:00+05:30,1802.650000,1806.000000,1796.200000,1797.000000,201
2016-11-03T09:30:00+05:30,1797.000000,1806.000000,1797.000000,1804.400000,40
2016-11-03T09:45:00+05:30,1805.950000,1806.000000,1802.250000,1806.000000,61
2016-11-03T10:00:00+05:30,1806.000000,1809.850000,1806.000000,1809.850000,81
2016-11-03T10:15:00+05:30,1809.850000,1809.900000,1807.500000,1809.900000,21
2016-11-03T10:30:00+05:30,1809.900000,1809.900000,1805.000000,1805.000000,395
2016-11-03T10:45:00+05:30,1805.000000,1809.850000,1805.000000,1809.000000,231
2016-11-03T11:00:00+05:30,1809.000000,1809.850000,1805.050000,1805.100000,277
2016-11-03T11:15:00+05:30,1805.100000,1808.050000,1805.050000,1808.050000,52
2016-11-03T11:30:00+05:30,1808.050000,1810.000000,1806.050000,1808.000000,172
2016-11-03T11:45:00+05:30,1808.000000,1808.500000,1805.100000,1806.000000,99
2016-11-03T12:00:00+05:30,1806.000000,1809.000000,1805.000000,1805.050000,204
2016-11-03T12:15:00+05:30,1805.050000,1810.000000,1805.050000,1806.600000,922
2016-11-03T12:30:00+05:30,1806.600000,1808.000000,1802.100000,1805.000000,87
2016-11-03T12:45:00+05:30,1805.000000,1805.000000,1804.950000,1804.950000,67
2016-11-03T13:00:00+05:30,1804.950000,1806.900000,1802.050000,1806.900000,229
2016-11-03T13:15:00+05:30,1806.900000,1807.000000,1800.000000,1800.200000,509
2016-11-03T13:30:00+05:30,1800.200000,1804.300000,1798.000000,1804.300000,1338
2016-11-03T13:45:00+05:30,1800.050000,1804.000000,1800.000000,1800.000000,225
2016-11-03T14:00:00+05:30,1800.000000,1805.000000,1800.000000,1805.000000,157
2016-11-03T14:15:00+05:30,1805.000000,1805.000000,1798.000000,1798.000000,461
2016-11-03T14:30:00+05:30,1798.000000,1800.000000,1792.000000,1795.200000,189
2016-11-03T14:45:00+05:30,1795.200000,1795.200000,1785.000000,1790.000000,990
2016-11-03T15:00:00+05:30,1790.000000,1790.000000,1750.000000,1757.500000,6185
2016-11-03T15:15:00+05:30,1751.050000,1805.000000,1749.900000,1803.000000,8112
2016-11-04T09:15:00+05:30,1802.850000,1802.850000,1781.950000,1796.800000,739
2016-11-04T09:30:00+05:30,1796.800000,1797.950000,1788.100000,1796.450000,607
2016-11-04T09:45:00+05:30,1796.450000,1796.450000,1775.000000,1775.000000,800
2016-11-04T10:00:00+05:30,1775.000000,1790.000000,1775.000000,1782.250000,1153
2016-11-04T10:15:00+05:30,1782.250000,1788.000000,1780.000000,1782.000000,235
2016-11-04T10:30:00+05:30,1782.000000,1788.000000,1775.000000,1782.100000,405
2016-11-04T10:45:00+05:30,1782.100000,1786.000000,1782.000000,1784.750000,109
2016-11-04T11:00:00+05:30,1784.750000,1784.800000,1780.000000,1782.000000,88
2016-11-04T11:15:00+05:30,1780.000000,1782.950000,1780.000000,1782.300000,115
2016-11-04T11:30:00+05:30,1782.300000,1782.300000,1778.100000,1780.000000,153
2016-11-04T11:45:00+05:30,1780.000000,1781.500000,1780.000000,1781.500000,54
2016-11-04T12:00:00+05:30,1781.500000,1784.000000,1776.000000,1777.700000,526
2016-11-04T12:15:00+05:30,1777.700000,1783.750000,1777.700000,1778.350000,94
2016-11-04T12:30:00+05:30,1778.350000,1783.000000,1775.750000,1776.500000,141
2016-11-04T12:45:00+05:30,1776.500000,1780.350000,1776.050000,1776.050000,279
2016-11-04T13:00:00+05:30,1776.050000,1779.900000,1776.050000,1779.450000,144
2016-11-04T13:15:00+05:30,1779.450000,1779.450000,1775.000000,1776.000000,880
2016-11-04T13:30:00+05:30,1775.000000,1779.800000,1775.000000,1775.150000,185
2016-11-04T13:45:00+05:30,1775.150000,1778.000000,1771.000000,1773.850000,939
2016-11-04T14:00:00+05:30,1773.850000,1774.950000,1772.000000,1774.950000,137
2016-11-04T14:15:00+05:30,1774.950000,1774.950000,1772.000000,1772.550000,100
2016-11-04T14:30:00+05:30,1772.550000,1774.750000,1772.000000,1773.850000,218
2016-11-04T14:45:00+05:30,1772.050000,1779.650000,1772.000000,1772.350000,548
2016-11-04T15:00:00+05:30,1772.350000,1783.750000,1772.350000,1781.300000,404
2016-11-04T15:15:00+05:30,1781.300000,1794.800000,1771.950000,1773.100000,1469
2016-11-07T09:15:00+05:30,1810.050000,1870.000000,1804.850000,1840.000000,7979
2016-11-07T09:30:00+05:30,1840.000000,1840.000000,1819.000000,1826.000000,2221
2016-11-07T09:45:00+05:30,1826.000000,1836.050000,1822.300000,1831.500000,554
2016-11-07T10:00:00+05:30,1831.500000,1834.850000,1828.750000,1830.050000,231
2016-11-07T10:15:00+05:30,1830.050000,1833.000000,1823.300000,1828.000000,445
2016-11-07T10:30:00+05:30,1828.000000,1829.950000,1820.000000,1820.000000,422
2016-11-07T10:45:00+05:30,1820.000000,1825.150000,1820.000000,1820.150000,1783
2016-11-07T11:00:00+05:30,1820.150000,1822.950000,1820.150000,1820.300000,831
2016-11-07T11:15:00+05:30,1820.300000,1823.000000,1810.500000,1811.050000,2865
2016-11-07T11:30:00+05:30,1811.050000,1814.000000,1805.050000,1805.400000,1958
2016-11-07T11:45:00+05:30,1805.400000,1806.000000,1802.250000,1802.600000,977
2016-11-07T12:00:00+05:30,1802.600000,1805.900000,1797.200000,1801.950000,1931
2016-11-07T12:15:00+05:30,1801.950000,1813.000000,1800.100000,1802.100000,1044
2016-11-07T12:30:00+05:30,1802.100000,1803.900000,1791.250000,1794.450000,1160
2016-11-07T12:45:00+05:30,1794.450000,1800.000000,1791.500000,1795.000000,904
2016-11-07T13:00:00+05:30,1795.000000,1799.400000,1787.000000,1790.000000,919
2016-11-07T13:15:00+05:30,1790.000000,1797.950000,1789.000000,1789.950000,583
2016-11-07T13:30:00+05:30,1790.000000,1794.050000,1774.950000,1779.800000,2451
2016-11-07T13:45:00+05:30,1779.800000,1790.050000,1779.500000,1790.000000,614
2016-11-07T14:00:00+05:30,1790.000000,1790.000000,1785.800000,1787.200000,146
2016-11-07T14:15:00+05:30,1787.200000,1788.100000,1783.100000,1788.000000,635
2016-11-07T14:30:00+05:30,1788.000000,1795.050000,1788.000000,1792.000000,942
2016-11-07T14:45:00+05:30,1792.250000,1798.950000,1791.000000,1798.000000,845
2016-11-07T15:00:00+05:30,1794.000000,1795.000000,1780.000000,1780.000000,993
2016-11-07T15:15:00+05:30,1780.000000,1794.000000,1771.000000,1776.200000,2709
2016-11-08T09:15:00+05:30,1760.500000,1795.900000,1760.500000,1784.050000,440
2016-11-08T09:30:00+05:30,1784.050000,1792.200000,1784.050000,1784.050000,33
2016-11-08T09:45:00+05:30,1784.050000,1790.450000,1784.050000,1790.450000,224
2016-11-08T10:00:00+05:30,1790.450000,1790.500000,1778.100000,1789.000000,260
2016-11-08T10:15:00+05:30,1789.000000,1789.850000,1780.000000,1782.050000,274
2016-11-08T10:30:00+05:30,1782.050000,1782.050000,1772.000000,1772.050000,354
2016-11-08T10:45:00+05:30,1772.050000,1772.900000,1762.500000,1769.750000,471
2016-11-08T11:00:00+05:30,1769.750000,1772.650000,1765.000000,1772.650000,56
2016-11-08T11:15:00+05:30,1772.650000,1774.000000,1768.000000,1773.850000,60
2016-11-08T11:30:00+05:30,1773.850000,1774.950000,1769.000000,1774.950000,70
2016-11-08T11:45:00+05:30,1774.950000,1780.000000,1772.500000,1776.900000,303
2016-11-08T12:00:00+05:30,1776.900000,1780.000000,1771.900000,1779.700000,212
2016-11-08T12:15:00+05:30,1779.700000,1779.700000,1768.200000,1768.200000,234
2016-11-08T12:30:00+05:30,1768.200000,1772.800000,1765.600000,1769.850000,119
2016-11-08T12:45:00+05:30,1769.850000,1779.500000,1769.850000,1772.000000,403
2016-11-08T13:00:00+05:30,1772.000000,1779.800000,1772.000000,1777.000000,103
2016-11-08T13:15:00+05:30,1777.000000,1778.950000,1777.000000,1778.950000,45
2016-11-08T13:30:00+05:30,1778.950000,1778.950000,1776.000000,1777.000000,138
2016-11-08T13:45:00+05:30,1777.000000,1777.000000,1775.200000,1775.200000,45
2016-11-08T14:00:00+05:30,1775.200000,1777.000000,1775.050000,1775.050000,211
2016-11-08T14:15:00+05:30,1775.050000,1777.000000,1775.050000,1776.000000,44
2016-11-08T14:30:00+05:30,1776.000000,1780.000000,1776.000000,1780.000000,633
2016-11-08T14:45:00+05:30,1780.000000,1780.000000,1778.100000,1780.000000,295
2016-11-08T15:00:00+05:30,1780.000000,1780.000000,1778.950000,1780.000000,620
2016-11-08T15:15:00+05:30,1780.000000,1780.000000,1775.000000,1780.000000,2620
2016-11-09T09:15:00+05:30,1699.950000,1738.000000,1656.600000,1728.500000,1360
2016-11-09T09:30:00+05:30,1728.500000,1738.000000,1710.000000,1738.000000,1243
2016-11-09T09:45:00+05:30,1738.000000,1738.000000,1730.050000,1737.950000,556
2016-11-09T10:00:00+05:30,1737.950000,1738.000000,1724.950000,1735.850000,602
2016-11-09T10:15:00+05:30,1735.850000,1740.050000,1735.000000,1735.250000,847
2016-11-09T10:30:00+05:30,1735.250000,1737.950000,1735.000000,1737.000000,1993
2016-11-09T10:45:00+05:30,1737.000000,1754.000000,1737.000000,1744.850000,911
2016-11-09T11:00:00+05:30,1744.850000,1750.000000,1740.000000,1745.000000,295
2016-11-09T11:15:00+05:30,1745.000000,1751.100000,1737.250000,1740.850000,571
2016-11-09T11:30:00+05:30,1740.850000,1751.100000,1740.850000,1751.050000,185
2016-11-09T11:45:00+05:30,1751.050000,1760.000000,1744.000000,1750.000000,289
2016-11-09T12:00:00+05:30,1750.000000,1765.000000,1750.000000,1760.050000,259
2016-11-09T12:15:00+05:30,1760.050000,1765.000000,1751.500000,1765.000000,317
2016-11-09T12:30:00+05:30,1765.000000,1777.000000,1754.300000,1754.300000,333
2016-11-09T12:45:00+05:30,1755.750000,1765.100000,1755.750000,1755.900000,41
2016-11-09T13:00:00+05:30,1755.900000,1765.100000,1755.850000,1765.100000,104
2016-11-09T13:15:00+05:30,1768.550000,1773.500000,1763.550000,1773.500000,129
2016-11-09T13:30:00+05:30,1773.500000,1808.950000,1767.000000,1808.950000,564
2016-11-09T13:45:00+05:30,1809.050000,1815.950000,1790.000000,1790.000000,365
2016-11-09T14:00:00+05:30,1790.000000,1811.000000,1790.000000,1800.050000,46
2016-11-09T14:15:00+05:30,1800.050000,1805.000000,1790.000000,1805.000000,514
2016-11-09T14:30:00+05:30,1801.250000,1805.000000,1789.950000,1790.000000,511
2016-11-09T14:45:00+05:30,1790.000000,1790.000000,1781.250000,1789.750000,156
2016-11-09T15:00:00+05:30,1789.750000,1800.000000,1784.050000,1800.000000,386
2016-11-09T15:15:00+05:30,1800.000000,1820.000000,1800.000000,1820.000000,2103
2016-11-10T09:15:00+05:30,1830.000000,1830.000000,1815.000000,1825.500000,513
2016-11-10T09:30:00+05:30,1825.500000,1830.000000,1821.150000,1827.500000,850
2016-11-10T09:45:00+05:30,1827.500000,1827.500000,1822.000000,1822.000000,122
2016-11-10T10:00:00+05:30,1822.000000,1822.000000,1805.800000,1810.550000,759
2016-11-10T10:15:00+05:30,1810.550000,1811.000000,1801.500000,1804.200000,438
2016-11-10T10:30:00+05:30,1804.200000,1808.950000,1802.050000,1802.050000,440
2016-11-10T10:45:00+05:30,1802.050000,1810.800000,1802.050000,1808.000000,94
2016-11-10T11:00:00+05:30,1808.000000,1820.000000,1806.000000,1815.000000,318
2016-11-10T11:15:00+05:30,1815.000000,1820.000000,1815.000000,1815.500000,130
2016-11-10T11:30:00+05:30,1815.500000,1818.150000,1802.050000,1802.100000,160
2016-11-10T11:45:00+05:30,1802.100000,1810.750000,1802.100000,1808.500000,128
2016-11-10T12:00:00+05:30,1808.500000,1817.950000,1808.250000,1817.950000,94
2016-11-10T12:15:00+05:30,1817.950000,1817.950000,1810.250000,1811.000000,65
2016-11-10T12:30:00+05:30,1811.000000,1817.950000,1810.650000,1810.650000,96
2016-11-10T12:45:00+05:30,1810.650000,1817.000000,1810.650000,1812.500000,136
2016-11-10T13:00:00+05:30,1812.500000,1815.400000,1811.000000,1811.050000,110
2016-11-10T13:15:00+05:30,1811.000000,1814.350000,1811.000000,1811.150000,55
2016-11-10T13:30:00+05:30,1811.150000,1815.500000,1810.100000,1812.050000,105
2016-11-10T13:45:00+05:30,1812.050000,1815.000000,1805.000000,1805.400000,150
2016-11-10T14:00:00+05:30,1805.400000,1813.900000,1805.400000,1806.100000,233
2016-11-10T14:15:00+05:30,1806.100000,1810.000000,1805.000000,1810.000000,94
2016-11-10T14:30:00+05:30,1810.000000,1811.100000,1807.000000,1807.050000,156
2016-11-10T14:45:00+05:30,1807.050000,1813.700000,1807.000000,1812.000000,55
2016-11-10T15:00:00+05:30,1812.000000,1812.000000,1793.150000,1795.950000,1243
2016-11-10T15:15:00+05:30,1795.950000,1805.000000,1793.050000,1795.000000,1332
2016-11-11T09:15:00+05:30,1795.000000,1799.450000,1770.150000,1790.000000,1410
2016-11-11T09:30:00+05:30,1790.000000,1790.000000,1775.000000,1777.000000,259
2016-11-11T09:45:00+05:30,1777.000000,1783.000000,1777.000000,1783.000000,122
2016-11-11T10:00:00+05:30,1783.000000,1783.000000,1782.900000,1782.900000,1
2016-11-11T10:15:00+05:30,1782.900000,1782.900000,1780.000000,1780.000000,42
2016-11-11T10:30:00+05:30,1780.000000,1790.000000,1775.650000,1789.950000,102
2016-11-11T10:45:00+05:30,1789.950000,1790.000000,1785.100000,1790.000000,122
2016-11-11T11:00:00+05:30,1790.000000,1790.000000,1785.800000,1790.000000,43
2016-11-11T11:15:00+05:30,1790.000000,1790.000000,1785.200000,1785.200000,40
2016-11-11T11:30:00+05:30,1785.200000,1799.450000,1785.200000,1797.850000,227
2016-11-11T11:45:00+05:30,1797.850000,1799.950000,1788.850000,1788.850000,320
2016-11-11T12:00:00+05:30,1788.850000,1796.950000,1788.850000,1788.900000,24
2016-11-11T12:15:00+05:30,1788.900000,1791.500000,1788.900000,1791.500000,79
2016-11-11T12:30:00+05:30,1791.500000,1791.500000,1790.050000,1790.050000,5
2016-11-11T12:45:00+05:30,1790.050000,1790.150000,1790.050000,1790.100000,19
2016-11-11T13:00:00+05:30,1790.100000,1793.950000,1790.100000,1790.500000,154
2016-11-11T13:15:00+05:30,1790.500000,1802.900000,1790.500000,1799.900000,109
2016-11-11T13:30:00+05:30,1799.900000,1799.900000,1792.950000,1797.750000,28
2016-11-11T13:45:00+05:30,1797.750000,1800.000000,1793.000000,1800.000000,199
2016-11-11T14:00:00+05:30,1800.000000,1806.900000,1800.000000,1803.000000,389
2016-11-11T14:15:00+05:30,1803.000000,1805.750000,1791.000000,1794.750000,246
2016-11-11T14:30:00+05:30,1794.750000,1796.200000,1790.500000,1792.950000,813
2016-11-11T14:45:00+05:30,1792.950000,1793.000000,1790.550000,1792.500000,199
2016-11-11T15:00:00+05:30,1791.050000,1797.700000,1791.050000,1794.000000,792
2016-11-11T15:15:00+05:30,1794.000000,1820.000000,1794.000000,1820.000000,1751
2016-11-15T09:15:00+05:30,1800.000000,1805.850000,1771.000000,1775.000000,469
2016-11-15T09:30:00+05:30,1784.000000,1784.000000,1768.000000,1769.800000,292
2016-11-15T09:45:00+05:30,1769.800000,1770.000000,1765.000000,1766.250000,244
2016-11-15T10:00:00+05:30,1766.250000,1770.000000,1765.200000,1765.200000,86
2016-11-15T10:15:00+05:30,1765.200000,1768.200000,1765.200000,1768.000000,190
2016-11-15T10:30:00+05:30,1768.000000,1768.000000,1765.200000,1765.500000,103
2016-11-15T10:45:00+05:30,1765.500000,1768.000000,1763.050000,1764.950000,785
2016-11-15T11:00:00+05:30,1764.950000,1765.000000,1763.050000,1765.000000,88
2016-11-15T11:15:00+05:30,1765.000000,1765.000000,1763.050000,1764.500000,69
2016-11-15T11:30:00+05:30,1764.500000,1764.500000,1760.000000,1760.000000,442
2016-11-15T11:45:00+05:30,1760.000000,1762.000000,1760.000000,1760.050000,111
2016-11-15T12:00:00+05:30,1760.050000,1760.100000,1752.100000,1757.000000,543
2016-11-15T12:15:00+05:30,1757.000000,1758.000000,1754.900000,1758.000000,13
2016-11-15T12:30:00+05:30,1758.000000,1759.000000,1755.050000,1759.000000,174
2016-11-15T12:45:00+05:30,1759.000000,1765.000000,1758.000000,1758.000000,170
2016-11-15T13:00:00+05:30,1758.000000,1765.000000,1758.000000,1764.950000,77
2016-11-15T13:15:00+05:30,1764.950000,1765.000000,1764.950000,1765.000000,201
2016-11-15T13:30:00+05:30,1765.000000,1767.500000,1761.000000,1761.000000,69
2016-11-15T13:45:00+05:30,1761.000000,1769.950000,1761.000000,1762.150000,236
2016-11-15T14:00:00+05:30,1762.150000,1765.000000,1761.000000,1763.000000,1408
2016-11-15T14:15:00+05:30,1763.000000,1765.000000,1763.000000,1764.600000,61
2016-11-15T14:30:00+05:30,1764.600000,1768.300000,1763.100000,1765.950000,319
2016-11-15T14:45:00+05:30,1765.950000,1770.000000,1765.950000,1767.000000,649
2016-11-15T15:00:00+05:30,1767.000000,1774.000000,1767.000000,1772.000000,476
2016-11-15T15:15:00+05:30,1772.000000,1798.000000,1770.000000,1774.800000,1586
2016-11-16T09:15:00+05:30,1799.850000,1799.900000,1770.000000,1770.000000,370
2016-11-16T09:30:00+05:30,1770.000000,1773.000000,1764.900000,1773.000000,379
2016-11-16T09:45:00+05:30,1773.000000,1773.000000,1764.000000,1764.000000,285
2016-11-16T10:00:00+05:30,1764.000000,1775.000000,1760.150000,1773.200000,397
2016-11-16T10:15:00+05:30,1773.200000,1774.750000,1770.000000,1774.750000,43
2016-11-16T10:30:00+05:30,1774.750000,1774.750000,1760.150000,1765.000000,449
2016-11-16T10:45:00+05:30,1765.000000,1775.000000,1765.000000,1774.900000,275
2016-11-16T11:00:00+05:30,1774.900000,1775.000000,1765.050000,1772.700000,51
2016-11-16T11:15:00+05:30,1772.700000,1774.900000,1770.150000,1770.150000,15
2016-11-16T11:30:00+05:30,1770.150000,1773.500000,1768.000000,1770.000000,94
2016-11-16T11:45:00+05:30,1770.000000,1770.000000,1764.050000,1764.050000,73
2016-11-16T12:00:00+05:30,1770.000000,1774.900000,1767.050000,1770.000000,165
2016-11-16T12:15:00+05:30,1770.000000,1774.850000,1767.000000,1770.000000,288
2016-11-16T12:30:00+05:30,1770.000000,1774.850000,1770.000000,1772.950000,77
2016-11-16T12:45:00+05:30,1772.950000,1781.950000,1772.150000,1781.950000,489
2016-11-16T13:00:00+05:30,1781.950000,1790.000000,1780.050000,1789.750000,416
2016-11-16T13:15:00+05:30,1789.750000,1789.750000,1782.400000,1784.200000,29
2016-11-16T13:30:00+05:30,1784.200000,1790.000000,1782.100000,1788.400000,59
2016-11-16T13:45:00+05:30,1788.400000,1790.000000,1782.000000,1789.000000,258
2016-11-16T14:00:00+05:30,1789.000000,1790.000000,1784.000000,1789.950000,105
2016-11-16T14:15:00+05:30,1789.950000,1789.950000,1786.250000,1786.250000,9
2016-11-16T14:30:00+05:30,1786.250000,1789.750000,1783.000000,1789.050000,354
2016-11-16T14:45:00+05:30,1789.050000,1789.050000,1784.050000,1787.850000,89
2016-11-16T15:00:00+05:30,1787.850000,1792.950000,1783.900000,1790.300000,701
2016-11-16T15:15:00+05:30,1790.300000,1795.000000,1789.950000,1795.000000,1365
2016-11-17T09:15:00+05:30,1783.050000,1783.050000,1774.100000,1779.950000,222
2016-11-17T09:30:00+05:30,1780.000000,1783.950000,1775.100000,1777.250000,181
2016-11-17T09:45:00+05:30,1777.250000,1780.000000,1775.100000,1775.100000,110
2016-11-17T10:00:00+05:30,1775.100000,1777.550000,1774.050000,1774.400000,138
2016-11-17T10:15:00+05:30,1774.400000,1783.900000,1764.050000,1768.850000,964
2016-11-17T10:30:00+05:30,1766.500000,1777.900000,1765.150000,1771.800000,271
2016-11-17T10:45:00+05:30,1771.850000,1778.000000,1766.050000,1778.000000,528
2016-11-17T11:00:00+05:30,1778.000000,1784.950000,1770.900000,1773.150000,485
2016-11-17T11:15:00+05:30,1773.150000,1784.750000,1768.500000,1774.650000,616
2016-11-17T11:30:00+05:30,1774.650000,1776.100000,1768.200000,1775.900000,649
2016-11-17T11:45:00+05:30,1775.900000,1779.700000,1775.000000,1775.900000,646
2016-11-17T12:00:00+05:30,1775.900000,1779.850000,1770.000000,1774.450000,988
2016-11-17T12:15:00+05:30,1774.450000,1778.850000,1770.000000,1770.450000,347
2016-11-17T12:30:00+05:30,1770.450000,1778.800000,1768.950000,1769.050000,810
2016-11-17T12:45:00+05:30,1769.050000,1776.950000,1769.050000,1776.950000,1326
2016-11-17T13:00:00+05:30,1776.950000,1779.000000,1770.000000,1775.700000,887
2016-11-17T13:15:00+05:30,1774.250000,1775.600000,1770.250000,1771.600000,395
2016-11-17T13:30:00+05:30,1771.600000,1778.200000,1771.600000,1775.500000,386
2016-11-17T13:45:00+05:30,1775.500000,1777.000000,1770.250000,1772.750000,684
2016-11-17T14:00:00+05:30,1772.750000,1776.700000,1770.200000,1771.000000,770
2016-11-17T14:15:00+05:30,1771.000000,1776.800000,1771.000000,1775.000000,800
2016-11-17T14:30:00+05:30,1775.000000,1775.000000,1772.100000,1775.000000,328
2016-11-17T14:45:00+05:30,1775.000000,1778.650000,1772.100000,1778.600000,677
2016-11-17T15:00:00+05:30,1778.600000,1778.700000,1775.000000,1776.250000,1023
2016-11-17T15:15:00+05:30,1776.250000,1776.250000,1772.100000,1775.000000,3422
2016-11-18T09:15:00+05:30,1770.100000,1777.950000,1770.000000,1770.000000,72
2016-11-18T09:30:00+05:30,1770.000000,1774.850000,1766.100000,1768.000000,105
2016-11-18T09:45:00+05:30,1768.000000,1770.000000,1766.500000,1770.000000,303
2016-11-18T10:00:00+05:30,1770.000000,1770.000000,1769.900000,1769.900000,10
2016-11-18T10:15:00+05:30,1769.900000,1769.900000,1765.000000,1765.050000,111
2016-11-18T10:30:00+05:30,1765.050000,1769.800000,1754.000000,1760.000000,652
2016-11-18T10:45:00+05:30,1760.000000,1765.000000,1760.000000,1765.000000,153
2016-11-18T11:00:00+05:30,1765.000000,1765.000000,1764.900000,1765.000000,290
2016-11-18T11:15:00+05:30,1765.000000,1772.000000,1764.950000,1764.950000,405
2016-11-18T11:30:00+05:30,1764.950000,1765.000000,1760.400000,1765.000000,98
2016-11-18T11:45:00+05:30,1765.000000,1765.000000,1764.000000,1764.500000,105
2016-11-18T12:00:00+05:30,1764.500000,1765.000000,1760.000000,1763.250000,131
2016-11-18T12:15:00+05:30,1763.250000,1765.000000,1760.100000,1764.950000,119
2016-11-18T12:30:00+05:30,1764.950000,1770.000000,1764.950000,1770.000000,1598
2016-11-18T12:45:00+05:30,1770.000000,1777.350000,1770.000000,1776.950000,128
2016-11-18T13:00:00+05:30,1776.950000,1778.900000,1773.000000,1778.850000,236
2016-11-18T13:15:00+05:30,1778.850000,1782.900000,1778.850000,1780.000000,31
2016-11-18T13:30:00+05:30,1780.000000,1780.000000,1773.900000,1774.000000,88
2016-11-18T13:45:00+05:30,1774.000000,1780.450000,1773.950000,1780.450000,37
2016-11-18T14:00:00+05:30,1779.950000,1779.950000,1776.400000,1779.500000,291
2016-11-18T14:15:00+05:30,1779.500000,1782.900000,1778.500000,1778.550000,666
2016-11-18T14:30:00+05:30,1778.550000,1782.000000,1778.550000,1782.000000,195
2016-11-18T14:45:00+05:30,1782.000000,1784.000000,1779.150000,1783.200000,162
2016-11-18T15:00:00+05:30,1783.200000,1790.000000,1782.800000,1790.000000,411
2016-11-18T15:15:00+05:30,1790.950000,1815.000000,1790.950000,1810.000000,1556
2016-11-21T09:15:00+05:30,1801.050000,1803.900000,1779.050000,1783.900000,632
2016-11-21T09:30:00+05:30,1783.900000,1796.800000,1783.900000,1792.000000,231
2016-11-21T09:45:00+05:30,1794.000000,1794.000000,1790.000000,1790.000000,126
2016-11-21T10:00:00+05:30,1790.000000,1790.000000,1781.150000,1783.700000,167
2016-11-21T10:15:00+05:30,1783.700000,1794.950000,1783.700000,1794.950000,38
2016-11-21T10:30:00+05:30,1794.950000,1794.950000,1781.500000,1784.400000,28
2016-11-21T10:45:00+05:30,1784.400000,1789.450000,1781.050000,1781.050000,59
2016-11-21T11:00:00+05:30,1781.050000,1789.000000,1780.100000,1785.050000,243
2016-11-21T11:15:00+05:30,1785.050000,1785.050000,1779.000000,1785.000000,109
2016-11-21T11:30:00+05:30,1785.000000,1785.000000,1773.200000,1775.950000,355
2016-11-21T11:45:00+05:30,1775.950000,1784.850000,1770.000000,1784.850000,101
2016-11-21T12:00:00+05:30,1784.850000,1784.850000,1771.150000,1774.000000,133
2016-11-21T12:15:00+05:30,1774.000000,1783.950000,1770.100000,1780.000000,149
2016-11-21T12:30:00+05:30,1780.000000,1783.850000,1780.000000,1782.000000,14
2016-11-21T12:45:00+05:30,1782.000000,1788.950000,1779.900000,1782.000000,559
2016-11-21T13:00:00+05:30,1782.000000,1787.950000,1778.000000,1782.300000,205
2016-11-21T13:15:00+05:30,1782.300000,1798.900000,1782.300000,1798.850000,309
2016-11-21T13:30:00+05:30,1798.850000,1798.850000,1791.500000,1791.500000,39
2016-11-21T13:45:00+05:30,1791.500000,1794.000000,1790.800000,1794.000000,50
2016-11-21T14:00:00+05:30,1785.050000,1802.000000,1782.250000,1786.150000,977
2016-11-21T14:15:00+05:30,1786.150000,1795.900000,1786.000000,1794.800000,52
2016-11-21T14:30:00+05:30,1794.800000,1797.850000,1785.350000,1785.350000,118
2016-11-21T14:45:00+05:30,1785.350000,1796.800000,1785.350000,1792.300000,138
2016-11-21T15:00:00+05:30,1787.700000,1798.850000,1786.550000,1797.950000,476
2016-11-21T15:15:00+05:30,1797.950000,1809.000000,1791.100000,1797.050000,1150
2016-11-22T09:15:00+05:30,1796.000000,1796.000000,1780.050000,1788.000000,249
2016-11-22T09:30:00+05:30,1788.000000,1792.400000,1786.000000,1787.050000,143
2016-11-22T09:45:00+05:30,1787.050000,1789.900000,1787.050000,1789.900000,171
2016-11-22T10:00:00+05:30,1789.900000,1796.000000,1789.900000,1792.950000,140
2016-11-22T10:15:00+05:30,1792.950000,1796.000000,1790.150000,1796.000000,147
2016-11-22T10:30:00+05:30,1796.000000,1796.000000,1786.000000,1789.700000,105
2016-11-22T10:45:00+05:30,1789.700000,1789.700000,1783.050000,1783.050000,251
2016-11-22T11:00:00+05:30,1783.050000,1785.000000,1782.050000,1785.000000,504
2016-11-22T11:15:00+05:30,1785.000000,1785.000000,1772.050000,1772.100000,686
2016-11-22T11:30:00+05:30,1772.100000,1775.000000,1765.050000,1766.000000,967
2016-11-22T11:45:00+05:30,1766.000000,1770.000000,1762.600000,1770.000000,871
2016-11-22T12:00:00+05:30,1770.000000,1770.000000,1763.000000,1763.500000,229
2016-11-22T12:15:00+05:30,1763.500000,1764.000000,1752.300000,1753.150000,296
2016-11-22T12:30:00+05:30,1753.150000,1758.000000,1747.050000,1749.000000,2876
2016-11-22T12:45:00+05:30,1749.000000,1749.950000,1747.000000,1747.000000,468
2016-11-22T13:00:00+05:30,1747.000000,1747.000000,1738.150000,1740.000000,2106
2016-11-22T13:15:00+05:30,1740.000000,1744.950000,1738.150000,1744.900000,204
2016-11-22T13:30:00+05:30,1744.900000,1746.950000,1744.850000,1745.250000,94
2016-11-22T13:45:00+05:30,1746.850000,1747.000000,1743.750000,1745.150000,330
2016-11-22T14:00:00+05:30,1745.150000,1747.000000,1745.150000,1747.000000,290
2016-11-22T14:15:00+05:30,1747.000000,1747.000000,1739.000000,1739.900000,4913
2016-11-22T14:30:00+05:30,1739.100000,1739.900000,1727.350000,1729.800000,4412
2016-11-22T14:45:00+05:30,1729.800000,1730.000000,1714.500000,1720.000000,3837
2016-11-22T15:00:00+05:30,1720.000000,1730.000000,1703.000000,1725.150000,8280
2016-11-22T15:15:00+05:30,1728.450000,1739.000000,1720.150000,1730.000000,2788
2016-11-23T09:15:00+05:30,1741.050000,1741.050000,1721.050000,1739.300000,224
2016-11-23T09:30:00+05:30,1739.300000,1740.000000,1731.000000,1734.000000,161
2016-11-23T09:45:00+05:30,1734.000000,1739.950000,1734.000000,1739.950000,105
2016-11-23T10:00:00+05:30,1739.950000,1740.550000,1739.950000,1739.950000,112
2016-11-23T10:15:00+05:30,1739.950000,1740.000000,1734.050000,1740.000000,67
2016-11-23T10:30:00+05:30,1740.000000,1740.000000,1735.000000,1735.250000,147
2016-11-23T10:45:00+05:30,1738.950000,1749.000000,1738.950000,1747.950000,81
2016-11-23T11:00:00+05:30,1747.950000,1748.000000,1732.000000,1743.200000,242
2016-11-23T11:15:00+05:30,1743.200000,1747.750000,1739.000000,1744.950000,50
2016-11-23T11:30:00+05:30,1744.950000,1744.950000,1742.050000,1744.950000,74
2016-11-23T11:45:00+05:30,1744.950000,1744.950000,1741.100000,1742.950000,57
2016-11-23T12:00:00+05:30,1742.950000,1754.000000,1742.950000,1754.000000,233
2016-11-23T12:15:00+05:30,1754.000000,1758.800000,1748.300000,1757.750000,131
2016-11-23T12:30:00+05:30,1757.750000,1765.000000,1750.000000,1760.000000,295
2016-11-23T12:45:00+05:30,1760.000000,1766.750000,1754.350000,1766.750000,236
2016-11-23T13:00:00+05:30,1770.000000,1770.000000,1764.000000,1764.050000,105
2016-11-23T13:15:00+05:30,1764.050000,1769.500000,1760.250000,1761.050000,42
2016-11-23T13:30:00+05:30,1761.050000,1775.000000,1760.000000,1773.450000,632
2016-11-23T13:45:00+05:30,1773.450000,1775.000000,1761.000000,1774.350000,137
2016-11-23T14:00:00+05:30,1774.350000,1774.900000,1762.250000,1765.000000,172
2016-11-23T14:15:00+05:30,1765.000000,1773.950000,1763.000000,1763.150000,180
2016-11-23T14:30:00+05:30,1763.150000,1773.000000,1763.150000,1773.000000,100
2016-11-23T14:45:00+05:30,1773.000000,1773.000000,1760.300000,1769.150000,87
2016-11-23T15:00:00+05:30,1769.150000,1769.150000,1762.000000,1768.500000,59
2016-11-23T15:15:00+05:30,1768.500000,1780.000000,1763.000000,1770.000000,836
2016-11-24T09:15:00+05:30,1741.200000,1769.900000,1741.200000,1757.000000,91
2016-11-24T09:30:00+05:30,1757.000000,1767.800000,1757.000000,1767.450000,26
2016-11-24T09:45:00+05:30,1767.450000,1778.600000,1763.000000,1770.700000,171
2016-11-24T10:00:00+05:30,1770.700000,1796.900000,1766.650000,1779.950000,512
2016-11-24T10:15:00+05:30,1779.950000,1780.400000,1775.000000,1780.400000,45
2016-11-24T10:30:00+05:30,1780.400000,1786.500000,1776.550000,1785.000000,66
2016-11-24T10:45:00+05:30,1785.000000,1791.000000,1785.000000,1791.000000,121
2016-11-24T11:00:00+05:30,1791.000000,1792.000000,1780.550000,1785.000000,14199
2016-11-24T11:15:00+05:30,1785.000000,1790.950000,1785.000000,1785.000000,88
2016-11-24T11:30:00+05:30,1785.050000,1794.000000,1785.050000,1785.100000,198
2016-11-24T11:45:00+05:30,1785.100000,1793.900000,1785.100000,1787.000000,190
2016-11-24T12:00:00+05:30,1787.000000,1795.050000,1787.000000,1792.050000,98
2016-11-24T12:15:00+05:30,1792.050000,1796.850000,1792.000000,1796.850000,463
2016-11-24T12:30:00+05:30,1796.850000,1797.800000,1795.000000,1795.000000,159
2016-11-24T12:45:00+05:30,1795.000000,1795.000000,1785.000000,1785.050000,253
2016-11-24T13:00:00+05:30,1785.050000,1787.000000,1785.000000,1785.000000,76
2016-11-24T13:15:00+05:30,1785.000000,1789.900000,1785.000000,1785.050000,76
2016-11-24T13:30:00+05:30,1785.050000,1789.900000,1785.000000,1785.000000,124
2016-11-24T13:45:00+05:30,1785.000000,1792.900000,1785.000000,1785.050000,69
2016-11-24T14:00:00+05:30,1785.050000,1790.000000,1785.000000,1789.000000,67
2016-11-24T14:15:00+05:30,1788.950000,1789.000000,1780.500000,1788.900000,67
2016-11-24T14:30:00+05:30,1788.900000,1789.500000,1784.450000,1784.450000,21
2016-11-24T14:45:00+05:30,1784.450000,1786.950000,1780.050000,1786.950000,56
2016-11-24T15:00:00+05:30,1786.950000,1786.950000,1785.000000,1786.000000,947
2016-11-24T15:15:00+05:30,1786.000000,1796.000000,1785.000000,1794.000000,1148
2016-11-25T09:15:00+05:30,1789.950000,1793.950000,1770.150000,1782.550000,106
2016-11-25T09:30:00+05:30,1782.550000,1787.000000,1782.550000,1784.600000,70
2016-11-25T09:45:00+05:30,1784.600000,1793.000000,1784.600000,1785.750000,158
2016-11-25T10:00:00+05:30,1785.750000,1794.000000,1785.600000,1788.000000,107
2016-11-25T10:15:00+05:30,1788.000000,1792.000000,1788.000000,1792.000000,26
2016-11-25T10:30:00+05:30,1792.000000,1792.000000,1788.550000,1788.550000,19
2016-11-25T10:45:00+05:30,1788.550000,1791.950000,1788.550000,1790.050000,30
2016-11-25T11:00:00+05:30,1790.050000,1794.000000,1790.050000,1793.950000,31
2016-11-25T11:15:00+05:30,1793.950000,1794.550000,1789.000000,1789.000000,229
2016-11-25T11:30:00+05:30,1789.000000,1792.900000,1789.000000,1792.900000,7
2016-11-25T11:45:00+05:30,1792.900000,1794.000000,1789.000000,1789.000000,135
2016-11-25T12:00:00+05:30,1789.000000,1789.000000,1789.000000,1789.000000,0
2016-11-25T12:15:00+05:30,1789.000000,1793.650000,1789.000000,1792.500000,27
2016-11-25T12:30:00+05:30,1792.500000,1794.000000,1790.050000,1790.200000,79
2016-11-25T12:45:00+05:30,1790.200000,1793.750000,1790.100000,1790.100000,26
2016-11-25T13:00:00+05:30,1790.100000,1790.100000,1782.000000,1784.850000,783
2016-11-25T13:15:00+05:30,1784.850000,1785.000000,1772.700000,1780.250000,6022
2016-11-25T13:30:00+05:30,1780.250000,1790.000000,1780.000000,1790.000000,238
2016-11-25T13:45:00+05:30,1790.000000,1791.850000,1783.850000,1783.900000,174
2016-11-25T14:00:00+05:30,1783.900000,1791.950000,1783.900000,1788.500000,49
2016-11-25T14:15:00+05:30,1788.500000,1791.950000,1784.050000,1791.000000,325
2016-11-25T14:30:00+05:30,1791.000000,1791.000000,1786.000000,1790.900000,24
2016-11-25T14:45:00+05:30,1790.900000,1791.800000,1790.000000,1791.800000,36
2016-11-25T15:00:00+05:30,1791.800000,1830.000000,1790.000000,1820.000000,6227
2016-11-25T15:15:00+05:30,1820.000000,1830.000000,1808.000000,1815.050000,2948
2016-11-28T09:15:00+05:30,1819.900000,1819.900000,1806.000000,1812.550000,78
2016-11-28T09:30:00+05:30,1812.550000,1812.550000,1808.500000,1808.500000,15
2016-11-28T09:45:00+05:30,1808.500000,1808.500000,1806.000000,1808.500000,29
2016-11-28T10:00:00+05:30,1808.500000,1820.000000,1808.500000,1816.000000,76
2016-11-28T10:15:00+05:30,1814.100000,1814.100000,1806.100000,1810.000000,36
2016-11-28T10:30:00+05:30,1810.000000,1818.550000,1810.000000,1818.550000,72
2016-11-28T10:45:00+05:30,1818.550000,1818.550000,1812.000000,1812.000000,77
2016-11-28T11:00:00+05:30,1812.000000,1812.000000,1811.000000,1811.050000,26
2016-11-28T11:15:00+05:30,1811.050000,1816.000000,1810.000000,1811.000000,263
2016-11-28T11:30:00+05:30,1811.000000,1819.150000,1811.000000,1812.000000,12
2016-11-28T11:45:00+05:30,1812.000000,1812.000000,1810.000000,1810.000000,10
2016-11-28T12:00:00+05:30,1810.000000,1812.050000,1810.000000,1812.050000,52
2016-11-28T12:15:00+05:30,1812.050000,1820.900000,1812.050000,1820.000000,94
2016-11-28T12:30:00+05:30,1820.000000,1824.000000,1820.000000,1823.500000,46
2016-11-28T12:45:00+05:30,1823.500000,1830.000000,1823.500000,1829.850000,261
2016-11-28T13:00:00+05:30,1829.850000,1829.850000,1823.900000,1828.000000,34
2016-11-28T13:15:00+05:30,1828.000000,1829.000000,1823.500000,1828.950000,115
2016-11-28T13:30:00+05:30,1828.950000,1828.950000,1819.050000,1819.050000,30
2016-11-28T13:45:00+05:30,1819.050000,1819.050000,1812.000000,1812.000000,42
2016-11-28T14:00:00+05:30,1812.000000,1817.000000,1812.000000,1817.000000,9
2016-11-28T14:15:00+05:30,1817.000000,1819.900000,1812.050000,1819.900000,92
2016-11-28T14:30:00+05:30,1819.900000,1819.900000,1812.950000,1814.850000,34
2016-11-28T14:45:00+05:30,1814.850000,1819.800000,1813.900000,1815.000000,191
2016-11-28T15:00:00+05:30,1815.000000,1824.300000,1815.000000,1820.000000,209
2016-11-28T15:15:00+05:30,1820.000000,1825.000000,1815.000000,1820.000000,1005
2016-11-29T09:15:00+05:30,1820.000000,1850.000000,1820.000000,1846.000000,1531
2016-11-29T09:30:00+05:30,1846.000000,1848.000000,1835.000000,1835.350000,794
2016-11-29T09:45:00+05:30,1835.350000,1839.650000,1831.550000,1835.050000,110
2016-11-29T10:00:00+05:30,1835.050000,1835.050000,1823.000000,1824.900000,234
2016-11-29T10:15:00+05:30,1824.900000,1829.800000,1824.800000,1825.000000,124
2016-11-29T10:30:00+05:30,1825.000000,1830.000000,1825.000000,1830.000000,159
2016-11-29T10:45:00+05:30,1830.000000,1830.000000,1827.050000,1828.000000,18
2016-11-29T11:00:00+05:30,1828.950000,1829.000000,1825.550000,1829.000000,129
2016-11-29T11:15:00+05:30,1829.000000,1829.600000,1827.100000,1829.600000,28
2016-11-29T11:30:00+05:30,1829.600000,1830.000000,1829.600000,1829.900000,131
2016-11-29T11:45:00+05:30,1829.900000,1830.000000,1827.100000,1830.000000,27
2016-11-29T12:00:00+05:30,1830.000000,1830.000000,1830.000000,1830.000000,87
2016-11-29T12:15:00+05:30,1830.000000,1830.000000,1825.000000,1829.650000,110
2016-11-29T12:30:00+05:30,1829.650000,1829.650000,1821.000000,1828.850000,348
2016-11-29T12:45:00+05:30,1828.850000,1828.850000,1823.000000,1825.000000,85
2016-11-29T13:00:00+05:30,1828.850000,1830.000000,1826.000000,1828.050000,133
2016-11-29T13:15:00+05:30,1828.050000,1830.000000,1823.000000,1823.000000,144
2016-11-29T13:30:00+05:30,1823.000000,1827.000000,1822.000000,1825.000000,185
2016-11-29T13:45:00+05:30,1825.000000,1827.900000,1825.000000,1827.000000,42
2016-11-29T14:00:00+05:30,1827.000000,1827.750000,1825.600000,1826.050000,58
2016-11-29T14:15:00+05:30,1826.050000,1830.000000,1825.550000,1829.650000,272
2016-11-29T14:30:00+05:30,1829.650000,1829.650000,1825.500000,1825.500000,118
2016-11-29T14:45:00+05:30,1825.500000,1840.000000,1825.000000,1840.000000,382
2016-11-29T15:00:00+05:30,1840.000000,1840.000000,1823.550000,1827.950000,539
2016-11-29T15:15:00+05:30,1827.950000,1830.000000,1822.000000,1822.000000,1127
2016-11-30T09:15:00+05:30,1843.800000,1843.800000,1826.350000,1826.400000,129
2016-11-30T09:30:00+05:30,1826.400000,1837.950000,1826.350000,1826.350000,16
2016-11-30T09:45:00+05:30,1826.350000,1830.000000,1826.350000,1830.000000,43
2016-11-30T10:00:00+05:30,1830.000000,1836.000000,1830.000000,1830.000000,153
2016-11-30T10:15:00+05:30,1829.950000,1829.950000,1829.950000,1829.950000,5
2016-11-30T10:30:00+05:30,1829.950000,1830.000000,1825.000000,1825.000000,125
2016-11-30T10:45:00+05:30,1825.000000,1825.050000,1820.000000,1825.000000,160
2016-11-30T11:00:00+05:30,1825.000000,1830.000000,1825.000000,1825.000000,339
2016-11-30T11:15:00+05:30,1825.000000,1827.950000,1825.000000,1825.000000,173
2016-11-30T11:30:00+05:30,1825.000000,1825.000000,1799.750000,1804.850000,600
2016-11-30T11:45:00+05:30,1802.050000,1826.000000,1802.050000,1810.000000,347
2016-11-30T12:00:00+05:30,1810.000000,1813.700000,1803.000000,1804.250000,337
2016-11-30T12:15:00+05:30,1804.250000,1808.500000,1803.000000,1803.500000,164
2016-11-30T12:30:00+05:30,1803.500000,1808.000000,1803.000000,1803.050000,229
2016-11-30T12:45:00+05:30,1803.050000,1809.300000,1803.000000,1803.000000,204
2016-11-30T13:00:00+05:30,1803.000000,1809.150000,1803.000000,1805.050000,226
2016-11-30T13:15:00+05:30,1805.000000,1813.100000,1805.000000,1811.100000,324
2016-11-30T13:30:00+05:30,1811.100000,1811.100000,1803.800000,1809.700000,178
2016-11-30T13:45:00+05:30,1809.700000,1812.800000,1803.800000,1804.050000,200
2016-11-30T14:00:00+05:30,1804.050000,1815.100000,1804.050000,1815.050000,510
2016-11-30T14:15:00+05:30,1815.050000,1822.000000,1810.000000,1818.850000,377
2016-11-30T14:30:00+05:30,1818.850000,1824.750000,1813.750000,1818.900000,459
2016-11-30T14:45:00+05:30,1818.900000,1828.000000,1812.250000,1822.350000,545
2016-11-30T15:00:00+05:30,1822.350000,1837.950000,1819.700000,1833.000000,2870
2016-11-30T15:15:00+05:30,1833.000000,1835.000000,1831.450000,1835.000000,3434
2016-12-01T09:15:00+05:30,1833.150000,1833.200000,1825.000000,1832.950000,42
2016-12-01T09:30:00+05:30,1832.950000,1832.950000,1824.000000,1824.600000,175
2016-12-01T09:45:00+05:30,1824.600000,1833.000000,1811.000000,1822.650000,41
2016-12-01T10:00:00+05:30,1822.650000,1825.000000,1822.000000,1822.000000,69
2016-12-01T10:15:00+05:30,1822.000000,1831.000000,1822.000000,1824.350000,32
2016-12-01T10:30:00+05:30,1824.350000,1865.000000,1814.900000,1825.000000,8407
2016-12-01T10:45:00+05:30,1825.000000,1855.450000,1825.000000,1850.000000,6215
2016-12-01T11:00:00+05:30,1850.000000,1872.900000,1846.500000,1867.550000,2334
2016-12-01T11:15:00+05:30,1867.850000,1879.000000,1857.000000,1875.000000,937
2016-12-01T11:30:00+05:30,1871.000000,1871.000000,1855.000000,1859.000000,799
2016-12-01T11:45:00+05:30,1859.000000,1864.950000,1855.000000,1864.950000,108
2016-12-01T12:00:00+05:30,1864.950000,1875.000000,1862.000000,1870.000000,890
2016-12-01T12:15:00+05:30,1870.000000,1874.900000,1865.650000,1865.650000,438
2016-12-01T12:30:00+05:30,1865.650000,1875.000000,1862.000000,1867.100000,706
2016-12-01T12:45:00+05:30,1867.100000,1867.100000,1858.600000,1863.800000,1205
2016-12-01T13:00:00+05:30,1863.800000,1868.950000,1860.150000,1868.950000,161
2016-12-01T13:15:00+05:30,1868.950000,1869.700000,1864.000000,1866.000000,265
2016-12-01T13:30:00+05:30,1867.900000,1869.600000,1866.050000,1866.050000,96
2016-12-01T13:45:00+05:30,1866.050000,1869.450000,1864.000000,1867.450000,108
2016-12-01T14:00:00+05:30,1867.450000,1868.500000,1864.600000,1864.650000,96
2016-12-01T14:15:00+05:30,1864.650000,1874.000000,1864.650000,1870.000000,644
2016-12-01T14:30:00+05:30,1870.000000,1875.000000,1866.000000,1866.000000,618
2016-12-01T14:45:00+05:30,1866.000000,1866.950000,1863.450000,1865.050000,730
2016-12-01T15:00:00+05:30,1865.050000,1908.000000,1864.450000,1896.000000,10322
2016-12-01T15:15:00+05:30,1896.000000,1903.950000,1892.250000,1900.000000,2514
2016-12-02T09:15:00+05:30,1885.000000,1904.000000,1885.000000,1888.000000,685
2016-12-02T09:30:00+05:30,1888.000000,1888.000000,1878.000000,1886.950000,449
2016-12-02T09:45:00+05:30,1886.950000,1896.950000,1886.000000,1892.000000,422
2016-12-02T10:00:00+05:30,1892.050000,1893.500000,1888.000000,1888.000000,284
2016-12-02T10:15:00+05:30,1888.000000,1888.000000,1881.000000,1882.000000,194
2016-12-02T10:30:00+05:30,1882.000000,1883.900000,1880.650000,1881.250000,82
2016-12-02T10:45:00+05:30,1881.250000,1886.000000,1881.000000,1883.050000,37
2016-12-02T11:00:00+05:30,1883.050000,1887.000000,1883.050000,1887.000000,456
2016-12-02T11:15:00+05:30,1887.000000,1892.000000,1887.000000,1892.000000,157
2016-12-02T11:30:00+05:30,1892.000000,1892.000000,1887.000000,1887.000000,73
2016-12-02T11:45:00+05:30,1887.000000,1891.850000,1887.000000,1891.850000,58
2016-12-02T12:00:00+05:30,1891.850000,1891.850000,1887.000000,1887.000000,42
2016-12-02T12:15:00+05:30,1887.000000,1887.000000,1887.000000,1887.000000,0
2016-12-02T12:30:00+05:30,1887.000000,1898.700000,1887.000000,1898.700000,365
2016-12-02T12:45:00+05:30,1898.700000,1898.700000,1887.050000,1893.000000,176
2016-12-02T13:00:00+05:30,1893.000000,1893.000000,1887.200000,1888.150000,85
2016-12-02T13:15:00+05:30,1888.150000,1892.900000,1888.150000,1891.100000,12
2016-12-02T13:30:00+05:30,1891.100000,1895.800000,1891.100000,1895.000000,27
2016-12-02T13:45:00+05:30,1893.050000,1895.000000,1893.000000,1893.000000,53
2016-12-02T14:00:00+05:30,1895.950000,1895.950000,1893.000000,1893.000000,74
2016-12-02T14:15:00+05:30,1893.000000,1895.000000,1888.050000,1888.050000,160
2016-12-02T14:30:00+05:30,1888.050000,1890.000000,1887.000000,1889.000000,402
2016-12-02T14:45:00+05:30,1889.000000,1891.800000,1887.000000,1889.100000,168
2016-12-02T15:00:00+05:30,1889.100000,1891.100000,1886.050000,1886.050000,285
2016-12-02T15:15:00+05:30,1886.050000,1897.850000,1885.000000,1885.000000,358
2016-12-05T09:15:00+05:30,1888.300000,1898.000000,1885.050000,1885.150000,224
2016-12-05T09:30:00+05:30,1886.950000,1889.100000,1885.300000,1885.400000,56
2016-12-05T09:45:00+05:30,1885.400000,1885.400000,1875.050000,1875.500000,195
2016-12-05T10:00:00+05:30,1875.500000,1879.950000,1875.350000,1879.950000,21
2016-12-05T10:15:00+05:30,1877.000000,1884.950000,1869.000000,1869.000000,229
2016-12-05T10:30:00+05:30,1869.000000,1870.000000,1860.000000,1867.500000,112
2016-12-05T10:45:00+05:30,1867.500000,1870.000000,1863.000000,1868.050000,69
2016-12-05T11:00:00+05:30,1868.050000,1870.000000,1865.050000,1870.000000,35
2016-12-05T11:15:00+05:30,1870.000000,1870.000000,1865.100000,1865.100000,14
2016-12-05T11:30:00+05:30,1865.100000,1870.000000,1865.100000,1866.450000,24
2016-12-05T11:45:00+05:30,1866.450000,1870.000000,1865.150000,1865.150000,283
2016-12-05T12:00:00+05:30,1865.150000,1867.000000,1862.150000,1862.150000,55
2016-12-05T12:15:00+05:30,1862.150000,1870.000000,1862.000000,1862.050000,62
2016-12-05T12:30:00+05:30,1862.050000,1875.000000,1861.000000,1861.000000,146
2016-12-05T12:45:00+05:30,1861.000000,1864.150000,1861.000000,1861.200000,4
2016-12-05T13:00:00+05:30,1861.200000,1861.200000,1861.200000,1861.200000,0
2016-12-05T13:15:00+05:30,1861.200000,1866.300000,1861.200000,1862.700000,6
2016-12-05T13:30:00+05:30,1862.700000,1875.000000,1862.700000,1875.000000,14
2016-12-05T13:45:00+05:30,1876.000000,1880.900000,1870.050000,1874.000000,106
2016-12-05T14:00:00+05:30,1874.000000,1884.850000,1872.350000,1872.350000,33
2016-12-05T14:15:00+05:30,1874.650000,1874.650000,1870.000000,1872.250000,51
2016-12-05T14:30:00+05:30,1872.250000,1882.250000,1870.000000,1873.550000,90
2016-12-05T14:45:00+05:30,1873.550000,1877.350000,1873.550000,1877.350000,13
2016-12-05T15:00:00+05:30,1873.250000,1876.000000,1870.050000,1873.350000,227
2016-12-05T15:15:00+05:30,1873.350000,1889.900000,1862.000000,1889.900000,1351
2016-12-06T09:15:00+05:30,1885.700000,1885.700000,1863.450000,1873.050000,54
2016-12-06T09:30:00+05:30,1873.050000,1877.050000,1863.450000,1863.450000,127
2016-12-06T09:45:00+05:30,1863.450000,1877.000000,1860.000000,1860.000000,134
2016-12-06T10:00:00+05:30,1860.000000,1875.000000,1860.000000,1862.750000,87
2016-12-06T10:15:00+05:30,1862.750000,1866.100000,1862.750000,1866.100000,11
2016-12-06T10:30:00+05:30,1866.100000,1868.050000,1866.100000,1866.300000,35
2016-12-06T10:45:00+05:30,1866.350000,1870.050000,1866.250000,1868.100000,42
2016-12-06T11:00:00+05:30,1868.100000,1871.950000,1868.100000,1868.150000,7
2016-12-06T11:15:00+05:30,1868.150000,1871.950000,1868.150000,1868.300000,22
2016-12-06T11:30:00+05:30,1868.300000,1871.950000,1861.000000,1863.050000,152
2016-12-06T11:45:00+05:30,1863.050000,1863.050000,1851.150000,1855.550000,372
2016-12-06T12:00:00+05:30,1855.550000,1859.950000,1855.250000,1859.950000,18
2016-12-06T12:15:00+05:30,1859.950000,1860.000000,1856.050000,1859.900000,6
2016-12-06T12:30:00+05:30,1859.900000,1860.000000,1855.250000,1857.800000,28
2016-12-06T12:45:00+05:30,1857.800000,1864.950000,1855.200000,1855.200000,155
2016-12-06T13:00:00+05:30,1855.200000,1859.950000,1855.200000,1858.050000,60
2016-12-06T13:15:00+05:30,1858.050000,1859.900000,1855.000000,1857.000000,53
2016-12-06T13:30:00+05:30,1857.000000,1859.900000,1855.000000,1855.000000,51
2016-12-06T13:45:00+05:30,1853.000000,1855.000000,1852.500000,1854.950000,57
2016-12-06T14:00:00+05:30,1854.950000,1855.000000,1853.300000,1853.300000,87
2016-12-06T14:15:00+05:30,1853.300000,1859.850000,1853.300000,1859.750000,72
2016-12-06T14:30:00+05:30,1859.750000,1859.750000,1856.750000,1859.350000,22
2016-12-06T14:45:00+05:30,1859.350000,1865.000000,1833.400000,1841.250000,1630
2016-12-06T15:00:00+05:30,1841.250000,1848.950000,1828.000000,1839.550000,984
2016-12-06T15:15:00+05:30,1839.550000,1892.000000,1831.000000,1865.000000,3282
2016-12-07T09:15:00+05:30,1834.050000,1859.900000,1834.050000,1846.300000,390
2016-12-07T09:30:00+05:30,1846.300000,1850.000000,1843.000000,1849.850000,82
2016-12-07T09:45:00+05:30,1849.850000,1849.950000,1843.000000,1845.100000,84
2016-12-07T10:00:00+05:30,1845.100000,1848.950000,1845.100000,1845.350000,16
2016-12-07T10:15:00+05:30,1845.350000,1849.000000,1845.000000,1848.950000,56
2016-12-07T10:30:00+05:30,1848.950000,1849.000000,1840.100000,1840.100000,49
2016-12-07T10:45:00+05:30,1844.950000,1849.100000,1840.300000,1843.950000,65
2016-12-07T11:00:00+05:30,1843.950000,1843.950000,1840.200000,1840.200000,9
2016-12-07T11:15:00+05:30,1840.200000,1843.700000,1840.200000,1841.150000,155
2016-12-07T11:30:00+05:30,1841.150000,1842.000000,1841.000000,1841.000000,14
2016-12-07T11:45:00+05:30,1841.000000,1841.000000,1841.000000,1841.000000,0
2016-12-07T12:00:00+05:30,1841.000000,1845.000000,1841.000000,1841.700000,21
2016-12-07T12:15:00+05:30,1841.700000,1845.000000,1841.000000,1841.100000,60
2016-12-07T12:30:00+05:30,1841.100000,1842.050000,1841.100000,1842.050000,1
2016-12-07T12:45:00+05:30,1842.050000,1842.500000,1842.050000,1842.500000,1
2016-12-07T13:00:00+05:30,1842.500000,1851.000000,1842.500000,1851.000000,173
2016-12-07T13:15:00+05:30,1851.000000,1860.000000,1843.200000,1847.950000,376
2016-12-07T13:30:00+05:30,1847.950000,1849.500000,1844.650000,1845.150000,70
2016-12-07T13:45:00+05:30,1845.150000,1849.000000,1845.150000,1845.450000,55
2016-12-07T14:00:00+05:30,1845.450000,1848.950000,1844.400000,1847.000000,102
2016-12-07T14:15:00+05:30,1847.000000,1847.000000,1842.000000,1842.050000,84
2016-12-07T14:30:00+05:30,1842.000000,1842.000000,1836.000000,1839.050000,367
2016-12-07T14:45:00+05:30,1839.050000,1846.050000,1836.000000,1846.000000,69
2016-12-07T15:00:00+05:30,1846.000000,1846.000000,1836.050000,1844.550000,251
2016-12-07T15:15:00+05:30,1842.050000,1874.000000,1837.000000,1844.000000,2817
2016-12-08T09:15:00+05:30,1847.850000,1849.000000,1835.050000,1849.000000,379
2016-12-08T09:30:00+05:30,1849.000000,1854.000000,1848.000000,1848.000000,53
2016-12-08T09:45:00+05:30,1848.000000,1856.450000,1848.000000,1850.000000,131
2016-12-08T10:00:00+05:30,1850.000000,1858.800000,1845.100000,1857.750000,107
2016-12-08T10:15:00+05:30,1857.750000,1858.250000,1841.000000,1848.500000,309
2016-12-08T10:30:00+05:30,1848.500000,1848.500000,1838.150000,1844.500000,129
2016-12-08T10:45:00+05:30,1844.500000,1844.900000,1842.000000,1844.850000,127
2016-12-08T11:00:00+05:30,1844.850000,1844.850000,1839.000000,1843.900000,98
2016-12-08T11:15:00+05:30,1843.900000,1843.900000,1838.000000,1843.800000,80
2016-12-08T11:30:00+05:30,1843.800000,1843.850000,1834.000000,1834.000000,148
2016-12-08T11:45:00+05:30,1834.000000,1843.900000,1834.000000,1837.200000,78
2016-12-08T12:00:00+05:30,1837.200000,1843.750000,1837.200000,1842.450000,13
2016-12-08T12:15:00+05:30,1842.450000,1842.450000,1834.200000,1835.100000,325
2016-12-08T12:30:00+05:30,1835.100000,1839.950000,1830.500000,1830.550000,479
2016-12-08T12:45:00+05:30,1833.000000,1839.000000,1830.050000,1836.850000,52
2016-12-08T13:00:00+05:30,1836.050000,1838.900000,1827.550000,1831.800000,825
2016-12-08T13:15:00+05:30,1831.800000,1834.000000,1830.600000,1832.950000,214
2016-12-08T13:30:00+05:30,1832.950000,1837.050000,1828.000000,1833.750000,216
2016-12-08T13:45:00+05:30,1833.750000,1834.450000,1829.350000,1830.000000,58
2016-12-08T14:00:00+05:30,1830.000000,1840.000000,1829.650000,1831.250000,260
2016-12-08T14:15:00+05:30,1831.250000,1845.000000,1831.250000,1836.550000,119
2016-12-08T14:30:00+05:30,1840.950000,1844.000000,1836.350000,1838.500000,348
2016-12-08T14:45:00+05:30,1838.500000,1844.000000,1838.300000,1838.300000,240
2016-12-08T15:00:00+05:30,1838.300000,1847.700000,1831.100000,1843.750000,753
2016-12-08T15:15:00+05:30,1843.750000,1847.800000,1827.000000,1827.000000,1891
2016-12-09T09:15:00+05:30,1836.950000,1837.000000,1827.000000,1832.000000,306
2016-12-09T09:30:00+05:30,1832.000000,1832.350000,1827.000000,1830.000000,240
2016-12-09T09:45:00+05:30,1828.600000,1835.950000,1828.550000,1830.000000,112
2016-12-09T10:00:00+05:30,1831.850000,1833.000000,1830.500000,1833.000000,31
2016-12-09T10:15:00+05:30,1833.000000,1835.950000,1830.100000,1834.600000,91
2016-12-09T10:30:00+05:30,1834.600000,1834.600000,1830.200000,1832.650000,12
2016-12-09T10:45:00+05:30,1832.650000,1834.000000,1830.000000,1830.850000,91
2016-12-09T11:00:00+05:30,1830.850000,1831.000000,1830.550000,1830.600000,23
2016-12-09T11:15:00+05:30,1830.600000,1834.400000,1830.500000,1834.400000,306
2016-12-09T11:30:00+05:30,1834.400000,1834.850000,1828.000000,1830.000000,225
2016-12-09T11:45:00+05:30,1830.000000,1833.800000,1830.000000,1833.800000,13
2016-12-09T12:00:00+05:30,1833.800000,1833.800000,1829.000000,1829.000000,19
2016-12-09T12:15:00+05:30,1829.000000,1832.400000,1828.100000,1832.400000,222
2016-12-09T12:30:00+05:30,1832.400000,1832.400000,1830.000000,1830.000000,72
2016-12-09T12:45:00+05:30,1830.000000,1830.000000,1830.000000,1830.000000,62
2016-12-09T13:00:00+05:30,1830.000000,1833.850000,1830.000000,1830.050000,38
2016-12-09T13:15:00+05:30,1830.050000,1835.000000,1830.050000,1832.000000,92
2016-12-09T13:30:00+05:30,1832.000000,1837.000000,1832.000000,1832.000000,98
2016-12-09T13:45:00+05:30,1832.000000,1835.000000,1830.050000,1835.000000,136
2016-12-09T14:00:00+05:30,1835.000000,1836.400000,1834.000000,1835.000000,124
2016-12-09T14:15:00+05:30,1835.000000,1836.450000,1835.000000,1835.850000,53
2016-12-09T14:30:00+05:30,1835.850000,1836.500000,1835.000000,1835.050000,106
2016-12-09T14:45:00+05:30,1835.050000,1848.950000,1835.000000,1841.000000,458
2016-12-09T15:00:00+05:30,1841.000000,1858.000000,1841.000000,1851.050000,775
2016-12-09T15:15:00+05:30,1851.050000,1878.950000,1848.000000,1870.000000,7293
2016-12-12T09:15:00+05:30,1858.100000,1861.200000,1835.600000,1857.650000,113
2016-12-12T09:30:00+05:30,1857.650000,1857.650000,1850.000000,1853.500000,48
2016-12-12T09:45:00+05:30,1853.500000,1853.500000,1835.000000,1842.000000,333
2016-12-12T10:00:00+05:30,1842.000000,1848.000000,1841.000000,1842.000000,33
2016-12-12T10:15:00+05:30,1842.000000,1842.000000,1836.900000,1836.900000,76
2016-12-12T10:30:00+05:30,1836.900000,1842.000000,1836.900000,1841.850000,7
2016-12-12T10:45:00+05:30,1841.850000,1841.850000,1839.000000,1839.950000,32
2016-12-12T11:00:00+05:30,1839.950000,1840.000000,1837.250000,1840.000000,15
2016-12-12T11:15:00+05:30,1840.000000,1840.000000,1838.050000,1840.000000,13
2016-12-12T11:30:00+05:30,1840.000000,1843.950000,1838.100000,1839.350000,18
2016-12-12T11:45:00+05:30,1839.350000,1843.650000,1838.150000,1838.150000,123
2016-12-12T12:00:00+05:30,1838.150000,1839.750000,1838.150000,1839.750000,2
2016-12-12T12:15:00+05:30,1839.750000,1843.000000,1839.750000,1841.850000,13
2016-12-12T12:30:00+05:30,1841.850000,1846.950000,1841.850000,1846.950000,44
2016-12-12T12:45:00+05:30,1846.950000,1846.950000,1846.950000,1846.950000,0
2016-12-12T13:00:00+05:30,1846.950000,1846.950000,1840.000000,1845.750000,111
2016-12-12T13:15:00+05:30,1845.750000,1845.750000,1841.550000,1841.550000,2
2016-12-12T13:30:00+05:30,1841.550000,1845.800000,1841.550000,1842.050000,28
2016-12-12T13:45:00+05:30,1842.050000,1844.500000,1841.050000,1841.050000,23
2016-12-12T14:00:00+05:30,1841.050000,1843.950000,1841.050000,1841.100000,7
2016-12-12T14:15:00+05:30,1841.100000,1852.950000,1841.100000,1850.000000,301
2016-12-12T14:30:00+05:30,1842.700000,1848.950000,1841.100000,1843.350000,26
2016-12-12T14:45:00+05:30,1843.350000,1847.000000,1842.050000,1847.000000,69
2016-12-12T15:00:00+05:30,1847.000000,1853.550000,1842.100000,1853.000000,288
2016-12-12T15:15:00+05:30,1853.000000,1889.000000,1848.050000,1888.000000,2114
2016-12-13T09:15:00+05:30,1842.500000,1853.000000,1842.500000,1852.500000,225
2016-12-13T09:30:00+05:30,1852.500000,1859.000000,1852.500000,1853.250000,18
2016-12-13T09:45:00+05:30,1856.400000,1864.400000,1856.400000,1864.400000,31
2016-12-13T10:00:00+05:30,1864.400000,1864.400000,1858.950000,1858.950000,75
2016-12-13T10:15:00+05:30,1860.100000,1860.700000,1854.050000,1859.250000,5
2016-12-13T10:30:00+05:30,1859.250000,1865.000000,1859.250000,1864.900000,115
2016-12-13T10:45:00+05:30,1864.900000,1870.000000,1859.000000,1859.000000,70
2016-12-13T11:00:00+05:30,1860.500000,1860.800000,1856.200000,1856.200000,7
2016-12-13T11:15:00+05:30,1860.650000,1860.650000,1858.650000,1858.650000,4
2016-12-13T11:30:00+05:30,1858.550000,1860.100000,1853.300000,1860.100000,60
2016-12-13T11:45:00+05:30,1860.200000,1860.600000,1854.050000,1857.650000,40
2016-12-13T12:00:00+05:30,1860.450000,1860.600000,1857.100000,1860.500000,33
2016-12-13T12:15:00+05:30,1860.500000,1860.550000,1860.500000,1860.550000,14
2016-12-13T12:30:00+05:30,1860.550000,1860.650000,1860.550000,1860.650000,9
2016-12-13T12:45:00+05:30,1860.500000,1860.500000,1857.000000,1860.500000,5
2016-12-13T13:00:00+05:30,1860.500000,1860.500000,1856.000000,1860.500000,109
2016-12-13T13:15:00+05:30,1860.500000,1860.500000,1857.800000,1860.000000,17
2016-12-13T13:30:00+05:30,1860.500000,1860.500000,1860.500000,1860.500000,38
2016-12-13T13:45:00+05:30,1860.500000,1860.500000,1860.500000,1860.500000,10
2016-12-13T14:00:00+05:30,1860.500000,1860.500000,1860.450000,1860.500000,9
2016-12-13T14:15:00+05:30,1860.500000,1866.800000,1860.500000,1866.800000,47
2016-12-13T14:30:00+05:30,1866.750000,1867.700000,1858.950000,1865.050000,171
2016-12-13T14:45:00+05:30,1867.550000,1873.850000,1865.000000,1868.500000,240
2016-12-13T15:00:00+05:30,1868.500000,1879.950000,1862.000000,1877.550000,606
2016-12-13T15:15:00+05:30,1877.550000,1890.000000,1875.150000,1890.000000,1522
2016-12-14T09:15:00+05:30,1873.000000,1888.950000,1868.000000,1883.000000,43
2016-12-14T09:30:00+05:30,1883.000000,1883.000000,1873.950000,1874.600000,51
2016-12-14T09:45:00+05:30,1872.150000,1872.150000,1865.000000,1869.950000,44
2016-12-14T10:00:00+05:30,1865.000000,1869.750000,1859.000000,1864.300000,275
2016-12-14T10:15:00+05:30,1864.300000,1866.800000,1856.050000,1856.050000,1281
2016-12-14T10:30:00+05:30,1857.900000,1863.000000,1856.200000,1856.200000,444
2016-12-14T10:45:00+05:30,1859.400000,1859.450000,1856.200000,1856.300000,44
2016-12-14T11:00:00+05:30,1856.300000,1859.400000,1856.300000,1859.400000,4
2016-12-14T11:15:00+05:30,1859.400000,1859.700000,1856.550000,1856.550000,13
2016-12-14T11:30:00+05:30,1856.550000,1860.000000,1856.550000,1860.000000,1029
2016-12-14T11:45:00+05:30,1860.000000,1860.000000,1856.500000,1856.500000,142
2016-12-14T12:00:00+05:30,1856.500000,1856.500000,1856.500000,1856.500000,66
2016-12-14T12:15:00+05:30,1856.500000,1860.000000,1856.500000,1860.000000,17
2016-12-14T12:30:00+05:30,1860.000000,1860.000000,1860.000000,1860.000000,1
2016-12-14T12:45:00+05:30,1860.000000,1860.000000,1860.000000,1860.000000,0
2016-12-14T13:00:00+05:30,1860.000000,1860.000000,1855.000000,1855.450000,313
2016-12-14T13:15:00+05:30,1855.450000,1860.000000,1855.100000,1860.000000,97
2016-12-14T13:30:00+05:30,1860.000000,1860.000000,1858.000000,1859.000000,3
2016-12-14T13:45:00+05:30,1859.000000,1860.000000,1859.000000,1860.000000,265
2016-12-14T14:00:00+05:30,1860.000000,1860.000000,1856.150000,1860.000000,19
2016-12-14T14:15:00+05:30,1860.000000,1860.000000,1857.000000,1860.000000,99
2016-12-14T14:30:00+05:30,1859.950000,1860.000000,1857.400000,1860.000000,201
2016-12-14T14:45:00+05:30,1860.000000,1860.000000,1856.150000,1859.900000,127
2016-12-14T15:00:00+05:30,1858.650000,1859.850000,1845.000000,1850.000000,775
2016-12-14T15:15:00+05:30,1848.000000,1855.000000,1845.000000,1846.000000,2195
2016-12-15T09:15:00+05:30,1850.000000,1850.000000,1833.000000,1844.050000,286
2016-12-15T09:30:00+05:30,1844.050000,1860.000000,1844.050000,1852.400000,72
2016-12-15T09:45:00+05:30,1852.400000,1852.400000,1852.400000,1852.400000,0
2016-12-15T10:00:00+05:30,1852.400000,1852.400000,1848.000000,1848.000000,1
2016-12-15T10:15:00+05:30,1848.000000,1849.000000,1848.000000,1849.000000,7
2016-12-15T10:30:00+05:30,1849.000000,1849.000000,1848.000000,1848.000000,16
2016-12-15T10:45:00+05:30,1848.000000,1849.000000,1848.000000,1849.000000,2
2016-12-15T11:00:00+05:30,1849.000000,1849.000000,1847.000000,1847.950000,85
2016-12-15T11:15:00+05:30,1847.950000,1848.000000,1840.300000,1840.300000,50
2016-12-15T11:30:00+05:30,1840.300000,1840.450000,1840.000000,1840.000000,103
2016-12-15T11:45:00+05:30,1840.000000,1844.150000,1840.000000,1841.900000,9
2016-12-15T12:00:00+05:30,1841.900000,1842.200000,1841.900000,1842.200000,1
2016-12-15T12:15:00+05:30,1842.200000,1842.200000,1840.000000,1840.000000,9
2016-12-15T12:30:00+05:30,1840.000000,1844.200000,1840.000000,1844.200000,8
2016-12-15T12:45:00+05:30,1844.200000,1844.200000,1842.050000,1842.050000,10
2016-12-15T13:00:00+05:30,1842.050000,1842.050000,1842.000000,1842.000000,3
2016-12-15T13:15:00+05:30,1841.050000,1843.000000,1841.050000,1841.050000,45
2016-12-15T13:30:00+05:30,1841.050000,1845.000000,1841.050000,1841.700000,8
2016-12-15T13:45:00+05:30,1841.700000,1842.700000,1841.200000,1842.700000,22
2016-12-15T14:00:00+05:30,1842.700000,1845.000000,1842.700000,1844.800000,20
2016-12-15T14:15:00+05:30,1844.800000,1849.000000,1843.200000,1846.100000,26
2016-12-15T14:30:00+05:30,1846.100000,1848.650000,1845.000000,1846.000000,81
2016-12-15T14:45:00+05:30,1846.000000,1850.000000,1846.000000,1850.000000,110
2016-12-15T15:00:00+05:30,1850.000000,1857.950000,1846.000000,1853.650000,352
2016-12-15T15:15:00+05:30,1853.650000,1865.000000,1852.450000,1858.100000,1966
2016-12-16T09:15:00+05:30,1846.000000,1856.800000,1845.000000,1845.000000,122
2016-12-16T09:30:00+05:30,1845.000000,1848.850000,1845.000000,1848.850000,69
2016-12-16T09:45:00+05:30,1848.850000,1858.850000,1847.900000,1854.050000,31
2016-12-16T10:00:00+05:30,1854.050000,1857.700000,1852.050000,1852.050000,12
2016-12-16T10:15:00+05:30,1852.050000,1854.100000,1850.000000,1854.050000,25
2016-12-16T10:30:00+05:30,1854.050000,1854.050000,1846.100000,1848.700000,23
2016-12-16T10:45:00+05:30,1848.700000,1848.800000,1846.150000,1848.000000,28
2016-12-16T11:00:00+05:30,1848.000000,1848.000000,1845.000000,1847.000000,94
2016-12-16T11:15:00+05:30,1847.000000,1847.000000,1845.200000,1845.250000,220
2016-12-16T11:30:00+05:30,1845.250000,1845.450000,1845.250000,1845.250000,16
2016-12-16T11:45:00+05:30,1845.250000,1845.300000,1845.250000,1845.250000,48
2016-12-16T12:00:00+05:30,1845.250000,1845.250000,1845.250000,1845.250000,100
2016-12-16T12:15:00+05:30,1845.250000,1845.250000,1845.250000,1845.250000,10
2016-12-16T12:30:00+05:30,1845.250000,1847.000000,1845.250000,1847.000000,50
2016-12-16T12:45:00+05:30,1847.000000,1847.000000,1847.000000,1847.000000,20
2016-12-16T13:00:00+05:30,1847.000000,1847.500000,1846.500000,1846.500000,15
2016-12-16T13:15:00+05:30,1846.500000,1847.500000,1846.500000,1846.550000,16
2016-12-16T13:30:00+05:30,1846.550000,1846.550000,1846.500000,1846.500000,56
2016-12-16T13:45:00+05:30,1846.500000,1847.500000,1846.500000,1846.500000,6
2016-12-16T14:00:00+05:30,1846.500000,1847.500000,1846.500000,1846.950000,48
2016-12-16T14:15:00+05:30,1846.950000,1851.050000,1846.950000,1850.000000,192
2016-12-16T14:30:00+05:30,1850.000000,1858.250000,1850.000000,1857.750000,214
2016-12-16T14:45:00+05:30,1857.750000,1861.000000,1855.000000,1855.000000,888
2016-12-16T15:00:00+05:30,1857.350000,1860.000000,1857.200000,1860.000000,803
2016-12-16T15:15:00+05:30,1860.000000,1860.000000,1850.000000,1858.000000,1823
2016-12-19T09:15:00+05:30,1841.000000,1865.000000,1838.100000,1844.950000,252
2016-12-19T09:30:00+05:30,1844.950000,1852.150000,1843.600000,1848.000000,6
2016-12-19T09:45:00+05:30,1848.000000,1848.000000,1842.350000,1844.650000,116
2016-12-19T10:00:00+05:30,1844.650000,1848.350000,1840.050000,1846.150000,67
2016-12-19T10:15:00+05:30,1846.150000,1846.150000,1835.000000,1840.000000,293
2016-12-19T10:30:00+05:30,1840.000000,1840.000000,1840.000000,1840.000000,30
2016-12-19T10:45:00+05:30,1840.000000,1848.200000,1840.000000,1844.000000,27
2016-12-19T11:00:00+05:30,1844.000000,1844.000000,1843.000000,1843.000000,5
2016-12-19T11:15:00+05:30,1843.000000,1848.250000,1840.400000,1848.250000,20
2016-12-19T11:30:00+05:30,1848.250000,1848.250000,1840.250000,1840.250000,111
2016-12-19T11:45:00+05:30,1840.250000,1842.000000,1840.250000,1842.000000,3
2016-12-19T12:00:00+05:30,1842.000000,1843.000000,1842.000000,1843.000000,28
2016-12-19T12:15:00+05:30,1843.000000,1844.300000,1835.000000,1843.150000,415
2016-12-19T12:30:00+05:30,1843.150000,1843.150000,1840.000000,1840.000000,5
2016-12-19T12:45:00+05:30,1840.000000,1843.950000,1840.000000,1840.800000,26
2016-12-19T13:00:00+05:30,1840.800000,1840.800000,1840.750000,1840.750000,5
2016-12-19T13:15:00+05:30,1840.750000,1846.950000,1840.000000,1840.000000,154
2016-12-19T13:30:00+05:30,1840.000000,1849.950000,1830.000000,1840.200000,538
2016-12-19T13:45:00+05:30,1840.200000,1843.200000,1840.200000,1841.200000,6
2016-12-19T14:00:00+05:30,1841.200000,1860.000000,1840.150000,1847.100000,1513
2016-12-19T14:15:00+05:30,1854.250000,1860.000000,1818.200000,1836.100000,5516
2016-12-19T14:30:00+05:30,1839.850000,1843.850000,1836.500000,1837.100000,338
2016-12-19T14:45:00+05:30,1837.100000,1842.950000,1837.100000,1841.500000,58
2016-12-19T15:00:00+05:30,1841.500000,1842.000000,1837.100000,1839.750000,270
2016-12-19T15:15:00+05:30,1839.750000,1855.000000,1833.500000,1842.000000,2007
2016-12-20T09:15:00+05:30,1842.500000,1845.650000,1830.000000,1845.000000,427
2016-12-20T09:30:00+05:30,1845.000000,1845.000000,1837.000000,1837.000000,67
2016-12-20T09:45:00+05:30,1837.000000,1840.000000,1837.000000,1840.000000,2
2016-12-20T10:00:00+05:30,1840.000000,1843.900000,1840.000000,1840.900000,12
2016-12-20T10:15:00+05:30,1840.900000,1840.900000,1836.900000,1840.000000,36
2016-12-20T10:30:00+05:30,1840.000000,1840.000000,1836.150000,1836.150000,6
2016-12-20T10:45:00+05:30,1836.150000,1836.450000,1836.150000,1836.150000,6
2016-12-20T11:00:00+05:30,1836.150000,1836.150000,1836.150000,1836.150000,0
2016-12-20T11:15:00+05:30,1836.150000,1841.450000,1836.000000,1836.000000,81
2016-12-20T11:30:00+05:30,1836.000000,1836.000000,1835.000000,1835.000000,200
2016-12-20T11:45:00+05:30,1835.000000,1835.000000,1835.000000,1835.000000,0
2016-12-20T12:00:00+05:30,1835.000000,1836.850000,1835.000000,1835.100000,27
2016-12-20T12:15:00+05:30,1835.100000,1835.100000,1829.300000,1829.900000,391
2016-12-20T12:30:00+05:30,1829.900000,1829.950000,1829.900000,1829.950000,18
2016-12-20T12:45:00+05:30,1829.950000,1829.950000,1826.200000,1826.300000,36
2016-12-20T13:00:00+05:30,1826.300000,1827.000000,1826.250000,1827.000000,7
2016-12-20T13:15:00+05:30,1827.000000,1829.700000,1826.250000,1826.250000,11
2016-12-20T13:30:00+05:30,1826.250000,1826.250000,1825.800000,1825.800000,43
2016-12-20T13:45:00+05:30,1825.800000,1827.000000,1818.250000,1820.000000,475
2016-12-20T14:00:00+05:30,1820.000000,1824.250000,1820.000000,1820.300000,67
2016-12-20T14:15:00+05:30,1820.300000,1820.300000,1820.000000,1820.000000,100
2016-12-20T14:30:00+05:30,1820.000000,1825.000000,1820.000000,1823.950000,52
2016-12-20T14:45:00+05:30,1823.950000,1825.000000,1823.950000,1825.000000,124
2016-12-20T15:00:00+05:30,1825.000000,1835.450000,1820.200000,1831.300000,1227
2016-12-20T15:15:00+05:30,1831.300000,1840.000000,1823.650000,1823.750000,1558
2016-12-21T09:15:00+05:30,1830.000000,1835.600000,1830.000000,1830.000000,125
2016-12-21T09:30:00+05:30,1830.000000,1832.450000,1824.850000,1825.250000,65
2016-12-21T09:45:00+05:30,1824.750000,1832.850000,1824.750000,1832.850000,12
2016-12-21T10:00:00+05:30,1832.850000,1832.850000,1832.850000,1832.850000,0
2016-12-21T10:15:00+05:30,1832.850000,1832.850000,1827.100000,1827.100000,60
2016-12-21T10:30:00+05:30,1827.100000,1827.150000,1826.050000,1826.050000,13
2016-12-21T10:45:00+05:30,1826.050000,1826.050000,1811.000000,1818.100000,635
2016-12-21T11:00:00+05:30,1818.100000,1823.100000,1818.000000,1818.000000,116
2016-12-21T11:15:00+05:30,1818.000000,1820.000000,1812.200000,1814.150000,73
2016-12-21T11:30:00+05:30,1814.150000,1821.000000,1814.150000,1821.000000,148
2016-12-21T11:45:00+05:30,1821.000000,1821.000000,1818.000000,1818.000000,31
2016-12-21T12:00:00+05:30,1818.000000,1820.950000,1808.950000,1812.000000,468
2016-12-21T12:15:00+05:30,1812.000000,1819.750000,1811.000000,1811.000000,40
2016-12-21T12:30:00+05:30,1811.000000,1814.800000,1811.000000,1814.800000,20
2016-12-21T12:45:00+05:30,1814.800000,1815.000000,1814.800000,1815.000000,158
2016-12-21T13:00:00+05:30,1815.000000,1819.000000,1815.000000,1819.000000,11
2016-12-21T13:15:00+05:30,1819.000000,1819.000000,1813.600000,1815.000000,484
2016-12-21T13:30:00+05:30,1815.000000,1815.000000,1815.000000,1815.000000,11
2016-12-21T13:45:00+05:30,1815.000000,1815.000000,1815.000000,1815.000000,1
2016-12-21T14:00:00+05:30,1815.000000,1815.000000,1815.000000,1815.000000,3
2016-12-21T14:15:00+05:30,1815.000000,1815.000000,1812.050000,1812.050000,299
2016-12-21T14:30:00+05:30,1812.050000,1814.900000,1811.500000,1812.400000,164
2016-12-21T14:45:00+05:30,1812.400000,1824.000000,1812.400000,1817.000000,293
2016-12-21T15:00:00+05:30,1817.000000,1825.000000,1814.500000,1823.700000,1048
2016-12-21T15:15:00+05:30,1823.700000,1827.000000,1813.000000,1822.000000,2355
2016-12-22T09:15:00+05:30,1811.000000,1818.850000,1811.000000,1818.850000,32
2016-12-22T09:30:00+05:30,1818.850000,1818.850000,1813.000000,1813.000000,4
2016-12-22T09:45:00+05:30,1811.750000,1814.950000,1810.100000,1810.100000,156
2016-12-22T10:00:00+05:30,1810.100000,1812.750000,1810.100000,1812.750000,4
2016-12-22T10:15:00+05:30,1812.750000,1814.000000,1810.000000,1814.000000,91
2016-12-22T10:30:00+05:30,1814.000000,1814.000000,1810.000000,1810.000000,68
2016-12-22T10:45:00+05:30,1810.000000,1810.000000,1809.000000,1809.000000,11
2016-12-22T11:00:00+05:30,1809.000000,1811.350000,1806.200000,1811.350000,134
2016-12-22T11:15:00+05:30,1811.350000,1811.350000,1809.750000,1809.750000,23
2016-12-22T11:30:00+05:30,1809.750000,1809.750000,1807.000000,1809.750000,36
2016-12-22T11:45:00+05:30,1809.750000,1810.000000,1809.750000,1810.000000,10
2016-12-22T12:00:00+05:30,1810.000000,1810.000000,1807.550000,1807.550000,5
2016-12-22T12:15:00+05:30,1807.600000,1807.600000,1807.050000,1807.050000,15
2016-12-22T12:30:00+05:30,1807.050000,1810.000000,1807.050000,1807.050000,80
2016-12-22T12:45:00+05:30,1807.050000,1809.900000,1806.200000,1806.200000,211
2016-12-22T13:00:00+05:30,1806.200000,1806.200000,1795.000000,1800.350000,416
2016-12-22T13:15:00+05:30,1800.350000,1804.950000,1800.350000,1802.600000,21
2016-12-22T13:30:00+05:30,1802.600000,1809.950000,1800.400000,1809.950000,82
2016-12-22T13:45:00+05:30,1809.950000,1809.950000,1802.000000,1808.000000,30
2016-12-22T14:00:00+05:30,1808.000000,1808.850000,1801.000000,1808.850000,21
2016-12-22T14:15:00+05:30,1808.850000,1808.850000,1802.500000,1807.850000,83
2016-12-22T14:30:00+05:30,1807.850000,1807.850000,1802.400000,1805.000000,48
2016-12-22T14:45:00+05:30,1805.000000,1807.400000,1802.550000,1805.300000,166
2016-12-22T15:00:00+05:30,1803.050000,1807.400000,1795.050000,1799.750000,767
2016-12-22T15:15:00+05:30,1799.900000,1810.000000,1795.100000,1806.950000,2810
2016-12-23T09:15:00+05:30,1798.000000,1799.950000,1795.250000,1795.250000,6
2016-12-23T09:30:00+05:30,1795.250000,1810.000000,1795.250000,1808.050000,34
2016-12-23T09:45:00+05:30,1808.050000,1808.050000,1801.900000,1801.900000,11
2016-12-23T10:00:00+05:30,1801.900000,1807.100000,1800.400000,1807.100000,43
2016-12-23T10:15:00+05:30,1807.100000,1807.100000,1800.000000,1800.000000,64
2016-12-23T10:30:00+05:30,1800.000000,1800.000000,1789.900000,1799.900000,440
2016-12-23T10:45:00+05:30,1799.900000,1799.900000,1789.750000,1789.750000,64
2016-12-23T11:00:00+05:30,1789.750000,1796.700000,1789.750000,1796.700000,12
2016-12-23T11:15:00+05:30,1796.700000,1799.000000,1794.300000,1799.000000,222
2016-12-23T11:30:00+05:30,1799.000000,1802.000000,1799.000000,1801.950000,41
2016-12-23T11:45:00+05:30,1801.950000,1801.950000,1799.000000,1801.000000,9
2016-12-23T12:00:00+05:30,1801.000000,1802.000000,1799.000000,1802.000000,45
2016-12-23T12:15:00+05:30,1802.000000,1802.000000,1802.000000,1802.000000,0
2016-12-23T12:30:00+05:30,1802.000000,1804.000000,1798.000000,1804.000000,42
2016-12-23T12:45:00+05:30,1804.000000,1804.000000,1795.100000,1795.100000,26
2016-12-23T13:00:00+05:30,1795.100000,1804.000000,1795.100000,1796.400000,18
2016-12-23T13:15:00+05:30,1796.400000,1802.000000,1796.400000,1802.000000,26
2016-12-23T13:30:00+05:30,1802.000000,1804.000000,1801.050000,1803.950000,56
2016-12-23T13:45:00+05:30,1803.950000,1803.950000,1796.400000,1796.400000,61
2016-12-23T14:00:00+05:30,1796.400000,1800.000000,1793.400000,1796.550000,87
2016-12-23T14:15:00+05:30,1796.550000,1799.000000,1793.650000,1793.650000,140
2016-12-23T14:30:00+05:30,1793.650000,1794.500000,1793.350000,1793.350000,20
2016-12-23T14:45:00+05:30,1793.350000,1797.900000,1793.350000,1797.900000,10
2016-12-23T15:00:00+05:30,1797.900000,1798.950000,1790.000000,1792.950000,524
2016-12-23T15:15:00+05:30,1792.950000,1864.000000,1792.950000,1860.000000,2459
2016-12-26T09:15:00+05:30,1812.150000,1812.150000,1806.000000,1806.750000,363
2016-12-26T09:30:00+05:30,1806.750000,1808.950000,1798.650000,1798.650000,316
2016-12-26T09:45:00+05:30,1798.650000,1801.050000,1795.450000,1801.050000,92
2016-12-26T10:00:00+05:30,1801.050000,1805.850000,1796.200000,1805.850000,95
2016-12-26T10:15:00+05:30,1805.850000,1805.900000,1800.850000,1803.500000,27
2016-12-26T10:30:00+05:30,1803.500000,1807.650000,1803.500000,1804.450000,38
2016-12-26T10:45:00+05:30,1804.450000,1806.750000,1800.700000,1806.750000,21
2016-12-26T11:00:00+05:30,1806.750000,1806.750000,1800.800000,1804.500000,53
2016-12-26T11:15:00+05:30,1801.050000,1811.000000,1801.050000,1811.000000,91
2016-12-26T11:30:00+05:30,1811.000000,1811.000000,1802.550000,1802.600000,97
2016-12-26T11:45:00+05:30,1802.600000,1807.450000,1802.600000,1807.400000,95
2016-12-26T12:00:00+05:30,1807.400000,1807.400000,1803.200000,1807.000000,21
2016-12-26T12:15:00+05:30,1807.000000,1807.000000,1803.200000,1803.200000,1
2016-12-26T12:30:00+05:30,1803.200000,1806.550000,1803.150000,1803.150000,37
2016-12-26T12:45:00+05:30,1803.150000,1807.000000,1803.150000,1803.250000,22
2016-12-26T13:00:00+05:30,1803.250000,1807.450000,1801.550000,1801.550000,169
2016-12-26T13:15:00+05:30,1801.550000,1814.000000,1801.550000,1810.000000,56
2016-12-26T13:30:00+05:30,1810.000000,1813.000000,1810.000000,1810.000000,12
2016-12-26T13:45:00+05:30,1810.000000,1812.600000,1809.550000,1809.550000,94
2016-12-26T14:00:00+05:30,1809.550000,1813.600000,1809.550000,1810.550000,19
2016-12-26T14:15:00+05:30,1810.550000,1813.750000,1810.050000,1811.950000,60
2016-12-26T14:30:00+05:30,1811.950000,1812.000000,1808.500000,1808.550000,224
2016-12-26T14:45:00+05:30,1808.550000,1815.000000,1806.000000,1813.000000,2866
2016-12-26T15:00:00+05:30,1813.700000,1814.500000,1805.000000,1807.000000,2076
2016-12-26T15:15:00+05:30,1807.000000,1811.950000,1800.450000,1800.450000,2241
2016-12-27T09:15:00+05:30,1808.050000,1808.050000,1801.700000,1803.000000,89
2016-12-27T09:30:00+05:30,1803.000000,1805.000000,1790.150000,1800.000000,115
2016-12-27T09:45:00+05:30,1798.350000,1800.150000,1792.100000,1798.950000,63
2016-12-27T10:00:00+05:30,1798.950000,1804.700000,1798.950000,1804.700000,24
2016-12-27T10:15:00+05:30,1804.600000,1804.800000,1801.200000,1801.200000,48
2016-12-27T10:30:00+05:30,1801.200000,1801.200000,1796.100000,1796.100000,38
2016-12-27T10:45:00+05:30,1796.100000,1799.800000,1796.100000,1799.750000,21
2016-12-27T11:00:00+05:30,1799.750000,1799.800000,1799.650000,1799.800000,2
2016-12-27T11:15:00+05:30,1799.800000,1800.000000,1799.800000,1800.000000,92
2016-12-27T11:30:00+05:30,1800.050000,1800.050000,1800.050000,1800.050000,4
2016-12-27T11:45:00+05:30,1800.050000,1800.050000,1800.000000,1800.000000,18
2016-12-27T12:00:00+05:30,1800.000000,1800.000000,1798.000000,1800.000000,161
2016-12-27T12:15:00+05:30,1800.000000,1800.000000,1796.200000,1796.200000,39
2016-12-27T12:30:00+05:30,1796.200000,1796.200000,1796.000000,1796.000000,14
2016-12-27T12:45:00+05:30,1796.000000,1797.850000,1795.700000,1797.850000,52
2016-12-27T13:00:00+05:30,1797.850000,1801.000000,1797.000000,1799.900000,240
2016-12-27T13:15:00+05:30,1799.900000,1800.000000,1798.400000,1798.400000,38
2016-12-27T13:30:00+05:30,1798.400000,1800.000000,1796.100000,1796.100000,35
2016-12-27T13:45:00+05:30,1796.100000,1801.000000,1796.100000,1801.000000,35
2016-12-27T14:00:00+05:30,1801.000000,1801.000000,1801.000000,1801.000000,1
2016-12-27T14:15:00+05:30,1801.000000,1801.050000,1800.000000,1800.950000,768
2016-12-27T14:30:00+05:30,1800.950000,1801.000000,1800.950000,1801.000000,250
2016-12-27T14:45:00+05:30,1801.000000,1803.950000,1798.250000,1803.950000,369
2016-12-27T15:00:00+05:30,1803.950000,1803.950000,1797.100000,1799.900000,234
2016-12-27T15:15:00+05:30,1799.900000,1803.000000,1797.100000,1800.000000,3397
2016-12-28T09:15:00+05:30,1825.000000,1825.000000,1810.350000,1810.350000,99
2016-12-28T09:30:00+05:30,1810.350000,1811.550000,1810.350000,1811.550000,2
2016-12-28T09:45:00+05:30,1811.550000,1818.000000,1811.550000,1818.000000,239
2016-12-28T10:00:00+05:30,1818.000000,1818.000000,1813.850000,1818.000000,57
2016-12-28T10:15:00+05:30,1818.000000,1818.000000,1818.000000,1818.000000,5
2016-12-28T10:30:00+05:30,1818.000000,1818.000000,1810.000000,1810.000000,178
2016-12-28T10:45:00+05:30,1810.000000,1810.000000,1805.000000,1808.700000,100
2016-12-28T11:00:00+05:30,1808.700000,1808.700000,1804.000000,1804.050000,21
2016-12-28T11:15:00+05:30,1804.050000,1805.050000,1804.050000,1805.000000,8
2016-12-28T11:30:00+05:30,1806.850000,1806.850000,1804.600000,1804.600000,23
2016-12-28T11:45:00+05:30,1806.900000,1810.000000,1805.000000,1808.200000,84
2016-12-28T12:00:00+05:30,1808.200000,1808.200000,1805.150000,1805.200000,22
2016-12-28T12:15:00+05:30,1805.200000,1805.250000,1805.000000,1805.000000,46
2016-12-28T12:30:00+05:30,1805.000000,1806.950000,1805.000000,1806.000000,104
2016-12-28T12:45:00+05:30,1806.000000,1807.950000,1805.000000,1805.000000,205
2016-12-28T13:00:00+05:30,1804.050000,1805.000000,1804.000000,1804.100000,8
2016-12-28T13:15:00+05:30,1804.100000,1810.000000,1804.100000,1808.000000,1099
2016-12-28T13:30:00+05:30,1808.000000,1809.000000,1804.300000,1808.000000,38
2016-12-28T13:45:00+05:30,1808.000000,1808.000000,1804.650000,1808.000000,12
2016-12-28T14:00:00+05:30,1808.000000,1809.000000,1808.000000,1809.000000,32
2016-12-28T14:15:00+05:30,1809.000000,1809.000000,1804.100000,1805.950000,31
2016-12-28T14:30:00+05:30,1805.950000,1806.000000,1805.000000,1805.000000,25
2016-12-28T14:45:00+05:30,1806.000000,1806.150000,1800.000000,1805.400000,157
2016-12-28T15:00:00+05:30,1805.400000,1810.000000,1802.050000,1809.950000,2438
2016-12-28T15:15:00+05:30,1808.000000,1810.000000,1803.250000,1803.250000,3145
2016-12-29T09:15:00+05:30,1806.000000,1806.000000,1806.000000,1806.000000,28
2016-12-29T09:30:00+05:30,1806.000000,1810.000000,1805.000000,1805.000000,101
2016-12-29T09:45:00+05:30,1805.000000,1805.000000,1802.100000,1805.000000,13
2016-12-29T10:00:00+05:30,1805.000000,1805.000000,1802.000000,1802.000000,4
2016-12-29T10:15:00+05:30,1802.000000,1802.000000,1802.000000,1802.000000,0
2016-12-29T10:30:00+05:30,1802.000000,1809.950000,1802.000000,1809.950000,21
2016-12-29T10:45:00+05:30,1809.950000,1810.000000,1805.000000,1805.000000,35
2016-12-29T11:00:00+05:30,1805.000000,1810.000000,1802.250000,1805.000000,73
2016-12-29T11:15:00+05:30,1805.000000,1805.000000,1802.200000,1805.000000,35
2016-12-29T11:30:00+05:30,1802.200000,1805.000000,1802.200000,1802.200000,47
2016-12-29T11:45:00+05:30,1802.200000,1809.950000,1802.200000,1809.950000,32
2016-12-29T12:00:00+05:30,1809.950000,1809.950000,1805.000000,1805.050000,32
2016-12-29T12:15:00+05:30,1805.050000,1805.050000,1802.500000,1802.700000,46
2016-12-29T12:30:00+05:30,1802.700000,1802.700000,1802.500000,1802.500000,27
2016-12-29T12:45:00+05:30,1802.500000,1802.550000,1802.500000,1802.550000,2
2016-12-29T13:00:00+05:30,1802.550000,1806.900000,1802.550000,1806.900000,53
2016-12-29T13:15:00+05:30,1806.900000,1806.900000,1804.350000,1804.350000,3
2016-12-29T13:30:00+05:30,1804.350000,1807.950000,1804.350000,1805.000000,33
2016-12-29T13:45:00+05:30,1805.000000,1808.900000,1805.000000,1805.000000,95
2016-12-29T14:00:00+05:30,1805.000000,1805.000000,1804.000000,1804.000000,52
2016-12-29T14:15:00+05:30,1804.000000,1806.000000,1803.100000,1805.000000,53
2016-12-29T14:30:00+05:30,1802.000000,1805.000000,1802.000000,1803.000000,430
2016-12-29T14:45:00+05:30,1803.000000,1808.950000,1803.000000,1808.150000,82
2016-12-29T15:00:00+05:30,1808.150000,1814.000000,1804.650000,1808.800000,721
2016-12-29T15:15:00+05:30,1808.800000,1816.000000,1785.000000,1785.000000,6634
2016-12-30T09:15:00+05:30,1809.000000,1809.000000,1805.000000,1805.000000,56
2016-12-30T09:30:00+05:30,1805.000000,1808.000000,1804.950000,1807.950000,33
2016-12-30T09:45:00+05:30,1807.950000,1807.950000,1805.650000,1807.900000,8
2016-12-30T10:00:00+05:30,1807.900000,1807.900000,1795.000000,1800.000000,126
2016-12-30T10:15:00+05:30,1801.800000,1803.000000,1798.000000,1802.750000,106
2016-12-30T10:30:00+05:30,1802.750000,1804.500000,1800.400000,1800.400000,74
2016-12-30T10:45:00+05:30,1800.400000,1807.950000,1800.400000,1806.000000,151
2016-12-30T11:00:00+05:30,1806.000000,1814.950000,1806.000000,1808.000000,152
2016-12-30T11:15:00+05:30,1808.000000,1810.000000,1806.000000,1810.000000,76
2016-12-30T11:30:00+05:30,1810.000000,1810.000000,1800.000000,1800.000000,746
2016-12-30T11:45:00+05:30,1800.000000,1805.500000,1797.750000,1800.000000,621
2016-12-30T12:00:00+05:30,1800.000000,1800.000000,1797.550000,1799.950000,79
2016-12-30T12:15:00+05:30,1799.950000,1799.950000,1797.500000,1799.950000,145
2016-12-30T12:30:00+05:30,1799.950000,1800.000000,1797.500000,1797.500000,139
2016-12-30T12:45:00+05:30,1797.500000,1799.950000,1797.500000,1799.950000,67
2016-12-30T13:00:00+05:30,1799.950000,1799.950000,1788.100000,1789.850000,1858
2016-12-30T13:15:00+05:30,1789.850000,1790.000000,1789.050000,1790.000000,126
2016-12-30T13:30:00+05:30,1790.000000,1790.000000,1789.850000,1790.000000,396
2016-12-30T13:45:00+05:30,1790.000000,1790.000000,1789.000000,1789.000000,279
2016-12-30T14:00:00+05:30,1789.000000,1790.000000,1789.000000,1790.000000,162
2016-12-30T14:15:00+05:30,1790.000000,1790.000000,1788.000000,1788.000000,188
2016-12-30T14:30:00+05:30,1788.000000,1790.000000,1775.000000,1775.000000,1795
2016-12-30T14:45:00+05:30,1775.000000,1780.000000,1770.500000,1773.700000,2123
2016-12-30T15:00:00+05:30,1773.700000,1785.450000,1770.000000,1783.900000,3058
2016-12-30T15:15:00+05:30,1781.300000,1896.950000,1781.250000,1882.000000,22085
2017-01-02T09:15:00+05:30,1850.000000,1860.400000,1831.950000,1832.000000,408
2017-01-02T09:30:00+05:30,1831.950000,1835.800000,1831.600000,1835.700000,202
2017-01-02T09:45:00+05:30,1835.700000,1835.700000,1828.850000,1831.750000,32
2017-01-02T10:00:00+05:30,1831.750000,1832.000000,1822.950000,1831.150000,481
2017-01-02T10:15:00+05:30,1831.150000,1833.500000,1829.000000,1830.000000,58
2017-01-02T10:30:00+05:30,1830.000000,1831.950000,1827.250000,1831.950000,7
2017-01-02T10:45:00+05:30,1831.950000,1831.950000,1831.950000,1831.950000,4
2017-01-02T11:00:00+05:30,1831.950000,1831.950000,1825.000000,1827.900000,98
2017-01-02T11:15:00+05:30,1827.900000,1829.550000,1825.000000,1828.000000,65
2017-01-02T11:30:00+05:30,1829.350000,1831.800000,1829.350000,1830.950000,51
2017-01-02T11:45:00+05:30,1830.950000,1831.000000,1826.150000,1831.000000,90
2017-01-02T12:00:00+05:30,1831.000000,1831.800000,1826.250000,1826.250000,86
2017-01-02T12:15:00+05:30,1826.250000,1826.250000,1825.000000,1825.000000,70
2017-01-02T12:30:00+05:30,1825.000000,1830.000000,1820.000000,1820.000000,166
2017-01-02T12:45:00+05:30,1820.000000,1826.300000,1820.000000,1826.300000,2
2017-01-02T13:00:00+05:30,1826.300000,1826.900000,1818.300000,1824.800000,68
2017-01-02T13:15:00+05:30,1824.800000,1825.000000,1823.850000,1825.000000,9
2017-01-02T13:30:00+05:30,1825.000000,1825.000000,1822.100000,1825.000000,112
2017-01-02T13:45:00+05:30,1825.000000,1825.000000,1822.400000,1825.000000,10
2017-01-02T14:00:00+05:30,1825.000000,1833.000000,1825.000000,1828.000000,327
2017-01-02T14:15:00+05:30,1828.000000,1830.350000,1828.000000,1828.000000,184
2017-01-02T14:30:00+05:30,1828.000000,1830.000000,1827.000000,1830.000000,320
2017-01-02T14:45:00+05:30,1830.000000,1830.000000,1825.000000,1825.950000,173
2017-01-02T15:00:00+05:30,1825.950000,1830.850000,1825.950000,1829.900000,293
2017-01-02T15:15:00+05:30,1829.900000,1830.900000,1820.000000,1825.000000,1654
2017-01-03T09:15:00+05:30,1820.100000,1833.300000,1820.100000,1825.400000,35
2017-01-03T09:30:00+05:30,1825.400000,1837.700000,1820.150000,1830.050000,95
2017-01-03T09:45:00+05:30,1830.000000,1830.000000,1805.200000,1811.000000,400
2017-01-03T10:00:00+05:30,1811.050000,1822.000000,1811.000000,1822.000000,59
2017-01-03T10:15:00+05:30,1819.800000,1830.000000,1818.450000,1826.400000,184
2017-01-03T10:30:00+05:30,1826.400000,1830.000000,1822.000000,1825.000000,358
2017-01-03T10:45:00+05:30,1825.000000,1831.950000,1825.000000,1825.500000,47
2017-01-03T11:00:00+05:30,1825.500000,1830.000000,1824.000000,1827.800000,22
2017-01-03T11:15:00+05:30,1827.800000,1827.800000,1820.050000,1820.050000,109
2017-01-03T11:30:00+05:30,1820.050000,1830.000000,1818.000000,1818.950000,195
2017-01-03T11:45:00+05:30,1818.950000,1834.900000,1817.500000,1834.900000,256
2017-01-03T12:00:00+05:30,1834.900000,1835.500000,1820.050000,1832.000000,1148
2017-01-03T12:15:00+05:30,1832.000000,1834.950000,1828.600000,1828.600000,34
2017-01-03T12:30:00+05:30,1828.600000,1830.950000,1821.400000,1828.000000,208
2017-01-03T12:45:00+05:30,1828.000000,1828.000000,1816.000000,1816.650000,615
2017-01-03T13:00:00+05:30,1816.650000,1822.850000,1816.050000,1817.050000,79
2017-01-03T13:15:00+05:30,1817.100000,1824.000000,1816.550000,1817.350000,154
2017-01-03T13:30:00+05:30,1817.350000,1819.900000,1817.350000,1819.900000,18
2017-01-03T13:45:00+05:30,1819.900000,1819.900000,1816.150000,1818.300000,40
2017-01-03T14:00:00+05:30,1818.300000,1819.650000,1816.100000,1816.100000,54
2017-01-03T14:15:00+05:30,1816.100000,1817.950000,1816.100000,1817.000000,14
2017-01-03T14:30:00+05:30,1817.000000,1820.000000,1814.000000,1816.850000,653
2017-01-03T14:45:00+05:30,1816.850000,1816.850000,1814.000000,1814.000000,77
2017-01-03T15:00:00+05:30,1814.000000,1827.700000,1814.000000,1815.400000,692
2017-01-03T15:15:00+05:30,1815.400000,1820.000000,1812.650000,1814.000000,1101
2017-01-04T09:15:00+05:30,1820.000000,1824.400000,1815.000000,1819.950000,161
2017-01-04T09:30:00+05:30,1819.950000,1820.000000,1818.000000,1819.850000,31
2017-01-04T09:45:00+05:30,1819.850000,1819.900000,1818.000000,1819.900000,5
2017-01-04T10:00:00+05:30,1819.900000,1820.000000,1817.000000,1817.950000,91
2017-01-04T10:15:00+05:30,1817.950000,1822.000000,1817.950000,1819.050000,72
2017-01-04T10:30:00+05:30,1819.050000,1820.000000,1817.500000,1819.900000,166
2017-01-04T10:45:00+05:30,1819.900000,1819.900000,1815.000000,1816.750000,37
2017-01-04T11:00:00+05:30,1816.750000,1817.950000,1810.000000,1811.150000,143
2017-01-04T11:15:00+05:30,1811.150000,1815.900000,1806.000000,1808.850000,113
2017-01-04T11:30:00+05:30,1808.850000,1817.250000,1807.300000,1816.250000,212
2017-01-04T11:45:00+05:30,1816.250000,1817.300000,1814.000000,1814.050000,225
2017-01-04T12:00:00+05:30,1814.050000,1817.300000,1814.050000,1814.600000,8
2017-01-04T12:15:00+05:30,1814.600000,1817.250000,1814.600000,1816.950000,4
2017-01-04T12:30:00+05:30,1817.000000,1817.300000,1815.000000,1815.900000,25
2017-01-04T12:45:00+05:30,1815.900000,1815.900000,1810.000000,1811.100000,297
2017-01-04T13:00:00+05:30,1811.100000,1814.900000,1807.300000,1812.950000,41
2017-01-04T13:15:00+05:30,1812.950000,1813.500000,1806.000000,1813.500000,41
2017-01-04T13:30:00+05:30,1813.500000,1813.500000,1808.050000,1808.650000,240
2017-01-04T13:45:00+05:30,1808.950000,1809.000000,1807.350000,1807.350000,119
2017-01-04T14:00:00+05:30,1807.350000,1814.950000,1806.200000,1808.000000,210
2017-01-04T14:15:00+05:30,1808.000000,1813.500000,1808.000000,1811.900000,22
2017-01-04T14:30:00+05:30,1811.900000,1811.900000,1808.450000,1811.100000,60
2017-01-04T14:45:00+05:30,1811.100000,1812.000000,1806.200000,1812.000000,97
2017-01-04T15:00:00+05:30,1812.000000,1812.000000,1803.000000,1803.000000,544
2017-01-04T15:15:00+05:30,1803.000000,1819.000000,1801.100000,1801.150000,1987
2017-01-05T09:15:00+05:30,1830.000000,1830.000000,1808.000000,1809.000000,329
2017-01-05T09:30:00+05:30,1809.000000,1812.700000,1809.000000,1811.550000,21
2017-01-05T09:45:00+05:30,1811.550000,1812.000000,1808.050000,1811.950000,274
2017-01-05T10:00:00+05:30,1811.950000,1812.650000,1808.050000,1812.650000,170
2017-01-05T10:15:00+05:30,1812.650000,1812.650000,1809.400000,1810.450000,13
2017-01-05T10:30:00+05:30,1809.000000,1810.000000,1808.000000,1808.000000,159
2017-01-05T10:45:00+05:30,1808.000000,1810.000000,1805.000000,1805.000000,265
2017-01-05T11:00:00+05:30,1805.000000,1810.000000,1805.000000,1807.150000,315
2017-01-05T11:15:00+05:30,1807.150000,1807.950000,1805.000000,1805.000000,299
2017-01-05T11:30:00+05:30,1805.000000,1807.800000,1805.000000,1805.000000,356
2017-01-05T11:45:00+05:30,1805.000000,1807.000000,1803.000000,1803.000000,504
2017-01-05T12:00:00+05:30,1803.000000,1805.000000,1801.000000,1802.000000,391
2017-01-05T12:15:00+05:30,1802.000000,1809.500000,1800.000000,1800.000000,644
2017-01-05T12:30:00+05:30,1800.000000,1802.300000,1796.000000,1798.000000,407
2017-01-05T12:45:00+05:30,1798.000000,1800.000000,1797.000000,1798.700000,382
2017-01-05T13:00:00+05:30,1798.700000,1799.000000,1797.200000,1797.550000,390
2017-01-05T13:15:00+05:30,1797.550000,1799.000000,1792.000000,1798.000000,561
2017-01-05T13:30:00+05:30,1798.000000,1798.650000,1793.000000,1793.050000,288
2017-01-05T13:45:00+05:30,1793.050000,1797.450000,1792.000000,1795.000000,393
2017-01-05T14:00:00+05:30,1795.000000,1798.000000,1795.000000,1795.100000,584
2017-01-05T14:15:00+05:30,1795.100000,1799.000000,1794.000000,1795.250000,705
2017-01-05T14:30:00+05:30,1795.250000,1807.450000,1795.250000,1801.550000,941
2017-01-05T14:45:00+05:30,1801.550000,1802.000000,1796.200000,1796.200000,589
2017-01-05T15:00:00+05:30,1796.200000,1799.150000,1792.050000,1795.950000,730
2017-01-05T15:15:00+05:30,1795.950000,1799.950000,1791.200000,1793.500000,2630
2017-01-06T09:15:00+05:30,1802.750000,1820.000000,1795.000000,1800.200000,209
2017-01-06T09:30:00+05:30,1800.200000,1810.200000,1800.200000,1805.450000,134
2017-01-06T09:45:00+05:30,1805.450000,1818.850000,1805.450000,1811.200000,154
2017-01-06T10:00:00+05:30,1811.200000,1811.200000,1801.550000,1804.950000,74
2017-01-06T10:15:00+05:30,1804.950000,1804.950000,1800.050000,1800.050000,12
2017-01-06T10:30:00+05:30,1800.050000,1805.000000,1800.000000,1803.050000,85
2017-01-06T10:45:00+05:30,1803.050000,1803.050000,1799.000000,1799.000000,60
2017-01-06T11:00:00+05:30,1799.000000,1800.300000,1799.000000,1799.050000,57
2017-01-06T11:15:00+05:30,1799.050000,1805.000000,1799.050000,1802.500000,258
2017-01-06T11:30:00+05:30,1802.500000,1813.150000,1802.500000,1806.200000,385
2017-01-06T11:45:00+05:30,1806.200000,1807.000000,1802.400000,1802.400000,13
2017-01-06T12:00:00+05:30,1802.400000,1806.650000,1802.400000,1803.000000,35
2017-01-06T12:15:00+05:30,1800.000000,1805.200000,1795.000000,1796.000000,252
2017-01-06T12:30:00+05:30,1796.000000,1798.200000,1796.000000,1797.400000,28
2017-01-06T12:45:00+05:30,1797.400000,1797.700000,1797.000000,1797.000000,60
2017-01-06T13:00:00+05:30,1797.000000,1801.000000,1795.000000,1798.000000,489
2017-01-06T13:15:00+05:30,1798.000000,1798.000000,1798.000000,1798.000000,10
2017-01-06T13:30:00+05:30,1798.000000,1809.900000,1797.600000,1800.350000,207
2017-01-06T13:45:00+05:30,1800.350000,1800.350000,1796.550000,1799.050000,69
2017-01-06T14:00:00+05:30,1799.050000,1799.050000,1796.650000,1796.650000,107
2017-01-06T14:15:00+05:30,1796.700000,1808.450000,1796.500000,1801.150000,403
2017-01-06T14:30:00+05:30,1801.150000,1803.050000,1798.000000,1798.700000,140
2017-01-06T14:45:00+05:30,1798.700000,1803.300000,1798.050000,1800.250000,189
2017-01-06T15:00:00+05:30,1800.250000,1803.850000,1795.500000,1795.500000,424
2017-01-06T15:15:00+05:30,1795.500000,1830.000000,1788.050000,1788.050000,5142
2017-01-09T09:15:00+05:30,1807.650000,1810.000000,1800.400000,1805.000000,378
2017-01-09T09:30:00+05:30,1805.000000,1805.000000,1801.550000,1801.800000,201
2017-01-09T09:45:00+05:30,1801.800000,1807.300000,1801.700000,1802.550000,313
2017-01-09T10:00:00+05:30,1802.550000,1806.900000,1801.850000,1803.950000,68
2017-01-09T10:15:00+05:30,1803.950000,1806.000000,1803.200000,1803.200000,45
2017-01-09T10:30:00+05:30,1803.200000,1807.000000,1803.000000,1804.650000,58
2017-01-09T10:45:00+05:30,1804.650000,1804.650000,1797.050000,1797.050000,213
2017-01-09T11:00:00+05:30,1797.050000,1800.550000,1797.050000,1800.550000,13
2017-01-09T11:15:00+05:30,1800.550000,1800.650000,1798.000000,1800.400000,69
2017-01-09T11:30:00+05:30,1800.400000,1804.800000,1800.400000,1801.000000,53
2017-01-09T11:45:00+05:30,1801.000000,1801.700000,1799.600000,1799.600000,171
2017-01-09T12:00:00+05:30,1799.600000,1800.250000,1798.000000,1798.000000,20
2017-01-09T12:15:00+05:30,1798.000000,1798.000000,1798.000000,1798.000000,80
2017-01-09T12:30:00+05:30,1798.000000,1800.000000,1798.000000,1800.000000,129
2017-01-09T12:45:00+05:30,1800.000000,1800.000000,1798.800000,1800.000000,32
2017-01-09T13:00:00+05:30,1800.000000,1800.000000,1800.000000,1800.000000,1
2017-01-09T13:15:00+05:30,1800.000000,1800.000000,1799.950000,1799.950000,58
2017-01-09T13:30:00+05:30,1799.950000,1800.000000,1799.950000,1800.000000,11
2017-01-09T13:45:00+05:30,1800.000000,1800.000000,1795.000000,1795.000000,82
2017-01-09T14:00:00+05:30,1795.000000,1796.000000,1795.000000,1795.950000,19
2017-01-09T14:15:00+05:30,1795.950000,1802.350000,1795.550000,1797.000000,86
2017-01-09T14:30:00+05:30,1797.000000,1799.900000,1796.950000,1796.950000,43
2017-01-09T14:45:00+05:30,1796.950000,1802.550000,1795.550000,1799.950000,208
2017-01-09T15:00:00+05:30,1799.950000,1799.950000,1795.000000,1799.050000,359
2017-01-09T15:15:00+05:30,1798.950000,1800.000000,1790.100000,1790.100000,1264
2017-01-10T09:15:00+05:30,1795.000000,1800.000000,1795.000000,1796.000000,209
2017-01-10T09:30:00+05:30,1796.000000,1799.950000,1796.000000,1799.950000,25
2017-01-10T09:45:00+05:30,1799.950000,1800.000000,1798.000000,1798.000000,69
2017-01-10T10:00:00+05:30,1798.000000,1800.000000,1792.150000,1792.150000,164
2017-01-10T10:15:00+05:30,1792.150000,1800.000000,1792.150000,1800.000000,125
2017-01-10T10:30:00+05:30,1800.000000,1800.000000,1796.300000,1797.550000,215
2017-01-10T10:45:00+05:30,1797.550000,1800.000000,1795.050000,1795.050000,66
2017-01-10T11:00:00+05:30,1795.050000,1800.000000,1795.050000,1800.000000,147
2017-01-10T11:15:00+05:30,1800.000000,1801.000000,1798.250000,1800.000000,118
2017-01-10T11:30:00+05:30,1799.950000,1799.950000,1797.650000,1797.650000,15
2017-01-10T11:45:00+05:30,1795.050000,1797.550000,1795.050000,1795.650000,96
2017-01-10T12:00:00+05:30,1795.650000,1796.400000,1795.500000,1796.400000,56
2017-01-10T12:15:00+05:30,1796.400000,1799.450000,1796.400000,1796.550000,12
2017-01-10T12:30:00+05:30,1796.550000,1798.750000,1796.400000,1798.350000,9
2017-01-10T12:45:00+05:30,1798.350000,1799.100000,1796.400000,1796.450000,12
2017-01-10T13:00:00+05:30,1796.050000,1799.700000,1796.050000,1797.600000,184
2017-01-10T13:15:00+05:30,1797.600000,1798.800000,1797.600000,1798.800000,2
2017-01-10T13:30:00+05:30,1798.800000,1798.850000,1798.800000,1798.800000,13
2017-01-10T13:45:00+05:30,1798.800000,1798.800000,1797.600000,1798.800000,66
2017-01-10T14:00:00+05:30,1798.800000,1798.800000,1795.100000,1798.000000,365
2017-01-10T14:15:00+05:30,1798.000000,1798.000000,1795.100000,1795.100000,15
2017-01-10T14:30:00+05:30,1795.100000,1798.650000,1795.100000,1798.650000,68
2017-01-10T14:45:00+05:30,1798.650000,1798.650000,1795.000000,1798.400000,203
2017-01-10T15:00:00+05:30,1795.450000,1800.000000,1792.000000,1794.000000,1265
2017-01-10T15:15:00+05:30,1793.200000,1800.000000,1791.000000,1791.000000,2902
2017-01-11T09:15:00+05:30,1796.550000,1799.150000,1796.550000,1799.100000,18
2017-01-11T09:30:00+05:30,1799.100000,1800.000000,1796.500000,1797.850000,285
2017-01-11T09:45:00+05:30,1797.850000,1798.750000,1795.100000,1796.950000,94
2017-01-11T10:00:00+05:30,1796.950000,1796.950000,1795.200000,1795.600000,114
2017-01-11T10:15:00+05:30,1795.600000,1798.500000,1792.700000,1795.350000,164
2017-01-11T10:30:00+05:30,1795.350000,1798.200000,1794.000000,1796.300000,91
2017-01-11T10:45:00+05:30,1797.300000,1797.300000,1795.250000,1795.250000,9
2017-01-11T11:00:00+05:30,1795.250000,1798.000000,1795.100000,1796.050000,122
2017-01-11T11:15:00+05:30,1798.000000,1798.300000,1796.000000,1796.050000,179
2017-01-11T11:30:00+05:30,1796.050000,1798.000000,1796.050000,1798.000000,105
2017-01-11T11:45:00+05:30,1798.000000,1798.000000,1796.050000,1796.050000,100
2017-01-11T12:00:00+05:30,1797.000000,1797.000000,1795.400000,1797.000000,48
2017-01-11T12:15:00+05:30,1797.000000,1797.000000,1794.000000,1794.000000,76
2017-01-11T12:30:00+05:30,1794.000000,1796.750000,1792.750000,1792.750000,131
2017-01-11T12:45:00+05:30,1795.000000,1796.700000,1795.000000,1796.400000,31
2017-01-11T13:00:00+05:30,1796.400000,1796.400000,1796.400000,1796.400000,0
2017-01-11T13:15:00+05:30,1796.400000,1796.400000,1794.050000,1795.000000,26
2017-01-11T13:30:00+05:30,1795.000000,1797.000000,1795.000000,1797.000000,124
2017-01-11T13:45:00+05:30,1797.000000,1798.500000,1796.600000,1798.500000,109
2017-01-11T14:00:00+05:30,1798.500000,1800.000000,1797.050000,1799.700000,94
2017-01-11T14:15:00+05:30,1799.700000,1799.700000,1795.350000,1797.500000,163
2017-01-11T14:30:00+05:30,1797.500000,1798.800000,1796.100000,1797.000000,135
2017-01-11T14:45:00+05:30,1797.000000,1799.500000,1795.450000,1799.450000,139
2017-01-11T15:00:00+05:30,1799.450000,1800.000000,1794.000000,1799.300000,1068
2017-01-11T15:15:00+05:30,1799.300000,1804.550000,1792.600000,1792.600000,2224
2017-01-12T09:15:00+05:30,1792.200000,1796.950000,1790.200000,1792.300000,90
2017-01-12T09:30:00+05:30,1792.300000,1796.650000,1792.300000,1795.000000,92
2017-01-12T09:45:00+05:30,1795.000000,1796.700000,1793.000000,1795.000000,22
2017-01-12T10:00:00+05:30,1795.000000,1795.000000,1791.000000,1791.000000,78
2017-01-12T10:15:00+05:30,1791.000000,1791.000000,1787.000000,1791.000000,189
2017-01-12T10:30:00+05:30,1791.000000,1791.000000,1790.950000,1791.000000,12
2017-01-12T10:45:00+05:30,1791.000000,1795.950000,1785.000000,1785.000000,119
2017-01-12T11:00:00+05:30,1785.000000,1789.750000,1785.000000,1787.000000,587
2017-01-12T11:15:00+05:30,1787.000000,1787.850000,1783.000000,1787.050000,241
2017-01-12T11:30:00+05:30,1787.050000,1788.550000,1785.500000,1787.350000,33
2017-01-12T11:45:00+05:30,1787.350000,1790.000000,1786.100000,1789.450000,64
2017-01-12T12:00:00+05:30,1789.450000,1789.450000,1786.300000,1786.350000,73
2017-01-12T12:15:00+05:30,1787.850000,1789.500000,1787.850000,1789.500000,16
2017-01-12T12:30:00+05:30,1789.500000,1790.900000,1789.050000,1790.000000,48
2017-01-12T12:45:00+05:30,1790.000000,1790.000000,1786.350000,1788.650000,76
2017-01-12T13:00:00+05:30,1788.650000,1789.500000,1786.400000,1789.500000,17
2017-01-12T13:15:00+05:30,1789.500000,1790.000000,1786.350000,1787.900000,29
2017-01-12T13:30:00+05:30,1787.900000,1790.950000,1786.950000,1790.950000,22
2017-01-12T13:45:00+05:30,1789.000000,1789.000000,1789.000000,1789.000000,19
2017-01-12T14:00:00+05:30,1789.000000,1789.000000,1787.750000,1787.750000,42
2017-01-12T14:15:00+05:30,1787.750000,1788.000000,1787.150000,1788.000000,175
2017-01-12T14:30:00+05:30,1788.000000,1788.250000,1787.150000,1787.150000,105
2017-01-12T14:45:00+05:30,1787.150000,1788.000000,1786.000000,1787.350000,499
2017-01-12T15:00:00+05:30,1787.350000,1796.000000,1785.550000,1790.000000,1299
2017-01-12T15:15:00+05:30,1790.000000,1800.000000,1787.200000,1787.200000,1949
2017-01-13T09:15:00+05:30,1791.050000,1795.800000,1791.050000,1794.000000,62
2017-01-13T09:30:00+05:30,1794.000000,1794.000000,1785.000000,1789.900000,273
2017-01-13T09:45:00+05:30,1789.900000,1789.900000,1783.500000,1789.900000,15
2017-01-13T10:00:00+05:30,1789.900000,1789.900000,1785.000000,1789.650000,78
2017-01-13T10:15:00+05:30,1789.650000,1789.900000,1785.150000,1788.700000,72
2017-01-13T10:30:00+05:30,1788.700000,1791.900000,1788.700000,1790.000000,60
2017-01-13T10:45:00+05:30,1790.000000,1790.800000,1790.000000,1790.800000,21
2017-01-13T11:00:00+05:30,1790.800000,1790.800000,1788.000000,1789.000000,17
2017-01-13T11:15:00+05:30,1789.000000,1790.000000,1788.000000,1789.000000,228
2017-01-13T11:30:00+05:30,1789.000000,1789.000000,1786.100000,1788.300000,92
2017-01-13T11:45:00+05:30,1788.300000,1788.450000,1787.000000,1788.450000,76
2017-01-13T12:00:00+05:30,1788.450000,1790.000000,1787.000000,1790.000000,195
2017-01-13T12:15:00+05:30,1790.000000,1790.000000,1788.600000,1788.600000,2
2017-01-13T12:30:00+05:30,1788.600000,1791.000000,1788.500000,1790.000000,156
2017-01-13T12:45:00+05:30,1790.000000,1790.000000,1787.150000,1787.150000,66
2017-01-13T13:00:00+05:30,1787.150000,1788.500000,1787.150000,1788.500000,16
2017-01-13T13:15:00+05:30,1788.500000,1788.500000,1787.150000,1787.150000,14
2017-01-13T13:30:00+05:30,1787.150000,1789.750000,1787.150000,1788.500000,31
2017-01-13T13:45:00+05:30,1788.500000,1788.500000,1784.300000,1784.300000,214
2017-01-13T14:00:00+05:30,1784.000000,1786.750000,1783.000000,1786.750000,80
2017-01-13T14:15:00+05:30,1786.750000,1786.750000,1782.500000,1783.000000,164
2017-01-13T14:30:00+05:30,1783.000000,1783.000000,1782.150000,1782.150000,20
2017-01-13T14:45:00+05:30,1782.150000,1789.450000,1782.150000,1787.500000,197
2017-01-13T15:00:00+05:30,1787.500000,1788.000000,1782.400000,1786.250000,824
2017-01-13T15:15:00+05:30,1786.250000,1800.000000,1784.100000,1800.000000,2725
2017-01-16T09:15:00+05:30,1809.900000,1809.900000,1792.000000,1793.500000,82
2017-01-16T09:30:00+05:30,1793.500000,1794.950000,1792.000000,1794.950000,123
2017-01-16T09:45:00+05:30,1792.100000,1797.350000,1792.100000,1792.800000,166
2017-01-16T10:00:00+05:30,1792.800000,1795.000000,1792.000000,1792.000000,224
2017-01-16T10:15:00+05:30,1792.000000,1792.000000,1782.200000,1791.700000,268
2017-01-16T10:30:00+05:30,1791.700000,1791.700000,1788.000000,1788.050000,35
2017-01-16T10:45:00+05:30,1788.050000,1794.550000,1788.050000,1794.550000,80
2017-01-16T11:00:00+05:30,1794.550000,1794.550000,1794.550000,1794.550000,0
2017-01-16T11:15:00+05:30,1794.550000,1794.550000,1792.500000,1792.500000,35
2017-01-16T11:30:00+05:30,1792.500000,1792.500000,1790.650000,1790.650000,5
2017-01-16T11:45:00+05:30,1790.650000,1792.500000,1790.650000,1792.500000,1
2017-01-16T12:00:00+05:30,1792.500000,1795.000000,1792.500000,1795.000000,247
2017-01-16T12:15:00+05:30,1795.000000,1795.000000,1793.050000,1793.050000,12
2017-01-16T12:30:00+05:30,1793.050000,1793.050000,1790.000000,1790.100000,165
2017-01-16T12:45:00+05:30,1790.100000,1791.800000,1790.100000,1791.800000,6
2017-01-16T13:00:00+05:30,1791.800000,1791.800000,1791.800000,1791.800000,0
2017-01-16T13:15:00+05:30,1791.800000,1791.800000,1790.150000,1790.150000,140
2017-01-16T13:30:00+05:30,1790.150000,1790.150000,1790.150000,1790.150000,0
2017-01-16T13:45:00+05:30,1790.150000,1799.000000,1790.150000,1799.000000,106
2017-01-16T14:00:00+05:30,1799.000000,1799.850000,1798.750000,1798.750000,5
2017-01-16T14:15:00+05:30,1798.750000,1798.750000,1796.950000,1798.700000,29
2017-01-16T14:30:00+05:30,1798.700000,1798.700000,1790.150000,1790.150000,138
2017-01-16T14:45:00+05:30,1790.150000,1800.000000,1790.150000,1799.900000,985
2017-01-16T15:00:00+05:30,1799.950000,1800.000000,1796.500000,1796.900000,718
2017-01-16T15:15:00+05:30,1796.900000,1800.650000,1792.650000,1794.150000,1962
2017-01-17T09:15:00+05:30,1799.000000,1799.000000,1792.050000,1799.000000,62
2017-01-17T09:30:00+05:30,1799.000000,1800.000000,1794.650000,1799.000000,202
2017-01-17T09:45:00+05:30,1799.000000,1800.000000,1795.300000,1799.600000,40
2017-01-17T10:00:00+05:30,1799.900000,1799.900000,1799.450000,1799.900000,48
2017-01-17T10:15:00+05:30,1799.900000,1799.900000,1799.850000,1799.900000,14
2017-01-17T10:30:00+05:30,1799.900000,1800.000000,1799.900000,1800.000000,313
2017-01-17T10:45:00+05:30,1800.000000,1800.000000,1796.850000,1796.900000,315
2017-01-17T11:00:00+05:30,1796.900000,1796.900000,1796.500000,1796.500000,32
2017-01-17T11:15:00+05:30,1796.500000,1799.850000,1796.500000,1799.850000,15
2017-01-17T11:30:00+05:30,1799.850000,1799.850000,1799.850000,1799.850000,0
2017-01-17T11:45:00+05:30,1799.850000,1799.900000,1799.000000,1799.000000,11
2017-01-17T12:00:00+05:30,1799.000000,1799.400000,1799.000000,1799.350000,35
2017-01-17T12:15:00+05:30,1799.350000,1799.350000,1797.150000,1799.300000,62
2017-01-17T12:30:00+05:30,1799.300000,1799.300000,1791.050000,1798.500000,138
2017-01-17T12:45:00+05:30,1798.500000,1798.500000,1797.900000,1798.000000,50
2017-01-17T13:00:00+05:30,1798.000000,1803.700000,1798.000000,1801.050000,75
2017-01-17T13:15:00+05:30,1801.050000,1802.950000,1798.000000,1800.000000,215
2017-01-17T13:30:00+05:30,1801.000000,1802.500000,1794.550000,1798.900000,199
2017-01-17T13:45:00+05:30,1798.900000,1798.900000,1790.000000,1797.500000,282
2017-01-17T14:00:00+05:30,1797.400000,1797.400000,1794.900000,1794.900000,54
2017-01-17T14:15:00+05:30,1790.000000,1795.600000,1789.550000,1795.400000,146
2017-01-17T14:30:00+05:30,1795.400000,1796.750000,1791.150000,1794.800000,59
2017-01-17T14:45:00+05:30,1794.800000,1796.850000,1791.750000,1791.750000,40
2017-01-17T15:00:00+05:30,1791.750000,1800.000000,1791.750000,1800.000000,521
2017-01-17T15:15:00+05:30,1800.000000,1800.000000,1797.000000,1800.000000,1803
2017-01-18T09:15:00+05:30,1775.000000,1796.250000,1775.000000,1787.250000,317
2017-01-18T09:30:00+05:30,1787.250000,1793.700000,1787.250000,1793.650000,80
2017-01-18T09:45:00+05:30,1793.650000,1796.450000,1787.400000,1787.400000,82
2017-01-18T10:00:00+05:30,1789.600000,1797.700000,1789.300000,1797.700000,143
2017-01-18T10:15:00+05:30,1797.700000,1797.700000,1797.450000,1797.450000,17
2017-01-18T10:30:00+05:30,1797.450000,1797.750000,1793.000000,1793.000000,63
2017-01-18T10:45:00+05:30,1793.000000,1796.350000,1793.000000,1796.350000,36
2017-01-18T11:00:00+05:30,1796.350000,1798.950000,1790.050000,1798.950000,175
2017-01-18T11:15:00+05:30,1798.950000,1798.950000,1794.550000,1797.800000,12
2017-01-18T11:30:00+05:30,1797.800000,1798.150000,1797.800000,1798.150000,5
2017-01-18T11:45:00+05:30,1798.150000,1798.150000,1794.950000,1795.000000,104
2017-01-18T12:00:00+05:30,1796.800000,1796.800000,1790.000000,1794.850000,151
2017-01-18T12:15:00+05:30,1794.850000,1794.850000,1787.050000,1792.350000,83
2017-01-18T12:30:00+05:30,1790.000000,1793.000000,1790.000000,1793.000000,93
2017-01-18T12:45:00+05:30,1793.000000,1798.150000,1792.650000,1798.150000,186
2017-01-18T13:00:00+05:30,1798.150000,1798.150000,1787.050000,1794.050000,238
2017-01-18T13:15:00+05:30,1794.050000,1794.800000,1793.000000,1794.700000,36
2017-01-18T13:30:00+05:30,1794.700000,1794.700000,1794.350000,1794.350000,5
2017-01-18T13:45:00+05:30,1794.350000,1794.350000,1787.300000,1793.750000,30
2017-01-18T14:00:00+05:30,1793.750000,1793.750000,1790.000000,1792.650000,105
2017-01-18T14:15:00+05:30,1792.650000,1792.750000,1791.100000,1792.000000,42
2017-01-18T14:30:00+05:30,1792.000000,1794.600000,1790.200000,1790.200000,183
2017-01-18T14:45:00+05:30,1790.200000,1794.450000,1790.200000,1791.050000,10
2017-01-18T15:00:00+05:30,1791.100000,1798.500000,1790.150000,1798.500000,593
2017-01-18T15:15:00+05:30,1798.500000,1817.900000,1792.200000,1814.500000,3677
2017-01-19T09:15:00+05:30,1810.000000,1815.000000,1807.000000,1809.900000,1536
2017-01-19T09:30:00+05:30,1809.950000,1809.950000,1800.000000,1802.000000,540
2017-01-19T09:45:00+05:30,1802.000000,1802.000000,1796.250000,1797.000000,223
2017-01-19T10:00:00+05:30,1797.000000,1804.750000,1796.400000,1797.650000,289
2017-01-19T10:15:00+05:30,1797.650000,1802.000000,1797.100000,1802.000000,129
2017-01-19T10:30:00+05:30,1802.000000,1803.500000,1799.000000,1802.000000,246
2017-01-19T10:45:00+05:30,1802.000000,1802.000000,1798.900000,1800.000000,457
2017-01-19T11:00:00+05:30,1800.000000,1800.000000,1797.100000,1797.100000,10
2017-01-19T11:15:00+05:30,1797.100000,1800.000000,1797.000000,1800.000000,547
2017-01-19T11:30:00+05:30,1800.000000,1800.000000,1795.600000,1799.750000,1528
2017-01-19T11:45:00+05:30,1799.750000,1800.000000,1797.050000,1799.950000,650
2017-01-19T12:00:00+05:30,1799.950000,1799.950000,1798.000000,1798.000000,10
2017-01-19T12:15:00+05:30,1798.000000,1799.000000,1792.200000,1797.350000,308
2017-01-19T12:30:00+05:30,1797.350000,1798.750000,1794.650000,1797.000000,43
2017-01-19T12:45:00+05:30,1797.000000,1800.000000,1797.000000,1800.000000,429
2017-01-19T13:00:00+05:30,1800.000000,1800.000000,1796.350000,1797.950000,86
2017-01-19T13:15:00+05:30,1797.950000,1797.950000,1797.000000,1797.000000,23
2017-01-19T13:30:00+05:30,1797.000000,1797.000000,1796.500000,1796.500000,76
2017-01-19T13:45:00+05:30,1796.500000,1798.950000,1796.500000,1798.950000,1
2017-01-19T14:00:00+05:30,1798.950000,1798.950000,1794.000000,1794.000000,227
2017-01-19T14:15:00+05:30,1794.000000,1799.150000,1794.000000,1799.150000,1
2017-01-19T14:30:00+05:30,1799.150000,1799.150000,1794.050000,1798.000000,255
2017-01-19T14:45:00+05:30,1798.000000,1798.000000,1794.050000,1796.750000,172
2017-01-19T15:00:00+05:30,1797.000000,1799.550000,1794.250000,1796.300000,596
2017-01-19T15:15:00+05:30,1796.300000,1800.000000,1792.550000,1796.000000,2278
2017-01-20T09:15:00+05:30,1794.950000,1798.800000,1791.000000,1798.400000,70
2017-01-20T09:30:00+05:30,1798.400000,1798.400000,1791.000000,1791.500000,137
2017-01-20T09:45:00+05:30,1791.500000,1792.000000,1791.100000,1791.100000,14
2017-01-20T10:00:00+05:30,1791.100000,1796.800000,1791.100000,1795.900000,29
2017-01-20T10:15:00+05:30,1795.900000,1795.900000,1795.900000,1795.900000,0
2017-01-20T10:30:00+05:30,1795.900000,1795.900000,1792.900000,1792.900000,57
2017-01-20T10:45:00+05:30,1792.900000,1795.900000,1792.900000,1795.900000,10
2017-01-20T11:00:00+05:30,1795.900000,1798.950000,1795.900000,1798.000000,58
2017-01-20T11:15:00+05:30,1798.000000,1799.550000,1796.050000,1796.050000,42
2017-01-20T11:30:00+05:30,1796.050000,1796.300000,1795.900000,1795.900000,101
2017-01-20T11:45:00+05:30,1795.900000,1799.700000,1795.900000,1798.000000,13
2017-01-20T12:00:00+05:30,1798.000000,1799.900000,1793.050000,1793.050000,307
2017-01-20T12:15:00+05:30,1793.050000,1793.050000,1792.900000,1792.900000,24
2017-01-20T12:30:00+05:30,1792.900000,1794.800000,1792.900000,1794.800000,10
2017-01-20T12:45:00+05:30,1792.950000,1792.950000,1791.000000,1791.000000,66
2017-01-20T13:00:00+05:30,1791.000000,1794.750000,1791.000000,1794.750000,42
2017-01-20T13:15:00+05:30,1794.750000,1797.500000,1791.000000,1797.500000,89
2017-01-20T13:30:00+05:30,1797.500000,1797.500000,1793.150000,1793.200000,22
2017-01-20T13:45:00+05:30,1793.200000,1793.200000,1782.050000,1789.950000,312
2017-01-20T14:00:00+05:30,1789.950000,1790.850000,1785.000000,1790.850000,125
2017-01-20T14:15:00+05:30,1790.850000,1790.850000,1783.000000,1785.000000,192
2017-01-20T14:30:00+05:30,1785.000000,1786.450000,1781.200000,1782.100000,140
2017-01-20T14:45:00+05:30,1782.100000,1797.950000,1778.000000,1796.950000,969
2017-01-20T15:00:00+05:30,1793.700000,1796.950000,1786.200000,1794.950000,1081
2017-01-20T15:15:00+05:30,1794.950000,1798.750000,1783.900000,1785.000000,1856
2017-01-23T09:15:00+05:30,1780.000000,1787.000000,1775.050000,1787.000000,63
2017-01-23T09:30:00+05:30,1787.000000,1787.000000,1786.000000,1787.000000,15
2017-01-23T09:45:00+05:30,1787.000000,1788.300000,1787.000000,1788.300000,9
2017-01-23T10:00:00+05:30,1788.300000,1788.300000,1787.300000,1787.900000,13
2017-01-23T10:15:00+05:30,1787.900000,1788.250000,1787.900000,1788.250000,25
2017-01-23T10:30:00+05:30,1788.250000,1788.250000,1788.250000,1788.250000,0
2017-01-23T10:45:00+05:30,1788.250000,1792.000000,1787.300000,1787.300000,67
2017-01-23T11:00:00+05:30,1787.300000,1787.300000,1786.050000,1786.050000,55
2017-01-23T11:15:00+05:30,1786.050000,1786.050000,1786.050000,1786.050000,2
2017-01-23T11:30:00+05:30,1786.050000,1786.100000,1786.000000,1786.000000,35
2017-01-23T11:45:00+05:30,1786.000000,1786.000000,1781.050000,1783.900000,127
2017-01-23T12:00:00+05:30,1783.900000,1788.000000,1781.000000,1781.000000,226
2017-01-23T12:15:00+05:30,1781.000000,1787.700000,1781.000000,1782.000000,714
2017-01-23T12:30:00+05:30,1782.000000,1782.000000,1782.000000,1782.000000,0
2017-01-23T12:45:00+05:30,1782.000000,1787.250000,1782.000000,1782.100000,29
2017-01-23T13:00:00+05:30,1782.100000,1786.400000,1782.100000,1782.700000,60
2017-01-23T13:15:00+05:30,1782.700000,1785.900000,1782.700000,1785.900000,12
2017-01-23T13:30:00+05:30,1785.900000,1785.900000,1783.100000,1783.100000,141
2017-01-23T13:45:00+05:30,1783.100000,1783.150000,1783.100000,1783.100000,4
2017-01-23T14:00:00+05:30,1783.100000,1785.950000,1783.100000,1785.950000,55
2017-01-23T14:15:00+05:30,1785.950000,1787.700000,1785.000000,1786.000000,105
2017-01-23T14:30:00+05:30,1786.000000,1786.950000,1784.000000,1784.200000,99
2017-01-23T14:45:00+05:30,1784.200000,1800.000000,1784.200000,1799.900000,1681
2017-01-23T15:00:00+05:30,1799.900000,1800.000000,1795.400000,1800.000000,1768
2017-01-23T15:15:00+05:30,1800.000000,1800.050000,1795.250000,1800.000000,2691
2017-01-24T09:15:00+05:30,1785.250000,1790.650000,1785.250000,1790.650000,151
2017-01-24T09:30:00+05:30,1790.650000,1794.500000,1785.500000,1787.000000,78
2017-01-24T09:45:00+05:30,1787.000000,1794.000000,1786.000000,1791.450000,152
2017-01-24T10:00:00+05:30,1791.450000,1792.950000,1791.450000,1792.950000,2
2017-01-24T10:15:00+05:30,1792.950000,1793.000000,1790.000000,1793.000000,477
2017-01-24T10:30:00+05:30,1793.000000,1793.000000,1790.000000,1790.000000,155
2017-01-24T10:45:00+05:30,1790.000000,1790.050000,1786.200000,1790.000000,1159
2017-01-24T11:00:00+05:30,1790.000000,1790.000000,1787.450000,1788.950000,48
2017-01-24T11:15:00+05:30,1788.950000,1789.800000,1788.950000,1789.000000,51
2017-01-24T11:30:00+05:30,1789.000000,1789.000000,1789.000000,1789.000000,8
2017-01-24T11:45:00+05:30,1789.000000,1789.750000,1788.000000,1788.150000,66
2017-01-24T12:00:00+05:30,1788.150000,1789.700000,1787.400000,1788.050000,551
2017-01-24T12:15:00+05:30,1785.000000,1789.900000,1785.000000,1789.650000,928
2017-01-24T12:30:00+05:30,1789.650000,1789.650000,1786.300000,1786.500000,220
2017-01-24T12:45:00+05:30,1786.500000,1787.050000,1786.500000,1787.000000,74
2017-01-24T13:00:00+05:30,1787.000000,1789.450000,1787.000000,1789.450000,120
2017-01-24T13:15:00+05:30,1789.450000,1789.450000,1787.000000,1787.000000,65
2017-01-24T13:30:00+05:30,1787.000000,1792.000000,1787.000000,1790.100000,322
2017-01-24T13:45:00+05:30,1790.100000,1792.000000,1787.500000,1787.500000,475
2017-01-24T14:00:00+05:30,1787.500000,1788.750000,1787.500000,1788.750000,13
2017-01-24T14:15:00+05:30,1788.750000,1794.000000,1787.500000,1788.350000,264
2017-01-24T14:30:00+05:30,1788.350000,1793.700000,1788.350000,1790.100000,52
2017-01-24T14:45:00+05:30,1790.100000,1793.000000,1789.000000,1789.000000,136
2017-01-24T15:00:00+05:30,1793.350000,1793.500000,1788.200000,1790.000000,690
2017-01-24T15:15:00+05:30,1790.000000,1799.750000,1785.000000,1792.050000,2550
2017-01-25T09:15:00+05:30,1787.200000,1796.000000,1787.050000,1793.450000,195
2017-01-25T09:30:00+05:30,1793.450000,1793.450000,1793.450000,1793.450000,1
2017-01-25T09:45:00+05:30,1793.450000,1794.650000,1788.150000,1794.650000,264
2017-01-25T10:00:00+05:30,1794.650000,1794.650000,1788.050000,1788.050000,44
2017-01-25T10:15:00+05:30,1788.050000,1790.000000,1788.050000,1790.000000,33
2017-01-25T10:30:00+05:30,1790.000000,1790.000000,1788.300000,1788.300000,82
2017-01-25T10:45:00+05:30,1788.300000,1790.000000,1785.000000,1788.400000,360
2017-01-25T11:00:00+05:30,1788.400000,1790.000000,1788.400000,1790.000000,140
2017-01-25T11:15:00+05:30,1790.000000,1790.000000,1781.150000,1781.800000,504
2017-01-25T11:30:00+05:30,1781.800000,1783.650000,1781.000000,1783.000000,185
2017-01-25T11:45:00+05:30,1783.000000,1784.900000,1781.000000,1784.900000,133
2017-01-25T12:00:00+05:30,1784.900000,1784.900000,1782.250000,1782.250000,494
2017-01-25T12:15:00+05:30,1782.250000,1784.000000,1780.100000,1783.250000,206
2017-01-25T12:30:00+05:30,1783.250000,1783.500000,1778.500000,1780.000000,260
2017-01-25T12:45:00+05:30,1780.000000,1780.000000,1777.650000,1779.900000,64
2017-01-25T13:00:00+05:30,1779.900000,1782.950000,1779.900000,1781.200000,63
2017-01-25T13:15:00+05:30,1781.200000,1782.950000,1781.200000,1782.950000,38
2017-01-25T13:30:00+05:30,1782.950000,1783.800000,1782.950000,1783.800000,8
2017-01-25T13:45:00+05:30,1783.800000,1784.600000,1782.950000,1783.000000,53
2017-01-25T14:00:00+05:30,1783.000000,1784.500000,1775.000000,1777.150000,800
2017-01-25T14:15:00+05:30,1777.150000,1782.950000,1777.150000,1782.950000,40
2017-01-25T14:30:00+05:30,1782.950000,1783.750000,1781.050000,1783.000000,244
2017-01-25T14:45:00+05:30,1783.000000,1784.800000,1781.500000,1784.800000,102
2017-01-25T15:00:00+05:30,1784.800000,1794.500000,1784.750000,1787.600000,719
2017-01-25T15:15:00+05:30,1787.500000,1795.000000,1775.000000,1778.000000,2911
2017-01-27T09:15:00+05:30,1799.700000,1799.700000,1782.800000,1782.800000,158
2017-01-27T09:30:00+05:30,1782.800000,1787.950000,1782.800000,1787.950000,130
2017-01-27T09:45:00+05:30,1787.950000,1788.000000,1783.000000,1786.800000,115
2017-01-27T10:00:00+05:30,1786.800000,1797.850000,1783.050000,1796.300000,442
2017-01-27T10:15:00+05:30,1796.300000,1796.650000,1790.750000,1795.800000,82
2017-01-27T10:30:00+05:30,1795.800000,1795.800000,1784.500000,1789.450000,1495
2017-01-27T10:45:00+05:30,1789.450000,1791.000000,1787.500000,1791.000000,68
2017-01-27T11:00:00+05:30,1791.000000,1793.000000,1791.000000,1792.950000,82
2017-01-27T11:15:00+05:30,1792.950000,1793.000000,1791.850000,1793.000000,77
2017-01-27T11:30:00+05:30,1793.000000,1793.000000,1792.350000,1792.350000,11
2017-01-27T11:45:00+05:30,1792.350000,1800.000000,1790.750000,1795.700000,582
2017-01-27T12:00:00+05:30,1795.700000,1798.000000,1795.500000,1797.950000,97
2017-01-27T12:15:00+05:30,1797.950000,1798.000000,1793.300000,1794.950000,57
2017-01-27T12:30:00+05:30,1794.950000,1795.000000,1790.800000,1790.800000,62
2017-01-27T12:45:00+05:30,1790.800000,1793.000000,1790.800000,1792.100000,54
2017-01-27T13:00:00+05:30,1792.100000,1792.900000,1791.100000,1792.700000,26
2017-01-27T13:15:00+05:30,1792.700000,1793.200000,1791.050000,1791.050000,250
2017-01-27T13:30:00+05:30,1791.050000,1795.000000,1790.000000,1795.000000,184
2017-01-27T13:45:00+05:30,1795.000000,1797.700000,1794.950000,1794.950000,28
2017-01-27T14:00:00+05:30,1794.950000,1797.600000,1794.900000,1796.050000,29
2017-01-27T14:15:00+05:30,1796.050000,1797.500000,1794.000000,1796.100000,66
2017-01-27T14:30:00+05:30,1796.100000,1797.500000,1791.450000,1793.500000,33
2017-01-27T14:45:00+05:30,1793.500000,1799.850000,1793.500000,1798.000000,140
2017-01-27T15:00:00+05:30,1798.000000,1800.000000,1798.000000,1800.000000,970
2017-01-27T15:15:00+05:30,1800.000000,1800.000000,1791.550000,1791.550000,2335
2017-01-30T09:15:00+05:30,1797.000000,1799.000000,1791.200000,1794.050000,66
2017-01-30T09:30:00+05:30,1794.050000,1797.550000,1794.000000,1794.000000,19
2017-01-30T09:45:00+05:30,1794.000000,1797.250000,1790.000000,1794.800000,81
2017-01-30T10:00:00+05:30,1797.350000,1797.350000,1792.850000,1792.850000,78
2017-01-30T10:15:00+05:30,1792.850000,1797.000000,1792.850000,1792.900000,105
2017-01-30T10:30:00+05:30,1792.950000,1796.650000,1792.950000,1795.050000,52
2017-01-30T10:45:00+05:30,1795.050000,1797.000000,1795.050000,1795.050000,161
2017-01-30T11:00:00+05:30,1795.050000,1797.100000,1776.450000,1787.750000,2119
2017-01-30T11:15:00+05:30,1787.750000,1787.750000,1773.650000,1775.000000,997
2017-01-30T11:30:00+05:30,1775.000000,1778.900000,1775.000000,1775.050000,462
2017-01-30T11:45:00+05:30,1775.050000,1778.800000,1775.050000,1778.650000,283
2017-01-30T12:00:00+05:30,1778.650000,1778.650000,1777.000000,1777.050000,122
2017-01-30T12:15:00+05:30,1777.050000,1778.950000,1777.000000,1778.950000,83
2017-01-30T12:30:00+05:30,1778.950000,1779.000000,1778.950000,1779.000000,63
2017-01-30T12:45:00+05:30,1779.000000,1780.500000,1779.000000,1780.000000,101
2017-01-30T13:00:00+05:30,1780.000000,1784.800000,1777.000000,1781.500000,225
2017-01-30T13:15:00+05:30,1781.500000,1781.500000,1778.000000,1781.000000,127
2017-01-30T13:30:00+05:30,1781.000000,1786.900000,1781.000000,1785.350000,112
2017-01-30T13:45:00+05:30,1785.350000,1792.450000,1785.000000,1792.450000,390
2017-01-30T14:00:00+05:30,1792.450000,1794.950000,1786.850000,1790.000000,452
2017-01-30T14:15:00+05:30,1790.000000,1790.000000,1787.550000,1789.550000,45
2017-01-30T14:30:00+05:30,1789.550000,1791.900000,1789.550000,1790.000000,303
2017-01-30T14:45:00+05:30,1790.000000,1791.950000,1790.000000,1791.500000,89
2017-01-30T15:00:00+05:30,1790.000000,1800.000000,1790.000000,1793.000000,650
2017-01-30T15:15:00+05:30,1793.000000,1800.000000,1792.000000,1800.000000,2227
2017-01-31T09:15:00+05:30,1780.000000,1790.250000,1780.000000,1784.900000,471
2017-01-31T09:30:00+05:30,1784.900000,1784.900000,1776.150000,1778.950000,342
2017-01-31T09:45:00+05:30,1778.950000,1784.750000,1774.000000,1774.000000,651
2017-01-31T10:00:00+05:30,1774.000000,1789.950000,1774.000000,1784.950000,459
2017-01-31T10:15:00+05:30,1784.950000,1784.950000,1778.550000,1779.700000,211
2017-01-31T10:30:00+05:30,1779.700000,1780.000000,1778.000000,1778.000000,136
2017-01-31T10:45:00+05:30,1778.000000,1778.200000,1777.550000,1778.000000,136
2017-01-31T11:00:00+05:30,1777.000000,1778.000000,1775.250000,1778.000000,234
2017-01-31T11:15:00+05:30,1778.000000,1778.050000,1775.500000,1775.600000,72
2017-01-31T11:30:00+05:30,1775.600000,1788.000000,1775.500000,1788.000000,322
2017-01-31T11:45:00+05:30,1788.000000,1788.000000,1777.050000,1777.100000,202
2017-01-31T12:00:00+05:30,1777.100000,1778.450000,1775.850000,1776.050000,133
2017-01-31T12:15:00+05:30,1776.050000,1779.350000,1775.000000,1776.000000,387
2017-01-31T12:30:00+05:30,1776.000000,1778.000000,1775.000000,1777.000000,243
2017-01-31T12:45:00+05:30,1777.000000,1777.000000,1771.000000,1772.050000,299
2017-01-31T13:00:00+05:30,1772.050000,1774.450000,1772.050000,1772.300000,102
2017-01-31T13:15:00+05:30,1772.300000,1779.500000,1772.050000,1779.500000,224
2017-01-31T13:30:00+05:30,1779.500000,1780.000000,1774.950000,1777.000000,268
2017-01-31T13:45:00+05:30,1777.000000,1777.300000,1775.350000,1775.350000,137
2017-01-31T14:00:00+05:30,1775.350000,1779.200000,1775.350000,1779.200000,35
2017-01-31T14:15:00+05:30,1779.200000,1783.900000,1778.950000,1783.850000,815
2017-01-31T14:30:00+05:30,1783.850000,1783.850000,1777.000000,1777.400000,207
2017-01-31T14:45:00+05:30,1777.400000,1779.900000,1777.400000,1778.000000,83
2017-01-31T15:00:00+05:30,1778.000000,1784.500000,1776.000000,1782.900000,604
2017-01-31T15:15:00+05:30,1782.900000,1784.650000,1772.100000,1772.100000,1776
2017-02-01T09:15:00+05:30,1770.100000,1781.000000,1770.100000,1779.700000,118
2017-02-01T09:30:00+05:30,1779.700000,1779.700000,1771.900000,1773.000000,186
2017-02-01T09:45:00+05:30,1773.000000,1781.000000,1773.000000,1781.000000,205
2017-02-01T10:00:00+05:30,1781.000000,1781.000000,1780.000000,1780.050000,14
2017-02-01T10:15:00+05:30,1780.050000,1780.050000,1780.000000,1780.000000,25
2017-02-01T10:30:00+05:30,1780.000000,1785.600000,1780.000000,1780.000000,869
2017-02-01T10:45:00+05:30,1780.000000,1781.850000,1780.000000,1780.050000,27
2017-02-01T11:00:00+05:30,1780.050000,1783.850000,1780.000000,1780.000000,36
2017-02-01T11:15:00+05:30,1780.000000,1780.100000,1780.000000,1780.100000,200
2017-02-01T11:30:00+05:30,1780.100000,1780.100000,1780.000000,1780.000000,10
2017-02-01T11:45:00+05:30,1780.000000,1780.100000,1780.000000,1780.050000,886
2017-02-01T12:00:00+05:30,1780.050000,1780.050000,1780.050000,1780.050000,7
2017-02-01T12:15:00+05:30,1780.050000,1783.300000,1780.050000,1780.050000,24
2017-02-01T12:30:00+05:30,1780.050000,1780.100000,1780.050000,1780.100000,15
2017-02-01T12:45:00+05:30,1780.100000,1780.100000,1780.100000,1780.100000,0
2017-02-01T13:00:00+05:30,1780.100000,1783.350000,1780.100000,1780.550000,21
2017-02-01T13:15:00+05:30,1780.550000,1784.000000,1780.550000,1781.200000,41
2017-02-01T13:30:00+05:30,1781.200000,1782.900000,1781.150000,1781.150000,77
2017-02-01T13:45:00+05:30,1781.150000,1782.950000,1781.150000,1781.150000,230
2017-02-01T14:00:00+05:30,1781.150000,1783.000000,1781.150000,1783.000000,35
2017-02-01T14:15:00+05:30,1783.000000,1783.000000,1781.150000,1783.000000,160
2017-02-01T14:30:00+05:30,1781.200000,1788.900000,1781.200000,1787.950000,161
2017-02-01T14:45:00+05:30,1787.950000,1793.000000,1787.950000,1789.400000,199
2017-02-01T15:00:00+05:30,1789.400000,1793.950000,1789.400000,1793.950000,391
2017-02-01T15:15:00+05:30,1793.950000,1800.000000,1790.400000,1800.000000,2164
2017-02-02T09:15:00+05:30,1790.050000,1794.450000,1786.250000,1794.450000,83
2017-02-02T09:30:00+05:30,1794.450000,1794.450000,1789.500000,1789.500000,12
2017-02-02T09:45:00+05:30,1789.500000,1792.000000,1787.150000,1787.250000,64
2017-02-02T10:00:00+05:30,1787.250000,1790.450000,1787.250000,1789.250000,69
2017-02-02T10:15:00+05:30,1789.250000,1790.000000,1787.000000,1789.950000,284
2017-02-02T10:30:00+05:30,1789.950000,1790.450000,1785.000000,1785.000000,322
2017-02-02T10:45:00+05:30,1785.000000,1786.650000,1785.000000,1786.650000,55
2017-02-02T11:00:00+05:30,1786.650000,1787.000000,1786.000000,1786.000000,5
2017-02-02T11:15:00+05:30,1786.000000,1788.000000,1785.650000,1785.650000,8
2017-02-02T11:30:00+05:30,1785.650000,1791.800000,1785.650000,1786.200000,73
2017-02-02T11:45:00+05:30,1786.200000,1790.800000,1786.200000,1787.200000,9
2017-02-02T12:00:00+05:30,1787.200000,1791.800000,1787.200000,1791.750000,87
2017-02-02T12:15:00+05:30,1791.750000,1794.450000,1788.600000,1794.400000,68
2017-02-02T12:30:00+05:30,1794.400000,1797.450000,1790.000000,1795.000000,10045
2017-02-02T12:45:00+05:30,1795.000000,1796.250000,1791.000000,1791.000000,75
2017-02-02T13:00:00+05:30,1791.000000,1792.100000,1791.000000,1792.100000,6
2017-02-02T13:15:00+05:30,1792.100000,1794.900000,1792.100000,1794.900000,22
2017-02-02T13:30:00+05:30,1794.900000,1794.950000,1794.000000,1794.000000,18
2017-02-02T13:45:00+05:30,1794.000000,1795.900000,1792.100000,1795.900000,80
2017-02-02T14:00:00+05:30,1795.900000,1795.900000,1792.000000,1792.000000,105
2017-02-02T14:15:00+05:30,1792.000000,1796.050000,1792.000000,1792.000000,353
2017-02-02T14:30:00+05:30,1792.000000,1794.000000,1790.000000,1790.000000,872
2017-02-02T14:45:00+05:30,1790.000000,1792.000000,1788.000000,1790.000000,200
2017-02-02T15:00:00+05:30,1790.000000,1792.000000,1790.000000,1792.000000,624
2017-02-02T15:15:00+05:30,1792.000000,1792.000000,1788.000000,1788.150000,1463
2017-02-03T09:15:00+05:30,1791.950000,1791.950000,1788.000000,1788.000000,107
2017-02-03T09:30:00+05:30,1788.000000,1788.000000,1782.000000,1787.050000,245
2017-02-03T09:45:00+05:30,1787.050000,1790.950000,1780.200000,1782.750000,164
2017-02-03T10:00:00+05:30,1782.750000,1791.950000,1782.750000,1790.300000,54
2017-02-03T10:15:00+05:30,1790.300000,1790.300000,1785.100000,1785.350000,71
2017-02-03T10:30:00+05:30,1785.350000,1785.550000,1782.200000,1785.550000,67
2017-02-03T10:45:00+05:30,1784.000000,1785.800000,1780.000000,1780.000000,350
2017-02-03T11:00:00+05:30,1784.400000,1788.000000,1781.550000,1785.500000,231
2017-02-03T11:15:00+05:30,1785.500000,1788.000000,1778.850000,1778.850000,547
2017-02-03T11:30:00+05:30,1778.850000,1779.800000,1778.100000,1778.100000,257
2017-02-03T11:45:00+05:30,1778.100000,1780.000000,1778.100000,1780.000000,235
2017-02-03T12:00:00+05:30,1778.350000,1782.950000,1778.150000,1782.950000,404
2017-02-03T12:15:00+05:30,1782.950000,1783.050000,1781.050000,1783.050000,54
2017-02-03T12:30:00+05:30,1783.050000,1783.800000,1783.000000,1783.800000,16
2017-02-03T12:45:00+05:30,1783.800000,1785.000000,1779.000000,1780.000000,888
2017-02-03T13:00:00+05:30,1780.000000,1780.000000,1779.000000,1780.000000,172
2017-02-03T13:15:00+05:30,1780.000000,1780.000000,1778.100000,1778.100000,32
2017-02-03T13:30:00+05:30,1778.100000,1780.000000,1778.100000,1780.000000,162
2017-02-03T13:45:00+05:30,1780.000000,1780.000000,1777.000000,1778.000000,111
2017-02-03T14:00:00+05:30,1778.000000,1780.000000,1778.000000,1779.900000,110
2017-02-03T14:15:00+05:30,1779.150000,1779.950000,1776.000000,1777.000000,359
2017-02-03T14:30:00+05:30,1777.000000,1779.950000,1777.000000,1779.950000,83
2017-02-03T14:45:00+05:30,1779.950000,1780.000000,1778.650000,1780.000000,121
2017-02-03T15:00:00+05:30,1780.000000,1782.000000,1778.000000,1779.650000,586
2017-02-03T15:15:00+05:30,1779.650000,1780.000000,1777.000000,1777.000000,2208
2017-02-06T09:15:00+05:30,1798.000000,1798.000000,1785.150000,1789.950000,139
2017-02-06T09:30:00+05:30,1789.950000,1789.950000,1780.000000,1781.500000,174
2017-02-06T09:45:00+05:30,1781.500000,1783.600000,1781.000000,1781.050000,55
2017-02-06T10:00:00+05:30,1777.000000,1783.450000,1777.000000,1780.900000,135
2017-02-06T10:15:00+05:30,1780.900000,1781.800000,1772.400000,1781.750000,235
2017-02-06T10:30:00+05:30,1781.750000,1783.000000,1779.000000,1779.000000,146
2017-02-06T10:45:00+05:30,1779.000000,1782.200000,1775.500000,1781.950000,734
2017-02-06T11:00:00+05:30,1781.950000,1781.950000,1775.650000,1781.750000,113
2017-02-06T11:15:00+05:30,1781.750000,1784.000000,1780.100000,1784.000000,468
2017-02-06T11:30:00+05:30,1784.000000,1789.000000,1784.000000,1784.950000,308
2017-02-06T11:45:00+05:30,1784.950000,1785.000000,1778.000000,1783.000000,652
2017-02-06T12:00:00+05:30,1783.000000,1784.750000,1781.400000,1781.400000,16
2017-02-06T12:15:00+05:30,1781.400000,1787.900000,1781.200000,1782.050000,183
2017-02-06T12:30:00+05:30,1782.050000,1785.000000,1782.050000,1785.000000,76
2017-02-06T12:45:00+05:30,1785.000000,1787.850000,1784.000000,1784.000000,138
2017-02-06T13:00:00+05:30,1784.000000,1786.000000,1782.100000,1786.000000,572
2017-02-06T13:15:00+05:30,1782.200000,1785.950000,1782.200000,1785.950000,132
2017-02-06T13:30:00+05:30,1785.950000,1786.000000,1782.350000,1782.350000,106
2017-02-06T13:45:00+05:30,1782.350000,1782.350000,1777.000000,1777.100000,298
2017-02-06T14:00:00+05:30,1777.100000,1778.000000,1777.000000,1778.000000,15
2017-02-06T14:15:00+05:30,1778.000000,1778.550000,1778.000000,1778.000000,16
2017-02-06T14:30:00+05:30,1778.000000,1778.000000,1775.050000,1775.050000,85
2017-02-06T14:45:00+05:30,1775.050000,1779.100000,1773.650000,1775.000000,214
2017-02-06T15:00:00+05:30,1775.000000,1779.200000,1773.500000,1779.150000,417
2017-02-06T15:15:00+05:30,1779.150000,1780.000000,1772.600000,1775.000000,2372
2017-02-07T09:15:00+05:30,1779.000000,1787.950000,1775.050000,1779.150000,221
2017-02-07T09:30:00+05:30,1776.950000,1780.000000,1771.100000,1772.050000,237
2017-02-07T09:45:00+05:30,1772.050000,1776.000000,1772.050000,1775.050000,339
2017-02-07T10:00:00+05:30,1775.050000,1776.000000,1774.900000,1774.950000,142
2017-02-07T10:15:00+05:30,1774.000000,1774.900000,1770.000000,1771.400000,432
2017-02-07T10:30:00+05:30,1771.400000,1772.950000,1768.850000,1771.750000,500
2017-02-07T10:45:00+05:30,1771.750000,1775.650000,1771.750000,1772.000000,106
2017-02-07T11:00:00+05:30,1773.800000,1775.750000,1773.800000,1775.750000,47
2017-02-07T11:15:00+05:30,1775.750000,1775.800000,1775.750000,1775.800000,2
2017-02-07T11:30:00+05:30,1775.800000,1775.800000,1773.350000,1773.350000,109
2017-02-07T11:45:00+05:30,1773.350000,1776.400000,1773.350000,1775.000000,34
2017-02-07T12:00:00+05:30,1775.000000,1775.000000,1773.400000,1775.000000,39
2017-02-07T12:15:00+05:30,1775.000000,1775.000000,1773.450000,1775.000000,16
2017-02-07T12:30:00+05:30,1775.000000,1775.000000,1773.350000,1773.350000,108
2017-02-07T12:45:00+05:30,1773.350000,1775.000000,1773.350000,1775.000000,149
2017-02-07T13:00:00+05:30,1775.000000,1775.000000,1771.000000,1772.000000,721
2017-02-07T13:15:00+05:30,1772.000000,1772.000000,1767.300000,1767.300000,470
2017-02-07T13:30:00+05:30,1767.300000,1769.950000,1765.100000,1767.500000,85
2017-02-07T13:45:00+05:30,1767.500000,1770.000000,1767.500000,1769.950000,35
2017-02-07T14:00:00+05:30,1769.950000,1770.700000,1764.000000,1764.000000,464
2017-02-07T14:15:00+05:30,1764.000000,1769.950000,1761.600000,1768.100000,387
2017-02-07T14:30:00+05:30,1768.100000,1768.950000,1760.000000,1765.100000,448
2017-02-07T14:45:00+05:30,1765.100000,1768.800000,1765.100000,1768.750000,147
2017-02-07T15:00:00+05:30,1768.750000,1769.900000,1765.000000,1768.000000,125
2017-02-07T15:15:00+05:30,1768.000000,1772.000000,1765.000000,1765.000000,1161
2017-02-08T09:15:00+05:30,1785.000000,1785.000000,1755.000000,1761.950000,209
2017-02-08T09:30:00+05:30,1761.950000,1769.000000,1761.950000,1765.000000,144
2017-02-08T09:45:00+05:30,1765.000000,1766.600000,1760.500000,1762.100000,126
2017-02-08T10:00:00+05:30,1762.100000,1767.250000,1762.000000,1765.000000,100
2017-02-08T10:15:00+05:30,1764.000000,1765.000000,1762.050000,1762.050000,57
2017-02-08T10:30:00+05:30,1762.050000,1763.000000,1762.050000,1763.000000,41
2017-02-08T10:45:00+05:30,1763.000000,1763.000000,1760.250000,1760.250000,146
2017-02-08T11:00:00+05:30,1761.000000,1768.000000,1760.000000,1765.000000,445
2017-02-08T11:15:00+05:30,1765.000000,1765.000000,1761.300000,1761.300000,223
2017-02-08T11:30:00+05:30,1761.300000,1763.250000,1761.300000,1763.200000,20
2017-02-08T11:45:00+05:30,1763.200000,1763.200000,1761.000000,1761.500000,8
2017-02-08T12:00:00+05:30,1761.500000,1763.250000,1756.050000,1758.200000,242
2017-02-08T12:15:00+05:30,1758.200000,1762.900000,1758.000000,1759.000000,181
2017-02-08T12:30:00+05:30,1759.000000,1763.800000,1759.000000,1760.100000,69
2017-02-08T12:45:00+05:30,1760.100000,1765.000000,1760.100000,1765.000000,61
2017-02-08T13:00:00+05:30,1765.000000,1767.900000,1762.450000,1764.000000,53
2017-02-08T13:15:00+05:30,1764.000000,1764.750000,1761.100000,1761.100000,9
2017-02-08T13:30:00+05:30,1761.100000,1765.000000,1761.100000,1761.150000,17
2017-02-08T13:45:00+05:30,1761.150000,1765.750000,1761.150000,1765.750000,12
2017-02-08T14:00:00+05:30,1765.750000,1765.750000,1762.150000,1762.150000,2
2017-02-08T14:15:00+05:30,1764.850000,1766.000000,1762.150000,1762.300000,43
2017-02-08T14:30:00+05:30,1762.300000,1763.950000,1761.300000,1763.950000,4
2017-02-08T14:45:00+05:30,1763.950000,1763.950000,1758.000000,1758.000000,441
2017-02-08T15:00:00+05:30,1758.000000,1766.900000,1756.000000,1758.900000,379
2017-02-08T15:15:00+05:30,1758.900000,1765.950000,1755.150000,1761.850000,1345
2017-02-09T09:15:00+05:30,1758.500000,1772.000000,1758.050000,1772.000000,223
2017-02-09T09:30:00+05:30,1772.000000,1772.000000,1761.000000,1764.950000,233
2017-02-09T09:45:00+05:30,1764.950000,1764.950000,1762.950000,1762.950000,136
2017-02-09T10:00:00+05:30,1762.950000,1763.000000,1760.250000,1763.000000,52
2017-02-09T10:15:00+05:30,1763.000000,1763.000000,1763.000000,1763.000000,0
2017-02-09T10:30:00+05:30,1763.000000,1763.050000,1761.050000,1763.050000,28
2017-02-09T10:45:00+05:30,1763.050000,1765.000000,1762.000000,1762.000000,46
2017-02-09T11:00:00+05:30,1762.000000,1766.300000,1762.000000,1766.300000,125
2017-02-09T11:15:00+05:30,1766.300000,1766.300000,1765.000000,1765.200000,135
2017-02-09T11:30:00+05:30,1765.200000,1770.000000,1764.100000,1765.000000,530
2017-02-09T11:45:00+05:30,1765.000000,1766.600000,1761.900000,1761.950000,448
2017-02-09T12:00:00+05:30,1761.950000,1763.750000,1758.300000,1763.750000,573
2017-02-09T12:15:00+05:30,1763.800000,1763.800000,1762.900000,1762.900000,21
2017-02-09T12:30:00+05:30,1762.900000,1763.350000,1762.900000,1762.900000,45
2017-02-09T12:45:00+05:30,1762.900000,1765.000000,1760.150000,1761.450000,469
2017-02-09T13:00:00+05:30,1761.450000,1763.400000,1761.450000,1762.000000,140
2017-02-09T13:15:00+05:30,1762.000000,1762.000000,1760.000000,1761.000000,251
2017-02-09T13:30:00+05:30,1761.000000,1761.900000,1761.000000,1761.900000,10
2017-02-09T13:45:00+05:30,1760.150000,1761.600000,1760.150000,1760.150000,20
2017-02-09T14:00:00+05:30,1760.150000,1762.000000,1760.150000,1762.000000,20
2017-02-09T14:15:00+05:30,1762.000000,1762.000000,1760.150000,1762.000000,41
2017-02-09T14:30:00+05:30,1762.000000,1762.500000,1760.000000,1762.500000,37
2017-02-09T14:45:00+05:30,1762.500000,1762.500000,1760.000000,1761.950000,622
2017-02-09T15:00:00+05:30,1761.950000,1765.000000,1760.250000,1765.000000,208
2017-02-09T15:15:00+05:30,1765.000000,1765.000000,1760.550000,1765.000000,1857
2017-02-10T09:15:00+05:30,1765.000000,1765.000000,1760.000000,1763.000000,269
2017-02-10T09:30:00+05:30,1760.050000,1764.000000,1760.050000,1764.000000,92
2017-02-10T09:45:00+05:30,1762.000000,1765.000000,1762.000000,1765.000000,264
2017-02-10T10:00:00+05:30,1765.000000,1765.000000,1764.000000,1764.000000,41
2017-02-10T10:15:00+05:30,1764.950000,1765.000000,1761.150000,1761.150000,326
2017-02-10T10:30:00+05:30,1761.150000,1762.000000,1760.000000,1761.000000,335
2017-02-10T10:45:00+05:30,1761.000000,1762.800000,1760.150000,1762.800000,27
2017-02-10T11:00:00+05:30,1762.800000,1762.800000,1748.800000,1750.400000,1044
2017-02-10T11:15:00+05:30,1750.400000,1754.000000,1748.950000,1750.000000,511
2017-02-10T11:30:00+05:30,1750.000000,1750.000000,1746.600000,1750.000000,633
2017-02-10T11:45:00+05:30,1750.000000,1752.050000,1750.000000,1752.000000,616
2017-02-10T12:00:00+05:30,1752.000000,1752.350000,1749.200000,1749.200000,216
2017-02-10T12:15:00+05:30,1749.200000,1753.600000,1749.200000,1750.000000,471
2017-02-10T12:30:00+05:30,1750.000000,1752.000000,1750.000000,1750.000000,127
2017-02-10T12:45:00+05:30,1750.000000,1750.000000,1749.200000,1750.000000,30
2017-02-10T13:00:00+05:30,1750.000000,1750.000000,1746.100000,1746.100000,223
2017-02-10T13:15:00+05:30,1746.100000,1749.950000,1746.100000,1747.000000,245
2017-02-10T13:30:00+05:30,1747.000000,1749.600000,1747.000000,1749.450000,181
2017-02-10T13:45:00+05:30,1749.450000,1749.450000,1743.400000,1744.950000,663
2017-02-10T14:00:00+05:30,1744.950000,1746.750000,1743.400000,1746.750000,664
2017-02-10T14:15:00+05:30,1746.750000,1746.750000,1743.000000,1744.950000,100
2017-02-10T14:30:00+05:30,1744.950000,1744.950000,1736.450000,1738.000000,1743
2017-02-10T14:45:00+05:30,1738.000000,1738.850000,1737.050000,1738.700000,510
2017-02-10T15:00:00+05:30,1738.700000,1740.000000,1732.000000,1735.000000,1389
2017-02-10T15:15:00+05:30,1737.850000,1740.000000,1733.200000,1737.000000,1765
2017-02-13T09:15:00+05:30,1738.550000,1759.800000,1738.500000,1741.950000,283
2017-02-13T09:30:00+05:30,1741.950000,1749.000000,1741.950000,1743.000000,46
2017-02-13T09:45:00+05:30,1743.000000,1749.000000,1743.000000,1745.000000,305
2017-02-13T10:00:00+05:30,1744.300000,1748.500000,1744.300000,1745.550000,59
2017-02-13T10:15:00+05:30,1745.550000,1755.300000,1745.000000,1755.050000,134
2017-02-13T10:30:00+05:30,1755.050000,1758.950000,1748.800000,1750.100000,32
2017-02-13T10:45:00+05:30,1750.100000,1752.000000,1750.100000,1752.000000,10
2017-02-13T11:00:00+05:30,1752.000000,1753.950000,1752.000000,1753.650000,137
2017-02-13T11:15:00+05:30,1753.650000,1753.650000,1750.000000,1750.000000,399
2017-02-13T11:30:00+05:30,1750.000000,1750.000000,1745.000000,1745.000000,357
2017-02-13T11:45:00+05:30,1745.000000,1747.050000,1745.000000,1747.050000,49
2017-02-13T12:00:00+05:30,1747.050000,1747.050000,1741.000000,1743.050000,74
2017-02-13T12:15:00+05:30,1743.050000,1746.750000,1739.050000,1740.000000,293
2017-02-13T12:30:00+05:30,1740.000000,1740.400000,1738.500000,1738.500000,195
2017-02-13T12:45:00+05:30,1738.500000,1740.000000,1738.000000,1740.000000,213
2017-02-13T13:00:00+05:30,1740.000000,1740.000000,1735.000000,1736.750000,335
2017-02-13T13:15:00+05:30,1736.750000,1739.950000,1736.750000,1739.800000,16
2017-02-13T13:30:00+05:30,1739.800000,1740.000000,1739.800000,1740.000000,16
2017-02-13T13:45:00+05:30,1740.000000,1740.000000,1737.050000,1740.000000,119
2017-02-13T14:00:00+05:30,1740.000000,1740.000000,1739.800000,1740.000000,100
2017-02-13T14:15:00+05:30,1740.000000,1740.000000,1737.050000,1740.000000,36
2017-02-13T14:30:00+05:30,1740.000000,1740.000000,1738.300000,1738.300000,15
2017-02-13T14:45:00+05:30,1738.300000,1740.000000,1736.750000,1740.000000,159
2017-02-13T15:00:00+05:30,1740.000000,1740.000000,1737.000000,1737.000000,518
2017-02-13T15:15:00+05:30,1737.000000,1755.000000,1732.000000,1740.000000,2313
2017-02-14T09:15:00+05:30,1740.000000,1743.050000,1740.000000,1740.050000,129
2017-02-14T09:30:00+05:30,1740.050000,1742.550000,1740.000000,1742.200000,150
2017-02-14T09:45:00+05:30,1742.200000,1748.000000,1742.200000,1747.000000,568
2017-02-14T10:00:00+05:30,1747.000000,1748.000000,1740.600000,1742.000000,349
2017-02-14T10:15:00+05:30,1742.000000,1743.950000,1742.000000,1743.600000,10
2017-02-14T10:30:00+05:30,1743.600000,1744.900000,1741.050000,1744.900000,20
2017-02-14T10:45:00+05:30,1744.900000,1744.900000,1741.150000,1744.750000,64
2017-02-14T11:00:00+05:30,1744.750000,1744.750000,1741.500000,1743.800000,5
2017-02-14T11:15:00+05:30,1743.800000,1745.050000,1742.750000,1745.000000,90
2017-02-14T11:30:00+05:30,1745.000000,1745.550000,1741.550000,1741.550000,193
2017-02-14T11:45:00+05:30,1741.550000,1743.800000,1741.550000,1743.800000,3
2017-02-14T12:00:00+05:30,1743.800000,1745.700000,1741.550000,1744.350000,42
2017-02-14T12:15:00+05:30,1744.350000,1744.350000,1742.000000,1744.300000,69
2017-02-14T12:30:00+05:30,1744.300000,1744.300000,1741.450000,1743.900000,74
2017-02-14T12:45:00+05:30,1743.900000,1744.350000,1742.950000,1742.950000,30
2017-02-14T13:00:00+05:30,1742.950000,1743.000000,1742.950000,1743.000000,3
2017-02-14T13:15:00+05:30,1743.000000,1744.350000,1742.100000,1744.350000,29
2017-02-14T13:30:00+05:30,1744.350000,1744.350000,1742.100000,1742.150000,37
2017-02-14T13:45:00+05:30,1742.150000,1742.150000,1742.150000,1742.150000,0
2017-02-14T14:00:00+05:30,1742.150000,1745.750000,1742.050000,1745.750000,128
2017-02-14T14:15:00+05:30,1745.750000,1747.850000,1740.550000,1741.750000,498
2017-02-14T14:30:00+05:30,1741.750000,1743.750000,1741.750000,1742.950000,119
2017-02-14T14:45:00+05:30,1742.950000,1742.950000,1741.000000,1741.000000,111
2017-02-14T15:00:00+05:30,1741.000000,1741.950000,1740.000000,1741.950000,527
2017-02-14T15:15:00+05:30,1741.950000,1747.950000,1738.500000,1741.500000,2606
2017-02-15T09:15:00+05:30,1749.000000,1749.000000,1736.600000,1738.750000,97
2017-02-15T09:30:00+05:30,1738.750000,1739.900000,1736.650000,1737.200000,33
2017-02-15T09:45:00+05:30,1738.000000,1742.350000,1738.000000,1740.000000,24
2017-02-15T10:00:00+05:30,1740.000000,1744.000000,1737.200000,1741.600000,172
2017-02-15T10:15:00+05:30,1740.050000,1740.050000,1737.150000,1737.200000,55
2017-02-15T10:30:00+05:30,1737.200000,1737.200000,1737.150000,1737.150000,15
2017-02-15T10:45:00+05:30,1737.150000,1739.350000,1737.150000,1739.350000,35
2017-02-15T11:00:00+05:30,1739.350000,1740.000000,1738.000000,1738.000000,265
2017-02-15T11:15:00+05:30,1738.000000,1738.000000,1731.150000,1731.200000,109
2017-02-15T11:30:00+05:30,1732.000000,1736.500000,1730.000000,1730.000000,154
2017-02-15T11:45:00+05:30,1730.000000,1730.000000,1729.950000,1730.000000,14
2017-02-15T12:00:00+05:30,1730.000000,1736.900000,1722.600000,1730.000000,214
2017-02-15T12:15:00+05:30,1730.000000,1730.000000,1717.000000,1718.000000,540
2017-02-15T12:30:00+05:30,1718.000000,1723.450000,1717.000000,1720.050000,333
2017-02-15T12:45:00+05:30,1720.050000,1723.500000,1709.500000,1710.100000,740
2017-02-15T13:00:00+05:30,1710.100000,1718.900000,1710.100000,1718.900000,76
2017-02-15T13:15:00+05:30,1718.900000,1718.900000,1710.050000,1715.350000,344
2017-02-15T13:30:00+05:30,1715.350000,1724.800000,1715.350000,1722.000000,95
2017-02-15T13:45:00+05:30,1722.000000,1723.000000,1715.350000,1723.000000,130
2017-02-15T14:00:00+05:30,1723.000000,1723.000000,1722.650000,1723.000000,74
2017-02-15T14:15:00+05:30,1723.000000,1725.050000,1715.200000,1717.200000,233
2017-02-15T14:30:00+05:30,1717.200000,1725.950000,1715.700000,1718.950000,67
2017-02-15T14:45:00+05:30,1718.950000,1718.950000,1716.200000,1716.250000,38
2017-02-15T15:00:00+05:30,1716.250000,1722.700000,1715.000000,1715.000000,454
2017-02-15T15:15:00+05:30,1715.000000,1721.350000,1711.000000,1715.000000,2146
2017-02-16T09:15:00+05:30,1716.100000,1719.050000,1715.000000,1715.000000,103
2017-02-16T09:30:00+05:30,1715.000000,1716.000000,1711.000000,1711.100000,85
2017-02-16T09:45:00+05:30,1711.100000,1716.000000,1711.100000,1714.950000,172
2017-02-16T10:00:00+05:30,1714.950000,1715.000000,1714.000000,1715.000000,8
2017-02-16T10:15:00+05:30,1715.000000,1715.000000,1712.000000,1713.450000,52
2017-02-16T10:30:00+05:30,1713.450000,1714.000000,1713.250000,1714.000000,76
2017-02-16T10:45:00+05:30,1714.000000,1714.000000,1713.000000,1714.000000,122
2017-02-16T11:00:00+05:30,1714.000000,1715.000000,1714.000000,1715.000000,63
2017-02-16T11:15:00+05:30,1715.000000,1717.950000,1715.000000,1717.950000,174
2017-02-16T11:30:00+05:30,1717.950000,1718.950000,1715.000000,1718.000000,102
2017-02-16T11:45:00+05:30,1718.000000,1718.000000,1716.500000,1717.600000,81
2017-02-16T12:00:00+05:30,1717.600000,1718.000000,1714.500000,1718.000000,142
2017-02-16T12:15:00+05:30,1718.000000,1718.000000,1716.550000,1717.950000,23
2017-02-16T12:30:00+05:30,1717.950000,1718.000000,1716.500000,1718.000000,95
2017-02-16T12:45:00+05:30,1718.000000,1718.000000,1716.500000,1718.000000,50
2017-02-16T13:00:00+05:30,1717.950000,1717.950000,1715.000000,1715.350000,30
2017-02-16T13:15:00+05:30,1715.350000,1717.000000,1715.350000,1717.000000,146
2017-02-16T13:30:00+05:30,1717.000000,1717.450000,1717.000000,1717.450000,5
2017-02-16T13:45:00+05:30,1718.000000,1719.050000,1718.000000,1718.950000,176
2017-02-16T14:00:00+05:30,1718.950000,1724.800000,1718.950000,1720.150000,622
2017-02-16T14:15:00+05:30,1720.150000,1722.950000,1719.500000,1720.150000,47
2017-02-16T14:30:00+05:30,1720.150000,1722.800000,1720.150000,1722.800000,6
2017-02-16T14:45:00+05:30,1722.600000,1730.000000,1722.600000,1730.000000,289
2017-02-16T15:00:00+05:30,1730.000000,1735.000000,1728.650000,1732.550000,461
2017-02-16T15:15:00+05:30,1732.550000,1733.000000,1725.150000,1729.000000,2390
2017-02-17T09:15:00+05:30,1734.950000,1734.950000,1721.000000,1730.650000,54
2017-02-17T09:30:00+05:30,1730.650000,1732.900000,1728.600000,1728.600000,77
2017-02-17T09:45:00+05:30,1728.600000,1737.050000,1728.600000,1733.000000,91
2017-02-17T10:00:00+05:30,1732.150000,1732.150000,1730.000000,1731.750000,48
2017-02-17T10:15:00+05:30,1731.750000,1731.750000,1726.000000,1727.250000,22
2017-02-17T10:30:00+05:30,1727.250000,1730.000000,1726.000000,1726.850000,64
2017-02-17T10:45:00+05:30,1726.850000,1730.000000,1726.850000,1730.000000,21
2017-02-17T11:00:00+05:30,1730.000000,1730.950000,1726.000000,1730.950000,29
2017-02-17T11:15:00+05:30,1730.950000,1731.750000,1730.000000,1731.750000,29
2017-02-17T11:30:00+05:30,1731.750000,1731.950000,1730.050000,1731.950000,31
2017-02-17T11:45:00+05:30,1731.950000,1735.000000,1731.950000,1735.000000,157
2017-02-17T12:00:00+05:30,1735.000000,1735.000000,1735.000000,1735.000000,40
2017-02-17T12:15:00+05:30,1735.000000,1736.000000,1730.100000,1734.500000,58
2017-02-17T12:30:00+05:30,1734.500000,1737.050000,1734.500000,1737.050000,232
2017-02-17T12:45:00+05:30,1737.050000,1737.050000,1735.000000,1735.000000,47
2017-02-17T13:00:00+05:30,1735.000000,1737.450000,1735.000000,1735.050000,57
2017-02-17T13:15:00+05:30,1735.050000,1736.950000,1735.000000,1736.950000,21
2017-02-17T13:30:00+05:30,1736.950000,1746.000000,1736.950000,1740.000000,364
2017-02-17T13:45:00+05:30,1740.000000,1740.250000,1740.000000,1740.250000,17
2017-02-17T14:00:00+05:30,1740.250000,1740.950000,1736.000000,1737.850000,468
2017-02-17T14:15:00+05:30,1737.850000,1737.850000,1737.000000,1737.000000,39
2017-02-17T14:30:00+05:30,1737.000000,1737.000000,1737.000000,1737.000000,17
2017-02-17T14:45:00+05:30,1737.000000,1739.900000,1735.950000,1738.100000,136
2017-02-17T15:00:00+05:30,1738.100000,1738.950000,1732.800000,1738.850000,153
2017-02-17T15:15:00+05:30,1738.850000,1750.000000,1730.000000,1730.300000,2885
2017-02-20T09:15:00+05:30,1760.000000,1760.000000,1734.000000,1737.000000,122
2017-02-20T09:30:00+05:30,1737.000000,1743.500000,1737.000000,1743.000000,137
2017-02-20T09:45:00+05:30,1743.000000,1749.800000,1741.600000,1742.400000,43
2017-02-20T10:00:00+05:30,1742.400000,1743.000000,1740.000000,1740.000000,20
2017-02-20T10:15:00+05:30,1740.000000,1743.000000,1739.050000,1740.050000,235
2017-02-20T10:30:00+05:30,1740.050000,1740.350000,1735.500000,1738.550000,86
2017-02-20T10:45:00+05:30,1738.550000,1742.000000,1738.000000,1739.300000,136
2017-02-20T11:00:00+05:30,1739.300000,1742.000000,1737.000000,1737.000000,273
2017-02-20T11:15:00+05:30,1741.650000,1741.650000,1730.000000,1736.700000,112
2017-02-20T11:30:00+05:30,1736.700000,1737.300000,1731.500000,1731.650000,92
2017-02-20T11:45:00+05:30,1731.650000,1733.100000,1730.500000,1730.650000,128
2017-02-20T12:00:00+05:30,1730.650000,1740.950000,1730.650000,1737.000000,69
2017-02-20T12:15:00+05:30,1737.000000,1737.000000,1735.050000,1735.050000,236
2017-02-20T12:30:00+05:30,1735.050000,1738.800000,1733.450000,1733.450000,80
2017-02-20T12:45:00+05:30,1733.450000,1735.000000,1733.000000,1735.000000,119
2017-02-20T13:00:00+05:30,1735.000000,1735.000000,1735.000000,1735.000000,15
2017-02-20T13:15:00+05:30,1735.000000,1735.000000,1735.000000,1735.000000,50
2017-02-20T13:30:00+05:30,1735.000000,1735.000000,1732.000000,1732.000000,156
2017-02-20T13:45:00+05:30,1732.000000,1732.500000,1730.000000,1732.500000,41
2017-02-20T14:00:00+05:30,1732.500000,1732.500000,1732.500000,1732.500000,4
2017-02-20T14:15:00+05:30,1732.500000,1738.850000,1732.500000,1738.850000,66
2017-02-20T14:30:00+05:30,1738.850000,1738.850000,1732.500000,1732.500000,16
2017-02-20T14:45:00+05:30,1732.500000,1738.750000,1732.100000,1732.500000,142
2017-02-20T15:00:00+05:30,1732.500000,1739.950000,1732.200000,1737.200000,215
2017-02-20T15:15:00+05:30,1737.200000,1748.950000,1736.050000,1736.050000,2466
2017-02-21T09:15:00+05:30,1735.150000,1740.900000,1731.050000,1736.100000,53
2017-02-21T09:30:00+05:30,1736.100000,1755.000000,1733.850000,1753.200000,122
2017-02-21T09:45:00+05:30,1753.200000,1753.200000,1745.100000,1745.100000,13
2017-02-21T10:00:00+05:30,1745.100000,1747.100000,1745.050000,1745.500000,117
2017-02-21T10:15:00+05:30,1745.500000,1745.500000,1745.500000,1745.500000,22
2017-02-21T10:30:00+05:30,1745.500000,1748.600000,1740.100000,1740.100000,139
2017-02-21T10:45:00+05:30,1740.100000,1740.100000,1740.000000,1740.000000,1
2017-02-21T11:00:00+05:30,1740.000000,1743.950000,1737.050000,1743.950000,6
2017-02-21T11:15:00+05:30,1743.950000,1744.000000,1740.000000,1740.000000,63
2017-02-21T11:30:00+05:30,1740.000000,1744.150000,1740.000000,1744.150000,3
2017-02-21T11:45:00+05:30,1744.150000,1744.200000,1744.150000,1744.200000,9
2017-02-21T12:00:00+05:30,1744.200000,1744.200000,1740.050000,1740.050000,37
2017-02-21T12:15:00+05:30,1740.050000,1742.250000,1737.200000,1741.000000,133
2017-02-21T12:30:00+05:30,1741.000000,1745.650000,1740.050000,1742.500000,58
2017-02-21T12:45:00+05:30,1742.500000,1744.650000,1735.700000,1736.250000,137
2017-02-21T13:00:00+05:30,1736.250000,1741.750000,1736.250000,1738.700000,48
2017-02-21T13:15:00+05:30,1738.700000,1741.500000,1738.700000,1741.500000,41
2017-02-21T13:30:00+05:30,1741.500000,1741.750000,1741.000000,1741.750000,31
2017-02-21T13:45:00+05:30,1741.750000,1748.850000,1741.750000,1748.850000,40
2017-02-21T14:00:00+05:30,1748.850000,1748.850000,1745.000000,1745.050000,45
2017-02-21T14:15:00+05:30,1748.850000,1749.800000,1741.500000,1743.700000,477
2017-02-21T14:30:00+05:30,1743.700000,1746.500000,1743.700000,1745.450000,189
2017-02-21T14:45:00+05:30,1745.450000,1745.450000,1743.500000,1743.950000,140
2017-02-21T15:00:00+05:30,1743.950000,1745.000000,1738.700000,1740.000000,10381
2017-02-21T15:15:00+05:30,1740.000000,1756.500000,1739.000000,1756.000000,1841
2017-02-22T09:15:00+05:30,1745.050000,1754.200000,1745.050000,1750.050000,321
2017-02-22T09:30:00+05:30,1750.050000,1754.450000,1750.050000,1753.000000,40
2017-02-22T09:45:00+05:30,1753.000000,1754.400000,1750.000000,1750.000000,72
2017-02-22T10:00:00+05:30,1750.000000,1756.250000,1750.000000,1756.000000,180
2017-02-22T10:15:00+05:30,1756.000000,1756.000000,1750.000000,1750.700000,48
2017-02-22T10:30:00+05:30,1750.700000,1750.700000,1748.000000,1748.000000,180
2017-02-22T10:45:00+05:30,1748.000000,1750.000000,1748.000000,1748.250000,162
2017-02-22T11:00:00+05:30,1748.250000,1750.000000,1748.000000,1748.000000,125
2017-02-22T11:15:00+05:30,1748.000000,1748.000000,1746.750000,1746.750000,98
2017-02-22T11:30:00+05:30,1746.750000,1748.000000,1746.750000,1746.750000,36
2017-02-22T11:45:00+05:30,1746.750000,1748.700000,1746.750000,1748.700000,27
2017-02-22T12:00:00+05:30,1748.750000,1750.000000,1748.750000,1750.000000,184
2017-02-22T12:15:00+05:30,1750.000000,1750.650000,1748.000000,1750.650000,120
2017-02-22T12:30:00+05:30,1750.650000,1753.950000,1748.000000,1750.000000,51
2017-02-22T12:45:00+05:30,1750.000000,1750.000000,1750.000000,1750.000000,54
2017-02-22T13:00:00+05:30,1750.000000,1750.000000,1750.000000,1750.000000,53
2017-02-22T13:15:00+05:30,1750.000000,1752.000000,1748.000000,1748.000000,111
2017-02-22T13:30:00+05:30,1748.000000,1749.000000,1748.000000,1748.000000,71
2017-02-22T13:45:00+05:30,1748.000000,1750.000000,1748.000000,1750.000000,10
2017-02-22T14:00:00+05:30,1750.000000,1752.000000,1748.000000,1748.000000,219
2017-02-22T14:15:00+05:30,1748.000000,1751.950000,1746.000000,1748.500000,208
2017-02-22T14:30:00+05:30,1748.500000,1749.900000,1746.050000,1746.050000,121
2017-02-22T14:45:00+05:30,1746.050000,1748.000000,1746.050000,1748.000000,13
2017-02-22T15:00:00+05:30,1748.000000,1784.850000,1746.400000,1778.000000,5283
2017-02-22T15:15:00+05:30,1777.000000,1798.000000,1770.000000,1770.050000,7331
2017-02-23T09:15:00+05:30,1765.050000,1779.300000,1765.050000,1770.000000,78
2017-02-23T09:30:00+05:30,1770.000000,1780.000000,1770.000000,1780.000000,667
2017-02-23T09:45:00+05:30,1780.000000,1780.000000,1775.000000,1778.850000,198
2017-02-23T10:00:00+05:30,1778.850000,1778.850000,1769.850000,1769.850000,77
2017-02-23T10:15:00+05:30,1769.850000,1780.000000,1769.850000,1779.950000,678
2017-02-23T10:30:00+05:30,1779.950000,1779.950000,1772.350000,1779.800000,118
2017-02-23T10:45:00+05:30,1779.800000,1779.800000,1777.700000,1777.700000,20
2017-02-23T11:00:00+05:30,1777.700000,1779.700000,1766.050000,1775.250000,105
2017-02-23T11:15:00+05:30,1775.250000,1775.250000,1770.000000,1775.000000,31
2017-02-23T11:30:00+05:30,1775.000000,1775.000000,1771.000000,1771.000000,3
2017-02-23T11:45:00+05:30,1771.000000,1775.000000,1771.000000,1775.000000,125
2017-02-23T12:00:00+05:30,1775.000000,1778.950000,1767.850000,1773.950000,252
2017-02-23T12:15:00+05:30,1773.950000,1775.000000,1767.900000,1774.950000,18
2017-02-23T12:30:00+05:30,1774.950000,1775.000000,1774.950000,1775.000000,19
2017-02-23T12:45:00+05:30,1775.000000,1775.000000,1768.000000,1775.000000,59
2017-02-23T13:00:00+05:30,1775.000000,1775.000000,1771.800000,1771.800000,6
2017-02-23T13:15:00+05:30,1771.800000,1774.400000,1770.000000,1770.050000,265
2017-02-23T13:30:00+05:30,1770.050000,1775.000000,1770.050000,1775.000000,10
2017-02-23T13:45:00+05:30,1775.000000,1775.000000,1770.250000,1774.900000,2
2017-02-23T14:00:00+05:30,1774.900000,1774.900000,1770.500000,1774.500000,112
2017-02-23T14:15:00+05:30,1774.500000,1774.500000,1772.000000,1772.000000,6
2017-02-23T14:30:00+05:30,1772.000000,1774.850000,1772.000000,1774.850000,27
2017-02-23T14:45:00+05:30,1774.850000,1779.500000,1772.150000,1775.700000,655
2017-02-23T15:00:00+05:30,1778.000000,1778.000000,1771.000000,1773.950000,2360
2017-02-23T15:15:00+05:30,1773.950000,1780.000000,1769.950000,1780.000000,2371
2017-02-27T09:15:00+05:30,1772.900000,1772.900000,1761.050000,1769.600000,59
2017-02-27T09:30:00+05:30,1769.600000,1770.000000,1764.000000,1764.200000,21
2017-02-27T09:45:00+05:30,1764.200000,1767.000000,1764.200000,1767.000000,10
2017-02-27T10:00:00+05:30,1767.000000,1767.000000,1762.000000,1762.000000,149
2017-02-27T10:15:00+05:30,1762.000000,1771.150000,1761.700000,1771.150000,36
2017-02-27T10:30:00+05:30,1771.150000,1771.150000,1763.500000,1763.500000,23
2017-02-27T10:45:00+05:30,1763.500000,1763.600000,1752.600000,1755.000000,176
2017-02-27T11:00:00+05:30,1755.000000,1756.000000,1755.000000,1755.900000,23
2017-02-27T11:15:00+05:30,1755.900000,1759.750000,1755.900000,1756.700000,26
2017-02-27T11:30:00+05:30,1756.700000,1762.950000,1756.700000,1762.950000,169
2017-02-27T11:45:00+05:30,1762.950000,1763.000000,1760.100000,1760.100000,17
2017-02-27T12:00:00+05:30,1760.100000,1761.500000,1755.500000,1756.000000,576
2017-02-27T12:15:00+05:30,1756.000000,1760.000000,1756.000000,1760.000000,15
2017-02-27T12:30:00+05:30,1760.000000,1760.000000,1757.200000,1757.200000,28
2017-02-27T12:45:00+05:30,1757.200000,1762.800000,1757.200000,1761.000000,134
2017-02-27T13:00:00+05:30,1761.000000,1761.000000,1757.350000,1759.000000,137
2017-02-27T13:15:00+05:30,1759.000000,1760.000000,1758.350000,1758.350000,17
2017-02-27T13:30:00+05:30,1758.350000,1760.000000,1758.000000,1760.000000,150
2017-02-27T13:45:00+05:30,1760.000000,1762.650000,1760.000000,1760.000000,30
2017-02-27T14:00:00+05:30,1760.000000,1760.000000,1759.750000,1760.000000,77
2017-02-27T14:15:00+05:30,1759.950000,1765.550000,1757.150000,1757.150000,852
2017-02-27T14:30:00+05:30,1759.900000,1762.950000,1757.200000,1760.000000,1490
2017-02-27T14:45:00+05:30,1760.000000,1760.000000,1757.000000,1759.700000,134
2017-02-27T15:00:00+05:30,1759.700000,1760.000000,1756.250000,1759.900000,297
2017-02-27T15:15:00+05:30,1759.900000,1760.000000,1757.000000,1760.000000,954
2017-02-28T09:15:00+05:30,1758.200000,1770.000000,1754.050000,1766.600000,130
2017-02-28T09:30:00+05:30,1766.600000,1769.600000,1760.000000,1760.000000,128
2017-02-28T09:45:00+05:30,1760.000000,1760.000000,1760.000000,1760.000000,0
2017-02-28T10:00:00+05:30,1760.000000,1760.000000,1756.200000,1759.150000,92
2017-02-28T10:15:00+05:30,1759.150000,1759.150000,1754.200000,1754.200000,103
2017-02-28T10:30:00+05:30,1754.200000,1756.000000,1751.000000,1755.000000,125
2017-02-28T10:45:00+05:30,1755.000000,1759.800000,1755.000000,1759.800000,38
2017-02-28T11:00:00+05:30,1760.000000,1760.000000,1751.700000,1751.700000,167
2017-02-28T11:15:00+05:30,1751.700000,1756.000000,1751.700000,1756.000000,157
2017-02-28T11:30:00+05:30,1756.000000,1756.000000,1755.050000,1755.050000,10
2017-02-28T11:45:00+05:30,1755.050000,1755.750000,1752.000000,1755.500000,149
2017-02-28T12:00:00+05:30,1755.500000,1755.500000,1753.000000,1753.000000,52
2017-02-28T12:15:00+05:30,1753.000000,1753.000000,1752.000000,1752.000000,99
2017-02-28T12:30:00+05:30,1752.000000,1752.000000,1751.350000,1751.350000,10
2017-02-28T12:45:00+05:30,1751.350000,1751.350000,1751.200000,1751.350000,55
2017-02-28T13:00:00+05:30,1751.350000,1754.450000,1751.350000,1754.450000,15
2017-02-28T13:15:00+05:30,1754.450000,1754.450000,1751.250000,1751.250000,3
2017-02-28T13:30:00+05:30,1751.250000,1753.650000,1751.100000,1753.650000,192
2017-02-28T13:45:00+05:30,1753.650000,1757.000000,1753.650000,1757.000000,28
2017-02-28T14:00:00+05:30,1757.000000,1757.000000,1754.000000,1754.250000,13
2017-02-28T14:15:00+05:30,1754.250000,1754.250000,1751.100000,1751.550000,76
2017-02-28T14:30:00+05:30,1751.550000,1755.000000,1751.550000,1755.000000,3
2017-02-28T14:45:00+05:30,1751.650000,1754.550000,1751.650000,1754.550000,159
2017-02-28T15:00:00+05:30,1754.550000,1760.000000,1754.550000,1760.000000,1713
2017-02-28T15:15:00+05:30,1760.000000,1763.000000,1751.000000,1751.000000,2553
2017-03-01T09:15:00+05:30,1752.000000,1760.000000,1752.000000,1759.750000,30
2017-03-01T09:30:00+05:30,1759.750000,1760.000000,1753.850000,1754.200000,204
2017-03-01T09:45:00+05:30,1754.200000,1756.000000,1753.500000,1754.000000,50
2017-03-01T10:00:00+05:30,1754.000000,1757.650000,1754.000000,1757.650000,15
2017-03-01T10:15:00+05:30,1757.650000,1757.650000,1755.000000,1757.450000,23
2017-03-01T10:30:00+05:30,1757.450000,1757.450000,1757.450000,1757.450000,0
2017-03-01T10:45:00+05:30,1757.450000,1757.450000,1753.500000,1753.500000,100
2017-03-01T11:00:00+05:30,1753.500000,1757.000000,1753.500000,1757.000000,23
2017-03-01T11:15:00+05:30,1757.000000,1757.000000,1751.550000,1751.600000,99
2017-03-01T11:30:00+05:30,1751.600000,1760.000000,1751.600000,1759.950000,239
2017-03-01T11:45:00+05:30,1759.950000,1762.000000,1758.050000,1760.000000,201
2017-03-01T12:00:00+05:30,1760.000000,1760.000000,1758.000000,1760.000000,394
2017-03-01T12:15:00+05:30,1760.000000,1760.000000,1758.200000,1760.000000,102
2017-03-01T12:30:00+05:30,1760.000000,1760.000000,1758.150000,1760.000000,30
2017-03-01T12:45:00+05:30,1760.000000,1762.000000,1755.000000,1762.000000,362
2017-03-01T13:00:00+05:30,1762.000000,1762.000000,1759.000000,1761.000000,255
2017-03-01T13:15:00+05:30,1761.000000,1761.000000,1761.000000,1761.000000,0
2017-03-01T13:30:00+05:30,1761.000000,1761.000000,1759.000000,1759.000000,47
2017-03-01T13:45:00+05:30,1759.000000,1759.000000,1759.000000,1759.000000,13
2017-03-01T14:00:00+05:30,1759.000000,1760.000000,1759.000000,1759.950000,11
2017-03-01T14:15:00+05:30,1759.950000,1762.000000,1759.950000,1762.000000,216
2017-03-01T14:30:00+05:30,1762.000000,1762.000000,1759.250000,1759.250000,32
2017-03-01T14:45:00+05:30,1759.250000,1761.000000,1759.250000,1760.000000,213
2017-03-01T15:00:00+05:30,1760.000000,1769.900000,1759.000000,1764.500000,3514
2017-03-01T15:15:00+05:30,1764.500000,1768.000000,1755.000000,1755.000000,3699
2017-03-02T09:15:00+05:30,1751.000000,1762.950000,1751.000000,1759.700000,232
2017-03-02T09:30:00+05:30,1759.700000,1763.000000,1754.250000,1756.600000,304
2017-03-02T09:45:00+05:30,1756.700000,1759.750000,1756.700000,1759.700000,38
2017-03-02T10:00:00+05:30,1759.700000,1759.700000,1754.550000,1759.450000,141
2017-03-02T10:15:00+05:30,1755.000000,1756.800000,1755.000000,1756.800000,21
2017-03-02T10:30:00+05:30,1756.800000,1759.450000,1755.000000,1755.100000,27
2017-03-02T10:45:00+05:30,1755.100000,1756.950000,1755.050000,1756.850000,87
2017-03-02T11:00:00+05:30,1756.850000,1756.850000,1755.050000,1755.900000,64
2017-03-02T11:15:00+05:30,1755.900000,1756.900000,1755.450000,1756.900000,175
2017-03-02T11:30:00+05:30,1756.900000,1756.950000,1755.450000,1755.450000,25
2017-03-02T11:45:00+05:30,1755.450000,1759.000000,1755.450000,1759.000000,155
2017-03-02T12:00:00+05:30,1759.000000,1759.000000,1755.000000,1755.000000,549
2017-03-02T12:15:00+05:30,1755.000000,1756.800000,1753.000000,1753.000000,201
2017-03-02T12:30:00+05:30,1753.000000,1754.850000,1752.150000,1754.750000,46
2017-03-02T12:45:00+05:30,1752.150000,1753.500000,1751.800000,1751.850000,265
2017-03-02T13:00:00+05:30,1751.850000,1751.850000,1740.050000,1748.000000,501
2017-03-02T13:15:00+05:30,1748.000000,1748.000000,1742.050000,1742.100000,348
2017-03-02T13:30:00+05:30,1742.100000,1747.350000,1742.050000,1742.050000,18
2017-03-02T13:45:00+05:30,1742.050000,1746.000000,1742.050000,1745.850000,39
2017-03-02T14:00:00+05:30,1745.850000,1745.900000,1741.250000,1741.250000,113
2017-03-02T14:15:00+05:30,1741.250000,1745.450000,1738.000000,1739.950000,647
2017-03-02T14:30:00+05:30,1739.950000,1741.750000,1738.300000,1741.750000,102
2017-03-02T14:45:00+05:30,1741.750000,1744.950000,1740.300000,1743.900000,266
2017-03-02T15:00:00+05:30,1743.850000,1755.000000,1743.850000,1753.550000,1943
2017-03-02T15:15:00+05:30,1753.550000,1775.000000,1752.000000,1759.000000,5065
2017-03-03T09:15:00+05:30,1750.000000,1755.550000,1741.000000,1749.000000,46
2017-03-03T09:30:00+05:30,1749.000000,1755.600000,1749.000000,1755.600000,31
2017-03-03T09:45:00+05:30,1755.600000,1755.600000,1755.600000,1755.600000,0
2017-03-03T10:00:00+05:30,1755.600000,1755.600000,1750.000000,1750.050000,4
2017-03-03T10:15:00+05:30,1750.050000,1750.050000,1743.200000,1749.000000,52
2017-03-03T10:30:00+05:30,1749.000000,1750.000000,1749.000000,1750.000000,37
2017-03-03T10:45:00+05:30,1750.000000,1755.750000,1750.000000,1753.650000,102
2017-03-03T11:00:00+05:30,1751.850000,1753.650000,1751.000000,1751.000000,30
2017-03-03T11:15:00+05:30,1751.000000,1753.650000,1748.000000,1752.050000,31
2017-03-03T11:30:00+05:30,1752.050000,1755.000000,1750.450000,1755.000000,21
2017-03-03T11:45:00+05:30,1755.000000,1756.600000,1752.150000,1754.000000,75
2017-03-03T12:00:00+05:30,1754.000000,1754.000000,1752.500000,1752.500000,16
2017-03-03T12:15:00+05:30,1752.500000,1752.500000,1750.000000,1750.000000,15
2017-03-03T12:30:00+05:30,1750.000000,1754.150000,1750.000000,1750.000000,13
2017-03-03T12:45:00+05:30,1750.000000,1755.650000,1750.000000,1755.000000,28
2017-03-03T13:00:00+05:30,1755.000000,1757.000000,1755.000000,1757.000000,54
2017-03-03T13:15:00+05:30,1757.100000,1760.000000,1755.700000,1759.000000,89
2017-03-03T13:30:00+05:30,1759.000000,1759.000000,1755.700000,1756.000000,80
2017-03-03T13:45:00+05:30,1756.000000,1756.000000,1740.000000,1745.000000,432
2017-03-03T14:00:00+05:30,1743.200000,1745.000000,1740.000000,1740.000000,629
2017-03-03T14:15:00+05:30,1740.000000,1744.450000,1740.000000,1740.000000,485
2017-03-03T14:30:00+05:30,1740.000000,1752.850000,1740.000000,1745.000000,763
2017-03-03T14:45:00+05:30,1745.000000,1745.000000,1740.000000,1741.000000,438
2017-03-03T15:00:00+05:30,1741.000000,1745.000000,1739.000000,1743.000000,1430
2017-03-03T15:15:00+05:30,1743.000000,1744.000000,1733.000000,1735.950000,1562
2017-03-06T09:15:00+05:30,1734.050000,1747.950000,1734.050000,1747.950000,274
2017-03-06T09:30:00+05:30,1747.950000,1748.000000,1740.000000,1745.950000,214
2017-03-06T09:45:00+05:30,1744.000000,1745.950000,1738.300000,1744.350000,112
2017-03-06T10:00:00+05:30,1744.350000,1744.750000,1740.150000,1744.700000,13
2017-03-06T10:15:00+05:30,1744.700000,1744.950000,1740.000000,1740.000000,178
2017-03-06T10:30:00+05:30,1740.000000,1743.700000,1738.150000,1740.950000,122
2017-03-06T10:45:00+05:30,1740.950000,1741.750000,1738.250000,1741.750000,142
2017-03-06T11:00:00+05:30,1741.750000,1741.750000,1737.000000,1741.000000,83
2017-03-06T11:15:00+05:30,1741.000000,1741.000000,1731.000000,1735.000000,1028
2017-03-06T11:30:00+05:30,1735.000000,1738.500000,1727.400000,1733.350000,114
2017-03-06T11:45:00+05:30,1733.350000,1739.650000,1733.000000,1738.950000,580
2017-03-06T12:00:00+05:30,1738.950000,1738.950000,1735.050000,1736.500000,7
2017-03-06T12:15:00+05:30,1736.500000,1737.000000,1735.950000,1736.850000,364
2017-03-06T12:30:00+05:30,1736.850000,1737.750000,1735.000000,1735.000000,36
2017-03-06T12:45:00+05:30,1735.000000,1740.000000,1735.000000,1740.000000,92
2017-03-06T13:00:00+05:30,1740.000000,1740.500000,1740.000000,1740.500000,98
2017-03-06T13:15:00+05:30,1740.500000,1741.000000,1736.700000,1741.000000,60
2017-03-06T13:30:00+05:30,1741.000000,1741.000000,1741.000000,1741.000000,22
2017-03-06T13:45:00+05:30,1741.000000,1741.000000,1736.200000,1736.200000,11
2017-03-06T14:00:00+05:30,1736.200000,1737.050000,1734.950000,1735.000000,158
2017-03-06T14:15:00+05:30,1735.000000,1735.000000,1733.000000,1734.950000,190
2017-03-06T14:30:00+05:30,1734.950000,1735.000000,1734.900000,1735.000000,193
2017-03-06T14:45:00+05:30,1738.950000,1739.000000,1733.000000,1735.100000,476
2017-03-06T15:00:00+05:30,1735.100000,1737.950000,1726.100000,1728.000000,1408
2017-03-06T15:15:00+05:30,1728.000000,1760.000000,1725.000000,1757.750000,1904
2017-03-07T09:15:00+05:30,1741.200000,1755.950000,1741.200000,1746.300000,72
2017-03-07T09:30:00+05:30,1746.300000,1747.000000,1742.000000,1742.000000,136
2017-03-07T09:45:00+05:30,1742.000000,1745.900000,1742.000000,1742.500000,226
2017-03-07T10:00:00+05:30,1742.500000,1744.750000,1742.500000,1742.650000,11
2017-03-07T10:15:00+05:30,1742.650000,1742.650000,1742.650000,1742.650000,0
2017-03-07T10:30:00+05:30,1742.650000,1742.650000,1742.650000,1742.650000,7
2017-03-07T10:45:00+05:30,1742.650000,1742.650000,1742.650000,1742.650000,0
2017-03-07T11:00:00+05:30,1742.650000,1743.500000,1742.650000,1743.500000,2
2017-03-07T11:15:00+05:30,1743.500000,1743.500000,1742.000000,1742.950000,34
2017-03-07T11:30:00+05:30,1742.950000,1743.000000,1742.950000,1743.000000,3
2017-03-07T11:45:00+05:30,1743.000000,1743.000000,1741.250000,1741.250000,24
2017-03-07T12:00:00+05:30,1740.000000,1740.000000,1737.950000,1738.000000,73
2017-03-07T12:15:00+05:30,1738.000000,1743.000000,1737.000000,1741.250000,265
2017-03-07T12:30:00+05:30,1741.250000,1741.250000,1740.000000,1740.000000,24
2017-03-07T12:45:00+05:30,1740.000000,1741.250000,1737.900000,1741.250000,84
2017-03-07T13:00:00+05:30,1741.250000,1741.250000,1738.500000,1740.000000,128
2017-03-07T13:15:00+05:30,1740.000000,1740.000000,1738.500000,1738.500000,140
2017-03-07T13:30:00+05:30,1738.500000,1738.500000,1735.000000,1735.000000,363
2017-03-07T13:45:00+05:30,1735.000000,1739.950000,1735.000000,1739.950000,8
2017-03-07T14:00:00+05:30,1739.950000,1740.000000,1737.000000,1737.000000,71
2017-03-07T14:15:00+05:30,1737.000000,1740.000000,1737.000000,1740.000000,62
2017-03-07T14:30:00+05:30,1740.000000,1740.000000,1735.100000,1736.000000,47
2017-03-07T14:45:00+05:30,1736.000000,1740.000000,1736.000000,1739.950000,99
2017-03-07T15:00:00+05:30,1739.950000,1748.000000,1739.000000,1743.000000,3909
2017-03-07T15:15:00+05:30,1743.000000,1745.000000,1736.150000,1736.150000,2758
2017-03-08T09:15:00+05:30,1743.000000,1745.000000,1740.050000,1741.450000,166
2017-03-08T09:30:00+05:30,1741.450000,1741.450000,1733.950000,1737.000000,305
2017-03-08T09:45:00+05:30,1737.000000,1739.800000,1735.000000,1736.750000,65
2017-03-08T10:00:00+05:30,1736.700000,1737.000000,1735.000000,1735.000000,386
2017-03-08T10:15:00+05:30,1735.000000,1735.000000,1735.000000,1735.000000,668
2017-03-08T10:30:00+05:30,1735.000000,1736.750000,1735.000000,1736.750000,20
2017-03-08T10:45:00+05:30,1736.750000,1737.900000,1735.000000,1735.050000,37
2017-03-08T11:00:00+05:30,1735.050000,1737.900000,1735.050000,1735.050000,5
2017-03-08T11:15:00+05:30,1735.050000,1737.900000,1735.000000,1737.900000,106
2017-03-08T11:30:00+05:30,1737.900000,1737.900000,1735.000000,1735.000000,172
2017-03-08T11:45:00+05:30,1735.000000,1735.000000,1735.000000,1735.000000,0
2017-03-08T12:00:00+05:30,1735.000000,1735.000000,1735.000000,1735.000000,100
2017-03-08T12:15:00+05:30,1735.000000,1737.000000,1735.000000,1735.000000,20
2017-03-08T12:30:00+05:30,1735.000000,1737.000000,1735.000000,1737.000000,10
2017-03-08T12:45:00+05:30,1737.000000,1737.000000,1737.000000,1737.000000,1
2017-03-08T13:00:00+05:30,1737.000000,1737.000000,1735.000000,1736.900000,62
2017-03-08T13:15:00+05:30,1736.900000,1736.900000,1736.900000,1736.900000,0
2017-03-08T13:30:00+05:30,1736.900000,1740.000000,1736.500000,1740.000000,22
2017-03-08T13:45:00+05:30,1740.000000,1740.000000,1740.000000,1740.000000,3
2017-03-08T14:00:00+05:30,1740.000000,1740.000000,1740.000000,1740.000000,0
2017-03-08T14:15:00+05:30,1740.000000,1740.000000,1735.000000,1735.000000,40
2017-03-08T14:30:00+05:30,1735.000000,1737.850000,1735.000000,1735.100000,178
2017-03-08T14:45:00+05:30,1735.100000,1736.150000,1735.100000,1736.150000,3
2017-03-08T15:00:00+05:30,1736.150000,1740.000000,1736.150000,1739.900000,1995
2017-03-08T15:15:00+05:30,1739.900000,1740.000000,1736.900000,1740.000000,1429
2017-03-09T09:15:00+05:30,1730.200000,1738.950000,1730.200000,1738.950000,23
2017-03-09T09:30:00+05:30,1738.950000,1740.000000,1738.000000,1738.000000,16
2017-03-09T09:45:00+05:30,1738.000000,1738.000000,1732.000000,1732.000000,116
2017-03-09T10:00:00+05:30,1732.000000,1733.450000,1732.000000,1733.200000,7
2017-03-09T10:15:00+05:30,1733.200000,1740.000000,1733.000000,1733.000000,88
2017-03-09T10:30:00+05:30,1733.000000,1734.750000,1733.000000,1734.750000,3
2017-03-09T10:45:00+05:30,1734.750000,1736.900000,1730.850000,1730.850000,132
2017-03-09T11:00:00+05:30,1730.850000,1730.850000,1730.850000,1730.850000,0
2017-03-09T11:15:00+05:30,1730.850000,1736.950000,1730.850000,1736.950000,67
2017-03-09T11:30:00+05:30,1736.950000,1736.950000,1736.950000,1736.950000,10
2017-03-09T11:45:00+05:30,1736.950000,1737.500000,1736.950000,1737.450000,47
2017-03-09T12:00:00+05:30,1737.450000,1739.200000,1730.850000,1731.100000,587
2017-03-09T12:15:00+05:30,1731.100000,1738.450000,1731.100000,1738.450000,38
2017-03-09T12:30:00+05:30,1738.450000,1739.000000,1738.450000,1739.000000,76
2017-03-09T12:45:00+05:30,1739.000000,1739.950000,1737.600000,1737.600000,13
2017-03-09T13:00:00+05:30,1737.550000,1738.800000,1736.000000,1738.800000,39
2017-03-09T13:15:00+05:30,1738.800000,1739.950000,1738.800000,1739.950000,20
2017-03-09T13:30:00+05:30,1739.950000,1739.950000,1736.500000,1738.000000,33
2017-03-09T13:45:00+05:30,1738.000000,1738.000000,1736.500000,1736.500000,134
2017-03-09T14:00:00+05:30,1736.500000,1738.000000,1736.050000,1738.000000,106
2017-03-09T14:15:00+05:30,1738.000000,1738.000000,1736.000000,1737.950000,18
2017-03-09T14:30:00+05:30,1737.950000,1737.950000,1737.950000,1737.950000,0
2017-03-09T14:45:00+05:30,1737.950000,1740.000000,1737.950000,1738.050000,550
2017-03-09T15:00:00+05:30,1738.050000,1739.000000,1736.100000,1738.950000,528
2017-03-09T15:15:00+05:30,1738.950000,1745.200000,1730.000000,1735.000000,1833
2017-03-10T09:15:00+05:30,1735.000000,1739.900000,1735.000000,1739.900000,52
2017-03-10T09:30:00+05:30,1739.900000,1739.900000,1733.050000,1733.150000,75
2017-03-10T09:45:00+05:30,1733.150000,1739.900000,1733.150000,1739.900000,80
2017-03-10T10:00:00+05:30,1739.900000,1739.900000,1734.100000,1737.950000,30
2017-03-10T10:15:00+05:30,1737.950000,1738.000000,1737.950000,1738.000000,75
2017-03-10T10:30:00+05:30,1738.000000,1738.000000,1723.000000,1724.450000,477
2017-03-10T10:45:00+05:30,1724.450000,1736.750000,1720.000000,1735.400000,226
2017-03-10T11:00:00+05:30,1735.400000,1735.400000,1732.750000,1732.800000,17
2017-03-10T11:15:00+05:30,1732.800000,1733.050000,1732.800000,1733.050000,5
2017-03-10T11:30:00+05:30,1733.050000,1734.050000,1732.650000,1732.650000,80
2017-03-10T11:45:00+05:30,1732.650000,1732.650000,1729.900000,1730.000000,86
2017-03-10T12:00:00+05:30,1730.000000,1730.000000,1728.000000,1728.000000,35
2017-03-10T12:15:00+05:30,1728.000000,1729.400000,1722.000000,1729.300000,376
2017-03-10T12:30:00+05:30,1729.300000,1729.300000,1725.000000,1725.000000,62
2017-03-10T12:45:00+05:30,1725.000000,1728.750000,1725.000000,1728.550000,21
2017-03-10T13:00:00+05:30,1728.550000,1728.550000,1728.000000,1728.000000,24
2017-03-10T13:15:00+05:30,1728.000000,1730.000000,1726.000000,1726.000000,42
2017-03-10T13:30:00+05:30,1726.000000,1729.950000,1726.000000,1729.950000,43
2017-03-10T13:45:00+05:30,1729.950000,1730.000000,1729.950000,1730.000000,50
2017-03-10T14:00:00+05:30,1730.000000,1730.000000,1725.000000,1725.250000,99
2017-03-10T14:15:00+05:30,1725.250000,1725.250000,1720.200000,1724.400000,472
2017-03-10T14:30:00+05:30,1724.400000,1729.000000,1722.500000,1728.000000,58
2017-03-10T14:45:00+05:30,1728.000000,1728.000000,1721.550000,1723.600000,68
2017-03-10T15:00:00+05:30,1723.600000,1730.000000,1722.150000,1730.000000,442
2017-03-10T15:15:00+05:30,1730.000000,1738.000000,1722.000000,1735.000000,1069
2017-03-14T09:15:00+05:30,1745.050000,1759.000000,1735.200000,1745.950000,712
2017-03-14T09:30:00+05:30,1745.950000,1749.400000,1740.000000,1740.000000,666
2017-03-14T09:45:00+05:30,1740.000000,1743.650000,1734.600000,1734.600000,245
2017-03-14T10:00:00+05:30,1734.600000,1743.500000,1734.600000,1735.550000,110
2017-03-14T10:15:00+05:30,1735.550000,1735.550000,1734.150000,1734.950000,211
2017-03-14T10:30:00+05:30,1734.950000,1734.950000,1725.050000,1725.100000,289
2017-03-14T10:45:00+05:30,1725.100000,1729.950000,1722.200000,1722.250000,274
2017-03-14T11:00:00+05:30,1724.000000,1727.050000,1722.300000,1725.000000,176
2017-03-14T11:15:00+05:30,1725.000000,1726.400000,1719.900000,1720.000000,747
2017-03-14T11:30:00+05:30,1720.000000,1720.000000,1718.000000,1720.000000,355
2017-03-14T11:45:00+05:30,1720.000000,1726.450000,1718.000000,1722.200000,241
2017-03-14T12:00:00+05:30,1722.200000,1725.450000,1721.100000,1724.800000,105
2017-03-14T12:15:00+05:30,1724.800000,1724.800000,1721.000000,1723.750000,116
2017-03-14T12:30:00+05:30,1723.750000,1723.800000,1721.000000,1721.000000,129
2017-03-14T12:45:00+05:30,1721.000000,1725.000000,1721.000000,1725.000000,120
2017-03-14T13:00:00+05:30,1725.000000,1726.450000,1725.000000,1725.000000,41
2017-03-14T13:15:00+05:30,1726.500000,1728.000000,1726.500000,1728.000000,41
2017-03-14T13:30:00+05:30,1728.000000,1729.950000,1728.000000,1729.250000,212
2017-03-14T13:45:00+05:30,1729.250000,1729.950000,1722.000000,1722.500000,494
2017-03-14T14:00:00+05:30,1722.500000,1729.850000,1722.050000,1725.950000,414
2017-03-14T14:15:00+05:30,1725.950000,1728.800000,1724.850000,1726.450000,298
2017-03-14T14:30:00+05:30,1726.450000,1727.850000,1722.000000,1727.050000,156
2017-03-14T14:45:00+05:30,1727.050000,1727.050000,1712.000000,1716.250000,1883
2017-03-14T15:00:00+05:30,1716.250000,1734.950000,1716.050000,1732.350000,1726
2017-03-14T15:15:00+05:30,1732.950000,1748.850000,1731.200000,1738.000000,5392
2017-03-15T09:15:00+05:30,1725.100000,1736.050000,1718.600000,1725.000000,185
2017-03-15T09:30:00+05:30,1725.000000,1727.900000,1718.000000,1718.000000,473
2017-03-15T09:45:00+05:30,1718.000000,1725.000000,1718.000000,1724.800000,93
2017-03-15T10:00:00+05:30,1724.800000,1726.350000,1720.000000,1720.150000,704
2017-03-15T10:15:00+05:30,1720.150000,1723.000000,1719.550000,1721.000000,235
2017-03-15T10:30:00+05:30,1721.000000,1721.000000,1719.150000,1719.150000,348
2017-03-15T10:45:00+05:30,1719.150000,1719.150000,1715.000000,1718.500000,315
2017-03-15T11:00:00+05:30,1718.500000,1721.000000,1718.500000,1721.000000,8
2017-03-15T11:15:00+05:30,1721.000000,1722.950000,1717.700000,1722.950000,3972
2017-03-15T11:30:00+05:30,1722.950000,1728.900000,1720.000000,1728.800000,337
2017-03-15T11:45:00+05:30,1728.800000,1728.800000,1724.000000,1724.000000,18
2017-03-15T12:00:00+05:30,1724.000000,1726.500000,1722.000000,1722.000000,86
2017-03-15T12:15:00+05:30,1722.000000,1726.500000,1721.250000,1726.500000,314
2017-03-15T12:30:00+05:30,1726.500000,1726.500000,1723.650000,1723.650000,13
2017-03-15T12:45:00+05:30,1723.650000,1726.450000,1722.200000,1724.950000,105
2017-03-15T13:00:00+05:30,1724.950000,1726.000000,1723.000000,1726.000000,44
2017-03-15T13:15:00+05:30,1726.000000,1729.000000,1725.000000,1725.000000,154
2017-03-15T13:30:00+05:30,1725.000000,1726.450000,1723.300000,1725.150000,88
2017-03-15T13:45:00+05:30,1725.150000,1725.150000,1724.000000,1724.000000,13
2017-03-15T14:00:00+05:30,1724.000000,1724.050000,1723.550000,1724.050000,17
2017-03-15T14:15:00+05:30,1724.050000,1735.000000,1724.050000,1727.900000,580
2017-03-15T14:30:00+05:30,1727.900000,1728.950000,1723.500000,1726.000000,1594
2017-03-15T14:45:00+05:30,1726.000000,1732.000000,1726.000000,1732.000000,374
2017-03-15T15:00:00+05:30,1732.000000,1732.000000,1724.000000,1724.950000,1006
2017-03-15T15:15:00+05:30,1724.950000,1727.600000,1719.000000,1720.000000,5018
2017-03-16T09:15:00+05:30,1732.650000,1732.650000,1720.600000,1724.950000,148
2017-03-16T09:30:00+05:30,1724.950000,1724.950000,1716.000000,1719.750000,920
2017-03-16T09:45:00+05:30,1719.750000,1729.000000,1719.750000,1720.700000,138
2017-03-16T10:00:00+05:30,1720.700000,1728.700000,1720.700000,1726.900000,94
2017-03-16T10:15:00+05:30,1724.000000,1726.000000,1721.100000,1725.750000,80
2017-03-16T10:30:00+05:30,1725.750000,1728.750000,1720.000000,1720.000000,519
2017-03-16T10:45:00+05:30,1720.000000,1720.000000,1718.950000,1720.000000,10340
2017-03-16T11:00:00+05:30,1720.000000,1720.000000,1716.500000,1719.900000,389
2017-03-16T11:15:00+05:30,1719.900000,1724.000000,1719.050000,1723.900000,269
2017-03-16T11:30:00+05:30,1718.300000,1724.400000,1716.600000,1720.000000,655
2017-03-16T11:45:00+05:30,1720.000000,1720.000000,1718.100000,1720.000000,10235
2017-03-16T12:00:00+05:30,1720.000000,1720.000000,1718.300000,1720.000000,275
2017-03-16T12:15:00+05:30,1720.000000,1720.000000,1718.450000,1720.000000,412
2017-03-16T12:30:00+05:30,1720.000000,1725.000000,1718.600000,1718.600000,1673
2017-03-16T12:45:00+05:30,1718.600000,1721.800000,1718.600000,1719.950000,262
2017-03-16T13:00:00+05:30,1719.950000,1721.850000,1719.000000,1719.950000,75
2017-03-16T13:15:00+05:30,1719.950000,1719.950000,1718.650000,1719.850000,135
2017-03-16T13:30:00+05:30,1719.850000,1719.850000,1718.450000,1719.000000,166
2017-03-16T13:45:00+05:30,1719.000000,1719.800000,1718.450000,1719.550000,83
2017-03-16T14:00:00+05:30,1719.550000,1720.000000,1718.050000,1720.000000,749
2017-03-16T14:15:00+05:30,1720.000000,1721.000000,1719.000000,1720.000000,86
2017-03-16T14:30:00+05:30,1720.000000,1720.450000,1719.000000,1720.450000,141
2017-03-16T14:45:00+05:30,1720.450000,1722.000000,1718.000000,1720.000000,902
2017-03-16T15:00:00+05:30,1720.000000,1722.000000,1718.000000,1719.000000,778
2017-03-16T15:15:00+05:30,1719.000000,1734.850000,1718.150000,1725.850000,2664
2017-03-17T09:15:00+05:30,1724.050000,1733.850000,1723.000000,1723.000000,156
2017-03-17T09:30:00+05:30,1723.000000,1727.950000,1718.100000,1727.950000,733
2017-03-17T09:45:00+05:30,1727.950000,1728.950000,1726.000000,1728.950000,47
2017-03-17T10:00:00+05:30,1728.950000,1734.950000,1721.700000,1727.950000,240
2017-03-17T10:15:00+05:30,1727.950000,1727.950000,1725.000000,1725.850000,64
2017-03-17T10:30:00+05:30,1725.850000,1725.850000,1725.550000,1725.750000,71
2017-03-17T10:45:00+05:30,1725.750000,1725.750000,1716.000000,1716.000000,1067
2017-03-17T11:00:00+05:30,1716.000000,1722.500000,1716.000000,1722.000000,153
2017-03-17T11:15:00+05:30,1722.000000,1725.950000,1722.000000,1725.950000,193
2017-03-17T11:30:00+05:30,1725.950000,1726.850000,1717.000000,1724.850000,629
2017-03-17T11:45:00+05:30,1724.850000,1726.000000,1724.000000,1724.000000,551
2017-03-17T12:00:00+05:30,1724.000000,1725.950000,1721.050000,1725.950000,257
2017-03-17T12:15:00+05:30,1725.950000,1726.000000,1720.650000,1725.000000,540
2017-03-17T12:30:00+05:30,1725.000000,1729.900000,1725.000000,1729.500000,265
2017-03-17T12:45:00+05:30,1729.500000,1729.500000,1725.100000,1729.350000,503
2017-03-17T13:00:00+05:30,1729.350000,1733.950000,1728.000000,1733.950000,609
2017-03-17T13:15:00+05:30,1733.950000,1798.000000,1733.050000,1779.900000,6365
2017-03-17T13:30:00+05:30,1780.000000,1783.100000,1759.000000,1763.000000,2970
2017-03-17T13:45:00+05:30,1763.000000,1781.750000,1760.300000,1781.750000,2361
2017-03-17T14:00:00+05:30,1781.750000,1784.000000,1772.050000,1772.050000,2066
2017-03-17T14:15:00+05:30,1773.000000,1779.750000,1770.750000,1778.950000,1609
2017-03-17T14:30:00+05:30,1778.950000,1795.900000,1776.450000,1788.550000,7087
2017-03-17T14:45:00+05:30,1788.550000,1809.000000,1788.000000,1798.950000,9479
2017-03-17T15:00:00+05:30,1798.150000,1808.150000,1790.000000,1800.000000,4321
2017-03-17T15:15:00+05:30,1800.000000,1804.900000,1786.200000,1789.000000,11356
2017-03-20T09:15:00+05:30,1796.000000,1800.000000,1785.000000,1792.000000,1436
2017-03-20T09:30:00+05:30,1790.000000,1791.900000,1784.000000,1785.000000,545
2017-03-20T09:45:00+05:30,1785.000000,1790.800000,1784.950000,1785.050000,779
2017-03-20T10:00:00+05:30,1785.050000,1790.000000,1783.050000,1786.000000,403
2017-03-20T10:15:00+05:30,1786.000000,1786.000000,1780.000000,1780.200000,183
2017-03-20T10:30:00+05:30,1780.200000,1796.000000,1780.200000,1793.400000,1924
2017-03-20T10:45:00+05:30,1794.000000,1794.000000,1792.950000,1792.950000,195
2017-03-20T11:00:00+05:30,1792.950000,1793.300000,1791.000000,1793.000000,238
2017-03-20T11:15:00+05:30,1793.000000,1796.000000,1790.000000,1790.000000,12736
2017-03-20T11:30:00+05:30,1790.000000,1796.000000,1790.000000,1792.650000,10304
2017-03-20T11:45:00+05:30,1792.650000,1795.000000,1790.000000,1790.000000,513
2017-03-20T12:00:00+05:30,1790.000000,1794.900000,1790.000000,1794.800000,309
2017-03-20T12:15:00+05:30,1794.800000,1800.000000,1793.900000,1799.000000,866
2017-03-20T12:30:00+05:30,1799.000000,1800.000000,1796.550000,1798.250000,2073
2017-03-20T12:45:00+05:30,1798.200000,1800.000000,1798.200000,1799.200000,271
2017-03-20T13:00:00+05:30,1799.200000,1800.000000,1795.000000,1796.400000,215
2017-03-20T13:15:00+05:30,1796.400000,1800.000000,1795.550000,1799.950000,784
2017-03-20T13:30:00+05:30,1799.950000,1799.950000,1796.100000,1796.100000,247
2017-03-20T13:45:00+05:30,1796.100000,1799.500000,1795.050000,1798.700000,1033
2017-03-20T14:00:00+05:30,1798.700000,1800.250000,1798.500000,1798.500000,8175
2017-03-20T14:15:00+05:30,1798.500000,1798.500000,1790.250000,1794.750000,6386
2017-03-20T14:30:00+05:30,1794.750000,1794.750000,1783.250000,1783.250000,1356
2017-03-20T14:45:00+05:30,1783.250000,1789.850000,1771.800000,1780.150000,2006
2017-03-20T15:00:00+05:30,1780.150000,1785.950000,1761.000000,1770.000000,2455
2017-03-20T15:15:00+05:30,1770.000000,1787.300000,1766.000000,1767.000000,1995
2017-03-21T09:15:00+05:30,1775.050000,1775.050000,1762.150000,1770.000000,328
2017-03-21T09:30:00+05:30,1770.000000,1771.850000,1761.000000,1761.000000,288
2017-03-21T09:45:00+05:30,1761.000000,1761.000000,1758.200000,1759.900000,125
2017-03-21T10:00:00+05:30,1759.900000,1759.950000,1755.050000,1755.750000,214
2017-03-21T10:15:00+05:30,1755.750000,1759.000000,1755.000000,1755.000000,415
2017-03-21T10:30:00+05:30,1755.000000,1758.850000,1754.200000,1755.000000,171
2017-03-21T10:45:00+05:30,1755.000000,1755.000000,1751.700000,1751.750000,13225
2017-03-21T11:00:00+05:30,1751.750000,1755.000000,1750.000000,1751.450000,18234
2017-03-21T11:15:00+05:30,1751.450000,1752.900000,1750.100000,1751.000000,192
2017-03-21T11:30:00+05:30,1751.000000,1751.750000,1747.150000,1747.150000,521
2017-03-21T11:45:00+05:30,1747.150000,1747.150000,1742.000000,1745.000000,460
2017-03-21T12:00:00+05:30,1745.000000,1745.000000,1745.000000,1745.000000,92
2017-03-21T12:15:00+05:30,1745.000000,1748.900000,1742.050000,1748.900000,194
2017-03-21T12:30:00+05:30,1748.900000,1749.000000,1742.200000,1742.800000,4291
2017-03-21T12:45:00+05:30,1742.800000,1746.400000,1742.500000,1744.050000,224
2017-03-21T13:00:00+05:30,1744.050000,1747.850000,1742.500000,1746.500000,90
2017-03-21T13:15:00+05:30,1745.000000,1748.000000,1744.000000,1747.950000,670
2017-03-21T13:30:00+05:30,1747.950000,1747.950000,1743.400000,1747.950000,289
2017-03-21T13:45:00+05:30,1747.950000,1747.950000,1743.300000,1743.350000,49
2017-03-21T14:00:00+05:30,1743.350000,1743.350000,1740.000000,1740.200000,818
2017-03-21T14:15:00+05:30,1740.200000,1744.000000,1740.000000,1743.700000,320
2017-03-21T14:30:00+05:30,1743.700000,1745.200000,1740.000000,1745.200000,5261
2017-03-21T14:45:00+05:30,1745.200000,1777.000000,1743.050000,1773.700000,5010
2017-03-21T15:00:00+05:30,1773.700000,1773.700000,1751.350000,1760.200000,2291
2017-03-21T15:15:00+05:30,1762.900000,1788.400000,1752.050000,1770.200000,3583
2017-03-22T09:15:00+05:30,1769.150000,1769.150000,1753.000000,1758.350000,265
2017-03-22T09:30:00+05:30,1756.400000,1758.300000,1755.050000,1758.300000,201
2017-03-22T09:45:00+05:30,1758.300000,1758.300000,1755.000000,1757.000000,65
2017-03-22T10:00:00+05:30,1757.000000,1757.000000,1755.000000,1755.000000,32
2017-03-22T10:15:00+05:30,1755.000000,1757.000000,1753.000000,1753.000000,95
2017-03-22T10:30:00+05:30,1753.000000,1753.000000,1750.400000,1751.800000,124
2017-03-22T10:45:00+05:30,1751.800000,1751.800000,1750.300000,1751.800000,283
2017-03-22T11:00:00+05:30,1751.800000,1755.000000,1751.000000,1751.000000,126
2017-03-22T11:15:00+05:30,1751.000000,1755.000000,1751.000000,1755.000000,67
2017-03-22T11:30:00+05:30,1755.000000,1755.000000,1752.100000,1755.000000,10
2017-03-22T11:45:00+05:30,1755.000000,1757.000000,1750.000000,1750.000000,656
2017-03-22T12:00:00+05:30,1750.000000,1755.000000,1750.000000,1750.050000,530
2017-03-22T12:15:00+05:30,1750.050000,1754.000000,1748.000000,1748.000000,885
2017-03-22T12:30:00+05:30,1748.000000,1751.900000,1746.200000,1750.000000,149
2017-03-22T12:45:00+05:30,1750.000000,1750.000000,1746.250000,1749.700000,97
2017-03-22T13:00:00+05:30,1749.700000,1749.700000,1747.250000,1748.950000,12
2017-03-22T13:15:00+05:30,1748.950000,1748.950000,1744.950000,1747.850000,1195
2017-03-22T13:30:00+05:30,1747.850000,1747.850000,1744.000000,1747.850000,881
2017-03-22T13:45:00+05:30,1747.850000,1747.850000,1745.300000,1747.650000,9
2017-03-22T14:00:00+05:30,1747.650000,1754.300000,1747.650000,1754.300000,332
2017-03-22T14:15:00+05:30,1754.300000,1761.000000,1751.050000,1755.950000,635
2017-03-22T14:30:00+05:30,1755.950000,1759.000000,1753.500000,1755.000000,358
2017-03-22T14:45:00+05:30,1755.000000,1757.000000,1754.500000,1754.500000,41
2017-03-22T15:00:00+05:30,1754.500000,1774.950000,1754.500000,1774.850000,7332
2017-03-22T15:15:00+05:30,1774.750000,1794.000000,1771.500000,1789.000000,5664
2017-03-23T09:15:00+05:30,1779.950000,1779.950000,1755.100000,1755.100000,424
2017-03-23T09:30:00+05:30,1755.100000,1764.700000,1755.100000,1764.700000,1216
2017-03-23T09:45:00+05:30,1764.000000,1764.650000,1760.300000,1764.400000,119
2017-03-23T10:00:00+05:30,1764.400000,1764.400000,1758.200000,1758.200000,223
2017-03-23T10:15:00+05:30,1758.200000,1758.500000,1756.000000,1758.350000,158
2017-03-23T10:30:00+05:30,1758.350000,1758.450000,1754.300000,1755.500000,292
2017-03-23T10:45:00+05:30,1755.500000,1757.300000,1754.000000,1754.000000,346
2017-03-23T11:00:00+05:30,1754.000000,1754.000000,1750.000000,1753.000000,1180
2017-03-23T11:15:00+05:30,1753.000000,1757.000000,1753.000000,1754.900000,1447
2017-03-23T11:30:00+05:30,1754.900000,1755.500000,1753.950000,1754.000000,1029
2017-03-23T11:45:00+05:30,1754.000000,1755.500000,1754.000000,1755.000000,24
2017-03-23T12:00:00+05:30,1753.200000,1755.500000,1753.200000,1755.000000,380
2017-03-23T12:15:00+05:30,1755.000000,1760.000000,1755.000000,1755.150000,30411
2017-03-23T12:30:00+05:30,1755.150000,1757.000000,1753.550000,1756.800000,492
2017-03-23T12:45:00+05:30,1756.800000,1766.750000,1756.800000,1761.950000,455
2017-03-23T13:00:00+05:30,1761.950000,1761.950000,1756.150000,1756.150000,356
2017-03-23T13:15:00+05:30,1756.150000,1760.000000,1756.000000,1760.000000,374
2017-03-23T13:30:00+05:30,1759.900000,1764.900000,1755.650000,1764.900000,829
2017-03-23T13:45:00+05:30,1764.900000,1764.900000,1759.000000,1759.000000,15
2017-03-23T14:00:00+05:30,1759.000000,1764.350000,1759.000000,1762.500000,236
2017-03-23T14:15:00+05:30,1762.500000,1764.950000,1760.050000,1764.950000,178
2017-03-23T14:30:00+05:30,1764.950000,1767.000000,1761.500000,1761.700000,693
2017-03-23T14:45:00+05:30,1761.700000,1768.600000,1761.600000,1766.050000,993
2017-03-23T15:00:00+05:30,1766.050000,1766.450000,1753.500000,1755.100000,893
2017-03-23T15:15:00+05:30,1755.100000,1757.750000,1745.150000,1749.650000,5079
2017-03-24T09:15:00+05:30,1755.050000,1759.000000,1751.000000,1757.900000,218
2017-03-24T09:30:00+05:30,1757.900000,1757.900000,1752.000000,1756.800000,268
2017-03-24T09:45:00+05:30,1756.800000,1757.500000,1751.150000,1754.700000,890
2017-03-24T10:00:00+05:30,1754.700000,1760.900000,1754.700000,1758.900000,87
2017-03-24T10:15:00+05:30,1758.900000,1759.450000,1758.400000,1759.400000,98
2017-03-24T10:30:00+05:30,1759.400000,1760.000000,1752.200000,1755.700000,553
2017-03-24T10:45:00+05:30,1755.700000,1755.750000,1752.900000,1755.000000,146
2017-03-24T11:00:00+05:30,1755.000000,1764.000000,1755.000000,1759.500000,216
2017-03-24T11:15:00+05:30,1759.500000,1763.000000,1757.500000,1760.000000,95
2017-03-24T11:30:00+05:30,1760.000000,1760.000000,1758.200000,1758.500000,88
2017-03-24T11:45:00+05:30,1758.500000,1760.000000,1756.000000,1760.000000,363
2017-03-24T12:00:00+05:30,1760.000000,1763.000000,1758.400000,1760.000000,206
2017-03-24T12:15:00+05:30,1760.000000,1762.950000,1755.200000,1757.000000,379
2017-03-24T12:30:00+05:30,1757.000000,1759.900000,1756.500000,1758.850000,93
2017-03-24T12:45:00+05:30,1758.850000,1759.500000,1755.050000,1755.050000,172
2017-03-24T13:00:00+05:30,1755.050000,1759.400000,1755.050000,1755.050000,34
2017-03-24T13:15:00+05:30,1759.350000,1759.500000,1755.900000,1755.900000,96
2017-03-24T13:30:00+05:30,1755.900000,1759.500000,1755.900000,1759.450000,134
2017-03-24T13:45:00+05:30,1759.450000,1759.500000,1756.000000,1758.600000,205
2017-03-24T14:00:00+05:30,1758.600000,1759.500000,1756.000000,1756.000000,190
2017-03-24T14:15:00+05:30,1756.000000,1758.000000,1755.550000,1755.550000,318
2017-03-24T14:30:00+05:30,1755.550000,1775.000000,1678.000000,1705.050000,42122
2017-03-24T14:45:00+05:30,1706.000000,1737.000000,1665.000000,1723.000000,132061
2017-03-24T15:00:00+05:30,1723.000000,1775.100000,1720.000000,1765.000000,72765
2017-03-24T15:15:00+05:30,1763.900000,1795.000000,1763.100000,1795.000000,30720
2017-03-27T09:15:00+05:30,1766.000000,1784.450000,1762.200000,1774.550000,1748
2017-03-27T09:30:00+05:30,1774.550000,1778.000000,1772.200000,1776.950000,337
2017-03-27T09:45:00+05:30,1776.950000,1777.350000,1774.100000,1774.100000,276
2017-03-27T10:00:00+05:30,1774.100000,1789.000000,1774.100000,1780.050000,1323
2017-03-27T10:15:00+05:30,1780.050000,1783.300000,1776.050000,1779.000000,291
2017-03-27T10:30:00+05:30,1779.000000,1779.000000,1775.000000,1775.500000,337
2017-03-27T10:45:00+05:30,1775.500000,1777.400000,1775.300000,1777.000000,15
2017-03-27T11:00:00+05:30,1777.000000,1777.000000,1775.000000,1776.800000,274
2017-03-27T11:15:00+05:30,1776.800000,1779.750000,1775.000000,1779.750000,173
2017-03-27T11:30:00+05:30,1779.750000,1779.750000,1775.000000,1775.000000,261
2017-03-27T11:45:00+05:30,1775.000000,1775.950000,1771.000000,1771.000000,531
2017-03-27T12:00:00+05:30,1771.000000,1772.000000,1769.100000,1771.450000,122
2017-03-27T12:15:00+05:30,1771.450000,1771.600000,1771.450000,1771.600000,2
2017-03-27T12:30:00+05:30,1771.600000,1771.600000,1765.000000,1765.000000,341
2017-03-27T12:45:00+05:30,1765.000000,1785.000000,1762.250000,1782.000000,1538
2017-03-27T13:00:00+05:30,1782.050000,1785.100000,1763.900000,1772.900000,3794
2017-03-27T13:15:00+05:30,1772.900000,1775.000000,1767.900000,1767.900000,170
2017-03-27T13:30:00+05:30,1767.900000,1767.900000,1766.400000,1767.000000,93
2017-03-27T13:45:00+05:30,1767.000000,1774.450000,1767.000000,1770.000000,335
2017-03-27T14:00:00+05:30,1770.000000,1773.800000,1766.100000,1771.350000,124
2017-03-27T14:15:00+05:30,1771.350000,1778.550000,1770.000000,1770.000000,1249
2017-03-27T14:30:00+05:30,1770.000000,1774.950000,1769.000000,1769.050000,206
2017-03-27T14:45:00+05:30,1769.050000,1786.700000,1766.100000,1786.450000,960
2017-03-27T15:00:00+05:30,1786.450000,1799.000000,1784.000000,1795.000000,6576
2017-03-27T15:15:00+05:30,1795.000000,1825.000000,1792.200000,1814.000000,7269
2017-03-28T09:15:00+05:30,1798.500000,1814.000000,1798.000000,1811.500000,786
2017-03-28T09:30:00+05:30,1811.000000,1813.450000,1801.000000,1801.000000,554
2017-03-28T09:45:00+05:30,1801.000000,1802.500000,1797.200000,1798.800000,135
2017-03-28T10:00:00+05:30,1798.800000,1798.800000,1780.000000,1786.900000,2161
2017-03-28T10:15:00+05:30,1786.900000,1789.950000,1778.000000,1785.650000,578
2017-03-28T10:30:00+05:30,1785.650000,1789.950000,1785.650000,1789.950000,249
2017-03-28T10:45:00+05:30,1789.950000,1789.950000,1788.000000,1788.000000,49
2017-03-28T11:00:00+05:30,1788.000000,1789.900000,1787.000000,1789.900000,46
2017-03-28T11:15:00+05:30,1789.900000,1794.700000,1789.900000,1793.000000,227
2017-03-28T11:30:00+05:30,1793.000000,1795.650000,1787.000000,1787.000000,262
2017-03-28T11:45:00+05:30,1787.000000,1789.450000,1785.000000,1786.600000,264
2017-03-28T12:00:00+05:30,1786.600000,1790.000000,1785.000000,1790.000000,280
2017-03-28T12:15:00+05:30,1790.000000,1790.000000,1787.000000,1790.000000,254
2017-03-28T12:30:00+05:30,1790.000000,1797.800000,1784.000000,1787.900000,1619
2017-03-28T12:45:00+05:30,1787.900000,1792.900000,1787.000000,1792.900000,544
2017-03-28T13:00:00+05:30,1792.900000,1792.900000,1789.850000,1789.850000,65
2017-03-28T13:15:00+05:30,1789.850000,1792.850000,1787.500000,1787.500000,212
2017-03-28T13:30:00+05:30,1787.500000,1791.950000,1787.500000,1788.050000,85
2017-03-28T13:45:00+05:30,1788.050000,1790.000000,1788.050000,1790.000000,27
2017-03-28T14:00:00+05:30,1790.000000,1792.850000,1790.000000,1790.000000,164
2017-03-28T14:15:00+05:30,1790.000000,1793.500000,1788.250000,1793.500000,93
2017-03-28T14:30:00+05:30,1793.500000,1795.000000,1791.100000,1793.400000,176
2017-03-28T14:45:00+05:30,1793.400000,1795.000000,1793.400000,1795.000000,22
2017-03-28T15:00:00+05:30,1795.000000,1795.000000,1783.950000,1788.000000,1627
2017-03-28T15:15:00+05:30,1788.000000,1844.800000,1788.000000,1840.000000,10200
2017-03-29T09:15:00+05:30,1803.200000,1815.000000,1803.200000,1813.450000,691
2017-03-29T09:30:00+05:30,1813.450000,1813.450000,1807.000000,1808.700000,420
2017-03-29T09:45:00+05:30,1810.000000,1811.000000,1807.600000,1807.650000,142
2017-03-29T10:00:00+05:30,1807.650000,1807.650000,1804.350000,1805.900000,45
2017-03-29T10:15:00+05:30,1805.900000,1807.750000,1801.000000,1801.000000,147
2017-03-29T10:30:00+05:30,1801.000000,1806.000000,1801.000000,1806.000000,131
2017-03-29T10:45:00+05:30,1806.000000,1809.000000,1801.050000,1802.000000,118
2017-03-29T11:00:00+05:30,1802.000000,1808.050000,1796.550000,1802.950000,786
2017-03-29T11:15:00+05:30,1803.050000,1807.950000,1801.050000,1807.050000,501
2017-03-29T11:30:00+05:30,1807.050000,1808.000000,1802.000000,1807.550000,221
2017-03-29T11:45:00+05:30,1807.550000,1807.750000,1805.000000,1805.000000,35
2017-03-29T12:00:00+05:30,1805.000000,1811.000000,1805.000000,1805.000000,328
2017-03-29T12:15:00+05:30,1805.000000,1807.700000,1805.000000,1806.000000,41
2017-03-29T12:30:00+05:30,1806.000000,1806.000000,1797.050000,1799.800000,441
2017-03-29T12:45:00+05:30,1799.800000,1800.000000,1797.100000,1797.100000,224
2017-03-29T13:00:00+05:30,1797.100000,1799.800000,1797.100000,1797.400000,96
2017-03-29T13:15:00+05:30,1797.400000,1800.000000,1797.400000,1797.450000,222
2017-03-29T13:30:00+05:30,1797.450000,1797.450000,1795.000000,1795.000000,194
2017-03-29T13:45:00+05:30,1795.000000,1795.900000,1786.550000,1788.100000,439
2017-03-29T14:00:00+05:30,1788.100000,1793.000000,1787.500000,1793.000000,280
2017-03-29T14:15:00+05:30,1793.000000,1797.850000,1791.000000,1791.150000,353
2017-03-29T14:30:00+05:30,1791.150000,1798.400000,1791.150000,1797.000000,665
2017-03-29T14:45:00+05:30,1797.000000,1798.000000,1791.850000,1793.250000,911
2017-03-29T15:00:00+05:30,1793.250000,1798.000000,1785.050000,1785.250000,1835
2017-03-29T15:15:00+05:30,1785.250000,1825.000000,1785.000000,1825.000000,5066
2017-03-30T09:15:00+05:30,1807.850000,1810.000000,1801.800000,1801.800000,324
2017-03-30T09:30:00+05:30,1801.800000,1803.000000,1800.050000,1801.050000,41
2017-03-30T09:45:00+05:30,1803.000000,1807.450000,1801.100000,1801.100000,241
2017-03-30T10:00:00+05:30,1801.100000,1804.400000,1801.100000,1804.000000,8
2017-03-30T10:15:00+05:30,1804.000000,1804.650000,1797.000000,1797.000000,132
2017-03-30T10:30:00+05:30,1797.000000,1804.900000,1793.950000,1800.000000,130
2017-03-30T10:45:00+05:30,1800.000000,1800.000000,1799.000000,1799.000000,52
2017-03-30T11:00:00+05:30,1799.000000,1799.950000,1796.000000,1799.950000,9
2017-03-30T11:15:00+05:30,1799.900000,1799.900000,1793.550000,1795.000000,275
2017-03-30T11:30:00+05:30,1795.000000,1795.000000,1795.000000,1795.000000,29
2017-03-30T11:45:00+05:30,1795.000000,1795.000000,1789.000000,1789.000000,649
2017-03-30T12:00:00+05:30,1789.000000,1795.000000,1789.000000,1792.800000,242
2017-03-30T12:15:00+05:30,1792.800000,1820.000000,1792.800000,1814.900000,900
2017-03-30T12:30:00+05:30,1815.000000,1817.600000,1794.050000,1813.900000,1987
2017-03-30T12:45:00+05:30,1813.900000,1826.000000,1813.900000,1815.000000,1408
2017-03-30T13:00:00+05:30,1815.000000,1819.300000,1810.000000,1816.600000,607
2017-03-30T13:15:00+05:30,1816.600000,1827.400000,1815.600000,1824.100000,1053
2017-03-30T13:30:00+05:30,1824.100000,1824.900000,1816.250000,1822.000000,723
2017-03-30T13:45:00+05:30,1822.000000,1824.000000,1819.550000,1821.850000,338
2017-03-30T14:00:00+05:30,1821.850000,1842.700000,1818.100000,1842.700000,2159
2017-03-30T14:15:00+05:30,1842.000000,1847.400000,1830.000000,1839.000000,5827
2017-03-30T14:30:00+05:30,1839.000000,1839.850000,1826.000000,1833.950000,1830
2017-03-30T14:45:00+05:30,1833.950000,1837.500000,1824.000000,1837.500000,1019
2017-03-30T15:00:00+05:30,1837.500000,1866.250000,1835.100000,1850.000000,13377
2017-03-30T15:15:00+05:30,1850.500000,1860.000000,1839.850000,1843.400000,12609
2017-03-31T09:15:00+05:30,1839.400000,1850.000000,1833.000000,1850.000000,402
2017-03-31T09:30:00+05:30,1850.000000,1854.050000,1840.000000,1840.000000,533
2017-03-31T09:45:00+05:30,1840.000000,1841.950000,1836.100000,1836.100000,71
2017-03-31T10:00:00+05:30,1836.100000,1836.100000,1830.050000,1833.000000,336
2017-03-31T10:15:00+05:30,1833.000000,1839.000000,1830.050000,1837.850000,308
2017-03-31T10:30:00+05:30,1837.850000,1837.850000,1835.100000,1836.150000,115
2017-03-31T10:45:00+05:30,1836.150000,1837.100000,1828.700000,1828.700000,982
2017-03-31T11:00:00+05:30,1828.700000,1828.700000,1825.000000,1825.800000,265
2017-03-31T11:15:00+05:30,1825.800000,1825.800000,1823.550000,1824.350000,106
2017-03-31T11:30:00+05:30,1824.350000,1825.950000,1824.150000,1825.250000,70
2017-03-31T11:45:00+05:30,1825.250000,1840.000000,1820.600000,1840.000000,797
2017-03-31T12:00:00+05:30,1840.500000,1849.000000,1840.150000,1847.700000,989
2017-03-31T12:15:00+05:30,1847.700000,1859.950000,1845.000000,1855.000000,1880
2017-03-31T12:30:00+05:30,1855.000000,1855.000000,1845.200000,1848.950000,945
2017-03-31T12:45:00+05:30,1848.950000,1854.000000,1843.000000,1843.000000,466
2017-03-31T13:00:00+05:30,1843.000000,1845.000000,1842.250000,1845.000000,13
2017-03-31T13:15:00+05:30,1845.000000,1846.450000,1840.750000,1840.750000,129
2017-03-31T13:30:00+05:30,1840.750000,1843.000000,1840.000000,1840.000000,46
2017-03-31T13:45:00+05:30,1840.000000,1843.000000,1830.200000,1835.000000,352
2017-03-31T14:00:00+05:30,1835.300000,1835.300000,1834.350000,1835.000000,217
2017-03-31T14:15:00+05:30,1835.000000,1835.000000,1831.100000,1833.050000,30
2017-03-31T14:30:00+05:30,1833.050000,1836.900000,1832.000000,1832.000000,200
2017-03-31T14:45:00+05:30,1832.000000,1856.050000,1832.000000,1855.800000,1131
2017-03-31T15:00:00+05:30,1855.800000,1895.000000,1855.800000,1890.150000,13437
2017-03-31T15:15:00+05:30,1890.150000,1957.000000,1890.150000,1945.400000,28691
2017-04-03T09:15:00+05:30,1916.000000,1928.350000,1905.700000,1909.000000,1448
2017-04-03T09:30:00+05:30,1905.850000,1923.150000,1905.450000,1914.950000,917
2017-04-03T09:45:00+05:30,1914.950000,1914.950000,1907.650000,1913.000000,329
2017-04-03T10:00:00+05:30,1914.550000,1919.450000,1907.000000,1909.000000,678
2017-04-03T10:15:00+05:30,1909.000000,1909.450000,1905.950000,1905.950000,184
2017-04-03T10:30:00+05:30,1905.950000,1905.950000,1896.000000,1901.000000,521
2017-04-03T10:45:00+05:30,1901.000000,1916.500000,1901.000000,1914.000000,611
2017-04-03T11:00:00+05:30,1914.000000,1917.000000,1907.000000,1909.050000,312
2017-04-03T11:15:00+05:30,1909.050000,1911.900000,1909.050000,1910.000000,34
2017-04-03T11:30:00+05:30,1910.000000,1910.000000,1907.000000,1908.950000,108
2017-04-03T11:45:00+05:30,1907.000000,1916.950000,1907.000000,1916.950000,279
2017-04-03T12:00:00+05:30,1916.950000,1916.950000,1912.500000,1916.000000,87
2017-04-03T12:15:00+05:30,1916.000000,1916.150000,1904.050000,1904.050000,373
2017-04-03T12:30:00+05:30,1904.050000,1907.000000,1904.050000,1907.000000,14
2017-04-03T12:45:00+05:30,1907.000000,1915.800000,1906.300000,1915.500000,702
2017-04-03T13:00:00+05:30,1913.000000,1914.900000,1907.000000,1912.200000,395
2017-04-03T13:15:00+05:30,1912.200000,1915.000000,1911.050000,1911.050000,122
2017-04-03T13:30:00+05:30,1911.050000,1914.850000,1910.000000,1912.650000,176
2017-04-03T13:45:00+05:30,1912.650000,1918.850000,1911.750000,1915.000000,602
2017-04-03T14:00:00+05:30,1915.000000,1923.350000,1913.250000,1923.350000,888
2017-04-03T14:15:00+05:30,1923.350000,1956.200000,1918.150000,1949.650000,4835
2017-04-03T14:30:00+05:30,1946.000000,1949.950000,1931.200000,1935.100000,1860
2017-04-03T14:45:00+05:30,1935.100000,1944.750000,1935.100000,1939.950000,616
2017-04-03T15:00:00+05:30,1939.950000,1955.650000,1930.000000,1946.300000,4499
2017-04-03T15:15:00+05:30,1946.300000,1946.300000,1905.000000,1910.000000,1933
2017-04-05T09:15:00+05:30,1934.900000,1934.900000,1909.950000,1921.050000,917
2017-04-05T09:30:00+05:30,1921.050000,1924.550000,1913.500000,1915.000000,380
2017-04-05T09:45:00+05:30,1915.000000,1920.000000,1913.000000,1914.900000,337
2017-04-05T10:00:00+05:30,1914.900000,1917.000000,1914.900000,1916.900000,210
2017-04-05T10:15:00+05:30,1916.900000,1916.900000,1910.050000,1916.000000,136
2017-04-05T10:30:00+05:30,1916.000000,1916.000000,1910.050000,1910.050000,496
2017-04-05T10:45:00+05:30,1910.050000,1916.200000,1907.600000,1915.750000,416
2017-04-05T11:00:00+05:30,1915.750000,1916.400000,1911.100000,1916.000000,35
2017-04-05T11:15:00+05:30,1916.000000,1916.100000,1909.350000,1915.900000,426
2017-04-05T11:30:00+05:30,1915.900000,1915.900000,1910.400000,1912.000000,86
2017-04-05T11:45:00+05:30,1912.000000,1914.000000,1911.200000,1914.000000,199
2017-04-05T12:00:00+05:30,1914.000000,1914.000000,1910.100000,1910.100000,64
2017-04-05T12:15:00+05:30,1910.100000,1913.450000,1910.100000,1913.400000,72
2017-04-05T12:30:00+05:30,1913.400000,1920.000000,1911.200000,1915.000000,1064
2017-04-05T12:45:00+05:30,1915.000000,1919.650000,1915.000000,1915.100000,74
2017-04-05T13:00:00+05:30,1915.100000,1919.900000,1915.000000,1915.300000,877
2017-04-05T13:15:00+05:30,1915.300000,1918.800000,1915.000000,1915.000000,420
2017-04-05T13:30:00+05:30,1915.000000,1917.500000,1915.000000,1915.000000,486
2017-04-05T13:45:00+05:30,1915.000000,1916.000000,1915.000000,1915.050000,848
2017-04-05T14:00:00+05:30,1915.050000,1917.850000,1915.050000,1915.350000,260
2017-04-05T14:15:00+05:30,1915.350000,1918.900000,1915.250000,1917.000000,195
2017-04-05T14:30:00+05:30,1917.000000,1918.900000,1917.000000,1917.200000,149
2017-04-05T14:45:00+05:30,1917.200000,1925.000000,1917.200000,1925.000000,9107
2017-04-05T15:00:00+05:30,1925.000000,1935.750000,1922.000000,1924.000000,4078
2017-04-05T15:15:00+05:30,1924.000000,1935.000000,1920.000000,1925.100000,2173
2017-04-06T09:15:00+05:30,1910.350000,1916.950000,1910.350000,1915.000000,174
2017-04-06T09:30:00+05:30,1915.000000,1917.000000,1915.000000,1915.000000,148
2017-04-06T09:45:00+05:30,1915.000000,1920.000000,1915.000000,1915.000000,171
2017-04-06T10:00:00+05:30,1915.000000,1917.250000,1915.000000,1915.000000,158
2017-04-06T10:15:00+05:30,1915.000000,1915.000000,1913.600000,1913.950000,270
2017-04-06T10:30:00+05:30,1913.950000,1913.950000,1910.000000,1910.000000,105
2017-04-06T10:45:00+05:30,1910.000000,1913.850000,1910.000000,1911.300000,16
2017-04-06T11:00:00+05:30,1914.350000,1914.350000,1911.300000,1914.150000,59
2017-04-06T11:15:00+05:30,1914.150000,1914.150000,1911.850000,1913.000000,30
2017-04-06T11:30:00+05:30,1913.000000,1913.000000,1912.000000,1912.000000,140
2017-04-06T11:45:00+05:30,1912.000000,1914.250000,1911.350000,1913.950000,129
2017-04-06T12:00:00+05:30,1913.950000,1922.850000,1911.500000,1922.650000,159
2017-04-06T12:15:00+05:30,1922.650000,1924.850000,1915.600000,1919.950000,258
2017-04-06T12:30:00+05:30,1919.950000,1920.000000,1917.000000,1917.000000,163
2017-04-06T12:45:00+05:30,1917.000000,1919.400000,1917.000000,1917.050000,766
2017-04-06T13:00:00+05:30,1917.050000,1917.050000,1911.000000,1911.000000,616
2017-04-06T13:15:00+05:30,1911.000000,1911.000000,1890.000000,1890.500000,1750
2017-04-06T13:30:00+05:30,1890.500000,1893.400000,1875.950000,1889.800000,2191
2017-04-06T13:45:00+05:30,1889.800000,1900.000000,1889.800000,1900.000000,327
2017-04-06T14:00:00+05:30,1900.000000,1908.000000,1895.350000,1897.650000,286
2017-04-06T14:15:00+05:30,1897.650000,1910.000000,1897.650000,1906.850000,387
2017-04-06T14:30:00+05:30,1906.850000,1912.400000,1903.950000,1912.400000,503
2017-04-06T14:45:00+05:30,1913.400000,1913.400000,1906.000000,1907.000000,318
2017-04-06T15:00:00+05:30,1907.000000,1907.950000,1890.000000,1895.600000,299
2017-04-06T15:15:00+05:30,1895.600000,1897.450000,1881.250000,1881.250000,2535
2017-04-07T09:15:00+05:30,1894.000000,1895.050000,1891.000000,1891.000000,96
2017-04-07T09:30:00+05:30,1891.000000,1891.000000,1881.900000,1884.000000,133
2017-04-07T09:45:00+05:30,1884.000000,1893.900000,1884.000000,1891.750000,104
2017-04-07T10:00:00+05:30,1891.750000,1894.250000,1888.450000,1891.250000,38
2017-04-07T10:15:00+05:30,1891.250000,1894.250000,1890.050000,1890.050000,47
2017-04-07T10:30:00+05:30,1894.250000,1894.250000,1875.050000,1875.150000,671
2017-04-07T10:45:00+05:30,1875.150000,1883.950000,1875.000000,1883.950000,392
2017-04-07T11:00:00+05:30,1883.950000,1883.950000,1880.050000,1880.100000,37
2017-04-07T11:15:00+05:30,1880.100000,1880.100000,1880.100000,1880.100000,0
2017-04-07T11:30:00+05:30,1880.100000,1891.400000,1880.100000,1891.400000,330
2017-04-07T11:45:00+05:30,1891.400000,1894.400000,1885.650000,1885.650000,242
2017-04-07T12:00:00+05:30,1885.650000,1900.000000,1884.150000,1892.300000,952
2017-04-07T12:15:00+05:30,1892.300000,1892.300000,1882.600000,1882.600000,515
2017-04-07T12:30:00+05:30,1882.600000,1889.950000,1882.600000,1885.550000,90
2017-04-07T12:45:00+05:30,1885.550000,1885.550000,1883.700000,1884.100000,30
2017-04-07T13:00:00+05:30,1884.100000,1886.200000,1884.100000,1886.200000,23
2017-04-07T13:15:00+05:30,1886.200000,1890.000000,1886.200000,1888.200000,41
2017-04-07T13:30:00+05:30,1888.200000,1890.000000,1882.650000,1882.650000,221
2017-04-07T13:45:00+05:30,1882.650000,1890.000000,1882.600000,1890.000000,125
2017-04-07T14:00:00+05:30,1890.000000,1895.000000,1884.050000,1888.650000,390
2017-04-07T14:15:00+05:30,1888.650000,1889.100000,1886.950000,1889.100000,21
2017-04-07T14:30:00+05:30,1889.100000,1889.100000,1863.000000,1866.650000,1655
2017-04-07T14:45:00+05:30,1866.650000,1870.000000,1863.000000,1863.000000,663
2017-04-07T15:00:00+05:30,1863.000000,1863.000000,1824.050000,1825.000000,4831
2017-04-07T15:15:00+05:30,1825.000000,1847.000000,1820.000000,1833.600000,5093
2017-04-10T09:15:00+05:30,1844.500000,1851.000000,1844.500000,1851.000000,306
2017-04-10T09:30:00+05:30,1851.000000,1862.950000,1851.000000,1857.000000,534
2017-04-10T09:45:00+05:30,1857.000000,1866.950000,1857.000000,1865.550000,341
2017-04-10T10:00:00+05:30,1865.550000,1866.000000,1857.000000,1857.000000,121
2017-04-10T10:15:00+05:30,1857.000000,1859.000000,1848.050000,1849.950000,524
2017-04-10T10:30:00+05:30,1849.500000,1850.000000,1849.500000,1850.000000,90
2017-04-10T10:45:00+05:30,1850.000000,1855.000000,1845.050000,1846.850000,539
2017-04-10T11:00:00+05:30,1846.850000,1853.800000,1846.850000,1853.750000,345
2017-04-10T11:15:00+05:30,1853.750000,1855.400000,1850.000000,1855.350000,164
2017-04-10T11:30:00+05:30,1855.350000,1876.000000,1855.350000,1875.000000,1699
2017-04-10T11:45:00+05:30,1875.000000,1885.000000,1875.000000,1879.800000,1156
2017-04-10T12:00:00+05:30,1879.800000,1883.100000,1875.000000,1878.200000,730
2017-04-10T12:15:00+05:30,1878.900000,1879.050000,1875.000000,1875.050000,644
2017-04-10T12:30:00+05:30,1875.050000,1876.450000,1862.050000,1863.650000,3537
2017-04-10T12:45:00+05:30,1863.650000,1866.950000,1855.050000,1860.100000,969
2017-04-10T13:00:00+05:30,1860.100000,1863.000000,1860.100000,1861.650000,617
2017-04-10T13:15:00+05:30,1861.650000,1862.100000,1857.100000,1860.000000,395
2017-04-10T13:30:00+05:30,1858.050000,1864.000000,1857.050000,1858.050000,461
2017-04-10T13:45:00+05:30,1858.050000,1861.500000,1858.050000,1861.500000,326
2017-04-10T14:00:00+05:30,1861.500000,1874.700000,1860.700000,1870.100000,413
2017-04-10T14:15:00+05:30,1870.100000,1877.400000,1870.000000,1871.350000,777
2017-04-10T14:30:00+05:30,1871.350000,1873.550000,1864.100000,1865.000000,422
2017-04-10T14:45:00+05:30,1865.000000,1866.600000,1851.200000,1851.350000,574
2017-04-10T15:00:00+05:30,1851.350000,1870.400000,1851.350000,1865.100000,862
2017-04-10T15:15:00+05:30,1865.100000,1875.000000,1854.800000,1875.000000,1218
2017-04-11T09:15:00+05:30,1861.000000,1870.450000,1861.000000,1861.550000,187
2017-04-11T09:30:00+05:30,1861.550000,1870.450000,1861.550000,1863.300000,520
2017-04-11T09:45:00+05:30,1863.300000,1867.450000,1861.700000,1867.400000,210
2017-04-11T10:00:00+05:30,1867.400000,1870.000000,1862.400000,1867.600000,232
2017-04-11T10:15:00+05:30,1867.600000,1869.900000,1865.000000,1865.050000,118
2017-04-11T10:30:00+05:30,1865.050000,1868.500000,1865.050000,1866.100000,12
2017-04-11T10:45:00+05:30,1866.100000,1870.000000,1865.000000,1865.000000,163
2017-04-11T11:00:00+05:30,1865.000000,1870.000000,1865.000000,1870.000000,273
2017-04-11T11:15:00+05:30,1870.000000,1877.750000,1870.000000,1872.000000,164
2017-04-11T11:30:00+05:30,1872.000000,1876.450000,1872.000000,1872.000000,109
2017-04-11T11:45:00+05:30,1872.000000,1872.000000,1865.000000,1865.000000,621
2017-04-11T12:00:00+05:30,1865.000000,1879.400000,1865.000000,1879.000000,628
2017-04-11T12:15:00+05:30,1879.000000,1879.000000,1870.000000,1870.000000,386
2017-04-11T12:30:00+05:30,1870.000000,1871.750000,1870.000000,1870.650000,52
2017-04-11T12:45:00+05:30,1870.650000,1870.650000,1870.000000,1870.000000,1
2017-04-11T13:00:00+05:30,1870.000000,1875.000000,1870.000000,1874.200000,254
2017-04-11T13:15:00+05:30,1874.200000,1874.200000,1870.900000,1870.900000,66
2017-04-11T13:30:00+05:30,1870.900000,1873.950000,1870.900000,1871.250000,7
2017-04-11T13:45:00+05:30,1871.250000,1874.000000,1871.250000,1872.200000,36
2017-04-11T14:00:00+05:30,1872.200000,1877.550000,1872.200000,1873.050000,173
2017-04-11T14:15:00+05:30,1873.050000,1874.000000,1869.950000,1873.400000,379
2017-04-11T14:30:00+05:30,1871.100000,1876.450000,1871.100000,1872.200000,83
2017-04-11T14:45:00+05:30,1872.200000,1876.400000,1872.150000,1874.950000,38
2017-04-11T15:00:00+05:30,1874.950000,1896.450000,1874.650000,1887.500000,2747
2017-04-11T15:15:00+05:30,1887.000000,1899.900000,1887.000000,1899.000000,2381
2017-04-12T09:15:00+05:30,1884.950000,1885.000000,1868.150000,1874.650000,46
2017-04-12T09:30:00+05:30,1874.650000,1877.200000,1869.050000,1869.050000,96
2017-04-12T09:45:00+05:30,1869.050000,1869.050000,1864.000000,1864.000000,157
2017-04-12T10:00:00+05:30,1864.000000,1873.650000,1864.000000,1871.000000,222
2017-04-12T10:15:00+05:30,1871.000000,1871.000000,1869.600000,1869.600000,169
2017-04-12T10:30:00+05:30,1869.600000,1874.000000,1867.300000,1874.000000,65
2017-04-12T10:45:00+05:30,1874.000000,1874.000000,1866.200000,1873.950000,97
2017-04-12T11:00:00+05:30,1873.950000,1875.000000,1873.900000,1873.900000,17
2017-04-12T11:15:00+05:30,1873.900000,1873.950000,1871.000000,1871.150000,102
2017-04-12T11:30:00+05:30,1871.150000,1874.000000,1871.000000,1874.000000,23
2017-04-12T11:45:00+05:30,1874.000000,1874.000000,1871.000000,1871.000000,121
2017-04-12T12:00:00+05:30,1873.000000,1873.900000,1861.050000,1871.500000,1144
2017-04-12T12:15:00+05:30,1871.500000,1871.500000,1864.800000,1864.800000,68
2017-04-12T12:30:00+05:30,1864.800000,1875.700000,1864.800000,1875.700000,330
2017-04-12T12:45:00+05:30,1875.700000,1877.200000,1862.000000,1867.100000,1537
2017-04-12T13:00:00+05:30,1867.100000,1871.900000,1867.100000,1869.950000,74
2017-04-12T13:15:00+05:30,1869.950000,1871.900000,1868.000000,1871.900000,173
2017-04-12T13:30:00+05:30,1871.900000,1873.900000,1868.200000,1873.550000,68
2017-04-12T13:45:00+05:30,1873.550000,1876.000000,1870.550000,1870.550000,332
2017-04-12T14:00:00+05:30,1868.050000,1874.150000,1868.050000,1871.950000,153
2017-04-12T14:15:00+05:30,1871.950000,1873.950000,1870.000000,1873.400000,38
2017-04-12T14:30:00+05:30,1871.750000,1873.850000,1868.200000,1873.850000,143
2017-04-12T14:45:00+05:30,1873.850000,1874.750000,1871.000000,1872.250000,23
2017-04-12T15:00:00+05:30,1872.250000,1877.750000,1865.100000,1868.500000,378
2017-04-12T15:15:00+05:30,1868.500000,1886.250000,1861.000000,1877.000000,2375
2017-04-13T09:15:00+05:30,1868.550000,1874.950000,1868.550000,1873.450000,27
2017-04-13T09:30:00+05:30,1873.450000,1873.450000,1870.700000,1870.700000,17
2017-04-13T09:45:00+05:30,1870.700000,1874.950000,1870.700000,1873.300000,5
2017-04-13T10:00:00+05:30,1873.300000,1874.950000,1873.200000,1873.200000,68
2017-04-13T10:15:00+05:30,1873.200000,1874.950000,1870.550000,1873.500000,32
2017-04-13T10:30:00+05:30,1873.500000,1875.000000,1873.500000,1875.000000,24
2017-04-13T10:45:00+05:30,1875.000000,1875.000000,1872.300000,1872.300000,140
2017-04-13T11:00:00+05:30,1872.300000,1872.300000,1860.150000,1861.700000,213
2017-04-13T11:15:00+05:30,1861.700000,1867.350000,1861.700000,1865.200000,68
2017-04-13T11:30:00+05:30,1865.200000,1870.000000,1865.200000,1869.300000,74
2017-04-13T11:45:00+05:30,1869.300000,1870.000000,1869.300000,1870.000000,46
2017-04-13T12:00:00+05:30,1870.000000,1873.450000,1869.850000,1873.450000,26
2017-04-13T12:15:00+05:30,1873.450000,1875.000000,1873.450000,1875.000000,10
2017-04-13T12:30:00+05:30,1875.000000,1875.000000,1873.000000,1873.000000,41
2017-04-13T12:45:00+05:30,1873.000000,1882.000000,1871.000000,1880.200000,128
2017-04-13T13:00:00+05:30,1879.450000,1883.950000,1879.450000,1883.850000,137
2017-04-13T13:15:00+05:30,1883.850000,1883.850000,1871.250000,1880.900000,376
2017-04-13T13:30:00+05:30,1880.900000,1883.900000,1879.800000,1882.000000,470
2017-04-13T13:45:00+05:30,1882.000000,1884.000000,1879.800000,1880.000000,115
2017-04-13T14:00:00+05:30,1880.000000,1900.000000,1880.000000,1896.950000,1108
2017-04-13T14:15:00+05:30,1896.000000,1908.550000,1886.000000,1893.850000,1790
2017-04-13T14:30:00+05:30,1893.850000,1899.500000,1890.550000,1894.000000,279
2017-04-13T14:45:00+05:30,1894.450000,1903.950000,1892.550000,1893.150000,513
2017-04-13T15:00:00+05:30,1893.150000,1893.150000,1880.000000,1885.800000,455
2017-04-13T15:15:00+05:30,1885.800000,1894.000000,1885.800000,1894.000000,901
2017-04-17T09:15:00+05:30,1888.450000,1888.450000,1877.000000,1883.550000,79
2017-04-17T09:30:00+05:30,1883.550000,1883.550000,1868.100000,1868.100000,151
2017-04-17T09:45:00+05:30,1868.100000,1877.650000,1865.500000,1875.800000,228
2017-04-17T10:00:00+05:30,1875.800000,1875.800000,1870.850000,1871.000000,49
2017-04-17T10:15:00+05:30,1871.000000,1877.600000,1869.050000,1872.650000,43
2017-04-17T10:30:00+05:30,1872.650000,1877.650000,1872.650000,1877.650000,28
2017-04-17T10:45:00+05:30,1877.650000,1879.050000,1877.650000,1879.050000,1
2017-04-17T11:00:00+05:30,1879.050000,1879.050000,1872.550000,1872.550000,52
2017-04-17T11:15:00+05:30,1872.550000,1877.700000,1868.050000,1873.000000,214
2017-04-17T11:30:00+05:30,1878.900000,1878.900000,1870.850000,1874.150000,76
2017-04-17T11:45:00+05:30,1874.150000,1878.200000,1874.150000,1876.050000,17
2017-04-17T12:00:00+05:30,1876.050000,1876.050000,1871.000000,1871.000000,10
2017-04-17T12:15:00+05:30,1871.000000,1872.400000,1871.000000,1872.400000,5
2017-04-17T12:30:00+05:30,1872.400000,1875.000000,1872.400000,1875.000000,158
2017-04-17T12:45:00+05:30,1875.000000,1875.000000,1857.650000,1865.050000,587
2017-04-17T13:00:00+05:30,1865.050000,1867.000000,1865.050000,1866.900000,157
2017-04-17T13:15:00+05:30,1866.900000,1866.900000,1864.000000,1864.000000,161
2017-04-17T13:30:00+05:30,1864.000000,1867.000000,1864.000000,1867.000000,227
2017-04-17T13:45:00+05:30,1867.000000,1877.600000,1864.000000,1876.000000,1177
2017-04-17T14:00:00+05:30,1876.000000,1876.900000,1873.000000,1876.900000,675
2017-04-17T14:15:00+05:30,1876.900000,1888.900000,1873.000000,1887.700000,517
2017-04-17T14:30:00+05:30,1887.700000,1898.000000,1873.100000,1879.550000,1606
2017-04-17T14:45:00+05:30,1879.550000,1889.000000,1877.100000,1881.000000,427
2017-04-17T15:00:00+05:30,1881.000000,1885.000000,1875.200000,1875.200000,362
2017-04-17T15:15:00+05:30,1875.200000,1883.250000,1872.050000,1872.500000,547
2017-04-18T09:15:00+05:30,1880.000000,1880.000000,1867.300000,1880.000000,258
2017-04-18T09:30:00+05:30,1880.000000,1880.000000,1869.400000,1871.000000,138
2017-04-18T09:45:00+05:30,1871.000000,1874.950000,1871.000000,1874.950000,50
2017-04-18T10:00:00+05:30,1874.950000,1874.950000,1872.000000,1873.700000,32
2017-04-18T10:15:00+05:30,1873.700000,1877.950000,1873.700000,1875.000000,61
2017-04-18T10:30:00+05:30,1875.000000,1875.000000,1873.600000,1875.000000,46
2017-04-18T10:45:00+05:30,1875.000000,1880.950000,1871.100000,1871.100000,786
2017-04-18T11:00:00+05:30,1871.100000,1871.100000,1862.200000,1867.000000,551
2017-04-18T11:15:00+05:30,1867.000000,1873.450000,1867.000000,1873.300000,241
2017-04-18T11:30:00+05:30,1873.300000,1877.700000,1870.000000,1870.600000,230
2017-04-18T11:45:00+05:30,1870.600000,1875.000000,1870.000000,1875.000000,391
2017-04-18T12:00:00+05:30,1875.000000,1875.000000,1875.000000,1875.000000,248
2017-04-18T12:15:00+05:30,1875.000000,1875.000000,1870.000000,1870.000000,270
2017-04-18T12:30:00+05:30,1870.000000,1871.000000,1870.000000,1870.000000,175
2017-04-18T12:45:00+05:30,1870.000000,1871.800000,1865.000000,1865.000000,363
2017-04-18T13:00:00+05:30,1865.000000,1865.300000,1861.000000,1864.450000,165
2017-04-18T13:15:00+05:30,1862.850000,1864.400000,1860.150000,1860.150000,232
2017-04-18T13:30:00+05:30,1860.150000,1862.000000,1856.000000,1860.000000,303
2017-04-18T13:45:00+05:30,1860.000000,1860.000000,1856.250000,1857.000000,239
2017-04-18T14:00:00+05:30,1857.000000,1858.000000,1857.000000,1857.100000,88
2017-04-18T14:15:00+05:30,1857.100000,1860.250000,1856.300000,1860.200000,348
2017-04-18T14:30:00+05:30,1860.200000,1861.950000,1857.050000,1857.050000,162
2017-04-18T14:45:00+05:30,1857.050000,1859.800000,1851.000000,1851.050000,355
2017-04-18T15:00:00+05:30,1851.050000,1864.950000,1850.150000,1854.000000,729
2017-04-18T15:15:00+05:30,1855.950000,1869.000000,1844.000000,1850.150000,2756
2017-04-19T09:15:00+05:30,1850.000000,1856.950000,1848.050000,1852.400000,86
2017-04-19T09:30:00+05:30,1852.400000,1857.000000,1849.000000,1856.900000,336
2017-04-19T09:45:00+05:30,1856.900000,1856.900000,1850.000000,1850.000000,284
2017-04-19T10:00:00+05:30,1850.000000,1850.000000,1849.000000,1849.000000,206
2017-04-19T10:15:00+05:30,1849.000000,1850.000000,1848.100000,1849.650000,425
2017-04-19T10:30:00+05:30,1849.650000,1849.950000,1844.450000,1846.650000,425
2017-04-19T10:45:00+05:30,1846.650000,1846.650000,1844.450000,1845.000000,17
2017-04-19T11:00:00+05:30,1847.450000,1849.450000,1845.200000,1845.200000,88
2017-04-19T11:15:00+05:30,1845.200000,1849.300000,1845.200000,1849.300000,11
2017-04-19T11:30:00+05:30,1849.300000,1850.000000,1849.300000,1850.000000,7
2017-04-19T11:45:00+05:30,1850.000000,1850.000000,1843.000000,1843.000000,331
2017-04-19T12:00:00+05:30,1843.000000,1843.000000,1833.000000,1833.050000,831
2017-04-19T12:15:00+05:30,1833.050000,1840.100000,1831.600000,1840.100000,572
2017-04-19T12:30:00+05:30,1840.100000,1840.100000,1837.550000,1837.650000,131
2017-04-19T12:45:00+05:30,1837.650000,1839.550000,1835.800000,1838.800000,109
2017-04-19T13:00:00+05:30,1838.800000,1838.800000,1833.200000,1834.000000,59
2017-04-19T13:15:00+05:30,1834.000000,1835.850000,1831.500000,1831.550000,373
2017-04-19T13:30:00+05:30,1831.550000,1833.000000,1831.500000,1832.000000,144
2017-04-19T13:45:00+05:30,1832.000000,1835.250000,1832.000000,1832.100000,31
2017-04-19T14:00:00+05:30,1832.100000,1834.450000,1832.000000,1832.000000,427
2017-04-19T14:15:00+05:30,1832.050000,1843.700000,1830.000000,1835.150000,1568
2017-04-19T14:30:00+05:30,1835.150000,1838.100000,1833.000000,1833.000000,331
2017-04-19T14:45:00+05:30,1833.000000,1834.400000,1826.050000,1830.000000,424
2017-04-19T15:00:00+05:30,1830.000000,1834.000000,1826.000000,1828.200000,779
2017-04-19T15:15:00+05:30,1828.200000,1837.950000,1823.000000,1823.000000,1740
2017-04-20T09:15:00+05:30,1834.300000,1838.900000,1828.500000,1838.900000,74
2017-04-20T09:30:00+05:30,1838.900000,1842.000000,1838.900000,1842.000000,96
2017-04-20T09:45:00+05:30,1842.000000,1842.000000,1830.000000,1840.000000,176
2017-04-20T10:00:00+05:30,1840.000000,1840.000000,1830.050000,1830.050000,50
2017-04-20T10:15:00+05:30,1830.050000,1835.900000,1830.050000,1830.250000,38
2017-04-20T10:30:00+05:30,1830.250000,1835.000000,1830.250000,1835.000000,84
2017-04-20T10:45:00+05:30,1835.000000,1841.950000,1832.000000,1841.950000,557
2017-04-20T11:00:00+05:30,1841.950000,1841.950000,1841.950000,1841.950000,0
2017-04-20T11:15:00+05:30,1841.950000,1841.950000,1840.000000,1840.000000,1
2017-04-20T11:30:00+05:30,1840.000000,1842.000000,1838.100000,1842.000000,122
2017-04-20T11:45:00+05:30,1842.000000,1843.250000,1837.550000,1839.100000,93
2017-04-20T12:00:00+05:30,1839.100000,1840.000000,1836.050000,1836.050000,40
2017-04-20T12:15:00+05:30,1836.050000,1840.000000,1836.050000,1840.000000,73
2017-04-20T12:30:00+05:30,1840.000000,1840.050000,1840.000000,1840.050000,15
2017-04-20T12:45:00+05:30,1840.050000,1848.900000,1840.000000,1843.950000,224
2017-04-20T13:00:00+05:30,1843.950000,1843.950000,1840.000000,1840.000000,21
2017-04-20T13:15:00+05:30,1840.050000,1840.050000,1840.000000,1840.000000,136
2017-04-20T13:30:00+05:30,1840.000000,1844.000000,1840.000000,1840.050000,10010
2017-04-20T13:45:00+05:30,1840.050000,1841.950000,1840.000000,1841.950000,6523
2017-04-20T14:00:00+05:30,1841.900000,1841.900000,1839.100000,1839.100000,12
2017-04-20T14:15:00+05:30,1839.100000,1849.000000,1839.050000,1840.200000,651
2017-04-20T14:30:00+05:30,1840.200000,1842.000000,1840.200000,1842.000000,14
2017-04-20T14:45:00+05:30,1842.000000,1843.950000,1841.000000,1843.950000,174
2017-04-20T15:00:00+05:30,1840.000000,1840.000000,1835.000000,1839.800000,142
2017-04-20T15:15:00+05:30,1839.800000,1839.800000,1819.050000,1820.000000,515
2017-04-21T09:15:00+05:30,1857.900000,1857.900000,1827.950000,1832.000000,179
2017-04-21T09:30:00+05:30,1830.000000,1838.000000,1825.650000,1834.350000,350
2017-04-21T09:45:00+05:30,1834.350000,1843.450000,1834.000000,1842.950000,165
2017-04-21T10:00:00+05:30,1836.100000,1847.900000,1836.100000,1847.400000,348
2017-04-21T10:15:00+05:30,1847.400000,1847.400000,1838.950000,1840.900000,318
2017-04-21T10:30:00+05:30,1840.900000,1841.000000,1834.400000,1839.900000,546
2017-04-21T10:45:00+05:30,1839.900000,1841.950000,1836.000000,1836.000000,64
2017-04-21T11:00:00+05:30,1836.000000,1839.000000,1834.000000,1838.900000,98
2017-04-21T11:15:00+05:30,1838.900000,1839.000000,1834.550000,1836.050000,111
2017-04-21T11:30:00+05:30,1836.050000,1840.000000,1836.050000,1839.000000,39
2017-04-21T11:45:00+05:30,1839.000000,1839.950000,1835.000000,1838.450000,17
2017-04-21T12:00:00+05:30,1838.450000,1838.850000,1835.000000,1835.000000,242
2017-04-21T12:15:00+05:30,1835.000000,1835.000000,1830.100000,1830.200000,263
2017-04-21T12:30:00+05:30,1830.200000,1835.250000,1830.100000,1831.200000,76
2017-04-21T12:45:00+05:30,1831.200000,1835.900000,1830.000000,1830.000000,77
2017-04-21T13:00:00+05:30,1833.350000,1833.350000,1826.950000,1826.950000,10126
2017-04-21T13:15:00+05:30,1826.950000,1829.950000,1826.000000,1826.100000,105
2017-04-21T13:30:00+05:30,1826.100000,1829.950000,1825.000000,1826.000000,328
2017-04-21T13:45:00+05:30,1826.000000,1826.000000,1821.150000,1822.100000,112
2017-04-21T14:00:00+05:30,1822.100000,1830.000000,1821.100000,1822.100000,579
2017-04-21T14:15:00+05:30,1822.100000,1825.000000,1822.000000,1822.000000,133
2017-04-21T14:30:00+05:30,1822.000000,1840.500000,1820.000000,1837.950000,1228
2017-04-21T14:45:00+05:30,1837.950000,1837.950000,1826.850000,1830.000000,128
2017-04-21T15:00:00+05:30,1829.950000,1832.900000,1821.500000,1825.350000,484
2017-04-21T15:15:00+05:30,1826.700000,1829.550000,1818.050000,1820.150000,665
2017-04-24T09:15:00+05:30,1830.550000,1830.550000,1811.000000,1812.050000,222
2017-04-24T09:30:00+05:30,1812.050000,1819.100000,1812.050000,1815.000000,40
2017-04-24T09:45:00+05:30,1815.000000,1816.000000,1809.050000,1816.000000,510
2017-04-24T10:00:00+05:30,1816.000000,1816.000000,1808.400000,1810.000000,221
2017-04-24T10:15:00+05:30,1810.000000,1812.000000,1808.150000,1812.000000,274
2017-04-24T10:30:00+05:30,1812.000000,1815.000000,1810.200000,1810.200000,27
2017-04-24T10:45:00+05:30,1810.200000,1813.400000,1808.150000,1808.150000,46
2017-04-24T11:00:00+05:30,1810.000000,1810.000000,1802.150000,1808.000000,264
2017-04-24T11:15:00+05:30,1808.000000,1808.000000,1786.500000,1786.550000,1604
2017-04-24T11:30:00+05:30,1786.550000,1793.900000,1786.550000,1791.350000,196
2017-04-24T11:45:00+05:30,1791.350000,1793.950000,1789.550000,1793.950000,121
2017-04-24T12:00:00+05:30,1793.950000,1799.700000,1793.950000,1797.450000,138
2017-04-24T12:15:00+05:30,1797.450000,1799.800000,1796.850000,1797.000000,212
2017-04-24T12:30:00+05:30,1797.000000,1808.900000,1797.000000,1808.650000,239
2017-04-24T12:45:00+05:30,1808.650000,1808.650000,1802.000000,1802.000000,128
2017-04-24T13:00:00+05:30,1802.000000,1802.000000,1800.000000,1800.150000,103
2017-04-24T13:15:00+05:30,1800.150000,1802.000000,1799.100000,1802.000000,206
2017-04-24T13:30:00+05:30,1802.000000,1808.000000,1802.000000,1805.000000,147
2017-04-24T13:45:00+05:30,1806.000000,1809.000000,1806.000000,1808.900000,129
2017-04-24T14:00:00+05:30,1808.900000,1809.650000,1806.100000,1807.000000,109
2017-04-24T14:15:00+05:30,1807.000000,1807.850000,1805.000000,1805.000000,275
2017-04-24T14:30:00+05:30,1805.000000,1805.000000,1800.050000,1802.300000,102
2017-04-24T14:45:00+05:30,1802.300000,1807.900000,1800.000000,1805.200000,440
2017-04-24T15:00:00+05:30,1805.200000,1807.000000,1794.100000,1803.250000,1753
2017-04-24T15:15:00+05:30,1804.950000,1804.950000,1790.000000,1792.250000,2540
2017-04-25T09:15:00+05:30,1803.000000,1806.950000,1788.050000,1800.700000,181
2017-04-25T09:30:00+05:30,1800.700000,1804.350000,1797.050000,1800.000000,234
2017-04-25T09:45:00+05:30,1800.000000,1800.000000,1786.550000,1795.500000,198
2017-04-25T10:00:00+05:30,1795.500000,1796.000000,1790.000000,1792.200000,164
2017-04-25T10:15:00+05:30,1792.200000,1794.000000,1791.050000,1793.950000,169
2017-04-25T10:30:00+05:30,1793.950000,1793.950000,1789.000000,1792.150000,358
2017-04-25T10:45:00+05:30,1792.150000,1794.650000,1790.000000,1794.150000,75
2017-04-25T11:00:00+05:30,1794.150000,1794.450000,1790.750000,1793.850000,126
2017-04-25T11:15:00+05:30,1793.850000,1799.500000,1791.800000,1799.500000,121
2017-04-25T11:30:00+05:30,1799.500000,1807.450000,1799.000000,1804.150000,150
2017-04-25T11:45:00+05:30,1804.150000,1805.350000,1800.000000,1805.350000,78
2017-04-25T12:00:00+05:30,1805.350000,1809.900000,1804.850000,1807.450000,121
2017-04-25T12:15:00+05:30,1807.450000,1809.700000,1803.050000,1803.050000,93
2017-04-25T12:30:00+05:30,1803.050000,1809.750000,1803.050000,1806.050000,118
2017-04-25T12:45:00+05:30,1806.050000,1809.800000,1805.000000,1809.000000,239
2017-04-25T13:00:00+05:30,1809.000000,1809.900000,1805.000000,1807.300000,106
2017-04-25T13:15:00+05:30,1807.300000,1809.850000,1801.950000,1803.550000,712
2017-04-25T13:30:00+05:30,1803.550000,1805.000000,1803.550000,1805.000000,17
2017-04-25T13:45:00+05:30,1805.000000,1808.900000,1805.000000,1807.850000,7
2017-04-25T14:00:00+05:30,1807.850000,1809.900000,1807.000000,1809.000000,79
2017-04-25T14:15:00+05:30,1809.000000,1809.000000,1802.550000,1809.000000,128
2017-04-25T14:30:00+05:30,1809.000000,1809.000000,1795.000000,1799.950000,390
2017-04-25T14:45:00+05:30,1799.950000,1804.000000,1792.000000,1800.000000,273
2017-04-25T15:00:00+05:30,1800.000000,1802.000000,1797.000000,1800.000000,2087
2017-04-25T15:15:00+05:30,1800.000000,1800.000000,1792.000000,1798.950000,1709
2017-04-26T09:15:00+05:30,1798.950000,1802.750000,1791.000000,1802.750000,154
2017-04-26T09:30:00+05:30,1802.750000,1802.750000,1795.000000,1796.000000,90
2017-04-26T09:45:00+05:30,1796.000000,1796.000000,1795.000000,1795.000000,122
2017-04-26T10:00:00+05:30,1795.000000,1802.000000,1795.000000,1800.000000,200
2017-04-26T10:15:00+05:30,1800.000000,1800.000000,1795.000000,1795.050000,125
2017-04-26T10:30:00+05:30,1795.050000,1801.450000,1793.250000,1793.300000,660
2017-04-26T10:45:00+05:30,1793.300000,1794.150000,1793.250000,1793.900000,292
2017-04-26T11:00:00+05:30,1793.900000,1796.600000,1793.900000,1795.550000,117
2017-04-26T11:15:00+05:30,1795.550000,1795.550000,1795.000000,1795.000000,57
2017-04-26T11:30:00+05:30,1795.000000,1795.850000,1789.300000,1789.900000,558
2017-04-26T11:45:00+05:30,1789.900000,1790.000000,1786.500000,1786.550000,335
2017-04-26T12:00:00+05:30,1786.550000,1787.000000,1773.250000,1779.400000,1195
2017-04-26T12:15:00+05:30,1779.400000,1781.900000,1758.000000,1760.000000,1767
2017-04-26T12:30:00+05:30,1760.000000,1765.000000,1758.000000,1758.000000,984
2017-04-26T12:45:00+05:30,1758.000000,1761.950000,1756.650000,1760.000000,568
2017-04-26T13:00:00+05:30,1760.000000,1765.000000,1750.000000,1750.000000,1169
2017-04-26T13:15:00+05:30,1750.000000,1752.950000,1746.000000,1750.000000,665
2017-04-26T13:30:00+05:30,1750.000000,1753.450000,1746.650000,1747.000000,596
2017-04-26T13:45:00+05:30,1747.000000,1757.950000,1746.650000,1748.000000,879
2017-04-26T14:00:00+05:30,1748.000000,1750.050000,1746.050000,1749.000000,505
2017-04-26T14:15:00+05:30,1749.000000,1750.000000,1741.700000,1746.000000,572
2017-04-26T14:30:00+05:30,1746.000000,1747.000000,1737.000000,1740.000000,1510
2017-04-26T14:45:00+05:30,1740.000000,1750.750000,1740.000000,1741.550000,730
2017-04-26T15:00:00+05:30,1741.550000,1745.950000,1739.000000,1741.000000,1032
2017-04-26T15:15:00+05:30,1740.000000,1758.000000,1735.000000,1740.000000,2459
2017-04-27T09:15:00+05:30,1740.000000,1756.150000,1721.300000,1722.500000,830
2017-04-27T09:30:00+05:30,1722.500000,1731.750000,1721.300000,1731.750000,503
2017-04-27T09:45:00+05:30,1731.750000,1738.250000,1730.050000,1731.850000,314
2017-04-27T10:00:00+05:30,1730.050000,1733.050000,1730.000000,1733.050000,196
2017-04-27T10:15:00+05:30,1733.050000,1736.900000,1732.400000,1736.250000,304
2017-04-27T10:30:00+05:30,1736.250000,1738.850000,1736.250000,1737.000000,178
2017-04-27T10:45:00+05:30,1737.000000,1737.000000,1730.150000,1736.900000,164
2017-04-27T11:00:00+05:30,1736.900000,1741.850000,1736.550000,1736.550000,429
2017-04-27T11:15:00+05:30,1736.550000,1740.000000,1736.550000,1740.000000,206
2017-04-27T11:30:00+05:30,1740.000000,1742.000000,1738.450000,1741.100000,149
2017-04-27T11:45:00+05:30,1741.100000,1742.500000,1741.050000,1741.050000,166
2017-04-27T12:00:00+05:30,1741.050000,1749.900000,1741.050000,1749.900000,986
2017-04-27T12:15:00+05:30,1749.900000,1749.900000,1740.000000,1741.200000,1352
2017-04-27T12:30:00+05:30,1741.200000,1741.750000,1740.050000,1741.750000,219
2017-04-27T12:45:00+05:30,1741.750000,1741.750000,1735.000000,1738.000000,433
2017-04-27T13:00:00+05:30,1738.000000,1738.000000,1735.600000,1736.000000,42
2017-04-27T13:15:00+05:30,1736.000000,1736.000000,1730.000000,1732.550000,550
2017-04-27T13:30:00+05:30,1732.550000,1739.950000,1732.550000,1737.450000,121
2017-04-27T13:45:00+05:30,1737.450000,1749.350000,1737.450000,1743.900000,183
2017-04-27T14:00:00+05:30,1743.900000,1743.900000,1730.000000,1732.750000,223
2017-04-27T14:15:00+05:30,1732.750000,1741.600000,1732.550000,1732.650000,143
2017-04-27T14:30:00+05:30,1732.650000,1739.800000,1732.650000,1736.850000,83
2017-04-27T14:45:00+05:30,1736.850000,1739.750000,1734.150000,1739.750000,32
2017-04-27T15:00:00+05:30,1739.750000,1745.900000,1735.000000,1742.900000,2626
2017-04-27T15:15:00+05:30,1744.350000,1756.400000,1727.900000,1730.000000,4817
2017-04-28T09:15:00+05:30,1754.850000,1754.850000,1742.150000,1742.150000,405
2017-04-28T09:30:00+05:30,1742.150000,1747.400000,1734.900000,1742.200000,323
2017-04-28T09:45:00+05:30,1742.200000,1742.200000,1735.750000,1737.600000,276
2017-04-28T10:00:00+05:30,1735.750000,1735.750000,1730.100000,1732.450000,363
2017-04-28T10:15:00+05:30,1732.450000,1737.950000,1728.000000,1734.000000,439
2017-04-28T10:30:00+05:30,1734.000000,1738.000000,1734.000000,1736.750000,143
2017-04-28T10:45:00+05:30,1736.750000,1736.750000,1732.800000,1734.000000,1026
2017-04-28T11:00:00+05:30,1734.000000,1734.000000,1730.000000,1734.000000,188
2017-04-28T11:15:00+05:30,1734.000000,1734.000000,1732.750000,1732.750000,126
2017-04-28T11:30:00+05:30,1732.750000,1734.000000,1732.750000,1734.000000,63
2017-04-28T11:45:00+05:30,1734.000000,1734.000000,1732.700000,1734.000000,133
2017-04-28T12:00:00+05:30,1734.000000,1734.000000,1733.500000,1734.000000,91
2017-04-28T12:15:00+05:30,1733.800000,1734.000000,1733.600000,1734.000000,170
2017-04-28T12:30:00+05:30,1734.000000,1734.000000,1733.600000,1734.000000,13
2017-04-28T12:45:00+05:30,1734.000000,1737.950000,1734.000000,1735.700000,59
2017-04-28T13:00:00+05:30,1735.700000,1736.000000,1730.150000,1731.200000,180
2017-04-28T13:15:00+05:30,1733.400000,1735.050000,1732.200000,1733.000000,136
2017-04-28T13:30:00+05:30,1733.000000,1738.800000,1732.250000,1735.950000,399
2017-04-28T13:45:00+05:30,1735.950000,1737.950000,1730.000000,1732.650000,379
2017-04-28T14:00:00+05:30,1733.100000,1739.900000,1732.900000,1737.900000,85
2017-04-28T14:15:00+05:30,1737.900000,1742.950000,1734.650000,1739.000000,211
2017-04-28T14:30:00+05:30,1739.000000,1746.000000,1739.000000,1741.000000,328
2017-04-28T14:45:00+05:30,1741.000000,1743.200000,1739.000000,1742.000000,143
2017-04-28T15:00:00+05:30,1742.000000,1742.000000,1735.150000,1739.000000,363
2017-04-28T15:15:00+05:30,1739.000000,1743.950000,1730.100000,1730.100000,2364
2017-05-02T09:15:00+05:30,1736.000000,1749.800000,1730.000000,1733.500000,330
2017-05-02T09:30:00+05:30,1733.500000,1733.950000,1726.050000,1729.950000,327
2017-05-02T09:45:00+05:30,1725.000000,1730.000000,1716.150000,1720.450000,892
2017-05-02T10:00:00+05:30,1720.450000,1721.700000,1719.350000,1721.000000,47
2017-05-02T10:15:00+05:30,1721.000000,1723.400000,1698.550000,1711.400000,3647
2017-05-02T10:30:00+05:30,1711.400000,1711.450000,1702.550000,1705.000000,560
2017-05-02T10:45:00+05:30,1705.000000,1705.000000,1699.000000,1699.200000,825
2017-05-02T11:00:00+05:30,1699.200000,1700.800000,1699.000000,1699.050000,702
2017-05-02T11:15:00+05:30,1699.050000,1700.000000,1698.700000,1699.850000,306
2017-05-02T11:30:00+05:30,1699.850000,1700.000000,1698.000000,1700.000000,486
2017-05-02T11:45:00+05:30,1700.000000,1701.000000,1698.000000,1700.000000,4695
2017-05-02T12:00:00+05:30,1700.000000,1702.950000,1699.000000,1700.400000,987
2017-05-02T12:15:00+05:30,1700.400000,1708.000000,1699.000000,1699.450000,1004
2017-05-02T12:30:00+05:30,1699.450000,1700.400000,1699.050000,1700.350000,523
2017-05-02T12:45:00+05:30,1700.350000,1700.700000,1699.100000,1699.850000,198
2017-05-02T13:00:00+05:30,1699.850000,1699.950000,1699.000000,1699.900000,258
2017-05-02T13:15:00+05:30,1699.900000,1702.450000,1698.700000,1700.500000,620
2017-05-02T13:30:00+05:30,1700.500000,1700.500000,1699.500000,1700.450000,1211
2017-05-02T13:45:00+05:30,1700.450000,1701.000000,1700.150000,1700.750000,1182
2017-05-02T14:00:00+05:30,1700.750000,1701.350000,1700.200000,1701.300000,579
2017-05-02T14:15:00+05:30,1701.300000,1703.800000,1700.200000,1703.000000,500
2017-05-02T14:30:00+05:30,1702.000000,1704.000000,1701.000000,1703.450000,299
2017-05-02T14:45:00+05:30,1702.000000,1703.150000,1700.300000,1702.100000,450
2017-05-02T15:00:00+05:30,1702.100000,1710.200000,1702.000000,1705.000000,4908
2017-05-02T15:15:00+05:30,1705.000000,1708.000000,1702.000000,1702.000000,6832
2017-05-03T09:15:00+05:30,1736.950000,1736.950000,1696.550000,1700.000000,586
2017-05-03T09:30:00+05:30,1700.000000,1705.450000,1700.000000,1703.000000,130
2017-05-03T09:45:00+05:30,1703.000000,1704.850000,1703.000000,1704.850000,91
2017-05-03T10:00:00+05:30,1703.000000,1705.950000,1703.000000,1705.650000,250
2017-05-03T10:15:00+05:30,1705.650000,1714.400000,1705.650000,1708.400000,398
2017-05-03T10:30:00+05:30,1708.400000,1710.000000,1708.000000,1710.000000,399
2017-05-03T10:45:00+05:30,1710.000000,1715.000000,1708.450000,1711.750000,290
2017-05-03T11:00:00+05:30,1711.750000,1711.750000,1707.000000,1707.000000,139
2017-05-03T11:15:00+05:30,1707.000000,1709.000000,1702.000000,1703.000000,963
2017-05-03T11:30:00+05:30,1703.000000,1709.950000,1702.400000,1707.750000,386
2017-05-03T11:45:00+05:30,1707.750000,1708.350000,1705.000000,1705.000000,35
2017-05-03T12:00:00+05:30,1705.000000,1709.700000,1705.000000,1709.500000,77
2017-05-03T12:15:00+05:30,1709.500000,1710.000000,1706.000000,1706.000000,340
2017-05-03T12:30:00+05:30,1706.000000,1711.000000,1705.100000,1711.000000,413
2017-05-03T12:45:00+05:30,1711.000000,1711.000000,1706.050000,1708.050000,199
2017-05-03T13:00:00+05:30,1708.050000,1710.000000,1706.000000,1708.000000,1145
2017-05-03T13:15:00+05:30,1708.000000,1710.000000,1706.150000,1708.000000,102
2017-05-03T13:30:00+05:30,1708.000000,1718.700000,1708.000000,1716.000000,208
2017-05-03T13:45:00+05:30,1716.000000,1716.000000,1713.000000,1714.000000,332
2017-05-03T14:00:00+05:30,1714.000000,1721.000000,1706.550000,1714.650000,847
2017-05-03T14:15:00+05:30,1714.650000,1714.650000,1709.000000,1709.000000,254
2017-05-03T14:30:00+05:30,1709.000000,1710.000000,1708.000000,1710.000000,612
2017-05-03T14:45:00+05:30,1710.000000,1711.250000,1708.050000,1710.350000,113
2017-05-03T15:00:00+05:30,1710.350000,1716.500000,1709.200000,1714.500000,2137
2017-05-03T15:15:00+05:30,1711.850000,1721.000000,1711.000000,1711.000000,2933
2017-05-04T09:15:00+05:30,1720.000000,1720.000000,1714.000000,1718.950000,113
2017-05-04T09:30:00+05:30,1718.950000,1725.000000,1714.650000,1725.000000,257
2017-05-04T09:45:00+05:30,1725.000000,1729.000000,1718.400000,1722.600000,787
2017-05-04T10:00:00+05:30,1722.600000,1729.000000,1722.300000,1723.900000,778
2017-05-04T10:15:00+05:30,1723.900000,1724.950000,1722.250000,1723.200000,153
2017-05-04T10:30:00+05:30,1723.200000,1725.950000,1720.050000,1720.050000,60
2017-05-04T10:45:00+05:30,1720.050000,1723.750000,1719.800000,1720.750000,61
2017-05-04T11:00:00+05:30,1720.750000,1735.550000,1720.100000,1732.450000,1184
2017-05-04T11:15:00+05:30,1732.250000,1732.250000,1718.000000,1718.000000,701
2017-05-04T11:30:00+05:30,1718.000000,1723.750000,1715.500000,1721.850000,270
2017-05-04T11:45:00+05:30,1720.000000,1725.000000,1716.150000,1725.000000,113
2017-05-04T12:00:00+05:30,1725.000000,1728.000000,1724.050000,1726.700000,37
2017-05-04T12:15:00+05:30,1726.700000,1734.450000,1723.250000,1726.550000,810
2017-05-04T12:30:00+05:30,1726.550000,1727.000000,1723.000000,1724.150000,129
2017-05-04T12:45:00+05:30,1724.150000,1728.900000,1724.150000,1725.350000,63
2017-05-04T13:00:00+05:30,1725.350000,1726.950000,1724.400000,1725.000000,281
2017-05-04T13:15:00+05:30,1725.000000,1727.850000,1725.000000,1725.050000,281
2017-05-04T13:30:00+05:30,1725.050000,1727.500000,1725.000000,1727.500000,40
2017-05-04T13:45:00+05:30,1727.500000,1728.950000,1726.000000,1728.950000,21
2017-05-04T14:00:00+05:30,1728.950000,1728.950000,1725.000000,1725.050000,127
2017-05-04T14:15:00+05:30,1725.050000,1728.800000,1725.000000,1727.950000,94
2017-05-04T14:30:00+05:30,1727.950000,1728.000000,1725.100000,1727.550000,38
2017-05-04T14:45:00+05:30,1727.550000,1728.000000,1726.000000,1726.500000,185
2017-05-04T15:00:00+05:30,1726.500000,1734.900000,1725.000000,1730.200000,707
2017-05-04T15:15:00+05:30,1730.200000,1744.000000,1725.000000,1726.000000,3621
2017-05-05T09:15:00+05:30,1730.100000,1730.100000,1721.650000,1721.650000,179
2017-05-05T09:30:00+05:30,1721.650000,1725.000000,1721.350000,1724.950000,202
2017-05-05T09:45:00+05:30,1725.000000,1739.800000,1725.000000,1725.100000,273
2017-05-05T10:00:00+05:30,1725.100000,1728.900000,1725.100000,1726.050000,47
2017-05-05T10:15:00+05:30,1726.050000,1726.100000,1726.000000,1726.100000,74
2017-05-05T10:30:00+05:30,1726.100000,1726.100000,1720.000000,1724.950000,331
2017-05-05T10:45:00+05:30,1724.950000,1724.950000,1716.050000,1716.050000,281
2017-05-05T11:00:00+05:30,1716.050000,1723.450000,1716.050000,1723.450000,224
2017-05-05T11:15:00+05:30,1723.450000,1723.450000,1715.200000,1717.900000,574
2017-05-05T11:30:00+05:30,1717.900000,1718.400000,1717.000000,1718.400000,90
2017-05-05T11:45:00+05:30,1718.400000,1718.400000,1716.950000,1718.000000,874
2017-05-05T12:00:00+05:30,1718.000000,1718.300000,1717.000000,1717.200000,141
2017-05-05T12:15:00+05:30,1717.200000,1719.950000,1717.000000,1717.050000,688
2017-05-05T12:30:00+05:30,1717.050000,1720.000000,1717.000000,1720.000000,351
2017-05-05T12:45:00+05:30,1720.000000,1721.950000,1720.000000,1721.950000,24
2017-05-05T13:00:00+05:30,1721.950000,1723.200000,1720.000000,1720.000000,11
2017-05-05T13:15:00+05:30,1720.000000,1721.900000,1720.000000,1720.000000,208
2017-05-05T13:30:00+05:30,1720.000000,1720.050000,1720.000000,1720.000000,39
2017-05-05T13:45:00+05:30,1720.000000,1721.850000,1720.000000,1721.000000,84
2017-05-05T14:00:00+05:30,1721.850000,1721.900000,1720.550000,1721.900000,33
2017-05-05T14:15:00+05:30,1721.900000,1724.600000,1720.300000,1722.100000,112
2017-05-05T14:30:00+05:30,1722.100000,1727.850000,1720.550000,1727.000000,84
2017-05-05T14:45:00+05:30,1727.000000,1730.000000,1725.000000,1726.850000,1019
2017-05-05T15:00:00+05:30,1726.850000,1729.250000,1723.600000,1725.350000,1066
2017-05-05T15:15:00+05:30,1725.350000,1736.300000,1725.000000,1725.000000,2426
2017-05-08T09:15:00+05:30,1708.000000,1735.000000,1705.150000,1712.000000,1548
2017-05-08T09:30:00+05:30,1712.000000,1714.500000,1707.200000,1710.000000,970
2017-05-08T09:45:00+05:30,1710.000000,1714.000000,1710.000000,1713.850000,577
2017-05-08T10:00:00+05:30,1713.850000,1716.000000,1710.000000,1710.000000,544
2017-05-08T10:15:00+05:30,1710.000000,1714.600000,1707.050000,1707.100000,415
2017-05-08T10:30:00+05:30,1707.100000,1711.800000,1707.100000,1708.550000,180
2017-05-08T10:45:00+05:30,1708.550000,1713.000000,1708.000000,1712.050000,553
2017-05-08T11:00:00+05:30,1712.050000,1714.950000,1708.550000,1708.550000,214
2017-05-08T11:15:00+05:30,1708.550000,1714.450000,1708.000000,1709.000000,208
2017-05-08T11:30:00+05:30,1709.000000,1715.950000,1708.050000,1708.550000,154
2017-05-08T11:45:00+05:30,1709.500000,1712.500000,1708.550000,1708.600000,63
2017-05-08T12:00:00+05:30,1708.600000,1708.600000,1708.550000,1708.550000,70
2017-05-08T12:15:00+05:30,1708.550000,1708.550000,1702.050000,1703.000000,1355
2017-05-08T12:30:00+05:30,1703.000000,1705.000000,1702.550000,1704.000000,15547
2017-05-08T12:45:00+05:30,1702.800000,1704.950000,1702.500000,1704.950000,254
2017-05-08T13:00:00+05:30,1705.000000,1705.000000,1702.000000,1702.050000,172
2017-05-08T13:15:00+05:30,1702.050000,1705.000000,1700.000000,1701.200000,688
2017-05-08T13:30:00+05:30,1701.200000,1704.950000,1701.050000,1704.400000,414
2017-05-08T13:45:00+05:30,1704.400000,1704.400000,1701.000000,1703.900000,179
2017-05-08T14:00:00+05:30,1703.900000,1703.900000,1700.000000,1703.700000,498
2017-05-08T14:15:00+05:30,1703.700000,1703.750000,1701.100000,1703.550000,246
2017-05-08T14:30:00+05:30,1703.550000,1705.000000,1701.400000,1701.500000,1629
2017-05-08T14:45:00+05:30,1701.500000,1710.000000,1698.000000,1702.650000,4078
2017-05-08T15:00:00+05:30,1702.650000,1703.500000,1695.100000,1696.200000,1953
2017-05-08T15:15:00+05:30,1696.200000,1708.000000,1692.000000,1708.000000,4185
2017-05-09T09:15:00+05:30,1717.400000,1717.400000,1692.050000,1701.400000,351
2017-05-09T09:30:00+05:30,1701.400000,1712.900000,1701.400000,1708.600000,100
2017-05-09T09:45:00+05:30,1709.950000,1710.050000,1708.000000,1708.000000,132
2017-05-09T10:00:00+05:30,1708.000000,1708.000000,1705.950000,1706.000000,27
2017-05-09T10:15:00+05:30,1706.000000,1706.000000,1695.000000,1703.900000,142
2017-05-09T10:30:00+05:30,1703.900000,1703.900000,1696.000000,1700.000000,178
2017-05-09T10:45:00+05:30,1700.000000,1702.400000,1700.000000,1700.000000,10
2017-05-09T11:00:00+05:30,1700.000000,1700.000000,1696.000000,1699.400000,133
2017-05-09T11:15:00+05:30,1699.400000,1699.400000,1695.000000,1696.950000,117
2017-05-09T11:30:00+05:30,1696.950000,1699.950000,1695.050000,1699.950000,91
2017-05-09T11:45:00+05:30,1699.950000,1699.950000,1697.000000,1697.000000,15
2017-05-09T12:00:00+05:30,1697.000000,1700.000000,1697.000000,1700.000000,76
2017-05-09T12:15:00+05:30,1700.000000,1702.350000,1700.000000,1702.350000,19
2017-05-09T12:30:00+05:30,1702.350000,1712.900000,1696.250000,1711.000000,1282
2017-05-09T12:45:00+05:30,1711.000000,1712.000000,1710.000000,1711.050000,149
2017-05-09T13:00:00+05:30,1711.050000,1714.450000,1710.000000,1710.050000,284
2017-05-09T13:15:00+05:30,1710.050000,1710.050000,1707.500000,1707.500000,10
2017-05-09T13:30:00+05:30,1707.500000,1707.500000,1705.150000,1705.150000,29
2017-05-09T13:45:00+05:30,1705.150000,1709.950000,1705.150000,1709.300000,99
2017-05-09T14:00:00+05:30,1709.300000,1709.300000,1705.000000,1705.000000,66
2017-05-09T14:15:00+05:30,1705.000000,1708.000000,1705.000000,1708.000000,7
2017-05-09T14:30:00+05:30,1708.000000,1710.050000,1707.050000,1710.050000,133
2017-05-09T14:45:00+05:30,1709.100000,1713.000000,1709.100000,1712.850000,87
2017-05-09T15:00:00+05:30,1712.850000,1717.000000,1710.100000,1711.600000,290
2017-05-09T15:15:00+05:30,1711.600000,1724.950000,1711.600000,1713.150000,1623
2017-05-10T09:15:00+05:30,1734.950000,1734.950000,1720.550000,1724.500000,92
2017-05-10T09:30:00+05:30,1724.500000,1730.800000,1724.500000,1726.550000,299
2017-05-10T09:45:00+05:30,1722.150000,1732.050000,1722.150000,1729.600000,100
2017-05-10T10:00:00+05:30,1729.600000,1732.000000,1723.550000,1729.800000,144
2017-05-10T10:15:00+05:30,1729.800000,1730.000000,1725.050000,1727.850000,80
2017-05-10T10:30:00+05:30,1727.850000,1728.000000,1727.850000,1728.000000,167
2017-05-10T10:45:00+05:30,1728.000000,1730.000000,1725.000000,1730.000000,228
2017-05-10T11:00:00+05:30,1730.000000,1730.000000,1726.000000,1729.650000,85
2017-05-10T11:15:00+05:30,1729.650000,1730.000000,1725.900000,1729.950000,158
2017-05-10T11:30:00+05:30,1729.950000,1730.000000,1720.000000,1721.250000,420
2017-05-10T11:45:00+05:30,1721.250000,1721.250000,1710.000000,1717.000000,333
2017-05-10T12:00:00+05:30,1717.000000,1724.800000,1717.000000,1724.800000,178
2017-05-10T12:15:00+05:30,1724.800000,1724.800000,1722.050000,1722.050000,64
2017-05-10T12:30:00+05:30,1722.050000,1722.050000,1720.250000,1722.000000,17
2017-05-10T12:45:00+05:30,1722.000000,1724.700000,1722.000000,1724.700000,4
2017-05-10T13:00:00+05:30,1724.700000,1724.750000,1722.100000,1722.100000,32
2017-05-10T13:15:00+05:30,1722.100000,1722.100000,1715.050000,1717.000000,359
2017-05-10T13:30:00+05:30,1717.000000,1717.000000,1710.000000,1713.950000,261
2017-05-10T13:45:00+05:30,1713.950000,1716.950000,1713.900000,1716.550000,15
2017-05-10T14:00:00+05:30,1716.550000,1716.550000,1709.950000,1710.000000,517
2017-05-10T14:15:00+05:30,1710.000000,1710.000000,1708.100000,1708.100000,71
2017-05-10T14:30:00+05:30,1708.100000,1713.950000,1703.150000,1712.900000,274
2017-05-10T14:45:00+05:30,1712.900000,1713.950000,1710.050000,1712.800000,83
2017-05-10T15:00:00+05:30,1712.800000,1730.000000,1712.800000,1726.000000,1356
2017-05-10T15:15:00+05:30,1730.000000,1730.000000,1712.000000,1718.950000,2375
2017-05-11T09:15:00+05:30,1721.000000,1733.950000,1713.100000,1729.950000,93
2017-05-11T09:30:00+05:30,1729.950000,1729.950000,1718.050000,1719.950000,191
2017-05-11T09:45:00+05:30,1719.950000,1720.000000,1719.950000,1719.950000,33
2017-05-11T10:00:00+05:30,1719.950000,1720.000000,1718.400000,1720.000000,60
2017-05-11T10:15:00+05:30,1720.000000,1725.000000,1720.000000,1724.850000,70
2017-05-11T10:30:00+05:30,1724.850000,1724.850000,1719.050000,1720.000000,79
2017-05-11T10:45:00+05:30,1720.000000,1720.000000,1714.650000,1717.400000,65
2017-05-11T11:00:00+05:30,1717.400000,1720.000000,1717.400000,1717.500000,44
2017-05-11T11:15:00+05:30,1717.500000,1718.050000,1714.000000,1714.000000,94
2017-05-11T11:30:00+05:30,1714.000000,1716.000000,1713.000000,1715.900000,176
2017-05-11T11:45:00+05:30,1715.900000,1716.950000,1713.100000,1715.950000,40
2017-05-11T12:00:00+05:30,1715.950000,1716.650000,1710.000000,1710.050000,927
2017-05-11T12:15:00+05:30,1710.050000,1710.100000,1708.050000,1710.050000,81
2017-05-11T12:30:00+05:30,1710.050000,1711.350000,1705.000000,1710.600000,1049
2017-05-11T12:45:00+05:30,1710.600000,1712.650000,1709.700000,1712.650000,1124
2017-05-11T13:00:00+05:30,1712.650000,1712.650000,1708.000000,1712.400000,32
2017-05-11T13:15:00+05:30,1712.400000,1712.450000,1708.600000,1711.800000,76
2017-05-11T13:30:00+05:30,1711.800000,1712.850000,1710.000000,1712.850000,43
2017-05-11T13:45:00+05:30,1712.850000,1712.900000,1710.000000,1711.000000,92
2017-05-11T14:00:00+05:30,1711.000000,1711.000000,1705.600000,1706.800000,343
2017-05-11T14:15:00+05:30,1706.800000,1713.000000,1706.800000,1713.000000,442
2017-05-11T14:30:00+05:30,1713.000000,1715.050000,1710.050000,1715.050000,68
2017-05-11T14:45:00+05:30,1715.050000,1715.050000,1711.000000,1714.000000,50
2017-05-11T15:00:00+05:30,1714.000000,1714.000000,1706.150000,1711.000000,462
2017-05-11T15:15:00+05:30,1711.000000,1730.000000,1705.200000,1729.900000,2637
2017-05-12T09:15:00+05:30,1705.000000,1714.800000,1705.000000,1710.000000,188
2017-05-12T09:30:00+05:30,1710.000000,1715.000000,1710.000000,1715.000000,54
2017-05-12T09:45:00+05:30,1715.000000,1715.000000,1710.000000,1710.000000,80
2017-05-12T10:00:00+05:30,1710.000000,1711.000000,1710.000000,1710.050000,109
2017-05-12T10:15:00+05:30,1710.050000,1710.100000,1708.550000,1708.550000,179
2017-05-12T10:30:00+05:30,1708.550000,1714.950000,1708.550000,1714.950000,42
2017-05-12T10:45:00+05:30,1714.950000,1715.000000,1711.000000,1711.000000,14
2017-05-12T11:00:00+05:30,1711.000000,1711.000000,1698.050000,1700.000000,1560
2017-05-12T11:15:00+05:30,1700.000000,1705.000000,1699.050000,1705.000000,604
2017-05-12T11:30:00+05:30,1705.000000,1713.900000,1700.600000,1709.900000,1035
2017-05-12T11:45:00+05:30,1709.900000,1712.050000,1709.050000,1710.000000,143
2017-05-12T12:00:00+05:30,1710.000000,1710.000000,1706.850000,1706.850000,30
2017-05-12T12:15:00+05:30,1706.850000,1708.350000,1706.850000,1708.350000,2
2017-05-12T12:30:00+05:30,1708.350000,1710.000000,1705.000000,1710.000000,318
2017-05-12T12:45:00+05:30,1710.000000,1714.200000,1707.000000,1710.000000,66
2017-05-12T13:00:00+05:30,1710.000000,1712.950000,1710.000000,1712.950000,3
2017-05-12T13:15:00+05:30,1712.950000,1715.000000,1709.000000,1715.000000,97
2017-05-12T13:30:00+05:30,1715.000000,1715.000000,1714.700000,1715.000000,27
2017-05-12T13:45:00+05:30,1715.000000,1715.000000,1712.150000,1712.150000,14
2017-05-12T14:00:00+05:30,1712.150000,1715.000000,1711.000000,1715.000000,64
2017-05-12T14:15:00+05:30,1715.000000,1719.900000,1715.000000,1719.600000,232
2017-05-12T14:30:00+05:30,1719.600000,1719.600000,1715.100000,1715.100000,9
2017-05-12T14:45:00+05:30,1715.100000,1718.850000,1714.900000,1716.100000,421
2017-05-12T15:00:00+05:30,1716.100000,1718.900000,1715.050000,1718.800000,245
2017-05-12T15:15:00+05:30,1718.800000,1749.900000,1718.800000,1746.000000,2292
2017-05-15T09:15:00+05:30,1738.500000,1757.950000,1738.500000,1738.750000,255
2017-05-15T09:30:00+05:30,1738.750000,1750.000000,1738.750000,1745.350000,276
2017-05-15T09:45:00+05:30,1745.350000,1747.000000,1743.000000,1744.900000,277
2017-05-15T10:00:00+05:30,1744.900000,1756.000000,1739.250000,1756.000000,605
2017-05-15T10:15:00+05:30,1756.000000,1758.350000,1746.000000,1746.250000,667
2017-05-15T10:30:00+05:30,1746.250000,1754.000000,1746.000000,1752.500000,317
2017-05-15T10:45:00+05:30,1752.500000,1769.000000,1751.250000,1769.000000,1584
2017-05-15T11:00:00+05:30,1769.450000,1787.950000,1764.000000,1773.550000,4732
2017-05-15T11:15:00+05:30,1773.550000,1777.450000,1764.100000,1771.000000,509
2017-05-15T11:30:00+05:30,1771.000000,1778.100000,1767.100000,1774.650000,943
2017-05-15T11:45:00+05:30,1774.650000,1775.000000,1768.550000,1774.150000,250
2017-05-15T12:00:00+05:30,1774.150000,1774.200000,1764.100000,1770.150000,460
2017-05-15T12:15:00+05:30,1770.150000,1773.700000,1767.000000,1768.500000,163
2017-05-15T12:30:00+05:30,1766.550000,1770.000000,1766.500000,1769.900000,251
2017-05-15T12:45:00+05:30,1769.900000,1770.000000,1767.000000,1769.750000,230
2017-05-15T13:00:00+05:30,1769.750000,1770.000000,1765.950000,1770.000000,195
2017-05-15T13:15:00+05:30,1770.000000,1770.000000,1764.000000,1770.000000,204
2017-05-15T13:30:00+05:30,1770.000000,1770.000000,1765.000000,1770.000000,145
2017-05-15T13:45:00+05:30,1770.000000,1770.000000,1765.850000,1768.950000,216
2017-05-15T14:00:00+05:30,1768.950000,1768.950000,1765.250000,1765.750000,183
2017-05-15T14:15:00+05:30,1765.750000,1769.900000,1765.750000,1767.100000,177
2017-05-15T14:30:00+05:30,1767.100000,1769.900000,1764.000000,1767.750000,1602
2017-05-15T14:45:00+05:30,1767.750000,1768.000000,1764.000000,1765.000000,500
2017-05-15T15:00:00+05:30,1765.000000,1775.000000,1749.950000,1773.400000,2498
2017-05-15T15:15:00+05:30,1773.400000,1780.000000,1755.000000,1756.050000,1857
2017-05-16T09:15:00+05:30,1749.050000,1755.000000,1743.050000,1744.000000,450
2017-05-16T09:30:00+05:30,1743.000000,1750.150000,1743.000000,1746.000000,460
2017-05-16T09:45:00+05:30,1746.000000,1748.000000,1740.000000,1744.850000,529
2017-05-16T10:00:00+05:30,1744.850000,1744.900000,1740.500000,1742.900000,153
2017-05-16T10:15:00+05:30,1742.900000,1742.900000,1737.950000,1737.950000,130
2017-05-16T10:30:00+05:30,1737.950000,1740.000000,1737.000000,1737.000000,121
2017-05-16T10:45:00+05:30,1737.000000,1740.000000,1737.000000,1739.950000,92
2017-05-16T11:00:00+05:30,1739.950000,1754.500000,1737.000000,1754.500000,656
2017-05-16T11:15:00+05:30,1754.500000,1755.000000,1748.000000,1750.000000,68
2017-05-16T11:30:00+05:30,1750.000000,1753.000000,1745.000000,1745.000000,139
2017-05-16T11:45:00+05:30,1745.000000,1753.000000,1745.000000,1752.950000,112
2017-05-16T12:00:00+05:30,1752.950000,1752.950000,1751.000000,1752.900000,132
2017-05-16T12:15:00+05:30,1752.900000,1752.900000,1749.950000,1749.950000,29
2017-05-16T12:30:00+05:30,1749.950000,1752.850000,1743.050000,1752.850000,356
2017-05-16T12:45:00+05:30,1752.850000,1752.850000,1739.300000,1749.150000,122
2017-05-16T13:00:00+05:30,1745.000000,1745.000000,1740.500000,1742.000000,164
2017-05-16T13:15:00+05:30,1742.000000,1752.000000,1742.000000,1751.500000,701
2017-05-16T13:30:00+05:30,1751.500000,1752.000000,1750.050000,1750.050000,26
2017-05-16T13:45:00+05:30,1750.050000,1751.900000,1745.900000,1745.900000,419
2017-05-16T14:00:00+05:30,1745.900000,1755.000000,1745.900000,1752.000000,806
2017-05-16T14:15:00+05:30,1751.850000,1751.900000,1750.000000,1751.900000,853
2017-05-16T14:30:00+05:30,1751.900000,1771.150000,1750.000000,1755.050000,2975
2017-05-16T14:45:00+05:30,1755.050000,1765.000000,1751.100000,1752.050000,1035
2017-05-16T15:00:00+05:30,1752.050000,1763.950000,1751.250000,1761.900000,445
2017-05-16T15:15:00+05:30,1761.900000,1773.000000,1756.450000,1772.000000,2316
2017-05-17T09:15:00+05:30,1765.000000,1770.100000,1765.000000,1766.000000,163
2017-05-17T09:30:00+05:30,1765.000000,1765.000000,1747.000000,1749.950000,279
2017-05-17T09:45:00+05:30,1751.000000,1756.050000,1750.600000,1753.450000,98
2017-05-17T10:00:00+05:30,1753.450000,1756.000000,1752.700000,1753.750000,127
2017-05-17T10:15:00+05:30,1753.750000,1768.450000,1753.750000,1762.000000,97
2017-05-17T10:30:00+05:30,1762.000000,1762.000000,1755.000000,1757.750000,48
2017-05-17T10:45:00+05:30,1755.050000,1760.900000,1755.000000,1759.150000,77
2017-05-17T11:00:00+05:30,1759.150000,1759.150000,1755.000000,1756.050000,34
2017-05-17T11:15:00+05:30,1756.050000,1756.050000,1751.100000,1752.000000,249
2017-05-17T11:30:00+05:30,1752.000000,1760.900000,1752.000000,1760.900000,157
2017-05-17T11:45:00+05:30,1760.900000,1760.900000,1755.000000,1755.050000,124
2017-05-17T12:00:00+05:30,1755.050000,1756.350000,1753.000000,1754.950000,103
2017-05-17T12:15:00+05:30,1754.950000,1755.000000,1752.150000,1755.000000,99
2017-05-17T12:30:00+05:30,1755.000000,1756.000000,1755.000000,1755.050000,81
2017-05-17T12:45:00+05:30,1755.050000,1760.000000,1755.050000,1759.700000,197
2017-05-17T13:00:00+05:30,1759.700000,1759.700000,1756.000000,1757.900000,36
2017-05-17T13:15:00+05:30,1757.900000,1757.900000,1757.900000,1757.900000,0
2017-05-17T13:30:00+05:30,1757.900000,1760.000000,1757.900000,1758.000000,26
2017-05-17T13:45:00+05:30,1758.000000,1770.000000,1755.000000,1756.000000,1017
2017-05-17T14:00:00+05:30,1756.000000,1756.000000,1754.300000,1754.300000,48
2017-05-17T14:15:00+05:30,1754.300000,1759.800000,1753.100000,1758.750000,131
2017-05-17T14:30:00+05:30,1758.750000,1758.750000,1755.000000,1757.500000,40
2017-05-17T14:45:00+05:30,1757.500000,1757.950000,1753.150000,1757.750000,154
2017-05-17T15:00:00+05:30,1757.750000,1758.000000,1752.100000,1757.600000,496
2017-05-17T15:15:00+05:30,1757.600000,1757.650000,1752.050000,1755.000000,1471
2017-05-18T09:15:00+05:30,1748.500000,1756.000000,1748.500000,1749.050000,27
2017-05-18T09:30:00+05:30,1749.050000,1755.000000,1749.050000,1749.500000,169
2017-05-18T09:45:00+05:30,1749.500000,1754.000000,1745.000000,1745.000000,95
2017-05-18T10:00:00+05:30,1745.000000,1745.000000,1745.000000,1745.000000,0
2017-05-18T10:15:00+05:30,1745.000000,1747.000000,1745.000000,1747.000000,73
2017-05-18T10:30:00+05:30,1747.000000,1747.000000,1746.100000,1746.100000,23
2017-05-18T10:45:00+05:30,1746.100000,1747.000000,1746.100000,1746.150000,60
2017-05-18T11:00:00+05:30,1748.900000,1748.950000,1746.300000,1748.950000,23
2017-05-18T11:15:00+05:30,1748.950000,1748.950000,1745.500000,1745.500000,103
2017-05-18T11:30:00+05:30,1745.500000,1750.000000,1745.500000,1747.000000,45
2017-05-18T11:45:00+05:30,1747.000000,1751.950000,1747.000000,1750.000000,115
2017-05-18T12:00:00+05:30,1750.000000,1750.000000,1740.050000,1744.450000,98
2017-05-18T12:15:00+05:30,1744.450000,1748.950000,1744.450000,1748.950000,36
2017-05-18T12:30:00+05:30,1748.950000,1748.950000,1742.000000,1745.000000,345
2017-05-18T12:45:00+05:30,1745.000000,1754.000000,1745.000000,1746.800000,751
2017-05-18T13:00:00+05:30,1746.800000,1750.050000,1746.800000,1750.000000,128
2017-05-18T13:15:00+05:30,1750.000000,1750.050000,1750.000000,1750.050000,54
2017-05-18T13:30:00+05:30,1750.050000,1750.050000,1750.000000,1750.000000,75
2017-05-18T13:45:00+05:30,1750.000000,1752.000000,1750.000000,1752.000000,138
2017-05-18T14:00:00+05:30,1752.000000,1752.000000,1750.000000,1750.000000,15
2017-05-18T14:15:00+05:30,1750.000000,1750.750000,1750.000000,1750.750000,63
2017-05-18T14:30:00+05:30,1750.000000,1750.000000,1750.000000,1750.000000,18
2017-05-18T14:45:00+05:30,1750.000000,1751.500000,1750.000000,1751.500000,261
2017-05-18T15:00:00+05:30,1751.500000,1754.900000,1750.000000,1750.050000,15247
2017-05-18T15:15:00+05:30,1753.100000,1760.000000,1750.000000,1759.600000,2256
2017-05-19T09:15:00+05:30,1740.050000,1754.950000,1740.050000,1750.000000,58
2017-05-19T09:30:00+05:30,1750.000000,1754.950000,1743.500000,1748.950000,152
2017-05-19T09:45:00+05:30,1748.950000,1753.450000,1741.050000,1741.050000,350
2017-05-19T10:00:00+05:30,1741.050000,1748.850000,1740.050000,1742.950000,135
2017-05-19T10:15:00+05:30,1742.950000,1743.950000,1736.100000,1737.050000,258
2017-05-19T10:30:00+05:30,1737.050000,1740.000000,1737.050000,1739.000000,70
2017-05-19T10:45:00+05:30,1739.000000,1740.050000,1737.000000,1737.000000,38
2017-05-19T11:00:00+05:30,1737.000000,1749.000000,1737.000000,1745.550000,303
2017-05-19T11:15:00+05:30,1745.550000,1749.000000,1743.400000,1743.400000,47
2017-05-19T11:30:00+05:30,1743.400000,1747.000000,1743.350000,1745.000000,42
2017-05-19T11:45:00+05:30,1745.000000,1745.000000,1741.000000,1742.950000,110
2017-05-19T12:00:00+05:30,1742.950000,1743.000000,1739.100000,1743.000000,16076
2017-05-19T12:15:00+05:30,1743.000000,1743.000000,1738.050000,1741.100000,19
2017-05-19T12:30:00+05:30,1741.100000,1741.350000,1737.000000,1737.000000,200
2017-05-19T12:45:00+05:30,1737.000000,1737.150000,1735.550000,1735.550000,334
2017-05-19T13:00:00+05:30,1735.550000,1737.100000,1731.000000,1736.700000,258
2017-05-19T13:15:00+05:30,1736.700000,1738.450000,1736.700000,1737.000000,136
2017-05-19T13:30:00+05:30,1737.000000,1737.000000,1734.200000,1734.500000,39
2017-05-19T13:45:00+05:30,1734.500000,1734.500000,1733.350000,1734.000000,11
2017-05-19T14:00:00+05:30,1734.000000,1739.000000,1734.000000,1735.550000,132
2017-05-19T14:15:00+05:30,1735.550000,1735.550000,1735.000000,1735.000000,20
2017-05-19T14:30:00+05:30,1735.000000,1735.000000,1733.150000,1733.200000,203
2017-05-19T14:45:00+05:30,1733.200000,1733.250000,1727.550000,1727.600000,5348
2017-05-19T15:00:00+05:30,1727.550000,1732.500000,1722.200000,1724.850000,5561
2017-05-19T15:15:00+05:30,1724.850000,1732.600000,1720.150000,1728.000000,2041
2017-05-22T09:15:00+05:30,1715.000000,1743.000000,1715.000000,1734.950000,645
2017-05-22T09:30:00+05:30,1734.950000,1741.300000,1733.700000,1741.250000,301
2017-05-22T09:45:00+05:30,1741.250000,1742.400000,1737.700000,1741.000000,213
2017-05-22T10:00:00+05:30,1741.000000,1741.000000,1734.050000,1739.900000,172
2017-05-22T10:15:00+05:30,1739.900000,1739.900000,1737.600000,1739.800000,12
2017-05-22T10:30:00+05:30,1739.800000,1739.800000,1738.600000,1739.800000,97
2017-05-22T10:45:00+05:30,1739.800000,1739.800000,1738.500000,1738.500000,167
2017-05-22T11:00:00+05:30,1738.500000,1738.500000,1731.050000,1731.050000,15239
2017-05-22T11:15:00+05:30,1731.050000,1735.000000,1731.050000,1735.000000,48
2017-05-22T11:30:00+05:30,1735.000000,1735.000000,1733.400000,1734.950000,233
2017-05-22T11:45:00+05:30,1735.000000,1735.000000,1730.150000,1735.000000,304
2017-05-22T12:00:00+05:30,1735.000000,1735.000000,1732.450000,1732.600000,14433
2017-05-22T12:15:00+05:30,1732.600000,1735.000000,1732.250000,1732.250000,3308
2017-05-22T12:30:00+05:30,1732.250000,1732.250000,1723.200000,1725.000000,356
2017-05-22T12:45:00+05:30,1725.000000,1730.000000,1725.000000,1730.000000,267
2017-05-22T13:00:00+05:30,1730.000000,1735.000000,1730.000000,1734.700000,264
2017-05-22T13:15:00+05:30,1734.700000,1735.500000,1734.700000,1734.700000,610
2017-05-22T13:30:00+05:30,1734.950000,1734.950000,1716.050000,1719.500000,1674
2017-05-22T13:45:00+05:30,1719.500000,1734.750000,1708.600000,1717.500000,1432
2017-05-22T14:00:00+05:30,1717.500000,1733.750000,1717.300000,1728.200000,1747
2017-05-22T14:15:00+05:30,1728.200000,1731.350000,1720.100000,1720.850000,606
2017-05-22T14:30:00+05:30,1720.850000,1724.900000,1712.850000,1722.550000,529
2017-05-22T14:45:00+05:30,1722.550000,1729.400000,1722.550000,1729.400000,181
2017-05-22T15:00:00+05:30,1729.450000,1733.900000,1719.350000,1733.900000,1188
2017-05-22T15:15:00+05:30,1733.900000,1735.000000,1720.950000,1720.950000,2140
2017-05-23T09:15:00+05:30,1744.450000,1744.450000,1710.150000,1721.850000,129
2017-05-23T09:30:00+05:30,1721.850000,1721.850000,1705.000000,1709.000000,163
2017-05-23T09:45:00+05:30,1709.000000,1712.750000,1700.600000,1702.000000,514
2017-05-23T10:00:00+05:30,1702.000000,1708.000000,1701.000000,1702.000000,1480
2017-05-23T10:15:00+05:30,1702.000000,1707.950000,1701.700000,1703.600000,482
2017-05-23T10:30:00+05:30,1703.600000,1706.850000,1702.050000,1706.850000,391
2017-05-23T10:45:00+05:30,1706.850000,1706.850000,1703.050000,1705.600000,152
2017-05-23T11:00:00+05:30,1710.000000,1710.550000,1705.650000,1707.700000,423
2017-05-23T11:15:00+05:30,1708.000000,1710.000000,1707.700000,1707.700000,342
2017-05-23T11:30:00+05:30,1707.700000,1707.700000,1702.500000,1705.000000,349
2017-05-23T11:45:00+05:30,1705.000000,1705.000000,1702.000000,1705.000000,985
2017-05-23T12:00:00+05:30,1705.000000,1705.050000,1700.050000,1702.200000,3115
2017-05-23T12:15:00+05:30,1702.200000,1705.000000,1702.150000,1705.000000,1403
2017-05-23T12:30:00+05:30,1705.000000,1705.000000,1703.200000,1705.000000,1624
2017-05-23T12:45:00+05:30,1705.000000,1705.050000,1703.350000,1705.000000,1363
2017-05-23T13:00:00+05:30,1705.000000,1706.000000,1705.000000,1706.000000,2144
2017-05-23T13:15:00+05:30,1706.000000,1714.850000,1704.500000,1714.850000,549
2017-05-23T13:30:00+05:30,1714.850000,1714.900000,1704.500000,1711.000000,1530
2017-05-23T13:45:00+05:30,1711.000000,1713.650000,1708.600000,1710.050000,190
2017-05-23T14:00:00+05:30,1710.050000,1716.500000,1710.050000,1715.000000,514
2017-05-23T14:15:00+05:30,1715.000000,1718.000000,1710.000000,1710.000000,508
2017-05-23T14:30:00+05:30,1710.000000,1716.450000,1710.000000,1714.000000,500
2017-05-23T14:45:00+05:30,1714.000000,1714.950000,1710.300000,1710.300000,98
2017-05-23T15:00:00+05:30,1710.300000,1714.850000,1705.000000,1705.850000,727
2017-05-23T15:15:00+05:30,1705.850000,1709.950000,1705.000000,1705.000000,3255
2017-05-24T09:15:00+05:30,1701.000000,1705.000000,1701.000000,1704.600000,70
2017-05-24T09:30:00+05:30,1704.600000,1709.950000,1704.600000,1704.650000,117
2017-05-24T09:45:00+05:30,1704.650000,1704.650000,1701.250000,1701.250000,118
2017-05-24T10:00:00+05:30,1701.000000,1702.000000,1699.950000,1699.950000,308
2017-05-24T10:15:00+05:30,1699.950000,1699.950000,1693.350000,1695.000000,445
2017-05-24T10:30:00+05:30,1694.900000,1695.000000,1693.600000,1695.000000,35
2017-05-24T10:45:00+05:30,1695.000000,1695.000000,1691.000000,1694.950000,215
2017-05-24T11:00:00+05:30,1694.950000,1695.000000,1693.000000,1694.950000,81
2017-05-24T11:15:00+05:30,1694.950000,1695.000000,1693.000000,1695.000000,77
2017-05-24T11:30:00+05:30,1695.000000,1695.000000,1691.950000,1692.000000,332
2017-05-24T11:45:00+05:30,1692.000000,1692.000000,1681.000000,1684.950000,675
2017-05-24T12:00:00+05:30,1684.950000,1684.950000,1680.400000,1681.200000,238
2017-05-24T12:15:00+05:30,1681.200000,1685.000000,1681.200000,1685.000000,814
2017-05-24T12:30:00+05:30,1685.000000,1691.700000,1684.050000,1690.000000,110
2017-05-24T12:45:00+05:30,1690.000000,1690.000000,1685.000000,1685.050000,319
2017-05-24T13:00:00+05:30,1685.050000,1692.000000,1685.050000,1691.350000,166
2017-05-24T13:15:00+05:30,1691.350000,1691.350000,1686.000000,1687.850000,52
2017-05-24T13:30:00+05:30,1687.850000,1687.900000,1685.000000,1687.900000,180
2017-05-24T13:45:00+05:30,1687.900000,1688.000000,1685.000000,1685.000000,237
2017-05-24T14:00:00+05:30,1685.000000,1688.000000,1685.000000,1685.000000,199
2017-05-24T14:15:00+05:30,1685.000000,1690.000000,1685.000000,1690.000000,118
2017-05-24T14:30:00+05:30,1690.000000,1692.000000,1687.050000,1690.000000,2034
2017-05-24T14:45:00+05:30,1690.000000,1690.000000,1685.100000,1688.000000,3139
2017-05-24T15:00:00+05:30,1688.000000,1694.650000,1685.250000,1688.050000,1544
2017-05-24T15:15:00+05:30,1688.050000,1704.500000,1686.300000,1695.000000,3990
2017-05-25T09:15:00+05:30,1706.850000,1706.850000,1683.000000,1683.000000,102
2017-05-25T09:30:00+05:30,1683.000000,1684.950000,1681.150000,1684.850000,72
2017-05-25T09:45:00+05:30,1684.850000,1684.850000,1678.000000,1678.000000,203
2017-05-25T10:00:00+05:30,1678.000000,1683.900000,1676.100000,1677.000000,155
2017-05-25T10:15:00+05:30,1677.000000,1681.150000,1677.000000,1681.000000,36
2017-05-25T10:30:00+05:30,1681.000000,1684.000000,1681.000000,1684.000000,178
2017-05-25T10:45:00+05:30,1684.000000,1684.000000,1681.050000,1681.050000,12
2017-05-25T11:00:00+05:30,1681.050000,1684.000000,1680.000000,1683.900000,382
2017-05-25T11:15:00+05:30,1683.900000,1683.900000,1680.100000,1680.100000,14
2017-05-25T11:30:00+05:30,1680.100000,1680.100000,1672.000000,1678.450000,439
2017-05-25T11:45:00+05:30,1678.450000,1681.100000,1675.600000,1675.600000,713
2017-05-25T12:00:00+05:30,1675.600000,1685.000000,1675.600000,1680.000000,266
2017-05-25T12:15:00+05:30,1680.000000,1682.450000,1679.000000,1682.450000,1938
2017-05-25T12:30:00+05:30,1682.450000,1682.500000,1680.000000,1682.500000,107
2017-05-25T12:45:00+05:30,1682.500000,1682.500000,1679.000000,1679.000000,336
2017-05-25T13:00:00+05:30,1679.000000,1682.500000,1679.000000,1680.000000,359
2017-05-25T13:15:00+05:30,1680.000000,1682.500000,1675.500000,1682.000000,261
2017-05-25T13:30:00+05:30,1682.000000,1682.500000,1680.000000,1680.150000,424
2017-05-25T13:45:00+05:30,1680.150000,1682.500000,1679.950000,1682.450000,809
2017-05-25T14:00:00+05:30,1682.450000,1682.450000,1680.000000,1680.050000,126
2017-05-25T14:15:00+05:30,1680.050000,1682.500000,1680.050000,1680.050000,167
2017-05-25T14:30:00+05:30,1680.050000,1684.450000,1680.000000,1684.450000,185
2017-05-25T14:45:00+05:30,1682.500000,1682.500000,1680.250000,1682.000000,210
2017-05-25T15:00:00+05:30,1681.100000,1681.950000,1666.600000,1680.000000,4925
2017-05-25T15:15:00+05:30,1680.000000,1689.700000,1678.450000,1682.000000,3331
2017-05-26T09:15:00+05:30,1678.950000,1694.000000,1678.950000,1687.650000,299
2017-05-26T09:30:00+05:30,1687.650000,1691.750000,1675.000000,1688.850000,264
2017-05-26T09:45:00+05:30,1688.850000,1689.900000,1687.700000,1688.700000,16
2017-05-26T10:00:00+05:30,1688.700000,1689.950000,1687.050000,1689.850000,7
2017-05-26T10:15:00+05:30,1689.850000,1690.000000,1687.550000,1690.000000,221
2017-05-26T10:30:00+05:30,1690.000000,1690.000000,1675.100000,1680.000000,326
2017-05-26T10:45:00+05:30,1680.000000,1685.000000,1680.000000,1681.150000,54
2017-05-26T11:00:00+05:30,1681.150000,1684.950000,1676.250000,1676.650000,117
2017-05-26T11:15:00+05:30,1676.650000,1680.000000,1676.500000,1680.000000,41
2017-05-26T11:30:00+05:30,1680.000000,1680.000000,1673.050000,1673.600000,171
2017-05-26T11:45:00+05:30,1673.600000,1677.300000,1664.050000,1669.000000,385
2017-05-26T12:00:00+05:30,1669.000000,1670.000000,1658.000000,1658.000000,539
2017-05-26T12:15:00+05:30,1658.000000,1669.450000,1658.000000,1666.850000,13278
2017-05-26T12:30:00+05:30,1666.850000,1666.850000,1661.000000,1662.150000,619
2017-05-26T12:45:00+05:30,1662.150000,1664.950000,1662.150000,1662.250000,85
2017-05-26T13:00:00+05:30,1662.250000,1666.450000,1661.800000,1666.450000,252
2017-05-26T13:15:00+05:30,1666.450000,1666.450000,1662.600000,1662.600000,103
2017-05-26T13:30:00+05:30,1662.600000,1666.500000,1661.000000,1666.200000,402
2017-05-26T13:45:00+05:30,1666.200000,1669.950000,1665.950000,1665.950000,489
2017-05-26T14:00:00+05:30,1665.950000,1667.250000,1665.000000,1667.000000,407
2017-05-26T14:15:00+05:30,1667.000000,1667.250000,1664.100000,1666.350000,184
2017-05-26T14:30:00+05:30,1666.350000,1666.950000,1664.100000,1666.500000,150
2017-05-26T14:45:00+05:30,1666.500000,1667.000000,1662.000000,1666.450000,204
2017-05-26T15:00:00+05:30,1666.450000,1667.000000,1665.000000,1666.850000,593
2017-05-26T15:15:00+05:30,1666.850000,1674.000000,1661.000000,1661.000000,6186
2017-05-29T09:15:00+05:30,1688.750000,1688.900000,1674.050000,1680.700000,358
2017-05-29T09:30:00+05:30,1680.700000,1684.450000,1680.000000,1681.050000,50
2017-05-29T09:45:00+05:30,1681.050000,1681.050000,1670.000000,1670.000000,406
2017-05-29T10:00:00+05:30,1670.000000,1672.250000,1663.700000,1665.000000,472
2017-05-29T10:15:00+05:30,1665.000000,1665.000000,1661.000000,1661.000000,201
2017-05-29T10:30:00+05:30,1661.000000,1662.650000,1658.000000,1662.650000,283
2017-05-29T10:45:00+05:30,1662.650000,1662.950000,1651.000000,1657.000000,640
2017-05-29T11:00:00+05:30,1657.000000,1664.900000,1657.000000,1663.250000,41
2017-05-29T11:15:00+05:30,1663.250000,1663.650000,1661.900000,1662.650000,36
2017-05-29T11:30:00+05:30,1662.650000,1664.000000,1661.950000,1664.000000,82
2017-05-29T11:45:00+05:30,1664.000000,1664.000000,1661.000000,1663.450000,144
2017-05-29T12:00:00+05:30,1663.450000,1663.450000,1660.000000,1663.450000,72
2017-05-29T12:15:00+05:30,1664.000000,1665.000000,1664.000000,1664.000000,450
2017-05-29T12:30:00+05:30,1664.000000,1665.000000,1660.000000,1664.000000,265
2017-05-29T12:45:00+05:30,1664.000000,1664.000000,1660.000000,1663.950000,74
2017-05-29T13:00:00+05:30,1663.950000,1665.000000,1660.050000,1660.050000,63
2017-05-29T13:15:00+05:30,1660.050000,1665.000000,1660.000000,1662.450000,160
2017-05-29T13:30:00+05:30,1662.450000,1664.000000,1658.950000,1658.950000,103
2017-05-29T13:45:00+05:30,1657.000000,1659.000000,1652.000000,1658.800000,393
2017-05-29T14:00:00+05:30,1658.800000,1659.000000,1657.650000,1658.000000,44
2017-05-29T14:15:00+05:30,1658.000000,1658.000000,1656.650000,1656.950000,58
2017-05-29T14:30:00+05:30,1656.000000,1657.950000,1652.000000,1654.800000,188
2017-05-29T14:45:00+05:30,1654.800000,1657.900000,1652.200000,1656.850000,267
2017-05-29T15:00:00+05:30,1656.850000,1657.350000,1651.000000,1657.300000,1835
2017-05-29T15:15:00+05:30,1657.300000,1657.300000,1651.000000,1651.000000,1010
2017-05-30T09:15:00+05:30,1660.000000,1660.000000,1652.050000,1652.050000,227
2017-05-30T09:30:00+05:30,1652.050000,1657.350000,1651.000000,1657.100000,638
2017-05-30T09:45:00+05:30,1657.100000,1657.100000,1651.000000,1654.450000,572
2017-05-30T10:00:00+05:30,1654.450000,1658.000000,1653.450000,1653.450000,269
2017-05-30T10:15:00+05:30,1653.450000,1653.900000,1647.150000,1648.900000,671
2017-05-30T10:30:00+05:30,1648.900000,1658.000000,1647.700000,1653.500000,564
2017-05-30T10:45:00+05:30,1653.500000,1653.500000,1653.450000,1653.500000,14
2017-05-30T11:00:00+05:30,1653.500000,1653.500000,1652.000000,1653.500000,238
2017-05-30T11:15:00+05:30,1653.500000,1653.500000,1653.500000,1653.500000,66
2017-05-30T11:30:00+05:30,1653.500000,1653.500000,1653.400000,1653.400000,10022
2017-05-30T11:45:00+05:30,1653.500000,1653.500000,1653.050000,1653.050000,107
2017-05-30T12:00:00+05:30,1653.050000,1654.000000,1651.000000,1651.100000,783
2017-05-30T12:15:00+05:30,1651.100000,1653.450000,1651.050000,1653.000000,995
2017-05-30T12:30:00+05:30,1652.950000,1652.950000,1652.000000,1652.850000,61
2017-05-30T12:45:00+05:30,1652.850000,1652.850000,1645.150000,1645.150000,287
2017-05-30T13:00:00+05:30,1645.150000,1650.000000,1645.150000,1650.000000,77
2017-05-30T13:15:00+05:30,1650.000000,1654.000000,1650.000000,1653.000000,474
2017-05-30T13:30:00+05:30,1653.000000,1653.000000,1649.200000,1649.200000,67
2017-05-30T13:45:00+05:30,1649.200000,1650.000000,1649.200000,1650.000000,29
2017-05-30T14:00:00+05:30,1650.000000,1650.000000,1649.300000,1649.300000,209
2017-05-30T14:15:00+05:30,1649.300000,1650.000000,1649.050000,1650.000000,119
2017-05-30T14:30:00+05:30,1650.000000,1650.000000,1649.550000,1650.000000,241
2017-05-30T14:45:00+05:30,1650.000000,1653.500000,1645.000000,1650.000000,483
2017-05-30T15:00:00+05:30,1650.000000,1650.000000,1645.000000,1647.500000,617
2017-05-30T15:15:00+05:30,1647.500000,1653.500000,1642.000000,1650.000000,2475
2017-05-31T09:15:00+05:30,1650.050000,1655.500000,1650.000000,1653.000000,424
2017-05-31T09:30:00+05:30,1653.000000,1655.000000,1653.000000,1654.050000,228
2017-05-31T09:45:00+05:30,1655.000000,1655.000000,1650.000000,1651.150000,586
2017-05-31T10:00:00+05:30,1651.050000,1655.000000,1647.900000,1653.050000,537
2017-05-31T10:15:00+05:30,1653.050000,1655.000000,1653.050000,1654.150000,137
2017-05-31T10:30:00+05:30,1654.150000,1655.000000,1651.150000,1652.250000,114
2017-05-31T10:45:00+05:30,1652.250000,1655.000000,1652.250000,1654.450000,56
2017-05-31T11:00:00+05:30,1654.450000,1655.000000,1651.150000,1651.150000,10078
2017-05-31T11:15:00+05:30,1651.150000,1655.950000,1650.000000,1655.000000,270
2017-05-31T11:30:00+05:30,1655.000000,1655.000000,1654.200000,1655.000000,46
2017-05-31T11:45:00+05:30,1655.000000,1655.000000,1650.500000,1651.100000,154
2017-05-31T12:00:00+05:30,1651.100000,1654.750000,1651.050000,1652.500000,958
2017-05-31T12:15:00+05:30,1652.500000,1654.750000,1651.000000,1653.200000,481
2017-05-31T12:30:00+05:30,1653.200000,1654.000000,1652.050000,1654.000000,185
2017-05-31T12:45:00+05:30,1654.000000,1654.000000,1653.600000,1653.900000,11
2017-05-31T13:00:00+05:30,1653.300000,1653.300000,1653.000000,1653.000000,205
2017-05-31T13:15:00+05:30,1653.000000,1653.000000,1653.000000,1653.000000,161
2017-05-31T13:30:00+05:30,1653.000000,1653.900000,1651.000000,1653.000000,176
2017-05-31T13:45:00+05:30,1653.000000,1653.000000,1650.000000,1652.950000,318
2017-05-31T14:00:00+05:30,1652.950000,1652.950000,1652.150000,1652.800000,51
2017-05-31T14:15:00+05:30,1652.850000,1652.850000,1650.300000,1652.750000,86
2017-05-31T14:30:00+05:30,1652.750000,1653.000000,1651.950000,1653.000000,142
2017-05-31T14:45:00+05:30,1653.000000,1653.000000,1650.400000,1652.950000,787
2017-05-31T15:00:00+05:30,1652.950000,1654.100000,1650.650000,1653.950000,4641
2017-05-31T15:15:00+05:30,1653.950000,1700.000000,1653.950000,1698.000000,7307
2017-06-01T09:15:00+05:30,1695.000000,1788.500000,1694.100000,1772.500000,21798
2017-06-01T09:30:00+05:30,1772.500000,1775.850000,1743.000000,1744.950000,14581
2017-06-01T09:45:00+05:30,1744.950000,1757.950000,1736.100000,1752.000000,9013
2017-06-01T10:00:00+05:30,1750.100000,1756.000000,1744.000000,1749.000000,2182
2017-06-01T10:15:00+05:30,1749.000000,1749.950000,1742.000000,1744.300000,2083
2017-06-01T10:30:00+05:30,1744.300000,1745.000000,1736.000000,1736.000000,1110
2017-06-01T10:45:00+05:30,1737.700000,1740.300000,1722.150000,1730.000000,3756
2017-06-01T11:00:00+05:30,1730.000000,1745.000000,1730.000000,1742.600000,1758
2017-06-01T11:15:00+05:30,1742.600000,1744.000000,1736.000000,1740.000000,712
2017-06-01T11:30:00+05:30,1740.000000,1740.000000,1732.100000,1738.000000,459
2017-06-01T11:45:00+05:30,1738.000000,1740.000000,1731.150000,1735.000000,1015
2017-06-01T12:00:00+05:30,1735.000000,1735.000000,1731.700000,1734.850000,213
2017-06-01T12:15:00+05:30,1733.900000,1735.000000,1732.000000,1734.100000,568
2017-06-01T12:30:00+05:30,1734.100000,1734.100000,1720.000000,1729.600000,1732
2017-06-01T12:45:00+05:30,1729.600000,1732.000000,1727.450000,1729.900000,717
2017-06-01T13:00:00+05:30,1729.900000,1735.000000,1726.150000,1734.400000,421
2017-06-01T13:15:00+05:30,1734.400000,1735.000000,1729.650000,1733.900000,395
2017-06-01T13:30:00+05:30,1733.900000,1734.800000,1716.050000,1726.350000,1628
2017-06-01T13:45:00+05:30,1726.350000,1728.750000,1722.300000,1723.400000,753
2017-06-01T14:00:00+05:30,1723.400000,1732.000000,1723.400000,1732.000000,418
2017-06-01T14:15:00+05:30,1732.000000,1734.000000,1728.050000,1733.850000,3804
2017-06-01T14:30:00+05:30,1733.850000,1735.000000,1726.150000,1730.250000,1379
2017-06-01T14:45:00+05:30,1730.250000,1734.350000,1726.500000,1731.700000,1328
2017-06-01T15:00:00+05:30,1730.700000,1733.000000,1706.000000,1715.000000,3179
2017-06-01T15:15:00+05:30,1715.000000,1724.950000,1706.950000,1715.000000,3678
2017-06-02T09:15:00+05:30,1718.000000,1729.000000,1711.100000,1727.250000,1100
2017-06-02T09:30:00+05:30,1727.250000,1730.000000,1725.250000,1728.050000,655
2017-06-02T09:45:00+05:30,1728.050000,1728.100000,1712.450000,1713.950000,1539
2017-06-02T10:00:00+05:30,1713.950000,1714.000000,1700.050000,1713.600000,1496
2017-06-02T10:15:00+05:30,1713.800000,1714.000000,1708.000000,1708.700000,577
2017-06-02T10:30:00+05:30,1708.700000,1710.000000,1705.000000,1710.000000,474
2017-06-02T10:45:00+05:30,1710.000000,1710.000000,1705.000000,1710.000000,386
2017-06-02T11:00:00+05:30,1710.000000,1714.000000,1709.950000,1713.550000,171
2017-06-02T11:15:00+05:30,1713.550000,1713.900000,1709.050000,1712.700000,199
2017-06-02T11:30:00+05:30,1712.700000,1715.450000,1710.500000,1715.250000,397
2017-06-02T11:45:00+05:30,1715.250000,1717.450000,1705.250000,1709.900000,653
2017-06-02T12:00:00+05:30,1709.900000,1710.000000,1705.000000,1709.950000,769
2017-06-02T12:15:00+05:30,1709.950000,1709.950000,1696.050000,1699.950000,2507
2017-06-02T12:30:00+05:30,1699.950000,1708.900000,1699.950000,1708.250000,316
2017-06-02T12:45:00+05:30,1708.250000,1708.800000,1700.100000,1708.350000,247
2017-06-02T13:00:00+05:30,1708.350000,1708.450000,1705.000000,1707.700000,149
2017-06-02T13:15:00+05:30,1707.700000,1708.150000,1690.000000,1698.350000,1836
2017-06-02T13:30:00+05:30,1698.350000,1699.000000,1690.300000,1699.000000,576
2017-06-02T13:45:00+05:30,1699.000000,1705.000000,1695.100000,1702.350000,467
2017-06-02T14:00:00+05:30,1702.350000,1703.250000,1693.000000,1694.000000,526
2017-06-02T14:15:00+05:30,1694.000000,1694.000000,1690.800000,1693.800000,386
2017-06-02T14:30:00+05:30,1693.800000,1694.000000,1690.700000,1693.950000,624
2017-06-02T14:45:00+05:30,1693.950000,1694.000000,1685.500000,1692.250000,833
2017-06-02T15:00:00+05:30,1692.250000,1692.250000,1685.000000,1689.000000,1525
2017-06-02T15:15:00+05:30,1689.000000,1704.800000,1669.900000,1688.300000,3817
2017-06-05T09:15:00+05:30,1701.200000,1722.850000,1679.000000,1698.200000,1124
2017-06-05T09:30:00+05:30,1698.200000,1704.600000,1690.550000,1690.550000,237
2017-06-05T09:45:00+05:30,1690.550000,1696.000000,1689.900000,1696.000000,180
2017-06-05T10:00:00+05:30,1696.000000,1709.800000,1696.000000,1699.000000,492
2017-06-05T10:15:00+05:30,1699.000000,1699.000000,1684.950000,1686.650000,471
2017-06-05T10:30:00+05:30,1686.650000,1699.000000,1686.650000,1693.150000,284
2017-06-05T10:45:00+05:30,1693.150000,1693.150000,1685.100000,1690.400000,273
2017-06-05T11:00:00+05:30,1690.400000,1690.500000,1689.000000,1690.500000,190
2017-06-05T11:15:00+05:30,1690.500000,1693.200000,1684.000000,1687.950000,334
2017-06-05T11:30:00+05:30,1687.950000,1689.800000,1682.400000,1685.000000,203
2017-06-05T11:45:00+05:30,1685.000000,1685.000000,1682.000000,1683.100000,203
2017-06-05T12:00:00+05:30,1683.100000,1685.000000,1683.100000,1684.950000,279
2017-06-05T12:15:00+05:30,1684.950000,1685.000000,1684.000000,1685.000000,187
2017-06-05T12:30:00+05:30,1685.000000,1685.000000,1685.000000,1685.000000,253
2017-06-05T12:45:00+05:30,1685.000000,1685.000000,1675.250000,1678.900000,389
2017-06-05T13:00:00+05:30,1678.900000,1679.000000,1677.300000,1678.000000,69
2017-06-05T13:15:00+05:30,1678.000000,1679.000000,1677.900000,1678.600000,31
2017-06-05T13:30:00+05:30,1678.650000,1679.000000,1678.500000,1679.000000,75
2017-06-05T13:45:00+05:30,1679.000000,1679.000000,1677.650000,1678.000000,71
2017-06-05T14:00:00+05:30,1678.000000,1678.000000,1677.950000,1678.000000,123
2017-06-05T14:15:00+05:30,1678.000000,1680.000000,1676.000000,1678.300000,1551
2017-06-05T14:30:00+05:30,1678.300000,1680.000000,1664.850000,1670.200000,1048
2017-06-05T14:45:00+05:30,1670.200000,1672.000000,1667.000000,1670.000000,647
2017-06-05T15:00:00+05:30,1670.000000,1675.000000,1660.600000,1668.600000,2092
2017-06-05T15:15:00+05:30,1668.600000,1679.000000,1656.650000,1670.000000,3016
2017-06-06T09:15:00+05:30,1672.800000,1679.450000,1672.000000,1673.800000,332
2017-06-06T09:30:00+05:30,1673.800000,1675.000000,1672.700000,1675.000000,94
2017-06-06T09:45:00+05:30,1675.000000,1677.650000,1672.750000,1677.650000,97
2017-06-06T10:00:00+05:30,1677.650000,1678.000000,1675.150000,1675.150000,137
2017-06-06T10:15:00+05:30,1675.150000,1676.000000,1675.000000,1676.000000,194
2017-06-06T10:30:00+05:30,1676.000000,1677.950000,1673.500000,1675.000000,108
2017-06-06T10:45:00+05:30,1675.000000,1675.000000,1675.000000,1675.000000,116
2017-06-06T11:00:00+05:30,1675.000000,1676.450000,1674.000000,1674.000000,542
2017-06-06T11:15:00+05:30,1674.000000,1674.000000,1667.850000,1667.850000,298
2017-06-06T11:30:00+05:30,1667.850000,1671.700000,1666.850000,1670.000000,271
2017-06-06T11:45:00+05:30,1670.000000,1670.950000,1669.000000,1670.450000,92
2017-06-06T12:00:00+05:30,1670.450000,1672.950000,1670.000000,1672.950000,104
2017-06-06T12:15:00+05:30,1672.950000,1673.000000,1668.000000,1668.250000,305
2017-06-06T12:30:00+05:30,1668.250000,1671.000000,1668.000000,1668.000000,92
2017-06-06T12:45:00+05:30,1668.000000,1669.700000,1664.450000,1665.000000,453
2017-06-06T13:00:00+05:30,1665.000000,1665.700000,1664.800000,1665.000000,230
2017-06-06T13:15:00+05:30,1665.000000,1665.000000,1659.900000,1660.000000,600
2017-06-06T13:30:00+05:30,1660.000000,1665.000000,1660.000000,1665.000000,86
2017-06-06T13:45:00+05:30,1665.000000,1665.000000,1665.000000,1665.000000,47
2017-06-06T14:00:00+05:30,1665.000000,1665.000000,1660.700000,1661.500000,129
2017-06-06T14:15:00+05:30,1663.950000,1664.000000,1658.000000,1660.000000,214
2017-06-06T14:30:00+05:30,1660.000000,1664.900000,1660.000000,1664.800000,41
2017-06-06T14:45:00+05:30,1663.250000,1663.300000,1652.300000,1658.750000,701
2017-06-06T15:00:00+05:30,1659.950000,1665.000000,1653.500000,1663.600000,1214
2017-06-06T15:15:00+05:30,1662.200000,1669.000000,1661.500000,1668.950000,1309
2017-06-07T09:15:00+05:30,1660.550000,1672.300000,1660.550000,1668.000000,191
2017-06-07T09:30:00+05:30,1668.000000,1668.800000,1655.800000,1664.000000,530
2017-06-07T09:45:00+05:30,1662.200000,1662.200000,1656.150000,1656.950000,370
2017-06-07T10:00:00+05:30,1658.800000,1659.000000,1657.000000,1659.000000,494
2017-06-07T10:15:00+05:30,1659.000000,1659.000000,1657.000000,1659.000000,118
2017-06-07T10:30:00+05:30,1659.000000,1659.000000,1653.950000,1654.100000,1172
2017-06-07T10:45:00+05:30,1654.100000,1658.950000,1650.000000,1658.750000,1209
2017-06-07T11:00:00+05:30,1658.750000,1658.750000,1656.600000,1658.700000,98
2017-06-07T11:15:00+05:30,1658.700000,1659.000000,1657.900000,1659.000000,63
2017-06-07T11:30:00+05:30,1659.000000,1659.000000,1657.150000,1657.150000,155
2017-06-07T11:45:00+05:30,1657.150000,1659.000000,1657.150000,1658.000000,112
2017-06-07T12:00:00+05:30,1659.000000,1659.000000,1659.000000,1659.000000,28
2017-06-07T12:15:00+05:30,1658.800000,1661.350000,1658.800000,1661.350000,69
2017-06-07T12:30:00+05:30,1661.350000,1663.400000,1660.000000,1662.600000,113
2017-06-07T12:45:00+05:30,1662.600000,1667.950000,1661.400000,1664.950000,109
2017-06-07T13:00:00+05:30,1664.950000,1664.950000,1664.350000,1664.400000,59
2017-06-07T13:15:00+05:30,1664.400000,1664.400000,1663.950000,1663.950000,36
2017-06-07T13:30:00+05:30,1663.950000,1663.950000,1658.000000,1659.000000,523
2017-06-07T13:45:00+05:30,1659.000000,1659.000000,1654.000000,1655.000000,444
2017-06-07T14:00:00+05:30,1655.000000,1655.000000,1654.350000,1654.950000,791
2017-06-07T14:15:00+05:30,1654.950000,1662.950000,1654.800000,1662.950000,844
2017-06-07T14:30:00+05:30,1662.950000,1662.950000,1654.000000,1661.800000,160
2017-06-07T14:45:00+05:30,1661.800000,1662.300000,1656.000000,1656.000000,87
2017-06-07T15:00:00+05:30,1656.000000,1663.450000,1656.000000,1660.000000,998
2017-06-07T15:15:00+05:30,1660.000000,1675.000000,1651.700000,1670.000000,3354
2017-06-08T09:15:00+05:30,1672.100000,1678.500000,1669.900000,1676.900000,475
2017-06-08T09:30:00+05:30,1676.900000,1676.900000,1665.650000,1668.550000,277
2017-06-08T09:45:00+05:30,1668.550000,1673.900000,1658.350000,1669.950000,1415
2017-06-08T10:00:00+05:30,1669.950000,1669.950000,1665.050000,1666.900000,71
2017-06-08T10:15:00+05:30,1666.900000,1677.850000,1660.000000,1663.300000,2373
2017-06-08T10:30:00+05:30,1663.300000,1666.350000,1655.150000,1660.000000,569
2017-06-08T10:45:00+05:30,1660.000000,1664.450000,1660.000000,1660.000000,117
2017-06-08T11:00:00+05:30,1660.000000,1661.650000,1660.000000,1661.500000,19
2017-06-08T11:15:00+05:30,1661.500000,1662.000000,1659.950000,1661.000000,84
2017-06-08T11:30:00+05:30,1661.000000,1662.000000,1661.000000,1662.000000,45
2017-06-08T11:45:00+05:30,1661.950000,1664.900000,1658.000000,1662.950000,990
2017-06-08T12:00:00+05:30,1662.950000,1673.950000,1662.950000,1669.900000,690
2017-06-08T12:15:00+05:30,1669.900000,1674.750000,1668.050000,1672.950000,146
2017-06-08T12:30:00+05:30,1672.950000,1672.950000,1664.000000,1664.000000,225
2017-06-08T12:45:00+05:30,1664.000000,1669.950000,1664.000000,1669.000000,90
2017-06-08T13:00:00+05:30,1669.000000,1669.000000,1668.000000,1669.000000,267
2017-06-08T13:15:00+05:30,1669.000000,1674.750000,1662.000000,1673.900000,492
2017-06-08T13:30:00+05:30,1673.900000,1674.000000,1670.000000,1673.900000,255
2017-06-08T13:45:00+05:30,1670.150000,1674.950000,1670.150000,1673.950000,182
2017-06-08T14:00:00+05:30,1673.950000,1674.900000,1673.000000,1673.000000,66
2017-06-08T14:15:00+05:30,1673.000000,1677.950000,1671.000000,1676.900000,786
2017-06-08T14:30:00+05:30,1676.900000,1676.900000,1670.100000,1675.000000,225
2017-06-08T14:45:00+05:30,1675.000000,1675.000000,1665.100000,1674.450000,491
2017-06-08T15:00:00+05:30,1674.450000,1674.450000,1666.200000,1672.800000,745
2017-06-08T15:15:00+05:30,1674.500000,1674.500000,1664.700000,1671.000000,1515
2017-06-09T09:15:00+05:30,1679.000000,1679.000000,1662.100000,1668.900000,151
2017-06-09T09:30:00+05:30,1668.900000,1674.950000,1665.000000,1670.000000,186
2017-06-09T09:45:00+05:30,1670.000000,1670.150000,1669.950000,1669.950000,171
2017-06-09T10:00:00+05:30,1669.950000,1672.000000,1667.500000,1670.750000,296
2017-06-09T10:15:00+05:30,1670.750000,1670.800000,1659.950000,1668.900000,477
2017-06-09T10:30:00+05:30,1668.900000,1669.000000,1660.250000,1662.000000,302
2017-06-09T10:45:00+05:30,1662.000000,1668.950000,1662.000000,1666.900000,89
2017-06-09T11:00:00+05:30,1666.850000,1667.950000,1661.000000,1666.500000,122
2017-06-09T11:15:00+05:30,1666.500000,1666.500000,1665.100000,1666.350000,67
2017-06-09T11:30:00+05:30,1666.350000,1667.900000,1666.300000,1667.900000,90
2017-06-09T11:45:00+05:30,1667.900000,1669.800000,1667.900000,1669.800000,40
2017-06-09T12:00:00+05:30,1669.800000,1669.800000,1661.000000,1667.850000,301
2017-06-09T12:15:00+05:30,1667.850000,1672.000000,1663.100000,1669.650000,196
2017-06-09T12:30:00+05:30,1669.650000,1671.900000,1665.000000,1670.900000,225
2017-06-09T12:45:00+05:30,1670.900000,1670.900000,1662.150000,1662.150000,124
2017-06-09T13:00:00+05:30,1662.150000,1667.000000,1662.150000,1665.000000,78
2017-06-09T13:15:00+05:30,1665.000000,1671.000000,1664.950000,1671.000000,288
2017-06-09T13:30:00+05:30,1671.000000,1672.400000,1659.950000,1664.700000,1190
2017-06-09T13:45:00+05:30,1664.700000,1664.700000,1658.550000,1659.000000,336
2017-06-09T14:00:00+05:30,1659.000000,1666.000000,1659.000000,1659.950000,175
2017-06-09T14:15:00+05:30,1659.950000,1659.950000,1658.000000,1659.950000,139
2017-06-09T14:30:00+05:30,1659.950000,1664.000000,1653.000000,1655.000000,1577
2017-06-09T14:45:00+05:30,1655.000000,1660.000000,1655.000000,1660.000000,677
2017-06-09T15:00:00+05:30,1659.950000,1672.350000,1659.900000,1672.350000,1003
2017-06-09T15:15:00+05:30,1672.350000,1688.000000,1669.900000,1675.200000,3095
2017-06-12T09:15:00+05:30,1686.100000,1686.100000,1674.350000,1678.800000,221
2017-06-12T09:30:00+05:30,1678.800000,1685.750000,1677.000000,1680.000000,387
2017-06-12T09:45:00+05:30,1680.000000,1680.000000,1675.800000,1678.450000,268
2017-06-12T10:00:00+05:30,1678.450000,1678.450000,1675.800000,1678.450000,203
2017-06-12T10:15:00+05:30,1678.450000,1680.000000,1677.000000,1677.000000,291
2017-06-12T10:30:00+05:30,1677.000000,1677.600000,1663.550000,1668.050000,864
2017-06-12T10:45:00+05:30,1668.100000,1674.000000,1668.100000,1671.800000,79
2017-06-12T11:00:00+05:30,1671.800000,1673.450000,1669.950000,1670.000000,95
2017-06-12T11:15:00+05:30,1670.000000,1670.000000,1663.550000,1663.550000,564
2017-06-12T11:30:00+05:30,1663.550000,1669.100000,1663.550000,1669.100000,244
2017-06-12T11:45:00+05:30,1669.100000,1669.100000,1665.500000,1667.000000,214
2017-06-12T12:00:00+05:30,1667.000000,1669.850000,1664.050000,1669.850000,248
2017-06-12T12:15:00+05:30,1669.850000,1669.850000,1665.000000,1665.000000,81
2017-06-12T12:30:00+05:30,1665.000000,1669.000000,1665.000000,1668.550000,15
2017-06-12T12:45:00+05:30,1668.550000,1670.000000,1668.550000,1669.000000,306
2017-06-12T13:00:00+05:30,1669.000000,1670.000000,1665.000000,1665.000000,337
2017-06-12T13:15:00+05:30,1665.000000,1669.950000,1664.100000,1669.950000,167
2017-06-12T13:30:00+05:30,1669.950000,1670.000000,1667.000000,1669.850000,127
2017-06-12T13:45:00+05:30,1670.000000,1670.000000,1669.700000,1670.000000,220
2017-06-12T14:00:00+05:30,1670.000000,1670.000000,1668.000000,1670.000000,59
2017-06-12T14:15:00+05:30,1670.000000,1670.000000,1669.350000,1670.000000,24
2017-06-12T14:30:00+05:30,1670.000000,1670.000000,1665.000000,1665.150000,248
2017-06-12T14:45:00+05:30,1665.150000,1676.700000,1665.150000,1676.700000,246
2017-06-12T15:00:00+05:30,1676.700000,1676.700000,1665.300000,1668.400000,228
2017-06-12T15:15:00+05:30,1668.400000,1680.000000,1663.550000,1680.000000,1616
2017-06-13T09:15:00+05:30,1663.550000,1683.900000,1663.550000,1683.900000,273
2017-06-13T09:30:00+05:30,1683.850000,1697.950000,1683.850000,1688.500000,1230
2017-06-13T09:45:00+05:30,1688.500000,1690.000000,1666.050000,1668.750000,1063
2017-06-13T10:00:00+05:30,1668.750000,1675.050000,1665.000000,1668.550000,519
2017-06-13T10:15:00+05:30,1668.550000,1672.350000,1668.550000,1672.000000,349
2017-06-13T10:30:00+05:30,1672.000000,1672.000000,1668.600000,1668.600000,1089
2017-06-13T10:45:00+05:30,1668.600000,1670.000000,1663.600000,1668.850000,701
2017-06-13T11:00:00+05:30,1668.850000,1670.000000,1664.050000,1666.650000,857
2017-06-13T11:15:00+05:30,1666.650000,1670.000000,1666.650000,1670.000000,34
2017-06-13T11:30:00+05:30,1670.000000,1670.000000,1669.000000,1669.000000,338
2017-06-13T11:45:00+05:30,1669.000000,1673.950000,1669.000000,1672.950000,164
2017-06-13T12:00:00+05:30,1672.950000,1677.950000,1672.550000,1677.950000,125
2017-06-13T12:15:00+05:30,1677.950000,1685.000000,1675.550000,1684.900000,598
2017-06-13T12:30:00+05:30,1684.900000,1692.000000,1683.300000,1686.550000,761
2017-06-13T12:45:00+05:30,1686.550000,1691.450000,1686.550000,1691.450000,105
2017-06-13T13:00:00+05:30,1691.450000,1693.950000,1688.900000,1691.000000,211
2017-06-13T13:15:00+05:30,1691.000000,1691.000000,1686.000000,1688.000000,177
2017-06-13T13:30:00+05:30,1688.000000,1694.850000,1686.050000,1691.950000,790
2017-06-13T13:45:00+05:30,1691.950000,1691.950000,1686.000000,1686.000000,461
2017-06-13T14:00:00+05:30,1686.000000,1686.000000,1679.250000,1681.750000,1144
2017-06-13T14:15:00+05:30,1681.950000,1682.000000,1679.450000,1679.500000,447
2017-06-13T14:30:00+05:30,1679.500000,1680.000000,1678.000000,1678.000000,373
2017-06-13T14:45:00+05:30,1678.000000,1680.000000,1677.650000,1679.000000,169
2017-06-13T15:00:00+05:30,1679.000000,1696.450000,1678.700000,1694.000000,1240
2017-06-13T15:15:00+05:30,1694.500000,1697.950000,1684.000000,1697.000000,2932
2017-06-14T09:15:00+05:30,1699.900000,1699.900000,1674.050000,1685.000000,391
2017-06-14T09:30:00+05:30,1685.000000,1690.000000,1681.550000,1689.550000,170
2017-06-14T09:45:00+05:30,1689.550000,1691.950000,1681.550000,1683.000000,168
2017-06-14T10:00:00+05:30,1682.850000,1694.950000,1682.500000,1694.450000,332
2017-06-14T10:15:00+05:30,1694.600000,1694.600000,1685.000000,1685.000000,338
2017-06-14T10:30:00+05:30,1685.000000,1690.000000,1685.000000,1687.550000,64
2017-06-14T10:45:00+05:30,1687.550000,1689.900000,1687.550000,1689.900000,34
2017-06-14T11:00:00+05:30,1689.900000,1693.950000,1689.900000,1692.050000,71
2017-06-14T11:15:00+05:30,1692.050000,1692.050000,1680.000000,1689.000000,419
2017-06-14T11:30:00+05:30,1689.000000,1689.000000,1684.050000,1684.450000,97
2017-06-14T11:45:00+05:30,1684.450000,1688.850000,1684.400000,1684.950000,139
2017-06-14T12:00:00+05:30,1684.950000,1685.000000,1684.800000,1684.800000,86
2017-06-14T12:15:00+05:30,1684.800000,1688.800000,1684.000000,1687.600000,44
2017-06-14T12:30:00+05:30,1688.500000,1689.050000,1685.400000,1689.050000,105
2017-06-14T12:45:00+05:30,1689.700000,1690.000000,1681.550000,1681.550000,64
2017-06-14T13:00:00+05:30,1681.550000,1686.950000,1674.000000,1679.950000,1489
2017-06-14T13:15:00+05:30,1679.950000,1680.000000,1678.000000,1680.000000,46
2017-06-14T13:30:00+05:30,1680.000000,1686.950000,1676.650000,1684.400000,439
2017-06-14T13:45:00+05:30,1684.400000,1685.950000,1675.100000,1683.800000,57
2017-06-14T14:00:00+05:30,1683.800000,1684.950000,1681.100000,1684.950000,28
2017-06-14T14:15:00+05:30,1684.950000,1685.000000,1683.650000,1684.400000,48
2017-06-14T14:30:00+05:30,1684.400000,1684.950000,1675.000000,1679.500000,197
2017-06-14T14:45:00+05:30,1679.500000,1684.650000,1678.550000,1684.650000,59
2017-06-14T15:00:00+05:30,1684.450000,1684.450000,1675.200000,1677.450000,580
2017-06-14T15:15:00+05:30,1677.450000,1699.800000,1675.450000,1699.000000,2056
2017-06-15T09:15:00+05:30,1688.850000,1694.450000,1680.200000,1692.550000,282
2017-06-15T09:30:00+05:30,1692.550000,1692.550000,1685.000000,1688.650000,342
2017-06-15T09:45:00+05:30,1688.650000,1691.000000,1688.650000,1689.100000,377
2017-06-15T10:00:00+05:30,1691.000000,1691.000000,1684.150000,1685.000000,289
2017-06-15T10:15:00+05:30,1685.000000,1687.350000,1684.950000,1685.000000,54
2017-06-15T10:30:00+05:30,1685.000000,1687.550000,1670.000000,1678.000000,1099
2017-06-15T10:45:00+05:30,1678.000000,1679.900000,1674.950000,1675.000000,227
2017-06-15T11:00:00+05:30,1675.000000,1678.450000,1675.000000,1678.450000,354
2017-06-15T11:15:00+05:30,1678.450000,1683.900000,1675.100000,1679.700000,98
2017-06-15T11:30:00+05:30,1679.700000,1681.950000,1671.000000,1678.900000,250
2017-06-15T11:45:00+05:30,1678.900000,1680.000000,1676.050000,1678.900000,114
2017-06-15T12:00:00+05:30,1678.900000,1679.700000,1676.100000,1678.950000,28
2017-06-15T12:15:00+05:30,1678.950000,1685.000000,1678.950000,1682.000000,362
2017-06-15T12:30:00+05:30,1682.000000,1684.400000,1681.750000,1684.000000,192
2017-06-15T12:45:00+05:30,1684.000000,1684.000000,1682.500000,1684.000000,9
2017-06-15T13:00:00+05:30,1684.000000,1684.050000,1680.000000,1683.950000,492
2017-06-15T13:15:00+05:30,1683.950000,1684.700000,1681.800000,1684.000000,49
2017-06-15T13:30:00+05:30,1684.000000,1685.000000,1683.550000,1685.000000,79
2017-06-15T13:45:00+05:30,1685.000000,1685.000000,1684.200000,1684.250000,30
2017-06-15T14:00:00+05:30,1684.250000,1684.350000,1683.800000,1684.200000,46
2017-06-15T14:15:00+05:30,1684.200000,1684.200000,1683.100000,1684.200000,121
2017-06-15T14:30:00+05:30,1684.200000,1685.000000,1683.500000,1685.000000,106
2017-06-15T14:45:00+05:30,1685.000000,1685.000000,1680.150000,1685.000000,174
2017-06-15T15:00:00+05:30,1685.000000,1687.450000,1682.000000,1682.000000,466
2017-06-15T15:15:00+05:30,1682.000000,1685.000000,1679.000000,1679.000000,1032
2017-06-16T09:15:00+05:30,1691.750000,1693.950000,1687.850000,1693.450000,302
2017-06-16T09:30:00+05:30,1693.450000,1695.800000,1687.600000,1695.800000,373
2017-06-16T09:45:00+05:30,1695.800000,1699.900000,1695.150000,1699.900000,838
2017-06-16T10:00:00+05:30,1699.950000,1708.950000,1699.950000,1701.250000,788
2017-06-16T10:15:00+05:30,1701.250000,1708.250000,1701.200000,1704.000000,562
2017-06-16T10:30:00+05:30,1704.000000,1705.000000,1698.000000,1703.800000,552
2017-06-16T10:45:00+05:30,1703.800000,1704.900000,1700.000000,1703.900000,377
2017-06-16T11:00:00+05:30,1703.900000,1705.000000,1702.850000,1705.000000,428
2017-06-16T11:15:00+05:30,1705.000000,1705.000000,1702.000000,1705.000000,439
2017-06-16T11:30:00+05:30,1705.000000,1705.000000,1702.000000,1704.800000,821
2017-06-16T11:45:00+05:30,1704.800000,1705.000000,1704.600000,1705.000000,364
2017-06-16T12:00:00+05:30,1705.000000,1706.900000,1703.150000,1706.900000,379
2017-06-16T12:15:00+05:30,1706.900000,1714.850000,1704.200000,1712.850000,972
2017-06-16T12:30:00+05:30,1712.850000,1719.950000,1710.000000,1719.900000,1348
2017-06-16T12:45:00+05:30,1719.900000,1734.900000,1718.150000,1729.400000,1667
2017-06-16T13:00:00+05:30,1729.400000,1729.950000,1719.000000,1720.800000,527
2017-06-16T13:15:00+05:30,1720.800000,1734.600000,1720.800000,1734.000000,700
2017-06-16T13:30:00+05:30,1734.000000,1735.000000,1729.800000,1731.800000,467
2017-06-16T13:45:00+05:30,1731.800000,1731.900000,1725.650000,1727.000000,371
2017-06-16T14:00:00+05:30,1727.000000,1727.000000,1713.200000,1724.000000,1195
2017-06-16T14:15:00+05:30,1724.000000,1724.950000,1716.100000,1721.000000,720
2017-06-16T14:30:00+05:30,1719.850000,1724.950000,1719.850000,1720.500000,530
2017-06-16T14:45:00+05:30,1720.500000,1731.800000,1720.500000,1731.750000,610
2017-06-16T15:00:00+05:30,1731.750000,1735.950000,1726.650000,1733.900000,1349
2017-06-16T15:15:00+05:30,1733.900000,1735.000000,1721.000000,1721.000000,1275
2017-06-19T09:15:00+05:30,1698.050000,1728.900000,1698.050000,1724.150000,642
2017-06-19T09:30:00+05:30,1723.950000,1724.000000,1710.800000,1720.450000,337
2017-06-19T09:45:00+05:30,1720.450000,1723.150000,1714.550000,1722.000000,318
2017-06-19T10:00:00+05:30,1722.000000,1725.400000,1717.600000,1723.950000,364
2017-06-19T10:15:00+05:30,1723.950000,1735.400000,1720.600000,1735.400000,711
2017-06-19T10:30:00+05:30,1735.400000,1737.950000,1728.800000,1735.950000,592
2017-06-19T10:45:00+05:30,1735.950000,1739.300000,1732.600000,1738.950000,599
2017-06-19T11:00:00+05:30,1738.950000,1747.800000,1738.250000,1746.800000,999
2017-06-19T11:15:00+05:30,1746.800000,1746.950000,1743.000000,1744.850000,215
2017-06-19T11:30:00+05:30,1744.850000,1744.850000,1739.600000,1740.000000,196
2017-06-19T11:45:00+05:30,1740.000000,1744.550000,1729.550000,1739.850000,550
2017-06-19T12:00:00+05:30,1739.850000,1742.400000,1732.550000,1741.000000,185
2017-06-19T12:15:00+05:30,1741.000000,1741.000000,1737.000000,1737.950000,204
2017-06-19T12:30:00+05:30,1737.950000,1740.000000,1737.950000,1738.900000,158
2017-06-19T12:45:00+05:30,1739.950000,1740.000000,1734.150000,1739.900000,457
2017-06-19T13:00:00+05:30,1739.900000,1740.000000,1737.700000,1739.850000,84
2017-06-19T13:15:00+05:30,1739.850000,1744.950000,1732.500000,1744.950000,649
2017-06-19T13:30:00+05:30,1744.950000,1744.950000,1731.600000,1737.800000,1182
2017-06-19T13:45:00+05:30,1737.800000,1737.800000,1734.600000,1734.600000,96
2017-06-19T14:00:00+05:30,1734.600000,1736.950000,1733.950000,1736.850000,142
2017-06-19T14:15:00+05:30,1736.850000,1736.950000,1732.550000,1734.950000,196
2017-06-19T14:30:00+05:30,1734.950000,1739.600000,1726.650000,1738.850000,597
2017-06-19T14:45:00+05:30,1739.600000,1741.400000,1738.000000,1740.000000,241
2017-06-19T15:00:00+05:30,1741.400000,1742.850000,1738.100000,1740.000000,760
2017-06-19T15:15:00+05:30,1740.000000,1746.900000,1735.100000,1746.000000,2668
2017-06-20T09:15:00+05:30,1748.750000,1754.950000,1740.400000,1747.600000,1125
2017-06-20T09:30:00+05:30,1747.600000,1750.900000,1745.900000,1750.000000,339
2017-06-20T09:45:00+05:30,1750.000000,1753.000000,1750.000000,1752.000000,467
2017-06-20T10:00:00+05:30,1752.000000,1752.000000,1749.100000,1749.750000,581
2017-06-20T10:15:00+05:30,1749.750000,1769.000000,1749.550000,1768.950000,1228
2017-06-20T10:30:00+05:30,1768.950000,1770.000000,1755.100000,1757.000000,829
2017-06-20T10:45:00+05:30,1757.000000,1763.950000,1755.100000,1756.850000,227
2017-06-20T11:00:00+05:30,1759.000000,1759.700000,1756.450000,1758.750000,282
2017-06-20T11:15:00+05:30,1758.750000,1763.900000,1758.750000,1762.800000,201
2017-06-20T11:30:00+05:30,1762.800000,1762.800000,1756.400000,1760.000000,457
2017-06-20T11:45:00+05:30,1760.000000,1764.800000,1759.150000,1764.800000,397
2017-06-20T12:00:00+05:30,1764.800000,1765.000000,1761.200000,1764.950000,394
2017-06-20T12:15:00+05:30,1764.950000,1768.150000,1763.600000,1768.150000,308
2017-06-20T12:30:00+05:30,1768.150000,1779.350000,1768.000000,1774.950000,1984
2017-06-20T12:45:00+05:30,1775.000000,1775.000000,1743.100000,1755.650000,2573
2017-06-20T13:00:00+05:30,1755.650000,1759.450000,1751.800000,1759.450000,490
2017-06-20T13:15:00+05:30,1759.450000,1765.000000,1751.950000,1760.000000,665
2017-06-20T13:30:00+05:30,1760.000000,1763.500000,1758.000000,1758.000000,296
2017-06-20T13:45:00+05:30,1758.000000,1763.000000,1756.150000,1760.000000,268
2017-06-20T14:00:00+05:30,1760.000000,1762.000000,1759.000000,1762.000000,229
2017-06-20T14:15:00+05:30,1762.000000,1768.450000,1755.500000,1764.650000,541
2017-06-20T14:30:00+05:30,1764.650000,1767.000000,1762.000000,1767.000000,237
2017-06-20T14:45:00+05:30,1767.000000,1769.950000,1764.600000,1769.950000,501
2017-06-20T15:00:00+05:30,1769.950000,1778.000000,1766.750000,1775.950000,1385
2017-06-20T15:15:00+05:30,1772.300000,1788.000000,1770.000000,1771.950000,2983
2017-06-21T09:15:00+05:30,1742.000000,1772.000000,1742.000000,1765.950000,255
2017-06-21T09:30:00+05:30,1765.950000,1770.800000,1751.650000,1760.500000,722
2017-06-21T09:45:00+05:30,1757.450000,1768.200000,1754.050000,1762.000000,402
2017-06-21T10:00:00+05:30,1762.000000,1765.400000,1751.650000,1758.900000,1160
2017-06-21T10:15:00+05:30,1758.900000,1763.950000,1751.700000,1763.400000,534
2017-06-21T10:30:00+05:30,1763.400000,1765.950000,1759.000000,1764.000000,504
2017-06-21T10:45:00+05:30,1764.000000,1765.000000,1760.300000,1764.650000,275
2017-06-21T11:00:00+05:30,1764.650000,1768.000000,1763.250000,1768.000000,285
2017-06-21T11:15:00+05:30,1768.000000,1790.000000,1768.000000,1783.800000,1385
2017-06-21T11:30:00+05:30,1783.800000,1788.000000,1783.800000,1786.950000,552
2017-06-21T11:45:00+05:30,1786.950000,1787.000000,1783.250000,1787.000000,196
2017-06-21T12:00:00+05:30,1787.000000,1787.000000,1783.650000,1786.950000,241
2017-06-21T12:15:00+05:30,1786.950000,1794.000000,1785.000000,1788.150000,1768
2017-06-21T12:30:00+05:30,1788.150000,1788.700000,1785.000000,1785.100000,390
2017-06-21T12:45:00+05:30,1785.100000,1788.600000,1785.000000,1788.000000,648
2017-06-21T13:00:00+05:30,1788.000000,1790.000000,1781.000000,1785.050000,547
2017-06-21T13:15:00+05:30,1785.050000,1788.700000,1780.000000,1787.450000,253
2017-06-21T13:30:00+05:30,1787.450000,1788.600000,1784.950000,1786.950000,252
2017-06-21T13:45:00+05:30,1786.950000,1787.000000,1774.550000,1782.950000,5383
2017-06-21T14:00:00+05:30,1782.950000,1785.000000,1772.550000,1785.000000,239
2017-06-21T14:15:00+05:30,1785.000000,1785.000000,1780.000000,1783.000000,244
2017-06-21T14:30:00+05:30,1783.000000,1787.000000,1776.150000,1778.150000,1299
2017-06-21T14:45:00+05:30,1778.150000,1785.850000,1778.150000,1783.550000,870
2017-06-21T15:00:00+05:30,1784.000000,1793.950000,1782.200000,1792.900000,1114
2017-06-21T15:15:00+05:30,1792.900000,1792.900000,1785.100000,1788.850000,3005
2017-06-22T09:15:00+05:30,1791.150000,1797.900000,1786.000000,1789.950000,397
2017-06-22T09:30:00+05:30,1789.950000,1806.000000,1789.000000,1803.000000,1512
2017-06-22T09:45:00+05:30,1803.000000,1803.900000,1794.000000,1796.900000,661
2017-06-22T10:00:00+05:30,1796.900000,1797.000000,1785.100000,1791.850000,711
2017-06-22T10:15:00+05:30,1791.850000,1797.000000,1785.100000,1789.200000,345
2017-06-22T10:30:00+05:30,1789.200000,1791.900000,1784.050000,1788.950000,483
2017-06-22T10:45:00+05:30,1788.950000,1792.000000,1785.300000,1790.400000,316
2017-06-22T11:00:00+05:30,1790.400000,1797.000000,1785.300000,1792.900000,583
2017-06-22T11:15:00+05:30,1792.900000,1797.800000,1792.900000,1797.800000,241
2017-06-22T11:30:00+05:30,1797.800000,1799.000000,1793.050000,1798.400000,369
2017-06-22T11:45:00+05:30,1798.400000,1799.000000,1793.050000,1798.000000,222
2017-06-22T12:00:00+05:30,1798.000000,1803.900000,1795.050000,1802.000000,870
2017-06-22T12:15:00+05:30,1802.000000,1807.900000,1800.000000,1806.000000,949
2017-06-22T12:30:00+05:30,1806.000000,1807.250000,1802.650000,1804.000000,260
2017-06-22T12:45:00+05:30,1804.000000,1807.400000,1800.000000,1807.400000,531
2017-06-22T13:00:00+05:30,1807.400000,1807.500000,1800.000000,1807.000000,382
2017-06-22T13:15:00+05:30,1807.000000,1813.000000,1800.000000,1811.750000,1964
2017-06-22T13:30:00+05:30,1811.750000,1812.500000,1801.600000,1806.450000,385
2017-06-22T13:45:00+05:30,1806.450000,1806.450000,1804.000000,1804.850000,192
2017-06-22T14:00:00+05:30,1804.850000,1809.300000,1802.000000,1804.750000,476
2017-06-22T14:15:00+05:30,1804.750000,1807.950000,1799.500000,1802.900000,1409
2017-06-22T14:30:00+05:30,1802.900000,1805.000000,1800.000000,1802.000000,722
2017-06-22T14:45:00+05:30,1802.000000,1804.950000,1800.000000,1802.800000,3999
2017-06-22T15:00:00+05:30,1802.800000,1804.400000,1794.950000,1799.950000,7826
2017-06-22T15:15:00+05:30,1799.950000,1809.300000,1798.750000,1800.000000,3513
2017-06-23T09:15:00+05:30,1800.950000,1810.000000,1800.500000,1808.450000,559
2017-06-23T09:30:00+05:30,1808.450000,1809.200000,1801.600000,1803.000000,334
2017-06-23T09:45:00+05:30,1803.000000,1803.000000,1785.050000,1787.450000,596
2017-06-23T10:00:00+05:30,1787.450000,1795.450000,1781.050000,1783.950000,427
2017-06-23T10:15:00+05:30,1783.950000,1789.400000,1775.100000,1776.000000,814
2017-06-23T10:30:00+05:30,1776.000000,1781.900000,1776.000000,1781.100000,197
2017-06-23T10:45:00+05:30,1776.000000,1786.400000,1776.000000,1786.400000,216
2017-06-23T11:00:00+05:30,1786.400000,1786.400000,1782.400000,1782.550000,104
2017-06-23T11:15:00+05:30,1782.550000,1784.500000,1781.300000,1781.300000,173
2017-06-23T11:30:00+05:30,1781.300000,1784.450000,1777.000000,1780.000000,415
2017-06-23T11:45:00+05:30,1777.050000,1780.850000,1777.000000,1780.000000,359
2017-06-23T12:00:00+05:30,1780.000000,1780.850000,1777.000000,1777.050000,150
2017-06-23T12:15:00+05:30,1777.050000,1780.850000,1777.050000,1780.400000,82
2017-06-23T12:30:00+05:30,1780.400000,1780.850000,1772.050000,1775.000000,1012
2017-06-23T12:45:00+05:30,1775.000000,1779.950000,1772.650000,1779.800000,240
2017-06-23T13:00:00+05:30,1779.800000,1779.800000,1775.500000,1775.500000,44
2017-06-23T13:15:00+05:30,1775.500000,1780.850000,1775.500000,1780.850000,51
2017-06-23T13:30:00+05:30,1780.850000,1780.850000,1780.400000,1780.400000,39
2017-06-23T13:45:00+05:30,1780.400000,1780.850000,1779.700000,1779.700000,54
2017-06-23T14:00:00+05:30,1779.700000,1780.000000,1768.200000,1772.500000,714
2017-06-23T14:15:00+05:30,1772.500000,1778.950000,1769.900000,1771.500000,346
2017-06-23T14:30:00+05:30,1771.500000,1777.450000,1767.000000,1772.850000,742
2017-06-23T14:45:00+05:30,1772.850000,1773.300000,1763.000000,1770.500000,670
2017-06-23T15:00:00+05:30,1770.500000,1778.850000,1770.500000,1774.150000,448
2017-06-23T15:15:00+05:30,1774.150000,1777.300000,1772.100000,1775.000000,1691
2017-06-27T09:15:00+05:30,1774.950000,1774.950000,1765.600000,1767.200000,56
2017-06-27T09:30:00+05:30,1767.200000,1772.950000,1766.350000,1772.950000,135
2017-06-27T09:45:00+05:30,1772.950000,1781.000000,1769.450000,1780.950000,246
2017-06-27T10:00:00+05:30,1780.950000,1781.000000,1779.000000,1781.000000,22
2017-06-27T10:15:00+05:30,1781.000000,1784.800000,1773.100000,1773.100000,85
2017-06-27T10:30:00+05:30,1770.000000,1771.450000,1765.150000,1771.450000,79
2017-06-27T10:45:00+05:30,1771.450000,1779.650000,1765.650000,1775.900000,102
2017-06-27T11:00:00+05:30,1775.900000,1775.950000,1765.500000,1771.950000,166
2017-06-27T11:15:00+05:30,1771.950000,1771.950000,1765.500000,1769.000000,37
2017-06-27T11:30:00+05:30,1769.000000,1816.900000,1765.000000,1798.100000,8204
2017-06-27T11:45:00+05:30,1798.100000,1801.900000,1795.000000,1798.100000,492
2017-06-27T12:00:00+05:30,1798.100000,1802.850000,1797.000000,1802.500000,129
2017-06-27T12:15:00+05:30,1802.500000,1802.500000,1797.150000,1800.000000,94
2017-06-27T12:30:00+05:30,1800.000000,1800.000000,1794.400000,1794.400000,58
2017-06-27T12:45:00+05:30,1794.400000,1794.950000,1785.600000,1791.000000,222
2017-06-27T13:00:00+05:30,1791.000000,1796.000000,1789.000000,1795.450000,186
2017-06-27T13:15:00+05:30,1795.450000,1798.000000,1790.050000,1790.100000,67
2017-06-27T13:30:00+05:30,1790.100000,1792.950000,1785.650000,1788.000000,1042
2017-06-27T13:45:00+05:30,1788.000000,1798.100000,1785.600000,1787.050000,1199
2017-06-27T14:00:00+05:30,1787.050000,1790.000000,1783.250000,1787.700000,161
2017-06-27T14:15:00+05:30,1787.700000,1790.000000,1783.350000,1786.750000,198
2017-06-27T14:30:00+05:30,1786.750000,1790.000000,1786.550000,1790.000000,180
2017-06-27T14:45:00+05:30,1790.000000,1790.000000,1785.150000,1788.950000,119
2017-06-27T15:00:00+05:30,1788.950000,1795.600000,1785.000000,1787.600000,612
2017-06-27T15:15:00+05:30,1787.600000,1789.650000,1785.000000,1785.000000,1028
2017-06-28T09:15:00+05:30,1787.200000,1789.500000,1775.150000,1777.050000,176
2017-06-28T09:30:00+05:30,1777.050000,1780.000000,1766.100000,1770.750000,303
2017-06-28T09:45:00+05:30,1770.750000,1779.950000,1770.750000,1779.950000,42
2017-06-28T10:00:00+05:30,1779.950000,1779.950000,1776.300000,1779.950000,7
2017-06-28T10:15:00+05:30,1779.350000,1780.000000,1772.000000,1780.000000,188
2017-06-28T10:30:00+05:30,1780.000000,1784.800000,1779.050000,1784.800000,148
2017-06-28T10:45:00+05:30,1787.450000,1787.450000,1783.550000,1785.050000,79
2017-06-28T11:00:00+05:30,1785.050000,1790.000000,1785.050000,1785.050000,367
2017-06-28T11:15:00+05:30,1785.050000,1785.050000,1783.100000,1783.100000,19
2017-06-28T11:30:00+05:30,1783.100000,1786.850000,1783.100000,1786.850000,16
2017-06-28T11:45:00+05:30,1786.850000,1786.900000,1785.000000,1786.900000,10
2017-06-28T12:00:00+05:30,1786.900000,1786.900000,1785.000000,1785.000000,32
2017-06-28T12:15:00+05:30,1785.000000,1789.000000,1785.000000,1785.100000,318
2017-06-28T12:30:00+05:30,1785.000000,1788.050000,1785.000000,1785.050000,107
2017-06-28T12:45:00+05:30,1785.050000,1785.050000,1785.050000,1785.050000,0
2017-06-28T13:00:00+05:30,1785.050000,1789.000000,1785.000000,1789.000000,415
2017-06-28T13:15:00+05:30,1789.000000,1789.000000,1785.350000,1785.350000,10
2017-06-28T13:30:00+05:30,1785.350000,1790.000000,1785.000000,1785.000000,933
2017-06-28T13:45:00+05:30,1785.000000,1785.050000,1785.000000,1785.000000,83
2017-06-28T14:00:00+05:30,1785.000000,1785.000000,1785.000000,1785.000000,0
2017-06-28T14:15:00+05:30,1785.000000,1789.400000,1784.150000,1788.000000,120
2017-06-28T14:30:00+05:30,1788.000000,1788.000000,1785.000000,1785.100000,78
2017-06-28T14:45:00+05:30,1785.100000,1798.000000,1785.000000,1790.000000,1480
2017-06-28T15:00:00+05:30,1790.000000,1825.000000,1790.000000,1821.000000,4626
2017-06-28T15:15:00+05:30,1821.000000,1825.000000,1815.100000,1824.000000,2866
2017-06-29T09:15:00+05:30,1808.050000,1816.500000,1807.000000,1807.000000,43
2017-06-29T09:30:00+05:30,1807.000000,1815.000000,1801.550000,1801.550000,463
2017-06-29T09:45:00+05:30,1801.550000,1804.150000,1800.100000,1803.950000,98
2017-06-29T10:00:00+05:30,1803.950000,1807.400000,1803.950000,1807.400000,157
2017-06-29T10:15:00+05:30,1807.400000,1807.400000,1801.950000,1801.950000,34
2017-06-29T10:30:00+05:30,1801.950000,1801.950000,1792.600000,1795.050000,153
2017-06-29T10:45:00+05:30,1795.050000,1799.500000,1793.100000,1799.500000,24
2017-06-29T11:00:00+05:30,1799.500000,1800.000000,1796.150000,1796.150000,24
2017-06-29T11:15:00+05:30,1796.150000,1796.150000,1796.150000,1796.150000,0
2017-06-29T11:30:00+05:30,1796.100000,1796.100000,1796.100000,1796.100000,13
2017-06-29T11:45:00+05:30,1799.900000,1799.950000,1796.150000,1799.950000,67
2017-06-29T12:00:00+05:30,1799.950000,1799.950000,1796.000000,1798.000000,34
2017-06-29T12:15:00+05:30,1798.000000,1808.700000,1798.000000,1807.350000,247
2017-06-29T12:30:00+05:30,1807.350000,1807.350000,1807.350000,1807.350000,0
2017-06-29T12:45:00+05:30,1807.350000,1807.350000,1803.200000,1803.700000,263
2017-06-29T13:00:00+05:30,1803.700000,1806.750000,1803.600000,1806.750000,178
2017-06-29T13:15:00+05:30,1806.750000,1806.750000,1803.600000,1804.000000,131
2017-06-29T13:30:00+05:30,1804.000000,1806.750000,1804.000000,1804.050000,156
2017-06-29T13:45:00+05:30,1804.050000,1804.050000,1803.600000,1803.600000,71
2017-06-29T14:00:00+05:30,1803.600000,1805.000000,1803.600000,1804.950000,61
2017-06-29T14:15:00+05:30,1804.950000,1804.950000,1803.600000,1804.950000,41
2017-06-29T14:30:00+05:30,1804.950000,1824.000000,1803.600000,1819.550000,1274
2017-06-29T14:45:00+05:30,1819.550000,1823.500000,1810.100000,1812.200000,304
2017-06-29T15:00:00+05:30,1812.200000,1830.000000,1812.200000,1820.000000,2332
2017-06-29T15:15:00+05:30,1825.900000,1837.000000,1820.050000,1821.150000,1978
2017-06-30T09:15:00+05:30,1815.100000,1815.100000,1809.050000,1809.050000,55
2017-06-30T09:30:00+05:30,1809.050000,1809.050000,1803.600000,1804.500000,60
2017-06-30T09:45:00+05:30,1804.500000,1808.900000,1804.500000,1807.700000,13
2017-06-30T10:00:00+05:30,1807.700000,1808.850000,1803.200000,1806.100000,56
2017-06-30T10:15:00+05:30,1806.100000,1810.000000,1806.100000,1810.000000,440
2017-06-30T10:30:00+05:30,1810.000000,1813.400000,1806.000000,1810.450000,92
2017-06-30T10:45:00+05:30,1810.450000,1814.000000,1810.000000,1810.000000,26
2017-06-30T11:00:00+05:30,1810.000000,1810.000000,1806.000000,1806.000000,130
2017-06-30T11:15:00+05:30,1806.000000,1809.900000,1806.000000,1809.900000,27
2017-06-30T11:30:00+05:30,1809.900000,1811.850000,1807.250000,1807.600000,71
2017-06-30T11:45:00+05:30,1807.600000,1811.000000,1807.600000,1811.000000,15
2017-06-30T12:00:00+05:30,1811.000000,1811.000000,1809.000000,1809.050000,113
2017-06-30T12:15:00+05:30,1809.050000,1812.000000,1807.100000,1807.100000,177
2017-06-30T12:30:00+05:30,1807.100000,1810.450000,1807.100000,1810.000000,127
2017-06-30T12:45:00+05:30,1810.000000,1811.900000,1810.000000,1810.150000,25
2017-06-30T13:00:00+05:30,1810.150000,1811.850000,1810.150000,1811.850000,123
2017-06-30T13:15:00+05:30,1810.200000,1811.900000,1810.150000,1811.900000,15
2017-06-30T13:30:00+05:30,1810.200000,1810.550000,1810.150000,1810.150000,30
2017-06-30T13:45:00+05:30,1810.150000,1810.500000,1810.150000,1810.150000,107
2017-06-30T14:00:00+05:30,1811.000000,1811.500000,1808.950000,1809.000000,359
2017-06-30T14:15:00+05:30,1808.800000,1808.800000,1807.200000,1807.250000,89
2017-06-30T14:30:00+05:30,1807.250000,1807.750000,1795.150000,1803.000000,1971
2017-06-30T14:45:00+05:30,1803.000000,1805.850000,1800.000000,1802.800000,666
2017-06-30T15:00:00+05:30,1802.950000,1818.000000,1802.950000,1812.950000,1525
2017-06-30T15:15:00+05:30,1812.950000,1813.650000,1800.000000,1800.000000,2795
2017-07-03T09:15:00+05:30,1808.050000,1819.000000,1805.000000,1811.000000,204
2017-07-03T09:30:00+05:30,1811.000000,1811.000000,1797.100000,1805.900000,94
2017-07-03T09:45:00+05:30,1805.900000,1814.950000,1800.000000,1800.000000,92
2017-07-03T10:00:00+05:30,1800.000000,1801.500000,1797.500000,1801.500000,34
2017-07-03T10:15:00+05:30,1801.400000,1802.900000,1801.400000,1802.900000,26
2017-07-03T10:30:00+05:30,1802.900000,1803.950000,1797.550000,1800.350000,31
2017-07-03T10:45:00+05:30,1800.350000,1800.350000,1796.000000,1796.000000,72
2017-07-03T11:00:00+05:30,1796.000000,1800.000000,1795.000000,1799.750000,136
2017-07-03T11:15:00+05:30,1799.750000,1799.750000,1795.000000,1797.950000,128
2017-07-03T11:30:00+05:30,1797.950000,1798.000000,1797.950000,1798.000000,10
2017-07-03T11:45:00+05:30,1798.000000,1799.550000,1795.000000,1799.500000,60
2017-07-03T12:00:00+05:30,1799.500000,1800.800000,1795.000000,1800.000000,507
2017-07-03T12:15:00+05:30,1800.000000,1800.000000,1800.000000,1800.000000,196
2017-07-03T12:30:00+05:30,1800.000000,1803.650000,1800.000000,1800.050000,44
2017-07-03T12:45:00+05:30,1800.050000,1800.050000,1800.000000,1800.000000,7
2017-07-03T13:00:00+05:30,1800.000000,1800.050000,1800.000000,1800.050000,8
2017-07-03T13:15:00+05:30,1800.050000,1803.950000,1800.050000,1803.950000,51
2017-07-03T13:30:00+05:30,1803.950000,1804.000000,1800.150000,1803.950000,98
2017-07-03T13:45:00+05:30,1803.950000,1804.000000,1800.200000,1800.200000,5
2017-07-03T14:00:00+05:30,1800.200000,1800.200000,1799.950000,1799.950000,597
2017-07-03T14:15:00+05:30,1799.950000,1803.900000,1799.950000,1803.900000,435
2017-07-03T14:30:00+05:30,1803.900000,1803.950000,1797.050000,1803.000000,47
2017-07-03T14:45:00+05:30,1803.000000,1803.000000,1802.450000,1802.450000,142
2017-07-03T15:00:00+05:30,1802.450000,1805.000000,1800.000000,1800.950000,187
2017-07-03T15:15:00+05:30,1800.950000,1829.000000,1797.250000,1825.000000,2353
2017-07-04T09:15:00+05:30,1814.550000,1823.900000,1810.000000,1817.950000,192
2017-07-04T09:30:00+05:30,1817.950000,1820.750000,1815.100000,1820.750000,242
2017-07-04T09:45:00+05:30,1820.750000,1822.800000,1816.600000,1822.350000,150
2017-07-04T10:00:00+05:30,1823.750000,1823.750000,1815.100000,1823.700000,202
2017-07-04T10:15:00+05:30,1823.700000,1823.700000,1815.100000,1815.300000,199
2017-07-04T10:30:00+05:30,1815.300000,1819.550000,1815.100000,1815.150000,60
2017-07-04T10:45:00+05:30,1815.150000,1818.600000,1815.100000,1817.900000,24
2017-07-04T11:00:00+05:30,1815.150000,1817.900000,1812.800000,1812.800000,63
2017-07-04T11:15:00+05:30,1812.800000,1813.950000,1810.050000,1813.900000,84
2017-07-04T11:30:00+05:30,1813.900000,1813.900000,1811.000000,1813.900000,15
2017-07-04T11:45:00+05:30,1813.900000,1813.900000,1795.800000,1809.800000,726
2017-07-04T12:00:00+05:30,1809.800000,1809.900000,1799.000000,1805.000000,393
2017-07-04T12:15:00+05:30,1805.000000,1805.000000,1798.600000,1798.950000,256
2017-07-04T12:30:00+05:30,1798.950000,1800.000000,1798.950000,1800.000000,15246
2017-07-04T12:45:00+05:30,1800.000000,1800.000000,1795.350000,1795.550000,331
2017-07-04T13:00:00+05:30,1795.550000,1811.000000,1791.500000,1807.500000,2472
2017-07-04T13:15:00+05:30,1807.500000,1807.500000,1798.650000,1798.650000,685
2017-07-04T13:30:00+05:30,1798.650000,1816.150000,1798.650000,1810.000000,483
2017-07-04T13:45:00+05:30,1810.000000,1813.000000,1806.000000,1811.000000,150
2017-07-04T14:00:00+05:30,1811.000000,1811.000000,1801.050000,1803.800000,378
2017-07-04T14:15:00+05:30,1803.800000,1809.900000,1800.200000,1809.000000,327
2017-07-04T14:30:00+05:30,1809.000000,1809.000000,1805.750000,1808.000000,354
2017-07-04T14:45:00+05:30,1808.000000,1808.000000,1801.100000,1806.450000,741
2017-07-04T15:00:00+05:30,1806.450000,1807.800000,1799.000000,1802.600000,601
2017-07-04T15:15:00+05:30,1802.600000,1825.550000,1802.600000,1817.250000,2875
2017-07-05T09:15:00+05:30,1808.350000,1810.100000,1808.350000,1810.100000,26
2017-07-05T09:30:00+05:30,1810.100000,1810.100000,1806.000000,1806.000000,50
2017-07-05T09:45:00+05:30,1806.000000,1807.000000,1805.400000,1805.450000,60
2017-07-05T10:00:00+05:30,1805.450000,1807.000000,1805.450000,1807.000000,33
2017-07-05T10:15:00+05:30,1807.000000,1815.000000,1806.950000,1814.000000,61
2017-07-05T10:30:00+05:30,1814.000000,1815.700000,1814.000000,1815.700000,11
2017-07-05T10:45:00+05:30,1815.700000,1820.000000,1812.150000,1820.000000,70
2017-07-05T11:00:00+05:30,1815.100000,1817.900000,1813.550000,1814.000000,190
2017-07-05T11:15:00+05:30,1814.000000,1814.000000,1810.000000,1810.000000,35
2017-07-05T11:30:00+05:30,1810.000000,1810.000000,1806.950000,1806.950000,23
2017-07-05T11:45:00+05:30,1806.950000,1807.000000,1806.950000,1806.950000,10
2017-07-05T12:00:00+05:30,1809.650000,1809.650000,1806.050000,1807.500000,54
2017-07-05T12:15:00+05:30,1807.500000,1809.500000,1806.050000,1806.050000,55
2017-07-05T12:30:00+05:30,1806.050000,1806.050000,1806.000000,1806.000000,8
2017-07-05T12:45:00+05:30,1806.000000,1808.850000,1806.000000,1808.850000,2
2017-07-05T13:00:00+05:30,1808.850000,1808.850000,1808.000000,1808.000000,14
2017-07-05T13:15:00+05:30,1809.000000,1819.000000,1809.000000,1813.550000,81
2017-07-05T13:30:00+05:30,1813.550000,1815.750000,1800.200000,1800.200000,299
2017-07-05T13:45:00+05:30,1800.200000,1814.900000,1800.200000,1814.900000,52
2017-07-05T14:00:00+05:30,1814.900000,1815.000000,1808.300000,1810.050000,84
2017-07-05T14:15:00+05:30,1810.050000,1815.000000,1810.000000,1810.000000,448
2017-07-05T14:30:00+05:30,1810.000000,1819.000000,1808.700000,1816.300000,228
2017-07-05T14:45:00+05:30,1816.300000,1816.300000,1814.950000,1814.950000,5
2017-07-05T15:00:00+05:30,1814.950000,1816.950000,1812.000000,1814.300000,298
2017-07-05T15:15:00+05:30,1814.300000,1820.500000,1810.000000,1820.500000,1645
2017-07-06T09:15:00+05:30,1845.000000,1845.000000,1812.200000,1825.950000,188
2017-07-06T09:30:00+05:30,1818.050000,1818.050000,1815.600000,1816.500000,58
2017-07-06T09:45:00+05:30,1816.500000,1818.000000,1816.500000,1816.600000,91
2017-07-06T10:00:00+05:30,1816.600000,1816.600000,1815.550000,1815.550000,55
2017-07-06T10:15:00+05:30,1815.550000,1815.600000,1815.550000,1815.600000,2
2017-07-06T10:30:00+05:30,1815.600000,1818.950000,1810.800000,1810.800000,69
2017-07-06T10:45:00+05:30,1810.800000,1813.400000,1810.100000,1813.400000,5
2017-07-06T11:00:00+05:30,1813.400000,1815.000000,1813.400000,1814.000000,24
2017-07-06T11:15:00+05:30,1814.000000,1814.000000,1814.000000,1814.000000,2
2017-07-06T11:30:00+05:30,1814.000000,1814.050000,1814.000000,1814.000000,55
2017-07-06T11:45:00+05:30,1814.000000,1816.000000,1811.000000,1813.000000,190
2017-07-06T12:00:00+05:30,1813.000000,1813.000000,1811.000000,1811.000000,4
2017-07-06T12:15:00+05:30,1811.000000,1813.000000,1810.000000,1810.000000,154
2017-07-06T12:30:00+05:30,1810.000000,1812.500000,1806.050000,1807.650000,125
2017-07-06T12:45:00+05:30,1807.650000,1807.650000,1806.200000,1806.200000,2
2017-07-06T13:00:00+05:30,1806.200000,1811.950000,1806.200000,1810.000000,41
2017-07-06T13:15:00+05:30,1810.000000,1813.250000,1807.150000,1809.050000,215
2017-07-06T13:30:00+05:30,1809.050000,1813.250000,1807.950000,1813.250000,144
2017-07-06T13:45:00+05:30,1813.250000,1813.350000,1809.900000,1813.350000,8
2017-07-06T14:00:00+05:30,1813.350000,1813.350000,1807.550000,1810.400000,177
2017-07-06T14:15:00+05:30,1810.400000,1811.950000,1805.000000,1808.850000,447
2017-07-06T14:30:00+05:30,1808.850000,1814.500000,1808.850000,1809.000000,85
2017-07-06T14:45:00+05:30,1809.000000,1814.000000,1809.000000,1814.000000,47
2017-07-06T15:00:00+05:30,1814.000000,1814.450000,1805.100000,1809.000000,260
2017-07-06T15:15:00+05:30,1809.000000,1845.000000,1805.350000,1835.000000,3689
2017-07-07T09:15:00+05:30,1834.400000,1835.000000,1828.550000,1831.000000,87
2017-07-07T09:30:00+05:30,1834.300000,1834.300000,1822.050000,1827.000000,261
2017-07-07T09:45:00+05:30,1827.000000,1827.000000,1822.600000,1825.000000,38
2017-07-07T10:00:00+05:30,1825.000000,1825.000000,1823.150000,1823.150000,78
2017-07-07T10:15:00+05:30,1823.150000,1826.000000,1815.050000,1815.050000,100
2017-07-07T10:30:00+05:30,1815.050000,1818.000000,1814.000000,1818.000000,88
2017-07-07T10:45:00+05:30,1818.000000,1826.850000,1817.350000,1819.600000,71
2017-07-07T11:00:00+05:30,1819.600000,1819.600000,1818.300000,1819.600000,18
2017-07-07T11:15:00+05:30,1819.600000,1823.400000,1819.600000,1821.150000,17
2017-07-07T11:30:00+05:30,1821.150000,1821.150000,1820.000000,1820.000000,6
2017-07-07T11:45:00+05:30,1820.000000,1820.000000,1817.050000,1817.050000,81
2017-07-07T12:00:00+05:30,1817.050000,1819.450000,1817.050000,1819.450000,35
2017-07-07T12:15:00+05:30,1819.450000,1825.450000,1819.450000,1823.950000,86
2017-07-07T12:30:00+05:30,1823.950000,1823.950000,1819.450000,1819.450000,57
2017-07-07T12:45:00+05:30,1819.450000,1819.450000,1816.000000,1816.000000,25
2017-07-07T13:00:00+05:30,1816.000000,1822.400000,1816.000000,1822.400000,11
2017-07-07T13:15:00+05:30,1822.400000,1826.400000,1822.400000,1826.400000,62
2017-07-07T13:30:00+05:30,1826.400000,1826.400000,1822.200000,1825.000000,42
2017-07-07T13:45:00+05:30,1825.000000,1825.400000,1820.200000,1825.400000,139
2017-07-07T14:00:00+05:30,1825.400000,1826.850000,1822.200000,1822.550000,76
2017-07-07T14:15:00+05:30,1822.550000,1823.950000,1820.200000,1820.200000,69
2017-07-07T14:30:00+05:30,1820.200000,1826.950000,1820.200000,1825.300000,85
2017-07-07T14:45:00+05:30,1825.300000,1839.000000,1825.300000,1834.000000,412
2017-07-07T15:00:00+05:30,1834.000000,1837.000000,1820.000000,1825.500000,1012
2017-07-07T15:15:00+05:30,1825.500000,1840.000000,1818.450000,1838.550000,1857
2017-07-10T12:30:00+05:30,1781.100000,1899.000000,1781.100000,1810.000000,100
2017-07-10T12:45:00+05:30,1810.000000,1828.850000,1810.000000,1811.050000,17
2017-07-10T13:00:00+05:30,1813.000000,1839.850000,1811.050000,1812.350000,155
2017-07-10T13:15:00+05:30,1812.350000,1822.450000,1812.350000,1821.050000,57
2017-07-10T13:30:00+05:30,1821.050000,1822.450000,1821.050000,1822.450000,5
2017-07-10T13:45:00+05:30,1822.450000,1822.450000,1810.000000,1815.000000,215
2017-07-10T14:00:00+05:30,1815.000000,1899.000000,1781.100000,1819.450000,630
2017-07-10T14:15:00+05:30,1819.450000,1819.450000,1811.050000,1812.250000,71
2017-07-10T14:30:00+05:30,1812.250000,1819.450000,1812.000000,1819.400000,185
2017-07-10T14:45:00+05:30,1819.400000,1819.400000,1812.200000,1817.900000,45
2017-07-10T15:00:00+05:30,1817.900000,1820.000000,1813.350000,1820.000000,563
2017-07-10T15:15:00+05:30,1815.050000,1845.000000,1810.000000,1810.000000,2255
2017-07-11T09:15:00+05:30,1819.450000,1822.350000,1818.600000,1819.850000,7
2017-07-11T09:30:00+05:30,1819.850000,1825.350000,1819.000000,1820.000000,63
2017-07-11T09:45:00+05:30,1820.000000,1828.000000,1820.000000,1826.950000,64
2017-07-11T10:00:00+05:30,1827.000000,1829.850000,1820.000000,1820.000000,48
2017-07-11T10:15:00+05:30,1820.050000,1820.050000,1816.550000,1816.550000,30
2017-07-11T10:30:00+05:30,1816.550000,1820.000000,1816.550000,1819.850000,36
2017-07-11T10:45:00+05:30,1819.850000,1822.400000,1819.850000,1822.400000,90
2017-07-11T11:00:00+05:30,1822.400000,1824.000000,1821.050000,1823.950000,11
2017-07-11T11:15:00+05:30,1823.950000,1824.000000,1821.000000,1824.000000,60
2017-07-11T11:30:00+05:30,1824.000000,1824.000000,1819.000000,1819.000000,297
2017-07-11T11:45:00+05:30,1819.000000,1819.500000,1815.500000,1816.000000,53
2017-07-11T12:00:00+05:30,1816.000000,1819.500000,1816.000000,1818.000000,67
2017-07-11T12:15:00+05:30,1818.000000,1819.450000,1816.000000,1816.000000,111
2017-07-11T12:30:00+05:30,1816.000000,1816.000000,1816.000000,1816.000000,4
2017-07-11T12:45:00+05:30,1816.000000,1816.000000,1816.000000,1816.000000,20
2017-07-11T13:00:00+05:30,1816.000000,1816.000000,1816.000000,1816.000000,0
2017-07-11T13:15:00+05:30,1816.000000,1819.250000,1816.000000,1819.250000,12
2017-07-11T13:30:00+05:30,1819.250000,1819.250000,1817.000000,1817.050000,33
2017-07-11T13:45:00+05:30,1817.050000,1818.950000,1815.500000,1818.950000,169
2017-07-11T14:00:00+05:30,1818.950000,1819.000000,1815.050000,1815.100000,59
2017-07-11T14:15:00+05:30,1815.100000,1820.100000,1815.100000,1820.100000,155
2017-07-11T14:30:00+05:30,1820.100000,1828.000000,1815.450000,1822.500000,228
2017-07-11T14:45:00+05:30,1822.500000,1824.050000,1820.000000,1820.000000,233
2017-07-11T15:00:00+05:30,1820.000000,1825.000000,1818.650000,1822.000000,276
2017-07-11T15:15:00+05:30,1822.000000,1831.350000,1818.250000,1830.400000,1907
2017-07-12T09:15:00+05:30,1813.100000,1835.000000,1813.100000,1834.400000,86
2017-07-12T09:30:00+05:30,1834.400000,1835.000000,1825.000000,1828.850000,143
2017-07-12T09:45:00+05:30,1828.850000,1833.950000,1822.000000,1822.000000,114
2017-07-12T10:00:00+05:30,1822.000000,1830.950000,1822.000000,1828.000000,55
2017-07-12T10:15:00+05:30,1828.000000,1830.850000,1824.650000,1830.000000,64
2017-07-12T10:30:00+05:30,1830.000000,1830.000000,1825.600000,1830.000000,75
2017-07-12T10:45:00+05:30,1830.000000,1834.550000,1827.050000,1827.050000,104
2017-07-12T11:00:00+05:30,1827.050000,1834.050000,1827.050000,1834.050000,41
2017-07-12T11:15:00+05:30,1834.050000,1834.850000,1831.750000,1831.900000,42
2017-07-12T11:30:00+05:30,1831.900000,1862.000000,1831.900000,1843.350000,982
2017-07-12T11:45:00+05:30,1843.350000,1843.350000,1821.550000,1834.400000,287
2017-07-12T12:00:00+05:30,1834.400000,1839.950000,1826.600000,1830.450000,86
2017-07-12T12:15:00+05:30,1830.450000,1841.950000,1828.000000,1840.000000,113
2017-07-12T12:30:00+05:30,1840.000000,1840.000000,1831.100000,1839.900000,179
2017-07-12T12:45:00+05:30,1839.900000,1844.850000,1835.000000,1835.000000,100
2017-07-12T13:00:00+05:30,1835.000000,1840.400000,1833.100000,1837.350000,251
2017-07-12T13:15:00+05:30,1837.350000,1840.000000,1836.300000,1838.000000,46
2017-07-12T13:30:00+05:30,1838.000000,1847.000000,1838.000000,1839.100000,122
2017-07-12T13:45:00+05:30,1839.100000,1846.400000,1839.100000,1844.700000,52
2017-07-12T14:00:00+05:30,1844.700000,1849.000000,1841.100000,1849.000000,178
2017-07-12T14:15:00+05:30,1849.000000,1849.000000,1841.200000,1841.950000,107
2017-07-12T14:30:00+05:30,1842.000000,1842.900000,1835.000000,1835.000000,172
2017-07-12T14:45:00+05:30,1835.000000,1841.000000,1831.850000,1841.000000,213
2017-07-12T15:00:00+05:30,1841.000000,1841.000000,1832.050000,1839.600000,367
2017-07-12T15:15:00+05:30,1839.600000,1849.000000,1825.000000,1844.950000,1277
2017-07-13T09:15:00+05:30,1858.500000,1858.500000,1837.600000,1842.000000,224
2017-07-13T09:30:00+05:30,1842.000000,1846.950000,1842.000000,1846.950000,113
2017-07-13T09:45:00+05:30,1846.950000,1849.400000,1838.000000,1838.000000,130
2017-07-13T10:00:00+05:30,1838.000000,1844.950000,1835.100000,1839.950000,267
2017-07-13T10:15:00+05:30,1839.950000,1844.000000,1837.000000,1837.000000,133
2017-07-13T10:30:00+05:30,1837.000000,1840.450000,1836.500000,1836.500000,70
2017-07-13T10:45:00+05:30,1836.500000,1840.400000,1836.400000,1836.400000,131
2017-07-13T11:00:00+05:30,1836.400000,1840.900000,1836.400000,1838.050000,73
2017-07-13T11:15:00+05:30,1838.050000,1844.000000,1838.000000,1843.250000,106
2017-07-13T11:30:00+05:30,1843.250000,1843.250000,1837.000000,1837.000000,155
2017-07-13T11:45:00+05:30,1836.400000,1840.100000,1836.000000,1836.250000,448
2017-07-13T12:00:00+05:30,1836.250000,1836.250000,1833.400000,1836.150000,543
2017-07-13T12:15:00+05:30,1836.000000,1840.950000,1830.950000,1836.800000,674
2017-07-13T12:30:00+05:30,1836.800000,1836.800000,1826.100000,1831.000000,421
2017-07-13T12:45:00+05:30,1831.000000,1832.750000,1828.000000,1831.000000,41
2017-07-13T13:00:00+05:30,1831.000000,1832.750000,1825.500000,1830.500000,184
2017-07-13T13:15:00+05:30,1830.500000,1831.950000,1828.000000,1830.000000,426
2017-07-13T13:30:00+05:30,1830.000000,1831.950000,1830.000000,1830.150000,14
2017-07-13T13:45:00+05:30,1830.150000,1832.000000,1830.000000,1830.000000,167
2017-07-13T14:00:00+05:30,1830.000000,1830.000000,1830.000000,1830.000000,41
2017-07-13T14:15:00+05:30,1830.000000,1834.400000,1830.000000,1830.000000,387
2017-07-13T14:30:00+05:30,1830.000000,1832.600000,1828.000000,1831.350000,403
2017-07-13T14:45:00+05:30,1831.350000,1831.350000,1827.000000,1829.850000,158
2017-07-13T15:00:00+05:30,1829.850000,1834.950000,1823.050000,1833.700000,537
2017-07-13T15:15:00+05:30,1833.700000,1839.950000,1822.900000,1822.900000,1730
2017-07-14T09:15:00+05:30,1831.000000,1838.900000,1825.000000,1825.000000,150
2017-07-14T09:30:00+05:30,1825.950000,1856.000000,1825.950000,1840.000000,2367
2017-07-14T09:45:00+05:30,1840.000000,1848.950000,1835.600000,1839.750000,967
2017-07-14T10:00:00+05:30,1839.750000,1839.750000,1831.000000,1832.950000,340
2017-07-14T10:15:00+05:30,1832.950000,1835.000000,1832.300000,1832.350000,334
2017-07-14T10:30:00+05:30,1832.350000,1834.950000,1832.350000,1832.550000,251
2017-07-14T10:45:00+05:30,1832.550000,1834.900000,1832.350000,1834.900000,222
2017-07-14T11:00:00+05:30,1834.900000,1834.900000,1832.400000,1834.400000,24
2017-07-14T11:15:00+05:30,1834.400000,1834.400000,1828.900000,1828.900000,279
2017-07-14T11:30:00+05:30,1828.850000,1828.900000,1825.100000,1828.850000,88
2017-07-14T11:45:00+05:30,1828.850000,1828.900000,1826.050000,1828.900000,78
2017-07-14T12:00:00+05:30,1828.900000,1835.000000,1828.000000,1829.500000,210
2017-07-14T12:15:00+05:30,1829.500000,1829.900000,1826.050000,1829.650000,46
2017-07-14T12:30:00+05:30,1829.650000,1830.000000,1828.000000,1829.850000,43
2017-07-14T12:45:00+05:30,1829.850000,1830.000000,1828.000000,1829.950000,409
2017-07-14T13:00:00+05:30,1829.950000,1829.950000,1829.950000,1829.950000,0
2017-07-14T13:15:00+05:30,1829.950000,1829.950000,1828.500000,1829.950000,6
2017-07-14T13:30:00+05:30,1829.950000,1830.000000,1827.000000,1827.000000,54
2017-07-14T13:45:00+05:30,1827.000000,1830.000000,1827.000000,1829.950000,22
2017-07-14T14:00:00+05:30,1829.950000,1830.000000,1829.950000,1829.950000,21
2017-07-14T14:15:00+05:30,1829.950000,1830.000000,1827.200000,1830.000000,197
2017-07-14T14:30:00+05:30,1830.000000,1830.000000,1826.500000,1826.500000,60
2017-07-14T14:45:00+05:30,1826.500000,1830.000000,1825.000000,1830.000000,521
2017-07-14T15:00:00+05:30,1830.000000,1830.000000,1814.450000,1820.000000,1787
2017-07-14T15:15:00+05:30,1820.000000,1825.450000,1804.000000,1811.800000,2833
2017-07-17T09:15:00+05:30,1810.000000,1814.850000,1801.100000,1804.300000,356
2017-07-17T09:30:00+05:30,1804.300000,1804.300000,1800.000000,1800.000000,233
2017-07-17T09:45:00+05:30,1800.000000,1803.800000,1792.550000,1793.000000,200
2017-07-17T10:00:00+05:30,1793.000000,1798.300000,1792.050000,1795.000000,86
2017-07-17T10:15:00+05:30,1795.000000,1800.000000,1795.000000,1800.000000,213
2017-07-17T10:30:00+05:30,1800.000000,1800.000000,1792.100000,1792.100000,636
2017-07-17T10:45:00+05:30,1792.100000,1795.000000,1792.100000,1795.000000,75
2017-07-17T11:00:00+05:30,1795.250000,1795.250000,1793.100000,1795.000000,93
2017-07-17T11:15:00+05:30,1796.550000,1796.550000,1792.150000,1792.150000,216
2017-07-17T11:30:00+05:30,1793.000000,1793.000000,1790.000000,1790.500000,403
2017-07-17T11:45:00+05:30,1790.500000,1792.200000,1790.500000,1790.600000,10
2017-07-17T12:00:00+05:30,1790.600000,1793.000000,1790.500000,1793.000000,256
2017-07-17T12:15:00+05:30,1793.000000,1793.000000,1790.500000,1792.050000,271
2017-07-17T12:30:00+05:30,1792.050000,1792.050000,1790.500000,1792.000000,19
2017-07-17T12:45:00+05:30,1792.000000,1798.000000,1792.000000,1793.000000,351
2017-07-17T13:00:00+05:30,1793.000000,1798.450000,1792.950000,1792.950000,65
2017-07-17T13:15:00+05:30,1792.950000,1796.000000,1792.950000,1795.050000,12
2017-07-17T13:30:00+05:30,1795.050000,1802.900000,1795.050000,1802.900000,252
2017-07-17T13:45:00+05:30,1800.050000,1801.900000,1799.000000,1801.900000,75
2017-07-17T14:00:00+05:30,1801.900000,1802.000000,1800.000000,1800.000000,28
2017-07-17T14:15:00+05:30,1800.000000,1801.350000,1799.000000,1800.650000,643
2017-07-17T14:30:00+05:30,1800.650000,1809.700000,1795.000000,1805.750000,482
2017-07-17T14:45:00+05:30,1805.750000,1805.900000,1800.000000,1800.050000,69
2017-07-17T15:00:00+05:30,1800.050000,1807.000000,1800.000000,1802.500000,618
2017-07-17T15:15:00+05:30,1801.950000,1806.400000,1799.050000,1805.000000,1675
2017-07-18T09:15:00+05:30,1792.000000,1804.500000,1792.000000,1803.100000,36
2017-07-18T09:30:00+05:30,1803.100000,1803.100000,1796.350000,1801.000000,220
2017-07-18T09:45:00+05:30,1801.000000,1803.900000,1798.550000,1803.700000,83
2017-07-18T10:00:00+05:30,1803.700000,1803.700000,1799.750000,1799.750000,1
2017-07-18T10:15:00+05:30,1799.750000,1799.750000,1797.050000,1797.050000,5
2017-07-18T10:30:00+05:30,1797.050000,1799.950000,1796.000000,1798.350000,75
2017-07-18T10:45:00+05:30,1796.000000,1800.000000,1796.000000,1796.250000,49
2017-07-18T11:00:00+05:30,1796.250000,1796.250000,1796.250000,1796.250000,0
2017-07-18T11:15:00+05:30,1796.250000,1798.300000,1796.250000,1797.000000,48
2017-07-18T11:30:00+05:30,1797.000000,1798.000000,1797.000000,1797.750000,65
2017-07-18T11:45:00+05:30,1797.750000,1798.000000,1797.600000,1798.000000,6
2017-07-18T12:00:00+05:30,1798.000000,1798.000000,1796.000000,1798.000000,68
2017-07-18T12:15:00+05:30,1798.000000,1798.000000,1797.950000,1798.000000,13
2017-07-18T12:30:00+05:30,1796.150000,1798.000000,1796.150000,1796.250000,13
2017-07-18T12:45:00+05:30,1796.250000,1796.250000,1793.000000,1795.050000,1245
2017-07-18T13:00:00+05:30,1795.050000,1798.000000,1795.050000,1795.050000,50
2017-07-18T13:15:00+05:30,1795.050000,1797.950000,1795.050000,1797.950000,10
2017-07-18T13:30:00+05:30,1797.950000,1797.950000,1795.250000,1797.400000,11
2017-07-18T13:45:00+05:30,1797.400000,1797.400000,1795.100000,1795.100000,60
2017-07-18T14:00:00+05:30,1795.100000,1797.000000,1795.100000,1796.850000,8
2017-07-18T14:15:00+05:30,1796.850000,1796.850000,1795.200000,1796.800000,24
2017-07-18T14:30:00+05:30,1796.800000,1796.800000,1795.200000,1795.200000,33
2017-07-18T14:45:00+05:30,1795.200000,1795.250000,1795.100000,1795.100000,55
2017-07-18T15:00:00+05:30,1795.100000,1801.450000,1795.000000,1801.450000,434
2017-07-18T15:15:00+05:30,1801.450000,1808.500000,1797.000000,1805.500000,967
2017-07-19T09:15:00+05:30,1805.000000,1805.000000,1798.050000,1800.550000,80
2017-07-19T09:30:00+05:30,1800.550000,1808.000000,1795.000000,1800.000000,261
2017-07-19T09:45:00+05:30,1800.000000,1815.000000,1799.900000,1810.550000,345
2017-07-19T10:00:00+05:30,1810.550000,1813.800000,1810.450000,1811.950000,193
2017-07-19T10:15:00+05:30,1811.950000,1813.800000,1810.900000,1813.800000,146
2017-07-19T10:30:00+05:30,1813.800000,1814.300000,1812.000000,1813.900000,215
2017-07-19T10:45:00+05:30,1813.900000,1819.000000,1812.050000,1815.100000,245
2017-07-19T11:00:00+05:30,1815.100000,1815.100000,1812.000000,1812.000000,63
2017-07-19T11:15:00+05:30,1812.000000,1813.800000,1810.000000,1812.200000,79
2017-07-19T11:30:00+05:30,1812.000000,1812.100000,1810.000000,1812.050000,10071
2017-07-19T11:45:00+05:30,1810.000000,1815.000000,1810.000000,1815.000000,68
2017-07-19T12:00:00+05:30,1815.000000,1815.000000,1813.000000,1813.000000,154
2017-07-19T12:15:00+05:30,1813.000000,1814.800000,1813.000000,1814.400000,44
2017-07-19T12:30:00+05:30,1814.400000,1814.450000,1810.000000,1810.050000,92
2017-07-19T12:45:00+05:30,1811.400000,1811.450000,1811.400000,1811.450000,30
2017-07-19T13:00:00+05:30,1811.450000,1815.000000,1810.000000,1814.450000,143
2017-07-19T13:15:00+05:30,1814.450000,1818.000000,1813.900000,1817.500000,57
2017-07-19T13:30:00+05:30,1817.500000,1817.500000,1815.000000,1815.250000,117
2017-07-19T13:45:00+05:30,1815.250000,1815.250000,1815.000000,1815.000000,339
2017-07-19T14:00:00+05:30,1815.000000,1816.500000,1815.000000,1816.500000,241
2017-07-19T14:15:00+05:30,1816.500000,1816.800000,1815.000000,1816.600000,30
2017-07-19T14:30:00+05:30,1816.600000,1816.650000,1815.000000,1815.000000,226
2017-07-19T14:45:00+05:30,1815.000000,1820.000000,1815.000000,1819.950000,241
2017-07-19T15:00:00+05:30,1819.950000,1820.000000,1816.050000,1817.800000,394
2017-07-19T15:15:00+05:30,1817.800000,1828.000000,1815.600000,1825.000000,2091
2017-07-20T09:15:00+05:30,1824.750000,1833.000000,1820.000000,1821.300000,174
2017-07-20T09:30:00+05:30,1821.300000,1821.300000,1819.000000,1819.000000,67
2017-07-20T09:45:00+05:30,1819.000000,1824.000000,1819.000000,1824.000000,65
2017-07-20T10:00:00+05:30,1824.000000,1824.000000,1820.600000,1820.600000,71
2017-07-20T10:15:00+05:30,1820.600000,1821.650000,1820.000000,1820.000000,33
2017-07-20T10:30:00+05:30,1820.000000,1820.000000,1815.100000,1815.100000,67
2017-07-20T10:45:00+05:30,1815.100000,1817.950000,1815.100000,1817.950000,38
2017-07-20T11:00:00+05:30,1817.950000,1820.000000,1815.100000,1820.000000,16
2017-07-20T11:15:00+05:30,1820.000000,1820.000000,1811.000000,1811.000000,37
2017-07-20T11:30:00+05:30,1811.000000,1814.000000,1811.000000,1812.350000,80
2017-07-20T11:45:00+05:30,1812.350000,1812.350000,1810.200000,1810.600000,22
2017-07-20T12:00:00+05:30,1810.600000,1815.000000,1810.000000,1812.850000,352
2017-07-20T12:15:00+05:30,1812.850000,1812.850000,1804.500000,1804.500000,239
2017-07-20T12:30:00+05:30,1804.500000,1814.950000,1804.500000,1809.950000,218
2017-07-20T12:45:00+05:30,1809.950000,1810.050000,1802.200000,1802.200000,144
2017-07-20T13:00:00+05:30,1802.200000,1805.950000,1800.000000,1805.950000,149
2017-07-20T13:15:00+05:30,1805.950000,1808.850000,1805.950000,1808.850000,20
2017-07-20T13:30:00+05:30,1808.850000,1808.850000,1808.000000,1808.000000,25
2017-07-20T13:45:00+05:30,1808.000000,1811.900000,1808.000000,1808.000000,171
2017-07-20T14:00:00+05:30,1808.000000,1810.050000,1806.050000,1810.050000,119
2017-07-20T14:15:00+05:30,1810.050000,1815.000000,1809.900000,1815.000000,294
2017-07-20T14:30:00+05:30,1815.000000,1816.800000,1807.650000,1807.650000,243
2017-07-20T14:45:00+05:30,1807.650000,1813.400000,1805.100000,1810.650000,90
2017-07-20T15:00:00+05:30,1810.650000,1814.900000,1807.200000,1809.000000,300
2017-07-20T15:15:00+05:30,1809.000000,1833.000000,1808.250000,1832.950000,2283
2017-07-21T09:15:00+05:30,1836.950000,1836.950000,1828.600000,1835.400000,200
2017-07-21T09:30:00+05:30,1835.400000,1835.900000,1828.000000,1832.000000,83
2017-07-21T09:45:00+05:30,1832.000000,1832.000000,1829.000000,1831.900000,91
2017-07-21T10:00:00+05:30,1831.900000,1834.900000,1829.000000,1834.900000,308
2017-07-21T10:15:00+05:30,1834.900000,1835.000000,1828.000000,1834.250000,148
2017-07-21T10:30:00+05:30,1834.250000,1835.000000,1826.850000,1832.900000,643
2017-07-21T10:45:00+05:30,1832.900000,1834.450000,1827.050000,1830.000000,198
2017-07-21T11:00:00+05:30,1830.000000,1832.950000,1822.000000,1829.000000,246
2017-07-21T11:15:00+05:30,1829.000000,1829.950000,1825.400000,1825.400000,99
2017-07-21T11:30:00+05:30,1825.400000,1829.900000,1815.500000,1829.750000,268
2017-07-21T11:45:00+05:30,1829.750000,1829.850000,1816.600000,1825.000000,301
2017-07-21T12:00:00+05:30,1826.950000,1828.000000,1826.950000,1828.000000,74
2017-07-21T12:15:00+05:30,1828.000000,1828.000000,1825.350000,1828.000000,78
2017-07-21T12:30:00+05:30,1828.000000,1828.000000,1824.950000,1825.000000,125
2017-07-21T12:45:00+05:30,1825.000000,1827.950000,1818.000000,1818.000000,197
2017-07-21T13:00:00+05:30,1818.000000,1819.950000,1813.550000,1815.000000,330
2017-07-21T13:15:00+05:30,1815.000000,1815.000000,1810.600000,1815.000000,205
2017-07-21T13:30:00+05:30,1815.000000,1819.900000,1814.750000,1814.950000,63
2017-07-21T13:45:00+05:30,1814.950000,1814.950000,1809.650000,1811.800000,203
2017-07-21T14:00:00+05:30,1811.800000,1811.800000,1809.800000,1810.000000,296
2017-07-21T14:15:00+05:30,1810.000000,1814.900000,1809.650000,1813.000000,111
2017-07-21T14:30:00+05:30,1813.000000,1815.200000,1812.050000,1814.450000,502
2017-07-21T14:45:00+05:30,1814.450000,1815.000000,1805.250000,1812.500000,376
2017-07-21T15:00:00+05:30,1812.500000,1814.950000,1806.500000,1813.900000,655
2017-07-21T15:15:00+05:30,1813.900000,1813.900000,1790.000000,1800.750000,1570
2017-07-24T09:15:00+05:30,1795.050000,1798.800000,1780.000000,1786.000000,359
2017-07-24T09:30:00+05:30,1786.000000,1798.450000,1786.000000,1789.400000,164
2017-07-24T09:45:00+05:30,1789.450000,1790.000000,1787.000000,1789.850000,290
2017-07-24T10:00:00+05:30,1789.850000,1789.850000,1787.000000,1788.800000,186
2017-07-24T10:15:00+05:30,1788.800000,1788.800000,1785.150000,1788.350000,106
2017-07-24T10:30:00+05:30,1788.350000,1788.750000,1788.000000,1788.000000,167
2017-07-24T10:45:00+05:30,1788.000000,1789.700000,1788.000000,1788.150000,26
2017-07-24T11:00:00+05:30,1788.150000,1795.350000,1788.100000,1795.350000,183
2017-07-24T11:15:00+05:30,1795.350000,1810.000000,1792.150000,1801.550000,368
2017-07-24T11:30:00+05:30,1801.550000,1801.600000,1799.000000,1800.000000,100
2017-07-24T11:45:00+05:30,1800.000000,1801.600000,1797.050000,1800.050000,125
2017-07-24T12:00:00+05:30,1800.050000,1801.600000,1800.050000,1801.600000,56
2017-07-24T12:15:00+05:30,1801.600000,1801.600000,1799.100000,1800.000000,15
2017-07-24T12:30:00+05:30,1800.000000,1800.350000,1799.000000,1800.000000,195
2017-07-24T12:45:00+05:30,1800.000000,1801.600000,1800.000000,1800.000000,57
2017-07-24T13:00:00+05:30,1800.000000,1805.000000,1800.000000,1802.900000,113
2017-07-24T13:15:00+05:30,1802.900000,1802.900000,1798.550000,1800.300000,47
2017-07-24T13:30:00+05:30,1800.300000,1801.650000,1800.000000,1801.650000,21
2017-07-24T13:45:00+05:30,1801.650000,1802.500000,1801.650000,1802.450000,181
2017-07-24T14:00:00+05:30,1802.450000,1804.300000,1801.950000,1802.700000,23
2017-07-24T14:15:00+05:30,1802.700000,1802.700000,1800.100000,1801.250000,18
2017-07-24T14:30:00+05:30,1801.250000,1803.700000,1801.250000,1802.550000,37
2017-07-24T14:45:00+05:30,1802.550000,1802.550000,1802.000000,1802.000000,96
2017-07-24T15:00:00+05:30,1805.000000,1805.000000,1802.000000,1804.650000,239
2017-07-24T15:15:00+05:30,1804.650000,1820.550000,1801.500000,1808.600000,1685
2017-07-25T09:15:00+05:30,1799.850000,1801.000000,1798.000000,1801.000000,83
2017-07-25T09:30:00+05:30,1801.000000,1801.000000,1798.450000,1798.450000,11
2017-07-25T09:45:00+05:30,1798.450000,1799.500000,1789.600000,1789.600000,295
2017-07-25T10:00:00+05:30,1789.600000,1795.500000,1789.600000,1791.950000,332
2017-07-25T10:15:00+05:30,1791.950000,1791.950000,1789.900000,1789.900000,267
2017-07-25T10:30:00+05:30,1790.000000,1790.400000,1789.600000,1789.600000,130
2017-07-25T10:45:00+05:30,1789.600000,1791.100000,1785.200000,1790.000000,523
2017-07-25T11:00:00+05:30,1790.000000,1791.000000,1790.000000,1790.000000,95
2017-07-25T11:15:00+05:30,1790.000000,1792.000000,1788.000000,1792.000000,334
2017-07-25T11:30:00+05:30,1792.000000,1792.000000,1782.050000,1782.500000,1498
2017-07-25T11:45:00+05:30,1782.500000,1790.000000,1779.000000,1790.000000,913
2017-07-25T12:00:00+05:30,1790.000000,1790.000000,1783.050000,1789.500000,177
2017-07-25T12:15:00+05:30,1789.500000,1789.500000,1787.600000,1787.600000,83
2017-07-25T12:30:00+05:30,1786.100000,1787.950000,1784.200000,1784.200000,19
2017-07-25T12:45:00+05:30,1784.200000,1784.200000,1778.000000,1782.550000,197
2017-07-25T13:00:00+05:30,1782.550000,1785.000000,1782.000000,1782.050000,182
2017-07-25T13:15:00+05:30,1782.050000,1783.100000,1778.150000,1778.150000,86
2017-07-25T13:30:00+05:30,1778.150000,1780.000000,1778.000000,1778.250000,77
2017-07-25T13:45:00+05:30,1778.250000,1791.000000,1778.250000,1790.000000,2486
2017-07-25T14:00:00+05:30,1790.000000,1794.850000,1790.000000,1793.000000,284
2017-07-25T14:15:00+05:30,1793.000000,1793.000000,1789.000000,1790.150000,1065
2017-07-25T14:30:00+05:30,1790.150000,1790.950000,1790.000000,1790.000000,80
2017-07-25T14:45:00+05:30,1790.000000,1792.200000,1790.000000,1791.650000,240
2017-07-25T15:00:00+05:30,1791.700000,1793.150000,1790.000000,1790.000000,143
2017-07-25T15:15:00+05:30,1790.350000,1808.900000,1790.000000,1808.850000,1964
2017-07-26T09:15:00+05:30,1801.900000,1801.900000,1801.850000,1801.850000,8
2017-07-26T09:30:00+05:30,1801.850000,1802.250000,1787.350000,1788.950000,115
2017-07-26T09:45:00+05:30,1788.950000,1788.950000,1787.450000,1788.500000,28
2017-07-26T10:00:00+05:30,1788.550000,1788.550000,1787.950000,1787.950000,73
2017-07-26T10:15:00+05:30,1787.950000,1788.000000,1786.000000,1786.000000,163
2017-07-26T10:30:00+05:30,1786.000000,1788.000000,1785.100000,1785.100000,33
2017-07-26T10:45:00+05:30,1785.100000,1788.000000,1785.100000,1788.000000,26
2017-07-26T11:00:00+05:30,1788.000000,1790.400000,1788.000000,1790.000000,71
2017-07-26T11:15:00+05:30,1790.000000,1791.800000,1788.000000,1790.000000,116
2017-07-26T11:30:00+05:30,1788.000000,1790.000000,1787.000000,1790.000000,9
2017-07-26T11:45:00+05:30,1790.000000,1792.000000,1787.500000,1788.500000,121
2017-07-26T12:00:00+05:30,1788.500000,1789.450000,1787.000000,1789.450000,51
2017-07-26T12:15:00+05:30,1789.450000,1796.000000,1789.400000,1795.950000,179
2017-07-26T12:30:00+05:30,1795.950000,1795.950000,1791.150000,1792.050000,31
2017-07-26T12:45:00+05:30,1792.050000,1792.700000,1792.050000,1792.600000,4
2017-07-26T13:00:00+05:30,1792.050000,1792.050000,1787.150000,1787.150000,234
2017-07-26T13:15:00+05:30,1787.150000,1788.750000,1787.000000,1787.000000,85
2017-07-26T13:30:00+05:30,1787.000000,1788.200000,1786.100000,1786.100000,141
2017-07-26T13:45:00+05:30,1786.100000,1793.900000,1786.100000,1789.500000,56
2017-07-26T14:00:00+05:30,1789.500000,1792.400000,1787.600000,1789.700000,36
2017-07-26T14:15:00+05:30,1789.700000,1791.000000,1789.500000,1789.550000,26
2017-07-26T14:30:00+05:30,1789.550000,1790.000000,1789.500000,1789.500000,23
2017-07-26T14:45:00+05:30,1789.500000,1792.000000,1787.550000,1788.050000,84
2017-07-26T15:00:00+05:30,1790.950000,1796.900000,1788.050000,1796.900000,408
2017-07-26T15:15:00+05:30,1796.900000,1810.000000,1786.900000,1786.900000,2827
2017-07-27T09:15:00+05:30,1785.200000,1805.900000,1785.200000,1802.950000,102
2017-07-27T09:30:00+05:30,1802.950000,1802.950000,1786.100000,1797.950000,202
2017-07-27T09:45:00+05:30,1797.950000,1797.950000,1782.500000,1791.250000,479
2017-07-27T10:00:00+05:30,1791.250000,1796.850000,1791.250000,1792.850000,139
2017-07-27T10:15:00+05:30,1792.850000,1797.050000,1792.400000,1796.200000,100
2017-07-27T10:30:00+05:30,1796.200000,1797.100000,1795.350000,1796.950000,6
2017-07-27T10:45:00+05:30,1796.950000,1796.950000,1790.000000,1794.900000,186
2017-07-27T11:00:00+05:30,1794.900000,1796.350000,1794.050000,1794.050000,54
2017-07-27T11:15:00+05:30,1794.050000,1807.450000,1794.050000,1804.900000,593
2017-07-27T11:30:00+05:30,1804.900000,1804.950000,1794.850000,1803.000000,100
2017-07-27T11:45:00+05:30,1803.000000,1803.950000,1800.000000,1803.000000,30
2017-07-27T12:00:00+05:30,1803.000000,1803.000000,1795.300000,1796.950000,15
2017-07-27T12:15:00+05:30,1796.950000,1800.000000,1795.500000,1795.500000,83
2017-07-27T12:30:00+05:30,1795.500000,1800.000000,1795.500000,1796.050000,55
2017-07-27T12:45:00+05:30,1796.050000,1797.650000,1792.600000,1792.600000,110
2017-07-27T13:00:00+05:30,1792.600000,1799.900000,1791.250000,1799.900000,90
2017-07-27T13:15:00+05:30,1799.900000,1803.000000,1791.200000,1802.000000,287
2017-07-27T13:30:00+05:30,1802.000000,1804.800000,1800.000000,1803.000000,564
2017-07-27T13:45:00+05:30,1803.000000,1824.200000,1802.400000,1823.000000,930
2017-07-27T14:00:00+05:30,1823.000000,1823.950000,1807.800000,1807.800000,197
2017-07-27T14:15:00+05:30,1807.800000,1810.000000,1804.650000,1809.700000,391
2017-07-27T14:30:00+05:30,1809.700000,1810.000000,1805.000000,1805.000000,136
2017-07-27T14:45:00+05:30,1803.200000,1808.100000,1797.600000,1802.500000,1154
2017-07-27T15:00:00+05:30,1802.500000,1802.850000,1795.000000,1800.000000,759
2017-07-27T15:15:00+05:30,1800.000000,1830.000000,1791.750000,1820.000000,3169
2017-07-28T09:15:00+05:30,1809.150000,1809.150000,1792.550000,1792.550000,49
2017-07-28T09:30:00+05:30,1792.550000,1804.400000,1792.550000,1801.000000,61
2017-07-28T09:45:00+05:30,1801.000000,1801.000000,1795.500000,1796.650000,74
2017-07-28T10:00:00+05:30,1796.650000,1797.200000,1795.500000,1796.000000,26
2017-07-28T10:15:00+05:30,1796.900000,1797.350000,1792.550000,1796.350000,220
2017-07-28T10:30:00+05:30,1796.350000,1796.350000,1786.700000,1788.550000,647
2017-07-28T10:45:00+05:30,1788.550000,1790.000000,1779.550000,1784.000000,2346
2017-07-28T11:00:00+05:30,1784.000000,1784.000000,1769.550000,1776.100000,1419
2017-07-28T11:15:00+05:30,1776.100000,1779.900000,1775.000000,1776.000000,451
2017-07-28T11:30:00+05:30,1776.000000,1780.000000,1776.000000,1780.000000,228
2017-07-28T11:45:00+05:30,1780.000000,1783.000000,1779.900000,1783.000000,72
2017-07-28T12:00:00+05:30,1783.000000,1785.450000,1783.000000,1785.450000,79
2017-07-28T12:15:00+05:30,1785.450000,1788.000000,1784.000000,1788.000000,105
2017-07-28T12:30:00+05:30,1788.000000,1788.000000,1783.950000,1784.650000,66
2017-07-28T12:45:00+05:30,1784.650000,1784.650000,1783.000000,1784.650000,88
2017-07-28T13:00:00+05:30,1784.650000,1785.000000,1783.350000,1785.000000,197
2017-07-28T13:15:00+05:30,1785.000000,1787.750000,1785.000000,1785.000000,232
2017-07-28T13:30:00+05:30,1785.000000,1785.850000,1785.000000,1785.850000,60
2017-07-28T13:45:00+05:30,1785.850000,1785.850000,1784.500000,1785.000000,36
2017-07-28T14:00:00+05:30,1785.000000,1785.900000,1784.050000,1784.050000,96
2017-07-28T14:15:00+05:30,1784.050000,1787.850000,1782.400000,1787.450000,270
2017-07-28T14:30:00+05:30,1787.450000,1787.450000,1782.500000,1782.500000,135
2017-07-28T14:45:00+05:30,1782.500000,1786.300000,1781.900000,1786.300000,491
2017-07-28T15:00:00+05:30,1786.300000,1787.750000,1783.700000,1786.000000,215
2017-07-28T15:15:00+05:30,1789.450000,1799.000000,1780.000000,1784.000000,2939
2017-07-31T09:15:00+05:30,1732.500000,1754.950000,1732.500000,1754.000000,4802
2017-07-31T09:30:00+05:30,1754.000000,1768.100000,1748.900000,1762.000000,3359
2017-07-31T09:45:00+05:30,1762.000000,1764.550000,1756.000000,1758.000000,1805
2017-07-31T10:00:00+05:30,1758.450000,1759.650000,1752.500000,1752.550000,699
2017-07-31T10:15:00+05:30,1754.500000,1755.900000,1750.000000,1750.000000,449
2017-07-31T10:30:00+05:30,1750.000000,1757.300000,1750.000000,1757.300000,668
2017-07-31T10:45:00+05:30,1757.300000,1760.950000,1755.000000,1760.000000,337
2017-07-31T11:00:00+05:30,1760.000000,1760.000000,1751.300000,1755.000000,184
2017-07-31T11:15:00+05:30,1755.000000,1758.000000,1752.000000,1755.000000,623
2017-07-31T11:30:00+05:30,1759.000000,1759.000000,1754.500000,1756.000000,179
2017-07-31T11:45:00+05:30,1756.000000,1758.950000,1752.050000,1752.450000,225
2017-07-31T12:00:00+05:30,1752.450000,1756.000000,1752.450000,1752.450000,140
2017-07-31T12:15:00+05:30,1752.450000,1756.350000,1752.400000,1756.350000,212
2017-07-31T12:30:00+05:30,1756.350000,1757.700000,1754.050000,1756.100000,67
2017-07-31T12:45:00+05:30,1756.100000,1757.750000,1755.250000,1757.750000,73
2017-07-31T13:00:00+05:30,1757.750000,1760.950000,1755.000000,1755.000000,76
2017-07-31T13:15:00+05:30,1755.000000,1757.950000,1755.000000,1755.050000,66
2017-07-31T13:30:00+05:30,1755.050000,1760.000000,1755.000000,1758.000000,214
2017-07-31T13:45:00+05:30,1758.050000,1765.000000,1755.400000,1760.050000,554
2017-07-31T14:00:00+05:30,1760.050000,1762.050000,1759.950000,1760.100000,148
2017-07-31T14:15:00+05:30,1760.100000,1761.250000,1759.900000,1761.000000,336
2017-07-31T14:30:00+05:30,1761.000000,1761.000000,1760.050000,1760.050000,194
2017-07-31T14:45:00+05:30,1760.050000,1761.000000,1760.050000,1761.000000,168
2017-07-31T15:00:00+05:30,1761.000000,1779.000000,1760.000000,1764.950000,1937
2017-07-31T15:15:00+05:30,1764.950000,1836.000000,1764.950000,1793.000000,5948
2017-08-01T09:15:00+05:30,1770.000000,1779.000000,1766.850000,1775.000000,244
2017-08-01T09:30:00+05:30,1775.000000,1778.000000,1770.100000,1770.200000,372
2017-08-01T09:45:00+05:30,1770.200000,1777.400000,1770.200000,1772.700000,105
2017-08-01T10:00:00+05:30,1772.700000,1772.750000,1770.500000,1770.500000,32
2017-08-01T10:15:00+05:30,1770.500000,1774.400000,1769.000000,1769.950000,274
2017-08-01T10:30:00+05:30,1770.700000,1771.200000,1767.000000,1767.000000,147
2017-08-01T10:45:00+05:30,1767.000000,1772.950000,1767.000000,1772.700000,81
2017-08-01T11:00:00+05:30,1772.700000,1774.950000,1770.150000,1772.100000,72
2017-08-01T11:15:00+05:30,1772.100000,1775.000000,1772.100000,1775.000000,32
2017-08-01T11:30:00+05:30,1775.000000,1778.000000,1775.000000,1778.000000,122
2017-08-01T11:45:00+05:30,1778.000000,1778.000000,1775.000000,1776.700000,166
2017-08-01T12:00:00+05:30,1776.700000,1777.750000,1776.700000,1777.500000,18
2017-08-01T12:15:00+05:30,1777.500000,1784.800000,1777.500000,1784.800000,337
2017-08-01T12:30:00+05:30,1784.800000,1784.800000,1782.050000,1782.050000,25
2017-08-01T12:45:00+05:30,1782.050000,1783.500000,1782.050000,1783.500000,77
2017-08-01T13:00:00+05:30,1783.500000,1783.500000,1781.250000,1782.400000,41
2017-08-01T13:15:00+05:30,1782.400000,1783.350000,1779.500000,1781.000000,163
2017-08-01T13:30:00+05:30,1781.000000,1781.000000,1779.500000,1780.000000,237
2017-08-01T13:45:00+05:30,1780.000000,1782.150000,1780.000000,1782.150000,103
2017-08-01T14:00:00+05:30,1782.150000,1782.150000,1779.000000,1780.000000,173
2017-08-01T14:15:00+05:30,1780.000000,1781.500000,1780.000000,1780.000000,177
2017-08-01T14:30:00+05:30,1780.000000,1780.750000,1780.000000,1780.500000,168
2017-08-01T14:45:00+05:30,1780.500000,1783.500000,1780.350000,1782.350000,81
2017-08-01T15:00:00+05:30,1782.350000,1800.000000,1782.300000,1798.950000,606
2017-08-01T15:15:00+05:30,1798.000000,1804.750000,1790.000000,1790.000000,2501
2017-08-02T09:15:00+05:30,1775.050000,1804.400000,1775.050000,1795.100000,268
2017-08-02T09:30:00+05:30,1795.100000,1795.100000,1787.700000,1787.700000,133
2017-08-02T09:45:00+05:30,1787.700000,1787.700000,1780.850000,1783.550000,242
2017-08-02T10:00:00+05:30,1783.550000,1786.450000,1783.550000,1785.000000,13
2017-08-02T10:15:00+05:30,1785.000000,1785.000000,1776.850000,1777.000000,209
2017-08-02T10:30:00+05:30,1777.000000,1778.500000,1777.000000,1777.000000,138
2017-08-02T10:45:00+05:30,1777.000000,1783.050000,1777.000000,1783.050000,76
2017-08-02T11:00:00+05:30,1783.050000,1783.050000,1777.100000,1778.900000,52
2017-08-02T11:15:00+05:30,1778.900000,1780.000000,1777.800000,1780.000000,64
2017-08-02T11:30:00+05:30,1780.000000,1785.000000,1779.800000,1785.000000,280
2017-08-02T11:45:00+05:30,1785.000000,1785.000000,1783.750000,1784.250000,102
2017-08-02T12:00:00+05:30,1784.250000,1784.250000,1783.750000,1783.750000,8
2017-08-02T12:15:00+05:30,1783.750000,1784.100000,1783.750000,1784.000000,84
2017-08-02T12:30:00+05:30,1784.000000,1784.000000,1777.000000,1777.950000,272
2017-08-02T12:45:00+05:30,1777.950000,1779.550000,1776.300000,1779.550000,149
2017-08-02T13:00:00+05:30,1779.550000,1780.750000,1777.100000,1778.100000,70
2017-08-02T13:15:00+05:30,1778.100000,1778.350000,1776.200000,1778.050000,70
2017-08-02T13:30:00+05:30,1776.000000,1777.500000,1775.600000,1777.500000,153
2017-08-02T13:45:00+05:30,1777.500000,1782.400000,1777.500000,1781.000000,89
2017-08-02T14:00:00+05:30,1781.000000,1782.500000,1781.000000,1782.500000,52
2017-08-02T14:15:00+05:30,1782.500000,1787.300000,1782.500000,1786.000000,176
2017-08-02T14:30:00+05:30,1786.000000,1788.050000,1782.500000,1783.550000,99
2017-08-02T14:45:00+05:30,1783.550000,1790.950000,1782.100000,1788.700000,280
2017-08-02T15:00:00+05:30,1788.700000,1802.950000,1785.100000,1795.050000,1752
2017-08-02T15:15:00+05:30,1795.050000,1815.000000,1792.000000,1810.000000,2723
2017-08-03T09:15:00+05:30,1802.000000,1802.000000,1790.250000,1791.400000,338
2017-08-03T09:30:00+05:30,1791.400000,1791.500000,1785.000000,1787.400000,145
2017-08-03T09:45:00+05:30,1787.400000,1788.500000,1787.400000,1787.400000,107
2017-08-03T10:00:00+05:30,1787.400000,1788.800000,1786.350000,1788.800000,69
2017-08-03T10:15:00+05:30,1788.800000,1789.400000,1781.000000,1783.700000,286
2017-08-03T10:30:00+05:30,1783.700000,1786.050000,1783.700000,1784.000000,154
2017-08-03T10:45:00+05:30,1784.000000,1793.700000,1782.050000,1789.450000,170
2017-08-03T11:00:00+05:30,1789.450000,1789.450000,1785.500000,1785.500000,48
2017-08-03T11:15:00+05:30,1785.500000,1785.500000,1783.650000,1783.650000,15
2017-08-03T11:30:00+05:30,1783.650000,1785.300000,1783.250000,1783.250000,30
2017-08-03T11:45:00+05:30,1783.250000,1784.750000,1783.250000,1784.750000,29
2017-08-03T12:00:00+05:30,1784.750000,1785.500000,1783.000000,1783.150000,64
2017-08-03T12:15:00+05:30,1783.150000,1785.450000,1783.100000,1785.450000,12
2017-08-03T12:30:00+05:30,1785.450000,1785.450000,1783.100000,1783.100000,20
2017-08-03T12:45:00+05:30,1783.100000,1788.000000,1783.100000,1787.300000,168
2017-08-03T13:00:00+05:30,1787.300000,1787.300000,1785.250000,1786.300000,49
2017-08-03T13:15:00+05:30,1786.300000,1788.000000,1785.550000,1785.550000,19
2017-08-03T13:30:00+05:30,1785.550000,1787.750000,1785.550000,1787.600000,269
2017-08-03T13:45:00+05:30,1787.600000,1788.000000,1785.000000,1787.700000,67
2017-08-03T14:00:00+05:30,1787.700000,1788.000000,1785.000000,1786.000000,86
2017-08-03T14:15:00+05:30,1786.000000,1788.000000,1784.100000,1788.000000,15927
2017-08-03T14:30:00+05:30,1788.000000,1788.150000,1785.150000,1787.500000,56
2017-08-03T14:45:00+05:30,1787.500000,1788.050000,1785.100000,1786.500000,94
2017-08-03T15:00:00+05:30,1786.500000,1786.500000,1777.600000,1786.400000,1010
2017-08-03T15:15:00+05:30,1786.400000,1788.000000,1770.000000,1770.300000,2161
2017-08-04T09:15:00+05:30,1764.150000,1767.550000,1764.150000,1765.700000,79
2017-08-04T09:30:00+05:30,1765.700000,1770.350000,1765.550000,1768.750000,113
2017-08-04T09:45:00+05:30,1768.750000,1769.000000,1766.500000,1766.800000,52
2017-08-04T10:00:00+05:30,1766.800000,1769.050000,1766.800000,1767.050000,15
2017-08-04T10:15:00+05:30,1767.050000,1768.750000,1766.500000,1766.500000,29
2017-08-04T10:30:00+05:30,1766.500000,1769.050000,1766.500000,1768.000000,16
2017-08-04T10:45:00+05:30,1768.000000,1768.600000,1766.500000,1768.000000,177
2017-08-04T11:00:00+05:30,1768.000000,1772.000000,1767.800000,1772.000000,126
2017-08-04T11:15:00+05:30,1770.200000,1772.100000,1770.200000,1772.100000,52
2017-08-04T11:30:00+05:30,1772.100000,1776.000000,1772.100000,1775.000000,36
2017-08-04T11:45:00+05:30,1775.000000,1775.000000,1775.000000,1775.000000,25
2017-08-04T12:00:00+05:30,1775.400000,1776.650000,1775.400000,1775.450000,89
2017-08-04T12:15:00+05:30,1775.450000,1779.950000,1775.450000,1779.950000,32
2017-08-04T12:30:00+05:30,1779.950000,1784.000000,1779.950000,1782.050000,52
2017-08-04T12:45:00+05:30,1782.050000,1782.050000,1778.550000,1779.350000,42
2017-08-04T13:00:00+05:30,1779.350000,1779.350000,1779.300000,1779.300000,10
2017-08-04T13:15:00+05:30,1779.300000,1780.400000,1779.000000,1779.050000,304
2017-08-04T13:30:00+05:30,1779.050000,1781.950000,1779.000000,1781.950000,45
2017-08-04T13:45:00+05:30,1781.950000,1781.950000,1779.000000,1779.000000,10
2017-08-04T14:00:00+05:30,1779.000000,1780.300000,1779.000000,1780.000000,511
2017-08-04T14:15:00+05:30,1780.000000,1780.450000,1780.000000,1780.300000,15
2017-08-04T14:30:00+05:30,1780.300000,1780.300000,1779.000000,1779.000000,131
2017-08-04T14:45:00+05:30,1779.000000,1780.200000,1779.000000,1780.000000,127
2017-08-04T15:00:00+05:30,1780.000000,1785.000000,1780.000000,1785.000000,118
2017-08-04T15:15:00+05:30,1785.000000,1810.000000,1780.600000,1785.050000,2484
2017-08-07T09:15:00+05:30,1800.000000,1800.000000,1776.650000,1785.550000,307
2017-08-07T09:30:00+05:30,1785.550000,1790.900000,1779.200000,1781.950000,125
2017-08-07T09:45:00+05:30,1781.950000,1782.150000,1780.900000,1781.950000,62
2017-08-07T10:00:00+05:30,1781.950000,1787.850000,1781.950000,1786.700000,51
2017-08-07T10:15:00+05:30,1786.700000,1786.700000,1782.000000,1783.300000,416
2017-08-07T10:30:00+05:30,1783.300000,1787.000000,1781.150000,1787.000000,118
2017-08-07T10:45:00+05:30,1787.000000,1787.000000,1782.200000,1784.300000,94
2017-08-07T11:00:00+05:30,1784.300000,1784.300000,1782.150000,1783.400000,44
2017-08-07T11:15:00+05:30,1783.400000,1783.400000,1782.950000,1782.950000,15
2017-08-07T11:30:00+05:30,1782.950000,1782.950000,1780.100000,1780.100000,148
2017-08-07T11:45:00+05:30,1780.100000,1781.400000,1780.000000,1781.000000,268
2017-08-07T12:00:00+05:30,1781.000000,1781.700000,1780.100000,1781.700000,123
2017-08-07T12:15:00+05:30,1781.700000,1781.700000,1780.350000,1780.350000,35
2017-08-07T12:30:00+05:30,1780.350000,1780.850000,1780.100000,1780.100000,42
2017-08-07T12:45:00+05:30,1780.100000,1781.150000,1780.100000,1780.200000,56
2017-08-07T13:00:00+05:30,1780.200000,1780.850000,1780.100000,1780.100000,78
2017-08-07T13:15:00+05:30,1780.100000,1780.500000,1780.000000,1780.000000,186
2017-08-07T13:30:00+05:30,1780.000000,1780.950000,1780.000000,1780.950000,5
2017-08-07T13:45:00+05:30,1780.950000,1784.700000,1780.050000,1782.050000,54
2017-08-07T14:00:00+05:30,1782.050000,1784.750000,1781.100000,1784.750000,21
2017-08-07T14:15:00+05:30,1784.750000,1784.750000,1782.050000,1783.000000,36
2017-08-07T14:30:00+05:30,1783.000000,1784.000000,1783.000000,1784.000000,14
2017-08-07T14:45:00+05:30,1784.000000,1793.800000,1781.800000,1793.800000,493
2017-08-07T15:00:00+05:30,1793.800000,1793.900000,1790.000000,1793.000000,564
2017-08-07T15:15:00+05:30,1793.000000,1816.950000,1790.250000,1803.000000,2084
2017-08-08T09:15:00+05:30,1815.000000,1815.000000,1783.000000,1793.000000,315
2017-08-08T09:30:00+05:30,1793.000000,1793.000000,1788.100000,1788.100000,4
2017-08-08T09:45:00+05:30,1788.100000,1788.100000,1785.000000,1785.050000,74
2017-08-08T10:00:00+05:30,1785.050000,1786.250000,1782.050000,1783.350000,216
2017-08-08T10:15:00+05:30,1783.350000,1783.850000,1780.000000,1782.750000,70
2017-08-08T10:30:00+05:30,1782.750000,1782.750000,1778.100000,1780.000000,128
2017-08-08T10:45:00+05:30,1780.000000,1781.900000,1780.000000,1781.900000,46
2017-08-08T11:00:00+05:30,1781.900000,1782.450000,1781.900000,1782.450000,12
2017-08-08T11:15:00+05:30,1782.450000,1783.900000,1782.450000,1782.500000,15
2017-08-08T11:30:00+05:30,1782.500000,1783.450000,1782.450000,1782.450000,15
2017-08-08T11:45:00+05:30,1783.000000,1789.000000,1782.500000,1786.000000,44
2017-08-08T12:00:00+05:30,1786.000000,1786.000000,1782.550000,1783.150000,111
2017-08-08T12:15:00+05:30,1783.100000,1792.950000,1781.100000,1792.950000,474
2017-08-08T12:30:00+05:30,1792.950000,1792.950000,1785.500000,1785.500000,211
2017-08-08T12:45:00+05:30,1785.500000,1787.700000,1785.000000,1785.950000,79
2017-08-08T13:00:00+05:30,1785.950000,1786.850000,1785.000000,1785.000000,36
2017-08-08T13:15:00+05:30,1785.050000,1785.100000,1785.050000,1785.100000,93
2017-08-08T13:30:00+05:30,1785.100000,1786.300000,1785.100000,1786.150000,12
2017-08-08T13:45:00+05:30,1786.150000,1786.200000,1785.100000,1785.200000,13
2017-08-08T14:00:00+05:30,1785.200000,1785.700000,1785.000000,1785.700000,81
2017-08-08T14:15:00+05:30,1785.700000,1787.650000,1780.000000,1784.850000,1482
2017-08-08T14:30:00+05:30,1784.850000,1785.000000,1778.400000,1782.550000,1148
2017-08-08T14:45:00+05:30,1782.550000,1797.750000,1781.000000,1797.650000,858
2017-08-08T15:00:00+05:30,1797.650000,1814.000000,1785.000000,1813.450000,4198
2017-08-08T15:15:00+05:30,1813.450000,1822.000000,1795.800000,1795.800000,3981
2017-08-09T09:15:00+05:30,1813.700000,1813.700000,1785.050000,1789.350000,248
2017-08-09T09:30:00+05:30,1789.350000,1793.050000,1789.350000,1793.050000,26
2017-08-09T09:45:00+05:30,1793.050000,1794.200000,1788.000000,1788.000000,52
2017-08-09T10:00:00+05:30,1788.000000,1790.200000,1788.000000,1790.200000,7
2017-08-09T10:15:00+05:30,1790.200000,1793.000000,1790.200000,1791.150000,50
2017-08-09T10:30:00+05:30,1791.150000,1792.650000,1790.500000,1790.500000,194
2017-08-09T10:45:00+05:30,1790.500000,1791.900000,1790.500000,1790.900000,56
2017-08-09T11:00:00+05:30,1790.900000,1792.200000,1789.000000,1789.000000,204
2017-08-09T11:15:00+05:30,1788.000000,1788.000000,1786.400000,1787.000000,159
2017-08-09T11:30:00+05:30,1787.000000,1788.000000,1786.250000,1788.000000,44
2017-08-09T11:45:00+05:30,1788.000000,1789.000000,1786.000000,1786.000000,278
2017-08-09T12:00:00+05:30,1786.000000,1791.900000,1785.150000,1791.900000,98
2017-08-09T12:15:00+05:30,1791.900000,1791.900000,1788.550000,1790.000000,118
2017-08-09T12:30:00+05:30,1790.000000,1792.000000,1790.000000,1791.650000,40
2017-08-09T12:45:00+05:30,1791.650000,1791.650000,1790.000000,1791.000000,1362
2017-08-09T13:00:00+05:30,1791.000000,1791.050000,1790.000000,1790.300000,316
2017-08-09T13:15:00+05:30,1790.300000,1790.450000,1790.050000,1790.450000,52
2017-08-09T13:30:00+05:30,1790.400000,1790.400000,1790.000000,1790.350000,161
2017-08-09T13:45:00+05:30,1790.350000,1792.450000,1790.000000,1790.900000,148
2017-08-09T14:00:00+05:30,1790.900000,1791.500000,1790.150000,1791.500000,53
2017-08-09T14:15:00+05:30,1791.500000,1792.400000,1790.500000,1792.000000,183
2017-08-09T14:30:00+05:30,1792.000000,1793.000000,1792.000000,1793.000000,37
2017-08-09T14:45:00+05:30,1793.000000,1803.150000,1793.000000,1801.900000,1499
2017-08-09T15:00:00+05:30,1801.900000,1803.000000,1794.000000,1794.000000,228
2017-08-09T15:15:00+05:30,1794.000000,1809.900000,1794.000000,1800.050000,2902
2017-08-10T09:15:00+05:30,1790.000000,1790.000000,1784.000000,1789.950000,62
2017-08-10T09:30:00+05:30,1789.950000,1789.950000,1785.050000,1786.450000,20
2017-08-10T09:45:00+05:30,1786.450000,1786.550000,1776.000000,1781.950000,390
2017-08-10T10:00:00+05:30,1781.950000,1783.650000,1778.250000,1783.650000,493
2017-08-10T10:15:00+05:30,1783.650000,1783.650000,1779.000000,1779.150000,171
2017-08-10T10:30:00+05:30,1779.150000,1781.050000,1777.000000,1778.000000,386
2017-08-10T10:45:00+05:30,1778.000000,1778.000000,1774.000000,1774.000000,142
2017-08-10T11:00:00+05:30,1774.000000,1780.000000,1774.000000,1780.000000,56
2017-08-10T11:15:00+05:30,1780.000000,1780.000000,1777.650000,1777.650000,8
2017-08-10T11:30:00+05:30,1777.650000,1777.650000,1774.000000,1774.000000,154
2017-08-10T11:45:00+05:30,1774.000000,1774.450000,1772.900000,1774.000000,196
2017-08-10T12:00:00+05:30,1774.000000,1775.500000,1773.750000,1775.400000,331
2017-08-10T12:15:00+05:30,1775.400000,1775.400000,1772.050000,1775.000000,533
2017-08-10T12:30:00+05:30,1775.000000,1777.450000,1774.800000,1776.950000,1270
2017-08-10T12:45:00+05:30,1776.950000,1776.950000,1774.900000,1775.050000,219
2017-08-10T13:00:00+05:30,1775.050000,1777.450000,1775.000000,1777.450000,112
2017-08-10T13:15:00+05:30,1777.450000,1778.000000,1775.500000,1776.000000,26
2017-08-10T13:30:00+05:30,1776.000000,1778.750000,1776.000000,1778.750000,46
2017-08-10T13:45:00+05:30,1778.750000,1783.050000,1776.450000,1783.050000,337
2017-08-10T14:00:00+05:30,1783.050000,1790.000000,1783.050000,1789.750000,419
2017-08-10T14:15:00+05:30,1789.750000,1791.950000,1780.550000,1790.000000,715
2017-08-10T14:30:00+05:30,1790.000000,1791.900000,1788.000000,1791.900000,1229
2017-08-10T14:45:00+05:30,1791.900000,1792.450000,1770.000000,1771.600000,2906
2017-08-10T15:00:00+05:30,1771.600000,1787.450000,1760.000000,1787.450000,2795
2017-08-10T15:15:00+05:30,1789.900000,1815.000000,1785.100000,1803.450000,5140
2017-08-11T09:15:00+05:30,1772.100000,1772.100000,1754.150000,1760.550000,652
2017-08-11T09:30:00+05:30,1760.550000,1766.900000,1758.150000,1763.000000,249
2017-08-11T09:45:00+05:30,1763.000000,1765.400000,1759.600000,1762.900000,126
2017-08-11T10:00:00+05:30,1762.900000,1765.000000,1760.000000,1760.000000,181
2017-08-11T10:15:00+05:30,1760.000000,1765.350000,1757.000000,1762.350000,470
2017-08-11T10:30:00+05:30,1762.350000,1768.900000,1760.200000,1767.000000,365
2017-08-11T10:45:00+05:30,1767.000000,1772.050000,1767.000000,1772.000000,1403
2017-08-11T11:00:00+05:30,1772.000000,1780.000000,1769.000000,1772.550000,187
2017-08-11T11:15:00+05:30,1772.550000,1778.000000,1770.400000,1771.350000,132
2017-08-11T11:30:00+05:30,1771.350000,1776.900000,1770.400000,1775.000000,577
2017-08-11T11:45:00+05:30,1775.000000,1775.000000,1764.000000,1768.600000,750
2017-08-11T12:00:00+05:30,1768.600000,1771.700000,1764.000000,1766.550000,1877
2017-08-11T12:15:00+05:30,1766.550000,1777.000000,1766.550000,1775.100000,772
2017-08-11T12:30:00+05:30,1775.100000,1777.000000,1770.400000,1775.000000,225
2017-08-11T12:45:00+05:30,1775.000000,1777.400000,1770.600000,1773.000000,268
2017-08-11T13:00:00+05:30,1773.000000,1775.450000,1770.000000,1775.000000,292
2017-08-11T13:15:00+05:30,1775.150000,1776.400000,1772.050000,1775.650000,154
2017-08-11T13:30:00+05:30,1775.650000,1775.800000,1772.550000,1775.000000,168
2017-08-11T13:45:00+05:30,1775.000000,1776.000000,1775.000000,1775.550000,331
2017-08-11T14:00:00+05:30,1775.550000,1784.350000,1775.500000,1780.000000,490
2017-08-11T14:15:00+05:30,1780.000000,1782.950000,1776.500000,1779.450000,824
2017-08-11T14:30:00+05:30,1779.450000,1780.850000,1778.450000,1780.000000,199
2017-08-11T14:45:00+05:30,1780.000000,1783.700000,1780.000000,1782.000000,271
2017-08-11T15:00:00+05:30,1782.000000,1795.050000,1779.000000,1795.050000,400
2017-08-11T15:15:00+05:30,1795.050000,1798.500000,1785.250000,1793.150000,2433
2017-08-14T09:15:00+05:30,1789.550000,1798.850000,1787.050000,1789.200000,74
2017-08-14T09:30:00+05:30,1789.200000,1790.000000,1787.000000,1789.350000,89
2017-08-14T09:45:00+05:30,1789.350000,1789.350000,1783.200000,1785.100000,134
2017-08-14T10:00:00+05:30,1785.400000,1785.450000,1775.800000,1782.000000,309
2017-08-14T10:15:00+05:30,1782.000000,1783.600000,1780.000000,1783.450000,221
2017-08-14T10:30:00+05:30,1783.450000,1786.450000,1783.450000,1786.450000,7
2017-08-14T10:45:00+05:30,1786.450000,1786.450000,1781.000000,1783.550000,46
2017-08-14T11:00:00+05:30,1783.550000,1783.550000,1780.250000,1781.500000,19
2017-08-14T11:15:00+05:30,1781.500000,1787.450000,1780.000000,1787.450000,384
2017-08-14T11:30:00+05:30,1787.450000,1787.850000,1785.050000,1785.050000,15
2017-08-14T11:45:00+05:30,1785.050000,1786.500000,1785.000000,1786.000000,51
2017-08-14T12:00:00+05:30,1786.000000,1790.000000,1786.000000,1790.000000,372
2017-08-14T12:15:00+05:30,1790.000000,1791.850000,1788.000000,1790.200000,168
2017-08-14T12:30:00+05:30,1790.200000,1792.000000,1790.200000,1791.200000,151
2017-08-14T12:45:00+05:30,1791.200000,1793.400000,1790.000000,1793.400000,51
2017-08-14T13:00:00+05:30,1793.400000,1793.400000,1792.000000,1793.400000,11
2017-08-14T13:15:00+05:30,1793.400000,1793.400000,1791.000000,1791.000000,21
2017-08-14T13:30:00+05:30,1791.050000,1793.000000,1791.050000,1793.000000,180
2017-08-14T13:45:00+05:30,1793.000000,1793.200000,1793.000000,1793.200000,162
2017-08-14T14:00:00+05:30,1793.200000,1794.000000,1793.000000,1794.000000,85
2017-08-14T14:15:00+05:30,1794.000000,1794.800000,1790.450000,1794.050000,446
2017-08-14T14:30:00+05:30,1794.050000,1796.950000,1789.000000,1789.950000,1445
2017-08-14T14:45:00+05:30,1789.500000,1797.850000,1789.500000,1795.150000,967
2017-08-14T15:00:00+05:30,1795.150000,1797.250000,1795.150000,1796.950000,198
2017-08-14T15:15:00+05:30,1796.950000,1809.000000,1790.050000,1800.000000,3487
2017-08-16T09:15:00+05:30,1800.050000,1800.050000,1791.000000,1792.700000,242
2017-08-16T09:30:00+05:30,1792.700000,1792.700000,1785.100000,1787.000000,156
2017-08-16T09:45:00+05:30,1787.000000,1789.400000,1787.000000,1789.400000,21
2017-08-16T10:00:00+05:30,1790.050000,1791.150000,1783.050000,1783.150000,426
2017-08-16T10:15:00+05:30,1783.150000,1790.000000,1780.000000,1786.350000,796
2017-08-16T10:30:00+05:30,1786.350000,1789.400000,1786.350000,1786.750000,6
2017-08-16T10:45:00+05:30,1786.750000,1787.400000,1785.000000,1787.400000,123
2017-08-16T11:00:00+05:30,1787.400000,1787.800000,1782.000000,1787.800000,80
2017-08-16T11:15:00+05:30,1787.800000,1789.450000,1785.000000,1785.000000,364
2017-08-16T11:30:00+05:30,1785.000000,1785.000000,1785.000000,1785.000000,15
2017-08-16T11:45:00+05:30,1785.000000,1785.000000,1779.000000,1780.000000,922
2017-08-16T12:00:00+05:30,1780.000000,1784.800000,1777.850000,1778.000000,385
2017-08-16T12:15:00+05:30,1778.000000,1780.000000,1778.000000,1778.400000,234
2017-08-16T12:30:00+05:30,1779.450000,1783.950000,1779.450000,1783.950000,846
2017-08-16T12:45:00+05:30,1783.950000,1783.950000,1782.500000,1783.000000,130
2017-08-16T13:00:00+05:30,1783.000000,1785.000000,1783.000000,1785.000000,159
2017-08-16T13:15:00+05:30,1785.000000,1786.100000,1783.500000,1785.900000,47
2017-08-16T13:30:00+05:30,1787.000000,1787.000000,1784.000000,1785.350000,72
2017-08-16T13:45:00+05:30,1785.350000,1786.700000,1780.000000,1784.950000,110
2017-08-16T14:00:00+05:30,1784.950000,1784.950000,1780.750000,1784.000000,310
2017-08-16T14:15:00+05:30,1784.000000,1784.000000,1780.800000,1780.850000,81
2017-08-16T14:30:00+05:30,1781.000000,1784.000000,1781.000000,1784.000000,186
2017-08-16T14:45:00+05:30,1784.000000,1791.800000,1784.000000,1791.800000,585
2017-08-16T15:00:00+05:30,1791.800000,1791.800000,1785.000000,1790.000000,891
2017-08-16T15:15:00+05:30,1790.000000,1793.000000,1778.000000,1778.000000,3525
2017-08-17T09:15:00+05:30,1793.250000,1795.350000,1782.100000,1783.600000,89
2017-08-17T09:30:00+05:30,1783.600000,1797.000000,1783.000000,1785.250000,147
2017-08-17T09:45:00+05:30,1785.250000,1795.000000,1783.050000,1786.800000,98
2017-08-17T10:00:00+05:30,1786.800000,1795.000000,1786.800000,1789.050000,207
2017-08-17T10:15:00+05:30,1789.050000,1792.000000,1789.050000,1790.000000,72
2017-08-17T10:30:00+05:30,1790.000000,1790.100000,1787.050000,1787.050000,82
2017-08-17T10:45:00+05:30,1786.800000,1788.000000,1785.250000,1787.800000,36
2017-08-17T11:00:00+05:30,1787.800000,1788.000000,1786.100000,1788.000000,16
2017-08-17T11:15:00+05:30,1788.000000,1788.000000,1785.950000,1785.950000,121
2017-08-17T11:30:00+05:30,1785.950000,1787.450000,1784.700000,1787.450000,31
2017-08-17T11:45:00+05:30,1787.450000,1787.450000,1782.000000,1782.000000,432
2017-08-17T12:00:00+05:30,1782.000000,1782.000000,1781.000000,1782.000000,206
2017-08-17T12:15:00+05:30,1782.000000,1782.000000,1778.050000,1780.350000,225
2017-08-17T12:30:00+05:30,1780.350000,1789.000000,1780.350000,1788.800000,136
2017-08-17T12:45:00+05:30,1788.800000,1788.800000,1781.000000,1781.000000,16
2017-08-17T13:00:00+05:30,1782.650000,1783.000000,1782.650000,1783.000000,12
2017-08-17T13:15:00+05:30,1783.000000,1783.650000,1783.000000,1783.650000,5
2017-08-17T13:30:00+05:30,1783.650000,1783.750000,1781.050000,1783.250000,43
2017-08-17T13:45:00+05:30,1783.250000,1783.250000,1783.000000,1783.000000,8
2017-08-17T14:00:00+05:30,1783.000000,1783.650000,1783.000000,1783.650000,10
2017-08-17T14:15:00+05:30,1783.650000,1784.350000,1782.050000,1783.900000,66
2017-08-17T14:30:00+05:30,1783.700000,1785.650000,1781.100000,1784.050000,169
2017-08-17T14:45:00+05:30,1784.050000,1784.050000,1782.000000,1782.000000,17
2017-08-17T15:00:00+05:30,1782.000000,1788.000000,1781.150000,1781.200000,315
2017-08-17T15:15:00+05:30,1781.200000,1799.000000,1778.000000,1778.000000,2237
2017-08-18T09:15:00+05:30,1786.400000,1787.000000,1786.400000,1787.000000,14
2017-08-18T09:30:00+05:30,1787.000000,1787.000000,1782.050000,1782.050000,21
2017-08-18T09:45:00+05:30,1782.050000,1782.050000,1780.300000,1780.300000,37
2017-08-18T10:00:00+05:30,1780.300000,1788.000000,1780.300000,1781.050000,78
2017-08-18T10:15:00+05:30,1781.050000,1781.050000,1780.000000,1780.050000,57
2017-08-18T10:30:00+05:30,1780.050000,1781.350000,1780.050000,1781.350000,13
2017-08-18T10:45:00+05:30,1781.350000,1781.850000,1781.050000,1781.050000,31
2017-08-18T11:00:00+05:30,1781.050000,1786.900000,1781.050000,1781.050000,132
2017-08-18T11:15:00+05:30,1781.050000,1786.450000,1781.050000,1783.000000,52
2017-08-18T11:30:00+05:30,1783.000000,1783.000000,1780.200000,1780.200000,23
2017-08-18T11:45:00+05:30,1780.200000,1790.000000,1780.200000,1786.100000,358
2017-08-18T12:00:00+05:30,1786.100000,1789.900000,1784.450000,1789.900000,263
2017-08-18T12:15:00+05:30,1789.900000,1797.700000,1788.550000,1788.550000,101
2017-08-18T12:30:00+05:30,1788.550000,1795.500000,1784.100000,1787.500000,153
2017-08-18T12:45:00+05:30,1787.500000,1788.000000,1783.250000,1787.650000,79
2017-08-18T13:00:00+05:30,1787.650000,1788.450000,1782.400000,1788.450000,107
2017-08-18T13:15:00+05:30,1788.450000,1788.450000,1784.000000,1787.000000,39
2017-08-18T13:30:00+05:30,1787.000000,1787.000000,1784.000000,1784.150000,52
2017-08-18T13:45:00+05:30,1784.150000,1787.800000,1782.150000,1786.250000,49
2017-08-18T14:00:00+05:30,1786.250000,1788.350000,1785.250000,1787.450000,41
2017-08-18T14:15:00+05:30,1787.450000,1787.450000,1783.600000,1784.650000,88
2017-08-18T14:30:00+05:30,1784.650000,1784.750000,1783.850000,1784.050000,59
2017-08-18T14:45:00+05:30,1784.050000,1788.800000,1783.100000,1787.000000,257
2017-08-18T15:00:00+05:30,1787.000000,1791.050000,1783.600000,1784.850000,226
2017-08-18T15:15:00+05:30,1788.950000,1810.000000,1782.400000,1795.000000,3223
2017-08-21T09:15:00+05:30,1799.000000,1799.000000,1788.000000,1789.600000,183
2017-08-21T09:30:00+05:30,1789.600000,1790.200000,1787.200000,1787.300000,41
2017-08-21T09:45:00+05:30,1787.300000,1789.200000,1787.100000,1787.150000,64
2017-08-21T10:00:00+05:30,1787.150000,1787.700000,1785.000000,1786.300000,107
2017-08-21T10:15:00+05:30,1785.000000,1786.000000,1784.000000,1784.000000,625
2017-08-21T10:30:00+05:30,1784.000000,1784.000000,1778.500000,1778.500000,858
2017-08-21T10:45:00+05:30,1778.500000,1780.950000,1775.050000,1778.200000,375
2017-08-21T11:00:00+05:30,1778.200000,1780.000000,1774.900000,1774.950000,497
2017-08-21T11:15:00+05:30,1774.950000,1775.000000,1768.050000,1773.450000,892
2017-08-21T11:30:00+05:30,1773.450000,1773.550000,1767.500000,1769.900000,486
2017-08-21T11:45:00+05:30,1769.900000,1775.900000,1766.000000,1775.900000,1194
2017-08-21T12:00:00+05:30,1775.900000,1780.850000,1774.900000,1780.850000,185
2017-08-21T12:15:00+05:30,1780.850000,1786.450000,1780.000000,1786.450000,214
2017-08-21T12:30:00+05:30,1786.450000,1786.450000,1781.100000,1782.300000,9
2017-08-21T12:45:00+05:30,1782.300000,1782.300000,1779.500000,1779.500000,248
2017-08-21T13:00:00+05:30,1779.500000,1779.950000,1778.000000,1779.950000,333
2017-08-21T13:15:00+05:30,1779.950000,1780.150000,1778.000000,1780.000000,1243
2017-08-21T13:30:00+05:30,1778.100000,1781.500000,1778.050000,1780.000000,82
2017-08-21T13:45:00+05:30,1780.000000,1780.400000,1778.100000,1780.300000,118
2017-08-21T14:00:00+05:30,1780.300000,1782.000000,1778.100000,1782.000000,105
2017-08-21T14:15:00+05:30,1782.000000,1783.000000,1780.050000,1783.000000,229
2017-08-21T14:30:00+05:30,1783.050000,1786.250000,1783.000000,1785.000000,858
2017-08-21T14:45:00+05:30,1785.000000,1785.000000,1779.100000,1782.550000,1594
2017-08-21T15:00:00+05:30,1782.550000,1783.000000,1778.000000,1780.000000,10875
2017-08-21T15:15:00+05:30,1780.000000,1788.000000,1773.000000,1773.050000,9503
2017-08-22T09:15:00+05:30,1772.050000,1779.000000,1759.950000,1769.000000,1062
2017-08-22T09:30:00+05:30,1769.000000,1769.000000,1764.000000,1768.000000,292
2017-08-22T09:45:00+05:30,1766.700000,1770.050000,1763.200000,1770.050000,139
2017-08-22T10:00:00+05:30,1770.050000,1770.050000,1765.000000,1766.000000,368
2017-08-22T10:15:00+05:30,1766.000000,1766.100000,1761.100000,1763.000000,490
2017-08-22T10:30:00+05:30,1763.000000,1764.950000,1762.150000,1764.950000,54
2017-08-22T10:45:00+05:30,1763.500000,1765.000000,1763.000000,1765.000000,67
2017-08-22T11:00:00+05:30,1765.000000,1766.500000,1764.950000,1766.500000,19
2017-08-22T11:15:00+05:30,1766.500000,1769.700000,1765.000000,1769.700000,10059
2017-08-22T11:30:00+05:30,1769.700000,1773.950000,1769.700000,1771.550000,133
2017-08-22T11:45:00+05:30,1771.550000,1771.750000,1763.550000,1764.100000,825
2017-08-22T12:00:00+05:30,1764.100000,1765.000000,1761.700000,1762.100000,314
2017-08-22T12:15:00+05:30,1762.100000,1762.950000,1759.700000,1759.950000,460
2017-08-22T12:30:00+05:30,1759.950000,1760.000000,1759.100000,1760.000000,86
2017-08-22T12:45:00+05:30,1760.000000,1760.400000,1759.050000,1760.000000,106
2017-08-22T13:00:00+05:30,1760.000000,1760.000000,1759.100000,1760.000000,96
2017-08-22T13:15:00+05:30,1760.000000,1760.000000,1752.850000,1755.250000,140
2017-08-22T13:30:00+05:30,1755.200000,1759.800000,1755.200000,1759.650000,142
2017-08-22T13:45:00+05:30,1759.650000,1759.650000,1759.650000,1759.650000,0
2017-08-22T14:00:00+05:30,1759.700000,1759.700000,1757.050000,1758.000000,84
2017-08-22T14:15:00+05:30,1758.000000,1758.900000,1756.200000,1758.900000,73
2017-08-22T14:30:00+05:30,1758.900000,1760.000000,1757.500000,1760.000000,258
2017-08-22T14:45:00+05:30,1760.000000,1760.000000,1755.500000,1757.900000,134
2017-08-22T15:00:00+05:30,1757.900000,1758.000000,1753.150000,1754.000000,243
2017-08-22T15:15:00+05:30,1754.000000,1765.000000,1754.000000,1759.000000,14820
2017-08-23T09:15:00+05:30,1806.000000,1828.950000,1800.000000,1815.200000,8224
2017-08-23T09:30:00+05:30,1815.200000,1817.300000,1800.000000,1806.400000,1941
2017-08-23T09:45:00+05:30,1807.000000,1810.000000,1791.450000,1795.000000,1361
2017-08-23T10:00:00+05:30,1795.000000,1815.000000,1792.000000,1798.950000,1415
2017-08-23T10:15:00+05:30,1798.950000,1800.000000,1795.700000,1797.200000,459
2017-08-23T10:30:00+05:30,1797.200000,1800.000000,1797.200000,1798.100000,145
2017-08-23T10:45:00+05:30,1798.100000,1800.000000,1792.000000,1793.050000,753
2017-08-23T11:00:00+05:30,1794.300000,1797.250000,1794.000000,1797.000000,87
2017-08-23T11:15:00+05:30,1797.000000,1797.000000,1792.300000,1794.000000,223
2017-08-23T11:30:00+05:30,1795.800000,1797.000000,1792.600000,1792.900000,486
2017-08-23T11:45:00+05:30,1792.900000,1795.350000,1778.200000,1779.600000,1136
2017-08-23T12:00:00+05:30,1779.600000,1790.000000,1777.250000,1782.200000,936
2017-08-23T12:15:00+05:30,1782.200000,1784.950000,1780.000000,1780.000000,599
2017-08-23T12:30:00+05:30,1780.000000,1785.000000,1767.000000,1767.400000,1306
2017-08-23T12:45:00+05:30,1768.950000,1778.900000,1765.700000,1775.000000,991
2017-08-23T13:00:00+05:30,1772.300000,1776.250000,1772.150000,1775.000000,655
2017-08-23T13:15:00+05:30,1775.000000,1775.000000,1766.000000,1766.000000,510
2017-08-23T13:30:00+05:30,1766.000000,1774.000000,1766.000000,1770.050000,919
2017-08-23T13:45:00+05:30,1770.050000,1772.900000,1768.500000,1771.250000,643
2017-08-23T14:00:00+05:30,1771.250000,1780.300000,1768.700000,1773.150000,553
2017-08-23T14:15:00+05:30,1773.150000,1784.000000,1772.150000,1784.000000,393
2017-08-23T14:30:00+05:30,1784.000000,1789.850000,1780.750000,1789.850000,314
2017-08-23T14:45:00+05:30,1788.350000,1792.050000,1783.600000,1787.000000,834
2017-08-23T15:00:00+05:30,1787.350000,1807.400000,1787.350000,1804.900000,3993
2017-08-23T15:15:00+05:30,1804.900000,1827.000000,1803.000000,1810.000000,5630
2017-08-24T09:15:00+05:30,1839.000000,1839.000000,1817.950000,1826.100000,2727
2017-08-24T09:30:00+05:30,1826.100000,1830.000000,1810.700000,1818.100000,1802
2017-08-24T09:45:00+05:30,1818.100000,1820.000000,1815.250000,1815.750000,399
2017-08-24T10:00:00+05:30,1815.750000,1820.000000,1815.750000,1819.950000,300
2017-08-24T10:15:00+05:30,1819.950000,1819.950000,1815.000000,1818.150000,875
2017-08-24T10:30:00+05:30,1818.150000,1819.350000,1816.050000,1818.100000,165
2017-08-24T10:45:00+05:30,1818.100000,1821.250000,1816.550000,1819.000000,382
2017-08-24T11:00:00+05:30,1819.000000,1829.750000,1816.900000,1826.000000,1101
2017-08-24T11:15:00+05:30,1826.000000,1828.050000,1823.050000,1826.900000,1064
2017-08-24T11:30:00+05:30,1825.200000,1828.700000,1824.500000,1825.350000,304
2017-08-24T11:45:00+05:30,1825.350000,1829.050000,1825.350000,1825.450000,349
2017-08-24T12:00:00+05:30,1825.450000,1827.500000,1825.200000,1825.200000,260
2017-08-24T12:15:00+05:30,1825.200000,1825.300000,1825.200000,1825.200000,114
2017-08-24T12:30:00+05:30,1825.200000,1826.150000,1825.150000,1825.150000,565
2017-08-24T12:45:00+05:30,1825.150000,1827.900000,1825.150000,1826.600000,207
2017-08-24T13:00:00+05:30,1826.600000,1827.000000,1825.250000,1826.950000,13
2017-08-24T13:15:00+05:30,1826.950000,1826.950000,1825.500000,1826.800000,48
2017-08-24T13:30:00+05:30,1827.000000,1829.000000,1825.600000,1825.600000,463
2017-08-24T13:45:00+05:30,1825.600000,1827.450000,1825.600000,1826.400000,70
2017-08-24T14:00:00+05:30,1826.400000,1827.050000,1825.000000,1825.000000,9002
2017-08-24T14:15:00+05:30,1825.000000,1825.000000,1819.950000,1822.550000,10164
2017-08-24T14:30:00+05:30,1822.550000,1824.900000,1819.550000,1819.550000,355
2017-08-24T14:45:00+05:30,1819.550000,1824.350000,1816.000000,1817.050000,913
2017-08-24T15:00:00+05:30,1817.050000,1827.000000,1810.550000,1815.950000,981
2017-08-24T15:15:00+05:30,1815.950000,1821.900000,1802.000000,1819.850000,4233
2017-08-28T09:15:00+05:30,1831.450000,1831.450000,1802.000000,1811.000000,120
2017-08-28T09:30:00+05:30,1811.000000,1814.250000,1811.000000,1814.250000,80
2017-08-28T09:45:00+05:30,1810.000000,1820.950000,1810.000000,1814.000000,236
2017-08-28T10:00:00+05:30,1814.000000,1815.650000,1805.000000,1805.000000,101
2017-08-28T10:15:00+05:30,1805.000000,1807.000000,1801.550000,1802.000000,195
2017-08-28T10:30:00+05:30,1802.000000,1809.500000,1802.000000,1809.000000,58
2017-08-28T10:45:00+05:30,1809.000000,1809.500000,1801.600000,1809.500000,82
2017-08-28T11:00:00+05:30,1809.500000,1815.650000,1808.450000,1814.950000,193
2017-08-28T11:15:00+05:30,1814.950000,1815.000000,1810.550000,1814.000000,171
2017-08-28T11:30:00+05:30,1814.000000,1819.000000,1814.000000,1815.000000,80
2017-08-28T11:45:00+05:30,1815.000000,1820.000000,1813.250000,1815.050000,1134
2017-08-28T12:00:00+05:30,1815.050000,1815.050000,1815.000000,1815.000000,7
2017-08-28T12:15:00+05:30,1815.000000,1815.000000,1810.000000,1810.000000,48
2017-08-28T12:30:00+05:30,1810.000000,1810.000000,1806.000000,1807.400000,94
2017-08-28T12:45:00+05:30,1807.400000,1811.950000,1807.050000,1811.950000,221
2017-08-28T13:00:00+05:30,1811.950000,1811.950000,1807.000000,1807.000000,114
2017-08-28T13:15:00+05:30,1807.000000,1811.000000,1807.000000,1811.000000,73
2017-08-28T13:30:00+05:30,1811.000000,1813.200000,1807.050000,1807.050000,469
2017-08-28T13:45:00+05:30,1807.000000,1810.000000,1803.050000,1810.000000,3617
2017-08-28T14:00:00+05:30,1810.000000,1811.950000,1807.550000,1811.950000,2025
2017-08-28T14:15:00+05:30,1811.950000,1811.950000,1806.750000,1810.000000,4069
2017-08-28T14:30:00+05:30,1810.000000,1810.000000,1809.800000,1809.800000,20
2017-08-28T14:45:00+05:30,1809.800000,1809.800000,1805.000000,1808.800000,45
2017-08-28T15:00:00+05:30,1808.800000,1810.000000,1805.350000,1809.950000,234
2017-08-28T15:15:00+05:30,1809.950000,1823.900000,1803.500000,1805.000000,4739
2017-08-29T09:15:00+05:30,1806.050000,1806.300000,1802.000000,1805.000000,111
2017-08-29T09:30:00+05:30,1805.000000,1805.850000,1795.550000,1797.450000,67
2017-08-29T09:45:00+05:30,1797.450000,1799.600000,1796.650000,1796.650000,76
2017-08-29T10:00:00+05:30,1796.650000,1799.900000,1796.650000,1798.000000,50
2017-08-29T10:15:00+05:30,1798.000000,1798.000000,1795.000000,1795.000000,102
2017-08-29T10:30:00+05:30,1796.000000,1796.000000,1792.800000,1792.800000,36
2017-08-29T10:45:00+05:30,1792.800000,1795.900000,1792.700000,1792.700000,63
2017-08-29T11:00:00+05:30,1792.700000,1795.850000,1791.050000,1795.850000,28
2017-08-29T11:15:00+05:30,1795.850000,1795.900000,1795.850000,1795.850000,60
2017-08-29T11:30:00+05:30,1795.850000,1795.850000,1795.750000,1795.800000,2
2017-08-29T11:45:00+05:30,1795.800000,1795.800000,1794.450000,1794.450000,1
2017-08-29T12:00:00+05:30,1794.450000,1797.000000,1794.450000,1797.000000,52
2017-08-29T12:15:00+05:30,1797.000000,1797.000000,1793.200000,1793.200000,52
2017-08-29T12:30:00+05:30,1793.200000,1795.000000,1788.600000,1790.700000,209
2017-08-29T12:45:00+05:30,1790.700000,1792.000000,1789.000000,1792.000000,69
2017-08-29T13:00:00+05:30,1792.000000,1795.400000,1792.000000,1795.400000,5
2017-08-29T13:15:00+05:30,1795.400000,1795.400000,1795.000000,1795.000000,90
2017-08-29T13:30:00+05:30,1795.000000,1796.900000,1795.000000,1795.000000,138
2017-08-29T13:45:00+05:30,1795.000000,1800.000000,1795.000000,1800.000000,172
2017-08-29T14:00:00+05:30,1800.000000,1803.000000,1797.050000,1798.300000,50
2017-08-29T14:15:00+05:30,1798.300000,1799.950000,1797.050000,1797.050000,11
2017-08-29T14:30:00+05:30,1797.050000,1809.000000,1797.050000,1805.000000,461
2017-08-29T14:45:00+05:30,1805.000000,1825.000000,1801.000000,1815.000000,1819
2017-08-29T15:00:00+05:30,1812.050000,1815.000000,1807.000000,1807.000000,272
2017-08-29T15:15:00+05:30,1806.250000,1811.750000,1801.050000,1801.050000,960
2017-08-30T09:15:00+05:30,1807.900000,1807.900000,1798.550000,1801.600000,60
2017-08-30T09:30:00+05:30,1801.600000,1802.000000,1800.500000,1802.000000,8
2017-08-30T09:45:00+05:30,1802.000000,1806.000000,1801.950000,1802.350000,88
2017-08-30T10:00:00+05:30,1806.900000,1807.000000,1796.900000,1796.900000,115
2017-08-30T10:15:00+05:30,1796.900000,1799.000000,1796.000000,1799.000000,85
2017-08-30T10:30:00+05:30,1799.000000,1799.000000,1798.950000,1798.950000,10
2017-08-30T10:45:00+05:30,1798.950000,1799.000000,1797.000000,1799.000000,17
2017-08-30T11:00:00+05:30,1799.000000,1800.000000,1796.000000,1799.000000,131
2017-08-30T11:15:00+05:30,1799.000000,1804.150000,1799.000000,1803.700000,144
2017-08-30T11:30:00+05:30,1803.700000,1803.700000,1800.000000,1800.000000,9
2017-08-30T11:45:00+05:30,1800.000000,1800.000000,1798.000000,1798.000000,50
2017-08-30T12:00:00+05:30,1798.000000,1800.000000,1796.000000,1799.950000,174
2017-08-30T12:15:00+05:30,1799.950000,1800.000000,1796.050000,1796.050000,82
2017-08-30T12:30:00+05:30,1796.050000,1800.000000,1796.050000,1799.950000,28
2017-08-30T12:45:00+05:30,1799.950000,1799.950000,1796.200000,1799.950000,63
2017-08-30T13:00:00+05:30,1799.950000,1799.950000,1796.250000,1796.250000,26
2017-08-30T13:15:00+05:30,1796.250000,1800.000000,1796.250000,1799.000000,210
2017-08-30T13:30:00+05:30,1799.000000,1799.000000,1793.000000,1795.000000,596
2017-08-30T13:45:00+05:30,1795.000000,1798.000000,1795.000000,1798.000000,1162
2017-08-30T14:00:00+05:30,1798.000000,1798.000000,1794.100000,1794.100000,20
2017-08-30T14:15:00+05:30,1794.100000,1796.900000,1790.000000,1790.150000,371
2017-08-30T14:30:00+05:30,1790.150000,1797.700000,1790.150000,1797.700000,600
2017-08-30T14:45:00+05:30,1797.700000,1797.700000,1792.050000,1792.100000,1618
2017-08-30T15:00:00+05:30,1794.900000,1799.000000,1794.900000,1798.950000,3453
2017-08-30T15:15:00+05:30,1798.950000,1799.900000,1790.650000,1790.650000,1752
2017-08-31T09:15:00+05:30,1803.000000,1803.000000,1798.550000,1799.950000,397
2017-08-31T09:30:00+05:30,1799.950000,1800.000000,1799.950000,1800.000000,50
2017-08-31T09:45:00+05:30,1800.000000,1800.000000,1795.050000,1798.950000,40
2017-08-31T10:00:00+05:30,1798.950000,1798.950000,1795.300000,1795.300000,53
2017-08-31T10:15:00+05:30,1795.300000,1797.000000,1795.000000,1795.000000,54
2017-08-31T10:30:00+05:30,1795.000000,1795.000000,1783.300000,1785.000000,530
2017-08-31T10:45:00+05:30,1785.000000,1785.200000,1785.000000,1785.200000,220
2017-08-31T11:00:00+05:30,1785.200000,1789.000000,1785.050000,1785.050000,76
2017-08-31T11:15:00+05:30,1785.050000,1794.900000,1785.050000,1794.900000,339
2017-08-31T11:30:00+05:30,1794.450000,1794.450000,1790.000000,1790.000000,612
2017-08-31T11:45:00+05:30,1790.000000,1806.600000,1790.000000,1803.000000,11879
2017-08-31T12:00:00+05:30,1803.000000,1803.000000,1800.000000,1802.000000,4012
2017-08-31T12:15:00+05:30,1802.000000,1804.750000,1800.100000,1800.100000,381
2017-08-31T12:30:00+05:30,1800.100000,1800.100000,1798.550000,1798.550000,262
2017-08-31T12:45:00+05:30,1798.550000,1800.100000,1798.550000,1800.000000,31
2017-08-31T13:00:00+05:30,1800.000000,1807.000000,1798.000000,1798.000000,20795
2017-08-31T13:15:00+05:30,1797.000000,1800.000000,1791.800000,1791.950000,384
2017-08-31T13:30:00+05:30,1791.950000,1798.800000,1791.150000,1798.150000,1062
2017-08-31T13:45:00+05:30,1798.150000,1798.200000,1795.050000,1797.000000,50
2017-08-31T14:00:00+05:30,1797.000000,1802.950000,1797.000000,1802.950000,139
2017-08-31T14:15:00+05:30,1802.950000,1803.450000,1797.100000,1797.100000,57
2017-08-31T14:30:00+05:30,1801.350000,1801.350000,1795.000000,1799.850000,514
2017-08-31T14:45:00+05:30,1799.850000,1804.400000,1799.850000,1803.950000,80
2017-08-31T15:00:00+05:30,1803.950000,1822.000000,1803.950000,1817.750000,3575
2017-08-31T15:15:00+05:30,1817.750000,1834.000000,1805.000000,1834.000000,5090
2017-09-01T09:15:00+05:30,1821.700000,1826.900000,1821.000000,1821.050000,65
2017-09-01T09:30:00+05:30,1820.100000,1822.450000,1804.050000,1806.000000,175
2017-09-01T09:45:00+05:30,1806.000000,1819.450000,1803.900000,1815.150000,80
2017-09-01T10:00:00+05:30,1816.000000,1820.950000,1812.000000,1814.000000,89
2017-09-01T10:15:00+05:30,1814.000000,1814.800000,1808.700000,1808.700000,32
2017-09-01T10:30:00+05:30,1808.700000,1811.600000,1800.200000,1805.100000,607
2017-09-01T10:45:00+05:30,1805.100000,1810.000000,1805.000000,1810.000000,94
2017-09-01T11:00:00+05:30,1810.000000,1813.450000,1807.200000,1807.300000,31
2017-09-01T11:15:00+05:30,1807.100000,1812.000000,1807.100000,1810.000000,56
2017-09-01T11:30:00+05:30,1810.000000,1814.850000,1805.050000,1811.750000,228
2017-09-01T11:45:00+05:30,1811.750000,1811.750000,1807.550000,1807.550000,10
2017-09-01T12:00:00+05:30,1807.550000,1809.950000,1807.000000,1807.000000,70
2017-09-01T12:15:00+05:30,1807.000000,1807.000000,1807.000000,1807.000000,6
2017-09-01T12:30:00+05:30,1807.000000,1810.000000,1806.000000,1806.000000,249
2017-09-01T12:45:00+05:30,1806.000000,1810.950000,1806.000000,1809.050000,310
2017-09-01T13:00:00+05:30,1809.050000,1814.850000,1809.050000,1814.550000,153
2017-09-01T13:15:00+05:30,1814.550000,1814.550000,1810.750000,1811.050000,8
2017-09-01T13:30:00+05:30,1811.050000,1813.950000,1811.000000,1813.400000,33
2017-09-01T13:45:00+05:30,1813.400000,1813.400000,1811.000000,1812.500000,4
2017-09-01T14:00:00+05:30,1813.950000,1813.950000,1810.000000,1813.450000,135
2017-09-01T14:15:00+05:30,1813.450000,1813.450000,1810.000000,1811.000000,53
2017-09-01T14:30:00+05:30,1811.000000,1813.950000,1810.000000,1812.950000,483
2017-09-01T14:45:00+05:30,1812.950000,1816.850000,1812.050000,1814.000000,241
2017-09-01T15:00:00+05:30,1814.000000,1820.000000,1810.000000,1816.250000,1443
2017-09-01T15:15:00+05:30,1816.250000,1819.950000,1799.400000,1800.000000,1395
2017-09-04T09:15:00+05:30,1812.900000,1812.900000,1803.050000,1804.600000,106
2017-09-04T09:30:00+05:30,1804.600000,1815.000000,1803.200000,1808.000000,295
2017-09-04T09:45:00+05:30,1808.000000,1810.150000,1806.200000,1806.200000,32
2017-09-04T10:00:00+05:30,1806.200000,1816.000000,1806.200000,1816.000000,156
2017-09-04T10:15:00+05:30,1816.000000,1816.000000,1811.750000,1813.000000,12
2017-09-04T10:30:00+05:30,1813.000000,1813.000000,1809.100000,1813.000000,42
2017-09-04T10:45:00+05:30,1812.950000,1813.000000,1809.100000,1809.100000,39
2017-09-04T11:00:00+05:30,1809.100000,1812.950000,1809.100000,1809.100000,14
2017-09-04T11:15:00+05:30,1806.100000,1809.000000,1806.050000,1806.050000,13
2017-09-04T11:30:00+05:30,1806.050000,1815.000000,1804.050000,1806.350000,556
2017-09-04T11:45:00+05:30,1806.350000,1822.000000,1806.350000,1820.100000,1510
2017-09-04T12:00:00+05:30,1820.100000,1820.150000,1820.000000,1820.050000,518
2017-09-04T12:15:00+05:30,1820.050000,1822.000000,1813.000000,1813.000000,1041
2017-09-04T12:30:00+05:30,1813.000000,1815.000000,1809.950000,1815.000000,496
2017-09-04T12:45:00+05:30,1815.000000,1820.000000,1815.000000,1820.000000,85
2017-09-04T13:00:00+05:30,1820.000000,1822.800000,1816.550000,1822.000000,940
2017-09-04T13:15:00+05:30,1822.050000,1822.050000,1818.100000,1822.000000,1237
2017-09-04T13:30:00+05:30,1822.000000,1822.450000,1815.200000,1822.050000,561
2017-09-04T13:45:00+05:30,1822.050000,1822.050000,1820.000000,1820.000000,390
2017-09-04T14:00:00+05:30,1820.000000,1822.000000,1815.150000,1816.250000,133
2017-09-04T14:15:00+05:30,1816.250000,1820.350000,1815.050000,1815.050000,60
2017-09-04T14:30:00+05:30,1815.050000,1820.000000,1815.050000,1820.000000,137
2017-09-04T14:45:00+05:30,1820.000000,1822.000000,1820.000000,1820.500000,351
2017-09-04T15:00:00+05:30,1820.500000,1822.950000,1820.000000,1822.800000,196
2017-09-04T15:15:00+05:30,1822.800000,1825.000000,1819.950000,1822.000000,1764
2017-09-05T09:15:00+05:30,1815.850000,1822.900000,1815.850000,1822.450000,140
2017-09-05T09:30:00+05:30,1822.450000,1822.450000,1819.550000,1819.950000,82
2017-09-05T09:45:00+05:30,1819.950000,1820.000000,1815.000000,1815.000000,227
2017-09-05T10:00:00+05:30,1815.000000,1819.900000,1815.000000,1819.900000,9
2017-09-05T10:15:00+05:30,1819.900000,1819.900000,1810.000000,1817.950000,323
2017-09-05T10:30:00+05:30,1812.300000,1818.000000,1812.000000,1812.000000,77
2017-09-05T10:45:00+05:30,1812.000000,1817.900000,1810.000000,1810.000000,120
2017-09-05T11:00:00+05:30,1810.000000,1811.600000,1810.000000,1810.050000,5
2017-09-05T11:15:00+05:30,1810.050000,1818.900000,1809.000000,1812.250000,2163
2017-09-05T11:30:00+05:30,1812.250000,1813.050000,1812.250000,1813.050000,23
2017-09-05T11:45:00+05:30,1813.050000,1815.000000,1813.000000,1813.000000,60
2017-09-05T12:00:00+05:30,1813.000000,1815.500000,1813.000000,1813.050000,7
2017-09-05T12:15:00+05:30,1813.050000,1813.050000,1813.000000,1813.000000,96
2017-09-05T12:30:00+05:30,1813.000000,1814.900000,1812.000000,1813.000000,816
2017-09-05T12:45:00+05:30,1813.000000,1813.050000,1813.000000,1813.000000,237
2017-09-05T13:00:00+05:30,1813.000000,1813.050000,1813.000000,1813.000000,469
2017-09-05T13:15:00+05:30,1813.000000,1813.250000,1813.000000,1813.250000,14
2017-09-05T13:30:00+05:30,1815.000000,1815.950000,1813.000000,1815.900000,90
2017-09-05T13:45:00+05:30,1815.900000,1815.900000,1813.150000,1813.150000,8
2017-09-05T14:00:00+05:30,1813.150000,1815.850000,1813.000000,1815.850000,32
2017-09-05T14:15:00+05:30,1815.850000,1817.000000,1813.000000,1817.000000,782
2017-09-05T14:30:00+05:30,1817.000000,1829.000000,1817.000000,1821.050000,718
2017-09-05T14:45:00+05:30,1821.000000,1826.650000,1821.000000,1825.250000,246
2017-09-05T15:00:00+05:30,1825.250000,1827.000000,1822.000000,1823.000000,273
2017-09-05T15:15:00+05:30,1826.000000,1836.000000,1823.000000,1831.000000,2038
2017-09-06T09:15:00+05:30,1806.250000,1819.400000,1806.250000,1813.600000,40
2017-09-06T09:30:00+05:30,1813.600000,1818.950000,1808.250000,1812.200000,237
2017-09-06T09:45:00+05:30,1812.200000,1816.100000,1810.700000,1812.100000,42
2017-09-06T10:00:00+05:30,1812.100000,1814.700000,1812.100000,1814.700000,3
2017-09-06T10:15:00+05:30,1814.700000,1814.700000,1812.100000,1812.100000,49
2017-09-06T10:30:00+05:30,1812.100000,1812.100000,1812.100000,1812.100000,2
2017-09-06T10:45:00+05:30,1812.100000,1814.000000,1812.100000,1812.100000,50
2017-09-06T11:00:00+05:30,1812.100000,1815.000000,1812.100000,1815.000000,27
2017-09-06T11:15:00+05:30,1814.000000,1815.000000,1814.000000,1814.950000,217
2017-09-06T11:30:00+05:30,1814.950000,1822.250000,1814.000000,1822.250000,236
2017-09-06T11:45:00+05:30,1822.250000,1822.250000,1820.000000,1820.000000,121
2017-09-06T12:00:00+05:30,1820.000000,1820.000000,1817.000000,1817.000000,9
2017-09-06T12:15:00+05:30,1817.000000,1819.950000,1816.550000,1816.550000,10
2017-09-06T12:30:00+05:30,1816.550000,1816.550000,1812.150000,1813.000000,77
2017-09-06T12:45:00+05:30,1813.000000,1816.600000,1813.000000,1815.000000,75
2017-09-06T13:00:00+05:30,1815.000000,1819.350000,1812.000000,1816.250000,704
2017-09-06T13:15:00+05:30,1816.250000,1819.900000,1816.000000,1816.000000,46
2017-09-06T13:30:00+05:30,1816.000000,1816.000000,1815.000000,1815.000000,38
2017-09-06T13:45:00+05:30,1815.000000,1819.700000,1815.000000,1819.700000,2
2017-09-06T14:00:00+05:30,1819.700000,1819.700000,1815.200000,1815.200000,2
2017-09-06T14:15:00+05:30,1815.200000,1820.650000,1815.200000,1820.650000,131
2017-09-06T14:30:00+05:30,1820.650000,1820.950000,1819.050000,1820.950000,28
2017-09-06T14:45:00+05:30,1820.950000,1820.950000,1819.250000,1819.250000,52
2017-09-06T15:00:00+05:30,1819.250000,1821.000000,1816.600000,1820.000000,926
2017-09-06T15:15:00+05:30,1820.000000,1834.000000,1819.300000,1831.000000,1543
2017-09-07T09:15:00+05:30,1819.700000,1819.700000,1816.700000,1816.700000,9
2017-09-07T09:30:00+05:30,1816.700000,1823.850000,1816.550000,1816.550000,103
2017-09-07T09:45:00+05:30,1816.550000,1817.800000,1810.150000,1817.800000,88
2017-09-07T10:00:00+05:30,1817.800000,1817.800000,1814.950000,1814.950000,51
2017-09-07T10:15:00+05:30,1814.950000,1815.000000,1812.700000,1814.950000,5
2017-09-07T10:30:00+05:30,1814.950000,1815.000000,1812.700000,1812.700000,90
2017-09-07T10:45:00+05:30,1812.700000,1814.950000,1809.800000,1810.000000,1025
2017-09-07T11:00:00+05:30,1810.000000,1810.000000,1799.000000,1800.000000,661
2017-09-07T11:15:00+05:30,1800.000000,1800.000000,1799.850000,1800.000000,101
2017-09-07T11:30:00+05:30,1800.000000,1805.950000,1800.000000,1801.300000,17
2017-09-07T11:45:00+05:30,1801.300000,1805.950000,1801.250000,1805.950000,53
2017-09-07T12:00:00+05:30,1805.950000,1805.950000,1802.650000,1802.650000,15
2017-09-07T12:15:00+05:30,1802.650000,1804.950000,1801.550000,1804.900000,254
2017-09-07T12:30:00+05:30,1804.900000,1810.000000,1804.000000,1810.000000,2824
2017-09-07T12:45:00+05:30,1810.000000,1810.000000,1805.050000,1810.000000,5665
2017-09-07T13:00:00+05:30,1810.000000,1814.650000,1810.000000,1814.500000,2354
2017-09-07T13:15:00+05:30,1814.500000,1814.500000,1812.000000,1812.000000,17
2017-09-07T13:30:00+05:30,1812.000000,1814.500000,1812.000000,1814.500000,11
2017-09-07T13:45:00+05:30,1814.450000,1814.500000,1806.050000,1813.950000,140
2017-09-07T14:00:00+05:30,1813.950000,1813.950000,1811.050000,1811.150000,11
2017-09-07T14:15:00+05:30,1811.150000,1813.900000,1811.050000,1813.900000,6
2017-09-07T14:30:00+05:30,1813.900000,1813.900000,1810.000000,1813.800000,293
2017-09-07T14:45:00+05:30,1813.800000,1813.800000,1810.800000,1810.800000,32
2017-09-07T15:00:00+05:30,1810.800000,1813.750000,1810.000000,1811.700000,1298
2017-09-07T15:15:00+05:30,1811.700000,1813.800000,1801.100000,1809.000000,1160
2017-09-08T09:15:00+05:30,1808.000000,1813.400000,1806.850000,1813.400000,43
2017-09-08T09:30:00+05:30,1813.400000,1813.400000,1808.950000,1808.950000,102
2017-09-08T09:45:00+05:30,1808.950000,1810.000000,1801.000000,1810.000000,179
2017-09-08T10:00:00+05:30,1810.000000,1810.000000,1807.000000,1807.000000,73
2017-09-08T10:15:00+05:30,1807.000000,1807.000000,1802.950000,1803.000000,129
2017-09-08T10:30:00+05:30,1803.000000,1806.000000,1802.850000,1803.850000,23
2017-09-08T10:45:00+05:30,1803.850000,1803.900000,1801.050000,1801.050000,71
2017-09-08T11:00:00+05:30,1801.050000,1801.050000,1801.050000,1801.050000,0
2017-09-08T11:15:00+05:30,1801.050000,1810.000000,1801.050000,1810.000000,538
2017-09-08T11:30:00+05:30,1810.000000,1812.000000,1810.000000,1810.000000,122
2017-09-08T11:45:00+05:30,1810.000000,1810.000000,1810.000000,1810.000000,30
2017-09-08T12:00:00+05:30,1810.000000,1810.000000,1810.000000,1810.000000,30
2017-09-08T12:15:00+05:30,1810.000000,1810.000000,1810.000000,1810.000000,43
2017-09-08T12:30:00+05:30,1810.000000,1811.950000,1810.000000,1810.050000,27
2017-09-08T12:45:00+05:30,1810.050000,1810.200000,1810.050000,1810.050000,210
2017-09-08T13:00:00+05:30,1810.050000,1812.850000,1809.550000,1812.850000,715
2017-09-08T13:15:00+05:30,1810.050000,1810.050000,1810.050000,1810.050000,50
2017-09-08T13:30:00+05:30,1810.050000,1810.550000,1810.050000,1810.050000,105
2017-09-08T13:45:00+05:30,1810.050000,1810.050000,1810.050000,1810.050000,24
2017-09-08T14:00:00+05:30,1810.050000,1810.050000,1810.000000,1810.000000,108
2017-09-08T14:15:00+05:30,1812.000000,1812.000000,1810.000000,1810.000000,36
2017-09-08T14:30:00+05:30,1810.000000,1812.000000,1810.000000,1812.000000,215
2017-09-08T14:45:00+05:30,1812.000000,1817.900000,1810.300000,1812.050000,115
2017-09-08T15:00:00+05:30,1812.050000,1816.000000,1812.050000,1814.800000,159
2017-09-08T15:15:00+05:30,1814.800000,1824.000000,1812.050000,1814.000000,1597
2017-09-11T09:15:00+05:30,1811.450000,1825.000000,1811.450000,1820.950000,66
2017-09-11T09:30:00+05:30,1820.950000,1820.950000,1806.050000,1815.000000,157
2017-09-11T09:45:00+05:30,1815.000000,1816.650000,1815.000000,1815.000000,36
2017-09-11T10:00:00+05:30,1815.000000,1816.350000,1811.900000,1811.900000,71
2017-09-11T10:15:00+05:30,1811.900000,1813.850000,1810.800000,1813.850000,7
2017-09-11T10:30:00+05:30,1813.850000,1813.850000,1810.300000,1810.400000,163
2017-09-11T10:45:00+05:30,1810.400000,1810.550000,1810.400000,1810.500000,81
2017-09-11T11:00:00+05:30,1810.500000,1813.950000,1810.500000,1813.950000,25
2017-09-11T11:15:00+05:30,1813.950000,1813.950000,1810.650000,1813.950000,3
2017-09-11T11:30:00+05:30,1813.950000,1813.950000,1810.600000,1810.700000,93
2017-09-11T11:45:00+05:30,1810.700000,1814.000000,1810.700000,1814.000000,16
2017-09-11T12:00:00+05:30,1814.000000,1815.250000,1812.000000,1812.000000,70
2017-09-11T12:15:00+05:30,1812.000000,1815.950000,1812.000000,1814.150000,84
2017-09-11T12:30:00+05:30,1814.150000,1815.000000,1812.250000,1815.000000,130
2017-09-11T12:45:00+05:30,1815.000000,1815.100000,1814.000000,1814.900000,59
2017-09-11T13:00:00+05:30,1814.900000,1817.950000,1814.900000,1817.050000,35
2017-09-11T13:15:00+05:30,1817.050000,1817.050000,1815.000000,1815.000000,5219
2017-09-11T13:30:00+05:30,1815.000000,1817.000000,1815.000000,1817.000000,211
2017-09-11T13:45:00+05:30,1817.000000,1818.000000,1810.600000,1817.000000,5168
2017-09-11T14:00:00+05:30,1817.000000,1819.000000,1816.000000,1816.050000,142
2017-09-11T14:15:00+05:30,1816.050000,1818.000000,1816.050000,1818.000000,26
2017-09-11T14:30:00+05:30,1818.000000,1823.900000,1818.000000,1820.250000,330
2017-09-11T14:45:00+05:30,1820.250000,1824.000000,1819.250000,1823.950000,165
2017-09-11T15:00:00+05:30,1823.950000,1823.950000,1820.000000,1820.000000,369
2017-09-11T15:15:00+05:30,1820.000000,1829.900000,1820.000000,1820.100000,1388
2017-09-12T09:15:00+05:30,1825.000000,1825.000000,1821.050000,1821.050000,21
2017-09-12T09:30:00+05:30,1821.050000,1821.050000,1815.600000,1815.600000,15
2017-09-12T09:45:00+05:30,1815.600000,1815.600000,1811.100000,1811.100000,186
2017-09-12T10:00:00+05:30,1811.100000,1815.000000,1811.100000,1815.000000,96
2017-09-12T10:15:00+05:30,1815.000000,1815.000000,1812.050000,1812.050000,12
2017-09-12T10:30:00+05:30,1812.050000,1814.950000,1812.050000,1812.100000,3
2017-09-12T10:45:00+05:30,1812.100000,1815.000000,1811.600000,1815.000000,148
2017-09-12T11:00:00+05:30,1819.250000,1820.100000,1818.250000,1819.000000,228
2017-09-12T11:15:00+05:30,1819.000000,1822.000000,1819.000000,1822.000000,174
2017-09-12T11:30:00+05:30,1823.900000,1824.850000,1821.000000,1821.000000,33
2017-09-12T11:45:00+05:30,1821.000000,1821.000000,1820.000000,1820.000000,30
2017-09-12T12:00:00+05:30,1820.000000,1820.200000,1820.000000,1820.200000,39
2017-09-12T12:15:00+05:30,1820.200000,1820.250000,1820.000000,1820.000000,87
2017-09-12T12:30:00+05:30,1820.000000,1823.350000,1820.000000,1822.950000,236
2017-09-12T12:45:00+05:30,1822.250000,1822.250000,1822.000000,1822.000000,5
2017-09-12T13:00:00+05:30,1822.000000,1822.050000,1822.000000,1822.000000,80
2017-09-12T13:15:00+05:30,1822.000000,1822.000000,1820.000000,1820.000000,25
2017-09-12T13:30:00+05:30,1820.000000,1822.950000,1820.000000,1822.950000,134
2017-09-12T13:45:00+05:30,1822.950000,1822.950000,1822.900000,1822.950000,21
2017-09-12T14:00:00+05:30,1822.950000,1822.950000,1820.000000,1820.000000,1098
2017-09-12T14:15:00+05:30,1820.000000,1823.450000,1820.000000,1823.450000,63
2017-09-12T14:30:00+05:30,1820.000000,1824.950000,1820.000000,1824.950000,4321
2017-09-12T14:45:00+05:30,1824.950000,1827.250000,1822.950000,1823.900000,95
2017-09-12T15:00:00+05:30,1823.900000,1830.000000,1820.300000,1828.700000,822
2017-09-12T15:15:00+05:30,1828.700000,1858.000000,1825.000000,1855.000000,2623
2017-09-13T09:15:00+05:30,1850.000000,1850.000000,1833.550000,1833.550000,138
2017-09-13T09:30:00+05:30,1833.550000,1841.000000,1833.550000,1835.250000,78
2017-09-13T09:45:00+05:30,1835.250000,1840.000000,1833.550000,1840.000000,67
2017-09-13T10:00:00+05:30,1840.000000,1840.000000,1821.150000,1835.000000,341
2017-09-13T10:15:00+05:30,1835.000000,1835.000000,1834.100000,1834.100000,16
2017-09-13T10:30:00+05:30,1834.100000,1835.000000,1834.100000,1835.000000,10
2017-09-13T10:45:00+05:30,1835.000000,1836.700000,1833.850000,1835.050000,198
2017-09-13T11:00:00+05:30,1835.050000,1835.050000,1835.000000,1835.000000,38
2017-09-13T11:15:00+05:30,1835.000000,1839.950000,1835.000000,1839.000000,53
2017-09-13T11:30:00+05:30,1839.000000,1847.850000,1839.000000,1845.500000,107
2017-09-13T11:45:00+05:30,1845.500000,1846.000000,1845.500000,1845.500000,182
2017-09-13T12:00:00+05:30,1845.500000,1846.000000,1839.000000,1842.000000,153
2017-09-13T12:15:00+05:30,1842.000000,1846.000000,1842.000000,1842.000000,197
2017-09-13T12:30:00+05:30,1844.000000,1844.000000,1842.000000,1842.050000,26
2017-09-13T12:45:00+05:30,1842.050000,1850.000000,1842.050000,1849.150000,155
2017-09-13T13:00:00+05:30,1850.000000,1850.000000,1847.650000,1847.650000,24
2017-09-13T13:15:00+05:30,1847.650000,1849.450000,1845.000000,1845.000000,241
2017-09-13T13:30:00+05:30,1845.000000,1848.000000,1842.000000,1842.000000,135
2017-09-13T13:45:00+05:30,1842.000000,1845.100000,1842.000000,1845.050000,72
2017-09-13T14:00:00+05:30,1845.050000,1846.500000,1843.550000,1845.950000,186
2017-09-13T14:15:00+05:30,1845.950000,1852.250000,1844.000000,1850.050000,100
2017-09-13T14:30:00+05:30,1850.050000,1859.000000,1846.000000,1847.300000,608
2017-09-13T14:45:00+05:30,1850.500000,1850.500000,1846.000000,1849.950000,304
2017-09-13T15:00:00+05:30,1849.950000,1852.250000,1846.100000,1849.150000,61
2017-09-13T15:15:00+05:30,1849.150000,1855.000000,1846.000000,1846.100000,1134
2017-09-14T09:15:00+05:30,1855.000000,1855.000000,1830.300000,1834.050000,424
2017-09-14T09:30:00+05:30,1834.050000,1839.950000,1834.050000,1839.950000,57
2017-09-14T09:45:00+05:30,1839.950000,1849.800000,1838.100000,1838.150000,125
2017-09-14T10:00:00+05:30,1838.100000,1846.550000,1838.100000,1842.050000,46
2017-09-14T10:15:00+05:30,1842.050000,1842.050000,1838.250000,1838.250000,40
2017-09-14T10:30:00+05:30,1838.250000,1842.950000,1838.250000,1839.050000,33
2017-09-14T10:45:00+05:30,1839.050000,1839.050000,1838.250000,1838.250000,26
2017-09-14T11:00:00+05:30,1838.250000,1838.250000,1831.000000,1832.000000,341
2017-09-14T11:15:00+05:30,1832.000000,1837.450000,1831.100000,1831.100000,91
2017-09-14T11:30:00+05:30,1831.100000,1837.450000,1831.100000,1833.550000,29
2017-09-14T11:45:00+05:30,1833.550000,1838.850000,1825.600000,1825.600000,250
2017-09-14T12:00:00+05:30,1828.000000,1830.000000,1814.000000,1814.000000,774
2017-09-14T12:15:00+05:30,1814.000000,1815.800000,1802.650000,1808.050000,1982
2017-09-14T12:30:00+05:30,1808.050000,1814.700000,1808.000000,1814.700000,173
2017-09-14T12:45:00+05:30,1814.700000,1817.850000,1812.050000,1816.350000,18
2017-09-14T13:00:00+05:30,1816.350000,1820.000000,1805.750000,1819.000000,3869
2017-09-14T13:15:00+05:30,1818.000000,1818.000000,1815.950000,1816.000000,113
2017-09-14T13:30:00+05:30,1816.000000,1822.000000,1815.050000,1816.450000,248
2017-09-14T13:45:00+05:30,1816.450000,1818.750000,1816.000000,1816.000000,47
2017-09-14T14:00:00+05:30,1816.000000,1816.000000,1810.000000,1812.000000,127
2017-09-14T14:15:00+05:30,1812.000000,1813.900000,1810.000000,1812.000000,402
2017-09-14T14:30:00+05:30,1812.000000,1814.000000,1794.950000,1800.050000,2036
2017-09-14T14:45:00+05:30,1801.000000,1802.850000,1792.850000,1799.750000,1054
2017-09-14T15:00:00+05:30,1799.750000,1813.450000,1795.000000,1799.950000,3643
2017-09-14T15:15:00+05:30,1799.950000,1802.000000,1786.600000,1795.000000,4360
2017-09-15T09:15:00+05:30,1794.000000,1794.950000,1778.050000,1780.150000,1362
2017-09-15T09:30:00+05:30,1780.600000,1785.750000,1780.000000,1780.000000,744
2017-09-15T09:45:00+05:30,1779.050000,1779.050000,1771.000000,1772.750000,1079
2017-09-15T10:00:00+05:30,1772.750000,1781.900000,1772.700000,1776.950000,786
2017-09-15T10:15:00+05:30,1776.900000,1776.950000,1770.500000,1773.000000,563
2017-09-15T10:30:00+05:30,1772.500000,1778.750000,1768.450000,1772.600000,1139
2017-09-15T10:45:00+05:30,1776.850000,1776.850000,1770.900000,1771.200000,519
2017-09-15T11:00:00+05:30,1771.200000,1774.450000,1770.050000,1772.400000,690
2017-09-15T11:15:00+05:30,1772.400000,1775.650000,1770.000000,1772.850000,734
2017-09-15T11:30:00+05:30,1772.850000,1774.450000,1770.050000,1770.100000,507
2017-09-15T11:45:00+05:30,1770.100000,1774.400000,1770.000000,1770.250000,470
2017-09-15T12:00:00+05:30,1770.250000,1772.900000,1770.000000,1772.150000,631
2017-09-15T12:15:00+05:30,1772.150000,1772.900000,1770.000000,1771.450000,518
2017-09-15T12:30:00+05:30,1771.700000,1773.800000,1770.000000,1773.750000,462
2017-09-15T12:45:00+05:30,1773.750000,1774.900000,1770.000000,1774.850000,706
2017-09-15T13:00:00+05:30,1774.850000,1774.900000,1772.050000,1772.200000,555
2017-09-15T13:15:00+05:30,1774.400000,1775.000000,1771.700000,1775.000000,571
2017-09-15T13:30:00+05:30,1775.000000,1775.000000,1771.700000,1772.050000,490
2017-09-15T13:45:00+05:30,1772.050000,1773.800000,1771.100000,1772.400000,548
2017-09-15T14:00:00+05:30,1771.250000,1772.400000,1768.000000,1769.950000,745
2017-09-15T14:15:00+05:30,1769.950000,1771.300000,1765.100000,1766.550000,578
2017-09-15T14:30:00+05:30,1766.550000,1770.750000,1766.300000,1769.250000,712
2017-09-15T14:45:00+05:30,1769.250000,1774.400000,1767.150000,1774.000000,744
2017-09-15T15:00:00+05:30,1774.000000,1782.350000,1764.850000,1765.100000,8358
2017-09-15T15:15:00+05:30,1765.050000,1839.000000,1760.000000,1839.000000,10301
2017-09-18T09:15:00+05:30,1801.500000,1809.000000,1794.350000,1794.350000,629
2017-09-18T09:30:00+05:30,1794.300000,1798.000000,1791.050000,1797.950000,231
2017-09-18T09:45:00+05:30,1798.000000,1799.000000,1789.850000,1789.850000,315
2017-09-18T10:00:00+05:30,1789.850000,1790.000000,1785.000000,1790.000000,204
2017-09-18T10:15:00+05:30,1790.000000,1790.000000,1787.100000,1790.000000,76
2017-09-18T10:30:00+05:30,1790.000000,1796.900000,1790.000000,1796.900000,210
2017-09-18T10:45:00+05:30,1796.900000,1801.050000,1796.850000,1796.850000,122
2017-09-18T11:00:00+05:30,1796.850000,1802.950000,1796.850000,1802.900000,90
2017-09-18T11:15:00+05:30,1802.900000,1802.900000,1790.050000,1792.850000,99
2017-09-18T11:30:00+05:30,1792.850000,1794.950000,1790.050000,1790.050000,30
2017-09-18T11:45:00+05:30,1790.300000,1794.850000,1790.300000,1794.850000,20
2017-09-18T12:00:00+05:30,1794.850000,1794.900000,1794.850000,1794.900000,7
2017-09-18T12:15:00+05:30,1790.950000,1792.150000,1790.950000,1792.150000,45
2017-09-18T12:30:00+05:30,1792.150000,1794.000000,1792.150000,1794.000000,3
2017-09-18T12:45:00+05:30,1794.000000,1796.000000,1791.050000,1791.050000,221
2017-09-18T13:00:00+05:30,1791.000000,1793.900000,1790.050000,1790.050000,45
2017-09-18T13:15:00+05:30,1790.050000,1793.900000,1790.050000,1793.900000,2
2017-09-18T13:30:00+05:30,1793.050000,1798.000000,1791.050000,1797.950000,87
2017-09-18T13:45:00+05:30,1798.000000,1798.000000,1791.200000,1795.400000,159
2017-09-18T14:00:00+05:30,1795.400000,1796.100000,1790.050000,1793.750000,351
2017-09-18T14:15:00+05:30,1792.900000,1793.800000,1790.050000,1793.800000,136
2017-09-18T14:30:00+05:30,1793.800000,1796.950000,1790.050000,1796.050000,149
2017-09-18T14:45:00+05:30,1791.550000,1796.900000,1791.100000,1795.400000,117
2017-09-18T15:00:00+05:30,1795.400000,1795.400000,1787.950000,1788.000000,202
2017-09-18T15:15:00+05:30,1788.000000,1800.000000,1775.000000,1775.000000,1569
2017-09-19T09:15:00+05:30,1798.800000,1798.800000,1786.550000,1790.000000,38
2017-09-19T09:30:00+05:30,1790.000000,1792.450000,1776.000000,1783.000000,230
2017-09-19T09:45:00+05:30,1783.000000,1783.000000,1771.150000,1772.400000,308
2017-09-19T10:00:00+05:30,1772.400000,1777.900000,1772.400000,1775.900000,73
2017-09-19T10:15:00+05:30,1775.900000,1777.000000,1775.750000,1776.900000,13
2017-09-19T10:30:00+05:30,1776.900000,1780.000000,1776.900000,1777.000000,256
2017-09-19T10:45:00+05:30,1777.000000,1777.000000,1775.200000,1776.950000,35
2017-09-19T11:00:00+05:30,1777.000000,1780.000000,1772.000000,1772.600000,507
2017-09-19T11:15:00+05:30,1772.600000,1775.750000,1772.600000,1773.000000,46
2017-09-19T11:30:00+05:30,1773.000000,1777.000000,1773.000000,1776.900000,18
2017-09-19T11:45:00+05:30,1776.900000,1777.800000,1776.900000,1777.800000,103
2017-09-19T12:00:00+05:30,1777.800000,1777.800000,1775.000000,1776.500000,24
2017-09-19T12:15:00+05:30,1776.500000,1777.800000,1773.100000,1774.500000,115
2017-09-19T12:30:00+05:30,1774.500000,1777.800000,1774.500000,1776.250000,24
2017-09-19T12:45:00+05:30,1776.250000,1777.950000,1776.200000,1777.800000,20
2017-09-19T13:00:00+05:30,1777.800000,1780.000000,1777.800000,1779.500000,51
2017-09-19T13:15:00+05:30,1779.500000,1780.000000,1779.500000,1780.000000,373
2017-09-19T13:30:00+05:30,1780.000000,1780.000000,1774.200000,1774.700000,79
2017-09-19T13:45:00+05:30,1774.700000,1774.700000,1770.150000,1774.000000,312
2017-09-19T14:00:00+05:30,1774.000000,1774.000000,1771.350000,1774.000000,173
2017-09-19T14:15:00+05:30,1774.000000,1774.000000,1773.950000,1773.950000,144
2017-09-19T14:30:00+05:30,1773.900000,1774.000000,1771.400000,1773.800000,718
2017-09-19T14:45:00+05:30,1773.800000,1773.800000,1771.550000,1773.000000,162
2017-09-19T15:00:00+05:30,1773.000000,1784.950000,1772.100000,1780.000000,6618
2017-09-19T15:15:00+05:30,1780.000000,1780.000000,1761.250000,1765.000000,3855
2017-09-20T09:15:00+05:30,1768.750000,1775.950000,1768.000000,1775.950000,178
2017-09-20T09:30:00+05:30,1775.950000,1776.000000,1772.650000,1775.900000,134
2017-09-20T09:45:00+05:30,1775.900000,1776.450000,1771.550000,1774.500000,64
2017-09-20T10:00:00+05:30,1774.500000,1774.550000,1772.000000,1772.000000,91
2017-09-20T10:15:00+05:30,1772.000000,1774.400000,1767.050000,1772.800000,190
2017-09-20T10:30:00+05:30,1772.800000,1774.100000,1768.750000,1769.950000,106
2017-09-20T10:45:00+05:30,1769.950000,1769.950000,1765.150000,1769.150000,112
2017-09-20T11:00:00+05:30,1769.150000,1772.950000,1766.000000,1772.950000,108
2017-09-20T11:15:00+05:30,1772.950000,1772.950000,1765.550000,1772.850000,160
2017-09-20T11:30:00+05:30,1772.850000,1772.850000,1767.000000,1767.000000,216
2017-09-20T11:45:00+05:30,1767.000000,1770.450000,1767.000000,1768.000000,47
2017-09-20T12:00:00+05:30,1768.000000,1770.600000,1768.000000,1770.450000,46
2017-09-20T12:15:00+05:30,1770.450000,1772.550000,1765.250000,1765.250000,237
2017-09-20T12:30:00+05:30,1765.150000,1767.250000,1765.000000,1767.050000,183
2017-09-20T12:45:00+05:30,1767.050000,1767.250000,1763.000000,1763.000000,150
2017-09-20T13:00:00+05:30,1763.000000,1767.000000,1763.000000,1767.000000,161
2017-09-20T13:15:00+05:30,1767.000000,1767.000000,1763.200000,1763.250000,71
2017-09-20T13:30:00+05:30,1763.250000,1765.950000,1763.000000,1765.000000,263
2017-09-20T13:45:00+05:30,1765.000000,1765.000000,1763.650000,1764.000000,30
2017-09-20T14:00:00+05:30,1764.000000,1765.500000,1764.000000,1765.500000,113
2017-09-20T14:15:00+05:30,1765.500000,1765.600000,1764.250000,1764.500000,126
2017-09-20T14:30:00+05:30,1764.500000,1766.950000,1762.050000,1766.900000,74
2017-09-20T14:45:00+05:30,1766.900000,1771.450000,1763.500000,1771.450000,398
2017-09-20T15:00:00+05:30,1773.800000,1774.000000,1769.950000,1772.600000,4093
2017-09-20T15:15:00+05:30,1772.600000,1772.600000,1762.000000,1762.400000,2127
2017-09-21T09:15:00+05:30,1772.750000,1773.500000,1768.550000,1768.550000,143
2017-09-21T09:30:00+05:30,1768.550000,1773.400000,1768.550000,1773.400000,82
2017-09-21T09:45:00+05:30,1773.400000,1774.950000,1768.550000,1768.550000,155
2017-09-21T10:00:00+05:30,1768.550000,1770.000000,1768.550000,1770.000000,15
2017-09-21T10:15:00+05:30,1770.000000,1770.000000,1766.000000,1767.000000,217
2017-09-21T10:30:00+05:30,1767.000000,1770.000000,1765.600000,1765.600000,53
2017-09-21T10:45:00+05:30,1765.600000,1772.750000,1765.000000,1769.950000,189
2017-09-21T11:00:00+05:30,1769.950000,1770.850000,1768.600000,1768.600000,8
2017-09-21T11:15:00+05:30,1768.600000,1770.850000,1767.100000,1770.000000,27
2017-09-21T11:30:00+05:30,1770.000000,1774.450000,1770.000000,1770.000000,91
2017-09-21T11:45:00+05:30,1770.000000,1775.000000,1767.000000,1772.900000,489
2017-09-21T12:00:00+05:30,1772.900000,1774.000000,1768.600000,1768.600000,130
2017-09-21T12:15:00+05:30,1768.600000,1774.750000,1768.600000,1772.500000,219
2017-09-21T12:30:00+05:30,1772.500000,1774.500000,1772.050000,1772.050000,161
2017-09-21T12:45:00+05:30,1772.050000,1774.250000,1772.050000,1772.050000,78
2017-09-21T13:00:00+05:30,1772.050000,1772.050000,1765.050000,1765.100000,395
2017-09-21T13:15:00+05:30,1765.100000,1771.450000,1765.100000,1769.000000,65
2017-09-21T13:30:00+05:30,1769.000000,1769.000000,1766.200000,1766.250000,129
2017-09-21T13:45:00+05:30,1766.250000,1770.300000,1766.200000,1766.300000,191
2017-09-21T14:00:00+05:30,1766.300000,1770.900000,1766.000000,1766.000000,136
2017-09-21T14:15:00+05:30,1766.000000,1770.750000,1765.500000,1770.750000,823
2017-09-21T14:30:00+05:30,1770.750000,1770.750000,1765.650000,1766.050000,96
2017-09-21T14:45:00+05:30,1769.950000,1771.450000,1766.150000,1768.050000,253
2017-09-21T15:00:00+05:30,1768.050000,1773.750000,1762.050000,1762.350000,461
2017-09-21T15:15:00+05:30,1769.150000,1769.900000,1757.000000,1758.000000,3367
2017-09-22T09:15:00+05:30,1771.800000,1771.800000,1762.000000,1764.950000,253
2017-09-22T09:30:00+05:30,1764.950000,1766.950000,1763.700000,1766.900000,63
2017-09-22T09:45:00+05:30,1766.900000,1766.900000,1762.550000,1762.550000,92
2017-09-22T10:00:00+05:30,1762.550000,1766.750000,1755.000000,1755.000000,175
2017-09-22T10:15:00+05:30,1755.000000,1757.950000,1748.000000,1749.950000,488
2017-09-22T10:30:00+05:30,1749.950000,1749.950000,1744.000000,1745.150000,154
2017-09-22T10:45:00+05:30,1745.150000,1750.000000,1745.000000,1745.000000,478
2017-09-22T11:00:00+05:30,1745.000000,1748.850000,1742.000000,1748.500000,240
2017-09-22T11:15:00+05:30,1748.500000,1749.900000,1747.000000,1747.000000,265
2017-09-22T11:30:00+05:30,1747.000000,1747.000000,1724.000000,1738.000000,2543
2017-09-22T11:45:00+05:30,1738.000000,1738.000000,1737.800000,1738.000000,26
2017-09-22T12:00:00+05:30,1738.000000,1738.000000,1735.200000,1738.000000,44
2017-09-22T12:15:00+05:30,1738.000000,1738.050000,1737.900000,1738.000000,46
2017-09-22T12:30:00+05:30,1738.000000,1740.000000,1736.900000,1738.050000,432
2017-09-22T12:45:00+05:30,1738.050000,1740.000000,1734.000000,1734.000000,740
2017-09-22T13:00:00+05:30,1734.000000,1737.950000,1733.000000,1733.000000,58
2017-09-22T13:15:00+05:30,1733.000000,1737.950000,1733.000000,1737.000000,52
2017-09-22T13:30:00+05:30,1737.500000,1740.000000,1737.500000,1740.000000,128
2017-09-22T13:45:00+05:30,1740.000000,1740.000000,1737.050000,1737.050000,33
2017-09-22T14:00:00+05:30,1737.050000,1739.600000,1734.950000,1736.950000,117
2017-09-22T14:15:00+05:30,1736.950000,1736.950000,1733.050000,1736.650000,82
2017-09-22T14:30:00+05:30,1736.650000,1736.800000,1730.000000,1730.000000,853
2017-09-22T14:45:00+05:30,1730.000000,1735.400000,1730.000000,1733.500000,114
2017-09-22T15:00:00+05:30,1733.500000,1736.000000,1731.250000,1731.300000,245
2017-09-22T15:15:00+05:30,1731.300000,1750.000000,1730.000000,1746.000000,2557
2017-09-25T09:15:00+05:30,1760.400000,1760.400000,1725.000000,1730.000000,221
2017-09-25T09:30:00+05:30,1730.000000,1730.000000,1721.050000,1730.000000,265
2017-09-25T09:45:00+05:30,1730.000000,1732.050000,1728.000000,1731.900000,188
2017-09-25T10:00:00+05:30,1731.900000,1735.250000,1728.150000,1728.150000,28
2017-09-25T10:15:00+05:30,1728.150000,1735.000000,1728.150000,1731.750000,85
2017-09-25T10:30:00+05:30,1731.750000,1731.750000,1728.350000,1728.350000,45
2017-09-25T10:45:00+05:30,1728.400000,1729.650000,1728.400000,1729.500000,34
2017-09-25T11:00:00+05:30,1729.500000,1730.000000,1728.050000,1728.450000,56
2017-09-25T11:15:00+05:30,1728.450000,1729.500000,1728.450000,1729.250000,6
2017-09-25T11:30:00+05:30,1729.250000,1729.250000,1721.000000,1726.350000,336
2017-09-25T11:45:00+05:30,1726.350000,1726.350000,1720.550000,1725.950000,22
2017-09-25T12:00:00+05:30,1725.950000,1727.550000,1725.950000,1727.550000,10
2017-09-25T12:15:00+05:30,1727.550000,1727.550000,1725.100000,1727.000000,76
2017-09-25T12:30:00+05:30,1727.000000,1727.000000,1722.050000,1726.250000,65
2017-09-25T12:45:00+05:30,1722.000000,1725.900000,1722.000000,1725.600000,30
2017-09-25T13:00:00+05:30,1725.600000,1726.150000,1721.250000,1726.150000,50
2017-09-25T13:15:00+05:30,1726.150000,1727.550000,1722.000000,1726.000000,94
2017-09-25T13:30:00+05:30,1726.000000,1727.550000,1721.300000,1726.500000,512
2017-09-25T13:45:00+05:30,1726.500000,1726.700000,1721.400000,1725.850000,92
2017-09-25T14:00:00+05:30,1725.850000,1726.450000,1722.500000,1724.700000,11
2017-09-25T14:15:00+05:30,1724.700000,1727.000000,1723.000000,1726.250000,62
2017-09-25T14:30:00+05:30,1726.100000,1727.500000,1725.000000,1725.000000,101
2017-09-25T14:45:00+05:30,1725.000000,1727.550000,1723.350000,1727.550000,233
2017-09-25T15:00:00+05:30,1727.550000,1737.000000,1725.000000,1733.950000,1286
2017-09-25T15:15:00+05:30,1733.950000,1796.850000,1732.050000,1770.750000,2924
2017-09-26T09:15:00+05:30,1760.050000,1762.950000,1753.550000,1759.200000,78
2017-09-26T09:30:00+05:30,1759.200000,1760.000000,1755.500000,1759.500000,122
2017-09-26T09:45:00+05:30,1759.500000,1759.500000,1755.150000,1758.950000,21
2017-09-26T10:00:00+05:30,1758.950000,1758.950000,1754.200000,1758.850000,43
2017-09-26T10:15:00+05:30,1758.850000,1759.000000,1745.600000,1747.950000,257
2017-09-26T10:30:00+05:30,1747.950000,1750.000000,1745.400000,1746.250000,24
2017-09-26T10:45:00+05:30,1746.250000,1749.950000,1746.250000,1749.850000,25
2017-09-26T11:00:00+05:30,1749.850000,1749.900000,1746.250000,1749.850000,5
2017-09-26T11:15:00+05:30,1749.850000,1749.850000,1746.250000,1749.850000,29
2017-09-26T11:30:00+05:30,1749.850000,1749.850000,1744.150000,1749.650000,107
2017-09-26T11:45:00+05:30,1749.650000,1749.650000,1742.400000,1749.600000,117
2017-09-26T12:00:00+05:30,1749.600000,1749.650000,1747.050000,1747.050000,25
2017-09-26T12:15:00+05:30,1747.050000,1750.000000,1745.550000,1748.250000,478
2017-09-26T12:30:00+05:30,1748.250000,1748.250000,1748.250000,1748.250000,0
2017-09-26T12:45:00+05:30,1748.250000,1748.850000,1745.150000,1746.300000,53
2017-09-26T13:00:00+05:30,1746.300000,1746.300000,1745.100000,1745.100000,18
2017-09-26T13:15:00+05:30,1745.100000,1749.450000,1745.000000,1749.450000,146
2017-09-26T13:30:00+05:30,1749.450000,1749.450000,1746.100000,1748.950000,6
2017-09-26T13:45:00+05:30,1748.950000,1749.450000,1748.950000,1749.000000,29
2017-09-26T14:00:00+05:30,1749.000000,1749.000000,1748.950000,1748.950000,45
2017-09-26T14:15:00+05:30,1748.950000,1748.950000,1748.100000,1748.950000,67
2017-09-26T14:30:00+05:30,1748.950000,1749.000000,1748.950000,1749.000000,93
2017-09-26T14:45:00+05:30,1749.000000,1750.000000,1745.350000,1749.000000,1147
2017-09-26T15:00:00+05:30,1749.950000,1750.000000,1747.000000,1748.000000,667
2017-09-26T15:15:00+05:30,1748.000000,1750.000000,1742.500000,1750.000000,3691
2017-09-27T09:15:00+05:30,1764.500000,1764.500000,1740.250000,1749.050000,134
2017-09-27T09:30:00+05:30,1749.050000,1751.750000,1743.000000,1743.000000,46
2017-09-27T09:45:00+05:30,1743.000000,1746.950000,1740.250000,1745.950000,96
2017-09-27T10:00:00+05:30,1745.950000,1745.950000,1740.200000,1745.000000,59
2017-09-27T10:15:00+05:30,1745.000000,1745.000000,1741.400000,1741.400000,10
2017-09-27T10:30:00+05:30,1741.400000,1744.000000,1740.250000,1740.250000,62
2017-09-27T10:45:00+05:30,1740.250000,1744.400000,1740.200000,1740.200000,37
2017-09-27T11:00:00+05:30,1740.200000,1743.950000,1740.200000,1743.700000,18
2017-09-27T11:15:00+05:30,1743.700000,1743.900000,1740.300000,1740.300000,44
2017-09-27T11:30:00+05:30,1740.300000,1743.950000,1740.000000,1743.950000,49
2017-09-27T11:45:00+05:30,1743.950000,1743.950000,1740.000000,1740.000000,11
2017-09-27T12:00:00+05:30,1740.000000,1743.950000,1740.000000,1743.950000,4
2017-09-27T12:15:00+05:30,1743.950000,1744.000000,1743.950000,1744.000000,30
2017-09-27T12:30:00+05:30,1744.000000,1744.900000,1740.500000,1742.400000,35
2017-09-27T12:45:00+05:30,1742.400000,1743.000000,1741.050000,1741.500000,58
2017-09-27T13:00:00+05:30,1741.500000,1742.950000,1741.050000,1741.050000,32
2017-09-27T13:15:00+05:30,1741.050000,1744.450000,1741.050000,1744.450000,256
2017-09-27T13:30:00+05:30,1744.450000,1744.450000,1741.250000,1743.500000,48
2017-09-27T13:45:00+05:30,1743.500000,1743.500000,1735.050000,1735.350000,219
2017-09-27T14:00:00+05:30,1735.350000,1735.350000,1731.000000,1732.050000,133
2017-09-27T14:15:00+05:30,1732.050000,1735.450000,1730.250000,1732.050000,583
2017-09-27T14:30:00+05:30,1732.050000,1732.050000,1730.000000,1730.150000,130
2017-09-27T14:45:00+05:30,1730.150000,1731.950000,1726.650000,1731.950000,291
2017-09-27T15:00:00+05:30,1731.950000,1738.950000,1721.100000,1734.000000,1431
2017-09-27T15:15:00+05:30,1735.900000,1750.000000,1733.650000,1745.000000,2930
2017-09-28T09:15:00+05:30,1725.700000,1739.000000,1725.700000,1734.750000,81
2017-09-28T09:30:00+05:30,1734.750000,1736.850000,1734.000000,1736.850000,77
2017-09-28T09:45:00+05:30,1736.850000,1738.400000,1734.100000,1738.400000,52
2017-09-28T10:00:00+05:30,1738.400000,1749.850000,1738.400000,1749.850000,51
2017-09-28T10:15:00+05:30,1749.850000,1749.850000,1743.000000,1747.150000,36
2017-09-28T10:30:00+05:30,1747.150000,1747.350000,1737.050000,1746.600000,74
2017-09-28T10:45:00+05:30,1746.600000,1747.350000,1732.550000,1744.450000,138
2017-09-28T11:00:00+05:30,1744.450000,1747.000000,1744.000000,1747.000000,32
2017-09-28T11:15:00+05:30,1747.000000,1747.000000,1741.000000,1744.300000,17
2017-09-28T11:30:00+05:30,1743.050000,1743.050000,1740.100000,1740.100000,15
2017-09-28T11:45:00+05:30,1740.100000,1740.100000,1740.050000,1740.100000,20
2017-09-28T12:00:00+05:30,1740.000000,1740.000000,1737.150000,1737.150000,12
2017-09-28T12:15:00+05:30,1735.650000,1739.950000,1722.350000,1726.050000,862
2017-09-28T12:30:00+05:30,1726.050000,1727.950000,1716.000000,1718.900000,1002
2017-09-28T12:45:00+05:30,1717.100000,1722.950000,1716.050000,1716.500000,450
2017-09-28T13:00:00+05:30,1716.500000,1718.950000,1711.900000,1712.150000,403
2017-09-28T13:15:00+05:30,1712.150000,1717.050000,1712.050000,1716.250000,265
2017-09-28T13:30:00+05:30,1716.250000,1720.000000,1715.000000,1715.550000,240
2017-09-28T13:45:00+05:30,1715.600000,1721.000000,1714.050000,1717.800000,362
2017-09-28T14:00:00+05:30,1717.800000,1721.900000,1715.700000,1719.000000,387
2017-09-28T14:15:00+05:30,1719.000000,1728.850000,1716.550000,1721.800000,516
2017-09-28T14:30:00+05:30,1721.800000,1728.900000,1721.800000,1723.000000,279
2017-09-28T14:45:00+05:30,1723.000000,1724.950000,1716.600000,1723.700000,323
2017-09-28T15:00:00+05:30,1727.900000,1760.050000,1722.000000,1748.000000,8500
2017-09-28T15:15:00+05:30,1749.750000,1821.450000,1744.300000,1782.000000,12760
2017-09-29T09:15:00+05:30,1755.150000,1770.000000,1755.150000,1767.050000,90
2017-09-29T09:30:00+05:30,1767.050000,1790.000000,1766.850000,1787.000000,231
2017-09-29T09:45:00+05:30,1787.000000,1787.000000,1766.850000,1768.000000,260
2017-09-29T10:00:00+05:30,1769.050000,1772.050000,1765.000000,1765.000000,163
2017-09-29T10:15:00+05:30,1765.000000,1768.400000,1765.000000,1768.400000,17
2017-09-29T10:30:00+05:30,1768.400000,1770.000000,1760.000000,1766.900000,196
2017-09-29T10:45:00+05:30,1766.900000,1766.900000,1762.600000,1764.100000,7
2017-09-29T11:00:00+05:30,1764.100000,1775.600000,1762.600000,1775.600000,133
2017-09-29T11:15:00+05:30,1778.750000,1778.750000,1770.000000,1776.550000,110
2017-09-29T11:30:00+05:30,1776.550000,1776.550000,1765.500000,1765.500000,294
2017-09-29T11:45:00+05:30,1765.500000,1771.350000,1765.500000,1771.350000,13
2017-09-29T12:00:00+05:30,1771.350000,1771.350000,1768.000000,1769.950000,27
2017-09-29T12:15:00+05:30,1769.950000,1769.950000,1769.950000,1769.950000,0
2017-09-29T12:30:00+05:30,1769.950000,1770.000000,1766.000000,1766.000000,58
2017-09-29T12:45:00+05:30,1766.000000,1775.000000,1766.000000,1772.000000,139
2017-09-29T13:00:00+05:30,1772.000000,1777.000000,1772.000000,1772.000000,414
2017-09-29T13:15:00+05:30,1772.000000,1778.750000,1772.000000,1778.750000,28
2017-09-29T13:30:00+05:30,1778.750000,1780.000000,1774.050000,1774.600000,563
2017-09-29T13:45:00+05:30,1774.600000,1777.950000,1774.600000,1775.000000,16
2017-09-29T14:00:00+05:30,1775.000000,1782.650000,1773.500000,1780.000000,410
2017-09-29T14:15:00+05:30,1780.000000,1780.000000,1775.000000,1775.000000,89
2017-09-29T14:30:00+05:30,1775.000000,1780.400000,1771.000000,1777.150000,241
2017-09-29T14:45:00+05:30,1777.150000,1777.150000,1762.500000,1767.900000,577
2017-09-29T15:00:00+05:30,1767.900000,1819.800000,1767.900000,1797.150000,3821
2017-09-29T15:15:00+05:30,1797.150000,1841.050000,1793.400000,1836.000000,9125
2017-10-03T09:15:00+05:30,1830.000000,1830.000000,1795.400000,1805.700000,253
2017-10-03T09:30:00+05:30,1805.700000,1815.600000,1800.650000,1815.600000,84
2017-10-03T09:45:00+05:30,1815.600000,1819.900000,1815.600000,1816.600000,76
2017-10-03T10:00:00+05:30,1816.600000,1822.450000,1814.650000,1818.150000,88
2017-10-03T10:15:00+05:30,1818.150000,1818.150000,1806.050000,1813.400000,50
2017-10-03T10:30:00+05:30,1813.400000,1814.900000,1810.000000,1810.000000,81
2017-10-03T10:45:00+05:30,1810.000000,1812.750000,1808.000000,1808.000000,68
2017-10-03T11:00:00+05:30,1808.000000,1813.450000,1806.050000,1806.050000,86
2017-10-03T11:15:00+05:30,1806.050000,1808.850000,1804.600000,1804.600000,11
2017-10-03T11:30:00+05:30,1804.600000,1808.900000,1802.500000,1802.500000,200
2017-10-03T11:45:00+05:30,1802.500000,1808.900000,1802.500000,1808.900000,16
2017-10-03T12:00:00+05:30,1808.900000,1809.950000,1808.900000,1809.950000,10
2017-10-03T12:15:00+05:30,1809.950000,1809.950000,1805.000000,1805.000000,114
2017-10-03T12:30:00+05:30,1796.000000,1805.950000,1796.000000,1805.950000,362
2017-10-03T12:45:00+05:30,1804.000000,1804.000000,1799.800000,1799.800000,64
2017-10-03T13:00:00+05:30,1799.800000,1799.900000,1792.000000,1797.000000,121
2017-10-03T13:15:00+05:30,1797.000000,1797.000000,1792.100000,1792.100000,50
2017-10-03T13:30:00+05:30,1793.300000,1798.450000,1793.300000,1798.450000,9
2017-10-03T13:45:00+05:30,1798.450000,1799.900000,1795.050000,1798.950000,29
2017-10-03T14:00:00+05:30,1798.950000,1798.950000,1796.000000,1798.400000,163
2017-10-03T14:15:00+05:30,1796.100000,1799.000000,1796.000000,1799.000000,29
2017-10-03T14:30:00+05:30,1799.000000,1808.850000,1799.000000,1808.700000,327
2017-10-03T14:45:00+05:30,1808.700000,1808.900000,1797.150000,1799.950000,278
2017-10-03T15:00:00+05:30,1799.950000,1809.000000,1798.100000,1799.900000,1175
2017-10-03T15:15:00+05:30,1799.900000,1801.000000,1786.150000,1789.000000,2035
2017-10-04T09:15:00+05:30,1816.900000,1816.900000,1798.000000,1800.000000,97
2017-10-04T09:30:00+05:30,1800.000000,1800.000000,1797.000000,1797.000000,96
2017-10-04T09:45:00+05:30,1797.000000,1800.000000,1794.000000,1800.000000,78
2017-10-04T10:00:00+05:30,1800.000000,1805.000000,1798.350000,1802.850000,80
2017-10-04T10:15:00+05:30,1802.850000,1803.000000,1800.050000,1800.050000,56
2017-10-04T10:30:00+05:30,1800.050000,1801.400000,1799.300000,1799.300000,7
2017-10-04T10:45:00+05:30,1799.000000,1799.000000,1789.800000,1790.000000,67
2017-10-04T11:00:00+05:30,1790.000000,1795.600000,1790.000000,1794.950000,3
2017-10-04T11:15:00+05:30,1794.950000,1795.000000,1793.100000,1793.100000,92
2017-10-04T11:30:00+05:30,1793.100000,1795.650000,1793.100000,1795.650000,18
2017-10-04T11:45:00+05:30,1795.650000,1798.000000,1795.000000,1798.000000,76
2017-10-04T12:00:00+05:30,1798.000000,1800.000000,1795.000000,1795.000000,112
2017-10-04T12:15:00+05:30,1795.000000,1795.000000,1794.700000,1794.700000,55
2017-10-04T12:30:00+05:30,1794.700000,1795.000000,1794.700000,1794.700000,21
2017-10-04T12:45:00+05:30,1794.700000,1794.950000,1790.000000,1794.950000,36
2017-10-04T13:00:00+05:30,1794.950000,1794.950000,1791.250000,1794.900000,10
2017-10-04T13:15:00+05:30,1794.900000,1795.000000,1794.900000,1795.000000,38
2017-10-04T13:30:00+05:30,1795.000000,1795.000000,1792.000000,1795.000000,35
2017-10-04T13:45:00+05:30,1795.000000,1801.000000,1795.000000,1799.450000,49
2017-10-04T14:00:00+05:30,1799.450000,1803.200000,1799.450000,1801.000000,61
2017-10-04T14:15:00+05:30,1801.000000,1803.000000,1796.000000,1798.550000,83
2017-10-04T14:30:00+05:30,1798.550000,1803.900000,1797.000000,1800.950000,213
2017-10-04T14:45:00+05:30,1800.950000,1813.000000,1798.950000,1811.600000,268
2017-10-04T15:00:00+05:30,1811.600000,1811.600000,1802.000000,1809.100000,168
2017-10-04T15:15:00+05:30,1809.100000,1811.000000,1801.050000,1801.300000,701
2017-10-05T09:15:00+05:30,1791.000000,1803.000000,1791.000000,1800.050000,52
2017-10-05T09:30:00+05:30,1800.050000,1805.900000,1800.000000,1800.000000,96
2017-10-05T09:45:00+05:30,1800.000000,1808.400000,1800.000000,1808.400000,10
2017-10-05T10:00:00+05:30,1808.400000,1808.400000,1803.100000,1807.000000,99
2017-10-05T10:15:00+05:30,1807.000000,1807.000000,1800.050000,1800.050000,35
2017-10-05T10:30:00+05:30,1800.050000,1800.050000,1800.000000,1800.000000,54
2017-10-05T10:45:00+05:30,1800.000000,1800.000000,1800.000000,1800.000000,35
2017-10-05T11:00:00+05:30,1800.000000,1800.000000,1795.050000,1795.050000,29
2017-10-05T11:15:00+05:30,1795.050000,1796.950000,1795.050000,1796.950000,2
2017-10-05T11:30:00+05:30,1796.950000,1798.000000,1796.950000,1797.500000,15
2017-10-05T11:45:00+05:30,1797.500000,1797.500000,1797.500000,1797.500000,35
2017-10-05T12:00:00+05:30,1797.500000,1799.850000,1797.000000,1799.850000,63
2017-10-05T12:15:00+05:30,1799.850000,1799.850000,1797.000000,1797.000000,6
2017-10-05T12:30:00+05:30,1797.000000,1797.000000,1793.550000,1793.550000,70
2017-10-05T12:45:00+05:30,1793.550000,1796.900000,1793.550000,1796.900000,150
2017-10-05T13:00:00+05:30,1796.900000,1796.900000,1794.000000,1796.850000,11
2017-10-05T13:15:00+05:30,1796.850000,1796.850000,1796.850000,1796.850000,20
2017-10-05T13:30:00+05:30,1796.850000,1796.850000,1792.000000,1794.900000,111
2017-10-05T13:45:00+05:30,1794.900000,1795.000000,1792.700000,1792.700000,140
2017-10-05T14:00:00+05:30,1792.700000,1794.000000,1792.700000,1794.000000,39
2017-10-05T14:15:00+05:30,1794.000000,1795.450000,1791.000000,1795.450000,522
2017-10-05T14:30:00+05:30,1795.450000,1796.000000,1791.250000,1791.550000,196
2017-10-05T14:45:00+05:30,1791.550000,1796.000000,1791.550000,1796.000000,43
2017-10-05T15:00:00+05:30,1796.000000,1796.700000,1785.500000,1786.000000,290
2017-10-05T15:15:00+05:30,1786.000000,1793.950000,1780.050000,1780.050000,929
2017-10-06T09:15:00+05:30,1798.550000,1798.550000,1787.050000,1789.050000,71
2017-10-06T09:30:00+05:30,1789.050000,1793.000000,1786.150000,1786.750000,91
2017-10-06T09:45:00+05:30,1786.750000,1792.000000,1786.750000,1792.000000,40
2017-10-06T10:00:00+05:30,1792.000000,1792.000000,1781.300000,1785.650000,84
2017-10-06T10:15:00+05:30,1785.650000,1792.900000,1776.550000,1792.900000,490
2017-10-06T10:30:00+05:30,1792.900000,1804.900000,1788.050000,1789.000000,347
2017-10-06T10:45:00+05:30,1789.000000,1795.400000,1789.000000,1789.000000,75
2017-10-06T11:00:00+05:30,1789.000000,1789.000000,1776.050000,1778.450000,643
2017-10-06T11:15:00+05:30,1778.450000,1779.750000,1777.000000,1777.700000,271
2017-10-06T11:30:00+05:30,1777.700000,1778.950000,1774.650000,1775.050000,205
2017-10-06T11:45:00+05:30,1775.050000,1778.850000,1774.250000,1774.250000,67
2017-10-06T12:00:00+05:30,1774.250000,1780.000000,1774.250000,1778.500000,191
2017-10-06T12:15:00+05:30,1778.500000,1780.200000,1778.500000,1780.200000,212
2017-10-06T12:30:00+05:30,1780.200000,1780.200000,1777.900000,1777.900000,4
2017-10-06T12:45:00+05:30,1777.900000,1780.400000,1776.650000,1780.400000,4
2017-10-06T13:00:00+05:30,1780.400000,1780.400000,1776.100000,1776.100000,24
2017-10-06T13:15:00+05:30,1776.100000,1778.850000,1776.100000,1778.850000,2
2017-10-06T13:30:00+05:30,1778.850000,1778.850000,1776.100000,1776.100000,7
2017-10-06T13:45:00+05:30,1776.100000,1777.900000,1776.100000,1777.000000,55
2017-10-06T14:00:00+05:30,1777.000000,1778.000000,1776.000000,1776.000000,26
2017-10-06T14:15:00+05:30,1776.000000,1780.000000,1776.000000,1780.000000,71
2017-10-06T14:30:00+05:30,1780.000000,1780.000000,1776.050000,1779.750000,93
2017-10-06T14:45:00+05:30,1779.750000,1779.800000,1778.000000,1778.000000,16
2017-10-06T15:00:00+05:30,1778.000000,1780.000000,1776.000000,1779.600000,634
2017-10-06T15:15:00+05:30,1779.600000,1780.000000,1771.000000,1771.750000,1690
2017-10-09T09:15:00+05:30,1784.950000,1784.950000,1767.100000,1774.200000,175
2017-10-09T09:30:00+05:30,1774.200000,1774.200000,1770.000000,1770.000000,189
2017-10-09T09:45:00+05:30,1770.000000,1777.450000,1769.550000,1774.600000,114
2017-10-09T10:00:00+05:30,1774.600000,1777.700000,1773.650000,1774.600000,15
2017-10-09T10:15:00+05:30,1774.600000,1774.600000,1774.550000,1774.550000,27
2017-10-09T10:30:00+05:30,1770.000000,1774.550000,1765.150000,1774.550000,4132
2017-10-09T10:45:00+05:30,1774.550000,1778.650000,1772.000000,1778.600000,48
2017-10-09T11:00:00+05:30,1778.600000,1778.600000,1773.050000,1776.750000,13
2017-10-09T11:15:00+05:30,1776.750000,1776.800000,1771.600000,1771.600000,40
2017-10-09T11:30:00+05:30,1771.600000,1774.450000,1771.600000,1774.450000,33
2017-10-09T11:45:00+05:30,1774.450000,1774.450000,1770.150000,1771.000000,144
2017-10-09T12:00:00+05:30,1771.000000,1771.000000,1767.000000,1768.950000,98
2017-10-09T12:15:00+05:30,1768.950000,1769.000000,1768.950000,1769.000000,27
2017-10-09T12:30:00+05:30,1769.000000,1769.000000,1769.000000,1769.000000,20
2017-10-09T12:45:00+05:30,1769.000000,1769.800000,1769.000000,1769.800000,13
2017-10-09T13:00:00+05:30,1769.800000,1769.800000,1767.250000,1767.250000,20
2017-10-09T13:15:00+05:30,1767.250000,1767.350000,1767.250000,1767.350000,1
2017-10-09T13:30:00+05:30,1767.350000,1767.350000,1767.350000,1767.350000,5
2017-10-09T13:45:00+05:30,1767.350000,1769.800000,1767.250000,1767.250000,363
2017-10-09T14:00:00+05:30,1767.250000,1767.250000,1767.000000,1767.000000,19
2017-10-09T14:15:00+05:30,1767.000000,1769.800000,1767.000000,1769.800000,26
2017-10-09T14:30:00+05:30,1768.950000,1769.950000,1768.950000,1769.950000,30
2017-10-09T14:45:00+05:30,1769.950000,1769.950000,1761.150000,1761.150000,329
2017-10-09T15:00:00+05:30,1761.150000,1768.950000,1761.150000,1768.900000,98
2017-10-09T15:15:00+05:30,1768.900000,1768.900000,1751.300000,1751.300000,1350
2017-10-10T09:15:00+05:30,1770.950000,1770.950000,1753.550000,1760.000000,124
2017-10-10T09:30:00+05:30,1760.000000,1763.600000,1757.100000,1762.300000,154
2017-10-10T09:45:00+05:30,1762.300000,1762.300000,1758.050000,1758.500000,47
2017-10-10T10:00:00+05:30,1758.500000,1760.900000,1753.000000,1753.000000,125
2017-10-10T10:15:00+05:30,1753.000000,1756.000000,1753.000000,1756.000000,19
2017-10-10T10:30:00+05:30,1756.000000,1756.000000,1753.050000,1753.050000,98
2017-10-10T10:45:00+05:30,1753.050000,1754.100000,1753.000000,1753.000000,27
2017-10-10T11:00:00+05:30,1753.000000,1757.150000,1753.000000,1755.000000,97
2017-10-10T11:15:00+05:30,1755.000000,1757.750000,1750.550000,1757.750000,158
2017-10-10T11:30:00+05:30,1757.750000,1757.750000,1757.400000,1757.400000,20
2017-10-10T11:45:00+05:30,1757.400000,1757.400000,1751.000000,1751.550000,178
2017-10-10T12:00:00+05:30,1751.550000,1757.200000,1751.550000,1757.200000,16
2017-10-10T12:15:00+05:30,1757.200000,1757.200000,1746.100000,1748.000000,862
2017-10-10T12:30:00+05:30,1746.000000,1750.000000,1745.000000,1748.000000,301
2017-10-10T12:45:00+05:30,1748.000000,1750.000000,1748.000000,1750.000000,134
2017-10-10T13:00:00+05:30,1750.000000,1750.000000,1750.000000,1750.000000,138
2017-10-10T13:15:00+05:30,1750.000000,1750.000000,1748.950000,1748.950000,292
2017-10-10T13:30:00+05:30,1748.950000,1750.000000,1748.950000,1750.000000,100
2017-10-10T13:45:00+05:30,1750.000000,1750.000000,1737.050000,1747.950000,441
2017-10-10T14:00:00+05:30,1747.950000,1748.800000,1745.000000,1746.050000,52
2017-10-10T14:15:00+05:30,1746.050000,1746.050000,1745.000000,1745.000000,155
2017-10-10T14:30:00+05:30,1745.000000,1748.800000,1740.000000,1740.000000,222
2017-10-10T14:45:00+05:30,1749.750000,1749.750000,1737.100000,1740.000000,464
2017-10-10T15:00:00+05:30,1740.000000,1743.200000,1738.300000,1738.300000,90
2017-10-10T15:15:00+05:30,1739.700000,1740.000000,1735.000000,1737.400000,1977
2017-10-11T09:15:00+05:30,1782.000000,1782.000000,1742.000000,1751.000000,264
2017-10-11T09:30:00+05:30,1751.000000,1754.900000,1745.000000,1745.000000,106
2017-10-11T09:45:00+05:30,1745.000000,1751.950000,1745.000000,1747.000000,20
2017-10-11T10:00:00+05:30,1747.000000,1752.400000,1745.000000,1752.400000,68
2017-10-11T10:15:00+05:30,1752.400000,1752.400000,1752.400000,1752.400000,0
2017-10-11T10:30:00+05:30,1752.400000,1753.000000,1749.950000,1749.950000,138
2017-10-11T10:45:00+05:30,1749.950000,1754.200000,1749.950000,1753.400000,76
2017-10-11T11:00:00+05:30,1753.400000,1753.400000,1746.050000,1746.050000,66
2017-10-11T11:15:00+05:30,1746.050000,1750.000000,1746.050000,1749.950000,20
2017-10-11T11:30:00+05:30,1749.950000,1749.950000,1742.200000,1742.200000,207
2017-10-11T11:45:00+05:30,1742.200000,1744.900000,1726.700000,1726.700000,520
2017-10-11T12:00:00+05:30,1726.250000,1774.100000,1722.000000,1729.050000,5827
2017-10-11T12:15:00+05:30,1729.050000,1762.300000,1724.050000,1727.550000,9901
2017-10-11T12:30:00+05:30,1727.550000,1730.000000,1725.250000,1728.000000,1056
2017-10-11T12:45:00+05:30,1728.000000,1731.000000,1719.050000,1725.200000,1710
2017-10-11T13:00:00+05:30,1725.200000,1734.000000,1722.000000,1725.250000,1140
2017-10-11T13:15:00+05:30,1725.250000,1728.000000,1720.200000,1720.250000,768
2017-10-11T13:30:00+05:30,1720.250000,1723.850000,1715.000000,1718.000000,1144
2017-10-11T13:45:00+05:30,1718.000000,1721.950000,1715.500000,1716.450000,764
2017-10-11T14:00:00+05:30,1716.450000,1729.050000,1716.450000,1724.950000,526
2017-10-11T14:15:00+05:30,1724.950000,1730.000000,1720.000000,1720.000000,321
2017-10-11T14:30:00+05:30,1720.000000,1724.800000,1718.450000,1724.000000,242
2017-10-11T14:45:00+05:30,1724.000000,1725.950000,1718.000000,1720.000000,177
2017-10-11T15:00:00+05:30,1720.000000,1721.550000,1715.100000,1719.700000,536
2017-10-11T15:15:00+05:30,1719.700000,1738.000000,1709.000000,1710.000000,3245
2017-10-12T09:15:00+05:30,1715.000000,1729.950000,1715.000000,1718.500000,1291
2017-10-12T09:30:00+05:30,1718.500000,1721.850000,1715.050000,1719.050000,127
2017-10-12T09:45:00+05:30,1719.050000,1719.050000,1715.950000,1719.000000,43
2017-10-12T10:00:00+05:30,1719.000000,1719.000000,1716.050000,1716.950000,91
2017-10-12T10:15:00+05:30,1716.950000,1718.900000,1716.900000,1718.000000,106
2017-10-12T10:30:00+05:30,1718.000000,1719.950000,1716.900000,1716.950000,57
2017-10-12T10:45:00+05:30,1716.950000,1719.750000,1716.950000,1717.050000,36
2017-10-12T11:00:00+05:30,1717.050000,1719.900000,1717.050000,1719.000000,143
2017-10-12T11:15:00+05:30,1719.000000,1719.000000,1719.000000,1719.000000,0
2017-10-12T11:30:00+05:30,1719.000000,1719.750000,1716.000000,1719.750000,153
2017-10-12T11:45:00+05:30,1719.750000,1720.000000,1716.000000,1720.000000,176
2017-10-12T12:00:00+05:30,1720.000000,1720.000000,1716.250000,1716.250000,6
2017-10-12T12:15:00+05:30,1716.250000,1720.000000,1716.200000,1720.000000,20
2017-10-12T12:30:00+05:30,1720.000000,1725.000000,1717.250000,1720.000000,239
2017-10-12T12:45:00+05:30,1720.000000,1720.000000,1718.050000,1718.050000,14
2017-10-12T13:00:00+05:30,1718.050000,1720.000000,1718.000000,1718.000000,99
2017-10-12T13:15:00+05:30,1718.000000,1720.000000,1718.000000,1720.000000,28
2017-10-12T13:30:00+05:30,1721.000000,1721.000000,1718.000000,1721.000000,75
2017-10-12T13:45:00+05:30,1721.000000,1721.000000,1709.600000,1715.250000,1399
2017-10-12T14:00:00+05:30,1715.250000,1721.900000,1715.250000,1721.900000,226
2017-10-12T14:15:00+05:30,1721.900000,1721.900000,1710.000000,1719.000000,169
2017-10-12T14:30:00+05:30,1719.000000,1719.000000,1716.100000,1719.000000,12
2017-10-12T14:45:00+05:30,1719.000000,1719.000000,1704.900000,1706.000000,2335
2017-10-12T15:00:00+05:30,1706.000000,1708.500000,1698.000000,1700.000000,2121
2017-10-12T15:15:00+05:30,1700.000000,1774.000000,1699.950000,1743.150000,8655
2017-10-13T09:15:00+05:30,1735.000000,1742.500000,1731.100000,1732.550000,317
2017-10-13T09:30:00+05:30,1732.550000,1739.950000,1725.150000,1725.600000,301
2017-10-13T09:45:00+05:30,1727.100000,1730.900000,1725.600000,1725.650000,201
2017-10-13T10:00:00+05:30,1725.650000,1729.450000,1722.150000,1724.000000,168
2017-10-13T10:15:00+05:30,1724.000000,1727.900000,1721.000000,1723.000000,218
2017-10-13T10:30:00+05:30,1723.000000,1724.900000,1721.200000,1723.650000,209
2017-10-13T10:45:00+05:30,1723.650000,1726.400000,1721.050000,1721.100000,171
2017-10-13T11:00:00+05:30,1721.100000,1723.400000,1721.000000,1723.000000,182
2017-10-13T11:15:00+05:30,1723.000000,1723.750000,1717.650000,1717.700000,265
2017-10-13T11:30:00+05:30,1717.700000,1724.850000,1717.350000,1717.350000,179
2017-10-13T11:45:00+05:30,1717.350000,1723.000000,1717.350000,1717.350000,300
2017-10-13T12:00:00+05:30,1717.350000,1718.750000,1715.100000,1715.100000,151
2017-10-13T12:15:00+05:30,1715.100000,1721.100000,1715.100000,1721.100000,262
2017-10-13T12:30:00+05:30,1721.100000,1723.450000,1716.500000,1716.550000,174
2017-10-13T12:45:00+05:30,1716.550000,1722.050000,1715.150000,1716.000000,243
2017-10-13T13:00:00+05:30,1716.000000,1718.950000,1715.150000,1715.150000,205
2017-10-13T13:15:00+05:30,1715.150000,1728.800000,1715.100000,1716.100000,211
2017-10-13T13:30:00+05:30,1716.100000,1719.950000,1716.100000,1716.500000,162
2017-10-13T13:45:00+05:30,1716.500000,1725.000000,1716.100000,1721.000000,393
2017-10-13T14:00:00+05:30,1721.000000,1728.900000,1721.000000,1722.550000,264
2017-10-13T14:15:00+05:30,1722.550000,1725.000000,1717.000000,1719.750000,284
2017-10-13T14:30:00+05:30,1719.750000,1730.000000,1719.750000,1729.950000,822
2017-10-13T14:45:00+05:30,1729.950000,1737.950000,1725.600000,1730.100000,586
2017-10-13T15:00:00+05:30,1730.100000,1737.700000,1730.100000,1731.150000,690
2017-10-13T15:15:00+05:30,1731.150000,1749.400000,1731.100000,1733.400000,5151
2017-10-16T09:15:00+05:30,1730.900000,1739.350000,1730.150000,1735.000000,132
2017-10-16T09:30:00+05:30,1735.000000,1738.450000,1732.350000,1732.650000,256
2017-10-16T09:45:00+05:30,1732.650000,1737.800000,1732.350000,1732.350000,251
2017-10-16T10:00:00+05:30,1732.350000,1736.000000,1732.350000,1732.350000,100
2017-10-16T10:15:00+05:30,1732.350000,1738.350000,1732.350000,1738.000000,378
2017-10-16T10:30:00+05:30,1738.000000,1738.300000,1728.000000,1735.000000,645
2017-10-16T10:45:00+05:30,1735.000000,1735.950000,1722.000000,1722.050000,488
2017-10-16T11:00:00+05:30,1722.050000,1726.950000,1722.050000,1726.050000,378
2017-10-16T11:15:00+05:30,1726.050000,1726.950000,1722.050000,1723.050000,11822
2017-10-16T11:30:00+05:30,1723.050000,1725.900000,1722.000000,1722.000000,306
2017-10-16T11:45:00+05:30,1722.000000,1723.450000,1717.950000,1717.950000,487
2017-10-16T12:00:00+05:30,1717.950000,1721.950000,1717.200000,1717.600000,315
2017-10-16T12:15:00+05:30,1717.600000,1723.500000,1717.100000,1718.050000,331
2017-10-16T12:30:00+05:30,1718.050000,1720.000000,1717.050000,1717.050000,365
2017-10-16T12:45:00+05:30,1717.050000,1719.950000,1715.050000,1715.200000,519
2017-10-16T13:00:00+05:30,1715.200000,1723.000000,1715.200000,1721.250000,432
2017-10-16T13:15:00+05:30,1721.250000,1729.400000,1720.100000,1720.150000,363
2017-10-16T13:30:00+05:30,1720.150000,1727.850000,1720.000000,1720.100000,390
2017-10-16T13:45:00+05:30,1720.100000,1725.950000,1720.000000,1720.000000,552
2017-10-16T14:00:00+05:30,1720.000000,1724.800000,1720.000000,1721.000000,312
2017-10-16T14:15:00+05:30,1721.000000,1729.000000,1720.500000,1722.700000,346
2017-10-16T14:30:00+05:30,1722.700000,1727.900000,1722.200000,1724.000000,281
2017-10-16T14:45:00+05:30,1724.000000,1726.000000,1723.000000,1723.000000,383
2017-10-16T15:00:00+05:30,1723.000000,1738.800000,1722.900000,1731.400000,1045
2017-10-16T15:15:00+05:30,1731.400000,1755.000000,1723.750000,1733.200000,4495
2017-10-17T09:15:00+05:30,1728.800000,1730.050000,1722.100000,1723.400000,269
2017-10-17T09:30:00+05:30,1723.400000,1728.000000,1723.400000,1724.150000,166
2017-10-17T09:45:00+05:30,1724.150000,1726.400000,1720.000000,1725.000000,792
2017-10-17T10:00:00+05:30,1725.000000,1726.350000,1722.050000,1722.050000,302
2017-10-17T10:15:00+05:30,1722.050000,1725.500000,1720.600000,1722.500000,122
2017-10-17T10:30:00+05:30,1722.500000,1724.900000,1721.000000,1722.350000,520
2017-10-17T10:45:00+05:30,1722.350000,1724.950000,1722.050000,1722.750000,343
2017-10-17T11:00:00+05:30,1722.750000,1724.050000,1722.100000,1722.300000,295
2017-10-17T11:15:00+05:30,1722.300000,1724.750000,1722.000000,1724.750000,292
2017-10-17T11:30:00+05:30,1724.750000,1725.000000,1721.100000,1721.750000,127
2017-10-17T11:45:00+05:30,1721.750000,1724.900000,1720.050000,1723.400000,272
2017-10-17T12:00:00+05:30,1723.400000,1724.950000,1722.100000,1722.250000,148
2017-10-17T12:15:00+05:30,1722.250000,1724.000000,1722.100000,1723.000000,203
2017-10-17T12:30:00+05:30,1723.000000,1723.000000,1720.150000,1720.150000,148
2017-10-17T12:45:00+05:30,1720.150000,1722.100000,1720.150000,1722.100000,108
2017-10-17T13:00:00+05:30,1722.100000,1725.650000,1722.100000,1722.200000,190
2017-10-17T13:15:00+05:30,1722.200000,1724.800000,1722.150000,1722.250000,208
2017-10-17T13:30:00+05:30,1722.250000,1726.200000,1721.050000,1721.050000,134
2017-10-17T13:45:00+05:30,1721.050000,1729.000000,1721.050000,1722.500000,289
2017-10-17T14:00:00+05:30,1722.500000,1724.900000,1722.500000,1722.650000,344
2017-10-17T14:15:00+05:30,1722.650000,1727.850000,1722.650000,1724.100000,212
2017-10-17T14:30:00+05:30,1724.100000,1727.000000,1723.150000,1726.000000,303
2017-10-17T14:45:00+05:30,1726.000000,1727.450000,1723.150000,1723.200000,625
2017-10-17T15:00:00+05:30,1723.200000,1725.000000,1720.200000,1720.950000,703
2017-10-17T15:15:00+05:30,1720.950000,1720.950000,1711.000000,1714.700000,2273
2017-10-18T09:15:00+05:30,1715.000000,1715.000000,1708.100000,1711.400000,446
2017-10-18T09:30:00+05:30,1711.400000,1724.750000,1709.000000,1714.400000,288
2017-10-18T09:45:00+05:30,1714.800000,1716.950000,1710.800000,1713.000000,344
2017-10-18T10:00:00+05:30,1713.000000,1717.000000,1713.000000,1713.200000,198
2017-10-18T10:15:00+05:30,1713.150000,1715.850000,1713.000000,1715.000000,189
2017-10-18T10:30:00+05:30,1714.800000,1716.000000,1713.000000,1715.100000,120
2017-10-18T10:45:00+05:30,1713.400000,1715.850000,1713.000000,1713.100000,228
2017-10-18T11:00:00+05:30,1713.000000,1714.200000,1713.000000,1713.100000,132
2017-10-18T11:15:00+05:30,1713.000000,1714.750000,1713.000000,1713.000000,208
2017-10-18T11:30:00+05:30,1713.000000,1714.600000,1713.000000,1714.000000,224
2017-10-18T11:45:00+05:30,1714.000000,1714.450000,1713.100000,1713.400000,100
2017-10-18T12:00:00+05:30,1713.400000,1714.450000,1713.100000,1713.100000,135
2017-10-18T12:15:00+05:30,1713.100000,1715.500000,1711.650000,1715.500000,225
2017-10-18T12:30:00+05:30,1715.500000,1716.400000,1712.150000,1715.000000,139
2017-10-18T12:45:00+05:30,1715.000000,1715.050000,1711.600000,1711.800000,135
2017-10-18T13:00:00+05:30,1711.800000,1713.500000,1711.800000,1713.500000,93
2017-10-18T13:15:00+05:30,1713.600000,1714.100000,1711.000000,1712.000000,236
2017-10-18T13:30:00+05:30,1712.000000,1715.350000,1711.100000,1715.350000,290
2017-10-18T13:45:00+05:30,1715.100000,1720.200000,1715.100000,1716.300000,230
2017-10-18T14:00:00+05:30,1716.200000,1716.500000,1715.050000,1715.200000,122
2017-10-18T14:15:00+05:30,1715.200000,1715.850000,1712.350000,1715.800000,149
2017-10-18T14:30:00+05:30,1715.800000,1715.800000,1713.150000,1714.000000,181
2017-10-18T14:45:00+05:30,1714.000000,1715.350000,1712.350000,1714.100000,193
2017-10-18T15:00:00+05:30,1714.100000,1717.000000,1712.450000,1712.900000,651
2017-10-18T15:15:00+05:30,1712.900000,1729.000000,1712.000000,1716.000000,3589
2017-10-19T18:30:00+05:30,1724.750000,1725.000000,1714.900000,1719.950000,412
2017-10-19T18:45:00+05:30,1719.950000,1725.000000,1716.350000,1720.650000,524
2017-10-19T19:00:00+05:30,1720.650000,1724.450000,1720.500000,1722.950000,215
2017-10-19T19:15:00+05:30,1722.950000,1723.000000,1718.000000,1723.000000,461
2017-10-23T09:30:00+05:30,1720.050000,1723.000000,1720.000000,1720.000000,41
2017-10-23T09:45:00+05:30,1720.000000,1723.000000,1716.150000,1723.000000,164
2017-10-23T10:00:00+05:30,1723.000000,1723.000000,1717.050000,1717.050000,16
2017-10-23T10:15:00+05:30,1717.050000,1719.000000,1717.000000,1717.000000,42
2017-10-23T10:30:00+05:30,1717.000000,1719.000000,1712.250000,1712.250000,350
2017-10-23T10:45:00+05:30,1712.250000,1716.000000,1712.000000,1714.500000,227
2017-10-23T11:00:00+05:30,1715.000000,1717.400000,1715.000000,1717.400000,44
2017-10-23T11:15:00+05:30,1717.400000,1717.400000,1713.050000,1715.850000,30
2017-10-23T11:30:00+05:30,1715.850000,1716.900000,1712.000000,1716.900000,42
2017-10-23T11:45:00+05:30,1716.900000,1718.550000,1713.800000,1714.000000,60
2017-10-23T12:00:00+05:30,1712.000000,1718.900000,1712.000000,1713.300000,375
2017-10-23T12:15:00+05:30,1713.300000,1717.400000,1712.450000,1713.500000,100
2017-10-23T12:30:00+05:30,1713.500000,1726.450000,1713.500000,1721.250000,212
2017-10-23T12:45:00+05:30,1721.250000,1725.000000,1718.000000,1718.000000,172
2017-10-23T13:00:00+05:30,1718.000000,1720.000000,1712.200000,1715.900000,127
2017-10-23T13:15:00+05:30,1715.900000,1721.750000,1715.900000,1717.550000,89
2017-10-23T13:30:00+05:30,1717.550000,1720.400000,1716.550000,1720.400000,11
2017-10-23T13:45:00+05:30,1720.400000,1720.400000,1716.300000,1716.300000,21
2017-10-23T14:00:00+05:30,1716.300000,1720.400000,1715.000000,1715.000000,101
2017-10-23T14:15:00+05:30,1715.000000,1718.350000,1715.000000,1716.050000,14
2017-10-23T14:30:00+05:30,1716.050000,1721.000000,1715.000000,1718.250000,39
2017-10-23T14:45:00+05:30,1718.250000,1721.000000,1715.150000,1720.300000,311
2017-10-23T15:00:00+05:30,1720.300000,1725.000000,1719.150000,1724.000000,927
2017-10-23T15:15:00+05:30,1724.000000,1734.000000,1715.000000,1719.000000,2991
2017-10-24T09:15:00+05:30,1714.150000,1723.950000,1714.050000,1720.400000,58
2017-10-24T09:30:00+05:30,1720.400000,1720.400000,1718.150000,1718.550000,6
2017-10-24T09:45:00+05:30,1718.550000,1721.200000,1718.550000,1721.200000,25
2017-10-24T10:00:00+05:30,1721.200000,1721.200000,1719.000000,1719.000000,51
2017-10-24T10:15:00+05:30,1719.000000,1719.950000,1715.050000,1717.750000,123
2017-10-24T10:30:00+05:30,1717.750000,1720.250000,1717.750000,1720.250000,5
2017-10-24T10:45:00+05:30,1720.250000,1720.250000,1717.550000,1717.550000,4
2017-10-24T11:00:00+05:30,1717.550000,1719.950000,1714.050000,1718.350000,234
2017-10-24T11:15:00+05:30,1718.350000,1722.350000,1715.250000,1717.850000,112
2017-10-24T11:30:00+05:30,1717.850000,1717.850000,1717.000000,1717.000000,29
2017-10-24T11:45:00+05:30,1717.000000,1717.000000,1715.200000,1716.950000,383
2017-10-24T12:00:00+05:30,1716.950000,1717.000000,1715.250000,1716.850000,37
2017-10-24T12:15:00+05:30,1716.850000,1717.000000,1714.000000,1715.800000,338
2017-10-24T12:30:00+05:30,1713.500000,1717.050000,1713.500000,1716.950000,161
2017-10-24T12:45:00+05:30,1716.950000,1717.000000,1712.500000,1712.600000,161
2017-10-24T13:00:00+05:30,1712.600000,1716.700000,1712.600000,1716.650000,39
2017-10-24T13:15:00+05:30,1716.650000,1716.650000,1713.600000,1715.800000,165
2017-10-24T13:30:00+05:30,1714.200000,1715.950000,1713.350000,1715.650000,168
2017-10-24T13:45:00+05:30,1715.650000,1717.050000,1715.650000,1717.000000,193
2017-10-24T14:00:00+05:30,1713.400000,1716.950000,1713.350000,1715.850000,76
2017-10-24T14:15:00+05:30,1715.850000,1717.000000,1713.350000,1716.750000,138
2017-10-24T14:30:00+05:30,1716.750000,1717.000000,1716.000000,1716.950000,234
2017-10-24T14:45:00+05:30,1716.950000,1722.300000,1715.150000,1720.000000,414
2017-10-24T15:00:00+05:30,1720.000000,1729.450000,1718.100000,1724.150000,1031
2017-10-24T15:15:00+05:30,1724.150000,1768.800000,1720.150000,1750.000000,4772
2017-10-25T09:15:00+05:30,1752.050000,1756.450000,1740.100000,1749.950000,145
2017-10-25T09:30:00+05:30,1749.950000,1749.950000,1724.650000,1738.800000,417
2017-10-25T09:45:00+05:30,1738.800000,1739.950000,1734.800000,1739.850000,95
2017-10-25T10:00:00+05:30,1739.850000,1744.950000,1735.700000,1744.900000,152
2017-10-25T10:15:00+05:30,1744.950000,1745.750000,1740.100000,1741.950000,114
2017-10-25T10:30:00+05:30,1741.950000,1744.950000,1735.850000,1744.900000,446
2017-10-25T10:45:00+05:30,1744.900000,1744.950000,1739.000000,1744.950000,114
2017-10-25T11:00:00+05:30,1744.950000,1744.950000,1741.900000,1741.900000,94
2017-10-25T11:15:00+05:30,1741.900000,1745.000000,1741.900000,1744.850000,58
2017-10-25T11:30:00+05:30,1745.000000,1756.950000,1745.000000,1745.700000,391
2017-10-25T11:45:00+05:30,1745.700000,1754.750000,1745.700000,1754.750000,224
2017-10-25T12:00:00+05:30,1754.750000,1776.000000,1750.000000,1760.000000,688
2017-10-25T12:15:00+05:30,1760.000000,1763.500000,1746.900000,1751.700000,295
2017-10-25T12:30:00+05:30,1751.700000,1754.650000,1751.700000,1754.650000,47
2017-10-25T12:45:00+05:30,1754.650000,1754.700000,1745.000000,1752.950000,227
2017-10-25T13:00:00+05:30,1752.950000,1753.000000,1743.000000,1743.000000,89
2017-10-25T13:15:00+05:30,1743.000000,1743.100000,1741.050000,1741.050000,97
2017-10-25T13:30:00+05:30,1741.050000,1746.000000,1739.050000,1740.000000,192
2017-10-25T13:45:00+05:30,1740.000000,1742.350000,1740.000000,1742.200000,103
2017-10-25T14:00:00+05:30,1742.500000,1748.950000,1742.500000,1748.550000,68
2017-10-25T14:15:00+05:30,1748.550000,1750.000000,1747.250000,1748.950000,45
2017-10-25T14:30:00+05:30,1748.950000,1749.000000,1747.300000,1747.400000,5
2017-10-25T14:45:00+05:30,1747.400000,1747.400000,1735.250000,1737.950000,821
2017-10-25T15:00:00+05:30,1737.950000,1740.000000,1732.450000,1736.800000,764
2017-10-25T15:15:00+05:30,1736.800000,1754.400000,1730.000000,1730.000000,7225
2017-10-26T09:15:00+05:30,1731.000000,1738.450000,1720.100000,1725.050000,320
2017-10-26T09:30:00+05:30,1725.050000,1730.400000,1724.550000,1730.400000,83
2017-10-26T09:45:00+05:30,1730.400000,1733.000000,1729.000000,1733.000000,410
2017-10-26T10:00:00+05:30,1733.000000,1733.000000,1729.000000,1729.000000,187
2017-10-26T10:15:00+05:30,1729.000000,1731.000000,1729.000000,1729.000000,63
2017-10-26T10:30:00+05:30,1729.000000,1729.000000,1729.000000,1729.000000,100
2017-10-26T10:45:00+05:30,1729.000000,1741.400000,1729.000000,1740.000000,217
2017-10-26T11:00:00+05:30,1740.000000,1740.000000,1733.000000,1736.900000,6
2017-10-26T11:15:00+05:30,1736.900000,1736.900000,1733.000000,1733.000000,17
2017-10-26T11:30:00+05:30,1733.000000,1735.050000,1733.000000,1734.100000,54
2017-10-26T11:45:00+05:30,1736.900000,1736.900000,1733.000000,1733.000000,15
2017-10-26T12:00:00+05:30,1733.000000,1734.900000,1731.100000,1734.900000,71
2017-10-26T12:15:00+05:30,1734.900000,1736.900000,1732.000000,1735.050000,72
2017-10-26T12:30:00+05:30,1735.050000,1735.050000,1733.050000,1735.000000,8
2017-10-26T12:45:00+05:30,1735.050000,1741.800000,1735.000000,1741.800000,274
2017-10-26T13:00:00+05:30,1741.800000,1760.000000,1741.800000,1755.000000,847
2017-10-26T13:15:00+05:30,1755.000000,1756.000000,1755.000000,1756.000000,260
2017-10-26T13:30:00+05:30,1755.000000,1755.000000,1749.000000,1750.000000,410
2017-10-26T13:45:00+05:30,1750.000000,1750.000000,1747.550000,1747.550000,35
2017-10-26T14:00:00+05:30,1751.950000,1753.050000,1751.950000,1753.050000,43
2017-10-26T14:15:00+05:30,1753.050000,1754.900000,1750.000000,1750.000000,155
2017-10-26T14:30:00+05:30,1750.000000,1757.700000,1746.150000,1748.000000,586
2017-10-26T14:45:00+05:30,1748.000000,1749.500000,1748.000000,1749.500000,49
2017-10-26T15:00:00+05:30,1749.500000,1749.500000,1738.000000,1738.000000,637
2017-10-26T15:15:00+05:30,1738.000000,1760.000000,1738.000000,1741.000000,5232
2017-10-27T09:15:00+05:30,1750.050000,1752.000000,1750.050000,1752.000000,21
2017-10-27T09:30:00+05:30,1752.000000,1752.000000,1750.000000,1750.000000,22
2017-10-27T09:45:00+05:30,1749.000000,1750.000000,1744.550000,1744.550000,98
2017-10-27T10:00:00+05:30,1744.550000,1744.550000,1735.150000,1740.050000,166
2017-10-27T10:15:00+05:30,1740.050000,1748.950000,1740.050000,1748.950000,25
2017-10-27T10:30:00+05:30,1748.950000,1748.950000,1744.600000,1744.600000,10
2017-10-27T10:45:00+05:30,1744.600000,1748.950000,1743.050000,1748.950000,47
2017-10-27T11:00:00+05:30,1748.950000,1748.950000,1748.950000,1748.950000,0
2017-10-27T11:15:00+05:30,1748.950000,1748.950000,1742.000000,1742.000000,53
2017-10-27T11:30:00+05:30,1742.000000,1742.050000,1742.000000,1742.050000,2
2017-10-27T11:45:00+05:30,1742.050000,1745.000000,1742.000000,1745.000000,201
2017-10-27T12:00:00+05:30,1745.000000,1745.000000,1745.000000,1745.000000,5
2017-10-27T12:15:00+05:30,1749.900000,1750.000000,1745.000000,1745.000000,195
2017-10-27T12:30:00+05:30,1745.000000,1750.000000,1745.000000,1750.000000,50
2017-10-27T12:45:00+05:30,1750.000000,1750.000000,1745.000000,1745.000000,151
2017-10-27T13:00:00+05:30,1745.000000,1745.000000,1745.000000,1745.000000,0
2017-10-27T13:15:00+05:30,1745.000000,1759.050000,1745.000000,1758.950000,432
2017-10-27T13:30:00+05:30,1758.950000,1758.950000,1746.150000,1746.500000,347
2017-10-27T13:45:00+05:30,1746.500000,1746.500000,1744.600000,1744.600000,217
2017-10-27T14:00:00+05:30,1744.600000,1744.600000,1742.000000,1743.500000,23
2017-10-27T14:15:00+05:30,1743.500000,1743.800000,1742.300000,1742.300000,15
2017-10-27T14:30:00+05:30,1742.300000,1745.000000,1742.050000,1745.000000,507
2017-10-27T14:45:00+05:30,1745.000000,1745.000000,1740.000000,1745.000000,407
2017-10-27T15:00:00+05:30,1745.000000,1745.000000,1739.050000,1745.000000,649
2017-10-27T15:15:00+05:30,1745.000000,1750.000000,1741.550000,1749.900000,3405
2017-10-30T09:15:00+05:30,1747.150000,1756.300000,1747.000000,1750.000000,140
2017-10-30T09:30:00+05:30,1750.000000,1755.000000,1750.000000,1755.000000,66
2017-10-30T09:45:00+05:30,1755.000000,1755.000000,1753.600000,1755.000000,42
2017-10-30T10:00:00+05:30,1755.000000,1756.000000,1752.050000,1752.100000,129
2017-10-30T10:15:00+05:30,1752.100000,1755.800000,1750.000000,1755.800000,152
2017-10-30T10:30:00+05:30,1755.800000,1755.800000,1750.550000,1754.850000,58
2017-10-30T10:45:00+05:30,1754.850000,1755.800000,1752.700000,1754.850000,103
2017-10-30T11:00:00+05:30,1755.500000,1758.900000,1754.300000,1758.900000,380
2017-10-30T11:15:00+05:30,1758.900000,1758.950000,1749.950000,1756.950000,303
2017-10-30T11:30:00+05:30,1756.950000,1756.950000,1749.000000,1750.000000,330
2017-10-30T11:45:00+05:30,1750.000000,1750.000000,1747.000000,1749.950000,122
2017-10-30T12:00:00+05:30,1749.950000,1754.900000,1749.950000,1753.750000,210
2017-10-30T12:15:00+05:30,1753.750000,1754.950000,1750.000000,1751.750000,53
2017-10-30T12:30:00+05:30,1751.750000,1754.000000,1749.500000,1749.500000,467
2017-10-30T12:45:00+05:30,1749.500000,1749.900000,1745.000000,1749.800000,77
2017-10-30T13:00:00+05:30,1749.800000,1749.800000,1745.000000,1747.000000,128
2017-10-30T13:15:00+05:30,1747.000000,1749.800000,1747.000000,1749.700000,65
2017-10-30T13:30:00+05:30,1749.700000,1750.000000,1741.500000,1749.700000,135
2017-10-30T13:45:00+05:30,1749.700000,1749.950000,1747.000000,1747.950000,185
2017-10-30T14:00:00+05:30,1747.950000,1747.950000,1739.950000,1746.700000,531
2017-10-30T14:15:00+05:30,1746.700000,1748.000000,1741.600000,1748.000000,57
2017-10-30T14:30:00+05:30,1748.000000,1748.000000,1740.050000,1745.850000,294
2017-10-30T14:45:00+05:30,1745.850000,1747.950000,1740.400000,1747.950000,159
2017-10-30T15:00:00+05:30,1747.950000,1750.000000,1747.700000,1749.750000,465
2017-10-30T15:15:00+05:30,1749.700000,1750.000000,1745.000000,1745.000000,2065
2017-10-31T09:15:00+05:30,1736.000000,1750.000000,1736.000000,1745.000000,118
2017-10-31T09:30:00+05:30,1745.000000,1748.000000,1744.400000,1744.400000,92
2017-10-31T09:45:00+05:30,1744.400000,1749.450000,1744.400000,1744.450000,202
2017-10-31T10:00:00+05:30,1744.450000,1750.000000,1744.400000,1750.000000,104
2017-10-31T10:15:00+05:30,1750.000000,1750.000000,1744.550000,1750.000000,93
2017-10-31T10:30:00+05:30,1750.000000,1750.000000,1747.450000,1747.450000,52
2017-10-31T10:45:00+05:30,1747.450000,1747.450000,1747.000000,1747.000000,51
2017-10-31T11:00:00+05:30,1747.000000,1750.000000,1744.000000,1744.000000,122
2017-10-31T11:15:00+05:30,1744.000000,1748.950000,1740.600000,1745.000000,100
2017-10-31T11:30:00+05:30,1745.000000,1755.000000,1745.000000,1755.000000,140
2017-10-31T11:45:00+05:30,1755.000000,1755.000000,1747.000000,1747.000000,68
2017-10-31T12:00:00+05:30,1747.000000,1747.000000,1747.000000,1747.000000,0
2017-10-31T12:15:00+05:30,1747.000000,1752.250000,1736.900000,1739.650000,562
2017-10-31T12:30:00+05:30,1739.700000,1740.000000,1733.000000,1734.000000,462
2017-10-31T12:45:00+05:30,1734.050000,1740.000000,1734.050000,1740.000000,111
2017-10-31T13:00:00+05:30,1740.000000,1750.100000,1735.000000,1740.550000,792
2017-10-31T13:15:00+05:30,1740.550000,1747.450000,1736.000000,1741.550000,533
2017-10-31T13:30:00+05:30,1741.550000,1741.550000,1741.550000,1741.550000,0
2017-10-31T13:45:00+05:30,1741.550000,1744.350000,1741.550000,1741.550000,4
2017-10-31T14:00:00+05:30,1741.550000,1741.550000,1738.650000,1741.350000,11
2017-10-31T14:15:00+05:30,1741.350000,1741.350000,1738.700000,1738.750000,8
2017-10-31T14:30:00+05:30,1738.750000,1742.800000,1734.950000,1740.000000,934
2017-10-31T14:45:00+05:30,1740.000000,1740.000000,1732.450000,1734.300000,305
2017-10-31T15:00:00+05:30,1734.300000,1735.000000,1728.050000,1730.050000,1083
2017-10-31T15:15:00+05:30,1730.050000,1744.900000,1722.000000,1725.000000,5033
2017-11-01T09:15:00+05:30,1739.850000,1740.000000,1733.000000,1738.350000,139
2017-11-01T09:30:00+05:30,1738.350000,1749.850000,1738.350000,1748.000000,386
2017-11-01T09:45:00+05:30,1748.000000,1750.000000,1745.000000,1746.050000,169
2017-11-01T10:00:00+05:30,1746.050000,1750.000000,1746.000000,1750.000000,138
2017-11-01T10:15:00+05:30,1750.000000,1750.000000,1747.600000,1748.000000,107
2017-11-01T10:30:00+05:30,1748.000000,1748.950000,1744.550000,1748.950000,26
2017-11-01T10:45:00+05:30,1748.950000,1749.950000,1743.000000,1743.050000,162
2017-11-01T11:00:00+05:30,1743.050000,1747.450000,1742.750000,1747.450000,169
2017-11-01T11:15:00+05:30,1747.900000,1747.900000,1741.000000,1745.150000,114
2017-11-01T11:30:00+05:30,1745.150000,1745.150000,1741.600000,1741.600000,53
2017-11-01T11:45:00+05:30,1741.600000,1744.750000,1740.050000,1744.450000,186
2017-11-01T12:00:00+05:30,1744.450000,1745.150000,1744.400000,1745.150000,36
2017-11-01T12:15:00+05:30,1745.150000,1747.000000,1744.300000,1747.000000,50
2017-11-01T12:30:00+05:30,1747.000000,1747.000000,1743.000000,1743.000000,141
2017-11-01T12:45:00+05:30,1743.000000,1743.000000,1740.100000,1740.200000,73
2017-11-01T13:00:00+05:30,1740.200000,1742.950000,1740.200000,1742.950000,7
2017-11-01T13:15:00+05:30,1742.950000,1743.000000,1738.550000,1738.550000,25
2017-11-01T13:30:00+05:30,1738.550000,1746.400000,1738.550000,1740.200000,227
2017-11-01T13:45:00+05:30,1740.200000,1744.400000,1740.200000,1744.400000,52
2017-11-01T14:00:00+05:30,1744.400000,1750.000000,1743.200000,1744.900000,561
2017-11-01T14:15:00+05:30,1744.900000,1744.900000,1740.200000,1744.900000,64
2017-11-01T14:30:00+05:30,1744.950000,1745.000000,1739.000000,1740.200000,260
2017-11-01T14:45:00+05:30,1740.200000,1741.950000,1739.950000,1740.000000,38
2017-11-01T15:00:00+05:30,1740.000000,1750.000000,1739.150000,1745.100000,803
2017-11-01T15:15:00+05:30,1745.100000,1774.000000,1742.000000,1773.950000,4937
2017-11-02T09:15:00+05:30,1742.300000,1759.900000,1742.300000,1757.950000,212
2017-11-02T09:30:00+05:30,1755.100000,1774.000000,1755.100000,1774.000000,914
2017-11-02T09:45:00+05:30,1773.300000,1776.650000,1770.000000,1770.050000,1142
2017-11-02T10:00:00+05:30,1770.050000,1774.000000,1767.500000,1770.200000,368
2017-11-02T10:15:00+05:30,1770.200000,1773.000000,1770.150000,1771.000000,88
2017-11-02T10:30:00+05:30,1772.000000,1774.000000,1771.000000,1773.000000,68
2017-11-02T10:45:00+05:30,1774.000000,1776.850000,1772.000000,1773.000000,285
2017-11-02T11:00:00+05:30,1772.950000,1773.000000,1771.450000,1772.900000,62
2017-11-02T11:15:00+05:30,1771.650000,1772.900000,1770.000000,1770.000000,158
2017-11-02T11:30:00+05:30,1770.000000,1774.650000,1767.500000,1773.350000,584
2017-11-02T11:45:00+05:30,1773.350000,1773.350000,1765.000000,1765.000000,196
2017-11-02T12:00:00+05:30,1765.000000,1765.000000,1755.200000,1760.000000,1164
2017-11-02T12:15:00+05:30,1760.000000,1760.000000,1757.800000,1760.000000,219
2017-11-02T12:30:00+05:30,1760.000000,1760.000000,1758.100000,1760.000000,54
2017-11-02T12:45:00+05:30,1760.000000,1760.000000,1755.000000,1755.000000,648
2017-11-02T13:00:00+05:30,1755.000000,1759.000000,1750.050000,1759.000000,99
2017-11-02T13:15:00+05:30,1759.000000,1759.000000,1759.000000,1759.000000,100
2017-11-02T13:30:00+05:30,1755.100000,1758.950000,1755.000000,1755.000000,607
2017-11-02T13:45:00+05:30,1755.000000,1755.000000,1751.050000,1755.000000,207
2017-11-02T14:00:00+05:30,1755.000000,1760.600000,1755.000000,1759.950000,614
2017-11-02T14:15:00+05:30,1759.950000,1759.950000,1759.000000,1759.000000,8
2017-11-02T14:30:00+05:30,1759.000000,1759.000000,1758.050000,1758.050000,8
2017-11-02T14:45:00+05:30,1758.050000,1760.000000,1758.050000,1759.950000,297
2017-11-02T15:00:00+05:30,1759.950000,1760.000000,1755.050000,1757.350000,543
2017-11-02T15:15:00+05:30,1757.350000,1775.000000,1756.000000,1770.000000,5583
2017-11-03T09:15:00+05:30,1766.900000,1776.000000,1762.650000,1764.000000,97
2017-11-03T09:30:00+05:30,1764.000000,1767.100000,1761.100000,1767.100000,74
2017-11-03T09:45:00+05:30,1760.350000,1762.300000,1756.550000,1759.950000,97
2017-11-03T10:00:00+05:30,1759.950000,1762.350000,1759.900000,1762.350000,192
2017-11-03T10:15:00+05:30,1762.350000,1762.350000,1752.050000,1760.000000,154
2017-11-03T10:30:00+05:30,1760.000000,1766.950000,1760.000000,1766.950000,16
2017-11-03T10:45:00+05:30,1762.550000,1769.950000,1762.550000,1763.000000,67
2017-11-03T11:00:00+05:30,1763.000000,1763.000000,1751.550000,1751.550000,218
2017-11-03T11:15:00+05:30,1751.550000,1760.000000,1751.550000,1760.000000,79
2017-11-03T11:30:00+05:30,1760.000000,1760.000000,1753.000000,1753.000000,343
2017-11-03T11:45:00+05:30,1753.000000,1755.000000,1753.000000,1755.000000,241
2017-11-03T12:00:00+05:30,1762.450000,1764.850000,1762.450000,1763.300000,54
2017-11-03T12:15:00+05:30,1763.300000,1763.300000,1756.550000,1756.550000,67
2017-11-03T12:30:00+05:30,1756.550000,1758.100000,1755.150000,1757.950000,190
2017-11-03T12:45:00+05:30,1757.950000,1757.950000,1751.850000,1757.950000,178
2017-11-03T13:00:00+05:30,1757.950000,1760.000000,1755.000000,1760.000000,363
2017-11-03T13:15:00+05:30,1760.000000,1761.000000,1760.000000,1761.000000,45
2017-11-03T13:30:00+05:30,1761.000000,1765.450000,1761.000000,1765.450000,166
2017-11-03T13:45:00+05:30,1765.450000,1765.450000,1762.000000,1764.500000,51
2017-11-03T14:00:00+05:30,1764.500000,1764.500000,1760.000000,1764.500000,213
2017-11-03T14:15:00+05:30,1764.500000,1764.500000,1764.500000,1764.500000,0
2017-11-03T14:30:00+05:30,1764.500000,1764.500000,1760.000000,1760.000000,120
2017-11-03T14:45:00+05:30,1756.650000,1760.000000,1755.100000,1759.300000,1211
2017-11-03T15:00:00+05:30,1759.300000,1760.000000,1742.700000,1749.900000,1321
2017-11-03T15:15:00+05:30,1748.050000,1750.000000,1745.500000,1750.000000,4590
2017-11-06T09:15:00+05:30,1740.000000,1761.900000,1740.000000,1750.100000,267
2017-11-06T09:30:00+05:30,1750.100000,1753.300000,1750.000000,1750.000000,270
2017-11-06T09:45:00+05:30,1750.000000,1750.000000,1747.950000,1749.950000,78
2017-11-06T10:00:00+05:30,1749.950000,1750.000000,1745.300000,1748.850000,233
2017-11-06T10:15:00+05:30,1748.850000,1750.000000,1744.000000,1749.100000,406
2017-11-06T10:30:00+05:30,1749.000000,1749.150000,1746.100000,1749.150000,542
2017-11-06T10:45:00+05:30,1749.150000,1749.150000,1746.200000,1746.200000,4
2017-11-06T11:00:00+05:30,1746.200000,1750.000000,1746.200000,1749.950000,36
2017-11-06T11:15:00+05:30,1749.950000,1750.000000,1749.950000,1750.000000,176
2017-11-06T11:30:00+05:30,1752.000000,1752.000000,1744.550000,1744.550000,59
2017-11-06T11:45:00+05:30,1744.550000,1753.450000,1744.550000,1753.450000,77
2017-11-06T12:00:00+05:30,1753.450000,1753.450000,1749.250000,1749.250000,22
2017-11-06T12:15:00+05:30,1749.250000,1749.950000,1749.250000,1749.950000,54
2017-11-06T12:30:00+05:30,1749.950000,1750.000000,1748.000000,1750.000000,166
2017-11-06T12:45:00+05:30,1750.000000,1750.000000,1745.100000,1745.150000,36
2017-11-06T13:00:00+05:30,1745.150000,1747.850000,1745.150000,1747.850000,7
2017-11-06T13:15:00+05:30,1747.850000,1749.950000,1745.200000,1749.950000,172
2017-11-06T13:30:00+05:30,1749.950000,1750.000000,1747.250000,1747.250000,154
2017-11-06T13:45:00+05:30,1747.250000,1748.950000,1745.150000,1748.950000,77
2017-11-06T14:00:00+05:30,1748.950000,1748.950000,1747.050000,1747.050000,6
2017-11-06T14:15:00+05:30,1747.050000,1748.900000,1746.550000,1747.950000,36
2017-11-06T14:30:00+05:30,1747.950000,1748.950000,1740.400000,1742.800000,370
2017-11-06T14:45:00+05:30,1742.800000,1743.800000,1740.000000,1741.000000,279
2017-11-06T15:00:00+05:30,1741.000000,1743.900000,1741.000000,1743.500000,106
2017-11-06T15:15:00+05:30,1743.500000,1755.000000,1741.000000,1755.000000,4545
2017-11-07T09:15:00+05:30,1742.250000,1755.000000,1742.250000,1750.000000,629
2017-11-07T09:30:00+05:30,1750.000000,1760.000000,1750.000000,1756.900000,69
2017-11-07T09:45:00+05:30,1756.900000,1758.000000,1753.650000,1753.650000,40
2017-11-07T10:00:00+05:30,1753.650000,1757.000000,1751.400000,1751.750000,97
2017-11-07T10:15:00+05:30,1751.750000,1764.250000,1751.750000,1754.000000,613
2017-11-07T10:30:00+05:30,1754.000000,1754.000000,1751.600000,1751.600000,44
2017-11-07T10:45:00+05:30,1751.600000,1752.500000,1750.000000,1750.000000,191
2017-11-07T11:00:00+05:30,1750.000000,1750.000000,1746.250000,1746.250000,24
2017-11-07T11:15:00+05:30,1746.250000,1748.000000,1746.250000,1747.500000,14
2017-11-07T11:30:00+05:30,1747.000000,1747.000000,1745.000000,1745.050000,26
2017-11-07T11:45:00+05:30,1745.050000,1747.800000,1745.050000,1747.800000,7
2017-11-07T12:00:00+05:30,1747.800000,1747.800000,1747.800000,1747.800000,0
2017-11-07T12:15:00+05:30,1747.800000,1747.850000,1742.450000,1745.550000,367
2017-11-07T12:30:00+05:30,1745.550000,1750.000000,1745.200000,1750.000000,216
2017-11-07T12:45:00+05:30,1750.000000,1766.250000,1750.000000,1761.950000,137
2017-11-07T13:00:00+05:30,1761.950000,1761.950000,1742.050000,1742.050000,561
2017-11-07T13:15:00+05:30,1742.050000,1745.100000,1742.050000,1744.000000,73
2017-11-07T13:30:00+05:30,1744.000000,1750.000000,1741.000000,1743.900000,368
2017-11-07T13:45:00+05:30,1743.900000,1744.000000,1742.900000,1744.000000,14
2017-11-07T14:00:00+05:30,1744.000000,1744.000000,1737.550000,1740.100000,118
2017-11-07T14:15:00+05:30,1740.100000,1742.000000,1735.500000,1742.000000,127
2017-11-07T14:30:00+05:30,1742.000000,1742.000000,1737.050000,1740.000000,161
2017-11-07T14:45:00+05:30,1740.000000,1749.000000,1737.050000,1737.050000,248
2017-11-07T15:00:00+05:30,1737.050000,1754.750000,1737.050000,1740.000000,896
2017-11-07T15:15:00+05:30,1740.000000,1755.000000,1737.000000,1745.000000,3781
2017-11-08T09:15:00+05:30,1769.850000,1769.850000,1741.950000,1743.950000,32
2017-11-08T09:30:00+05:30,1743.950000,1743.950000,1740.000000,1740.000000,76
2017-11-08T09:45:00+05:30,1743.950000,1761.750000,1743.950000,1747.600000,370
2017-11-08T10:00:00+05:30,1747.600000,1755.000000,1747.600000,1751.450000,55
2017-11-08T10:15:00+05:30,1751.450000,1751.450000,1747.050000,1750.750000,36
2017-11-08T10:30:00+05:30,1747.050000,1747.050000,1747.000000,1747.000000,53
2017-11-08T10:45:00+05:30,1751.000000,1751.000000,1745.050000,1745.050000,99
2017-11-08T11:00:00+05:30,1745.050000,1750.000000,1745.050000,1750.000000,27
2017-11-08T11:15:00+05:30,1750.000000,1750.000000,1747.000000,1747.050000,52
2017-11-08T11:30:00+05:30,1747.050000,1751.000000,1747.050000,1751.000000,25
2017-11-08T11:45:00+05:30,1751.000000,1751.000000,1747.250000,1747.250000,15
2017-11-08T12:00:00+05:30,1747.250000,1750.900000,1742.000000,1742.000000,125
2017-11-08T12:15:00+05:30,1742.000000,1744.000000,1740.000000,1740.000000,20
2017-11-08T12:30:00+05:30,1740.000000,1744.000000,1740.000000,1743.000000,44
2017-11-08T12:45:00+05:30,1743.000000,1743.950000,1740.050000,1740.050000,42
2017-11-08T13:00:00+05:30,1740.050000,1740.050000,1740.050000,1740.050000,0
2017-11-08T13:15:00+05:30,1740.050000,1742.000000,1740.050000,1742.000000,7
2017-11-08T13:30:00+05:30,1742.000000,1744.000000,1740.150000,1740.200000,158
2017-11-08T13:45:00+05:30,1740.200000,1742.100000,1740.200000,1741.100000,15
2017-11-08T14:00:00+05:30,1741.100000,1744.000000,1740.050000,1740.050000,114
2017-11-08T14:15:00+05:30,1740.050000,1740.050000,1739.750000,1739.750000,136
2017-11-08T14:30:00+05:30,1739.750000,1743.500000,1733.000000,1736.000000,260
2017-11-08T14:45:00+05:30,1736.000000,1742.300000,1736.000000,1739.900000,37
2017-11-08T15:00:00+05:30,1739.900000,1749.800000,1739.900000,1749.650000,597
2017-11-08T15:15:00+05:30,1749.650000,1782.000000,1744.500000,1767.800000,4961
2017-11-09T09:15:00+05:30,1762.000000,1780.000000,1756.200000,1769.950000,708
2017-11-09T09:30:00+05:30,1769.950000,1785.000000,1769.950000,1770.050000,1621
2017-11-09T09:45:00+05:30,1770.050000,1775.000000,1767.500000,1767.500000,242
2017-11-09T10:00:00+05:30,1767.500000,1769.850000,1762.700000,1766.950000,342
2017-11-09T10:15:00+05:30,1766.950000,1768.000000,1764.950000,1765.000000,136
2017-11-09T10:30:00+05:30,1765.000000,1767.000000,1764.000000,1765.000000,444
2017-11-09T10:45:00+05:30,1765.000000,1771.950000,1764.150000,1764.150000,377
2017-11-09T11:00:00+05:30,1764.150000,1765.000000,1764.150000,1765.000000,85
2017-11-09T11:15:00+05:30,1765.000000,1766.000000,1763.700000,1766.000000,70
2017-11-09T11:30:00+05:30,1766.000000,1768.950000,1764.150000,1764.200000,60
2017-11-09T11:45:00+05:30,1764.200000,1767.400000,1764.150000,1764.150000,309
2017-11-09T12:00:00+05:30,1764.150000,1767.000000,1749.150000,1750.000000,593
2017-11-09T12:15:00+05:30,1750.000000,1757.950000,1746.000000,1757.950000,220
2017-11-09T12:30:00+05:30,1757.950000,1760.000000,1750.000000,1754.500000,122
2017-11-09T12:45:00+05:30,1754.500000,1755.800000,1750.300000,1750.300000,237
2017-11-09T13:00:00+05:30,1750.300000,1767.500000,1746.000000,1750.000000,1291
2017-11-09T13:15:00+05:30,1750.000000,1750.000000,1746.300000,1749.900000,26
2017-11-09T13:30:00+05:30,1749.900000,1749.900000,1746.350000,1749.800000,52
2017-11-09T13:45:00+05:30,1749.800000,1757.950000,1746.500000,1757.950000,80
2017-11-09T14:00:00+05:30,1757.950000,1757.950000,1747.800000,1750.900000,12
2017-11-09T14:15:00+05:30,1750.900000,1757.700000,1750.900000,1750.950000,40
2017-11-09T14:30:00+05:30,1750.950000,1757.900000,1750.950000,1757.850000,30
2017-11-09T14:45:00+05:30,1759.000000,1763.900000,1755.950000,1763.450000,499
2017-11-09T15:00:00+05:30,1763.450000,1763.450000,1755.950000,1761.750000,279
2017-11-09T15:15:00+05:30,1763.350000,1765.000000,1755.250000,1755.250000,5794
2017-11-10T09:15:00+05:30,1757.350000,1768.000000,1757.350000,1765.000000,141
2017-11-10T09:30:00+05:30,1765.000000,1768.000000,1760.000000,1768.000000,186
2017-11-10T09:45:00+05:30,1768.000000,1768.000000,1756.050000,1768.000000,271
2017-11-10T10:00:00+05:30,1768.000000,1768.000000,1756.000000,1760.000000,796
2017-11-10T10:15:00+05:30,1760.000000,1765.000000,1760.000000,1765.000000,78
2017-11-10T10:30:00+05:30,1765.000000,1775.000000,1761.100000,1768.350000,465
2017-11-10T10:45:00+05:30,1768.350000,1770.000000,1765.000000,1765.500000,606
2017-11-10T11:00:00+05:30,1765.500000,1767.000000,1761.100000,1761.100000,320
2017-11-10T11:15:00+05:30,1761.100000,1767.500000,1761.100000,1766.500000,37
2017-11-10T11:30:00+05:30,1766.500000,1768.500000,1765.000000,1765.000000,201
2017-11-10T11:45:00+05:30,1769.500000,1769.500000,1762.050000,1765.100000,94
2017-11-10T12:00:00+05:30,1765.100000,1772.000000,1765.100000,1770.100000,92
2017-11-10T12:15:00+05:30,1770.050000,1777.000000,1765.000000,1774.000000,1093
2017-11-10T12:30:00+05:30,1774.700000,1774.700000,1770.000000,1770.100000,202
2017-11-10T12:45:00+05:30,1770.100000,1770.100000,1768.000000,1768.050000,444
2017-11-10T13:00:00+05:30,1772.950000,1783.950000,1770.050000,1775.100000,600
2017-11-10T13:15:00+05:30,1775.050000,1816.050000,1775.000000,1811.950000,5316
2017-11-10T13:30:00+05:30,1811.950000,1829.900000,1810.000000,1823.450000,5677
2017-11-10T13:45:00+05:30,1823.450000,1926.200000,1812.300000,1922.050000,23451
2017-11-10T14:00:00+05:30,1920.000000,1997.250000,1890.100000,1910.000000,42141
2017-11-10T14:15:00+05:30,1910.000000,1945.000000,1900.100000,1918.000000,14096
2017-11-10T14:30:00+05:30,1916.300000,1928.000000,1915.300000,1920.100000,7364
2017-11-10T14:45:00+05:30,1920.100000,1921.200000,1911.200000,1911.750000,4334
2017-11-10T15:00:00+05:30,1911.750000,1919.850000,1900.000000,1905.250000,6223
2017-11-10T15:15:00+05:30,1905.250000,1916.200000,1864.050000,1905.000000,5486
2017-11-13T09:15:00+05:30,1900.000000,1927.700000,1893.050000,1920.050000,4416
2017-11-13T09:30:00+05:30,1920.050000,1980.000000,1918.000000,1972.450000,7299
2017-11-13T09:45:00+05:30,1972.450000,1972.450000,1942.050000,1943.000000,3673
2017-11-13T10:00:00+05:30,1943.000000,1946.950000,1916.000000,1930.000000,2488
2017-11-13T10:15:00+05:30,1930.000000,1932.750000,1905.250000,1907.550000,2360
2017-11-13T10:30:00+05:30,1907.550000,1919.000000,1901.000000,1904.900000,2515
2017-11-13T10:45:00+05:30,1904.900000,1914.450000,1895.000000,1910.000000,2628
2017-11-13T11:00:00+05:30,1910.000000,1912.750000,1886.000000,1896.900000,1780
2017-11-13T11:15:00+05:30,1896.900000,1897.950000,1890.050000,1894.050000,262
2017-11-13T11:30:00+05:30,1894.050000,1897.000000,1886.400000,1888.050000,780
2017-11-13T11:45:00+05:30,1888.050000,1894.900000,1883.000000,1893.500000,500
2017-11-13T12:00:00+05:30,1893.500000,1897.950000,1890.000000,1896.000000,293
2017-11-13T12:15:00+05:30,1896.000000,1900.000000,1890.250000,1893.600000,764
2017-11-13T12:30:00+05:30,1893.600000,1900.000000,1891.050000,1896.600000,1223
2017-11-13T12:45:00+05:30,1896.600000,1910.000000,1895.500000,1897.950000,4184
2017-11-13T13:00:00+05:30,1898.950000,1900.000000,1898.850000,1899.500000,810
2017-11-13T13:15:00+05:30,1899.500000,1900.000000,1899.000000,1900.000000,221
2017-11-13T13:30:00+05:30,1900.000000,1900.000000,1896.050000,1897.550000,363
2017-11-13T13:45:00+05:30,1897.550000,1899.000000,1890.550000,1890.550000,562
2017-11-13T14:00:00+05:30,1890.550000,1893.900000,1880.000000,1881.800000,1111
2017-11-13T14:15:00+05:30,1881.800000,1886.950000,1859.100000,1866.200000,4144
2017-11-13T14:30:00+05:30,1866.200000,1925.000000,1866.200000,1909.950000,9609
2017-11-13T14:45:00+05:30,1909.950000,1935.050000,1909.950000,1917.000000,2864
2017-11-13T15:00:00+05:30,1917.000000,1919.600000,1900.000000,1901.450000,741
2017-11-13T15:15:00+05:30,1901.450000,1915.000000,1900.000000,1902.000000,2757
2017-11-14T09:15:00+05:30,1890.000000,1915.150000,1890.000000,1906.050000,814
2017-11-14T09:30:00+05:30,1906.050000,1922.900000,1906.050000,1919.500000,800
2017-11-14T09:45:00+05:30,1919.500000,1919.500000,1910.000000,1915.000000,163
2017-11-14T10:00:00+05:30,1915.000000,1925.000000,1914.000000,1920.100000,1556
2017-11-14T10:15:00+05:30,1920.100000,1925.000000,1915.000000,1920.000000,823
2017-11-14T10:30:00+05:30,1920.000000,1924.850000,1911.100000,1911.100000,203
2017-11-14T10:45:00+05:30,1911.100000,1912.700000,1911.100000,1912.700000,41
2017-11-14T11:00:00+05:30,1912.700000,1919.700000,1907.000000,1910.000000,1141
2017-11-14T11:15:00+05:30,1915.000000,1930.000000,1910.400000,1924.950000,1950
2017-11-14T11:30:00+05:30,1924.950000,1949.000000,1921.000000,1938.900000,4174
2017-11-14T11:45:00+05:30,1938.900000,1969.000000,1937.100000,1952.550000,5225
2017-11-14T12:00:00+05:30,1952.500000,1957.000000,1931.950000,1935.050000,2286
2017-11-14T12:15:00+05:30,1935.050000,1944.000000,1935.050000,1943.000000,771
2017-11-14T12:30:00+05:30,1943.000000,1943.000000,1936.250000,1937.000000,33
2017-11-14T12:45:00+05:30,1939.900000,1939.900000,1937.000000,1937.550000,91
2017-11-14T13:00:00+05:30,1937.550000,1943.000000,1937.550000,1940.000000,129
2017-11-14T13:15:00+05:30,1940.000000,1940.050000,1921.500000,1924.500000,2361
2017-11-14T13:30:00+05:30,1924.500000,1935.000000,1924.500000,1935.000000,234
2017-11-14T13:45:00+05:30,1935.000000,1935.000000,1929.200000,1934.800000,64
2017-11-14T14:00:00+05:30,1934.800000,1934.900000,1932.050000,1932.050000,39
2017-11-14T14:15:00+05:30,1932.050000,1933.950000,1930.050000,1930.050000,102
2017-11-14T14:30:00+05:30,1930.050000,1934.800000,1925.050000,1933.000000,306
2017-11-14T14:45:00+05:30,1933.000000,1935.000000,1929.000000,1929.950000,855
2017-11-14T15:00:00+05:30,1929.950000,1935.500000,1926.000000,1930.000000,577
2017-11-14T15:15:00+05:30,1929.650000,1931.000000,1921.000000,1921.100000,1149
2017-11-15T09:15:00+05:30,1918.350000,1930.000000,1918.350000,1920.050000,176
2017-11-15T09:30:00+05:30,1920.050000,1920.050000,1911.950000,1915.000000,174
2017-11-15T09:45:00+05:30,1915.000000,1915.000000,1903.000000,1913.350000,864
2017-11-15T10:00:00+05:30,1915.350000,1918.950000,1910.000000,1910.850000,63
2017-11-15T10:15:00+05:30,1910.850000,1915.250000,1907.950000,1912.050000,423
2017-11-15T10:30:00+05:30,1912.050000,1919.400000,1912.050000,1919.000000,121
2017-11-15T10:45:00+05:30,1919.000000,1919.500000,1913.000000,1916.000000,160
2017-11-15T11:00:00+05:30,1916.000000,1916.700000,1913.000000,1915.950000,128
2017-11-15T11:15:00+05:30,1915.850000,1937.900000,1915.850000,1935.000000,912
2017-11-15T11:30:00+05:30,1935.000000,1938.800000,1925.000000,1931.950000,1105
2017-11-15T11:45:00+05:30,1931.950000,1931.950000,1916.350000,1924.950000,367
2017-11-15T12:00:00+05:30,1924.950000,1926.700000,1919.400000,1926.700000,97
2017-11-15T12:15:00+05:30,1926.700000,1926.700000,1919.350000,1925.050000,318
2017-11-15T12:30:00+05:30,1925.050000,1928.400000,1912.650000,1919.950000,191
2017-11-15T12:45:00+05:30,1919.950000,1919.950000,1913.150000,1917.500000,95
2017-11-15T13:00:00+05:30,1917.500000,1918.500000,1913.150000,1916.900000,111
2017-11-15T13:15:00+05:30,1916.900000,1916.900000,1913.000000,1913.100000,56
2017-11-15T13:30:00+05:30,1913.100000,1917.000000,1913.050000,1917.000000,104
2017-11-15T13:45:00+05:30,1917.000000,1917.000000,1913.050000,1913.050000,128
2017-11-15T14:00:00+05:30,1913.050000,1917.000000,1913.050000,1913.200000,47
2017-11-15T14:15:00+05:30,1917.000000,1917.000000,1906.200000,1908.750000,381
2017-11-15T14:30:00+05:30,1908.750000,1908.800000,1900.100000,1900.100000,254
2017-11-15T14:45:00+05:30,1900.100000,1900.100000,1890.000000,1896.950000,477
2017-11-15T15:00:00+05:30,1896.950000,1900.050000,1890.050000,1895.000000,309
2017-11-15T15:15:00+05:30,1895.000000,1929.000000,1891.400000,1920.000000,3202
2017-11-16T09:15:00+05:30,1931.000000,1935.000000,1919.000000,1928.000000,550
2017-11-16T09:30:00+05:30,1927.850000,1927.850000,1912.000000,1917.900000,451
2017-11-16T09:45:00+05:30,1917.900000,1926.700000,1917.900000,1923.050000,153
2017-11-16T10:00:00+05:30,1923.050000,1934.000000,1915.600000,1929.050000,364
2017-11-16T10:15:00+05:30,1929.050000,1934.000000,1929.050000,1931.650000,182
2017-11-16T10:30:00+05:30,1931.650000,1935.000000,1927.000000,1930.050000,226
2017-11-16T10:45:00+05:30,1930.050000,1940.000000,1926.850000,1940.000000,592
2017-11-16T11:00:00+05:30,1940.000000,1940.000000,1925.100000,1925.100000,316
2017-11-16T11:15:00+05:30,1925.100000,1928.450000,1920.000000,1928.450000,86
2017-11-16T11:30:00+05:30,1928.450000,1928.450000,1920.050000,1923.300000,18
2017-11-16T11:45:00+05:30,1923.300000,1928.000000,1920.000000,1926.650000,88
2017-11-16T12:00:00+05:30,1926.650000,1927.450000,1920.050000,1925.000000,165
2017-11-16T12:15:00+05:30,1925.000000,1925.000000,1920.000000,1923.200000,82
2017-11-16T12:30:00+05:30,1923.200000,1925.000000,1918.050000,1920.000000,274
2017-11-16T12:45:00+05:30,1920.000000,1920.000000,1915.150000,1915.150000,169
2017-11-16T13:00:00+05:30,1915.150000,1924.900000,1915.100000,1924.900000,163
2017-11-16T13:15:00+05:30,1924.900000,1928.000000,1921.650000,1928.000000,143
2017-11-16T13:30:00+05:30,1928.000000,1928.000000,1921.000000,1926.650000,123
2017-11-16T13:45:00+05:30,1926.650000,1928.000000,1921.950000,1928.000000,323
2017-11-16T14:00:00+05:30,1928.000000,1934.000000,1928.000000,1930.050000,475
2017-11-16T14:15:00+05:30,1930.050000,1934.950000,1928.000000,1928.000000,249
2017-11-16T14:30:00+05:30,1928.000000,1929.000000,1925.000000,1925.000000,146
2017-11-16T14:45:00+05:30,1924.550000,1930.000000,1921.700000,1930.000000,179
2017-11-16T15:00:00+05:30,1923.550000,1928.550000,1922.150000,1927.950000,276
2017-11-16T15:15:00+05:30,1927.950000,1944.700000,1904.000000,1934.450000,3296
2017-11-17T09:15:00+05:30,1944.500000,1945.650000,1930.700000,1939.900000,386
2017-11-17T09:30:00+05:30,1936.000000,1940.000000,1936.000000,1936.500000,136
2017-11-17T09:45:00+05:30,1936.500000,1944.700000,1936.000000,1936.000000,233
2017-11-17T10:00:00+05:30,1936.000000,1938.800000,1936.000000,1937.000000,21
2017-11-17T10:15:00+05:30,1937.000000,1937.000000,1934.050000,1935.000000,245
2017-11-17T10:30:00+05:30,1934.950000,1935.000000,1934.000000,1934.000000,187
2017-11-17T10:45:00+05:30,1934.000000,1935.000000,1931.100000,1931.150000,172
2017-11-17T11:00:00+05:30,1933.600000,1936.950000,1932.000000,1935.000000,125
2017-11-17T11:15:00+05:30,1935.000000,1937.000000,1931.550000,1937.000000,201
2017-11-17T11:30:00+05:30,1937.000000,1937.000000,1931.100000,1932.000000,360
2017-11-17T11:45:00+05:30,1932.000000,1935.400000,1931.000000,1935.350000,45
2017-11-17T12:00:00+05:30,1935.350000,1935.400000,1922.000000,1922.000000,381
2017-11-17T12:15:00+05:30,1922.000000,1929.900000,1921.000000,1929.900000,57
2017-11-17T12:30:00+05:30,1925.250000,1929.900000,1925.250000,1928.450000,51
2017-11-17T12:45:00+05:30,1928.450000,1935.000000,1928.450000,1930.100000,137
2017-11-17T13:00:00+05:30,1930.100000,1936.950000,1930.000000,1930.050000,273
2017-11-17T13:15:00+05:30,1930.050000,1935.000000,1930.000000,1935.000000,195
2017-11-17T13:30:00+05:30,1935.000000,1935.000000,1930.000000,1930.000000,150
2017-11-17T13:45:00+05:30,1930.000000,1934.950000,1930.000000,1932.050000,75
2017-11-17T14:00:00+05:30,1932.050000,1932.050000,1926.000000,1928.550000,246
2017-11-17T14:15:00+05:30,1928.550000,1928.550000,1926.000000,1926.500000,13
2017-11-17T14:30:00+05:30,1929.950000,1929.950000,1924.650000,1925.000000,240
2017-11-17T14:45:00+05:30,1924.000000,1925.950000,1921.000000,1921.000000,254
2017-11-17T15:00:00+05:30,1921.000000,1928.450000,1916.200000,1920.000000,1014
2017-11-17T15:15:00+05:30,1928.850000,1945.000000,1926.400000,1936.000000,4992
2017-11-20T09:15:00+05:30,1938.000000,1938.000000,1930.000000,1934.000000,165
2017-11-20T09:30:00+05:30,1934.000000,1942.000000,1932.000000,1941.500000,194
2017-11-20T09:45:00+05:30,1941.500000,1941.500000,1935.000000,1938.900000,312
2017-11-20T10:00:00+05:30,1938.900000,1940.000000,1935.100000,1937.450000,120
2017-11-20T10:15:00+05:30,1937.450000,1940.000000,1935.100000,1940.000000,113
2017-11-20T10:30:00+05:30,1935.150000,1940.000000,1935.150000,1938.850000,75
2017-11-20T10:45:00+05:30,1938.850000,1938.950000,1935.800000,1938.950000,25
2017-11-20T11:00:00+05:30,1938.950000,1939.000000,1935.800000,1936.500000,91
2017-11-20T11:15:00+05:30,1936.500000,1939.000000,1936.100000,1936.100000,186
2017-11-20T11:30:00+05:30,1936.100000,1937.850000,1935.150000,1937.850000,133
2017-11-20T11:45:00+05:30,1939.950000,1939.950000,1936.100000,1936.100000,128
2017-11-20T12:00:00+05:30,1936.100000,1950.000000,1936.100000,1948.000000,1830
2017-11-20T12:15:00+05:30,1948.000000,1973.600000,1946.100000,1954.900000,3283
2017-11-20T12:30:00+05:30,1954.900000,1955.000000,1946.200000,1953.500000,593
2017-11-20T12:45:00+05:30,1953.500000,1953.500000,1943.700000,1944.100000,679
2017-11-20T13:00:00+05:30,1944.100000,1952.950000,1944.100000,1952.950000,283
2017-11-20T13:15:00+05:30,1952.900000,1955.000000,1949.600000,1953.750000,311
2017-11-20T13:30:00+05:30,1953.700000,1955.500000,1951.400000,1951.400000,337
2017-11-20T13:45:00+05:30,1951.400000,1955.000000,1947.850000,1952.000000,378
2017-11-20T14:00:00+05:30,1952.000000,1953.950000,1947.800000,1951.000000,173
2017-11-20T14:15:00+05:30,1951.000000,1953.750000,1947.800000,1950.000000,415
2017-11-20T14:30:00+05:30,1952.300000,1959.600000,1950.000000,1952.000000,429
2017-11-20T14:45:00+05:30,1952.000000,1955.000000,1951.350000,1955.000000,208
2017-11-20T15:00:00+05:30,1955.000000,1959.800000,1951.350000,1955.000000,590
2017-11-20T15:15:00+05:30,1955.000000,1959.400000,1950.000000,1950.000000,2643
2017-11-21T09:15:00+05:30,1966.800000,1979.000000,1955.350000,1972.000000,3305
2017-11-21T09:30:00+05:30,1972.500000,1974.800000,1945.000000,1950.000000,1309
2017-11-21T09:45:00+05:30,1950.000000,1966.950000,1947.550000,1962.250000,229
2017-11-21T10:00:00+05:30,1962.250000,1967.950000,1956.250000,1956.250000,340
2017-11-21T10:15:00+05:30,1956.250000,1967.000000,1956.250000,1960.800000,266
2017-11-21T10:30:00+05:30,1960.800000,1964.000000,1958.050000,1964.000000,202
2017-11-21T10:45:00+05:30,1964.000000,1964.000000,1960.150000,1964.000000,35
2017-11-21T11:00:00+05:30,1964.000000,1964.000000,1953.000000,1960.950000,286
2017-11-21T11:15:00+05:30,1960.950000,1966.800000,1957.000000,1964.500000,528
2017-11-21T11:30:00+05:30,1964.500000,1967.950000,1964.500000,1965.000000,233
2017-11-21T11:45:00+05:30,1965.000000,1975.000000,1965.000000,1969.950000,1214
2017-11-21T12:00:00+05:30,1969.950000,1975.000000,1968.000000,1970.000000,1100
2017-11-21T12:15:00+05:30,1970.000000,1975.000000,1968.850000,1972.900000,742
2017-11-21T12:30:00+05:30,1972.750000,1972.900000,1968.000000,1972.900000,499
2017-11-21T12:45:00+05:30,1972.900000,1972.900000,1968.800000,1969.950000,157
2017-11-21T13:00:00+05:30,1969.950000,1970.000000,1966.950000,1970.000000,247
2017-11-21T13:15:00+05:30,1970.000000,1970.000000,1960.000000,1968.000000,204
2017-11-21T13:30:00+05:30,1968.000000,1971.000000,1965.050000,1968.200000,478
2017-11-21T13:45:00+05:30,1968.200000,1970.000000,1968.200000,1969.150000,211
2017-11-21T14:00:00+05:30,1969.150000,1972.900000,1967.100000,1967.200000,322
2017-11-21T14:15:00+05:30,1967.200000,1970.000000,1964.100000,1964.100000,257
2017-11-21T14:30:00+05:30,1964.100000,1964.100000,1959.000000,1960.000000,194
2017-11-21T14:45:00+05:30,1960.000000,1969.000000,1960.000000,1965.050000,149
2017-11-21T15:00:00+05:30,1965.050000,1970.000000,1963.750000,1969.000000,856
2017-11-21T15:15:00+05:30,1969.000000,1980.000000,1955.000000,1970.000000,6055
2017-11-22T09:15:00+05:30,1968.950000,1968.950000,1950.150000,1951.150000,852
2017-11-22T09:30:00+05:30,1951.150000,1970.000000,1951.150000,1967.000000,2099
2017-11-22T09:45:00+05:30,1967.000000,1969.000000,1963.550000,1964.950000,509
2017-11-22T10:00:00+05:30,1964.950000,1966.950000,1958.100000,1958.100000,964
2017-11-22T10:15:00+05:30,1958.100000,1965.250000,1955.050000,1958.200000,367
2017-11-22T10:30:00+05:30,1958.500000,1967.000000,1955.050000,1966.000000,826
2017-11-22T10:45:00+05:30,1966.000000,1967.000000,1965.800000,1966.000000,495
2017-11-22T11:00:00+05:30,1966.000000,1966.000000,1962.050000,1965.950000,165
2017-11-22T11:15:00+05:30,1965.950000,1966.950000,1960.050000,1966.300000,243
2017-11-22T11:30:00+05:30,1966.300000,1967.000000,1963.000000,1966.900000,100
2017-11-22T11:45:00+05:30,1966.900000,1966.900000,1963.050000,1964.950000,104
2017-11-22T12:00:00+05:30,1964.950000,1964.950000,1963.050000,1964.350000,71
2017-11-22T12:15:00+05:30,1964.950000,1966.000000,1962.950000,1962.950000,414
2017-11-22T12:30:00+05:30,1962.950000,1963.000000,1959.250000,1963.000000,965
2017-11-22T12:45:00+05:30,1963.000000,1963.000000,1959.800000,1960.000000,193
2017-11-22T13:00:00+05:30,1960.000000,1963.000000,1955.050000,1960.000000,551
2017-11-22T13:15:00+05:30,1960.000000,1960.000000,1956.600000,1959.950000,121
2017-11-22T13:30:00+05:30,1959.950000,1960.000000,1959.450000,1959.850000,33
2017-11-22T13:45:00+05:30,1959.850000,1960.000000,1957.200000,1958.050000,200
2017-11-22T14:00:00+05:30,1958.050000,1963.000000,1955.750000,1960.000000,165
2017-11-22T14:15:00+05:30,1960.000000,1960.000000,1955.050000,1956.000000,236
2017-11-22T14:30:00+05:30,1956.000000,1959.800000,1955.950000,1959.000000,45
2017-11-22T14:45:00+05:30,1959.000000,1964.950000,1950.250000,1960.000000,565
2017-11-22T15:00:00+05:30,1960.000000,1962.350000,1958.150000,1960.000000,949
2017-11-22T15:15:00+05:30,1960.000000,1965.000000,1952.200000,1959.900000,5646
2017-11-23T09:15:00+05:30,1969.950000,1969.950000,1958.000000,1962.000000,205
2017-11-23T09:30:00+05:30,1962.000000,1962.000000,1957.600000,1961.450000,174
2017-11-23T09:45:00+05:30,1961.450000,1961.450000,1956.000000,1959.950000,131
2017-11-23T10:00:00+05:30,1960.000000,1960.000000,1956.600000,1956.600000,227
2017-11-23T10:15:00+05:30,1956.600000,1959.350000,1955.000000,1958.800000,110
2017-11-23T10:30:00+05:30,1958.800000,1958.800000,1954.800000,1954.850000,103
2017-11-23T10:45:00+05:30,1954.850000,1959.600000,1954.850000,1959.000000,84
2017-11-23T11:00:00+05:30,1959.000000,1959.500000,1957.950000,1958.000000,120
2017-11-23T11:15:00+05:30,1958.000000,1958.950000,1948.000000,1948.750000,388
2017-11-23T11:30:00+05:30,1948.750000,1950.000000,1945.600000,1949.750000,144
2017-11-23T11:45:00+05:30,1949.750000,1950.000000,1945.000000,1948.000000,113
2017-11-23T12:00:00+05:30,1948.000000,1948.000000,1943.600000,1943.600000,352
2017-11-23T12:15:00+05:30,1943.600000,1944.950000,1938.000000,1943.900000,365
2017-11-23T12:30:00+05:30,1943.900000,1944.900000,1938.000000,1939.950000,64
2017-11-23T12:45:00+05:30,1939.950000,1940.000000,1929.600000,1934.150000,673
2017-11-23T13:00:00+05:30,1934.150000,1937.200000,1928.700000,1933.650000,263
2017-11-23T13:15:00+05:30,1933.650000,1936.800000,1930.000000,1934.700000,126
2017-11-23T13:30:00+05:30,1936.900000,1936.900000,1929.000000,1929.000000,294
2017-11-23T13:45:00+05:30,1929.000000,1932.850000,1929.000000,1929.650000,174
2017-11-23T14:00:00+05:30,1929.650000,1929.950000,1925.000000,1925.000000,344
2017-11-23T14:15:00+05:30,1925.000000,1937.950000,1925.000000,1927.050000,149
2017-11-23T14:30:00+05:30,1927.050000,1940.000000,1925.000000,1940.000000,908
2017-11-23T14:45:00+05:30,1940.000000,1940.000000,1933.050000,1936.950000,170
2017-11-23T15:00:00+05:30,1936.950000,1940.000000,1925.500000,1940.000000,904
2017-11-23T15:15:00+05:30,1940.000000,1947.000000,1927.050000,1927.500000,4564
2017-11-24T09:15:00+05:30,1934.350000,1945.800000,1932.000000,1945.700000,97
2017-11-24T09:30:00+05:30,1945.700000,1945.700000,1941.650000,1941.650000,67
2017-11-24T09:45:00+05:30,1941.650000,1947.950000,1940.800000,1942.000000,156
2017-11-24T10:00:00+05:30,1942.000000,1947.000000,1942.000000,1946.750000,270
2017-11-24T10:15:00+05:30,1946.750000,1946.750000,1941.000000,1946.550000,62
2017-11-24T10:30:00+05:30,1946.550000,1947.000000,1944.700000,1947.000000,82
2017-11-24T10:45:00+05:30,1947.000000,1947.000000,1938.800000,1938.800000,264
2017-11-24T11:00:00+05:30,1938.800000,1940.000000,1935.000000,1940.000000,64
2017-11-24T11:15:00+05:30,1939.950000,1940.000000,1935.600000,1940.000000,115
2017-11-24T11:30:00+05:30,1940.000000,1942.450000,1939.000000,1939.000000,69
2017-11-24T11:45:00+05:30,1939.000000,1940.000000,1936.050000,1936.050000,33
2017-11-24T12:00:00+05:30,1936.050000,1940.000000,1936.000000,1940.000000,143
2017-11-24T12:15:00+05:30,1940.000000,1940.000000,1937.700000,1937.700000,17
2017-11-24T12:30:00+05:30,1937.700000,1940.000000,1937.650000,1940.000000,573
2017-11-24T12:45:00+05:30,1940.000000,1940.000000,1935.000000,1935.000000,71
2017-11-24T13:00:00+05:30,1935.000000,1940.000000,1935.000000,1940.000000,33
2017-11-24T13:15:00+05:30,1940.000000,1940.000000,1935.100000,1935.100000,61
2017-11-24T13:30:00+05:30,1935.100000,1939.950000,1935.100000,1939.950000,32
2017-11-24T13:45:00+05:30,1939.950000,1939.950000,1935.000000,1935.100000,270
2017-11-24T14:00:00+05:30,1935.100000,1940.000000,1935.100000,1938.000000,275
2017-11-24T14:15:00+05:30,1938.000000,1939.950000,1935.000000,1939.700000,478
2017-11-24T14:30:00+05:30,1939.700000,1939.700000,1918.900000,1921.250000,2379
2017-11-24T14:45:00+05:30,1921.250000,1924.050000,1916.000000,1916.350000,115
2017-11-24T15:00:00+05:30,1916.350000,1927.900000,1915.700000,1923.000000,828
2017-11-24T15:15:00+05:30,1923.000000,1935.900000,1911.100000,1920.000000,7489
2017-11-27T09:15:00+05:30,1925.750000,1947.150000,1925.750000,1943.600000,655
2017-11-27T09:30:00+05:30,1943.600000,1943.600000,1930.000000,1935.000000,200
2017-11-27T09:45:00+05:30,1935.000000,1935.000000,1919.150000,1921.000000,1159
2017-11-27T10:00:00+05:30,1921.000000,1927.700000,1921.000000,1925.700000,218
2017-11-27T10:15:00+05:30,1927.000000,1933.300000,1921.000000,1933.300000,284
2017-11-27T10:30:00+05:30,1933.300000,1933.300000,1926.000000,1926.650000,230
2017-11-27T10:45:00+05:30,1926.650000,1930.200000,1926.000000,1926.450000,167
2017-11-27T11:00:00+05:30,1926.450000,1933.500000,1922.500000,1925.100000,211
2017-11-27T11:15:00+05:30,1926.950000,1933.700000,1925.000000,1930.750000,355
2017-11-27T11:30:00+05:30,1930.750000,1934.850000,1925.000000,1930.050000,393
2017-11-27T11:45:00+05:30,1930.050000,1933.650000,1924.600000,1924.600000,173
2017-11-27T12:00:00+05:30,1924.600000,1933.950000,1924.600000,1929.750000,106
2017-11-27T12:15:00+05:30,1934.000000,1934.200000,1926.500000,1927.450000,319
2017-11-27T12:30:00+05:30,1928.950000,1934.850000,1928.250000,1934.250000,135
2017-11-27T12:45:00+05:30,1934.250000,1938.000000,1926.250000,1930.400000,422
2017-11-27T13:00:00+05:30,1930.400000,1938.000000,1925.600000,1925.700000,400
2017-11-27T13:15:00+05:30,1925.700000,1930.000000,1925.700000,1927.950000,243
2017-11-27T13:30:00+05:30,1927.000000,1927.000000,1920.200000,1925.000000,134
2017-11-27T13:45:00+05:30,1925.000000,1930.000000,1925.000000,1929.150000,88
2017-11-27T14:00:00+05:30,1929.150000,1930.000000,1925.050000,1928.650000,264
2017-11-27T14:15:00+05:30,1928.650000,1930.150000,1923.800000,1924.000000,749
2017-11-27T14:30:00+05:30,1925.000000,1930.000000,1911.150000,1918.950000,1385
2017-11-27T14:45:00+05:30,1918.950000,1924.900000,1918.950000,1922.250000,419
2017-11-27T15:00:00+05:30,1922.250000,1925.000000,1914.100000,1923.250000,1040
2017-11-27T15:15:00+05:30,1923.250000,1930.000000,1920.050000,1925.000000,2562
2017-11-28T09:15:00+05:30,1943.450000,1943.450000,1930.300000,1930.350000,377
2017-11-28T09:30:00+05:30,1930.350000,1940.000000,1930.350000,1935.000000,255
2017-11-28T09:45:00+05:30,1935.000000,1936.000000,1933.800000,1933.800000,119
2017-11-28T10:00:00+05:30,1933.800000,1936.750000,1925.150000,1931.850000,713
2017-11-28T10:15:00+05:30,1931.850000,1936.000000,1926.850000,1927.050000,212
2017-11-28T10:30:00+05:30,1927.050000,1933.700000,1921.000000,1923.550000,411
2017-11-28T10:45:00+05:30,1923.550000,1929.900000,1921.650000,1922.850000,285
2017-11-28T11:00:00+05:30,1922.850000,1926.650000,1918.000000,1919.000000,312
2017-11-28T11:15:00+05:30,1919.000000,1924.900000,1911.600000,1918.000000,271
2017-11-28T11:30:00+05:30,1918.250000,1922.950000,1907.300000,1909.000000,3087
2017-11-28T11:45:00+05:30,1909.000000,1914.000000,1896.650000,1900.000000,1390
2017-11-28T12:00:00+05:30,1905.000000,1905.000000,1898.000000,1899.900000,818
2017-11-28T12:15:00+05:30,1899.900000,1900.000000,1899.750000,1899.950000,879
2017-11-28T12:30:00+05:30,1899.950000,1900.000000,1899.950000,1900.000000,605
2017-11-28T12:45:00+05:30,1900.000000,1900.000000,1899.950000,1899.950000,279
2017-11-28T13:00:00+05:30,1899.950000,1900.000000,1898.300000,1900.000000,321
2017-11-28T13:15:00+05:30,1900.000000,1900.000000,1899.000000,1900.000000,358
2017-11-28T13:30:00+05:30,1900.000000,1902.000000,1899.550000,1901.450000,483
2017-11-28T13:45:00+05:30,1901.450000,1901.500000,1898.000000,1898.000000,452
2017-11-28T14:00:00+05:30,1898.000000,1900.000000,1898.000000,1899.850000,236
2017-11-28T14:15:00+05:30,1899.850000,1899.950000,1898.000000,1899.500000,348
2017-11-28T14:30:00+05:30,1899.500000,1899.950000,1890.000000,1891.000000,983
2017-11-28T14:45:00+05:30,1891.000000,1899.000000,1891.000000,1894.150000,656
2017-11-28T15:00:00+05:30,1894.150000,1899.000000,1885.000000,1890.000000,917
2017-11-28T15:15:00+05:30,1888.000000,1892.450000,1876.100000,1878.250000,4178
2017-11-29T09:15:00+05:30,1894.950000,1895.000000,1880.000000,1894.000000,575
2017-11-29T09:30:00+05:30,1894.000000,1926.000000,1894.000000,1917.100000,10344
2017-11-29T09:45:00+05:30,1917.100000,1935.500000,1903.050000,1930.050000,10130
2017-11-29T10:00:00+05:30,1930.100000,1940.050000,1924.000000,1935.050000,9243
2017-11-29T10:15:00+05:30,1935.050000,1940.950000,1902.850000,1914.050000,10030
2017-11-29T10:30:00+05:30,1914.050000,1925.000000,1914.050000,1919.000000,3886
2017-11-29T10:45:00+05:30,1919.000000,1929.950000,1919.000000,1928.000000,589
2017-11-29T11:00:00+05:30,1928.000000,1930.000000,1920.650000,1925.300000,1198
2017-11-29T11:15:00+05:30,1925.300000,1928.850000,1921.900000,1927.100000,667
2017-11-29T11:30:00+05:30,1927.100000,1929.000000,1921.000000,1924.550000,1309
2017-11-29T11:45:00+05:30,1924.550000,1926.950000,1922.100000,1923.000000,575
2017-11-29T12:00:00+05:30,1923.000000,1925.900000,1922.100000,1924.500000,228
2017-11-29T12:15:00+05:30,1924.500000,1925.000000,1916.350000,1917.650000,2014
2017-11-29T12:30:00+05:30,1917.650000,1927.450000,1917.650000,1920.600000,1016
2017-11-29T12:45:00+05:30,1920.600000,1925.500000,1920.150000,1920.200000,889
2017-11-29T13:00:00+05:30,1920.200000,1922.000000,1920.200000,1921.000000,664
2017-11-29T13:15:00+05:30,1921.000000,1922.000000,1920.000000,1922.000000,522
2017-11-29T13:30:00+05:30,1922.000000,1923.250000,1918.950000,1919.800000,617
2017-11-29T13:45:00+05:30,1919.800000,1920.150000,1912.000000,1915.000000,1104
2017-11-29T14:00:00+05:30,1917.050000,1919.050000,1917.000000,1917.150000,485
2017-11-29T14:15:00+05:30,1917.150000,1917.150000,1911.000000,1911.150000,1856
2017-11-29T14:30:00+05:30,1911.150000,1919.000000,1910.150000,1913.550000,1277
2017-11-29T14:45:00+05:30,1913.550000,1917.000000,1903.250000,1906.100000,1921
2017-11-29T15:00:00+05:30,1906.100000,1907.000000,1886.000000,1893.100000,5055
2017-11-29T15:15:00+05:30,1893.000000,1900.000000,1884.200000,1890.000000,5133
2017-11-30T09:15:00+05:30,1882.400000,1905.650000,1882.400000,1900.350000,473
2017-11-30T09:30:00+05:30,1902.900000,1902.950000,1897.950000,1899.000000,305
2017-11-30T09:45:00+05:30,1899.000000,1909.000000,1899.000000,1906.950000,955
2017-11-30T10:00:00+05:30,1907.000000,1908.750000,1901.600000,1903.750000,289
2017-11-30T10:15:00+05:30,1903.850000,1905.700000,1897.800000,1904.750000,399
2017-11-30T10:30:00+05:30,1904.750000,1907.000000,1901.550000,1907.000000,369
2017-11-30T10:45:00+05:30,1907.000000,1909.000000,1905.000000,1908.000000,245
2017-11-30T11:00:00+05:30,1908.000000,1910.000000,1907.550000,1910.000000,250
2017-11-30T11:15:00+05:30,1910.000000,1912.000000,1905.800000,1909.000000,323
2017-11-30T11:30:00+05:30,1909.000000,1912.000000,1902.400000,1908.950000,464
2017-11-30T11:45:00+05:30,1908.950000,1909.000000,1899.000000,1899.950000,790
2017-11-30T12:00:00+05:30,1899.950000,1907.400000,1899.000000,1906.950000,180
2017-11-30T12:15:00+05:30,1906.950000,1909.000000,1902.600000,1909.000000,252
2017-11-30T12:30:00+05:30,1909.850000,1909.900000,1903.150000,1907.000000,302
2017-11-30T12:45:00+05:30,1907.000000,1910.000000,1905.150000,1909.000000,1048
2017-11-30T13:00:00+05:30,1909.000000,1909.000000,1898.800000,1904.750000,561
2017-11-30T13:15:00+05:30,1904.750000,1905.000000,1902.000000,1905.000000,189
2017-11-30T13:30:00+05:30,1905.000000,1908.950000,1900.000000,1905.950000,432
2017-11-30T13:45:00+05:30,1905.950000,1908.000000,1903.900000,1906.500000,181
2017-11-30T14:00:00+05:30,1907.950000,1909.900000,1906.600000,1909.900000,261
2017-11-30T14:15:00+05:30,1909.900000,1918.900000,1907.250000,1918.500000,869
2017-11-30T14:30:00+05:30,1918.500000,1919.000000,1911.200000,1913.000000,335
2017-11-30T14:45:00+05:30,1913.000000,1913.000000,1908.000000,1910.400000,455
2017-11-30T15:00:00+05:30,1909.200000,1928.000000,1907.000000,1926.600000,2520
2017-11-30T15:15:00+05:30,1926.600000,1939.000000,1924.000000,1925.000000,2715
2017-12-01T09:15:00+05:30,1940.000000,1944.700000,1926.350000,1928.000000,465
2017-12-01T09:30:00+05:30,1928.000000,1933.550000,1928.000000,1933.550000,523
2017-12-01T09:45:00+05:30,1933.550000,1933.550000,1926.900000,1930.350000,241
2017-12-01T10:00:00+05:30,1930.400000,1933.550000,1926.050000,1932.200000,205
2017-12-01T10:15:00+05:30,1932.200000,1932.200000,1929.100000,1932.000000,16
2017-12-01T10:30:00+05:30,1932.000000,1934.200000,1932.000000,1934.000000,400
2017-12-01T10:45:00+05:30,1934.000000,1934.000000,1930.450000,1933.000000,164
2017-12-01T11:00:00+05:30,1933.000000,1934.000000,1931.050000,1931.050000,231
2017-12-01T11:15:00+05:30,1931.050000,1932.350000,1924.000000,1932.050000,258
2017-12-01T11:30:00+05:30,1932.050000,1932.050000,1924.000000,1928.050000,175
2017-12-01T11:45:00+05:30,1928.050000,1930.000000,1928.050000,1930.000000,124
2017-12-01T12:00:00+05:30,1930.000000,1930.000000,1927.000000,1928.000000,135
2017-12-01T12:15:00+05:30,1927.000000,1927.000000,1926.800000,1926.800000,111
2017-12-01T12:30:00+05:30,1926.800000,1932.000000,1926.800000,1931.550000,122
2017-12-01T12:45:00+05:30,1931.550000,1932.050000,1931.550000,1932.050000,36
2017-12-01T13:00:00+05:30,1932.050000,1934.000000,1932.000000,1934.000000,185
2017-12-01T13:15:00+05:30,1934.000000,1934.000000,1933.400000,1934.000000,87
2017-12-01T13:30:00+05:30,1934.000000,1934.000000,1933.800000,1934.000000,79
2017-12-01T13:45:00+05:30,1933.850000,1934.000000,1933.500000,1933.500000,258
2017-12-01T14:00:00+05:30,1933.500000,1933.500000,1925.150000,1932.850000,115
2017-12-01T14:15:00+05:30,1932.850000,1933.000000,1926.950000,1927.000000,344
2017-12-01T14:30:00+05:30,1927.000000,1932.900000,1927.000000,1932.800000,312
2017-12-01T14:45:00+05:30,1932.800000,1932.800000,1925.000000,1929.500000,332
2017-12-01T15:00:00+05:30,1929.500000,1929.500000,1924.000000,1929.500000,728
2017-12-01T15:15:00+05:30,1929.050000,1943.550000,1928.900000,1937.000000,3863
2017-12-04T09:15:00+05:30,1938.000000,1946.000000,1936.900000,1945.000000,522
2017-12-04T09:30:00+05:30,1945.000000,1945.000000,1939.000000,1943.000000,1166
2017-12-04T09:45:00+05:30,1943.000000,1951.900000,1937.300000,1943.150000,845
2017-12-04T10:00:00+05:30,1943.100000,1947.950000,1940.900000,1943.050000,775
2017-12-04T10:15:00+05:30,1943.050000,1948.000000,1940.850000,1945.150000,863
2017-12-04T10:30:00+05:30,1944.900000,1947.950000,1943.350000,1947.000000,173
2017-12-04T10:45:00+05:30,1947.000000,1947.000000,1942.550000,1942.550000,146
2017-12-04T11:00:00+05:30,1942.550000,1945.100000,1940.450000,1945.100000,299
2017-12-04T11:15:00+05:30,1947.000000,1947.950000,1940.550000,1941.050000,524
2017-12-04T11:30:00+05:30,1941.050000,1945.900000,1941.050000,1941.600000,193
2017-12-04T11:45:00+05:30,1941.600000,1942.000000,1941.300000,1941.400000,176
2017-12-04T12:00:00+05:30,1941.400000,1945.800000,1941.350000,1945.800000,112
2017-12-04T12:15:00+05:30,1945.800000,1945.800000,1944.400000,1945.800000,158
2017-12-04T12:30:00+05:30,1945.800000,1945.800000,1935.050000,1935.600000,767
2017-12-04T12:45:00+05:30,1935.600000,1937.900000,1933.000000,1933.150000,238
2017-12-04T13:00:00+05:30,1933.150000,1934.250000,1923.900000,1924.000000,423
2017-12-04T13:15:00+05:30,1924.000000,1930.000000,1924.000000,1927.600000,225
2017-12-04T13:30:00+05:30,1925.100000,1929.900000,1924.000000,1924.200000,300
2017-12-04T13:45:00+05:30,1924.150000,1926.500000,1924.000000,1925.000000,134
2017-12-04T14:00:00+05:30,1925.000000,1933.650000,1924.000000,1930.800000,176
2017-12-04T14:15:00+05:30,1930.800000,1935.450000,1930.400000,1932.400000,193
2017-12-04T14:30:00+05:30,1932.400000,1936.500000,1930.000000,1930.000000,591
2017-12-04T14:45:00+05:30,1930.000000,1930.000000,1923.900000,1923.900000,624
2017-12-04T15:00:00+05:30,1923.900000,1926.650000,1918.000000,1920.200000,1266
2017-12-04T15:15:00+05:30,1920.150000,1956.600000,1915.100000,1924.000000,5297
2017-12-05T09:15:00+05:30,1932.850000,1937.200000,1925.050000,1926.100000,378
2017-12-05T09:30:00+05:30,1926.100000,1926.100000,1918.250000,1922.100000,380
2017-12-05T09:45:00+05:30,1924.750000,1928.650000,1920.000000,1924.050000,257
2017-12-05T10:00:00+05:30,1924.150000,1924.500000,1920.000000,1920.000000,70
2017-12-05T10:15:00+05:30,1920.000000,1924.500000,1918.500000,1920.100000,320
2017-12-05T10:30:00+05:30,1920.100000,1923.750000,1920.000000,1921.000000,69
2017-12-05T10:45:00+05:30,1921.000000,1927.550000,1921.000000,1921.550000,383
2017-12-05T11:00:00+05:30,1921.550000,1937.200000,1921.000000,1937.200000,466
2017-12-05T11:15:00+05:30,1937.200000,1942.000000,1932.950000,1940.000000,1181
2017-12-05T11:30:00+05:30,1940.000000,1941.500000,1935.150000,1935.150000,111
2017-12-05T11:45:00+05:30,1935.150000,1937.900000,1935.000000,1935.050000,26
2017-12-05T12:00:00+05:30,1935.050000,1937.350000,1931.000000,1936.900000,427
2017-12-05T12:15:00+05:30,1936.900000,1936.900000,1932.050000,1933.200000,75
2017-12-05T12:30:00+05:30,1933.200000,1945.000000,1932.250000,1943.450000,584
2017-12-05T12:45:00+05:30,1940.350000,1944.000000,1940.350000,1944.000000,57
2017-12-05T13:00:00+05:30,1944.000000,1960.000000,1944.000000,1956.700000,2827
2017-12-05T13:15:00+05:30,1956.750000,1956.750000,1944.300000,1950.000000,559
2017-12-05T13:30:00+05:30,1950.000000,1950.000000,1949.000000,1949.950000,322
2017-12-05T13:45:00+05:30,1949.950000,1949.950000,1945.850000,1945.850000,509
2017-12-05T14:00:00+05:30,1945.850000,1948.550000,1937.700000,1940.000000,1046
2017-12-05T14:15:00+05:30,1940.000000,1940.000000,1937.000000,1938.950000,5090
2017-12-05T14:30:00+05:30,1938.950000,1938.950000,1919.200000,1920.000000,4687
2017-12-05T14:45:00+05:30,1920.000000,1927.750000,1918.900000,1922.550000,1018
2017-12-05T15:00:00+05:30,1922.550000,1928.400000,1921.650000,1924.300000,768
2017-12-05T15:15:00+05:30,1924.300000,1934.950000,1912.050000,1916.050000,6228
2017-12-06T09:15:00+05:30,1921.000000,1934.800000,1921.000000,1934.600000,201
2017-12-06T09:30:00+05:30,1934.600000,1938.000000,1926.100000,1928.750000,454
2017-12-06T09:45:00+05:30,1928.750000,1930.000000,1926.000000,1926.000000,382
2017-12-06T10:00:00+05:30,1926.000000,1929.800000,1924.000000,1925.200000,254
2017-12-06T10:15:00+05:30,1925.200000,1926.850000,1925.200000,1926.750000,19
2017-12-06T10:30:00+05:30,1926.750000,1927.000000,1926.050000,1927.000000,165
2017-12-06T10:45:00+05:30,1927.000000,1927.000000,1926.550000,1926.650000,107
2017-12-06T11:00:00+05:30,1926.650000,1927.000000,1925.250000,1925.800000,643
2017-12-06T11:15:00+05:30,1925.800000,1927.000000,1925.000000,1926.900000,176
2017-12-06T11:30:00+05:30,1926.900000,1927.950000,1923.700000,1925.900000,1076
2017-12-06T11:45:00+05:30,1925.900000,1926.500000,1925.000000,1926.500000,118
2017-12-06T12:00:00+05:30,1926.500000,1926.950000,1926.050000,1926.550000,104
2017-12-06T12:15:00+05:30,1926.550000,1927.000000,1926.550000,1926.800000,137
2017-12-06T12:30:00+05:30,1926.800000,1927.000000,1923.400000,1927.000000,286
2017-12-06T12:45:00+05:30,1927.000000,1927.000000,1920.350000,1920.350000,561
2017-12-06T13:00:00+05:30,1920.350000,1926.050000,1920.350000,1926.050000,100
2017-12-06T13:15:00+05:30,1926.050000,1926.700000,1926.050000,1926.700000,42
2017-12-06T13:30:00+05:30,1926.700000,1928.000000,1926.350000,1927.150000,239
2017-12-06T13:45:00+05:30,1927.150000,1928.000000,1921.550000,1921.600000,873
2017-12-06T14:00:00+05:30,1921.600000,1926.600000,1921.600000,1926.600000,409
2017-12-06T14:15:00+05:30,1926.600000,1928.000000,1926.550000,1926.800000,467
2017-12-06T14:30:00+05:30,1926.850000,1927.000000,1923.350000,1926.300000,234
2017-12-06T14:45:00+05:30,1926.300000,1926.500000,1922.000000,1924.900000,448
2017-12-06T15:00:00+05:30,1924.900000,1926.500000,1915.450000,1918.700000,1042
2017-12-06T15:15:00+05:30,1918.700000,1936.000000,1908.100000,1917.150000,5704
2017-12-07T09:15:00+05:30,1928.000000,1937.000000,1917.150000,1932.000000,644
2017-12-07T09:30:00+05:30,1932.000000,1937.900000,1932.000000,1932.050000,378
2017-12-07T09:45:00+05:30,1932.050000,1938.000000,1932.000000,1932.000000,434
2017-12-07T10:00:00+05:30,1932.000000,1950.000000,1932.000000,1937.750000,1052
2017-12-07T10:15:00+05:30,1937.750000,1945.000000,1936.000000,1939.750000,401
2017-12-07T10:30:00+05:30,1943.850000,1943.850000,1932.600000,1940.550000,449
2017-12-07T10:45:00+05:30,1940.550000,1943.250000,1937.300000,1939.900000,161
2017-12-07T11:00:00+05:30,1939.950000,1943.150000,1932.050000,1935.000000,811
2017-12-07T11:15:00+05:30,1935.000000,1935.000000,1932.750000,1934.250000,411
2017-12-07T11:30:00+05:30,1934.250000,1934.950000,1925.000000,1930.000000,1041
2017-12-07T11:45:00+05:30,1930.000000,1930.000000,1927.850000,1929.450000,279
2017-12-07T12:00:00+05:30,1929.450000,1930.000000,1929.300000,1929.550000,390
2017-12-07T12:15:00+05:30,1929.550000,1929.950000,1928.500000,1929.900000,318
2017-12-07T12:30:00+05:30,1929.900000,1929.950000,1916.550000,1919.950000,1632
2017-12-07T12:45:00+05:30,1919.950000,1920.000000,1918.900000,1919.000000,500
2017-12-07T13:00:00+05:30,1919.000000,1920.000000,1917.050000,1917.500000,656
2017-12-07T13:15:00+05:30,1917.500000,1919.950000,1910.850000,1912.050000,602
2017-12-07T13:30:00+05:30,1912.050000,1919.600000,1912.050000,1917.550000,385
2017-12-07T13:45:00+05:30,1917.550000,1920.000000,1905.250000,1909.850000,1830
2017-12-07T14:00:00+05:30,1909.850000,1910.000000,1907.000000,1908.100000,990
2017-12-07T14:15:00+05:30,1908.100000,1912.950000,1907.000000,1909.250000,815
2017-12-07T14:30:00+05:30,1909.250000,1918.900000,1909.000000,1916.000000,839
2017-12-07T14:45:00+05:30,1915.950000,1919.000000,1901.200000,1902.000000,2431
2017-12-07T15:00:00+05:30,1902.550000,1910.000000,1895.000000,1908.950000,2890
2017-12-07T15:15:00+05:30,1908.000000,1920.000000,1900.000000,1902.000000,6101
2017-12-08T09:15:00+05:30,1912.050000,1926.650000,1912.000000,1924.000000,363
2017-12-08T09:30:00+05:30,1924.000000,1924.950000,1914.500000,1918.650000,644
2017-12-08T09:45:00+05:30,1918.650000,1925.000000,1914.550000,1925.000000,154
2017-12-08T10:00:00+05:30,1925.000000,1925.000000,1922.400000,1924.500000,227
2017-12-08T10:15:00+05:30,1924.500000,1926.300000,1919.800000,1920.000000,211
2017-12-08T10:30:00+05:30,1922.350000,1926.000000,1918.000000,1924.250000,328
2017-12-08T10:45:00+05:30,1924.250000,1924.950000,1918.100000,1920.100000,361
2017-12-08T11:00:00+05:30,1920.050000,1921.950000,1914.150000,1916.350000,397
2017-12-08T11:15:00+05:30,1916.350000,1920.000000,1914.000000,1919.000000,701
2017-12-08T11:30:00+05:30,1919.000000,1922.000000,1917.700000,1922.000000,543
2017-12-08T11:45:00+05:30,1919.300000,1922.000000,1919.000000,1919.800000,259
2017-12-08T12:00:00+05:30,1919.800000,1925.700000,1919.600000,1925.050000,131
2017-12-08T12:15:00+05:30,1925.050000,1925.050000,1919.000000,1919.550000,321
2017-12-08T12:30:00+05:30,1919.550000,1922.400000,1919.550000,1922.400000,210
2017-12-08T12:45:00+05:30,1922.400000,1924.900000,1922.400000,1924.000000,218
2017-12-08T13:00:00+05:30,1924.900000,1925.000000,1924.500000,1925.000000,116
2017-12-08T13:15:00+05:30,1925.000000,1925.000000,1920.000000,1924.000000,692
2017-12-08T13:30:00+05:30,1924.000000,1924.800000,1920.600000,1924.800000,232
2017-12-08T13:45:00+05:30,1924.800000,1934.950000,1924.550000,1930.000000,731
2017-12-08T14:00:00+05:30,1930.000000,1933.600000,1925.000000,1929.000000,312
2017-12-08T14:15:00+05:30,1929.000000,1930.000000,1928.950000,1929.950000,140
2017-12-08T14:30:00+05:30,1929.950000,1930.000000,1927.600000,1928.550000,240
2017-12-08T14:45:00+05:30,1928.550000,1930.000000,1926.050000,1930.000000,172
2017-12-08T15:00:00+05:30,1930.000000,1939.850000,1929.100000,1935.000000,1016
2017-12-08T15:15:00+05:30,1935.000000,1967.000000,1932.800000,1955.300000,9863
2017-12-11T09:15:00+05:30,1950.950000,1964.950000,1934.000000,1960.000000,670
2017-12-11T09:30:00+05:30,1960.000000,1962.750000,1954.800000,1962.750000,403
2017-12-11T09:45:00+05:30,1962.750000,1974.450000,1962.600000,1973.450000,1016
2017-12-11T10:00:00+05:30,1973.450000,1973.450000,1966.300000,1973.400000,294
2017-12-11T10:15:00+05:30,1973.400000,1973.450000,1963.550000,1973.450000,426
2017-12-11T10:30:00+05:30,1973.450000,1994.000000,1973.450000,1990.500000,2339
2017-12-11T10:45:00+05:30,1990.500000,1997.000000,1987.150000,1994.000000,2140
2017-12-11T11:00:00+05:30,1994.000000,1996.000000,1981.050000,1989.050000,961
2017-12-11T11:15:00+05:30,1989.050000,2034.000000,1989.050000,2026.000000,11459
2017-12-11T11:30:00+05:30,2026.000000,2039.900000,2008.100000,2033.350000,7297
2017-12-11T11:45:00+05:30,2033.350000,2087.000000,2024.050000,2079.950000,15851
2017-12-11T12:00:00+05:30,2079.950000,2080.000000,2061.100000,2065.250000,6424
2017-12-11T12:15:00+05:30,2065.250000,2078.000000,2050.200000,2058.200000,4213
2017-12-11T12:30:00+05:30,2058.200000,2062.000000,2020.000000,2048.000000,10280
2017-12-11T12:45:00+05:30,2047.950000,2048.500000,2030.000000,2040.000000,1500
2017-12-11T13:00:00+05:30,2040.000000,2041.400000,2030.000000,2037.600000,2383
2017-12-11T13:15:00+05:30,2037.600000,2043.500000,2035.400000,2037.050000,1626
2017-12-11T13:30:00+05:30,2037.050000,2040.000000,2035.000000,2036.000000,859
2017-12-11T13:45:00+05:30,2036.000000,2044.000000,2030.000000,2040.000000,1626
2017-12-11T14:00:00+05:30,2040.000000,2044.950000,2036.400000,2042.000000,564
2017-12-11T14:15:00+05:30,2042.000000,2063.700000,2040.000000,2058.850000,1845
2017-12-11T14:30:00+05:30,2058.850000,2082.000000,2058.050000,2068.400000,5646
2017-12-11T14:45:00+05:30,2068.400000,2080.000000,2051.500000,2060.300000,3642
2017-12-11T15:00:00+05:30,2060.300000,2062.000000,2049.950000,2057.000000,3316
2017-12-11T15:15:00+05:30,2057.000000,2057.000000,2021.650000,2032.050000,6969
2017-12-12T09:15:00+05:30,2035.000000,2063.150000,2035.000000,2058.950000,2439
2017-12-12T09:30:00+05:30,2058.950000,2070.000000,2052.100000,2063.050000,2300
2017-12-12T09:45:00+05:30,2066.250000,2066.300000,2060.000000,2060.750000,1623
2017-12-12T10:00:00+05:30,2060.750000,2075.000000,2060.750000,2069.750000,1624
2017-12-12T10:15:00+05:30,2069.750000,2073.950000,2063.400000,2071.000000,1759
2017-12-12T10:30:00+05:30,2071.000000,2071.000000,2062.000000,2067.150000,836
2017-12-12T10:45:00+05:30,2067.150000,2069.900000,2060.000000,2064.350000,1154
2017-12-12T11:00:00+05:30,2064.350000,2064.900000,2060.000000,2063.700000,235
2017-12-12T11:15:00+05:30,2063.700000,2067.200000,2063.450000,2065.650000,793
2017-12-12T11:30:00+05:30,2065.650000,2065.850000,2063.600000,2063.600000,287
2017-12-12T11:45:00+05:30,2063.600000,2065.100000,2060.000000,2062.650000,452
2017-12-12T12:00:00+05:30,2062.650000,2064.800000,2058.150000,2058.650000,375
2017-12-12T12:15:00+05:30,2058.150000,2060.900000,2058.150000,2059.450000,329
2017-12-12T12:30:00+05:30,2059.450000,2064.700000,2059.450000,2063.850000,449
2017-12-12T12:45:00+05:30,2063.850000,2064.000000,2060.150000,2060.250000,435
2017-12-12T13:00:00+05:30,2060.250000,2063.400000,2060.150000,2062.750000,152
2017-12-12T13:15:00+05:30,2062.750000,2063.450000,2062.750000,2063.100000,269
2017-12-12T13:30:00+05:30,2063.100000,2063.250000,2060.750000,2062.550000,184
2017-12-12T13:45:00+05:30,2062.550000,2072.000000,2062.050000,2070.950000,1109
2017-12-12T14:00:00+05:30,2070.900000,2070.900000,2065.000000,2068.300000,537
2017-12-12T14:15:00+05:30,2068.300000,2068.300000,2060.000000,2065.000000,858
2017-12-12T14:30:00+05:30,2064.950000,2064.950000,2059.000000,2062.100000,719
2017-12-12T14:45:00+05:30,2062.100000,2065.000000,2061.000000,2064.250000,1335
2017-12-12T15:00:00+05:30,2064.250000,2067.750000,2042.050000,2044.950000,1699
2017-12-12T15:15:00+05:30,2049.550000,2050.000000,2045.000000,2050.000000,2558
2017-12-13T09:15:00+05:30,2049.700000,2051.000000,2025.000000,2045.000000,690
2017-12-13T09:30:00+05:30,2045.000000,2048.800000,2041.900000,2048.500000,1134
2017-12-13T09:45:00+05:30,2048.500000,2055.000000,2039.950000,2044.000000,1180
2017-12-13T10:00:00+05:30,2044.000000,2044.000000,2035.400000,2036.600000,1095
2017-12-13T10:15:00+05:30,2036.600000,2041.000000,2022.050000,2031.700000,5151
2017-12-13T10:30:00+05:30,2031.700000,2040.900000,2031.350000,2039.450000,582
2017-12-13T10:45:00+05:30,2039.450000,2039.900000,2037.100000,2039.900000,222
2017-12-13T11:00:00+05:30,2039.900000,2043.900000,2038.650000,2040.000000,754
2017-12-13T11:15:00+05:30,2040.000000,2043.900000,2030.600000,2038.200000,1374
2017-12-13T11:30:00+05:30,2038.200000,2039.900000,2034.650000,2039.750000,275
2017-12-13T11:45:00+05:30,2039.750000,2039.750000,2024.950000,2028.800000,4366
2017-12-13T12:00:00+05:30,2028.500000,2030.000000,2028.350000,2030.000000,753
2017-12-13T12:15:00+05:30,2030.000000,2030.000000,2029.150000,2030.000000,321
2017-12-13T12:30:00+05:30,2030.000000,2030.000000,2028.000000,2030.000000,294
2017-12-13T12:45:00+05:30,2030.000000,2030.000000,2027.400000,2030.000000,185
2017-12-13T13:00:00+05:30,2030.000000,2030.000000,2027.550000,2028.000000,209
2017-12-13T13:15:00+05:30,2028.000000,2028.850000,2023.550000,2024.950000,1695
2017-12-13T13:30:00+05:30,2024.950000,2024.950000,2010.000000,2019.950000,1055
2017-12-13T13:45:00+05:30,2019.950000,2024.950000,2015.550000,2023.850000,468
2017-12-13T14:00:00+05:30,2023.850000,2023.950000,2013.150000,2017.650000,668
2017-12-13T14:15:00+05:30,2017.650000,2018.950000,2012.300000,2015.000000,263
2017-12-13T14:30:00+05:30,2015.000000,2017.900000,2013.100000,2016.800000,612
2017-12-13T14:45:00+05:30,2016.800000,2017.300000,1995.050000,2006.100000,2977
2017-12-13T15:00:00+05:30,2006.100000,2008.000000,2000.000000,2005.000000,742
2017-12-13T15:15:00+05:30,2005.000000,2005.000000,1981.200000,1990.000000,2298
2017-12-14T09:15:00+05:30,2009.950000,2009.950000,1986.750000,1990.000000,564
2017-12-14T09:30:00+05:30,1990.000000,2009.950000,1984.750000,1986.000000,2480
2017-12-14T09:45:00+05:30,1986.000000,1988.900000,1975.800000,1983.950000,268
2017-12-14T10:00:00+05:30,1983.950000,1988.000000,1982.000000,1988.000000,548
2017-12-14T10:15:00+05:30,1988.000000,1988.000000,1984.950000,1985.950000,115
2017-12-14T10:30:00+05:30,1985.000000,1985.000000,1979.000000,1984.000000,941
2017-12-14T10:45:00+05:30,1984.000000,1984.000000,1975.850000,1980.000000,73
2017-12-14T11:00:00+05:30,1977.900000,1983.000000,1977.850000,1980.050000,151
2017-12-14T11:15:00+05:30,1980.050000,1980.050000,1969.000000,1972.000000,412
2017-12-14T11:30:00+05:30,1972.000000,1978.950000,1965.000000,1972.000000,608
2017-12-14T11:45:00+05:30,1972.000000,1974.000000,1970.000000,1973.950000,91
2017-12-14T12:00:00+05:30,1973.950000,1973.950000,1970.050000,1970.650000,165
2017-12-14T12:15:00+05:30,1970.650000,1975.000000,1970.650000,1974.000000,101
2017-12-14T12:30:00+05:30,1974.000000,1977.000000,1970.000000,1974.950000,300
2017-12-14T12:45:00+05:30,1971.800000,1975.000000,1961.050000,1970.000000,286
2017-12-14T13:00:00+05:30,1970.000000,1970.000000,1967.500000,1969.950000,736
2017-12-14T13:15:00+05:30,1969.950000,1970.000000,1967.600000,1970.000000,571
2017-12-14T13:30:00+05:30,1970.000000,1970.000000,1969.350000,1969.450000,193
2017-12-14T13:45:00+05:30,1969.450000,1970.000000,1963.300000,1967.100000,304
2017-12-14T14:00:00+05:30,1967.100000,1970.000000,1961.150000,1967.900000,487
2017-12-14T14:15:00+05:30,1967.900000,1970.000000,1965.050000,1967.750000,279
2017-12-14T14:30:00+05:30,1967.750000,1971.150000,1966.650000,1968.050000,362
2017-12-14T14:45:00+05:30,1968.050000,1970.000000,1966.150000,1969.950000,600
2017-12-14T15:00:00+05:30,1966.800000,1987.950000,1965.300000,1970.000000,3359
2017-12-14T15:15:00+05:30,1970.000000,1987.900000,1965.000000,1987.900000,5519
2017-12-15T09:15:00+05:30,1972.150000,2000.000000,1972.150000,1990.950000,458
2017-12-15T09:30:00+05:30,1993.000000,1994.900000,1979.500000,1979.900000,1700
2017-12-15T09:45:00+05:30,1980.000000,1980.000000,1979.950000,1980.000000,1273
2017-12-15T10:00:00+05:30,1980.000000,1980.000000,1980.000000,1980.000000,420
2017-12-15T10:15:00+05:30,1980.000000,1980.000000,1980.000000,1980.000000,231
2017-12-15T10:30:00+05:30,1980.000000,1980.000000,1979.550000,1980.000000,416
2017-12-15T10:45:00+05:30,1980.000000,1980.000000,1977.550000,1977.550000,617
2017-12-15T11:00:00+05:30,1977.550000,1980.000000,1973.850000,1979.950000,962
2017-12-15T11:15:00+05:30,1979.950000,1981.000000,1975.000000,1977.350000,4467
2017-12-15T11:30:00+05:30,1977.350000,1979.550000,1977.350000,1979.550000,363
2017-12-15T11:45:00+05:30,1979.550000,1979.550000,1977.000000,1977.000000,357
2017-12-15T12:00:00+05:30,1977.000000,1979.550000,1977.000000,1979.550000,427
2017-12-15T12:15:00+05:30,1979.550000,1979.550000,1975.250000,1978.900000,430
2017-12-15T12:30:00+05:30,1978.900000,1979.550000,1978.100000,1979.550000,491
2017-12-15T12:45:00+05:30,1979.550000,1980.000000,1979.000000,1980.000000,644
2017-12-15T13:00:00+05:30,1980.000000,1980.000000,1979.900000,1979.950000,328
2017-12-15T13:15:00+05:30,1979.950000,1979.950000,1978.950000,1978.950000,261
2017-12-15T13:30:00+05:30,1978.950000,1979.000000,1978.000000,1978.000000,397
2017-12-15T13:45:00+05:30,1978.000000,1979.800000,1976.500000,1979.800000,219
2017-12-15T14:00:00+05:30,1979.800000,1980.000000,1978.050000,1979.950000,227
2017-12-15T14:15:00+05:30,1979.950000,1980.000000,1979.550000,1980.000000,742
2017-12-15T14:30:00+05:30,1980.000000,1982.000000,1978.850000,1979.950000,304
2017-12-15T14:45:00+05:30,1979.950000,1979.950000,1941.750000,1965.650000,3987
2017-12-15T15:00:00+05:30,1965.650000,1984.350000,1965.650000,1980.000000,8104
2017-12-15T15:15:00+05:30,1980.000000,2010.700000,1970.150000,1980.000000,12527
2017-12-18T09:15:00+05:30,1982.950000,1982.950000,1953.750000,1955.000000,457
2017-12-18T09:30:00+05:30,1955.000000,1981.600000,1955.000000,1981.100000,372
2017-12-18T09:45:00+05:30,1985.000000,1997.000000,1985.000000,1989.850000,440
2017-12-18T10:00:00+05:30,1989.850000,1994.800000,1987.200000,1994.800000,530
2017-12-18T10:15:00+05:30,1994.800000,1998.450000,1989.850000,1998.450000,192
2017-12-18T10:30:00+05:30,1998.450000,1999.000000,1995.300000,1998.550000,234
2017-12-18T10:45:00+05:30,1998.550000,2007.000000,1995.200000,2001.600000,298
2017-12-18T11:00:00+05:30,2001.600000,2007.850000,1996.900000,2007.000000,441
2017-12-18T11:15:00+05:30,2007.000000,2010.050000,2000.000000,2002.650000,430
2017-12-18T11:30:00+05:30,2002.650000,2002.650000,1996.900000,2000.550000,69
2017-12-18T11:45:00+05:30,2001.000000,2008.200000,2000.000000,2001.000000,71
2017-12-18T12:00:00+05:30,2001.000000,2002.700000,2000.600000,2000.600000,123
2017-12-18T12:15:00+05:30,2000.600000,2001.500000,1989.100000,1989.100000,312
2017-12-18T12:30:00+05:30,1989.100000,1996.000000,1989.100000,1996.000000,265
2017-12-18T12:45:00+05:30,1996.000000,1996.000000,1989.800000,1991.950000,208
2017-12-18T13:00:00+05:30,1991.950000,1996.000000,1989.800000,1989.800000,208
2017-12-18T13:15:00+05:30,1989.800000,1989.800000,1987.000000,1988.000000,311
2017-12-18T13:30:00+05:30,1989.800000,1989.800000,1987.350000,1987.650000,24
2017-12-18T13:45:00+05:30,1987.650000,1990.500000,1987.550000,1990.350000,19
2017-12-18T14:00:00+05:30,1990.350000,1995.950000,1990.350000,1993.300000,57
2017-12-18T14:15:00+05:30,1993.300000,1995.650000,1992.500000,1995.000000,290
2017-12-18T14:30:00+05:30,1994.600000,1996.750000,1975.800000,1980.000000,601
2017-12-18T14:45:00+05:30,1980.000000,1982.700000,1976.450000,1978.100000,867
2017-12-18T15:00:00+05:30,1986.200000,1986.200000,1978.700000,1979.000000,5272
2017-12-18T15:15:00+05:30,1979.000000,1981.800000,1960.000000,1962.100000,6231
2017-12-19T09:15:00+05:30,2000.000000,2009.950000,1992.150000,2002.050000,1966
2017-12-19T09:30:00+05:30,2004.800000,2005.950000,2002.000000,2005.950000,733
2017-12-19T09:45:00+05:30,2005.950000,2024.900000,2002.800000,2019.800000,1293
2017-12-19T10:00:00+05:30,2019.800000,2019.800000,2006.000000,2013.000000,808
2017-12-19T10:15:00+05:30,2013.000000,2017.000000,2011.650000,2014.950000,492
2017-12-19T10:30:00+05:30,2014.950000,2014.950000,2010.050000,2012.900000,287
2017-12-19T10:45:00+05:30,2012.900000,2012.900000,2007.050000,2009.000000,406
2017-12-19T11:00:00+05:30,2009.000000,2010.700000,2002.000000,2006.500000,464
2017-12-19T11:15:00+05:30,2006.500000,2010.000000,2002.050000,2009.800000,246
2017-12-19T11:30:00+05:30,2009.800000,2009.800000,2004.200000,2009.800000,391
2017-12-19T11:45:00+05:30,2009.800000,2011.400000,1998.200000,2000.000000,662
2017-12-19T12:00:00+05:30,2000.000000,2002.000000,1995.000000,2000.000000,400
2017-12-19T12:15:00+05:30,2000.000000,2005.000000,1998.000000,2004.900000,313
2017-12-19T12:30:00+05:30,2002.950000,2005.000000,2000.050000,2005.000000,193
2017-12-19T12:45:00+05:30,2005.000000,2008.950000,2002.150000,2008.000000,301
2017-12-19T13:00:00+05:30,2008.000000,2008.950000,2004.000000,2008.500000,199
2017-12-19T13:15:00+05:30,2008.500000,2008.800000,2004.000000,2005.000000,1068
2017-12-19T13:30:00+05:30,2005.000000,2005.000000,2002.950000,2003.750000,434
2017-12-19T13:45:00+05:30,2003.750000,2007.200000,2003.450000,2007.200000,169
2017-12-19T14:00:00+05:30,2007.200000,2009.800000,2004.000000,2009.500000,216
2017-12-19T14:15:00+05:30,2009.500000,2009.500000,2006.250000,2007.800000,384
2017-12-19T14:30:00+05:30,2007.800000,2016.950000,2004.350000,2016.500000,998
2017-12-19T14:45:00+05:30,2016.500000,2017.000000,2007.550000,2017.000000,457
2017-12-19T15:00:00+05:30,2017.700000,2017.700000,2000.000000,2002.850000,2400
2017-12-19T15:15:00+05:30,2002.850000,2004.900000,1990.000000,1995.700000,4387
2017-12-20T09:15:00+05:30,2009.000000,2025.850000,2005.500000,2024.950000,1531
2017-12-20T09:30:00+05:30,2024.950000,2025.900000,2018.200000,2024.000000,1275
2017-12-20T09:45:00+05:30,2024.000000,2030.050000,2020.000000,2027.900000,1034
2017-12-20T10:00:00+05:30,2027.900000,2027.900000,2021.150000,2022.000000,664
2017-12-20T10:15:00+05:30,2022.000000,2025.000000,2021.000000,2022.500000,456
2017-12-20T10:30:00+05:30,2022.500000,2023.900000,2016.000000,2018.000000,736
2017-12-20T10:45:00+05:30,2018.000000,2023.000000,2017.950000,2020.850000,349
2017-12-20T11:00:00+05:30,2020.850000,2023.000000,2020.500000,2022.400000,1003
2017-12-20T11:15:00+05:30,2022.400000,2024.950000,2021.250000,2023.050000,639
2017-12-20T11:30:00+05:30,2023.050000,2025.000000,2020.000000,2020.000000,512
2017-12-20T11:45:00+05:30,2020.000000,2025.000000,2019.950000,2025.000000,481
2017-12-20T12:00:00+05:30,2024.150000,2025.000000,2023.000000,2025.000000,1156
2017-12-20T12:15:00+05:30,2025.000000,2028.500000,2023.000000,2024.800000,724
2017-12-20T12:30:00+05:30,2024.800000,2029.000000,2024.800000,2028.850000,316
2017-12-20T12:45:00+05:30,2028.850000,2029.000000,2026.600000,2029.000000,368
2017-12-20T13:00:00+05:30,2029.000000,2029.000000,2026.000000,2028.500000,250
2017-12-20T13:15:00+05:30,2028.500000,2029.000000,2027.600000,2029.000000,266
2017-12-20T13:30:00+05:30,2029.000000,2029.000000,2021.300000,2029.000000,610
2017-12-20T13:45:00+05:30,2029.000000,2029.800000,2027.500000,2029.800000,461
2017-12-20T14:00:00+05:30,2029.800000,2035.000000,2029.050000,2032.150000,1626
2017-12-20T14:15:00+05:30,2032.150000,2034.500000,2026.850000,2032.950000,426
2017-12-20T14:30:00+05:30,2032.950000,2050.000000,2028.000000,2034.900000,6671
2017-12-20T14:45:00+05:30,2034.900000,2041.950000,2021.500000,2022.650000,4133
2017-12-20T15:00:00+05:30,2022.650000,2025.300000,2013.750000,2020.000000,1975
2017-12-20T15:15:00+05:30,2020.000000,2028.000000,2020.000000,2028.000000,1868
2017-12-21T09:15:00+05:30,2031.300000,2037.950000,2026.000000,2035.400000,486
2017-12-21T09:30:00+05:30,2035.400000,2055.000000,2035.400000,2053.000000,1179
2017-12-21T09:45:00+05:30,2053.000000,2064.950000,2052.900000,2055.600000,2411
2017-12-21T10:00:00+05:30,2055.600000,2064.000000,2055.500000,2060.650000,708
2017-12-21T10:15:00+05:30,2060.650000,2063.000000,2055.000000,2056.000000,544
2017-12-21T10:30:00+05:30,2056.000000,2056.000000,2045.050000,2050.000000,525
2017-12-21T10:45:00+05:30,2050.000000,2050.000000,2043.750000,2045.000000,577
2017-12-21T11:00:00+05:30,2045.000000,2050.000000,2044.200000,2049.950000,279
2017-12-21T11:15:00+05:30,2049.950000,2050.000000,2046.900000,2050.000000,235
2017-12-21T11:30:00+05:30,2049.950000,2050.000000,2047.650000,2050.000000,511
2017-12-21T11:45:00+05:30,2049.200000,2050.000000,2048.500000,2048.600000,108
2017-12-21T12:00:00+05:30,2048.600000,2050.000000,2048.600000,2050.000000,435
2017-12-21T12:15:00+05:30,2050.000000,2050.000000,2049.200000,2049.200000,432
2017-12-21T12:30:00+05:30,2049.200000,2049.400000,2042.300000,2042.900000,465
2017-12-21T12:45:00+05:30,2042.900000,2048.850000,2042.900000,2044.750000,223
2017-12-21T13:00:00+05:30,2044.750000,2050.000000,2044.750000,2050.000000,306
2017-12-21T13:15:00+05:30,2050.000000,2050.000000,2048.850000,2050.000000,441
2017-12-21T13:30:00+05:30,2048.600000,2050.000000,2048.600000,2049.500000,86
2017-12-21T13:45:00+05:30,2050.000000,2050.000000,2049.150000,2050.000000,239
2017-12-21T14:00:00+05:30,2050.000000,2055.500000,2049.550000,2055.000000,755
2017-12-21T14:15:00+05:30,2055.000000,2055.000000,2054.700000,2054.850000,270
2017-12-21T14:30:00+05:30,2054.700000,2054.700000,2042.900000,2048.300000,677
2017-12-21T14:45:00+05:30,2048.450000,2049.850000,2044.150000,2049.850000,326
2017-12-21T15:00:00+05:30,2047.200000,2049.950000,2047.200000,2049.950000,561
2017-12-21T15:15:00+05:30,2049.950000,2051.050000,2042.000000,2049.000000,1595
2017-12-22T09:15:00+05:30,2049.000000,2060.000000,2049.000000,2057.000000,1343
2017-12-22T09:30:00+05:30,2057.000000,2059.950000,2053.650000,2057.000000,868
2017-12-22T09:45:00+05:30,2057.000000,2057.000000,2026.000000,2030.000000,1185
2017-12-22T10:00:00+05:30,2030.000000,2037.950000,2030.000000,2037.850000,188
2017-12-22T10:15:00+05:30,2037.850000,2037.850000,2030.150000,2037.850000,415
2017-12-22T10:30:00+05:30,2035.050000,2035.050000,2027.400000,2030.000000,771
2017-12-22T10:45:00+05:30,2030.000000,2039.950000,2028.600000,2037.250000,1206
2017-12-22T11:00:00+05:30,2035.000000,2039.850000,2035.000000,2036.800000,679
2017-12-22T11:15:00+05:30,2036.800000,2039.800000,2035.100000,2037.150000,132
2017-12-22T11:30:00+05:30,2037.150000,2045.000000,2035.650000,2044.800000,478
2017-12-22T11:45:00+05:30,2044.800000,2048.700000,2039.000000,2044.950000,283
2017-12-22T12:00:00+05:30,2044.950000,2045.000000,2040.950000,2042.000000,62
2017-12-22T12:15:00+05:30,2042.000000,2045.000000,2035.000000,2040.500000,372
2017-12-22T12:30:00+05:30,2040.500000,2045.000000,2040.500000,2045.000000,248
2017-12-22T12:45:00+05:30,2045.000000,2045.900000,2040.500000,2043.850000,143
2017-12-22T13:00:00+05:30,2043.800000,2045.950000,2042.500000,2042.500000,100
2017-12-22T13:15:00+05:30,2042.500000,2043.000000,2035.000000,2043.000000,246
2017-12-22T13:30:00+05:30,2043.000000,2045.700000,2035.150000,2045.700000,27
2017-12-22T13:45:00+05:30,2045.700000,2045.700000,2040.700000,2041.000000,11
2017-12-22T14:00:00+05:30,2041.000000,2050.000000,2037.650000,2040.050000,825
2017-12-22T14:15:00+05:30,2040.050000,2041.000000,2039.700000,2039.700000,13
2017-12-22T14:30:00+05:30,2039.700000,2043.950000,2035.300000,2037.750000,194
2017-12-22T14:45:00+05:30,2037.750000,2043.700000,2035.350000,2038.350000,91
2017-12-22T15:00:00+05:30,2038.350000,2050.000000,2038.350000,2040.750000,1181
2017-12-22T15:15:00+05:30,2040.750000,2050.000000,2040.250000,2050.000000,3934
2017-12-26T09:15:00+05:30,2045.000000,2055.000000,2045.000000,2052.700000,169
2017-12-26T09:30:00+05:30,2052.700000,2054.000000,2047.150000,2050.000000,498
2017-12-26T09:45:00+05:30,2050.000000,2052.000000,2047.000000,2048.600000,209
2017-12-26T10:00:00+05:30,2048.600000,2050.900000,2045.000000,2046.250000,234
2017-12-26T10:15:00+05:30,2046.250000,2046.250000,2038.050000,2040.000000,189
2017-12-26T10:30:00+05:30,2040.000000,2043.950000,2037.100000,2040.700000,106
2017-12-26T10:45:00+05:30,2040.550000,2046.200000,2040.300000,2040.850000,62
2017-12-26T11:00:00+05:30,2040.850000,2044.650000,2032.450000,2040.600000,244
2017-12-26T11:15:00+05:30,2044.950000,2045.000000,2040.550000,2040.900000,61
2017-12-26T11:30:00+05:30,2040.550000,2043.500000,2037.050000,2038.850000,269
2017-12-26T11:45:00+05:30,2038.850000,2045.000000,2038.650000,2040.000000,355
2017-12-26T12:00:00+05:30,2040.000000,2040.000000,2032.000000,2038.700000,401
2017-12-26T12:15:00+05:30,2038.700000,2040.000000,2037.150000,2040.000000,94
2017-12-26T12:30:00+05:30,2040.000000,2040.000000,2036.550000,2036.600000,76
2017-12-26T12:45:00+05:30,2036.600000,2043.950000,2031.800000,2034.000000,345
2017-12-26T13:00:00+05:30,2034.000000,2043.950000,2034.000000,2043.950000,48
2017-12-26T13:15:00+05:30,2043.950000,2045.000000,2039.350000,2045.000000,111
2017-12-26T13:30:00+05:30,2045.000000,2046.000000,2045.000000,2045.650000,130
2017-12-26T13:45:00+05:30,2045.650000,2050.000000,2040.550000,2045.000000,423
2017-12-26T14:00:00+05:30,2045.000000,2048.500000,2043.500000,2048.500000,203
2017-12-26T14:15:00+05:30,2048.500000,2049.800000,2045.800000,2047.400000,61
2017-12-26T14:30:00+05:30,2047.400000,2049.000000,2044.100000,2046.150000,64
2017-12-26T14:45:00+05:30,2046.150000,2046.150000,2040.550000,2042.400000,122
2017-12-26T15:00:00+05:30,2042.400000,2050.000000,2037.350000,2050.000000,1046
2017-12-26T15:15:00+05:30,2050.000000,2053.600000,2046.650000,2050.000000,2750
2017-12-27T09:15:00+05:30,2054.000000,2054.000000,2044.050000,2049.000000,85
2017-12-27T09:30:00+05:30,2049.000000,2050.900000,2044.950000,2049.400000,209
2017-12-27T09:45:00+05:30,2049.400000,2050.000000,2045.000000,2049.450000,393
2017-12-27T10:00:00+05:30,2049.450000,2049.500000,2048.000000,2048.550000,144
2017-12-27T10:15:00+05:30,2048.550000,2049.500000,2045.000000,2045.100000,231
2017-12-27T10:30:00+05:30,2045.100000,2049.500000,2045.100000,2049.500000,60
2017-12-27T10:45:00+05:30,2049.500000,2049.500000,2045.000000,2046.700000,188
2017-12-27T11:00:00+05:30,2046.700000,2050.000000,2045.000000,2047.800000,518
2017-12-27T11:15:00+05:30,2047.800000,2050.000000,2047.000000,2047.000000,34
2017-12-27T11:30:00+05:30,2047.000000,2048.950000,2047.000000,2047.000000,75
2017-12-27T11:45:00+05:30,2047.000000,2048.900000,2047.000000,2048.900000,11
2017-12-27T12:00:00+05:30,2048.900000,2048.900000,2045.050000,2045.050000,69
2017-12-27T12:15:00+05:30,2045.700000,2049.000000,2045.700000,2047.350000,128
2017-12-27T12:30:00+05:30,2050.000000,2050.000000,2047.950000,2047.950000,105
2017-12-27T12:45:00+05:30,2047.950000,2050.000000,2037.650000,2037.700000,1137
2017-12-27T13:00:00+05:30,2037.700000,2040.000000,2034.000000,2039.900000,1126
2017-12-27T13:15:00+05:30,2036.350000,2039.900000,2034.400000,2036.100000,461
2017-12-27T13:30:00+05:30,2036.100000,2044.800000,2034.900000,2038.800000,501
2017-12-27T13:45:00+05:30,2038.800000,2040.000000,2038.000000,2039.950000,1047
2017-12-27T14:00:00+05:30,2039.950000,2040.000000,2036.950000,2040.000000,269
2017-12-27T14:15:00+05:30,2040.000000,2040.000000,2033.800000,2033.950000,1724
2017-12-27T14:30:00+05:30,2032.000000,2036.900000,2022.000000,2025.000000,732
2017-12-27T14:45:00+05:30,2025.000000,2025.000000,2000.050000,2018.000000,2526
2017-12-27T15:00:00+05:30,2018.000000,2054.900000,2018.000000,2048.000000,5460
2017-12-27T15:15:00+05:30,2048.000000,2054.200000,2026.000000,2033.850000,3622
2017-12-28T09:15:00+05:30,2040.000000,2057.000000,2039.600000,2048.000000,1247
2017-12-28T09:30:00+05:30,2047.050000,2050.000000,2045.000000,2049.900000,288
2017-12-28T09:45:00+05:30,2049.900000,2054.800000,2046.750000,2049.250000,547
2017-12-28T10:00:00+05:30,2049.250000,2049.250000,2037.350000,2040.000000,255
2017-12-28T10:15:00+05:30,2040.000000,2047.000000,2037.650000,2041.650000,160
2017-12-28T10:30:00+05:30,2041.650000,2046.000000,2041.650000,2044.950000,302
2017-12-28T10:45:00+05:30,2044.950000,2044.950000,2040.850000,2040.850000,38
2017-12-28T11:00:00+05:30,2040.850000,2046.250000,2040.850000,2046.250000,132
2017-12-28T11:15:00+05:30,2046.250000,2046.800000,2043.300000,2046.800000,100
2017-12-28T11:30:00+05:30,2046.800000,2046.800000,2040.200000,2040.200000,111
2017-12-28T11:45:00+05:30,2040.200000,2041.550000,2031.800000,2032.850000,441
2017-12-28T12:00:00+05:30,2032.850000,2039.000000,2032.850000,2039.000000,216
2017-12-28T12:15:00+05:30,2039.000000,2039.000000,2033.650000,2035.600000,216
2017-12-28T12:30:00+05:30,2035.600000,2036.000000,2034.900000,2034.900000,66
2017-12-28T12:45:00+05:30,2034.900000,2036.000000,2034.900000,2034.900000,88
2017-12-28T13:00:00+05:30,2035.950000,2039.000000,2035.850000,2036.000000,257
2017-12-28T13:15:00+05:30,2036.000000,2039.000000,2034.900000,2039.000000,122
2017-12-28T13:30:00+05:30,2039.000000,2039.000000,2035.500000,2036.500000,18
2017-12-28T13:45:00+05:30,2036.500000,2047.000000,2033.500000,2036.000000,197
2017-12-28T14:00:00+05:30,2036.000000,2042.200000,2035.300000,2037.600000,47
2017-12-28T14:15:00+05:30,2037.600000,2040.400000,2036.300000,2040.400000,16
2017-12-28T14:30:00+05:30,2040.400000,2042.200000,2036.350000,2042.200000,147
2017-12-28T14:45:00+05:30,2042.200000,2044.000000,2038.100000,2043.950000,146
2017-12-28T15:00:00+05:30,2041.950000,2056.950000,2038.800000,2050.000000,2083
2017-12-28T15:15:00+05:30,2050.000000,2054.900000,2042.750000,2050.000000,5256
2017-12-29T09:15:00+05:30,2045.000000,2055.000000,2045.000000,2055.000000,382
2017-12-29T09:30:00+05:30,2055.000000,2055.000000,2046.100000,2051.050000,131
2017-12-29T09:45:00+05:30,2051.050000,2054.000000,2045.100000,2049.950000,170
2017-12-29T10:00:00+05:30,2048.100000,2050.250000,2048.100000,2050.250000,265
2017-12-29T10:15:00+05:30,2050.250000,2050.500000,2048.150000,2048.850000,178
2017-12-29T10:30:00+05:30,2048.850000,2048.850000,2042.300000,2046.000000,106
2017-12-29T10:45:00+05:30,2046.000000,2049.200000,2044.000000,2044.000000,127
2017-12-29T11:00:00+05:30,2044.000000,2050.000000,2044.000000,2046.250000,54
2017-12-29T11:15:00+05:30,2050.000000,2051.250000,2050.000000,2050.000000,554
2017-12-29T11:30:00+05:30,2050.000000,2080.000000,2050.000000,2076.750000,3852
2017-12-29T11:45:00+05:30,2076.750000,2095.000000,2071.900000,2083.000000,10034
2017-12-29T12:00:00+05:30,2083.000000,2084.150000,2073.000000,2078.000000,1798
2017-12-29T12:15:00+05:30,2078.000000,2078.000000,2059.050000,2065.000000,1078
2017-12-29T12:30:00+05:30,2065.000000,2072.600000,2065.000000,2065.050000,317
2017-12-29T12:45:00+05:30,2065.050000,2068.750000,2065.050000,2065.150000,84
2017-12-29T13:00:00+05:30,2065.150000,2066.550000,2062.950000,2064.100000,355
2017-12-29T13:15:00+05:30,2064.100000,2064.100000,2052.650000,2053.000000,782
2017-12-29T13:30:00+05:30,2053.000000,2072.000000,2053.000000,2070.000000,424
2017-12-29T13:45:00+05:30,2070.000000,2075.000000,2054.550000,2060.000000,799
2017-12-29T14:00:00+05:30,2060.000000,2061.400000,2049.300000,2050.000000,1539
2017-12-29T14:15:00+05:30,2050.000000,2057.850000,2050.000000,2053.900000,592
2017-12-29T14:30:00+05:30,2050.550000,2056.000000,2048.950000,2056.000000,673
2017-12-29T14:45:00+05:30,2056.000000,2059.850000,2054.850000,2055.000000,561
2017-12-29T15:00:00+05:30,2055.000000,2079.000000,2052.800000,2063.300000,3418
2017-12-29T15:15:00+05:30,2070.000000,2083.000000,2040.000000,2040.000000,11228
2018-01-01T09:15:00+05:30,2070.750000,2076.950000,2069.050000,2069.250000,180
2018-01-01T09:30:00+05:30,2069.250000,2072.000000,2065.000000,2070.000000,151
2018-01-01T09:45:00+05:30,2070.000000,2077.450000,2065.050000,2077.450000,386
2018-01-01T10:00:00+05:30,2077.450000,2078.950000,2070.000000,2075.000000,626
2018-01-01T10:15:00+05:30,2075.000000,2078.000000,2071.650000,2077.000000,179
2018-01-01T10:30:00+05:30,2077.000000,2077.000000,2074.100000,2074.150000,46
2018-01-01T10:45:00+05:30,2074.150000,2077.150000,2074.100000,2074.100000,225
2018-01-01T11:00:00+05:30,2076.000000,2076.000000,2074.050000,2074.050000,92
2018-01-01T11:15:00+05:30,2075.000000,2075.000000,2069.800000,2069.800000,146
2018-01-01T11:30:00+05:30,2069.800000,2072.000000,2069.000000,2069.000000,249
2018-01-01T11:45:00+05:30,2069.000000,2071.950000,2067.900000,2070.000000,85
2018-01-01T12:00:00+05:30,2070.000000,2070.000000,2065.000000,2065.000000,69
2018-01-01T12:15:00+05:30,2065.000000,2065.000000,2057.000000,2059.900000,173
2018-01-01T12:30:00+05:30,2059.900000,2064.950000,2059.900000,2062.000000,223
2018-01-01T12:45:00+05:30,2062.000000,2063.000000,2054.450000,2060.200000,261
2018-01-01T13:00:00+05:30,2060.250000,2060.300000,2054.550000,2060.000000,1125
2018-01-01T13:15:00+05:30,2060.000000,2060.000000,2055.000000,2059.300000,93
2018-01-01T13:30:00+05:30,2059.300000,2060.000000,2058.900000,2060.000000,92
2018-01-01T13:45:00+05:30,2059.100000,2065.000000,2059.000000,2059.250000,96
2018-01-01T14:00:00+05:30,2059.000000,2059.000000,2053.050000,2053.750000,240
2018-01-01T14:15:00+05:30,2053.750000,2054.950000,2048.000000,2052.900000,229
2018-01-01T14:30:00+05:30,2049.200000,2056.900000,2047.300000,2055.850000,227
2018-01-01T14:45:00+05:30,2055.850000,2055.850000,2039.550000,2044.300000,415
2018-01-01T15:00:00+05:30,2044.300000,2049.000000,2040.250000,2047.250000,721
2018-01-01T15:15:00+05:30,2047.250000,2056.000000,2035.300000,2055.000000,1063
2018-01-02T09:15:00+05:30,2047.550000,2054.800000,2047.550000,2054.600000,43
2018-01-02T09:30:00+05:30,2054.600000,2059.650000,2045.200000,2045.550000,161
2018-01-02T09:45:00+05:30,2045.550000,2049.950000,2045.550000,2048.100000,68
2018-01-02T10:00:00+05:30,2048.100000,2052.700000,2041.750000,2041.850000,142
2018-01-02T10:15:00+05:30,2041.850000,2052.200000,2041.850000,2052.200000,367
2018-01-02T10:30:00+05:30,2052.200000,2054.850000,2048.900000,2048.900000,183
2018-01-02T10:45:00+05:30,2048.900000,2052.300000,2041.800000,2050.900000,397
2018-01-02T11:00:00+05:30,2050.900000,2050.900000,2043.550000,2047.050000,58
2018-01-02T11:15:00+05:30,2047.050000,2050.000000,2045.950000,2049.000000,870
2018-01-02T11:30:00+05:30,2049.000000,2049.900000,2045.900000,2045.900000,65
2018-01-02T11:45:00+05:30,2045.900000,2050.000000,2045.900000,2048.850000,438
2018-01-02T12:00:00+05:30,2048.850000,2049.800000,2046.700000,2049.000000,14
2018-01-02T12:15:00+05:30,2049.000000,2050.000000,2041.000000,2041.000000,693
2018-01-02T12:30:00+05:30,2041.000000,2050.000000,2041.000000,2050.000000,149
2018-01-02T12:45:00+05:30,2050.000000,2050.000000,2048.000000,2049.850000,134
2018-01-02T13:00:00+05:30,2049.900000,2049.950000,2048.200000,2049.950000,24
2018-01-02T13:15:00+05:30,2048.450000,2049.950000,2042.000000,2045.150000,534
2018-01-02T13:30:00+05:30,2045.150000,2050.000000,2043.200000,2048.000000,38
2018-01-02T13:45:00+05:30,2050.950000,2057.000000,2047.500000,2050.000000,987
2018-01-02T14:00:00+05:30,2050.000000,2050.000000,2049.000000,2049.000000,201
2018-01-02T14:15:00+05:30,2049.000000,2049.000000,2038.800000,2040.000000,725
2018-01-02T14:30:00+05:30,2040.000000,2040.000000,2027.600000,2030.000000,565
2018-01-02T14:45:00+05:30,2030.000000,2042.900000,2030.000000,2042.900000,539
2018-01-02T15:00:00+05:30,2042.900000,2042.950000,2036.500000,2037.500000,601
2018-01-02T15:15:00+05:30,2037.500000,2060.000000,2033.500000,2060.000000,4317
2018-01-03T09:15:00+05:30,2050.000000,2055.000000,2050.000000,2050.000000,81
2018-01-03T09:30:00+05:30,2050.000000,2050.000000,2044.100000,2044.100000,73
2018-01-03T09:45:00+05:30,2044.100000,2050.000000,2044.100000,2050.000000,74
2018-01-03T10:00:00+05:30,2050.000000,2050.000000,2037.150000,2037.150000,256
2018-01-03T10:15:00+05:30,2037.150000,2042.000000,2036.000000,2037.000000,195
2018-01-03T10:30:00+05:30,2037.000000,2042.000000,2037.000000,2041.950000,256
2018-01-03T10:45:00+05:30,2041.950000,2041.950000,2037.050000,2038.000000,208
2018-01-03T11:00:00+05:30,2038.000000,2038.000000,2027.000000,2027.000000,21837
2018-01-03T11:15:00+05:30,2027.000000,2030.000000,2025.150000,2030.000000,1021
2018-01-03T11:30:00+05:30,2030.000000,2030.000000,2029.400000,2030.000000,293
2018-01-03T11:45:00+05:30,2030.000000,2030.000000,2026.000000,2026.000000,423
2018-01-03T12:00:00+05:30,2026.000000,2030.000000,2022.050000,2028.000000,1375
2018-01-03T12:15:00+05:30,2028.000000,2029.950000,2027.050000,2029.950000,121
2018-01-03T12:30:00+05:30,2029.950000,2029.950000,2027.050000,2029.900000,114
2018-01-03T12:45:00+05:30,2029.900000,2030.000000,2026.300000,2030.000000,5166
2018-01-03T13:00:00+05:30,2029.950000,2030.000000,2028.050000,2028.050000,94
2018-01-03T13:15:00+05:30,2028.100000,2030.000000,2023.000000,2026.950000,1337
2018-01-03T13:30:00+05:30,2026.950000,2029.000000,2024.000000,2029.000000,54
2018-01-03T13:45:00+05:30,2029.000000,2029.800000,2028.000000,2029.000000,234
2018-01-03T14:00:00+05:30,2029.000000,2030.000000,2026.600000,2030.000000,454
2018-01-03T14:15:00+05:30,2030.000000,2030.000000,2028.000000,2028.000000,40
2018-01-03T14:30:00+05:30,2026.600000,2028.000000,2019.900000,2020.000000,1514
2018-01-03T14:45:00+05:30,2020.000000,2020.000000,2019.550000,2020.000000,1463
2018-01-03T15:00:00+05:30,2020.000000,2020.000000,2019.000000,2019.000000,707
2018-01-03T15:15:00+05:30,2018.950000,2034.400000,2010.000000,2020.000000,8227
2018-01-04T09:15:00+05:30,2025.000000,2060.050000,2025.000000,2040.000000,2092
2018-01-04T09:30:00+05:30,2040.000000,2040.000000,2031.050000,2040.000000,459
2018-01-04T09:45:00+05:30,2040.000000,2040.000000,2031.350000,2035.000000,119
2018-01-04T10:00:00+05:30,2035.000000,2035.000000,2021.300000,2025.100000,925
2018-01-04T10:15:00+05:30,2025.100000,2026.000000,2023.600000,2025.000000,184
2018-01-04T10:30:00+05:30,2026.350000,2028.000000,2025.300000,2028.000000,322
2018-01-04T10:45:00+05:30,2028.000000,2028.000000,2022.150000,2025.000000,120
2018-01-04T11:00:00+05:30,2025.000000,2026.900000,2024.000000,2026.900000,108
2018-01-04T11:15:00+05:30,2026.900000,2028.000000,2022.400000,2028.000000,463
2018-01-04T11:30:00+05:30,2028.000000,2033.550000,2025.900000,2033.550000,1096
2018-01-04T11:45:00+05:30,2033.550000,2040.000000,2029.000000,2035.000000,573
2018-01-04T12:00:00+05:30,2035.000000,2036.000000,2028.000000,2035.100000,1023
2018-01-04T12:15:00+05:30,2035.100000,2038.950000,2033.700000,2037.650000,144
2018-01-04T12:30:00+05:30,2037.650000,2037.650000,2030.000000,2030.000000,87
2018-01-04T12:45:00+05:30,2028.600000,2028.600000,2020.050000,2024.950000,5260
2018-01-04T13:00:00+05:30,2024.950000,2028.000000,2020.000000,2027.950000,129
2018-01-04T13:15:00+05:30,2027.950000,2033.400000,2026.500000,2030.600000,79
2018-01-04T13:30:00+05:30,2030.600000,2033.350000,2029.950000,2033.350000,189
2018-01-04T13:45:00+05:30,2033.350000,2034.950000,2020.100000,2020.100000,586
2018-01-04T14:00:00+05:30,2020.100000,2029.900000,2020.100000,2025.900000,43
2018-01-04T14:15:00+05:30,2025.900000,2026.950000,2025.900000,2026.950000,1
2018-01-04T14:30:00+05:30,2026.950000,2033.000000,2025.900000,2028.050000,200
2018-01-04T14:45:00+05:30,2028.050000,2031.950000,2028.050000,2031.950000,115
2018-01-04T15:00:00+05:30,2031.950000,2042.200000,2026.650000,2042.200000,706
2018-01-04T15:15:00+05:30,2042.200000,2048.700000,2028.300000,2030.000000,5261
2018-01-05T09:15:00+05:30,2039.950000,2046.000000,2035.300000,2035.300000,299
2018-01-05T09:30:00+05:30,2035.300000,2047.800000,2035.300000,2046.000000,193
2018-01-05T09:45:00+05:30,2046.000000,2048.800000,2045.600000,2048.750000,45
2018-01-05T10:00:00+05:30,2048.750000,2048.750000,2040.550000,2044.000000,204
2018-01-05T10:15:00+05:30,2044.000000,2049.900000,2043.000000,2047.200000,1024
2018-01-05T10:30:00+05:30,2047.200000,2050.000000,2047.200000,2049.950000,446
2018-01-05T10:45:00+05:30,2048.500000,2050.000000,2047.700000,2047.700000,68
2018-01-05T11:00:00+05:30,2047.700000,2047.950000,2041.100000,2044.950000,462
2018-01-05T11:15:00+05:30,2044.950000,2044.950000,2038.800000,2044.950000,155
2018-01-05T11:30:00+05:30,2044.950000,2048.450000,2044.950000,2045.000000,1001
2018-01-05T11:45:00+05:30,2047.900000,2047.900000,2037.050000,2037.050000,804
2018-01-05T12:00:00+05:30,2037.050000,2039.900000,2034.000000,2035.000000,701
2018-01-05T12:15:00+05:30,2035.000000,2035.000000,2034.100000,2034.200000,33
2018-01-05T12:30:00+05:30,2035.000000,2035.000000,2032.000000,2032.000000,163
2018-01-05T12:45:00+05:30,2032.000000,2033.950000,2025.000000,2025.000000,573
2018-01-05T13:00:00+05:30,2025.000000,2035.000000,2023.000000,2030.000000,564
2018-01-05T13:15:00+05:30,2029.600000,2037.950000,2029.600000,2036.950000,172
2018-01-05T13:30:00+05:30,2038.650000,2039.900000,2035.650000,2035.650000,280
2018-01-05T13:45:00+05:30,2035.200000,2040.150000,2033.850000,2040.050000,423
2018-01-05T14:00:00+05:30,2042.150000,2050.000000,2040.050000,2046.950000,875
2018-01-05T14:15:00+05:30,2046.950000,2050.000000,2041.150000,2046.500000,594
2018-01-05T14:30:00+05:30,2046.500000,2050.000000,2040.600000,2045.000000,404
2018-01-05T14:45:00+05:30,2042.300000,2049.500000,2042.300000,2049.000000,522
2018-01-05T15:00:00+05:30,2049.000000,2049.250000,2044.150000,2048.750000,279
2018-01-05T15:15:00+05:30,2048.750000,2050.000000,2046.550000,2050.000000,3993
2018-01-08T09:15:00+05:30,2053.900000,2059.200000,2040.700000,2045.000000,482
2018-01-08T09:30:00+05:30,2045.000000,2045.000000,2037.050000,2043.800000,696
2018-01-08T09:45:00+05:30,2043.800000,2045.000000,2040.000000,2045.000000,462
2018-01-08T10:00:00+05:30,2045.000000,2045.000000,2043.400000,2045.000000,226
2018-01-08T10:15:00+05:30,2045.000000,2045.000000,2040.800000,2044.900000,245
2018-01-08T10:30:00+05:30,2044.900000,2049.900000,2038.000000,2044.000000,1163
2018-01-08T10:45:00+05:30,2044.000000,2044.850000,2033.250000,2036.900000,803
2018-01-08T11:00:00+05:30,2036.900000,2040.000000,2031.000000,2039.800000,249
2018-01-08T11:15:00+05:30,2039.800000,2039.800000,2037.000000,2037.000000,180
2018-01-08T11:30:00+05:30,2037.000000,2039.900000,2025.000000,2034.550000,5282
2018-01-08T11:45:00+05:30,2034.550000,2034.550000,2029.600000,2034.550000,316
2018-01-08T12:00:00+05:30,2035.600000,2037.950000,2034.200000,2036.900000,59
2018-01-08T12:15:00+05:30,2036.950000,2037.900000,2033.500000,2037.900000,214
2018-01-08T12:30:00+05:30,2034.800000,2040.850000,2034.500000,2036.850000,368
2018-01-08T12:45:00+05:30,2036.850000,2040.000000,2035.950000,2037.600000,163
2018-01-08T13:00:00+05:30,2037.600000,2039.950000,2035.500000,2039.800000,172
2018-01-08T13:15:00+05:30,2039.800000,2043.750000,2039.800000,2043.750000,169
2018-01-08T13:30:00+05:30,2043.750000,2044.650000,2042.000000,2042.000000,78
2018-01-08T13:45:00+05:30,2042.000000,2042.950000,2039.800000,2039.800000,126
2018-01-08T14:00:00+05:30,2039.800000,2039.800000,2031.050000,2038.000000,321
2018-01-08T14:15:00+05:30,2038.000000,2042.200000,2034.000000,2040.000000,224
2018-01-08T14:30:00+05:30,2040.000000,2043.900000,2037.250000,2037.250000,241
2018-01-08T14:45:00+05:30,2037.250000,2041.450000,2037.250000,2039.950000,203
2018-01-08T15:00:00+05:30,2039.900000,2042.500000,2035.050000,2037.000000,523
2018-01-08T15:15:00+05:30,2035.900000,2050.000000,2035.800000,2050.000000,4299
2018-01-09T09:15:00+05:30,2028.000000,2040.450000,2025.000000,2039.250000,1377
2018-01-09T09:30:00+05:30,2039.250000,2039.950000,2033.400000,2033.400000,200
2018-01-09T09:45:00+05:30,2033.400000,2038.500000,2033.400000,2038.500000,47
2018-01-09T10:00:00+05:30,2038.100000,2038.500000,2026.650000,2028.650000,1213
2018-01-09T10:15:00+05:30,2028.650000,2031.250000,2018.650000,2025.000000,409
2018-01-09T10:30:00+05:30,2025.000000,2029.900000,2022.100000,2028.100000,168
2018-01-09T10:45:00+05:30,2028.100000,2028.100000,2023.000000,2023.000000,91
2018-01-09T11:00:00+05:30,2023.000000,2028.000000,2023.000000,2025.000000,405
2018-01-09T11:15:00+05:30,2025.000000,2025.000000,2024.950000,2025.000000,306
2018-01-09T11:30:00+05:30,2025.000000,2025.000000,2022.100000,2022.100000,145
2018-01-09T11:45:00+05:30,2022.100000,2025.000000,2022.100000,2023.000000,202
2018-01-09T12:00:00+05:30,2023.000000,2025.000000,2022.150000,2025.000000,84
2018-01-09T12:15:00+05:30,2025.000000,2025.000000,2023.900000,2025.000000,52
2018-01-09T12:30:00+05:30,2025.000000,2025.000000,2022.150000,2022.150000,45
2018-01-09T12:45:00+05:30,2022.150000,2026.400000,2022.150000,2026.400000,62
2018-01-09T13:00:00+05:30,2022.050000,2025.000000,2019.100000,2020.000000,400
2018-01-09T13:15:00+05:30,2020.000000,2024.950000,2018.900000,2024.950000,112
2018-01-09T13:30:00+05:30,2024.950000,2025.000000,2024.950000,2025.000000,129
2018-01-09T13:45:00+05:30,2025.000000,2025.000000,2025.000000,2025.000000,17
2018-01-09T14:00:00+05:30,2025.000000,2025.000000,2021.000000,2025.000000,60
2018-01-09T14:15:00+05:30,2025.000000,2025.000000,2019.800000,2025.000000,884
2018-01-09T14:30:00+05:30,2025.000000,2025.000000,2023.650000,2025.000000,81
2018-01-09T14:45:00+05:30,2025.000000,2025.100000,2024.900000,2024.950000,118
2018-01-09T15:00:00+05:30,2024.950000,2028.000000,2022.550000,2025.000000,962
2018-01-09T15:15:00+05:30,2025.000000,2049.000000,2018.000000,2049.000000,7443
2018-01-10T09:15:00+05:30,2030.000000,2045.000000,2025.000000,2037.700000,557
2018-01-10T09:30:00+05:30,2037.700000,2037.700000,2031.000000,2034.900000,519
2018-01-10T09:45:00+05:30,2033.600000,2035.000000,2031.000000,2033.000000,301
2018-01-10T10:00:00+05:30,2033.000000,2034.900000,2033.000000,2033.750000,46
2018-01-10T10:15:00+05:30,2033.750000,2035.000000,2033.400000,2034.950000,159
2018-01-10T10:30:00+05:30,2034.950000,2035.000000,2033.650000,2034.950000,298
2018-01-10T10:45:00+05:30,2034.950000,2035.000000,2030.950000,2035.000000,215
2018-01-10T11:00:00+05:30,2035.000000,2035.000000,2032.000000,2034.950000,187
2018-01-10T11:15:00+05:30,2034.950000,2035.000000,2030.300000,2033.950000,144
2018-01-10T11:30:00+05:30,2033.950000,2034.000000,2025.050000,2027.300000,347
2018-01-10T11:45:00+05:30,2027.300000,2030.000000,2024.000000,2024.000000,675
2018-01-10T12:00:00+05:30,2024.000000,2025.000000,2023.150000,2024.050000,185
2018-01-10T12:15:00+05:30,2024.050000,2024.900000,2022.550000,2023.850000,369
2018-01-10T12:30:00+05:30,2023.850000,2024.350000,2020.100000,2024.050000,598
2018-01-10T12:45:00+05:30,2024.050000,2025.000000,2024.000000,2024.000000,24
2018-01-10T13:00:00+05:30,2024.000000,2025.000000,2018.000000,2020.000000,882
2018-01-10T13:15:00+05:30,2020.000000,2022.950000,2020.000000,2022.650000,84
2018-01-10T13:30:00+05:30,2022.650000,2022.650000,2021.950000,2022.650000,22
2018-01-10T13:45:00+05:30,2022.650000,2024.650000,2018.600000,2018.600000,558
2018-01-10T14:00:00+05:30,2018.600000,2022.650000,2007.000000,2016.000000,3751
2018-01-10T14:15:00+05:30,2016.000000,2018.950000,2013.000000,2015.600000,367
2018-01-10T14:30:00+05:30,2015.600000,2023.900000,2015.100000,2023.500000,292
2018-01-10T14:45:00+05:30,2023.500000,2033.500000,2019.900000,2033.500000,1071
2018-01-10T15:00:00+05:30,2033.500000,2050.000000,2030.000000,2049.000000,4851
2018-01-10T15:15:00+05:30,2050.000000,2050.000000,2040.050000,2040.250000,13340
2018-01-11T09:15:00+05:30,2043.500000,2043.500000,2039.150000,2039.150000,297
2018-01-11T09:30:00+05:30,2039.150000,2039.900000,2034.950000,2034.950000,194
2018-01-11T09:45:00+05:30,2034.950000,2034.950000,2030.000000,2030.000000,182
2018-01-11T10:00:00+05:30,2030.000000,2042.950000,2030.000000,2035.300000,283
2018-01-11T10:15:00+05:30,2035.300000,2039.900000,2033.000000,2035.300000,152
2018-01-11T10:30:00+05:30,2035.300000,2035.950000,2034.000000,2034.000000,19
2018-01-11T10:45:00+05:30,2033.400000,2033.400000,2023.400000,2025.050000,611
2018-01-11T11:00:00+05:30,2025.050000,2033.050000,2024.950000,2025.000000,1669
2018-01-11T11:15:00+05:30,2023.100000,2027.000000,2017.950000,2020.050000,1200
2018-01-11T11:30:00+05:30,2020.050000,2029.950000,2020.000000,2027.950000,716
2018-01-11T11:45:00+05:30,2027.950000,2030.000000,2023.000000,2026.150000,401
2018-01-11T12:00:00+05:30,2025.000000,2038.350000,2019.650000,2022.900000,7001
2018-01-11T12:15:00+05:30,2023.000000,2025.050000,2006.300000,2015.550000,12312
2018-01-11T12:30:00+05:30,2015.550000,2022.750000,2012.300000,2016.700000,2370
2018-01-11T12:45:00+05:30,2016.700000,2018.600000,2012.550000,2017.850000,224
2018-01-11T13:00:00+05:30,2017.850000,2018.900000,2014.600000,2015.950000,243
2018-01-11T13:15:00+05:30,2015.950000,2015.950000,2007.350000,2007.350000,736
2018-01-11T13:30:00+05:30,2007.350000,2016.000000,2007.350000,2014.900000,701
2018-01-11T13:45:00+05:30,2014.900000,2018.900000,2014.900000,2018.850000,567
2018-01-11T14:00:00+05:30,2018.850000,2019.000000,2016.000000,2018.900000,126
2018-01-11T14:15:00+05:30,2018.900000,2018.900000,2017.350000,2018.850000,241
2018-01-11T14:30:00+05:30,2018.850000,2018.850000,2017.150000,2018.000000,90
2018-01-11T14:45:00+05:30,2018.000000,2018.450000,2011.000000,2012.950000,1089
2018-01-11T15:00:00+05:30,2012.950000,2020.000000,2012.700000,2014.850000,2505
2018-01-11T15:15:00+05:30,2012.900000,2018.900000,2005.000000,2009.000000,6195
2018-01-12T09:15:00+05:30,2015.000000,2024.500000,2013.500000,2020.000000,184
2018-01-12T09:30:00+05:30,2020.000000,2020.000000,2013.800000,2015.400000,228
2018-01-12T09:45:00+05:30,2015.400000,2017.500000,2015.400000,2017.500000,49
2018-01-12T10:00:00+05:30,2017.500000,2019.900000,2017.500000,2019.000000,108
2018-01-12T10:15:00+05:30,2018.150000,2023.850000,2016.550000,2022.000000,313
2018-01-12T10:30:00+05:30,2022.000000,2022.900000,2017.000000,2017.000000,57
2018-01-12T10:45:00+05:30,2017.000000,2020.800000,2017.000000,2020.800000,156
2018-01-12T11:00:00+05:30,2020.800000,2022.000000,2019.950000,2021.700000,33
2018-01-12T11:15:00+05:30,2021.700000,2023.950000,2017.000000,2017.000000,205
2018-01-12T11:30:00+05:30,2017.000000,2021.200000,2013.000000,2020.000000,502
2018-01-12T11:45:00+05:30,2020.000000,2024.000000,2014.400000,2020.600000,307
2018-01-12T12:00:00+05:30,2020.600000,2030.000000,2020.000000,2020.100000,867
2018-01-12T12:15:00+05:30,2020.100000,2020.100000,2014.000000,2016.100000,323
2018-01-12T12:30:00+05:30,2016.100000,2016.100000,2001.000000,2005.450000,610
2018-01-12T12:45:00+05:30,2005.450000,2010.000000,2001.500000,2007.900000,464
2018-01-12T13:00:00+05:30,2007.900000,2008.600000,2005.000000,2007.200000,91
2018-01-12T13:15:00+05:30,2007.200000,2008.500000,2006.900000,2008.450000,24
2018-01-12T13:30:00+05:30,2008.450000,2009.000000,2007.600000,2009.000000,166
2018-01-12T13:45:00+05:30,2009.000000,2010.000000,2007.000000,2009.950000,267
2018-01-12T14:00:00+05:30,2009.950000,2010.000000,2007.000000,2008.000000,212
2018-01-12T14:15:00+05:30,2008.000000,2010.000000,2007.000000,2007.000000,253
2018-01-12T14:30:00+05:30,2007.000000,2008.400000,2007.000000,2008.400000,62
2018-01-12T14:45:00+05:30,2008.400000,2022.950000,2008.400000,2016.500000,1662
2018-01-12T15:00:00+05:30,2016.500000,2019.800000,2010.200000,2010.200000,684
2018-01-12T15:15:00+05:30,2010.200000,2033.800000,2006.300000,2017.000000,7161
2018-01-15T09:15:00+05:30,2018.500000,2038.650000,2018.500000,2031.850000,1550
2018-01-15T09:30:00+05:30,2034.150000,2034.950000,2018.050000,2018.050000,2199
2018-01-15T09:45:00+05:30,2018.050000,2030.000000,2018.050000,2029.950000,336
2018-01-15T10:00:00+05:30,2029.950000,2029.950000,2023.950000,2026.950000,344
2018-01-15T10:15:00+05:30,2026.950000,2035.000000,2026.550000,2031.050000,6472
2018-01-15T10:30:00+05:30,2029.500000,2031.000000,2020.000000,2025.350000,1474
2018-01-15T10:45:00+05:30,2025.350000,2030.000000,2018.900000,2018.900000,1052
2018-01-15T11:00:00+05:30,2018.900000,2019.000000,2007.650000,2017.050000,4219
2018-01-15T11:15:00+05:30,2017.050000,2027.250000,2017.050000,2027.250000,728
2018-01-15T11:30:00+05:30,2027.250000,2029.600000,2017.800000,2024.400000,371
2018-01-15T11:45:00+05:30,2024.400000,2026.350000,2020.000000,2025.750000,311
2018-01-15T12:00:00+05:30,2025.750000,2027.950000,2025.550000,2026.500000,234
2018-01-15T12:15:00+05:30,2026.500000,2027.000000,2020.000000,2026.000000,134
2018-01-15T12:30:00+05:30,2026.000000,2026.000000,2016.050000,2023.950000,381
2018-01-15T12:45:00+05:30,2023.950000,2023.950000,2015.000000,2020.650000,466
2018-01-15T13:00:00+05:30,2020.650000,2024.950000,2018.800000,2022.350000,205
2018-01-15T13:15:00+05:30,2022.350000,2024.900000,2022.350000,2024.900000,56
2018-01-15T13:30:00+05:30,2024.850000,2025.000000,2024.750000,2025.000000,211
2018-01-15T13:45:00+05:30,2025.000000,2025.000000,2024.900000,2024.950000,186
2018-01-15T14:00:00+05:30,2024.950000,2025.000000,2024.950000,2024.950000,203
2018-01-15T14:15:00+05:30,2024.950000,2025.000000,2018.000000,2019.950000,1829
2018-01-15T14:30:00+05:30,2019.950000,2025.050000,2019.150000,2025.000000,299
2018-01-15T14:45:00+05:30,2028.000000,2033.950000,2028.000000,2029.950000,1335
2018-01-15T15:00:00+05:30,2029.950000,2031.350000,2027.850000,2028.550000,818
2018-01-15T15:15:00+05:30,2030.000000,2045.000000,2025.100000,2030.000000,11083
2018-01-16T09:15:00+05:30,2028.850000,2048.000000,2025.100000,2027.600000,12013
2018-01-16T09:30:00+05:30,2032.100000,2032.150000,2027.000000,2030.000000,1161
2018-01-16T09:45:00+05:30,2030.000000,2031.300000,2010.000000,2022.900000,6508
2018-01-16T10:00:00+05:30,2022.900000,2023.900000,2019.050000,2023.150000,310
2018-01-16T10:15:00+05:30,2023.150000,2024.000000,2017.000000,2019.650000,222
2018-01-16T10:30:00+05:30,2019.650000,2019.700000,2018.000000,2018.000000,109
2018-01-16T10:45:00+05:30,2018.000000,2019.000000,2014.000000,2015.550000,287
2018-01-16T11:00:00+05:30,2015.550000,2018.900000,2015.550000,2017.950000,333
2018-01-16T11:15:00+05:30,2017.900000,2017.950000,2012.950000,2012.950000,230
2018-01-16T11:30:00+05:30,2012.950000,2017.950000,2012.950000,2016.500000,98
2018-01-16T11:45:00+05:30,2016.500000,2020.000000,2015.100000,2020.000000,889
2018-01-16T12:00:00+05:30,2020.000000,2024.950000,2020.000000,2022.950000,240
2018-01-16T12:15:00+05:30,2022.950000,2023.050000,2018.450000,2022.800000,223
2018-01-16T12:30:00+05:30,2022.800000,2022.850000,2021.600000,2021.750000,37
2018-01-16T12:45:00+05:30,2021.750000,2023.400000,2021.000000,2021.000000,326
2018-01-16T13:00:00+05:30,2021.000000,2021.000000,2015.000000,2018.850000,213
2018-01-16T13:15:00+05:30,2018.850000,2018.900000,2010.250000,2011.000000,706
2018-01-16T13:30:00+05:30,2011.000000,2014.450000,2010.100000,2014.450000,317
2018-01-16T13:45:00+05:30,2014.450000,2017.000000,2013.600000,2013.600000,153
2018-01-16T14:00:00+05:30,2011.800000,2015.650000,2010.150000,2010.500000,291
2018-01-16T14:15:00+05:30,2010.500000,2011.450000,2009.300000,2010.000000,750
2018-01-16T14:30:00+05:30,2010.000000,2015.000000,2009.950000,2013.350000,212
2018-01-16T14:45:00+05:30,2009.550000,2014.000000,2007.500000,2008.000000,619
2018-01-16T15:00:00+05:30,2009.900000,2012.450000,2007.000000,2010.000000,2734
2018-01-16T15:15:00+05:30,2010.000000,2047.000000,2005.350000,2047.000000,11424
2018-01-17T09:15:00+05:30,2039.350000,2040.000000,2020.000000,2020.000000,657
2018-01-17T09:30:00+05:30,2020.000000,2022.900000,2005.050000,2009.000000,4052
2018-01-17T09:45:00+05:30,2009.000000,2022.950000,2008.550000,2019.900000,521
2018-01-17T10:00:00+05:30,2019.900000,2026.500000,2014.350000,2024.500000,283
2018-01-17T10:15:00+05:30,2024.500000,2024.500000,2017.850000,2017.850000,52
2018-01-17T10:30:00+05:30,2017.850000,2021.750000,2017.850000,2021.750000,2
2018-01-17T10:45:00+05:30,2021.750000,2022.900000,2015.000000,2018.400000,91
2018-01-17T11:00:00+05:30,2018.400000,2023.800000,2018.400000,2023.800000,20
2018-01-17T11:15:00+05:30,2023.800000,2023.800000,2020.550000,2020.550000,22
2018-01-17T11:30:00+05:30,2020.550000,2023.800000,2020.000000,2021.850000,78
2018-01-17T11:45:00+05:30,2021.850000,2024.450000,2021.850000,2024.000000,80
2018-01-17T12:00:00+05:30,2024.000000,2024.000000,2020.800000,2022.200000,87
2018-01-17T12:15:00+05:30,2022.200000,2024.500000,2022.200000,2024.500000,49
2018-01-17T12:30:00+05:30,2025.000000,2029.400000,2025.000000,2029.400000,53
2018-01-17T12:45:00+05:30,2029.400000,2034.850000,2027.300000,2033.000000,691
2018-01-17T13:00:00+05:30,2033.000000,2072.700000,2033.000000,2045.000000,5924
2018-01-17T13:15:00+05:30,2045.000000,2058.950000,2040.000000,2040.900000,1868
2018-01-17T13:30:00+05:30,2041.100000,2050.000000,2037.050000,2037.050000,907
2018-01-17T13:45:00+05:30,2043.700000,2050.000000,2042.500000,2049.000000,151
2018-01-17T14:00:00+05:30,2049.000000,2050.000000,2040.050000,2044.400000,440
2018-01-17T14:15:00+05:30,2044.400000,2045.000000,2035.000000,2044.900000,382
2018-01-17T14:30:00+05:30,2044.900000,2093.700000,2043.200000,2088.750000,6969
2018-01-17T14:45:00+05:30,2089.450000,2106.000000,2067.150000,2072.000000,6568
2018-01-17T15:00:00+05:30,2072.000000,2091.900000,2068.250000,2086.150000,3371
2018-01-17T15:15:00+05:30,2086.150000,2114.400000,2081.900000,2101.100000,7523
2018-01-18T09:15:00+05:30,2099.450000,2122.000000,2088.250000,2092.350000,1290
2018-01-18T09:30:00+05:30,2092.350000,2095.000000,2085.950000,2088.000000,436
2018-01-18T09:45:00+05:30,2088.000000,2100.000000,2082.000000,2084.300000,4572
2018-01-18T10:00:00+05:30,2084.300000,2085.000000,2080.600000,2081.000000,1324
2018-01-18T10:15:00+05:30,2081.400000,2088.800000,2055.600000,2084.500000,25526
2018-01-18T10:30:00+05:30,2087.000000,2095.000000,2084.500000,2094.900000,715
2018-01-18T10:45:00+05:30,2094.900000,2096.000000,2090.150000,2094.950000,323
2018-01-18T11:00:00+05:30,2094.950000,2094.950000,2083.650000,2087.000000,841
2018-01-18T11:15:00+05:30,2087.000000,2130.000000,2087.000000,2102.200000,8789
2018-01-18T11:30:00+05:30,2102.150000,2104.950000,2086.600000,2092.000000,1135
2018-01-18T11:45:00+05:30,2092.000000,2094.950000,2086.750000,2087.850000,637
2018-01-18T12:00:00+05:30,2087.850000,2098.950000,2085.050000,2098.000000,1147
2018-01-18T12:15:00+05:30,2098.000000,2098.450000,2090.000000,2090.500000,40684
2018-01-18T12:30:00+05:30,2090.500000,2096.500000,2090.500000,2090.500000,244
2018-01-18T12:45:00+05:30,2090.500000,2091.100000,2090.200000,2091.000000,80
2018-01-18T13:00:00+05:30,2091.000000,2100.000000,2091.000000,2100.000000,693
2018-01-18T13:15:00+05:30,2100.000000,2100.000000,2095.050000,2095.150000,337
2018-01-18T13:30:00+05:30,2095.150000,2096.550000,2085.000000,2087.950000,192
2018-01-18T13:45:00+05:30,2087.950000,2100.000000,2085.050000,2098.900000,1752
2018-01-18T14:00:00+05:30,2098.950000,2100.000000,2090.550000,2092.000000,1149
2018-01-18T14:15:00+05:30,2091.000000,2095.950000,2085.000000,2091.200000,2447
2018-01-18T14:30:00+05:30,2091.200000,2097.900000,2089.150000,2090.000000,2338
2018-01-18T14:45:00+05:30,2090.000000,2095.000000,2089.850000,2095.000000,1164
2018-01-18T15:00:00+05:30,2094.000000,2100.000000,2090.000000,2099.950000,2542
2018-01-18T15:15:00+05:30,2099.950000,2110.450000,2083.550000,2088.800000,6346
2018-01-19T09:15:00+05:30,2080.200000,2100.250000,2080.200000,2094.700000,710
2018-01-19T09:30:00+05:30,2094.700000,2099.950000,2093.300000,2094.100000,412
2018-01-19T09:45:00+05:30,2094.100000,2138.900000,2090.000000,2120.000000,2236
2018-01-19T10:00:00+05:30,2120.000000,2130.000000,2107.050000,2129.150000,5152
2018-01-19T10:15:00+05:30,2129.150000,2130.000000,2120.000000,2120.000000,1258
2018-01-19T10:30:00+05:30,2120.000000,2124.250000,2114.600000,2117.850000,485
2018-01-19T10:45:00+05:30,2117.850000,2123.350000,2110.600000,2118.050000,294
2018-01-19T11:00:00+05:30,2118.050000,2122.650000,2111.650000,2115.000000,455
2018-01-19T11:15:00+05:30,2115.000000,2115.000000,2103.600000,2113.000000,514
2018-01-19T11:30:00+05:30,2113.000000,2119.000000,2112.150000,2119.000000,331
2018-01-19T11:45:00+05:30,2119.000000,2120.700000,2111.350000,2119.100000,590
2018-01-19T12:00:00+05:30,2119.100000,2122.550000,2110.550000,2114.850000,262
2018-01-19T12:15:00+05:30,2114.850000,2119.000000,2110.150000,2115.250000,241
2018-01-19T12:30:00+05:30,2115.250000,2115.250000,2101.000000,2104.050000,579
2018-01-19T12:45:00+05:30,2104.050000,2111.500000,2101.100000,2110.000000,414
2018-01-19T13:00:00+05:30,2110.000000,2113.800000,2108.250000,2110.100000,112
2018-01-19T13:15:00+05:30,2110.100000,2113.000000,2101.950000,2111.000000,178
2018-01-19T13:30:00+05:30,2108.050000,2108.050000,2105.000000,2105.800000,94
2018-01-19T13:45:00+05:30,2105.800000,2112.000000,2105.800000,2108.600000,207
2018-01-19T14:00:00+05:30,2108.600000,2112.700000,2106.000000,2112.700000,124
2018-01-19T14:15:00+05:30,2112.700000,2115.700000,2109.750000,2112.000000,339
2018-01-19T14:30:00+05:30,2112.000000,2125.000000,2112.000000,2125.000000,1313
2018-01-19T14:45:00+05:30,2123.700000,2130.050000,2118.400000,2124.950000,6520
2018-01-19T15:00:00+05:30,2123.150000,2129.700000,2119.000000,2129.300000,3165
2018-01-19T15:15:00+05:30,2129.300000,2129.300000,2115.000000,2124.850000,7041
2018-01-22T09:15:00+05:30,2123.000000,2134.850000,2110.050000,2117.000000,608
2018-01-22T09:30:00+05:30,2117.000000,2125.000000,2117.000000,2117.000000,206
2018-01-22T09:45:00+05:30,2117.000000,2168.400000,2114.750000,2167.450000,5428
2018-01-22T10:00:00+05:30,2167.450000,2178.000000,2152.050000,2158.800000,5730
2018-01-22T10:15:00+05:30,2158.800000,2160.000000,2140.550000,2151.000000,1561
2018-01-22T10:30:00+05:30,2151.000000,2151.850000,2142.200000,2144.500000,392
2018-01-22T10:45:00+05:30,2144.500000,2149.000000,2142.100000,2142.100000,949
2018-01-22T11:00:00+05:30,2142.100000,2149.000000,2140.850000,2145.050000,848
2018-01-22T11:15:00+05:30,2145.050000,2150.000000,2145.050000,2150.000000,438
2018-01-22T11:30:00+05:30,2150.000000,2150.000000,2140.550000,2143.300000,164
2018-01-22T11:45:00+05:30,2143.300000,2143.300000,2132.200000,2136.150000,516
2018-01-22T12:00:00+05:30,2136.150000,2144.000000,2136.150000,2140.550000,252
2018-01-22T12:15:00+05:30,2143.950000,2148.900000,2140.050000,2140.250000,212
2018-01-22T12:30:00+05:30,2140.250000,2148.950000,2140.100000,2141.950000,179
2018-01-22T12:45:00+05:30,2141.950000,2144.950000,2138.500000,2140.050000,276
2018-01-22T13:00:00+05:30,2140.050000,2144.900000,2140.050000,2140.550000,60
2018-01-22T13:15:00+05:30,2140.550000,2140.550000,2140.050000,2140.050000,70
2018-01-22T13:30:00+05:30,2140.050000,2143.000000,2140.050000,2141.950000,293
2018-01-22T13:45:00+05:30,2141.950000,2145.000000,2140.100000,2143.050000,206
2018-01-22T14:00:00+05:30,2143.050000,2143.050000,2140.050000,2140.050000,168
2018-01-22T14:15:00+05:30,2140.050000,2150.000000,2140.050000,2145.250000,497
2018-01-22T14:30:00+05:30,2145.250000,2153.800000,2143.050000,2150.000000,1937
2018-01-22T14:45:00+05:30,2149.950000,2150.000000,2143.050000,2150.000000,1677
2018-01-22T15:00:00+05:30,2150.000000,2150.000000,2140.000000,2145.950000,934
2018-01-22T15:15:00+05:30,2145.950000,2150.000000,2141.200000,2141.500000,1250
2018-01-23T09:15:00+05:30,2158.600000,2175.000000,2153.800000,2157.800000,1425
2018-01-23T09:30:00+05:30,2154.300000,2162.950000,2147.850000,2155.750000,863
2018-01-23T09:45:00+05:30,2152.700000,2156.000000,2151.400000,2154.000000,706
2018-01-23T10:00:00+05:30,2154.000000,2154.000000,2147.200000,2149.900000,545
2018-01-23T10:15:00+05:30,2149.900000,2152.450000,2146.900000,2146.950000,737
2018-01-23T10:30:00+05:30,2146.950000,2159.450000,2146.950000,2153.300000,25239
2018-01-23T10:45:00+05:30,2153.300000,2159.850000,2141.400000,2144.750000,794
2018-01-23T11:00:00+05:30,2143.850000,2154.200000,2143.000000,2147.450000,439
2018-01-23T11:15:00+05:30,2147.450000,2154.000000,2135.000000,2148.850000,792
2018-01-23T11:30:00+05:30,2148.850000,2149.000000,2139.450000,2149.000000,57
2018-01-23T11:45:00+05:30,2149.000000,2149.000000,2135.050000,2140.300000,268
2018-01-23T12:00:00+05:30,2140.300000,2142.950000,2135.000000,2137.000000,435
2018-01-23T12:15:00+05:30,2137.000000,2140.150000,2125.100000,2126.600000,678
2018-01-23T12:30:00+05:30,2125.150000,2134.950000,2119.350000,2127.850000,2167
2018-01-23T12:45:00+05:30,2127.850000,2129.700000,2114.550000,2125.050000,2900
2018-01-23T13:00:00+05:30,2125.000000,2135.000000,2125.000000,2128.800000,1056
2018-01-23T13:15:00+05:30,2128.800000,2129.750000,2120.150000,2120.200000,220
2018-01-23T13:30:00+05:30,2120.200000,2126.200000,2120.200000,2122.550000,167
2018-01-23T13:45:00+05:30,2122.550000,2125.000000,2120.000000,2121.050000,286
2018-01-23T14:00:00+05:30,2121.050000,2123.800000,2120.000000,2123.750000,137
2018-01-23T14:15:00+05:30,2123.750000,2126.950000,2119.000000,2121.700000,4331
2018-01-23T14:30:00+05:30,2121.700000,2121.800000,2115.000000,2119.500000,1112
2018-01-23T14:45:00+05:30,2119.500000,2119.550000,2114.700000,2115.000000,5535
2018-01-23T15:00:00+05:30,2115.000000,2127.950000,2113.450000,2114.000000,5928
2018-01-23T15:15:00+05:30,2114.000000,2134.500000,2090.000000,2115.550000,12388
2018-01-24T09:15:00+05:30,2120.000000,2120.000000,2100.000000,2117.000000,761
2018-01-24T09:30:00+05:30,2117.000000,2125.050000,2105.000000,2105.000000,1357
2018-01-24T09:45:00+05:30,2106.850000,2114.050000,2102.050000,2109.450000,478
2018-01-24T10:00:00+05:30,2110.000000,2121.950000,2110.000000,2117.950000,867
2018-01-24T10:15:00+05:30,2117.950000,2121.050000,2110.000000,2115.000000,1086
2018-01-24T10:30:00+05:30,2115.000000,2117.000000,2110.050000,2111.800000,448
2018-01-24T10:45:00+05:30,2111.800000,2119.800000,2111.550000,2117.550000,236
2018-01-24T11:00:00+05:30,2120.000000,2125.050000,2114.650000,2116.100000,1409
2018-01-24T11:15:00+05:30,2123.450000,2124.000000,2115.200000,2117.250000,549
2018-01-24T11:30:00+05:30,2117.000000,2124.500000,2111.050000,2120.000000,1014
2018-01-24T11:45:00+05:30,2120.000000,2124.700000,2115.500000,2117.000000,416
2018-01-24T12:00:00+05:30,2117.000000,2122.400000,2116.100000,2118.100000,794
2018-01-24T12:15:00+05:30,2118.150000,2118.150000,2111.150000,2116.000000,1385
2018-01-24T12:30:00+05:30,2116.000000,2116.000000,2103.000000,2110.150000,404
2018-01-24T12:45:00+05:30,2110.150000,2117.850000,2102.300000,2114.000000,598
2018-01-24T13:00:00+05:30,2114.000000,2125.000000,2114.000000,2120.000000,3076
2018-01-24T13:15:00+05:30,2120.000000,2122.300000,2114.400000,2117.000000,4192
2018-01-24T13:30:00+05:30,2117.000000,2119.000000,2111.100000,2115.000000,580
2018-01-24T13:45:00+05:30,2115.000000,2125.000000,2104.000000,2104.000000,1243
2018-01-24T14:00:00+05:30,2104.200000,2117.000000,2099.900000,2105.950000,1984
2018-01-24T14:15:00+05:30,2105.950000,2180.000000,2070.000000,2157.750000,95531
2018-01-24T14:30:00+05:30,2157.750000,2160.650000,2143.650000,2145.150000,9704
2018-01-24T14:45:00+05:30,2145.200000,2198.000000,2144.000000,2171.650000,32498
2018-01-24T15:00:00+05:30,2171.650000,2195.000000,2171.150000,2175.000000,7332
2018-01-24T15:15:00+05:30,2175.050000,2230.000000,2174.900000,2212.000000,26391
2018-01-25T09:15:00+05:30,2229.000000,2229.900000,2158.100000,2158.600000,3355
2018-01-25T09:30:00+05:30,2158.050000,2170.000000,2150.000000,2167.850000,1786
2018-01-25T09:45:00+05:30,2167.850000,2183.950000,2167.850000,2172.100000,897
2018-01-25T10:00:00+05:30,2174.250000,2193.450000,2170.800000,2182.100000,1048
2018-01-25T10:15:00+05:30,2182.100000,2220.000000,2182.000000,2193.900000,4015
2018-01-25T10:30:00+05:30,2192.150000,2213.100000,2182.350000,2210.750000,1169
2018-01-25T10:45:00+05:30,2209.950000,2210.000000,2201.000000,2210.000000,500
2018-01-25T11:00:00+05:30,2213.100000,2225.000000,2210.850000,2225.000000,2054
2018-01-25T11:15:00+05:30,2225.000000,2229.000000,2210.000000,2228.000000,2918
2018-01-25T11:30:00+05:30,2228.000000,2229.000000,2220.200000,2226.000000,726
2018-01-25T11:45:00+05:30,2226.000000,2229.900000,2221.350000,2225.000000,563
2018-01-25T12:00:00+05:30,2225.000000,2226.950000,2220.000000,2225.000000,608
2018-01-25T12:15:00+05:30,2225.000000,2227.000000,2222.100000,2224.200000,158
2018-01-25T12:30:00+05:30,2224.200000,2228.800000,2215.000000,2223.650000,2474
2018-01-25T12:45:00+05:30,2223.650000,2227.900000,2220.000000,2225.000000,875
2018-01-25T13:00:00+05:30,2225.000000,2227.500000,2221.450000,2225.000000,490
2018-01-25T13:15:00+05:30,2225.000000,2228.000000,2222.100000,2225.000000,452
2018-01-25T13:30:00+05:30,2225.000000,2227.000000,2221.500000,2225.000000,3962
2018-01-25T13:45:00+05:30,2225.000000,2227.000000,2225.000000,2225.000000,809
2018-01-25T14:00:00+05:30,2225.000000,2254.000000,2221.600000,2230.600000,5014
2018-01-25T14:15:00+05:30,2230.600000,2254.000000,2230.600000,2254.000000,2784
2018-01-25T14:30:00+05:30,2254.000000,2280.000000,2246.100000,2276.000000,5921
2018-01-25T14:45:00+05:30,2279.950000,2298.650000,2275.000000,2295.000000,28803
2018-01-25T15:00:00+05:30,2295.000000,2295.000000,2244.050000,2245.000000,4979
2018-01-25T15:15:00+05:30,2245.000000,2260.000000,2230.100000,2245.000000,4225
2018-01-29T09:15:00+05:30,2280.000000,2284.950000,2268.800000,2283.950000,1465
2018-01-29T09:30:00+05:30,2283.950000,2285.000000,2264.950000,2264.950000,1514
2018-01-29T09:45:00+05:30,2265.000000,2269.800000,2265.000000,2265.000000,618
2018-01-29T10:00:00+05:30,2265.000000,2267.750000,2262.000000,2264.650000,1111
2018-01-29T10:15:00+05:30,2264.650000,2274.600000,2262.000000,2273.750000,1227
2018-01-29T10:30:00+05:30,2272.200000,2274.950000,2269.950000,2272.600000,417
2018-01-29T10:45:00+05:30,2272.600000,2274.800000,2270.000000,2271.000000,457
2018-01-29T11:00:00+05:30,2270.850000,2272.650000,2270.000000,2272.600000,259
2018-01-29T11:15:00+05:30,2272.600000,2274.600000,2272.000000,2273.200000,307
2018-01-29T11:30:00+05:30,2273.200000,2280.000000,2273.100000,2279.950000,353
2018-01-29T11:45:00+05:30,2279.950000,2281.950000,2276.850000,2281.600000,332
2018-01-29T12:00:00+05:30,2281.600000,2299.000000,2281.500000,2295.250000,6559
2018-01-29T12:15:00+05:30,2295.250000,2299.000000,2286.150000,2298.800000,1852
2018-01-29T12:30:00+05:30,2298.800000,2298.800000,2280.050000,2284.300000,611
2018-01-29T12:45:00+05:30,2284.300000,2286.750000,2269.500000,2272.150000,2440
2018-01-29T13:00:00+05:30,2272.150000,2275.000000,2262.050000,2274.900000,1645
2018-01-29T13:15:00+05:30,2274.900000,2282.000000,2272.900000,2273.950000,372
2018-01-29T13:30:00+05:30,2273.950000,2275.450000,2269.000000,2269.000000,1614
2018-01-29T13:45:00+05:30,2269.000000,2274.600000,2262.050000,2272.250000,503
2018-01-29T14:00:00+05:30,2272.250000,2275.000000,2270.800000,2272.450000,383
2018-01-29T14:15:00+05:30,2272.450000,2275.450000,2262.000000,2270.950000,1138
2018-01-29T14:30:00+05:30,2270.950000,2276.000000,2268.350000,2270.250000,5969
2018-01-29T14:45:00+05:30,2270.250000,2274.900000,2270.000000,2272.100000,356
2018-01-29T15:00:00+05:30,2272.100000,2280.000000,2272.000000,2276.500000,719
2018-01-29T15:15:00+05:30,2276.500000,2292.000000,2276.500000,2290.000000,4764
2018-01-30T09:15:00+05:30,2256.400000,2290.000000,2251.350000,2262.450000,1043
2018-01-30T09:30:00+05:30,2262.450000,2272.000000,2261.900000,2262.100000,423
2018-01-30T09:45:00+05:30,2262.100000,2270.000000,2261.950000,2269.500000,520
2018-01-30T10:00:00+05:30,2269.500000,2277.950000,2269.500000,2273.150000,395
2018-01-30T10:15:00+05:30,2273.150000,2285.000000,2273.150000,2285.000000,1016
2018-01-30T10:30:00+05:30,2285.000000,2295.000000,2280.000000,2284.000000,1137
2018-01-30T10:45:00+05:30,2284.000000,2289.950000,2284.000000,2284.050000,78
2018-01-30T11:00:00+05:30,2290.000000,2298.000000,2284.050000,2295.000000,2339
2018-01-30T11:15:00+05:30,2295.000000,2298.000000,2295.000000,2295.650000,1533
2018-01-30T11:30:00+05:30,2295.650000,2298.000000,2290.900000,2294.950000,1415
2018-01-30T11:45:00+05:30,2294.950000,2297.800000,2291.400000,2295.000000,619
2018-01-30T12:00:00+05:30,2295.000000,2297.600000,2295.000000,2296.300000,637
2018-01-30T12:15:00+05:30,2295.000000,2295.000000,2291.500000,2292.500000,265
2018-01-30T12:30:00+05:30,2292.500000,2292.500000,2288.200000,2292.000000,812
2018-01-30T12:45:00+05:30,2295.950000,2295.950000,2291.050000,2291.100000,636
2018-01-30T13:00:00+05:30,2291.100000,2293.000000,2280.050000,2280.250000,1226
2018-01-30T13:15:00+05:30,2280.250000,2283.600000,2280.000000,2283.600000,750
2018-01-30T13:30:00+05:30,2280.000000,2282.000000,2280.000000,2280.050000,53
2018-01-30T13:45:00+05:30,2280.050000,2285.050000,2280.050000,2285.050000,212
2018-01-30T14:00:00+05:30,2285.050000,2285.050000,2283.000000,2283.000000,117
2018-01-30T14:15:00+05:30,2283.000000,2284.900000,2280.100000,2284.000000,112
2018-01-30T14:30:00+05:30,2284.000000,2291.950000,2281.000000,2282.000000,471
2018-01-30T14:45:00+05:30,2282.000000,2289.300000,2281.550000,2289.300000,745
2018-01-30T15:00:00+05:30,2289.300000,2295.000000,2284.100000,2284.100000,502
2018-01-30T15:15:00+05:30,2284.100000,2298.000000,2272.650000,2295.500000,6439
2018-01-31T09:15:00+05:30,2256.650000,2310.150000,2256.650000,2302.000000,2342
2018-01-31T09:30:00+05:30,2302.050000,2309.950000,2295.000000,2305.000000,964
2018-01-31T09:45:00+05:30,2305.000000,2316.000000,2290.100000,2312.950000,3240
2018-01-31T10:00:00+05:30,2310.000000,2342.250000,2310.000000,2338.000000,8586
2018-01-31T10:15:00+05:30,2338.000000,2349.000000,2331.000000,2346.900000,20097
2018-01-31T10:30:00+05:30,2346.900000,2348.950000,2335.000000,2340.050000,4734
2018-01-31T10:45:00+05:30,2340.050000,2340.100000,2335.000000,2335.150000,1113
2018-01-31T11:00:00+05:30,2335.150000,2337.900000,2331.000000,2335.000000,695
2018-01-31T11:15:00+05:30,2335.000000,2335.000000,2333.150000,2335.000000,309
2018-01-31T11:30:00+05:30,2335.000000,2344.750000,2335.000000,2343.100000,756
2018-01-31T11:45:00+05:30,2343.100000,2344.900000,2340.000000,2344.900000,570
2018-01-31T12:00:00+05:30,2344.900000,2344.900000,2338.000000,2338.000000,540
2018-01-31T12:15:00+05:30,2338.000000,2342.850000,2334.000000,2335.000000,913
2018-01-31T12:30:00+05:30,2335.000000,2335.000000,2323.000000,2328.400000,1625
2018-01-31T12:45:00+05:30,2328.400000,2330.000000,2322.000000,2326.000000,1419
2018-01-31T13:00:00+05:30,2326.000000,2326.000000,2316.000000,2324.600000,548
2018-01-31T13:15:00+05:30,2324.600000,2329.000000,2322.850000,2328.000000,275
2018-01-31T13:30:00+05:30,2328.000000,2330.000000,2323.000000,2327.800000,750
2018-01-31T13:45:00+05:30,2327.800000,2329.900000,2320.100000,2322.950000,569
2018-01-31T14:00:00+05:30,2323.000000,2323.000000,2316.000000,2319.000000,1675
2018-01-31T14:15:00+05:30,2319.000000,2323.500000,2318.150000,2322.850000,639
2018-01-31T14:30:00+05:30,2322.850000,2329.000000,2322.850000,2325.000000,1232
2018-01-31T14:45:00+05:30,2325.000000,2328.050000,2318.100000,2318.100000,997
2018-01-31T15:00:00+05:30,2318.100000,2320.150000,2310.000000,2310.800000,2215
2018-01-31T15:15:00+05:30,2310.800000,2330.000000,2310.000000,2322.000000,3554
2018-02-01T09:15:00+05:30,2314.500000,2361.950000,2300.000000,2336.000000,2163
2018-02-01T09:30:00+05:30,2335.950000,2340.000000,2328.050000,2328.050000,419
2018-02-01T09:45:00+05:30,2328.050000,2333.800000,2328.050000,2331.400000,209
2018-02-01T10:00:00+05:30,2331.400000,2333.800000,2329.900000,2329.900000,350
2018-02-01T10:15:00+05:30,2333.750000,2339.000000,2330.000000,2330.150000,558
2018-02-01T10:30:00+05:30,2330.150000,2339.950000,2330.000000,2330.000000,553
2018-02-01T10:45:00+05:30,2330.000000,2332.000000,2326.050000,2328.900000,215
2018-02-01T11:00:00+05:30,2328.900000,2339.000000,2320.050000,2335.100000,323
2018-02-01T11:15:00+05:30,2335.100000,2340.000000,2329.000000,2331.400000,646
2018-02-01T11:30:00+05:30,2331.400000,2334.000000,2313.000000,2321.550000,829
2018-02-01T11:45:00+05:30,2321.550000,2330.000000,2316.000000,2316.000000,224
2018-02-01T12:00:00+05:30,2316.000000,2320.000000,2301.100000,2307.650000,886
2018-02-01T12:15:00+05:30,2307.600000,2319.850000,2305.000000,2305.000000,608
2018-02-01T12:30:00+05:30,2305.000000,2307.900000,2273.550000,2273.950000,1186
2018-02-01T12:45:00+05:30,2273.950000,2306.950000,2250.000000,2298.450000,2790
2018-02-01T13:00:00+05:30,2298.450000,2305.000000,2274.050000,2297.650000,687
2018-02-01T13:15:00+05:30,2297.650000,2304.850000,2285.000000,2292.600000,519
2018-02-01T13:30:00+05:30,2292.600000,2327.950000,2285.000000,2318.500000,894
2018-02-01T13:45:00+05:30,2320.000000,2325.000000,2300.000000,2309.900000,891
2018-02-01T14:00:00+05:30,2309.900000,2315.000000,2300.000000,2308.000000,1028
2018-02-01T14:15:00+05:30,2308.000000,2313.700000,2292.700000,2299.950000,1859
2018-02-01T14:30:00+05:30,2299.950000,2303.950000,2287.100000,2294.750000,2099
2018-02-01T14:45:00+05:30,2294.750000,2305.000000,2291.100000,2300.000000,4775
2018-02-01T15:00:00+05:30,2300.000000,2318.000000,2300.000000,2314.000000,1270
2018-02-01T15:15:00+05:30,2317.900000,2322.950000,2305.050000,2310.000000,1989
2018-02-02T09:15:00+05:30,2311.000000,2311.000000,2271.050000,2295.000000,539
2018-02-02T09:30:00+05:30,2295.000000,2323.900000,2290.100000,2305.650000,1016
2018-02-02T09:45:00+05:30,2305.650000,2309.250000,2295.000000,2296.000000,237
2018-02-02T10:00:00+05:30,2296.000000,2299.000000,2291.000000,2292.350000,276
2018-02-02T10:15:00+05:30,2292.350000,2292.350000,2256.000000,2256.000000,949
2018-02-02T10:30:00+05:30,2256.000000,2259.350000,2214.050000,2249.000000,1264
2018-02-02T10:45:00+05:30,2249.900000,2250.000000,2234.050000,2242.000000,629
2018-02-02T11:00:00+05:30,2241.950000,2247.950000,2233.500000,2240.000000,644
2018-02-02T11:15:00+05:30,2240.000000,2240.000000,2225.850000,2231.250000,395
2018-02-02T11:30:00+05:30,2237.750000,2245.450000,2234.500000,2241.000000,440
2018-02-02T11:45:00+05:30,2234.600000,2265.000000,2234.600000,2260.600000,912
2018-02-02T12:00:00+05:30,2260.600000,2270.000000,2252.150000,2254.000000,389
2018-02-02T12:15:00+05:30,2254.000000,2271.950000,2254.000000,2260.000000,402
2018-02-02T12:30:00+05:30,2260.000000,2274.450000,2260.000000,2274.450000,450
2018-02-02T12:45:00+05:30,2274.450000,2274.500000,2266.100000,2274.050000,199
2018-02-02T13:00:00+05:30,2274.050000,2278.000000,2264.650000,2274.650000,398
2018-02-02T13:15:00+05:30,2274.650000,2274.650000,2260.200000,2264.800000,135
2018-02-02T13:30:00+05:30,2264.800000,2265.000000,2255.000000,2255.000000,312
2018-02-02T13:45:00+05:30,2255.000000,2264.900000,2254.250000,2258.100000,85
2018-02-02T14:00:00+05:30,2258.100000,2259.000000,2240.000000,2240.000000,459
2018-02-02T14:15:00+05:30,2240.000000,2246.150000,2235.000000,2235.000000,562
2018-02-02T14:30:00+05:30,2235.000000,2250.000000,2235.000000,2240.000000,230
2018-02-02T14:45:00+05:30,2240.000000,2259.000000,2231.900000,2235.300000,534
2018-02-02T15:00:00+05:30,2235.300000,2239.000000,2228.000000,2235.050000,806
2018-02-02T15:15:00+05:30,2235.050000,2235.050000,2215.000000,2215.000000,1472
2018-02-05T09:15:00+05:30,2176.100000,2200.000000,2176.100000,2182.500000,821
2018-02-05T09:30:00+05:30,2184.000000,2184.000000,2163.450000,2174.000000,1781
2018-02-05T09:45:00+05:30,2174.000000,2185.000000,2174.000000,2183.950000,216
2018-02-05T10:00:00+05:30,2183.950000,2220.000000,2175.550000,2215.000000,892
2018-02-05T10:15:00+05:30,2215.000000,2215.000000,2188.050000,2190.100000,597
2018-02-05T10:30:00+05:30,2190.100000,2220.100000,2190.100000,2210.000000,1058
2018-02-05T10:45:00+05:30,2207.000000,2209.350000,2202.000000,2205.350000,249
2018-02-05T11:00:00+05:30,2205.350000,2207.000000,2202.150000,2203.950000,178
2018-02-05T11:15:00+05:30,2203.950000,2210.000000,2201.000000,2203.300000,248
2018-02-05T11:30:00+05:30,2203.300000,2208.000000,2203.300000,2205.000000,269
2018-02-05T11:45:00+05:30,2202.000000,2202.000000,2186.050000,2188.650000,267
2018-02-05T12:00:00+05:30,2188.650000,2192.000000,2188.650000,2192.000000,83
2018-02-05T12:15:00+05:30,2192.000000,2192.000000,2188.700000,2190.900000,112
2018-02-05T12:30:00+05:30,2190.900000,2192.000000,2188.700000,2192.000000,190
2018-02-05T12:45:00+05:30,2192.000000,2199.950000,2188.800000,2199.950000,46
2018-02-05T13:00:00+05:30,2199.950000,2199.950000,2195.850000,2195.850000,72
2018-02-05T13:15:00+05:30,2195.850000,2195.850000,2185.100000,2185.100000,70
2018-02-05T13:30:00+05:30,2185.100000,2187.100000,2185.100000,2185.100000,101
2018-02-05T13:45:00+05:30,2185.100000,2185.350000,2178.000000,2180.000000,299
2018-02-05T14:00:00+05:30,2180.000000,2185.200000,2175.000000,2185.200000,153
2018-02-05T14:15:00+05:30,2185.200000,2193.900000,2185.200000,2192.050000,171
2018-02-05T14:30:00+05:30,2192.050000,2199.950000,2190.000000,2190.000000,213
2018-02-05T14:45:00+05:30,2190.000000,2190.000000,2178.100000,2178.100000,197
2018-02-05T15:00:00+05:30,2178.100000,2178.600000,2165.000000,2171.650000,423
2018-02-05T15:15:00+05:30,2171.650000,2255.000000,2160.000000,2250.000000,4453
2018-02-06T09:15:00+05:30,2150.000000,2159.450000,2099.000000,2139.950000,1504
2018-02-06T09:30:00+05:30,2139.000000,2140.000000,2125.500000,2140.000000,707
2018-02-06T09:45:00+05:30,2140.000000,2140.000000,2111.300000,2125.050000,884
2018-02-06T10:00:00+05:30,2125.050000,2125.050000,2093.900000,2094.000000,1206
2018-02-06T10:15:00+05:30,2088.000000,2115.000000,2075.950000,2110.500000,1371
2018-02-06T10:30:00+05:30,2110.500000,2114.950000,2100.000000,2100.000000,598
2018-02-06T10:45:00+05:30,2100.000000,2110.000000,2100.000000,2110.000000,95
2018-02-06T11:00:00+05:30,2110.000000,2110.000000,2102.050000,2110.000000,169
2018-02-06T11:15:00+05:30,2110.000000,2137.900000,2107.450000,2137.500000,409
2018-02-06T11:30:00+05:30,2137.500000,2137.500000,2124.200000,2130.000000,576
2018-02-06T11:45:00+05:30,2130.000000,2136.550000,2130.000000,2130.050000,209
2018-02-06T12:00:00+05:30,2130.050000,2161.000000,2110.050000,2161.000000,2123
2018-02-06T12:15:00+05:30,2165.000000,2166.400000,2116.500000,2133.850000,2488
2018-02-06T12:30:00+05:30,2133.850000,2142.000000,2124.050000,2124.250000,545
2018-02-06T12:45:00+05:30,2124.250000,2137.950000,2124.250000,2137.950000,171
2018-02-06T13:00:00+05:30,2137.950000,2139.000000,2135.000000,2136.450000,87
2018-02-06T13:15:00+05:30,2136.450000,2139.450000,2132.100000,2139.450000,183
2018-02-06T13:30:00+05:30,2139.450000,2141.900000,2132.500000,2141.850000,259
2018-02-06T13:45:00+05:30,2141.850000,2141.850000,2132.100000,2137.800000,470
2018-02-06T14:00:00+05:30,2137.800000,2139.950000,2132.900000,2135.000000,266
2018-02-06T14:15:00+05:30,2135.000000,2147.000000,2135.000000,2144.050000,313
2018-02-06T14:30:00+05:30,2144.050000,2146.600000,2136.250000,2136.250000,170
2018-02-06T14:45:00+05:30,2136.250000,2140.000000,2135.050000,2139.000000,398
2018-02-06T15:00:00+05:30,2139.000000,2145.000000,2138.000000,2143.500000,390
2018-02-06T15:15:00+05:30,2143.500000,2244.800000,2137.450000,2225.000000,4020
2018-02-07T09:15:00+05:30,2207.000000,2240.000000,2201.000000,2221.150000,631
2018-02-07T09:30:00+05:30,2221.150000,2232.550000,2212.450000,2220.050000,252
2018-02-07T09:45:00+05:30,2220.050000,2222.950000,2210.050000,2216.000000,179
2018-02-07T10:00:00+05:30,2216.000000,2220.000000,2211.000000,2211.000000,319
2018-02-07T10:15:00+05:30,2211.000000,2214.150000,2206.450000,2210.100000,239
2018-02-07T10:30:00+05:30,2210.100000,2212.000000,2202.950000,2202.950000,72
2018-02-07T10:45:00+05:30,2202.950000,2205.900000,2193.050000,2193.050000,287
2018-02-07T11:00:00+05:30,2193.050000,2201.900000,2188.050000,2195.950000,221
2018-02-07T11:15:00+05:30,2195.950000,2200.000000,2192.250000,2197.000000,51
2018-02-07T11:30:00+05:30,2197.000000,2210.000000,2194.850000,2209.900000,891
2018-02-07T11:45:00+05:30,2209.900000,2209.900000,2192.850000,2192.850000,165
2018-02-07T12:00:00+05:30,2192.850000,2195.000000,2188.900000,2195.000000,45
2018-02-07T12:15:00+05:30,2195.000000,2197.000000,2192.500000,2195.000000,39
2018-02-07T12:30:00+05:30,2197.000000,2275.000000,2197.000000,2275.000000,5987
2018-02-07T12:45:00+05:30,2275.000000,2296.350000,2257.350000,2286.000000,6949
2018-02-07T13:00:00+05:30,2286.000000,2306.900000,2270.000000,2270.000000,3667
2018-02-07T13:15:00+05:30,2267.500000,2326.000000,2263.950000,2312.900000,5808
2018-02-07T13:30:00+05:30,2312.900000,2312.900000,2289.850000,2290.050000,2641
2018-02-07T13:45:00+05:30,2290.050000,2299.900000,2280.350000,2287.000000,1281
2018-02-07T14:00:00+05:30,2286.000000,2298.700000,2283.050000,2295.750000,2588
2018-02-07T14:15:00+05:30,2295.750000,2310.000000,2281.450000,2306.950000,1446
2018-02-07T14:30:00+05:30,2306.950000,2314.950000,2286.900000,2290.150000,1705
2018-02-07T14:45:00+05:30,2290.150000,2312.000000,2288.950000,2307.200000,3121
2018-02-07T15:00:00+05:30,2307.200000,2307.700000,2265.850000,2269.900000,1980
2018-02-07T15:15:00+05:30,2269.900000,2289.650000,2250.150000,2280.000000,4637
2018-02-08T09:15:00+05:30,2293.250000,2303.500000,2285.050000,2293.000000,446
2018-02-08T09:30:00+05:30,2290.250000,2334.000000,2290.250000,2322.050000,3969
2018-02-08T09:45:00+05:30,2322.050000,2325.950000,2316.050000,2320.000000,881
2018-02-08T10:00:00+05:30,2315.700000,2319.950000,2287.800000,2307.400000,1139
2018-02-08T10:15:00+05:30,2307.400000,2319.100000,2304.000000,2309.950000,713
2018-02-08T10:30:00+05:30,2309.950000,2314.950000,2302.000000,2309.700000,327
2018-02-08T10:45:00+05:30,2309.700000,2319.700000,2306.150000,2315.000000,721
2018-02-08T11:00:00+05:30,2315.000000,2317.450000,2310.300000,2316.000000,203
2018-02-08T11:15:00+05:30,2316.000000,2318.000000,2311.050000,2317.900000,553
2018-02-08T11:30:00+05:30,2317.900000,2318.000000,2290.050000,2298.300000,1173
2018-02-08T11:45:00+05:30,2299.950000,2310.000000,2299.900000,2306.850000,1800
2018-02-08T12:00:00+05:30,2306.850000,2309.900000,2300.000000,2309.850000,270
2018-02-08T12:15:00+05:30,2309.850000,2309.850000,2307.350000,2307.350000,396
2018-02-08T12:30:00+05:30,2307.350000,2307.350000,2304.000000,2306.950000,117
2018-02-08T12:45:00+05:30,2306.950000,2307.000000,2302.000000,2305.900000,233
2018-02-08T13:00:00+05:30,2305.900000,2305.900000,2289.000000,2289.000000,389
2018-02-08T13:15:00+05:30,2289.000000,2299.900000,2289.000000,2296.750000,740
2018-02-08T13:30:00+05:30,2296.750000,2296.750000,2262.100000,2285.000000,4085
2018-02-08T13:45:00+05:30,2285.000000,2288.800000,2258.500000,2267.000000,4563
2018-02-08T14:00:00+05:30,2267.000000,2270.000000,2262.050000,2269.950000,377
2018-02-08T14:15:00+05:30,2269.950000,2269.950000,2252.050000,2265.600000,2206
2018-02-08T14:30:00+05:30,2265.600000,2268.850000,2259.950000,2266.950000,1599
2018-02-08T14:45:00+05:30,2266.950000,2275.000000,2266.950000,2272.900000,1088
2018-02-08T15:00:00+05:30,2272.900000,2274.850000,2270.050000,2273.000000,864
2018-02-08T15:15:00+05:30,2273.000000,2273.950000,2250.000000,2272.950000,3893
2018-02-09T09:15:00+05:30,2219.650000,2253.900000,2219.250000,2253.900000,646
2018-02-09T09:30:00+05:30,2253.900000,2275.000000,2253.900000,2271.950000,739
2018-02-09T09:45:00+05:30,2271.950000,2275.000000,2262.050000,2271.600000,753
2018-02-09T10:00:00+05:30,2267.650000,2290.000000,2267.650000,2285.000000,1547
2018-02-09T10:15:00+05:30,2285.000000,2290.000000,2281.850000,2287.000000,890
2018-02-09T10:30:00+05:30,2287.000000,2287.000000,2278.000000,2278.000000,577
2018-02-09T10:45:00+05:30,2278.000000,2284.850000,2270.050000,2275.900000,565
2018-02-09T11:00:00+05:30,2275.900000,2279.500000,2270.000000,2273.000000,629
2018-02-09T11:15:00+05:30,2273.000000,2278.000000,2270.000000,2276.100000,811
2018-02-09T11:30:00+05:30,2276.100000,2277.950000,2273.050000,2273.050000,298
2018-02-09T11:45:00+05:30,2273.050000,2277.500000,2273.050000,2277.500000,34
2018-02-09T12:00:00+05:30,2277.500000,2295.650000,2277.000000,2281.900000,1663
2018-02-09T12:15:00+05:30,2281.900000,2284.000000,2280.050000,2281.500000,129
2018-02-09T12:30:00+05:30,2281.500000,2284.000000,2281.500000,2282.000000,228
2018-02-09T12:45:00+05:30,2282.000000,2290.000000,2281.700000,2286.600000,1140
2018-02-09T13:00:00+05:30,2286.600000,2300.000000,2286.600000,2288.100000,1993
2018-02-09T13:15:00+05:30,2288.100000,2300.000000,2288.000000,2299.950000,617
2018-02-09T13:30:00+05:30,2299.950000,2307.000000,2294.550000,2298.750000,768
2018-02-09T13:45:00+05:30,2298.750000,2311.000000,2298.750000,2307.050000,1294
2018-02-09T14:00:00+05:30,2306.950000,2309.000000,2300.050000,2303.900000,400
2018-02-09T14:15:00+05:30,2303.900000,2305.000000,2299.200000,2300.000000,1134
2018-02-09T14:30:00+05:30,2300.000000,2300.000000,2276.100000,2282.950000,1604
2018-02-09T14:45:00+05:30,2282.950000,2284.900000,2275.000000,2277.200000,1295
2018-02-09T15:00:00+05:30,2277.200000,2310.000000,2277.200000,2308.350000,1095
2018-02-09T15:15:00+05:30,2308.350000,2320.950000,2302.000000,2302.000000,2444
2018-02-12T09:15:00+05:30,2330.000000,2349.000000,2319.100000,2319.100000,1897
2018-02-12T09:30:00+05:30,2319.100000,2320.000000,2316.050000,2316.050000,871
2018-02-12T09:45:00+05:30,2316.050000,2329.500000,2312.000000,2326.000000,491
2018-02-12T10:00:00+05:30,2326.000000,2329.500000,2320.000000,2327.500000,528
2018-02-12T10:15:00+05:30,2320.050000,2327.000000,2320.000000,2321.850000,308
2018-02-12T10:30:00+05:30,2321.850000,2329.000000,2320.050000,2325.300000,1129
2018-02-12T10:45:00+05:30,2325.300000,2326.950000,2320.000000,2320.000000,139
2018-02-12T11:00:00+05:30,2320.000000,2329.000000,2320.000000,2320.650000,887
2018-02-12T11:15:00+05:30,2322.500000,2328.000000,2320.000000,2320.250000,211
2018-02-12T11:30:00+05:30,2320.250000,2324.000000,2320.000000,2320.000000,281
2018-02-12T11:45:00+05:30,2320.000000,2320.050000,2320.000000,2320.050000,70
2018-02-12T12:00:00+05:30,2320.050000,2321.000000,2320.050000,2320.250000,47
2018-02-12T12:15:00+05:30,2320.250000,2321.050000,2320.000000,2321.050000,89
2018-02-12T12:30:00+05:30,2321.050000,2323.950000,2320.000000,2323.950000,530
2018-02-12T12:45:00+05:30,2320.950000,2324.000000,2318.550000,2320.000000,2911
2018-02-12T13:00:00+05:30,2320.000000,2321.000000,2318.000000,2321.000000,1635
2018-02-12T13:15:00+05:30,2321.000000,2321.000000,2315.400000,2317.650000,572
2018-02-12T13:30:00+05:30,2317.650000,2321.000000,2315.100000,2315.100000,1114
2018-02-12T13:45:00+05:30,2315.100000,2321.000000,2315.100000,2317.150000,1088
2018-02-12T14:00:00+05:30,2317.150000,2321.000000,2315.200000,2320.000000,137
2018-02-12T14:15:00+05:30,2320.000000,2320.050000,2316.700000,2320.000000,1054
2018-02-12T14:30:00+05:30,2320.000000,2323.000000,2317.300000,2317.300000,50148
2018-02-12T14:45:00+05:30,2317.300000,2321.950000,2317.000000,2321.950000,144
2018-02-12T15:00:00+05:30,2321.950000,2329.000000,2320.000000,2322.750000,1445
2018-02-12T15:15:00+05:30,2323.550000,2324.450000,2319.050000,2320.000000,1597
2018-02-14T09:15:00+05:30,2322.100000,2360.000000,2321.450000,2350.000000,2093
2018-02-14T09:30:00+05:30,2350.000000,2358.950000,2340.350000,2344.100000,1822
2018-02-14T09:45:00+05:30,2344.100000,2349.000000,2341.000000,2342.100000,1202
2018-02-14T10:00:00+05:30,2342.100000,2359.000000,2342.100000,2349.800000,987
2018-02-14T10:15:00+05:30,2349.800000,2350.000000,2342.050000,2344.550000,1652
2018-02-14T10:30:00+05:30,2344.550000,2345.000000,2342.250000,2344.950000,181
2018-02-14T10:45:00+05:30,2344.950000,2349.000000,2342.350000,2342.350000,157
2018-02-14T11:00:00+05:30,2342.350000,2348.850000,2342.000000,2348.550000,317
2018-02-14T11:15:00+05:30,2348.550000,2348.550000,2340.050000,2344.900000,354
2018-02-14T11:30:00+05:30,2344.900000,2344.950000,2335.000000,2341.900000,520
2018-02-14T11:45:00+05:30,2341.900000,2343.850000,2335.750000,2336.100000,814
2018-02-14T12:00:00+05:30,2336.100000,2343.900000,2336.100000,2340.000000,369
2018-02-14T12:15:00+05:30,2337.100000,2339.950000,2337.050000,2339.000000,72
2018-02-14T12:30:00+05:30,2339.000000,2339.000000,2337.150000,2339.000000,100
2018-02-14T12:45:00+05:30,2339.000000,2339.000000,2335.750000,2335.750000,212
2018-02-14T13:00:00+05:30,2335.750000,2340.000000,2332.400000,2340.000000,172
2018-02-14T13:15:00+05:30,2340.000000,2340.000000,2336.100000,2337.950000,155
2018-02-14T13:30:00+05:30,2340.000000,2340.000000,2334.050000,2335.000000,41
2018-02-14T13:45:00+05:30,2335.000000,2337.900000,2334.000000,2337.900000,183
2018-02-14T14:00:00+05:30,2337.900000,2339.000000,2336.050000,2336.050000,142
2018-02-14T14:15:00+05:30,2336.050000,2338.950000,2333.400000,2338.950000,296
2018-02-14T14:30:00+05:30,2338.950000,2338.950000,2333.250000,2334.200000,44
2018-02-14T14:45:00+05:30,2334.200000,2335.000000,2331.000000,2331.000000,704
2018-02-14T15:00:00+05:30,2331.000000,2335.000000,2326.000000,2328.000000,736
2018-02-14T15:15:00+05:30,2328.000000,2339.000000,2320.050000,2338.900000,1073
2018-02-15T09:15:00+05:30,2310.000000,2337.000000,2310.000000,2337.000000,94
2018-02-15T09:30:00+05:30,2337.000000,2362.400000,2330.000000,2346.250000,1271
2018-02-15T09:45:00+05:30,2346.250000,2350.000000,2342.700000,2350.000000,81
2018-02-15T10:00:00+05:30,2350.000000,2350.000000,2340.000000,2349.950000,77
2018-02-15T10:15:00+05:30,2349.950000,2349.950000,2326.150000,2326.150000,393
2018-02-15T10:30:00+05:30,2326.150000,2335.050000,2326.150000,2330.000000,129
2018-02-15T10:45:00+05:30,2330.000000,2330.000000,2330.000000,2330.000000,74
2018-02-15T11:00:00+05:30,2330.000000,2332.000000,2330.000000,2331.000000,84
2018-02-15T11:15:00+05:30,2331.000000,2338.350000,2331.000000,2335.000000,232
2018-02-15T11:30:00+05:30,2335.000000,2337.900000,2335.000000,2335.000000,93
2018-02-15T11:45:00+05:30,2335.000000,2335.000000,2330.050000,2333.000000,214
2018-02-15T12:00:00+05:30,2333.000000,2335.000000,2333.000000,2333.050000,144
2018-02-15T12:15:00+05:30,2333.050000,2333.100000,2333.000000,2333.000000,9
2018-02-15T12:30:00+05:30,2333.000000,2334.400000,2333.000000,2333.000000,91
2018-02-15T12:45:00+05:30,2333.000000,2333.850000,2326.850000,2326.850000,242
2018-02-15T13:00:00+05:30,2326.850000,2330.000000,2326.850000,2329.950000,152
2018-02-15T13:15:00+05:30,2329.950000,2329.950000,2327.450000,2329.200000,16
2018-02-15T13:30:00+05:30,2329.200000,2329.200000,2315.150000,2315.650000,248
2018-02-15T13:45:00+05:30,2318.000000,2319.900000,2307.000000,2315.300000,587
2018-02-15T14:00:00+05:30,2315.300000,2324.650000,2313.800000,2324.100000,111
2018-02-15T14:15:00+05:30,2324.100000,2324.650000,2319.150000,2324.650000,45
2018-02-15T14:30:00+05:30,2324.650000,2324.850000,2312.050000,2319.250000,234
2018-02-15T14:45:00+05:30,2319.250000,2323.850000,2308.050000,2318.450000,218
2018-02-15T15:00:00+05:30,2318.450000,2324.000000,2304.950000,2324.000000,599
2018-02-15T15:15:00+05:30,2324.000000,2324.000000,2307.900000,2319.000000,819
2018-02-16T09:15:00+05:30,2327.000000,2344.000000,2318.750000,2325.150000,378
2018-02-16T09:30:00+05:30,2325.150000,2329.000000,2325.000000,2325.000000,88
2018-02-16T09:45:00+05:30,2325.000000,2329.000000,2325.000000,2325.000000,55
2018-02-16T10:00:00+05:30,2326.550000,2328.000000,2315.050000,2315.050000,150
2018-02-16T10:15:00+05:30,2315.050000,2320.000000,2315.050000,2320.000000,2
2018-02-16T10:30:00+05:30,2320.000000,2320.000000,2305.250000,2307.850000,210
2018-02-16T10:45:00+05:30,2307.850000,2309.450000,2305.500000,2307.000000,68
2018-02-16T11:00:00+05:30,2307.000000,2311.000000,2305.000000,2311.000000,90
2018-02-16T11:15:00+05:30,2311.000000,2311.000000,2288.000000,2294.000000,265
2018-02-16T11:30:00+05:30,2294.000000,2294.000000,2276.250000,2282.150000,407
2018-02-16T11:45:00+05:30,2282.150000,2282.150000,2280.000000,2280.100000,205
2018-02-16T12:00:00+05:30,2280.100000,2287.950000,2280.100000,2287.900000,68
2018-02-16T12:15:00+05:30,2287.900000,2293.150000,2286.000000,2293.150000,620
2018-02-16T12:30:00+05:30,2293.150000,2294.500000,2289.000000,2294.500000,91
2018-02-16T12:45:00+05:30,2294.500000,2294.500000,2289.000000,2289.000000,244
2018-02-16T13:00:00+05:30,2289.000000,2289.000000,2283.900000,2283.900000,82
2018-02-16T13:15:00+05:30,2283.900000,2283.900000,2275.050000,2279.900000,111
2018-02-16T13:30:00+05:30,2279.900000,2280.000000,2279.900000,2280.000000,14
2018-02-16T13:45:00+05:30,2280.000000,2280.000000,2270.050000,2270.050000,222
2018-02-16T14:00:00+05:30,2270.050000,2278.350000,2270.050000,2278.350000,27
2018-02-16T14:15:00+05:30,2279.950000,2279.950000,2273.150000,2275.400000,157
2018-02-16T14:30:00+05:30,2275.400000,2275.400000,2251.050000,2251.050000,275
2018-02-16T14:45:00+05:30,2251.050000,2271.950000,2251.050000,2271.950000,425
2018-02-16T15:00:00+05:30,2271.950000,2328.800000,2268.750000,2327.950000,6388
2018-02-16T15:15:00+05:30,2327.950000,2343.000000,2303.850000,2335.000000,4272
2018-02-19T09:15:00+05:30,2310.000000,2310.000000,2284.900000,2290.000000,259
2018-02-19T09:30:00+05:30,2290.000000,2293.000000,2285.000000,2285.000000,216
2018-02-19T09:45:00+05:30,2285.000000,2293.950000,2275.400000,2279.000000,666
2018-02-19T10:00:00+05:30,2279.000000,2281.350000,2269.850000,2274.050000,1208
2018-02-19T10:15:00+05:30,2274.050000,2293.000000,2268.000000,2291.950000,5097
2018-02-19T10:30:00+05:30,2291.000000,2328.800000,2291.000000,2296.400000,4292
2018-02-19T10:45:00+05:30,2296.400000,2305.100000,2284.100000,2302.000000,2034
2018-02-19T11:00:00+05:30,2302.000000,2309.000000,2295.000000,2295.000000,166
2018-02-19T11:15:00+05:30,2295.000000,2309.800000,2291.250000,2295.000000,392
2018-02-19T11:30:00+05:30,2295.000000,2299.000000,2295.000000,2295.000000,71
2018-02-19T11:45:00+05:30,2295.000000,2295.000000,2288.000000,2290.300000,237
2018-02-19T12:00:00+05:30,2290.300000,2294.500000,2288.000000,2292.050000,147
2018-02-19T12:15:00+05:30,2292.050000,2300.000000,2290.000000,2295.050000,457
2018-02-19T12:30:00+05:30,2295.050000,2295.050000,2285.200000,2286.500000,133
2018-02-19T12:45:00+05:30,2286.500000,2291.050000,2286.400000,2286.400000,83
2018-02-19T13:00:00+05:30,2286.400000,2286.400000,2276.050000,2285.000000,456
2018-02-19T13:15:00+05:30,2285.000000,2287.000000,2280.150000,2287.000000,134
2018-02-19T13:30:00+05:30,2287.000000,2287.000000,2280.000000,2280.000000,212
2018-02-19T13:45:00+05:30,2280.000000,2302.850000,2280.000000,2300.050000,1212
2018-02-19T14:00:00+05:30,2300.050000,2323.250000,2292.050000,2297.350000,1524
2018-02-19T14:15:00+05:30,2297.350000,2315.000000,2295.000000,2295.050000,906
2018-02-19T14:30:00+05:30,2295.050000,2296.400000,2285.200000,2292.050000,327
2018-02-19T14:45:00+05:30,2292.050000,2294.950000,2280.350000,2284.000000,619
2018-02-19T15:00:00+05:30,2283.300000,2290.000000,2277.050000,2280.050000,359
2018-02-19T15:15:00+05:30,2280.050000,2309.000000,2277.050000,2290.000000,3257
2018-02-20T09:15:00+05:30,2282.400000,2293.000000,2282.000000,2293.000000,304
2018-02-20T09:30:00+05:30,2293.000000,2297.950000,2283.950000,2297.950000,897
2018-02-20T09:45:00+05:30,2290.550000,2291.150000,2284.000000,2284.000000,161
2018-02-20T10:00:00+05:30,2284.000000,2308.950000,2284.000000,2303.950000,606
2018-02-20T10:15:00+05:30,2303.950000,2303.950000,2290.000000,2290.100000,83
2018-02-20T10:30:00+05:30,2290.100000,2293.950000,2280.050000,2293.950000,707
2018-02-20T10:45:00+05:30,2293.950000,2293.950000,2282.050000,2282.100000,100
2018-02-20T11:00:00+05:30,2282.100000,2284.450000,2282.100000,2282.100000,74
2018-02-20T11:15:00+05:30,2283.950000,2284.200000,2272.500000,2278.000000,399
2018-02-20T11:30:00+05:30,2278.000000,2290.000000,2275.100000,2290.000000,342
2018-02-20T11:45:00+05:30,2290.000000,2295.000000,2279.000000,2285.000000,2474
2018-02-20T12:00:00+05:30,2281.000000,2285.000000,2281.000000,2281.000000,45
2018-02-20T12:15:00+05:30,2281.000000,2283.000000,2280.000000,2283.000000,54
2018-02-20T12:30:00+05:30,2281.950000,2283.000000,2280.050000,2283.000000,65
2018-02-20T12:45:00+05:30,2283.000000,2289.950000,2283.000000,2288.350000,33
2018-02-20T13:00:00+05:30,2288.350000,2289.750000,2288.350000,2289.000000,7
2018-02-20T13:15:00+05:30,2289.000000,2289.000000,2286.300000,2286.300000,23
2018-02-20T13:30:00+05:30,2286.300000,2286.300000,2284.000000,2284.500000,59
2018-02-20T13:45:00+05:30,2284.500000,2284.500000,2279.000000,2280.050000,164
2018-02-20T14:00:00+05:30,2279.100000,2285.000000,2275.050000,2281.250000,109
2018-02-20T14:15:00+05:30,2281.200000,2283.950000,2280.000000,2280.000000,12
2018-02-20T14:30:00+05:30,2280.000000,2285.000000,2280.000000,2284.100000,235
2018-02-20T14:45:00+05:30,2284.100000,2285.600000,2280.050000,2282.450000,126
2018-02-20T15:00:00+05:30,2282.450000,2287.450000,2278.000000,2285.450000,666
2018-02-20T15:15:00+05:30,2285.450000,2308.950000,2280.250000,2300.000000,3820
2018-02-21T09:15:00+05:30,2297.050000,2304.950000,2297.050000,2303.900000,74
2018-02-21T09:30:00+05:30,2303.900000,2304.000000,2298.000000,2298.000000,217
2018-02-21T09:45:00+05:30,2298.000000,2298.000000,2286.950000,2287.850000,278
2018-02-21T10:00:00+05:30,2287.850000,2289.850000,2285.100000,2285.150000,68
2018-02-21T10:15:00+05:30,2285.150000,2299.900000,2285.100000,2290.150000,193
2018-02-21T10:30:00+05:30,2290.150000,2300.000000,2290.150000,2290.300000,149
2018-02-21T10:45:00+05:30,2290.300000,2293.950000,2280.000000,2280.950000,324
2018-02-21T11:00:00+05:30,2280.950000,2283.200000,2280.100000,2280.100000,156
2018-02-21T11:15:00+05:30,2280.100000,2283.000000,2280.100000,2283.000000,24
2018-02-21T11:30:00+05:30,2283.000000,2283.000000,2271.300000,2275.500000,435
2018-02-21T11:45:00+05:30,2275.500000,2284.000000,2275.500000,2280.050000,39
2018-02-21T12:00:00+05:30,2280.050000,2280.050000,2280.000000,2280.000000,50
2018-02-21T12:15:00+05:30,2280.000000,2280.000000,2274.000000,2274.000000,533
2018-02-21T12:30:00+05:30,2274.000000,2278.350000,2268.000000,2270.000000,375
2018-02-21T12:45:00+05:30,2270.000000,2284.300000,2269.700000,2284.300000,132
2018-02-21T13:00:00+05:30,2279.950000,2279.950000,2267.000000,2270.000000,499
2018-02-21T13:15:00+05:30,2270.000000,2270.000000,2263.950000,2269.000000,289
2018-02-21T13:30:00+05:30,2269.000000,2281.450000,2268.950000,2280.000000,108
2018-02-21T13:45:00+05:30,2280.000000,2280.000000,2280.000000,2280.000000,1
2018-02-21T14:00:00+05:30,2281.400000,2281.400000,2279.500000,2279.500000,18
2018-02-21T14:15:00+05:30,2279.500000,2279.500000,2273.100000,2273.100000,202
2018-02-21T14:30:00+05:30,2273.100000,2289.750000,2273.100000,2275.000000,1284
2018-02-21T14:45:00+05:30,2281.850000,2289.500000,2278.100000,2284.450000,606
2018-02-21T15:00:00+05:30,2284.450000,2297.550000,2284.300000,2291.150000,963
2018-02-21T15:15:00+05:30,2291.150000,2291.150000,2265.800000,2290.700000,3498
2018-02-22T09:15:00+05:30,2251.150000,2278.500000,2251.150000,2266.400000,829
2018-02-22T09:30:00+05:30,2266.400000,2269.900000,2260.300000,2264.950000,468
2018-02-22T09:45:00+05:30,2264.950000,2270.050000,2260.650000,2268.000000,616
2018-02-22T10:00:00+05:30,2268.000000,2268.000000,2263.100000,2264.050000,327
2018-02-22T10:15:00+05:30,2264.050000,2266.000000,2263.150000,2265.000000,359
2018-02-22T10:30:00+05:30,2265.000000,2267.500000,2263.350000,2265.000000,479
2018-02-22T10:45:00+05:30,2265.000000,2266.950000,2263.300000,2263.500000,301
2018-02-22T11:00:00+05:30,2263.500000,2267.950000,2263.500000,2265.000000,315
2018-02-22T11:15:00+05:30,2265.000000,2267.000000,2263.500000,2264.000000,363
2018-02-22T11:30:00+05:30,2264.000000,2267.950000,2263.150000,2263.150000,312
2018-02-22T11:45:00+05:30,2263.150000,2268.000000,2255.150000,2255.550000,501
2018-02-22T12:00:00+05:30,2255.550000,2259.950000,2250.500000,2252.200000,953
2018-02-22T12:15:00+05:30,2252.200000,2263.900000,2252.200000,2255.200000,734
2018-02-22T12:30:00+05:30,2255.200000,2267.950000,2255.100000,2260.000000,401
2018-02-22T12:45:00+05:30,2260.000000,2260.200000,2250.500000,2251.100000,387
2018-02-22T13:00:00+05:30,2251.100000,2258.650000,2247.000000,2247.050000,695
2018-02-22T13:15:00+05:30,2247.050000,2259.800000,2247.000000,2256.050000,549
2018-02-22T13:30:00+05:30,2256.050000,2259.800000,2254.000000,2255.050000,450
2018-02-22T13:45:00+05:30,2255.050000,2259.650000,2254.000000,2254.050000,377
2018-02-22T14:00:00+05:30,2254.050000,2273.000000,2254.000000,2268.650000,1408
2018-02-22T14:15:00+05:30,2268.650000,2268.650000,2254.250000,2254.500000,570
2018-02-22T14:30:00+05:30,2257.150000,2260.200000,2254.500000,2256.100000,582
2018-02-22T14:45:00+05:30,2256.100000,2259.900000,2255.000000,2255.850000,492
2018-02-22T15:00:00+05:30,2255.850000,2269.000000,2255.850000,2260.700000,993
2018-02-22T15:15:00+05:30,2260.700000,2285.000000,2256.250000,2285.000000,6853
2018-02-23T09:15:00+05:30,2275.000000,2290.400000,2270.550000,2282.100000,159
2018-02-23T09:30:00+05:30,2286.000000,2286.000000,2276.050000,2278.450000,101
2018-02-23T09:45:00+05:30,2278.450000,2278.450000,2270.000000,2270.000000,85
2018-02-23T10:00:00+05:30,2270.000000,2293.000000,2269.700000,2290.000000,372
2018-02-23T10:15:00+05:30,2290.000000,2309.150000,2285.100000,2285.100000,1235
2018-02-23T10:30:00+05:30,2285.100000,2290.000000,2280.100000,2285.000000,224
2018-02-23T10:45:00+05:30,2285.000000,2292.000000,2285.000000,2285.050000,59
2018-02-23T11:00:00+05:30,2285.050000,2287.250000,2285.050000,2285.200000,27
2018-02-23T11:15:00+05:30,2285.200000,2299.950000,2285.200000,2290.100000,250
2018-02-23T11:30:00+05:30,2290.100000,2290.100000,2286.050000,2289.750000,25
2018-02-23T11:45:00+05:30,2289.750000,2289.750000,2285.100000,2289.050000,91
2018-02-23T12:00:00+05:30,2289.050000,2290.000000,2286.150000,2290.000000,116
2018-02-23T12:15:00+05:30,2290.000000,2290.000000,2286.000000,2286.050000,73
2018-02-23T12:30:00+05:30,2288.600000,2289.050000,2288.600000,2289.000000,133
2018-02-23T12:45:00+05:30,2289.000000,2297.750000,2286.150000,2289.200000,56
2018-02-23T13:00:00+05:30,2289.200000,2292.000000,2286.150000,2292.000000,156
2018-02-23T13:15:00+05:30,2292.000000,2296.000000,2290.050000,2290.050000,117
2018-02-23T13:30:00+05:30,2290.050000,2290.050000,2286.150000,2286.150000,33
2018-02-23T13:45:00+05:30,2286.150000,2295.550000,2264.050000,2286.000000,489
2018-02-23T14:00:00+05:30,2286.000000,2290.000000,2285.950000,2286.000000,79
2018-02-23T14:15:00+05:30,2286.000000,2286.650000,2283.000000,2283.000000,61
2018-02-23T14:30:00+05:30,2283.000000,2283.000000,2276.200000,2276.750000,75
2018-02-23T14:45:00+05:30,2276.750000,2294.900000,2272.100000,2293.900000,472
2018-02-23T15:00:00+05:30,2291.050000,2325.000000,2289.550000,2300.000000,8306
2018-02-23T15:15:00+05:30,2300.000000,2318.000000,2298.000000,2305.300000,4462
2018-02-26T09:15:00+05:30,2297.950000,2300.850000,2283.650000,2285.400000,390
2018-02-26T09:30:00+05:30,2289.900000,2290.050000,2280.050000,2283.150000,370
2018-02-26T09:45:00+05:30,2283.150000,2284.450000,2280.000000,2280.050000,288
2018-02-26T10:00:00+05:30,2280.050000,2285.950000,2278.500000,2278.650000,485
2018-02-26T10:15:00+05:30,2278.650000,2281.850000,2275.200000,2278.050000,368
2018-02-26T10:30:00+05:30,2278.050000,2283.750000,2278.050000,2280.150000,357
2018-02-26T10:45:00+05:30,2280.150000,2285.950000,2280.150000,2281.650000,145
2018-02-26T11:00:00+05:30,2280.150000,2284.550000,2280.100000,2284.550000,501
2018-02-26T11:15:00+05:30,2284.550000,2284.550000,2282.500000,2283.050000,544
2018-02-26T11:30:00+05:30,2283.050000,2284.900000,2283.050000,2284.000000,153
2018-02-26T11:45:00+05:30,2284.000000,2286.700000,2284.000000,2286.700000,233
2018-02-26T12:00:00+05:30,2286.700000,2286.700000,2280.100000,2280.100000,397
2018-02-26T12:15:00+05:30,2280.100000,2282.200000,2280.100000,2280.100000,245
2018-02-26T12:30:00+05:30,2280.100000,2280.100000,2275.250000,2278.800000,633
2018-02-26T12:45:00+05:30,2278.800000,2278.800000,2277.150000,2277.150000,37
2018-02-26T13:00:00+05:30,2277.150000,2280.000000,2276.350000,2278.450000,258
2018-02-26T13:15:00+05:30,2278.450000,2278.500000,2272.000000,2275.550000,272
2018-02-26T13:30:00+05:30,2275.550000,2275.550000,2273.100000,2275.000000,24
2018-02-26T13:45:00+05:30,2273.500000,2275.000000,2270.750000,2275.000000,931
2018-02-26T14:00:00+05:30,2275.000000,2284.000000,2275.000000,2282.200000,731
2018-02-26T14:15:00+05:30,2282.200000,2298.450000,2281.050000,2297.100000,1960
2018-02-26T14:30:00+05:30,2297.100000,2312.000000,2290.000000,2290.000000,3220
2018-02-26T14:45:00+05:30,2290.000000,2290.000000,2284.100000,2285.750000,1227
2018-02-26T15:00:00+05:30,2285.750000,2304.900000,2282.050000,2299.550000,2830
2018-02-26T15:15:00+05:30,2299.550000,2299.900000,2270.000000,2270.500000,4636
2018-02-27T09:15:00+05:30,2276.300000,2286.200000,2276.300000,2281.000000,504
2018-02-27T09:30:00+05:30,2281.000000,2281.000000,2271.100000,2273.350000,695
2018-02-27T09:45:00+05:30,2273.350000,2279.950000,2271.000000,2271.450000,487
2018-02-27T10:00:00+05:30,2271.450000,2271.950000,2265.650000,2267.350000,420
2018-02-27T10:15:00+05:30,2267.350000,2270.000000,2265.250000,2266.650000,730
2018-02-27T10:30:00+05:30,2266.650000,2275.000000,2265.300000,2272.450000,434
2018-02-27T10:45:00+05:30,2272.450000,2278.050000,2270.500000,2277.950000,165
2018-02-27T11:00:00+05:30,2277.950000,2277.950000,2272.550000,2272.550000,67
2018-02-27T11:15:00+05:30,2274.050000,2274.950000,2270.500000,2273.250000,148
2018-02-27T11:30:00+05:30,2273.250000,2273.250000,2271.300000,2271.300000,4
2018-02-27T11:45:00+05:30,2271.050000,2271.950000,2265.350000,2270.000000,285
2018-02-27T12:00:00+05:30,2265.250000,2275.050000,2265.250000,2265.750000,250
2018-02-27T12:15:00+05:30,2267.400000,2271.950000,2265.800000,2268.600000,115
2018-02-27T12:30:00+05:30,2268.600000,2272.350000,2267.250000,2270.100000,73
2018-02-27T12:45:00+05:30,2267.300000,2270.100000,2266.000000,2270.000000,144
2018-02-27T13:00:00+05:30,2270.000000,2273.800000,2266.050000,2272.800000,49
2018-02-27T13:15:00+05:30,2272.800000,2272.800000,2269.000000,2270.000000,212
2018-02-27T13:30:00+05:30,2270.000000,2271.100000,2270.000000,2271.100000,66
2018-02-27T13:45:00+05:30,2271.100000,2272.800000,2267.100000,2271.100000,613
2018-02-27T14:00:00+05:30,2271.100000,2273.850000,2271.100000,2273.700000,301
2018-02-27T14:15:00+05:30,2273.700000,2276.800000,2272.500000,2276.800000,291
2018-02-27T14:30:00+05:30,2276.750000,2285.000000,2275.000000,2276.800000,456
2018-02-27T14:45:00+05:30,2276.800000,2276.800000,2272.000000,2272.000000,556
2018-02-27T15:00:00+05:30,2274.000000,2283.650000,2265.350000,2282.000000,1422
2018-02-27T15:15:00+05:30,2280.000000,2283.000000,2255.000000,2279.600000,4501
2018-02-28T09:15:00+05:30,2261.000000,2270.000000,2253.000000,2257.200000,389
2018-02-28T09:30:00+05:30,2257.200000,2265.950000,2255.100000,2256.900000,212
2018-02-28T09:45:00+05:30,2256.900000,2269.000000,2255.350000,2255.700000,766
2018-02-28T10:00:00+05:30,2256.450000,2264.000000,2255.100000,2255.850000,451
2018-02-28T10:15:00+05:30,2255.850000,2264.000000,2255.100000,2258.650000,191
2018-02-28T10:30:00+05:30,2258.650000,2265.000000,2256.600000,2259.350000,213
2018-02-28T10:45:00+05:30,2264.600000,2269.000000,2258.200000,2263.000000,231
2018-02-28T11:00:00+05:30,2263.000000,2268.000000,2260.150000,2268.000000,85
2018-02-28T11:15:00+05:30,2268.000000,2274.900000,2266.050000,2272.050000,559
2018-02-28T11:30:00+05:30,2272.050000,2273.900000,2264.000000,2264.000000,395
2018-02-28T11:45:00+05:30,2264.000000,2267.050000,2263.000000,2265.050000,92
2018-02-28T12:00:00+05:30,2265.050000,2266.900000,2263.000000,2263.800000,77
2018-02-28T12:15:00+05:30,2263.800000,2263.900000,2260.050000,2261.300000,218
2018-02-28T12:30:00+05:30,2261.300000,2263.850000,2261.000000,2262.250000,82
2018-02-28T12:45:00+05:30,2262.250000,2263.900000,2261.000000,2262.500000,85
2018-02-28T13:00:00+05:30,2262.500000,2269.950000,2261.000000,2261.750000,224
2018-02-28T13:15:00+05:30,2261.750000,2266.150000,2261.000000,2261.000000,85
2018-02-28T13:30:00+05:30,2261.000000,2262.600000,2254.000000,2255.450000,301
2018-02-28T13:45:00+05:30,2255.450000,2265.200000,2253.200000,2259.000000,471
2018-02-28T14:00:00+05:30,2259.000000,2264.950000,2258.000000,2260.000000,175
2018-02-28T14:15:00+05:30,2260.000000,2262.000000,2256.000000,2262.000000,565
2018-02-28T14:30:00+05:30,2262.000000,2264.950000,2260.000000,2261.050000,239
2018-02-28T14:45:00+05:30,2261.050000,2274.950000,2261.050000,2271.500000,453
2018-02-28T15:00:00+05:30,2271.500000,2278.000000,2262.050000,2264.950000,925
2018-02-28T15:15:00+05:30,2265.000000,2284.500000,2257.000000,2267.000000,2739
2018-03-01T09:15:00+05:30,2274.200000,2288.950000,2264.800000,2282.950000,667
2018-03-01T09:30:00+05:30,2282.950000,2282.950000,2269.650000,2273.550000,276
2018-03-01T09:45:00+05:30,2273.450000,2279.950000,2267.900000,2276.900000,631
2018-03-01T10:00:00+05:30,2279.800000,2279.850000,2277.900000,2279.850000,30
2018-03-01T10:15:00+05:30,2279.850000,2282.800000,2268.050000,2282.800000,286
2018-03-01T10:30:00+05:30,2281.300000,2284.000000,2278.050000,2278.050000,82
2018-03-01T10:45:00+05:30,2278.050000,2279.950000,2273.850000,2273.850000,22
2018-03-01T11:00:00+05:30,2273.850000,2275.000000,2273.800000,2275.000000,17
2018-03-01T11:15:00+05:30,2275.000000,2288.950000,2265.050000,2284.100000,1012
2018-03-01T11:30:00+05:30,2284.100000,2287.000000,2280.950000,2285.900000,192
2018-03-01T11:45:00+05:30,2284.950000,2305.050000,2283.750000,2293.950000,1229
2018-03-01T12:00:00+05:30,2293.950000,2294.000000,2283.100000,2288.150000,169
2018-03-01T12:15:00+05:30,2288.150000,2289.950000,2286.650000,2287.600000,52
2018-03-01T12:30:00+05:30,2287.600000,2290.000000,2273.450000,2274.100000,276
2018-03-01T12:45:00+05:30,2274.100000,2287.800000,2274.100000,2285.900000,46
2018-03-01T13:00:00+05:30,2282.600000,2289.950000,2281.400000,2284.000000,1779
2018-03-01T13:15:00+05:30,2284.000000,2298.700000,2284.000000,2298.250000,863
2018-03-01T13:30:00+05:30,2298.250000,2319.000000,2290.350000,2291.000000,4165
2018-03-01T13:45:00+05:30,2291.000000,2291.000000,2280.000000,2290.000000,338
2018-03-01T14:00:00+05:30,2288.450000,2290.150000,2282.500000,2284.800000,579
2018-03-01T14:15:00+05:30,2284.800000,2287.950000,2278.000000,2284.900000,366
2018-03-01T14:30:00+05:30,2284.900000,2284.900000,2280.000000,2284.000000,137
2018-03-01T14:45:00+05:30,2284.000000,2290.000000,2281.450000,2287.950000,284
2018-03-01T15:00:00+05:30,2288.000000,2288.000000,2273.050000,2273.050000,556
2018-03-01T15:15:00+05:30,2273.050000,2290.000000,2270.000000,2270.000000,3561
2018-03-05T09:15:00+05:30,2279.950000,2279.950000,2256.100000,2267.900000,813
2018-03-05T09:30:00+05:30,2264.750000,2269.650000,2254.100000,2255.100000,331
2018-03-05T09:45:00+05:30,2255.100000,2261.950000,2254.200000,2256.150000,193
2018-03-05T10:00:00+05:30,2256.150000,2260.000000,2250.150000,2250.150000,312
2018-03-05T10:15:00+05:30,2250.100000,2254.450000,2231.150000,2232.350000,571
2018-03-05T10:30:00+05:30,2232.350000,2240.000000,2232.000000,2239.800000,418
2018-03-05T10:45:00+05:30,2239.800000,2241.600000,2236.000000,2236.000000,223
2018-03-05T11:00:00+05:30,2236.000000,2243.850000,2236.000000,2238.500000,209
2018-03-05T11:15:00+05:30,2238.500000,2243.950000,2238.500000,2241.200000,341
2018-03-05T11:30:00+05:30,2241.200000,2243.000000,2241.000000,2241.000000,371
2018-03-05T11:45:00+05:30,2241.000000,2241.000000,2236.000000,2238.050000,587
2018-03-05T12:00:00+05:30,2239.000000,2243.450000,2236.000000,2236.000000,369
2018-03-05T12:15:00+05:30,2236.100000,2241.000000,2236.000000,2237.200000,247
2018-03-05T12:30:00+05:30,2237.200000,2239.850000,2236.000000,2236.000000,165
2018-03-05T12:45:00+05:30,2236.000000,2239.850000,2236.000000,2236.000000,181
2018-03-05T13:00:00+05:30,2236.000000,2238.800000,2236.000000,2236.000000,249
2018-03-05T13:15:00+05:30,2236.000000,2239.900000,2236.000000,2236.300000,303
2018-03-05T13:30:00+05:30,2236.250000,2240.000000,2235.100000,2235.100000,212
2018-03-05T13:45:00+05:30,2235.100000,2239.900000,2235.100000,2236.000000,165
2018-03-05T14:00:00+05:30,2236.000000,2239.950000,2236.000000,2236.250000,800
2018-03-05T14:15:00+05:30,2236.250000,2240.000000,2235.400000,2235.400000,1061
2018-03-05T14:30:00+05:30,2235.450000,2236.650000,2222.000000,2222.000000,1643
2018-03-05T14:45:00+05:30,2222.000000,2225.000000,2216.150000,2219.050000,718
2018-03-05T15:00:00+05:30,2220.000000,2225.000000,2220.000000,2220.650000,1143
2018-03-05T15:15:00+05:30,2220.650000,2225.000000,2210.200000,2217.650000,5155
2018-03-06T09:15:00+05:30,2238.950000,2239.000000,2222.700000,2222.700000,206
2018-03-06T09:30:00+05:30,2222.700000,2225.000000,2220.050000,2220.050000,68
2018-03-06T09:45:00+05:30,2225.000000,2225.000000,2222.000000,2222.000000,488
2018-03-06T10:00:00+05:30,2222.000000,2224.750000,2202.000000,2204.000000,289
2018-03-06T10:15:00+05:30,2204.000000,2209.600000,2201.000000,2201.000000,195
2018-03-06T10:30:00+05:30,2201.000000,2204.900000,2199.950000,2199.950000,99
2018-03-06T10:45:00+05:30,2199.950000,2200.000000,2184.050000,2184.050000,681
2018-03-06T11:00:00+05:30,2185.600000,2191.950000,2185.000000,2191.950000,161
2018-03-06T11:15:00+05:30,2191.950000,2195.000000,2188.150000,2190.000000,244
2018-03-06T11:30:00+05:30,2190.000000,2190.000000,2185.000000,2188.000000,248
2018-03-06T11:45:00+05:30,2188.000000,2188.000000,2185.000000,2186.350000,270
2018-03-06T12:00:00+05:30,2186.350000,2190.000000,2184.050000,2184.050000,294
2018-03-06T12:15:00+05:30,2184.050000,2185.900000,2184.000000,2185.750000,27
2018-03-06T12:30:00+05:30,2185.750000,2189.450000,2176.100000,2176.100000,331
2018-03-06T12:45:00+05:30,2176.100000,2183.000000,2175.100000,2178.600000,237
2018-03-06T13:00:00+05:30,2178.600000,2180.000000,2175.200000,2175.200000,226
2018-03-06T13:15:00+05:30,2175.200000,2188.500000,2175.200000,2178.350000,300
2018-03-06T13:30:00+05:30,2178.350000,2183.950000,2178.350000,2183.900000,78
2018-03-06T13:45:00+05:30,2183.900000,2190.000000,2181.050000,2184.100000,381
2018-03-06T14:00:00+05:30,2184.100000,2190.000000,2180.000000,2190.000000,525
2018-03-06T14:15:00+05:30,2190.000000,2190.000000,2182.900000,2187.000000,137
2018-03-06T14:30:00+05:30,2187.000000,2187.000000,2183.050000,2186.350000,43
2018-03-06T14:45:00+05:30,2186.350000,2189.950000,2180.000000,2182.400000,683
2018-03-06T15:00:00+05:30,2182.400000,2189.950000,2170.000000,2175.000000,2037
2018-03-06T15:15:00+05:30,2175.000000,2199.850000,2170.000000,2171.000000,2727
2018-03-07T09:15:00+05:30,2175.050000,2179.900000,2168.000000,2176.600000,57
2018-03-07T09:30:00+05:30,2176.600000,2180.000000,2169.950000,2180.000000,536
2018-03-07T09:45:00+05:30,2180.000000,2200.000000,2176.150000,2194.900000,1331
2018-03-07T10:00:00+05:30,2194.900000,2199.800000,2180.000000,2186.450000,517
2018-03-07T10:15:00+05:30,2186.450000,2194.650000,2179.000000,2193.950000,385
2018-03-07T10:30:00+05:30,2193.950000,2194.100000,2189.950000,2194.000000,258
2018-03-07T10:45:00+05:30,2194.000000,2194.100000,2171.500000,2190.950000,607
2018-03-07T11:00:00+05:30,2190.950000,2193.900000,2181.150000,2192.950000,452
2018-03-07T11:15:00+05:30,2192.950000,2193.850000,2182.200000,2193.850000,192
2018-03-07T11:30:00+05:30,2193.850000,2195.900000,2182.300000,2193.550000,415
2018-03-07T11:45:00+05:30,2193.850000,2200.000000,2183.300000,2190.000000,1405
2018-03-07T12:00:00+05:30,2189.950000,2193.100000,2188.050000,2193.100000,334
2018-03-07T12:15:00+05:30,2192.900000,2193.100000,2186.300000,2192.200000,405
2018-03-07T12:30:00+05:30,2192.200000,2193.100000,2188.050000,2193.100000,254
2018-03-07T12:45:00+05:30,2193.100000,2197.950000,2182.250000,2197.950000,838
2018-03-07T13:00:00+05:30,2197.950000,2198.850000,2188.050000,2198.500000,323
2018-03-07T13:15:00+05:30,2198.500000,2200.000000,2196.350000,2199.900000,223
2018-03-07T13:30:00+05:30,2199.900000,2200.000000,2194.150000,2199.900000,420
2018-03-07T13:45:00+05:30,2199.900000,2200.000000,2194.150000,2194.150000,311
2018-03-07T14:00:00+05:30,2194.150000,2200.000000,2193.000000,2195.900000,2354
2018-03-07T14:15:00+05:30,2195.800000,2196.500000,2190.000000,2196.500000,328
2018-03-07T14:30:00+05:30,2196.500000,2199.650000,2194.050000,2197.800000,246
2018-03-07T14:45:00+05:30,2197.800000,2197.950000,2185.550000,2189.850000,459
2018-03-07T15:00:00+05:30,2189.850000,2190.000000,2172.050000,2182.150000,734
2018-03-07T15:15:00+05:30,2182.150000,2201.900000,2178.300000,2199.950000,3190
2018-03-08T09:15:00+05:30,2180.000000,2204.850000,2180.000000,2185.650000,239
2018-03-08T09:30:00+05:30,2185.650000,2189.850000,2180.000000,2180.000000,130
2018-03-08T09:45:00+05:30,2178.200000,2179.350000,2175.000000,2175.000000,76
2018-03-08T10:00:00+05:30,2175.000000,2179.950000,2168.000000,2177.000000,184
2018-03-08T10:15:00+05:30,2177.000000,2177.000000,2160.000000,2162.250000,308
2018-03-08T10:30:00+05:30,2162.250000,2163.750000,2152.100000,2161.900000,457
2018-03-08T10:45:00+05:30,2153.150000,2161.950000,2153.150000,2161.600000,22
2018-03-08T11:00:00+05:30,2161.600000,2168.800000,2156.150000,2168.800000,169
2018-03-08T11:15:00+05:30,2165.050000,2165.050000,2159.050000,2160.000000,237
2018-03-08T11:30:00+05:30,2160.000000,2168.750000,2159.950000,2167.000000,202
2018-03-08T11:45:00+05:30,2167.000000,2167.000000,2163.400000,2164.200000,13
2018-03-08T12:00:00+05:30,2164.200000,2164.200000,2159.000000,2159.000000,33
2018-03-08T12:15:00+05:30,2159.000000,2179.000000,2159.000000,2170.150000,388
2018-03-08T12:30:00+05:30,2170.150000,2170.150000,2167.450000,2167.450000,35
2018-03-08T12:45:00+05:30,2167.450000,2167.550000,2165.000000,2165.000000,36
2018-03-08T13:00:00+05:30,2165.000000,2169.000000,2165.000000,2169.000000,62
2018-03-08T13:15:00+05:30,2169.000000,2169.450000,2166.000000,2169.450000,29
2018-03-08T13:30:00+05:30,2169.450000,2169.450000,2165.050000,2166.700000,45
2018-03-08T13:45:00+05:30,2166.700000,2167.650000,2166.050000,2167.400000,97
2018-03-08T14:00:00+05:30,2166.100000,2173.550000,2166.000000,2172.800000,737
2018-03-08T14:15:00+05:30,2172.800000,2172.800000,2167.000000,2167.000000,93
2018-03-08T14:30:00+05:30,2167.000000,2172.650000,2166.500000,2170.000000,161
2018-03-08T14:45:00+05:30,2170.000000,2175.000000,2169.050000,2173.000000,381
2018-03-08T15:00:00+05:30,2174.950000,2204.250000,2174.950000,2200.000000,6366
2018-03-08T15:15:00+05:30,2200.000000,2209.000000,2192.050000,2209.000000,5580
2018-03-09T09:15:00+05:30,2188.350000,2191.050000,2180.100000,2182.000000,46
2018-03-09T09:30:00+05:30,2182.000000,2189.900000,2182.000000,2186.050000,169
2018-03-09T09:45:00+05:30,2186.050000,2194.950000,2184.100000,2188.000000,215
2018-03-09T10:00:00+05:30,2188.000000,2192.000000,2185.150000,2190.000000,116
2018-03-09T10:15:00+05:30,2190.000000,2190.000000,2184.100000,2184.250000,27
2018-03-09T10:30:00+05:30,2184.250000,2185.450000,2183.000000,2185.450000,73
2018-03-09T10:45:00+05:30,2185.450000,2185.450000,2183.700000,2184.250000,23
2018-03-09T11:00:00+05:30,2184.250000,2190.000000,2182.700000,2189.450000,88
2018-03-09T11:15:00+05:30,2189.450000,2189.450000,2183.000000,2183.000000,13
2018-03-09T11:30:00+05:30,2183.000000,2183.000000,2180.250000,2180.250000,10
2018-03-09T11:45:00+05:30,2180.250000,2188.150000,2180.000000,2188.150000,91
2018-03-09T12:00:00+05:30,2188.150000,2188.150000,2186.400000,2187.150000,12
2018-03-09T12:15:00+05:30,2187.150000,2187.150000,2177.050000,2185.150000,222
2018-03-09T12:30:00+05:30,2185.150000,2185.450000,2174.950000,2175.150000,275
2018-03-09T12:45:00+05:30,2175.150000,2179.300000,2175.150000,2179.300000,93
2018-03-09T13:00:00+05:30,2179.250000,2179.400000,2178.650000,2178.650000,10
2018-03-09T13:15:00+05:30,2178.650000,2178.950000,2170.050000,2177.000000,167
2018-03-09T13:30:00+05:30,2177.000000,2180.500000,2174.950000,2180.500000,265
2018-03-09T13:45:00+05:30,2180.500000,2180.500000,2180.500000,2180.500000,0
2018-03-09T14:00:00+05:30,2180.500000,2180.500000,2175.350000,2175.800000,58
2018-03-09T14:15:00+05:30,2175.800000,2176.200000,2172.000000,2175.400000,340
2018-03-09T14:30:00+05:30,2175.400000,2185.800000,2174.950000,2185.700000,517
2018-03-09T14:45:00+05:30,2185.700000,2185.700000,2172.100000,2184.000000,1047
2018-03-09T15:00:00+05:30,2184.000000,2199.000000,2183.450000,2199.000000,2770
2018-03-09T15:15:00+05:30,2199.000000,2200.000000,2185.100000,2195.800000,2897
2018-03-12T09:15:00+05:30,2199.000000,2199.000000,2190.100000,2193.950000,118
2018-03-12T09:30:00+05:30,2193.950000,2193.950000,2176.250000,2181.850000,716
2018-03-12T09:45:00+05:30,2181.850000,2184.950000,2176.050000,2181.250000,86
2018-03-12T10:00:00+05:30,2181.250000,2184.950000,2180.650000,2181.950000,86
2018-03-12T10:15:00+05:30,2181.950000,2185.000000,2181.100000,2184.950000,149
2018-03-12T10:30:00+05:30,2184.950000,2184.950000,2181.650000,2184.950000,3
2018-03-12T10:45:00+05:30,2184.950000,2184.950000,2180.800000,2184.950000,14
2018-03-12T11:00:00+05:30,2184.950000,2188.650000,2180.050000,2182.450000,170
2018-03-12T11:15:00+05:30,2182.450000,2187.650000,2182.450000,2187.650000,14
2018-03-12T11:30:00+05:30,2187.650000,2187.650000,2183.800000,2183.800000,1
2018-03-12T11:45:00+05:30,2183.800000,2185.000000,2180.050000,2182.000000,44
2018-03-12T12:00:00+05:30,2182.000000,2184.950000,2180.200000,2183.900000,94
2018-03-12T12:15:00+05:30,2183.900000,2184.900000,2181.000000,2181.550000,45
2018-03-12T12:30:00+05:30,2180.150000,2184.950000,2176.900000,2180.000000,389
2018-03-12T12:45:00+05:30,2180.000000,2188.750000,2179.150000,2188.450000,493
2018-03-12T13:00:00+05:30,2188.450000,2188.450000,2188.450000,2188.450000,0
2018-03-12T13:15:00+05:30,2188.450000,2189.700000,2184.050000,2189.000000,196
2018-03-12T13:30:00+05:30,2189.000000,2195.250000,2186.000000,2193.950000,156
2018-03-12T13:45:00+05:30,2193.950000,2194.950000,2193.950000,2194.950000,3
2018-03-12T14:00:00+05:30,2194.950000,2194.950000,2188.100000,2191.000000,16
2018-03-12T14:15:00+05:30,2191.000000,2191.000000,2184.050000,2185.000000,78
2018-03-12T14:30:00+05:30,2185.000000,2189.500000,2185.000000,2188.500000,4
2018-03-12T14:45:00+05:30,2188.500000,2191.950000,2186.250000,2191.000000,130
2018-03-12T15:00:00+05:30,2191.000000,2194.750000,2189.000000,2194.650000,228
2018-03-12T15:15:00+05:30,2194.650000,2208.750000,2194.650000,2200.000000,10718
2018-03-13T09:15:00+05:30,2217.950000,2221.000000,2194.000000,2199.650000,389
2018-03-13T09:30:00+05:30,2199.650000,2199.650000,2184.200000,2191.500000,400
2018-03-13T09:45:00+05:30,2191.500000,2193.750000,2186.100000,2193.750000,161
2018-03-13T10:00:00+05:30,2193.750000,2193.800000,2187.600000,2190.000000,122
2018-03-13T10:15:00+05:30,2190.000000,2190.000000,2186.650000,2186.650000,105
2018-03-13T10:30:00+05:30,2186.650000,2193.000000,2186.650000,2189.400000,175
2018-03-13T10:45:00+05:30,2189.400000,2189.400000,2185.250000,2185.250000,133
2018-03-13T11:00:00+05:30,2185.250000,2189.900000,2185.250000,2188.000000,63
2018-03-13T11:15:00+05:30,2188.000000,2192.500000,2184.000000,2190.950000,337
2018-03-13T11:30:00+05:30,2190.950000,2192.500000,2185.900000,2191.100000,85
2018-03-13T11:45:00+05:30,2191.100000,2191.100000,2186.100000,2186.100000,133
2018-03-13T12:00:00+05:30,2187.350000,2189.750000,2186.500000,2189.750000,84
2018-03-13T12:15:00+05:30,2189.750000,2189.750000,2187.300000,2187.300000,2
2018-03-13T12:30:00+05:30,2187.300000,2188.250000,2185.900000,2185.900000,25
2018-03-13T12:45:00+05:30,2186.450000,2189.700000,2183.050000,2189.700000,332
2018-03-13T13:00:00+05:30,2189.700000,2189.700000,2185.000000,2189.250000,80
2018-03-13T13:15:00+05:30,2189.250000,2190.000000,2185.400000,2189.950000,245
2018-03-13T13:30:00+05:30,2189.950000,2190.000000,2184.450000,2189.750000,282
2018-03-13T13:45:00+05:30,2189.750000,2189.750000,2183.300000,2183.500000,583
2018-03-13T14:00:00+05:30,2183.300000,2189.700000,2183.300000,2186.800000,110
2018-03-13T14:15:00+05:30,2186.800000,2188.950000,2184.500000,2188.850000,415
2018-03-13T14:30:00+05:30,2188.850000,2188.950000,2183.350000,2186.250000,418
2018-03-13T14:45:00+05:30,2186.250000,2188.950000,2184.800000,2186.350000,209
2018-03-13T15:00:00+05:30,2186.350000,2195.000000,2184.100000,2187.600000,834
2018-03-13T15:15:00+05:30,2187.600000,2194.950000,2176.000000,2191.600000,3882
2018-03-14T09:15:00+05:30,2182.900000,2190.950000,2171.000000,2183.000000,594
2018-03-14T09:30:00+05:30,2183.000000,2194.950000,2183.000000,2186.200000,155
2018-03-14T09:45:00+05:30,2186.200000,2194.950000,2186.200000,2186.850000,180
2018-03-14T10:00:00+05:30,2186.800000,2193.950000,2185.000000,2193.900000,205
2018-03-14T10:15:00+05:30,2193.900000,2193.900000,2185.000000,2185.000000,22
2018-03-14T10:30:00+05:30,2185.000000,2189.950000,2182.900000,2182.900000,109
2018-03-14T10:45:00+05:30,2182.900000,2184.900000,2180.000000,2184.900000,24
2018-03-14T11:00:00+05:30,2184.900000,2193.950000,2182.100000,2185.000000,164
2018-03-14T11:15:00+05:30,2185.000000,2185.000000,2180.100000,2180.100000,23
2018-03-14T11:30:00+05:30,2180.100000,2182.750000,2180.100000,2182.750000,1
2018-03-14T11:45:00+05:30,2182.750000,2182.750000,2180.600000,2180.600000,4
2018-03-14T12:00:00+05:30,2180.600000,2186.200000,2180.600000,2186.200000,128
2018-03-14T12:15:00+05:30,2186.200000,2186.200000,2182.000000,2185.250000,30
2018-03-14T12:30:00+05:30,2185.250000,2187.450000,2180.000000,2187.400000,167
2018-03-14T12:45:00+05:30,2184.250000,2187.700000,2180.450000,2186.000000,97
2018-03-14T13:00:00+05:30,2186.000000,2187.950000,2184.350000,2185.900000,10
2018-03-14T13:15:00+05:30,2185.900000,2185.900000,2180.000000,2180.000000,101
2018-03-14T13:30:00+05:30,2180.000000,2182.900000,2180.000000,2182.900000,69
2018-03-14T13:45:00+05:30,2182.900000,2182.900000,2175.550000,2180.450000,68
2018-03-14T14:00:00+05:30,2180.450000,2181.650000,2175.550000,2175.750000,94
2018-03-14T14:15:00+05:30,2175.750000,2181.700000,2175.750000,2180.950000,84
2018-03-14T14:30:00+05:30,2180.950000,2188.900000,2180.000000,2188.000000,619
2018-03-14T14:45:00+05:30,2188.000000,2190.000000,2182.050000,2185.000000,167
2018-03-14T15:00:00+05:30,2185.000000,2189.950000,2182.050000,2185.050000,120
2018-03-14T15:15:00+05:30,2185.050000,2214.000000,2185.050000,2200.000000,3599
2018-03-15T09:15:00+05:30,2200.300000,2209.900000,2190.050000,2199.850000,617
2018-03-15T09:30:00+05:30,2199.850000,2199.850000,2190.050000,2192.100000,83
2018-03-15T09:45:00+05:30,2192.100000,2194.000000,2188.050000,2190.100000,139
2018-03-15T10:00:00+05:30,2190.100000,2190.100000,2186.150000,2187.650000,130
2018-03-15T10:15:00+05:30,2187.650000,2189.950000,2185.000000,2188.500000,328
2018-03-15T10:30:00+05:30,2188.500000,2190.000000,2180.900000,2187.850000,220
2018-03-15T10:45:00+05:30,2187.850000,2187.850000,2181.050000,2185.000000,66
2018-03-15T11:00:00+05:30,2185.000000,2187.950000,2185.000000,2187.200000,28
2018-03-15T11:15:00+05:30,2187.200000,2187.200000,2181.500000,2184.050000,70
2018-03-15T11:30:00+05:30,2184.050000,2184.050000,2181.550000,2181.550000,51
2018-03-15T11:45:00+05:30,2181.550000,2188.000000,2181.550000,2188.000000,162
2018-03-15T12:00:00+05:30,2188.000000,2188.000000,2185.000000,2186.000000,93
2018-03-15T12:15:00+05:30,2186.000000,2190.000000,2185.100000,2185.100000,137
2018-03-15T12:30:00+05:30,2185.100000,2187.650000,2185.100000,2185.850000,31
2018-03-15T12:45:00+05:30,2185.850000,2187.600000,2185.300000,2185.300000,63
2018-03-15T13:00:00+05:30,2185.300000,2187.000000,2182.050000,2182.050000,186
2018-03-15T13:15:00+05:30,2182.050000,2185.800000,2182.050000,2183.100000,104
2018-03-15T13:30:00+05:30,2183.100000,2185.600000,2183.100000,2185.600000,15
2018-03-15T13:45:00+05:30,2185.600000,2185.600000,2183.100000,2183.250000,167
2018-03-15T14:00:00+05:30,2183.000000,2185.600000,2183.000000,2184.000000,346
2018-03-15T14:15:00+05:30,2184.000000,2185.000000,2181.700000,2184.750000,378
2018-03-15T14:30:00+05:30,2184.750000,2187.850000,2183.500000,2184.200000,217
2018-03-15T14:45:00+05:30,2184.200000,2189.250000,2184.200000,2189.150000,231
2018-03-15T15:00:00+05:30,2189.150000,2193.950000,2178.000000,2178.000000,936
2018-03-15T15:15:00+05:30,2178.000000,2188.200000,2158.500000,2172.950000,3343
2018-03-16T09:15:00+05:30,2175.000000,2176.750000,2174.400000,2174.400000,235
2018-03-16T09:30:00+05:30,2174.000000,2174.000000,2165.100000,2165.100000,284
2018-03-16T09:45:00+05:30,2165.100000,2171.150000,2165.100000,2168.800000,161
2018-03-16T10:00:00+05:30,2169.950000,2185.000000,2169.950000,2179.950000,310
2018-03-16T10:15:00+05:30,2179.950000,2179.950000,2173.150000,2173.150000,5
2018-03-16T10:30:00+05:30,2173.150000,2173.150000,2170.050000,2170.050000,32
2018-03-16T10:45:00+05:30,2170.050000,2175.950000,2170.050000,2172.050000,78
2018-03-16T11:00:00+05:30,2172.050000,2176.350000,2171.800000,2176.350000,59
2018-03-16T11:15:00+05:30,2176.350000,2176.350000,2175.000000,2175.000000,7
2018-03-16T11:30:00+05:30,2175.000000,2175.000000,2172.350000,2172.350000,20
2018-03-16T11:45:00+05:30,2172.350000,2179.900000,2169.950000,2174.100000,251
2018-03-16T12:00:00+05:30,2174.100000,2174.100000,2167.000000,2171.950000,1147
2018-03-16T12:15:00+05:30,2172.300000,2173.950000,2162.050000,2164.050000,221
2018-03-16T12:30:00+05:30,2164.050000,2173.700000,2164.050000,2173.700000,119
2018-03-16T12:45:00+05:30,2173.700000,2174.950000,2171.900000,2174.000000,78
2018-03-16T13:00:00+05:30,2174.000000,2174.000000,2165.000000,2166.300000,196
2018-03-16T13:15:00+05:30,2166.300000,2169.800000,2162.550000,2162.950000,206
2018-03-16T13:30:00+05:30,2162.950000,2171.950000,2159.200000,2163.450000,841
2018-03-16T13:45:00+05:30,2163.450000,2169.950000,2162.050000,2163.000000,199
2018-03-16T14:00:00+05:30,2163.000000,2165.300000,2155.100000,2156.300000,497
2018-03-16T14:15:00+05:30,2156.300000,2160.050000,2153.800000,2157.050000,310
2018-03-16T14:30:00+05:30,2157.050000,2161.950000,2152.000000,2160.500000,553
2018-03-16T14:45:00+05:30,2160.500000,2164.000000,2152.050000,2162.550000,297
2018-03-16T15:00:00+05:30,2160.450000,2165.900000,2113.750000,2138.850000,5420
2018-03-16T15:15:00+05:30,2138.900000,2178.400000,2120.200000,2176.000000,5552
2018-03-19T09:15:00+05:30,2145.000000,2147.150000,2135.000000,2135.850000,189
2018-03-19T09:30:00+05:30,2135.850000,2156.150000,2134.800000,2148.150000,493
2018-03-19T09:45:00+05:30,2148.150000,2150.000000,2140.000000,2140.050000,106
2018-03-19T10:00:00+05:30,2140.050000,2142.000000,2135.100000,2140.100000,179
2018-03-19T10:15:00+05:30,2140.100000,2144.000000,2136.100000,2136.100000,494
2018-03-19T10:30:00+05:30,2136.100000,2139.850000,2133.250000,2134.050000,91
2018-03-19T10:45:00+05:30,2134.050000,2134.950000,2134.000000,2134.000000,16
2018-03-19T11:00:00+05:30,2134.000000,2134.950000,2132.950000,2133.000000,59
2018-03-19T11:15:00+05:30,2133.000000,2133.150000,2131.000000,2133.000000,133
2018-03-19T11:30:00+05:30,2133.000000,2133.000000,2132.000000,2132.000000,57
2018-03-19T11:45:00+05:30,2132.000000,2140.000000,2131.500000,2139.950000,195
2018-03-19T12:00:00+05:30,2139.950000,2140.000000,2122.050000,2132.050000,683
2018-03-19T12:15:00+05:30,2132.050000,2136.400000,2132.000000,2132.000000,120
2018-03-19T12:30:00+05:30,2132.000000,2136.400000,2132.000000,2134.000000,357
2018-03-19T12:45:00+05:30,2134.000000,2136.400000,2134.000000,2136.400000,44
2018-03-19T13:00:00+05:30,2136.400000,2136.400000,2132.950000,2133.100000,65
2018-03-19T13:15:00+05:30,2133.100000,2133.100000,2131.950000,2132.000000,78
2018-03-19T13:30:00+05:30,2132.000000,2133.000000,2130.050000,2133.000000,197
2018-03-19T13:45:00+05:30,2133.000000,2133.000000,2130.000000,2133.000000,182
2018-03-19T14:00:00+05:30,2133.000000,2134.500000,2133.000000,2134.500000,13
2018-03-19T14:15:00+05:30,2134.500000,2136.050000,2133.000000,2134.000000,296
2018-03-19T14:30:00+05:30,2134.000000,2135.950000,2132.050000,2135.950000,17
2018-03-19T14:45:00+05:30,2135.950000,2140.000000,2132.000000,2134.250000,1817
2018-03-19T15:00:00+05:30,2134.250000,2140.000000,2129.950000,2140.000000,1107
2018-03-19T15:15:00+05:30,2140.000000,2174.000000,2136.450000,2170.000000,1991
2018-03-20T09:15:00+05:30,2159.450000,2159.450000,2150.000000,2157.950000,144
2018-03-20T09:30:00+05:30,2157.950000,2157.950000,2152.600000,2152.600000,4
2018-03-20T09:45:00+05:30,2152.600000,2155.950000,2150.000000,2155.950000,87
2018-03-20T10:00:00+05:30,2155.950000,2159.000000,2155.950000,2158.950000,45
2018-03-20T10:15:00+05:30,2159.000000,2159.000000,2147.500000,2154.850000,421
2018-03-20T10:30:00+05:30,2154.850000,2154.900000,2153.000000,2153.750000,7
2018-03-20T10:45:00+05:30,2153.750000,2160.000000,2153.750000,2159.950000,26
2018-03-20T11:00:00+05:30,2159.950000,2159.950000,2153.000000,2155.000000,246
2018-03-20T11:15:00+05:30,2155.000000,2155.000000,2147.300000,2150.200000,41
2018-03-20T11:30:00+05:30,2150.200000,2153.950000,2145.000000,2152.000000,143
2018-03-20T11:45:00+05:30,2152.000000,2152.450000,2140.050000,2150.200000,226
2018-03-20T12:00:00+05:30,2150.200000,2150.200000,2144.100000,2150.000000,34
2018-03-20T12:15:00+05:30,2150.000000,2150.000000,2142.150000,2144.000000,63
2018-03-20T12:30:00+05:30,2144.000000,2152.450000,2140.000000,2147.500000,847
2018-03-20T12:45:00+05:30,2147.500000,2147.500000,2138.600000,2138.600000,8
2018-03-20T13:00:00+05:30,2138.600000,2140.000000,2138.450000,2138.450000,15
2018-03-20T13:15:00+05:30,2138.450000,2147.350000,2138.000000,2140.000000,368
2018-03-20T13:30:00+05:30,2140.000000,2142.250000,2140.000000,2142.250000,3
2018-03-20T13:45:00+05:30,2142.250000,2142.250000,2138.000000,2141.950000,48
2018-03-20T14:00:00+05:30,2141.950000,2144.850000,2128.000000,2133.000000,1172
2018-03-20T14:15:00+05:30,2133.000000,2133.350000,2128.000000,2129.000000,157
2018-03-20T14:30:00+05:30,2129.000000,2130.000000,2125.500000,2125.500000,255
2018-03-20T14:45:00+05:30,2125.500000,2129.800000,2125.500000,2129.000000,66
2018-03-20T15:00:00+05:30,2129.000000,2135.000000,2125.050000,2130.950000,1839
2018-03-20T15:15:00+05:30,2130.950000,2139.050000,2120.050000,2120.050000,2644
2018-03-21T09:15:00+05:30,2135.000000,2140.000000,2125.000000,2125.050000,345
2018-03-21T09:30:00+05:30,2125.050000,2128.100000,2125.050000,2128.000000,80
2018-03-21T09:45:00+05:30,2128.000000,2132.000000,2126.350000,2132.000000,26
2018-03-21T10:00:00+05:30,2132.000000,2141.850000,2132.000000,2133.600000,95
2018-03-21T10:15:00+05:30,2133.600000,2138.000000,2133.600000,2137.000000,105
2018-03-21T10:30:00+05:30,2137.000000,2137.000000,2128.000000,2128.000000,281
2018-03-21T10:45:00+05:30,2128.050000,2133.900000,2126.350000,2127.000000,67
2018-03-21T11:00:00+05:30,2127.000000,2133.150000,2127.000000,2133.150000,33
2018-03-21T11:15:00+05:30,2133.150000,2134.950000,2133.000000,2133.000000,310
2018-03-21T11:30:00+05:30,2133.000000,2133.000000,2126.000000,2126.000000,669
2018-03-21T11:45:00+05:30,2126.000000,2127.000000,2126.000000,2127.000000,296
2018-03-21T12:00:00+05:30,2127.000000,2127.000000,2126.050000,2126.950000,245
2018-03-21T12:15:00+05:30,2126.000000,2127.000000,2122.050000,2122.050000,205
2018-03-21T12:30:00+05:30,2122.050000,2122.050000,2117.000000,2117.000000,239
2018-03-21T12:45:00+05:30,2117.000000,2120.000000,2112.000000,2115.000000,508
2018-03-21T13:00:00+05:30,2115.000000,2120.000000,2112.500000,2120.000000,3126
2018-03-21T13:15:00+05:30,2120.000000,2120.000000,2112.600000,2115.850000,56
2018-03-21T13:30:00+05:30,2115.850000,2118.950000,2112.500000,2117.400000,161
2018-03-21T13:45:00+05:30,2117.400000,2117.400000,2113.650000,2114.950000,113
2018-03-21T14:00:00+05:30,2114.950000,2116.150000,2106.450000,2110.850000,568
2018-03-21T14:15:00+05:30,2110.000000,2113.950000,2103.400000,2109.400000,601
2018-03-21T14:30:00+05:30,2109.400000,2110.450000,2105.500000,2109.450000,308
2018-03-21T14:45:00+05:30,2109.450000,2118.950000,2106.250000,2115.050000,76
2018-03-21T15:00:00+05:30,2115.050000,2118.900000,2101.100000,2111.950000,1070
2018-03-21T15:15:00+05:30,2111.950000,2119.900000,2100.050000,2108.000000,2527
2018-03-22T09:15:00+05:30,2115.000000,2115.000000,2096.050000,2104.900000,290
2018-03-22T09:30:00+05:30,2104.900000,2104.900000,2100.000000,2104.900000,74
2018-03-22T09:45:00+05:30,2104.900000,2104.900000,2100.000000,2100.000000,99
2018-03-22T10:00:00+05:30,2100.000000,2100.450000,2096.300000,2096.300000,17
2018-03-22T10:15:00+05:30,2096.300000,2103.350000,2095.000000,2103.350000,119
2018-03-22T10:30:00+05:30,2103.350000,2103.400000,2098.000000,2103.000000,34
2018-03-22T10:45:00+05:30,2103.000000,2103.000000,2097.100000,2097.950000,16
2018-03-22T11:00:00+05:30,2097.950000,2097.950000,2090.000000,2095.000000,98
2018-03-22T11:15:00+05:30,2094.950000,2094.950000,2089.000000,2089.950000,165
2018-03-22T11:30:00+05:30,2089.950000,2092.650000,2080.000000,2080.000000,246
2018-03-22T11:45:00+05:30,2080.000000,2082.500000,2076.200000,2076.200000,318
2018-03-22T12:00:00+05:30,2076.200000,2080.000000,2076.200000,2079.600000,61
2018-03-22T12:15:00+05:30,2079.600000,2084.200000,2077.000000,2077.100000,137
2018-03-22T12:30:00+05:30,2077.100000,2080.600000,2075.250000,2077.100000,118
2018-03-22T12:45:00+05:30,2077.100000,2082.450000,2075.200000,2075.650000,168
2018-03-22T13:00:00+05:30,2075.650000,2081.250000,2075.650000,2081.250000,51
2018-03-22T13:15:00+05:30,2081.250000,2081.250000,2080.000000,2080.000000,82
2018-03-22T13:30:00+05:30,2080.000000,2080.000000,2080.000000,2080.000000,16
2018-03-22T13:45:00+05:30,2080.000000,2080.000000,2078.050000,2078.050000,26
2018-03-22T14:00:00+05:30,2078.050000,2086.200000,2076.050000,2076.050000,210
2018-03-22T14:15:00+05:30,2076.050000,2085.500000,2076.000000,2085.000000,302
2018-03-22T14:30:00+05:30,2080.400000,2081.000000,2077.000000,2077.000000,105
2018-03-22T14:45:00+05:30,2077.000000,2084.200000,2076.400000,2080.000000,46
2018-03-22T15:00:00+05:30,2080.000000,2109.900000,2080.000000,2108.850000,2113
2018-03-22T15:15:00+05:30,2108.750000,2137.000000,2100.000000,2129.000000,3690
2018-03-23T09:15:00+05:30,2082.100000,2082.100000,2062.050000,2062.050000,400
2018-03-23T09:30:00+05:30,2064.200000,2076.850000,2064.200000,2069.300000,591
2018-03-23T09:45:00+05:30,2069.300000,2072.000000,2064.200000,2072.000000,724
2018-03-23T10:00:00+05:30,2072.000000,2072.000000,2066.800000,2070.500000,56
2018-03-23T10:15:00+05:30,2070.500000,2072.000000,2068.650000,2071.900000,48
2018-03-23T10:30:00+05:30,2071.900000,2072.050000,2060.000000,2065.050000,424
2018-03-23T10:45:00+05:30,2067.000000,2071.950000,2063.300000,2071.950000,85
2018-03-23T11:00:00+05:30,2071.950000,2071.950000,2062.500000,2062.500000,68
2018-03-23T11:15:00+05:30,2062.500000,2066.850000,2062.500000,2066.750000,20
2018-03-23T11:30:00+05:30,2063.550000,2065.000000,2055.500000,2055.500000,551
2018-03-23T11:45:00+05:30,2055.500000,2060.000000,2054.850000,2054.850000,462
2018-03-23T12:00:00+05:30,2054.850000,2054.850000,2050.050000,2050.050000,89
2018-03-23T12:15:00+05:30,2050.050000,2053.000000,2050.050000,2052.650000,40
2018-03-23T12:30:00+05:30,2052.650000,2056.000000,2052.000000,2056.000000,125
2018-03-23T12:45:00+05:30,2056.000000,2060.000000,2056.000000,2060.000000,264
2018-03-23T13:00:00+05:30,2060.000000,2061.950000,2053.500000,2054.050000,614
2018-03-23T13:15:00+05:30,2054.050000,2066.550000,2053.700000,2065.000000,267
2018-03-23T13:30:00+05:30,2065.000000,2068.000000,2063.000000,2063.300000,230
2018-03-23T13:45:00+05:30,2063.300000,2063.300000,2061.500000,2061.650000,145
2018-03-23T14:00:00+05:30,2060.000000,2064.550000,2056.100000,2064.000000,693
2018-03-23T14:15:00+05:30,2064.000000,2067.950000,2062.250000,2063.000000,104
2018-03-23T14:30:00+05:30,2063.000000,2068.000000,2056.300000,2065.000000,327
2018-03-23T14:45:00+05:30,2065.000000,2075.500000,2062.000000,2071.950000,522
2018-03-23T15:00:00+05:30,2071.950000,2094.950000,2071.950000,2079.000000,6078
2018-03-23T15:15:00+05:30,2079.000000,2088.800000,2055.800000,2067.000000,5608
2018-03-26T09:15:00+05:30,2077.750000,2077.750000,2065.200000,2065.550000,468
2018-03-26T09:30:00+05:30,2065.500000,2065.500000,2058.600000,2062.550000,128
2018-03-26T09:45:00+05:30,2062.550000,2065.750000,2059.950000,2061.200000,336
2018-03-26T10:00:00+05:30,2061.200000,2064.800000,2055.500000,2055.500000,398
2018-03-26T10:15:00+05:30,2055.500000,2059.200000,2055.500000,2058.950000,55
2018-03-26T10:30:00+05:30,2058.950000,2060.000000,2055.500000,2060.000000,83
2018-03-26T10:45:00+05:30,2060.000000,2064.850000,2058.150000,2060.000000,523
2018-03-26T11:00:00+05:30,2060.000000,2060.950000,2058.100000,2060.950000,43
2018-03-26T11:15:00+05:30,2060.950000,2062.550000,2059.000000,2062.550000,99
2018-03-26T11:30:00+05:30,2062.550000,2062.550000,2057.000000,2057.000000,119
2018-03-26T11:45:00+05:30,2057.000000,2060.800000,2057.000000,2060.000000,112
2018-03-26T12:00:00+05:30,2060.000000,2064.100000,2060.000000,2063.000000,8
2018-03-26T12:15:00+05:30,2063.000000,2073.700000,2063.000000,2073.700000,42
2018-03-26T12:30:00+05:30,2073.700000,2073.700000,2065.000000,2069.000000,427
2018-03-26T12:45:00+05:30,2069.000000,2074.150000,2068.500000,2074.150000,225
2018-03-26T13:00:00+05:30,2074.150000,2074.850000,2065.000000,2065.000000,203
2018-03-26T13:15:00+05:30,2065.000000,2070.000000,2065.000000,2066.000000,39
2018-03-26T13:30:00+05:30,2066.000000,2073.800000,2066.000000,2070.050000,67
2018-03-26T13:45:00+05:30,2070.050000,2071.900000,2061.250000,2061.250000,299
2018-03-26T14:00:00+05:30,2061.250000,2083.000000,2060.500000,2082.950000,1034
2018-03-26T14:15:00+05:30,2082.950000,2090.000000,2078.000000,2083.950000,1323
2018-03-26T14:30:00+05:30,2083.950000,2084.800000,2079.100000,2084.700000,556
2018-03-26T14:45:00+05:30,2084.700000,2096.400000,2084.700000,2095.500000,792
2018-03-26T15:00:00+05:30,2095.500000,2112.900000,2090.000000,2109.850000,3417
2018-03-26T15:15:00+05:30,2109.850000,2129.000000,2101.200000,2124.000000,4924
2018-03-27T09:15:00+05:30,2114.550000,2114.550000,2094.850000,2099.750000,222
2018-03-27T09:30:00+05:30,2098.000000,2098.000000,2088.950000,2093.050000,278
2018-03-27T09:45:00+05:30,2093.050000,2115.000000,2093.050000,2115.000000,2495
2018-03-27T10:00:00+05:30,2115.000000,2132.950000,2111.100000,2111.100000,5871
2018-03-27T10:15:00+05:30,2110.100000,2110.100000,2096.550000,2100.000000,946
2018-03-27T10:30:00+05:30,2101.600000,2105.000000,2097.950000,2100.300000,735
2018-03-27T10:45:00+05:30,2100.300000,2100.300000,2096.550000,2100.050000,75
2018-03-27T11:00:00+05:30,2100.050000,2105.000000,2100.050000,2101.950000,238
2018-03-27T11:15:00+05:30,2101.950000,2101.950000,2096.000000,2096.000000,76
2018-03-27T11:30:00+05:30,2096.000000,2096.750000,2096.000000,2096.750000,95
2018-03-27T11:45:00+05:30,2096.750000,2096.750000,2094.150000,2094.150000,238
2018-03-27T12:00:00+05:30,2094.150000,2094.150000,2085.000000,2087.450000,407
2018-03-27T12:15:00+05:30,2087.700000,2096.050000,2087.700000,2096.050000,303
2018-03-27T12:30:00+05:30,2096.050000,2097.950000,2087.950000,2097.950000,57
2018-03-27T12:45:00+05:30,2097.950000,2137.300000,2092.450000,2126.150000,8909
2018-03-27T13:00:00+05:30,2126.150000,2126.150000,2117.000000,2119.700000,140
2018-03-27T13:15:00+05:30,2119.700000,2119.700000,2111.600000,2115.700000,102
2018-03-27T13:30:00+05:30,2111.000000,2125.850000,2105.350000,2120.350000,1005
2018-03-27T13:45:00+05:30,2120.350000,2120.350000,2109.050000,2112.900000,84
2018-03-27T14:00:00+05:30,2112.900000,2113.000000,2105.050000,2113.000000,148
2018-03-27T14:15:00+05:30,2113.000000,2117.350000,2105.000000,2117.350000,187
2018-03-27T14:30:00+05:30,2117.350000,2127.900000,2110.000000,2126.250000,545
2018-03-27T14:45:00+05:30,2126.250000,2126.250000,2107.900000,2112.750000,594
2018-03-27T15:00:00+05:30,2113.100000,2150.000000,2105.650000,2150.000000,6564
2018-03-27T15:15:00+05:30,2149.900000,2198.500000,2148.400000,2180.000000,13118
2018-03-28T09:15:00+05:30,2158.950000,2158.950000,2146.750000,2154.000000,96
2018-03-28T09:30:00+05:30,2145.000000,2147.000000,2140.000000,2140.000000,496
2018-03-28T09:45:00+05:30,2138.850000,2149.850000,2138.850000,2149.300000,46
2018-03-28T10:00:00+05:30,2149.300000,2149.350000,2148.000000,2148.000000,16
2018-03-28T10:15:00+05:30,2148.000000,2148.250000,2141.000000,2143.600000,79
2018-03-28T10:30:00+05:30,2143.600000,2143.600000,2138.000000,2139.200000,124
2018-03-28T10:45:00+05:30,2139.200000,2141.700000,2139.200000,2141.700000,15
2018-03-28T11:00:00+05:30,2141.700000,2144.950000,2139.900000,2141.950000,219
2018-03-28T11:15:00+05:30,2141.950000,2165.300000,2140.000000,2164.700000,577
2018-03-28T11:30:00+05:30,2164.700000,2167.950000,2155.000000,2167.950000,203
2018-03-28T11:45:00+05:30,2167.950000,2168.900000,2159.150000,2159.150000,274
2018-03-28T12:00:00+05:30,2159.150000,2161.800000,2152.150000,2161.800000,1081
2018-03-28T12:15:00+05:30,2161.800000,2161.800000,2148.050000,2148.150000,146
2018-03-28T12:30:00+05:30,2148.150000,2154.950000,2148.150000,2152.150000,76
2018-03-28T12:45:00+05:30,2152.150000,2155.000000,2151.300000,2152.100000,551
2018-03-28T13:00:00+05:30,2152.100000,2160.750000,2140.000000,2140.350000,2104
2018-03-28T13:15:00+05:30,2140.350000,2143.000000,2138.000000,2141.300000,226
2018-03-28T13:30:00+05:30,2141.300000,2150.000000,2141.300000,2150.000000,64
2018-03-28T13:45:00+05:30,2150.000000,2154.950000,2149.600000,2149.600000,258
2018-03-28T14:00:00+05:30,2149.600000,2152.950000,2148.050000,2150.000000,88
2018-03-28T14:15:00+05:30,2150.000000,2150.950000,2135.500000,2144.350000,1680
2018-03-28T14:30:00+05:30,2144.350000,2145.950000,2136.050000,2141.950000,183
2018-03-28T14:45:00+05:30,2141.950000,2173.900000,2136.500000,2163.950000,2243
2018-03-28T15:00:00+05:30,2163.950000,2187.900000,2160.000000,2170.000000,7450
2018-03-28T15:15:00+05:30,2169.950000,2218.000000,2163.200000,2163.200000,7171
2018-04-02T09:15:00+05:30,2179.000000,2179.000000,2160.050000,2164.750000,310
2018-04-02T09:30:00+05:30,2162.700000,2165.100000,2160.250000,2162.100000,195
2018-04-02T09:45:00+05:30,2162.100000,2163.700000,2160.050000,2163.050000,190
2018-04-02T10:00:00+05:30,2163.050000,2163.200000,2150.050000,2158.050000,1078
2018-04-02T10:15:00+05:30,2158.050000,2175.000000,2158.050000,2170.050000,284
2018-04-02T10:30:00+05:30,2170.000000,2172.050000,2166.000000,2166.000000,49
2018-04-02T10:45:00+05:30,2166.000000,2175.500000,2166.000000,2170.050000,362
2018-04-02T11:00:00+05:30,2170.050000,2174.950000,2170.000000,2174.950000,203
2018-04-02T11:15:00+05:30,2173.050000,2178.000000,2173.000000,2174.950000,126
2018-04-02T11:30:00+05:30,2174.900000,2178.000000,2170.300000,2170.300000,126
2018-04-02T11:45:00+05:30,2170.300000,2172.000000,2170.000000,2170.100000,209
2018-04-02T12:00:00+05:30,2170.100000,2174.000000,2170.050000,2172.550000,178
2018-04-02T12:15:00+05:30,2172.550000,2172.550000,2172.550000,2172.550000,30
2018-04-02T12:30:00+05:30,2172.550000,2175.500000,2172.550000,2175.050000,68
2018-04-02T12:45:00+05:30,2175.050000,2177.850000,2175.050000,2175.050000,64
2018-04-02T13:00:00+05:30,2175.050000,2181.000000,2175.050000,2176.100000,187
2018-04-02T13:15:00+05:30,2176.100000,2176.300000,2175.050000,2175.050000,90
2018-04-02T13:30:00+05:30,2175.050000,2175.050000,2172.500000,2172.550000,59
2018-04-02T13:45:00+05:30,2172.550000,2178.950000,2172.500000,2178.950000,170
2018-04-02T14:00:00+05:30,2177.000000,2179.950000,2175.000000,2175.050000,76
2018-04-02T14:15:00+05:30,2175.050000,2177.000000,2175.050000,2175.050000,111
2018-04-02T14:30:00+05:30,2175.050000,2183.000000,2173.050000,2181.100000,517
2018-04-02T14:45:00+05:30,2181.100000,2208.000000,2180.100000,2198.800000,1838
2018-04-02T15:00:00+05:30,2193.250000,2213.900000,2191.550000,2191.550000,3236
2018-04-02T15:15:00+05:30,2191.550000,2227.900000,2190.150000,2200.000000,2653
2018-04-03T09:15:00+05:30,2189.250000,2215.950000,2184.050000,2200.150000,324
2018-04-03T09:30:00+05:30,2200.150000,2200.150000,2190.000000,2190.050000,141
2018-04-03T09:45:00+05:30,2190.050000,2207.950000,2190.050000,2207.000000,495
2018-04-03T10:00:00+05:30,2207.000000,2207.000000,2195.000000,2195.000000,38
2018-04-03T10:15:00+05:30,2195.000000,2195.000000,2190.050000,2190.050000,61
2018-04-03T10:30:00+05:30,2190.050000,2198.500000,2190.050000,2198.400000,81
2018-04-03T10:45:00+05:30,2198.400000,2198.400000,2176.050000,2180.000000,431
2018-04-03T11:00:00+05:30,2180.000000,2185.800000,2180.000000,2183.000000,34
2018-04-03T11:15:00+05:30,2181.600000,2185.650000,2180.900000,2185.650000,77
2018-04-03T11:30:00+05:30,2189.800000,2189.800000,2188.250000,2188.250000,9
2018-04-03T11:45:00+05:30,2188.250000,2188.250000,2187.150000,2187.250000,7
2018-04-03T12:00:00+05:30,2187.250000,2187.250000,2179.000000,2181.550000,565
2018-04-03T12:15:00+05:30,2181.550000,2186.300000,2180.000000,2186.300000,110
2018-04-03T12:30:00+05:30,2186.300000,2186.600000,2183.000000,2183.000000,20
2018-04-03T12:45:00+05:30,2183.000000,2183.000000,2179.950000,2180.000000,220
2018-04-03T13:00:00+05:30,2179.800000,2182.050000,2179.800000,2180.950000,45
2018-04-03T13:15:00+05:30,2180.950000,2181.050000,2180.950000,2181.050000,14
2018-04-03T13:30:00+05:30,2181.050000,2190.000000,2181.050000,2189.000000,168
2018-04-03T13:45:00+05:30,2189.000000,2190.000000,2181.050000,2181.450000,565
2018-04-03T14:00:00+05:30,2181.450000,2206.950000,2181.450000,2191.200000,1833
2018-04-03T14:15:00+05:30,2191.200000,2192.850000,2190.000000,2191.000000,56
2018-04-03T14:30:00+05:30,2191.000000,2197.000000,2190.050000,2192.150000,28
2018-04-03T14:45:00+05:30,2192.150000,2198.900000,2190.000000,2190.000000,502
2018-04-03T15:00:00+05:30,2190.000000,2198.900000,2188.150000,2190.000000,712
2018-04-03T15:15:00+05:30,2190.000000,2207.950000,2170.150000,2190.000000,2686
2018-04-04T09:15:00+05:30,2196.000000,2198.000000,2196.000000,2198.000000,21
2018-04-04T09:30:00+05:30,2198.000000,2205.000000,2198.000000,2199.050000,144
2018-04-04T09:45:00+05:30,2199.050000,2199.050000,2199.000000,2199.000000,14
2018-04-04T10:00:00+05:30,2199.000000,2200.000000,2198.000000,2200.000000,18
2018-04-04T10:15:00+05:30,2200.000000,2200.000000,2198.000000,2199.950000,159
2018-04-04T10:30:00+05:30,2198.100000,2198.100000,2192.100000,2192.100000,59
2018-04-04T10:45:00+05:30,2192.100000,2194.950000,2188.850000,2194.950000,28
2018-04-04T11:00:00+05:30,2194.950000,2195.000000,2181.000000,2184.100000,143
2018-04-04T11:15:00+05:30,2184.100000,2187.850000,2183.050000,2187.850000,31
2018-04-04T11:30:00+05:30,2187.850000,2187.850000,2187.350000,2187.350000,2
2018-04-04T11:45:00+05:30,2187.350000,2187.900000,2186.400000,2187.900000,5
2018-04-04T12:00:00+05:30,2187.900000,2187.900000,2184.050000,2187.650000,9
2018-04-04T12:15:00+05:30,2187.650000,2187.650000,2184.500000,2184.500000,30
2018-04-04T12:30:00+05:30,2184.500000,2188.900000,2184.500000,2188.050000,25
2018-04-04T12:45:00+05:30,2188.050000,2199.000000,2188.050000,2190.050000,298
2018-04-04T13:00:00+05:30,2190.050000,2190.050000,2183.950000,2184.150000,729
2018-04-04T13:15:00+05:30,2184.150000,2185.100000,2181.050000,2181.050000,379
2018-04-04T13:30:00+05:30,2184.000000,2184.000000,2171.450000,2172.300000,519
2018-04-04T13:45:00+05:30,2171.000000,2175.700000,2164.500000,2173.900000,687
2018-04-04T14:00:00+05:30,2173.900000,2179.000000,2171.400000,2177.000000,174
2018-04-04T14:15:00+05:30,2177.000000,2177.000000,2170.050000,2170.050000,100
2018-04-04T14:30:00+05:30,2170.050000,2176.000000,2164.550000,2176.000000,777
2018-04-04T14:45:00+05:30,2176.000000,2177.800000,2173.000000,2176.100000,293
2018-04-04T15:00:00+05:30,2176.100000,2184.950000,2175.000000,2180.950000,2147
2018-04-04T15:15:00+05:30,2180.350000,2187.000000,2172.050000,2172.050000,1532
2018-04-05T09:15:00+05:30,2198.100000,2198.200000,2184.050000,2186.050000,174
2018-04-05T09:30:00+05:30,2186.050000,2186.050000,2178.900000,2181.000000,84
2018-04-05T09:45:00+05:30,2181.000000,2181.000000,2175.350000,2178.900000,178
2018-04-05T10:00:00+05:30,2178.900000,2179.450000,2172.300000,2177.950000,103
2018-04-05T10:15:00+05:30,2177.950000,2178.800000,2177.300000,2178.800000,3
2018-04-05T10:30:00+05:30,2175.000000,2181.000000,2174.950000,2181.000000,204
2018-04-05T10:45:00+05:30,2176.550000,2176.550000,2176.550000,2176.550000,72
2018-04-05T11:00:00+05:30,2176.550000,2176.550000,2170.000000,2170.000000,170
2018-04-05T11:15:00+05:30,2170.000000,2171.900000,2170.000000,2171.250000,49
2018-04-05T11:30:00+05:30,2171.250000,2175.000000,2171.150000,2175.000000,26
2018-04-05T11:45:00+05:30,2175.000000,2179.950000,2175.000000,2176.750000,43
2018-04-05T12:00:00+05:30,2176.750000,2180.000000,2175.000000,2175.000000,67
2018-04-05T12:15:00+05:30,2175.000000,2180.000000,2175.000000,2180.000000,53
2018-04-05T12:30:00+05:30,2180.000000,2180.000000,2172.000000,2172.000000,22
2018-04-05T12:45:00+05:30,2172.000000,2172.000000,2168.150000,2168.150000,413
2018-04-05T13:00:00+05:30,2167.050000,2167.900000,2163.150000,2167.000000,569
2018-04-05T13:15:00+05:30,2167.000000,2167.400000,2163.600000,2165.050000,357
2018-04-05T13:30:00+05:30,2165.100000,2167.550000,2165.100000,2165.550000,18
2018-04-05T13:45:00+05:30,2165.550000,2174.800000,2165.550000,2173.950000,79
2018-04-05T14:00:00+05:30,2173.950000,2177.100000,2173.950000,2175.550000,159
2018-04-05T14:15:00+05:30,2175.550000,2180.000000,2172.550000,2172.550000,342
2018-04-05T14:30:00+05:30,2172.550000,2176.150000,2172.550000,2176.150000,60
2018-04-05T14:45:00+05:30,2176.150000,2176.850000,2176.000000,2176.850000,91
2018-04-05T15:00:00+05:30,2178.000000,2185.000000,2167.050000,2176.900000,1412
2018-04-05T15:15:00+05:30,2176.900000,2199.000000,2171.950000,2185.000000,3973
2018-04-06T09:15:00+05:30,2189.450000,2189.450000,2171.000000,2171.000000,100
2018-04-06T09:30:00+05:30,2171.000000,2179.900000,2171.000000,2177.000000,69
2018-04-06T09:45:00+05:30,2177.000000,2179.600000,2177.000000,2179.250000,8
2018-04-06T10:00:00+05:30,2179.250000,2182.700000,2177.050000,2180.000000,179
2018-04-06T10:15:00+05:30,2180.000000,2183.950000,2180.000000,2183.950000,11
2018-04-06T10:30:00+05:30,2183.950000,2183.950000,2178.050000,2178.050000,19
2018-04-06T10:45:00+05:30,2178.050000,2180.000000,2178.050000,2179.900000,79
2018-04-06T11:00:00+05:30,2179.900000,2180.950000,2176.100000,2180.950000,56
2018-04-06T11:15:00+05:30,2180.950000,2180.950000,2149.000000,2157.650000,7980
2018-04-06T11:30:00+05:30,2157.650000,2157.650000,2151.000000,2154.000000,509
2018-04-06T11:45:00+05:30,2154.000000,2157.450000,2153.500000,2153.500000,229
2018-04-06T12:00:00+05:30,2153.500000,2158.000000,2152.600000,2158.000000,292
2018-04-06T12:15:00+05:30,2158.000000,2158.000000,2146.650000,2148.250000,1031
2018-04-06T12:30:00+05:30,2148.250000,2148.250000,2140.000000,2142.100000,910
2018-04-06T12:45:00+05:30,2144.800000,2145.000000,2142.800000,2144.050000,300
2018-04-06T13:00:00+05:30,2144.050000,2145.000000,2142.100000,2144.400000,211
2018-04-06T13:15:00+05:30,2144.400000,2150.650000,2144.050000,2150.650000,404
2018-04-06T13:30:00+05:30,2147.050000,2155.000000,2147.050000,2154.350000,1734
2018-04-06T13:45:00+05:30,2154.350000,2161.950000,2154.350000,2158.900000,819
2018-04-06T14:00:00+05:30,2158.900000,2158.900000,2152.000000,2158.600000,94
2018-04-06T14:15:00+05:30,2155.050000,2158.150000,2152.000000,2155.000000,97
2018-04-06T14:30:00+05:30,2155.000000,2155.150000,2150.350000,2155.000000,158
2018-04-06T14:45:00+05:30,2155.000000,2166.000000,2152.000000,2163.000000,980
2018-04-06T15:00:00+05:30,2163.000000,2163.000000,2143.000000,2149.950000,1496
2018-04-06T15:15:00+05:30,2149.950000,2159.000000,2126.000000,2130.150000,5185
2018-04-09T09:15:00+05:30,2142.800000,2143.250000,2130.000000,2130.900000,161
2018-04-09T09:30:00+05:30,2130.900000,2139.250000,2130.650000,2136.400000,211
2018-04-09T09:45:00+05:30,2136.400000,2137.350000,2135.600000,2135.900000,47
2018-04-09T10:00:00+05:30,2135.900000,2137.000000,2133.150000,2133.200000,119
2018-04-09T10:15:00+05:30,2133.200000,2135.500000,2133.050000,2135.500000,93
2018-04-09T10:30:00+05:30,2135.500000,2137.000000,2135.500000,2136.850000,82
2018-04-09T10:45:00+05:30,2136.850000,2137.400000,2133.050000,2135.000000,356
2018-04-09T11:00:00+05:30,2135.000000,2135.100000,2133.100000,2135.100000,158
2018-04-09T11:15:00+05:30,2135.100000,2136.000000,2133.050000,2135.000000,234
2018-04-09T11:30:00+05:30,2135.000000,2135.000000,2113.900000,2120.950000,1251
2018-04-09T11:45:00+05:30,2120.950000,2123.050000,2113.850000,2115.000000,188
2018-04-09T12:00:00+05:30,2115.000000,2126.450000,2115.000000,2122.000000,757
2018-04-09T12:15:00+05:30,2122.000000,2124.100000,2114.750000,2114.950000,209
2018-04-09T12:30:00+05:30,2114.950000,2125.100000,2114.950000,2117.000000,279
2018-04-09T12:45:00+05:30,2117.000000,2123.950000,2117.000000,2121.700000,42
2018-04-09T13:00:00+05:30,2121.700000,2124.950000,2115.550000,2124.000000,321
2018-04-09T13:15:00+05:30,2124.000000,2125.000000,2121.200000,2125.000000,64
2018-04-09T13:30:00+05:30,2125.000000,2125.000000,2123.600000,2123.600000,26
2018-04-09T13:45:00+05:30,2123.950000,2125.350000,2120.700000,2120.700000,205
2018-04-09T14:00:00+05:30,2120.700000,2121.950000,2120.000000,2120.350000,147
2018-04-09T14:15:00+05:30,2120.350000,2123.000000,2120.000000,2122.000000,230
2018-04-09T14:30:00+05:30,2122.000000,2122.000000,2119.150000,2119.300000,101
2018-04-09T14:45:00+05:30,2119.300000,2134.700000,2117.700000,2133.950000,1129
2018-04-09T15:00:00+05:30,2133.800000,2134.950000,2128.000000,2128.000000,986
2018-04-09T15:15:00+05:30,2120.100000,2148.900000,2120.100000,2140.000000,4620
2018-04-10T09:15:00+05:30,2123.000000,2137.450000,2123.000000,2137.450000,138
2018-04-10T09:30:00+05:30,2137.450000,2139.000000,2130.800000,2132.500000,223
2018-04-10T09:45:00+05:30,2132.500000,2132.500000,2127.200000,2132.000000,351
2018-04-10T10:00:00+05:30,2130.000000,2130.000000,2123.200000,2125.000000,743
2018-04-10T10:15:00+05:30,2125.000000,2125.000000,2114.950000,2116.550000,678
2018-04-10T10:30:00+05:30,2116.900000,2124.950000,2116.850000,2124.950000,64
2018-04-10T10:45:00+05:30,2124.950000,2124.950000,2120.000000,2122.550000,63
2018-04-10T11:00:00+05:30,2122.550000,2126.200000,2122.150000,2126.200000,77
2018-04-10T11:15:00+05:30,2125.000000,2126.200000,2117.000000,2123.500000,333
2018-04-10T11:30:00+05:30,2123.500000,2123.500000,2110.600000,2119.550000,211
2018-04-10T11:45:00+05:30,2119.550000,2120.100000,2118.050000,2118.050000,6
2018-04-10T12:00:00+05:30,2118.150000,2121.700000,2118.000000,2120.450000,67
2018-04-10T12:15:00+05:30,2120.450000,2120.450000,2118.000000,2118.000000,53
2018-04-10T12:30:00+05:30,2118.000000,2118.550000,2118.000000,2118.500000,18
2018-04-10T12:45:00+05:30,2118.500000,2121.950000,2118.500000,2118.600000,61
2018-04-10T13:00:00+05:30,2118.600000,2122.100000,2118.600000,2122.100000,39
2018-04-10T13:15:00+05:30,2122.100000,2122.100000,2119.050000,2120.400000,232
2018-04-10T13:30:00+05:30,2120.400000,2120.400000,2119.900000,2119.900000,2
2018-04-10T13:45:00+05:30,2119.900000,2123.900000,2119.900000,2120.300000,47
2018-04-10T14:00:00+05:30,2120.300000,2126.200000,2120.300000,2122.950000,300
2018-04-10T14:15:00+05:30,2123.000000,2129.300000,2121.100000,2125.900000,993
2018-04-10T14:30:00+05:30,2125.900000,2129.000000,2121.050000,2126.400000,130
2018-04-10T14:45:00+05:30,2126.700000,2134.250000,2121.150000,2133.000000,800
2018-04-10T15:00:00+05:30,2133.000000,2133.000000,2118.000000,2119.700000,1538
2018-04-10T15:15:00+05:30,2119.700000,2129.000000,2114.450000,2117.000000,4442
2018-04-11T09:15:00+05:30,2121.000000,2121.000000,2116.950000,2117.900000,84
2018-04-11T09:30:00+05:30,2117.900000,2120.050000,2117.900000,2120.050000,14
2018-04-11T09:45:00+05:30,2120.050000,2120.050000,2120.000000,2120.000000,1
2018-04-11T10:00:00+05:30,2120.000000,2125.050000,2117.600000,2117.600000,120
2018-04-11T10:15:00+05:30,2117.600000,2122.000000,2117.150000,2117.150000,22
2018-04-11T10:30:00+05:30,2117.150000,2117.150000,2117.150000,2117.150000,0
2018-04-11T10:45:00+05:30,2117.150000,2118.000000,2117.150000,2118.000000,62
2018-04-11T11:00:00+05:30,2118.000000,2122.000000,2118.000000,2121.950000,29
2018-04-11T11:15:00+05:30,2121.950000,2121.950000,2114.700000,2114.700000,262
2018-04-11T11:30:00+05:30,2114.700000,2116.750000,2114.700000,2116.700000,43
2018-04-11T11:45:00+05:30,2116.700000,2116.700000,2116.700000,2116.700000,0
2018-04-11T12:00:00+05:30,2116.700000,2117.300000,2114.050000,2114.050000,303
2018-04-11T12:15:00+05:30,2114.050000,2115.000000,2108.050000,2111.050000,220
2018-04-11T12:30:00+05:30,2111.050000,2115.000000,2110.000000,2115.000000,296
2018-04-11T12:45:00+05:30,2115.000000,2115.000000,2111.200000,2111.200000,44
2018-04-11T13:00:00+05:30,2111.200000,2111.200000,2105.000000,2106.150000,213
2018-04-11T13:15:00+05:30,2107.950000,2114.100000,2107.950000,2114.100000,69
2018-04-11T13:30:00+05:30,2114.100000,2114.100000,2110.100000,2110.100000,275
2018-04-11T13:45:00+05:30,2110.100000,2114.950000,2105.000000,2106.450000,351
2018-04-11T14:00:00+05:30,2106.450000,2106.850000,2101.000000,2102.000000,1079
2018-04-11T14:15:00+05:30,2102.000000,2104.050000,2100.800000,2102.350000,3707
2018-04-11T14:30:00+05:30,2102.350000,2102.350000,2090.900000,2093.900000,708
2018-04-11T14:45:00+05:30,2093.900000,2104.850000,2093.900000,2103.950000,601
2018-04-11T15:00:00+05:30,2103.950000,2112.500000,2102.000000,2105.600000,1366
2018-04-11T15:15:00+05:30,2105.600000,2111.000000,2096.000000,2100.000000,3085
2018-04-12T09:15:00+05:30,2118.700000,2118.850000,2109.000000,2110.050000,208
2018-04-12T09:30:00+05:30,2110.050000,2110.050000,2108.950000,2108.950000,14
2018-04-12T09:45:00+05:30,2108.950000,2115.000000,2095.000000,2110.000000,189
2018-04-12T10:00:00+05:30,2110.000000,2117.000000,2110.000000,2111.000000,94
2018-04-12T10:15:00+05:30,2111.000000,2111.000000,2098.000000,2100.550000,245
2018-04-12T10:30:00+05:30,2100.550000,2108.000000,2099.000000,2099.000000,194
2018-04-12T10:45:00+05:30,2099.000000,2103.150000,2095.100000,2103.150000,234
2018-04-12T11:00:00+05:30,2103.150000,2103.150000,2095.050000,2099.400000,168
2018-04-12T11:15:00+05:30,2099.400000,2100.300000,2099.000000,2099.000000,30
2018-04-12T11:30:00+05:30,2099.000000,2099.000000,2092.250000,2092.250000,219
2018-04-12T11:45:00+05:30,2092.250000,2092.250000,2090.000000,2091.450000,152
2018-04-12T12:00:00+05:30,2091.450000,2091.450000,2090.000000,2090.000000,79
2018-04-12T12:15:00+05:30,2090.000000,2095.350000,2090.000000,2095.350000,54
2018-04-12T12:30:00+05:30,2095.350000,2095.350000,2090.250000,2090.250000,98
2018-04-12T12:45:00+05:30,2090.250000,2091.450000,2090.250000,2091.450000,28
2018-04-12T13:00:00+05:30,2091.450000,2091.850000,2090.250000,2091.050000,20
2018-04-12T13:15:00+05:30,2091.050000,2098.750000,2091.050000,2098.750000,44
2018-04-12T13:30:00+05:30,2098.750000,2100.000000,2093.150000,2100.000000,60
2018-04-12T13:45:00+05:30,2100.000000,2100.400000,2096.550000,2097.000000,109
2018-04-12T14:00:00+05:30,2097.000000,2105.000000,2096.000000,2100.000000,77
2018-04-12T14:15:00+05:30,2100.000000,2100.000000,2091.000000,2091.000000,588
2018-04-12T14:30:00+05:30,2091.000000,2095.300000,2085.300000,2092.800000,707
2018-04-12T14:45:00+05:30,2092.800000,2097.250000,2092.800000,2097.000000,186
2018-04-12T15:00:00+05:30,2097.000000,2097.000000,2091.950000,2096.800000,1028
2018-04-12T15:15:00+05:30,2096.800000,2115.150000,2093.950000,2101.800000,2449
2018-04-13T09:15:00+05:30,2095.000000,2097.000000,2091.000000,2096.550000,166
2018-04-13T09:30:00+05:30,2096.550000,2096.550000,2092.050000,2095.250000,17
2018-04-13T09:45:00+05:30,2095.250000,2102.000000,2095.250000,2098.450000,125
2018-04-13T10:00:00+05:30,2098.450000,2105.800000,2096.000000,2105.800000,104
2018-04-13T10:15:00+05:30,2105.800000,2113.950000,2102.150000,2105.000000,605
2018-04-13T10:30:00+05:30,2107.550000,2116.300000,2101.000000,2101.050000,344
2018-04-13T10:45:00+05:30,2101.050000,2106.000000,2101.050000,2105.350000,65
2018-04-13T11:00:00+05:30,2105.350000,2107.550000,2101.100000,2107.550000,83
2018-04-13T11:15:00+05:30,2107.550000,2107.550000,2100.150000,2102.000000,125
2018-04-13T11:30:00+05:30,2102.000000,2107.550000,2099.950000,2099.950000,445
2018-04-13T11:45:00+05:30,2099.950000,2103.100000,2087.950000,2089.250000,804
2018-04-13T12:00:00+05:30,2089.250000,2092.500000,2087.850000,2090.600000,551
2018-04-13T12:15:00+05:30,2090.600000,2092.000000,2088.200000,2090.750000,165
2018-04-13T12:30:00+05:30,2088.400000,2090.400000,2088.000000,2088.000000,62
2018-04-13T12:45:00+05:30,2088.000000,2092.850000,2088.000000,2092.850000,89
2018-04-13T13:00:00+05:30,2092.850000,2092.850000,2088.000000,2088.000000,17
2018-04-13T13:15:00+05:30,2088.000000,2091.700000,2080.000000,2083.050000,1368
2018-04-13T13:30:00+05:30,2083.050000,2097.900000,2083.050000,2092.000000,915
2018-04-13T13:45:00+05:30,2092.000000,2092.000000,2083.500000,2089.950000,59
2018-04-13T14:00:00+05:30,2089.950000,2094.000000,2080.000000,2093.950000,2657
2018-04-13T14:15:00+05:30,2093.950000,2093.950000,2087.350000,2090.500000,530
2018-04-13T14:30:00+05:30,2090.500000,2092.450000,2085.000000,2088.500000,1075
2018-04-13T14:45:00+05:30,2088.500000,2091.500000,2085.000000,2086.050000,375
2018-04-13T15:00:00+05:30,2086.050000,2091.450000,2085.200000,2088.950000,2177
2018-04-13T15:15:00+05:30,2088.950000,2110.000000,2085.850000,2100.000000,4225
2018-04-16T09:15:00+05:30,2090.000000,2092.950000,2090.000000,2092.200000,78
2018-04-16T09:30:00+05:30,2092.200000,2093.000000,2086.050000,2086.050000,164
2018-04-16T09:45:00+05:30,2086.050000,2097.900000,2086.050000,2090.350000,178
2018-04-16T10:00:00+05:30,2090.350000,2098.450000,2090.350000,2096.550000,113
2018-04-16T10:15:00+05:30,2096.550000,2098.000000,2091.000000,2093.950000,46
2018-04-16T10:30:00+05:30,2093.950000,2094.950000,2093.000000,2093.000000,73
2018-04-16T10:45:00+05:30,2093.000000,2094.450000,2092.450000,2092.450000,8
2018-04-16T11:00:00+05:30,2092.450000,2093.800000,2092.000000,2093.800000,56
2018-04-16T11:15:00+05:30,2093.800000,2094.950000,2092.450000,2094.950000,109
2018-04-16T11:30:00+05:30,2094.950000,2095.000000,2094.950000,2094.950000,74
2018-04-16T11:45:00+05:30,2094.950000,2094.950000,2094.950000,2094.950000,26
2018-04-16T12:00:00+05:30,2094.950000,2095.050000,2091.000000,2092.400000,126
2018-04-16T12:15:00+05:30,2092.400000,2098.000000,2092.000000,2098.000000,64
2018-04-16T12:30:00+05:30,2098.000000,2099.000000,2090.200000,2098.950000,234
2018-04-16T12:45:00+05:30,2098.950000,2098.950000,2098.950000,2098.950000,11
2018-04-16T13:00:00+05:30,2098.950000,2100.000000,2093.150000,2099.950000,410
2018-04-16T13:15:00+05:30,2099.950000,2107.800000,2098.400000,2105.500000,268
2018-04-16T13:30:00+05:30,2105.500000,2105.500000,2098.050000,2101.000000,232
2018-04-16T13:45:00+05:30,2101.000000,2101.000000,2095.000000,2095.350000,126
2018-04-16T14:00:00+05:30,2095.350000,2098.750000,2094.450000,2098.750000,35
2018-04-16T14:15:00+05:30,2098.750000,2114.900000,2096.000000,2114.800000,1471
2018-04-16T14:30:00+05:30,2114.800000,2123.900000,2109.850000,2110.000000,740
2018-04-16T14:45:00+05:30,2110.000000,2122.950000,2110.000000,2120.000000,425
2018-04-16T15:00:00+05:30,2120.000000,2128.000000,2120.000000,2126.050000,1840
2018-04-16T15:15:00+05:30,2126.950000,2175.000000,2126.950000,2145.150000,5178
2018-04-17T09:15:00+05:30,2160.000000,2160.000000,2133.100000,2139.550000,356
2018-04-17T09:30:00+05:30,2139.550000,2140.000000,2137.100000,2137.100000,356
2018-04-17T09:45:00+05:30,2137.100000,2137.700000,2135.000000,2137.350000,49
2018-04-17T10:00:00+05:30,2137.350000,2153.000000,2130.800000,2143.350000,460
2018-04-17T10:15:00+05:30,2143.350000,2148.700000,2140.150000,2148.500000,396
2018-04-17T10:30:00+05:30,2148.500000,2164.400000,2143.350000,2155.150000,487
2018-04-17T10:45:00+05:30,2155.150000,2163.300000,2155.150000,2161.300000,331
2018-04-17T11:00:00+05:30,2161.300000,2161.300000,2149.000000,2154.950000,375
2018-04-17T11:15:00+05:30,2154.950000,2156.650000,2150.000000,2150.000000,258
2018-04-17T11:30:00+05:30,2149.900000,2152.000000,2147.550000,2147.700000,239
2018-04-17T11:45:00+05:30,2147.700000,2162.200000,2147.700000,2160.450000,265
2018-04-17T12:00:00+05:30,2160.450000,2173.000000,2160.250000,2169.950000,556
2018-04-17T12:15:00+05:30,2169.950000,2170.700000,2164.550000,2169.950000,426
2018-04-17T12:30:00+05:30,2169.950000,2174.600000,2166.000000,2168.950000,500
2018-04-17T12:45:00+05:30,2168.950000,2171.150000,2165.250000,2170.100000,130
2018-04-17T13:00:00+05:30,2170.100000,2173.450000,2169.550000,2173.050000,118
2018-04-17T13:15:00+05:30,2173.050000,2174.450000,2170.200000,2172.950000,145
2018-04-17T13:30:00+05:30,2172.950000,2183.950000,2172.250000,2178.350000,979
2018-04-17T13:45:00+05:30,2178.350000,2184.000000,2170.000000,2177.850000,700
2018-04-17T14:00:00+05:30,2177.850000,2179.450000,2175.050000,2179.450000,146
2018-04-17T14:15:00+05:30,2179.450000,2179.450000,2176.000000,2177.950000,184
2018-04-17T14:30:00+05:30,2177.950000,2182.950000,2175.000000,2179.750000,271
2018-04-17T14:45:00+05:30,2179.750000,2195.000000,2175.700000,2193.850000,1763
2018-04-17T15:00:00+05:30,2193.850000,2196.950000,2179.450000,2179.450000,4400
2018-04-17T15:15:00+05:30,2179.450000,2193.950000,2172.000000,2172.000000,8534
2018-04-18T09:15:00+05:30,2188.250000,2194.850000,2169.350000,2178.450000,263
2018-04-18T09:30:00+05:30,2178.450000,2178.450000,2160.050000,2177.750000,534
2018-04-18T09:45:00+05:30,2177.750000,2181.000000,2173.650000,2177.100000,251
2018-04-18T10:00:00+05:30,2177.100000,2188.200000,2177.100000,2180.800000,339
2018-04-18T10:15:00+05:30,2180.800000,2192.400000,2166.250000,2166.250000,405
2018-04-18T10:30:00+05:30,2166.250000,2176.450000,2164.950000,2174.450000,457
2018-04-18T10:45:00+05:30,2174.400000,2184.400000,2171.000000,2184.400000,165647
2018-04-18T11:00:00+05:30,2184.400000,2187.450000,2179.300000,2186.250000,518
2018-04-18T11:15:00+05:30,2186.250000,2187.100000,2181.100000,2185.400000,220
2018-04-18T11:30:00+05:30,2185.400000,2187.950000,2180.850000,2185.400000,239
2018-04-18T11:45:00+05:30,2185.400000,2192.400000,2183.000000,2184.450000,794
2018-04-18T12:00:00+05:30,2184.450000,2184.450000,2175.500000,2179.400000,208
2018-04-18T12:15:00+05:30,2179.400000,2179.400000,2169.950000,2169.950000,308
2018-04-18T12:30:00+05:30,2169.950000,2175.650000,2168.000000,2174.000000,378
2018-04-18T12:45:00+05:30,2174.000000,2176.850000,2172.100000,2174.000000,231
2018-04-18T13:00:00+05:30,2174.000000,2174.000000,2160.500000,2166.600000,606
2018-04-18T13:15:00+05:30,2166.600000,2172.350000,2162.050000,2170.150000,224
2018-04-18T13:30:00+05:30,2171.350000,2173.950000,2162.250000,2173.100000,679
2018-04-18T13:45:00+05:30,2173.850000,2176.800000,2168.050000,2173.450000,659
2018-04-18T14:00:00+05:30,2171.050000,2177.950000,2171.000000,2177.400000,528
2018-04-18T14:15:00+05:30,2177.350000,2177.500000,2168.950000,2174.700000,809
2018-04-18T14:30:00+05:30,2174.500000,2176.600000,2173.000000,2174.950000,261
2018-04-18T14:45:00+05:30,2174.950000,2174.950000,2162.050000,2165.900000,932
2018-04-18T15:00:00+05:30,2165.900000,2166.950000,2161.150000,2165.200000,939
2018-04-18T15:15:00+05:30,2165.150000,2167.600000,2151.550000,2163.000000,4360
2018-04-19T09:15:00+05:30,2160.400000,2160.400000,2155.000000,2155.700000,164
2018-04-19T09:30:00+05:30,2155.700000,2160.400000,2155.700000,2158.100000,188
2018-04-19T09:45:00+05:30,2158.100000,2187.900000,2158.100000,2166.050000,1651
2018-04-19T10:00:00+05:30,2166.050000,2174.000000,2166.000000,2169.950000,322
2018-04-19T10:15:00+05:30,2169.950000,2170.800000,2166.750000,2167.900000,16
2018-04-19T10:30:00+05:30,2167.900000,2167.900000,2160.050000,2162.000000,437
2018-04-19T10:45:00+05:30,2162.000000,2162.000000,2146.100000,2150.050000,304
2018-04-19T11:00:00+05:30,2150.050000,2150.300000,2141.000000,2141.100000,188
2018-04-19T11:15:00+05:30,2141.100000,2148.950000,2141.100000,2148.950000,80
2018-04-19T11:30:00+05:30,2148.950000,2149.000000,2145.300000,2147.000000,54
2018-04-19T11:45:00+05:30,2147.000000,2147.000000,2146.650000,2146.650000,16
2018-04-19T12:00:00+05:30,2146.650000,2155.050000,2146.600000,2155.050000,264
2018-04-19T12:15:00+05:30,2155.050000,2155.200000,2154.100000,2155.000000,52
2018-04-19T12:30:00+05:30,2155.000000,2162.500000,2155.000000,2160.000000,91
2018-04-19T12:45:00+05:30,2160.000000,2160.000000,2151.100000,2154.300000,192
2018-04-19T13:00:00+05:30,2154.300000,2155.350000,2151.100000,2151.900000,17
2018-04-19T13:15:00+05:30,2151.900000,2154.300000,2151.100000,2151.100000,50
2018-04-19T13:30:00+05:30,2151.100000,2158.700000,2151.100000,2153.450000,59
2018-04-19T13:45:00+05:30,2153.450000,2155.050000,2151.100000,2152.300000,189
2018-04-19T14:00:00+05:30,2152.300000,2152.300000,2145.550000,2145.550000,36
2018-04-19T14:15:00+05:30,2145.550000,2150.000000,2143.100000,2150.000000,312
2018-04-19T14:30:00+05:30,2150.000000,2158.250000,2147.950000,2158.000000,276
2018-04-19T14:45:00+05:30,2158.000000,2159.800000,2153.000000,2157.000000,397
2018-04-19T15:00:00+05:30,2157.000000,2165.000000,2154.200000,2162.000000,755
2018-04-19T15:15:00+05:30,2162.000000,2174.900000,2155.800000,2163.000000,2932
2018-04-20T09:15:00+05:30,2173.900000,2173.900000,2162.850000,2166.850000,237
2018-04-20T09:30:00+05:30,2166.850000,2172.000000,2162.550000,2172.000000,226
2018-04-20T09:45:00+05:30,2173.000000,2174.000000,2170.450000,2173.950000,192
2018-04-20T10:00:00+05:30,2173.950000,2173.950000,2168.950000,2169.600000,559
2018-04-20T10:15:00+05:30,2169.600000,2173.450000,2168.550000,2169.950000,227
2018-04-20T10:30:00+05:30,2169.900000,2170.000000,2165.600000,2170.000000,58
2018-04-20T10:45:00+05:30,2170.000000,2170.000000,2170.000000,2170.000000,42
2018-04-20T11:00:00+05:30,2170.000000,2170.000000,2159.750000,2165.000000,388
2018-04-20T11:15:00+05:30,2165.000000,2166.500000,2161.400000,2166.500000,2
2018-04-20T11:30:00+05:30,2166.500000,2173.650000,2164.550000,2170.050000,125
2018-04-20T11:45:00+05:30,2170.050000,2174.000000,2162.000000,2163.350000,114
2018-04-20T12:00:00+05:30,2163.350000,2170.000000,2163.350000,2170.000000,22
2018-04-20T12:15:00+05:30,2170.000000,2174.000000,2170.000000,2174.000000,66
2018-04-20T12:30:00+05:30,2174.000000,2175.000000,2174.000000,2175.000000,111
2018-04-20T12:45:00+05:30,2175.000000,2179.000000,2175.000000,2178.950000,227
2018-04-20T13:00:00+05:30,2178.950000,2183.200000,2173.150000,2182.500000,233
2018-04-20T13:15:00+05:30,2182.500000,2184.000000,2180.050000,2183.000000,148
2018-04-20T13:30:00+05:30,2183.000000,2184.000000,2180.500000,2184.000000,58
2018-04-20T13:45:00+05:30,2184.000000,2184.000000,2180.300000,2180.300000,85
2018-04-20T14:00:00+05:30,2180.300000,2183.000000,2180.300000,2183.000000,86
2018-04-20T14:15:00+05:30,2183.000000,2195.000000,2181.200000,2194.900000,1150
2018-04-20T14:30:00+05:30,2194.900000,2206.950000,2187.000000,2203.450000,2856
2018-04-20T14:45:00+05:30,2203.500000,2215.500000,2203.450000,2215.500000,1371
2018-04-20T15:00:00+05:30,2218.400000,2228.300000,2215.000000,2225.000000,2652
2018-04-20T15:15:00+05:30,2227.000000,2249.000000,2225.000000,2237.950000,5184
2018-04-23T09:15:00+05:30,2234.000000,2260.000000,2234.000000,2258.350000,510
2018-04-23T09:30:00+05:30,2258.350000,2263.000000,2254.150000,2254.150000,184
2018-04-23T09:45:00+05:30,2254.150000,2254.150000,2242.000000,2250.000000,189
2018-04-23T10:00:00+05:30,2250.000000,2250.000000,2241.800000,2241.800000,116
2018-04-23T10:15:00+05:30,2241.800000,2249.000000,2240.000000,2240.000000,227
2018-04-23T10:30:00+05:30,2240.500000,2245.000000,2235.000000,2245.000000,313
2018-04-23T10:45:00+05:30,2245.000000,2245.000000,2232.300000,2232.350000,108
2018-04-23T11:00:00+05:30,2232.350000,2248.000000,2225.000000,2240.000000,891
2018-04-23T11:15:00+05:30,2240.000000,2249.650000,2240.000000,2246.000000,188
2018-04-23T11:30:00+05:30,2246.000000,2247.950000,2245.000000,2247.950000,154
2018-04-23T11:45:00+05:30,2247.950000,2274.400000,2247.500000,2265.900000,1191
2018-04-23T12:00:00+05:30,2265.900000,2267.800000,2236.150000,2238.500000,1110
2018-04-23T12:15:00+05:30,2238.500000,2251.200000,2238.500000,2240.050000,169
2018-04-23T12:30:00+05:30,2240.050000,2245.000000,2240.050000,2243.950000,111
2018-04-23T12:45:00+05:30,2243.950000,2245.000000,2239.000000,2242.000000,225
2018-04-23T13:00:00+05:30,2240.000000,2245.000000,2240.000000,2240.100000,307
2018-04-23T13:15:00+05:30,2240.100000,2246.350000,2238.700000,2238.700000,102
2018-04-23T13:30:00+05:30,2238.700000,2240.000000,2236.000000,2238.950000,132
2018-04-23T13:45:00+05:30,2238.950000,2243.900000,2237.000000,2237.000000,103
2018-04-23T14:00:00+05:30,2237.000000,2240.600000,2233.050000,2238.000000,511
2018-04-23T14:15:00+05:30,2238.000000,2243.950000,2235.800000,2241.950000,479
2018-04-23T14:30:00+05:30,2241.950000,2255.000000,2239.500000,2250.000000,1529
2018-04-23T14:45:00+05:30,2250.000000,2255.000000,2245.000000,2255.000000,709
2018-04-23T15:00:00+05:30,2255.500000,2264.500000,2241.350000,2246.750000,1095
2018-04-23T15:15:00+05:30,2246.750000,2246.800000,2220.000000,2220.000000,2751
2018-04-24T09:15:00+05:30,2244.000000,2244.000000,2220.050000,2230.000000,811
2018-04-24T09:30:00+05:30,2230.000000,2238.800000,2214.950000,2224.950000,1068
2018-04-24T09:45:00+05:30,2224.950000,2227.000000,2221.450000,2227.000000,215
2018-04-24T10:00:00+05:30,2227.000000,2231.950000,2222.200000,2231.000000,103
2018-04-24T10:15:00+05:30,2231.000000,2234.000000,2225.000000,2225.850000,66
2018-04-24T10:30:00+05:30,2225.850000,2225.850000,2220.000000,2222.000000,196
2018-04-24T10:45:00+05:30,2222.000000,2225.000000,2222.000000,2224.400000,107
2018-04-24T11:00:00+05:30,2224.400000,2224.800000,2223.000000,2223.000000,248
2018-04-24T11:15:00+05:30,2223.000000,2224.000000,2223.000000,2223.000000,192
2018-04-24T11:30:00+05:30,2223.000000,2224.000000,2223.000000,2224.000000,245
2018-04-24T11:45:00+05:30,2224.000000,2226.000000,2224.000000,2224.050000,51
2018-04-24T12:00:00+05:30,2224.050000,2224.050000,2223.900000,2223.900000,17
2018-04-24T12:15:00+05:30,2223.900000,2223.900000,2220.050000,2222.000000,102
2018-04-24T12:30:00+05:30,2222.000000,2223.300000,2221.000000,2221.000000,47
2018-04-24T12:45:00+05:30,2221.000000,2224.600000,2221.000000,2223.000000,90
2018-04-24T13:00:00+05:30,2223.000000,2223.650000,2222.000000,2223.650000,34
2018-04-24T13:15:00+05:30,2223.650000,2230.000000,2223.000000,2225.750000,109
2018-04-24T13:30:00+05:30,2225.750000,2226.700000,2225.750000,2226.700000,33
2018-04-24T13:45:00+05:30,2226.700000,2226.950000,2226.700000,2226.900000,34
2018-04-24T14:00:00+05:30,2226.900000,2227.400000,2216.000000,2216.000000,927
2018-04-24T14:15:00+05:30,2216.050000,2224.000000,2216.050000,2224.000000,218
2018-04-24T14:30:00+05:30,2224.000000,2224.000000,2216.950000,2216.950000,640
2018-04-24T14:45:00+05:30,2216.950000,2219.000000,2216.050000,2216.200000,375
2018-04-24T15:00:00+05:30,2216.200000,2219.000000,2207.300000,2210.000000,1297
2018-04-24T15:15:00+05:30,2210.000000,2226.350000,2205.150000,2215.050000,4393
2018-04-25T09:15:00+05:30,2217.150000,2229.350000,2217.150000,2229.350000,63
2018-04-25T09:30:00+05:30,2229.350000,2229.350000,2217.550000,2217.550000,154
2018-04-25T09:45:00+05:30,2217.550000,2218.000000,2206.700000,2211.400000,104
2018-04-25T10:00:00+05:30,2211.400000,2212.750000,2203.800000,2206.150000,197
2018-04-25T10:15:00+05:30,2206.150000,2206.150000,2196.050000,2196.050000,108
2018-04-25T10:30:00+05:30,2196.050000,2199.000000,2196.000000,2196.250000,65
2018-04-25T10:45:00+05:30,2196.250000,2199.150000,2193.000000,2196.050000,74
2018-04-25T11:00:00+05:30,2196.050000,2197.900000,2196.000000,2196.000000,35
2018-04-25T11:15:00+05:30,2196.000000,2211.450000,2196.000000,2211.450000,2715
2018-04-25T11:30:00+05:30,2211.450000,2234.800000,2211.450000,2232.750000,1459
2018-04-25T11:45:00+05:30,2232.750000,2232.750000,2223.000000,2223.200000,79
2018-04-25T12:00:00+05:30,2223.200000,2246.550000,2223.050000,2230.000000,638
2018-04-25T12:15:00+05:30,2230.000000,2232.000000,2223.000000,2223.050000,680
2018-04-25T12:30:00+05:30,2223.050000,2236.100000,2223.000000,2235.050000,69
2018-04-25T12:45:00+05:30,2235.050000,2235.100000,2213.750000,2213.750000,156
2018-04-25T13:00:00+05:30,2213.750000,2216.700000,2210.400000,2216.700000,193
2018-04-25T13:15:00+05:30,2216.750000,2217.500000,2212.000000,2212.000000,41
2018-04-25T13:30:00+05:30,2212.000000,2222.000000,2209.950000,2217.750000,469
2018-04-25T13:45:00+05:30,2217.750000,2220.250000,2215.000000,2215.000000,228
2018-04-25T14:00:00+05:30,2215.000000,2215.000000,2202.500000,2208.400000,258
2018-04-25T14:15:00+05:30,2208.400000,2209.950000,2202.450000,2208.000000,55
2018-04-25T14:30:00+05:30,2208.000000,2218.300000,2196.400000,2210.000000,232
2018-04-25T14:45:00+05:30,2210.000000,2215.950000,2206.000000,2215.950000,272
2018-04-25T15:00:00+05:30,2215.950000,2225.900000,2199.900000,2200.000000,1368
2018-04-25T15:15:00+05:30,2200.000000,2238.950000,2190.000000,2215.000000,3298
2018-04-26T09:15:00+05:30,2214.250000,2214.250000,2205.700000,2205.750000,51
2018-04-26T09:30:00+05:30,2205.750000,2215.000000,2205.750000,2209.650000,48
2018-04-26T09:45:00+05:30,2209.650000,2214.000000,2209.650000,2214.000000,40
2018-04-26T10:00:00+05:30,2214.000000,2216.800000,2214.000000,2216.750000,107
2018-04-26T10:15:00+05:30,2216.750000,2216.750000,2214.250000,2214.250000,8
2018-04-26T10:30:00+05:30,2214.250000,2220.400000,2210.000000,2216.150000,219
2018-04-26T10:45:00+05:30,2216.150000,2216.150000,2215.050000,2215.050000,2
2018-04-26T11:00:00+05:30,2215.050000,2215.050000,2215.050000,2215.050000,0
2018-04-26T11:15:00+05:30,2215.050000,2217.300000,2214.000000,2214.000000,71
2018-04-26T11:30:00+05:30,2214.000000,2214.000000,2205.900000,2210.050000,151
2018-04-26T11:45:00+05:30,2210.050000,2215.000000,2206.700000,2210.000000,77
2018-04-26T12:00:00+05:30,2213.550000,2215.000000,2206.700000,2206.700000,259
2018-04-26T12:15:00+05:30,2206.700000,2220.000000,2206.700000,2211.400000,221
2018-04-26T12:30:00+05:30,2211.400000,2215.000000,2210.800000,2210.800000,57
2018-04-26T12:45:00+05:30,2207.000000,2210.000000,2207.000000,2207.300000,123
2018-04-26T13:00:00+05:30,2207.300000,2208.800000,2200.000000,2204.050000,292
2018-04-26T13:15:00+05:30,2205.100000,2205.100000,2193.050000,2197.650000,515
2018-04-26T13:30:00+05:30,2197.650000,2197.650000,2194.050000,2195.550000,165
2018-04-26T13:45:00+05:30,2195.550000,2196.500000,2185.000000,2190.100000,541
2018-04-26T14:00:00+05:30,2190.100000,2194.550000,2190.100000,2194.000000,41
2018-04-26T14:15:00+05:30,2194.000000,2195.000000,2191.700000,2195.000000,61
2018-04-26T14:30:00+05:30,2195.000000,2196.000000,2192.600000,2194.150000,297
2018-04-26T14:45:00+05:30,2194.150000,2207.950000,2192.650000,2192.650000,717
2018-04-26T15:00:00+05:30,2192.650000,2202.000000,2190.550000,2202.000000,2023
2018-04-26T15:15:00+05:30,2200.000000,2225.000000,2180.000000,2225.000000,5003
2018-04-27T09:15:00+05:30,2209.450000,2210.000000,2199.050000,2208.900000,66
2018-04-27T09:30:00+05:30,2208.900000,2223.050000,2208.900000,2217.450000,117
2018-04-27T09:45:00+05:30,2217.450000,2220.000000,2209.100000,2209.100000,34
2018-04-27T10:00:00+05:30,2209.100000,2209.100000,2207.050000,2208.500000,15
2018-04-27T10:15:00+05:30,2208.500000,2209.450000,2208.500000,2209.450000,2
2018-04-27T10:30:00+05:30,2209.450000,2209.450000,2199.900000,2199.900000,75
2018-04-27T10:45:00+05:30,2200.000000,2200.000000,2192.650000,2199.000000,112
2018-04-27T11:00:00+05:30,2199.000000,2199.000000,2192.650000,2192.650000,92
2018-04-27T11:15:00+05:30,2192.650000,2196.800000,2192.650000,2195.700000,34
2018-04-27T11:30:00+05:30,2195.700000,2196.600000,2195.700000,2196.000000,28
2018-04-27T11:45:00+05:30,2196.000000,2196.900000,2196.000000,2196.900000,9
2018-04-27T12:00:00+05:30,2196.900000,2196.900000,2190.000000,2193.300000,156
2018-04-27T12:15:00+05:30,2193.300000,2193.700000,2193.200000,2193.700000,8
2018-04-27T12:30:00+05:30,2193.700000,2196.900000,2193.550000,2196.900000,32
2018-04-27T12:45:00+05:30,2196.900000,2199.350000,2192.600000,2194.850000,477
2018-04-27T13:00:00+05:30,2194.850000,2195.650000,2194.850000,2195.650000,2
2018-04-27T13:15:00+05:30,2195.050000,2195.750000,2195.050000,2195.750000,18
2018-04-27T13:30:00+05:30,2195.750000,2196.250000,2195.000000,2195.000000,22
2018-04-27T13:45:00+05:30,2195.000000,2199.000000,2195.000000,2199.000000,33
2018-04-27T14:00:00+05:30,2199.000000,2199.400000,2193.100000,2193.100000,32
2018-04-27T14:15:00+05:30,2193.100000,2197.200000,2193.100000,2196.500000,83
2018-04-27T14:30:00+05:30,2196.500000,2199.450000,2195.100000,2195.100000,48
2018-04-27T14:45:00+05:30,2195.100000,2199.400000,2195.100000,2197.700000,57
2018-04-27T15:00:00+05:30,2197.600000,2200.000000,2195.000000,2198.000000,1366
2018-04-27T15:15:00+05:30,2198.000000,2244.000000,2193.100000,2207.100000,4528
2018-04-30T09:15:00+05:30,2202.550000,2210.000000,2202.550000,2208.000000,234
2018-04-30T09:30:00+05:30,2208.050000,2230.000000,2208.050000,2222.550000,339
2018-04-30T09:45:00+05:30,2222.550000,2228.850000,2222.550000,2222.700000,278
2018-04-30T10:00:00+05:30,2222.700000,2229.500000,2222.700000,2223.950000,294
2018-04-30T10:15:00+05:30,2223.950000,2247.950000,2223.950000,2245.000000,847
2018-04-30T10:30:00+05:30,2245.000000,2306.450000,2240.500000,2267.800000,6203
2018-04-30T10:45:00+05:30,2267.800000,2273.850000,2252.300000,2265.550000,1271
2018-04-30T11:00:00+05:30,2265.550000,2269.800000,2247.050000,2259.400000,1065
2018-04-30T11:15:00+05:30,2259.400000,2265.000000,2250.150000,2260.000000,802
2018-04-30T11:30:00+05:30,2260.000000,2260.000000,2252.400000,2258.000000,194
2018-04-30T11:45:00+05:30,2258.000000,2267.950000,2255.200000,2267.250000,87
2018-04-30T12:00:00+05:30,2260.950000,2266.900000,2260.750000,2261.100000,166
2018-04-30T12:15:00+05:30,2261.100000,2264.000000,2261.100000,2261.250000,61
2018-04-30T12:30:00+05:30,2261.250000,2266.950000,2261.250000,2262.000000,91
2018-04-30T12:45:00+05:30,2262.000000,2267.000000,2262.000000,2263.250000,455
2018-04-30T13:00:00+05:30,2263.250000,2269.900000,2263.250000,2265.100000,347
2018-04-30T13:15:00+05:30,2265.100000,2280.400000,2265.100000,2272.500000,852
2018-04-30T13:30:00+05:30,2272.500000,2274.300000,2271.000000,2271.050000,478
2018-04-30T13:45:00+05:30,2271.050000,2271.050000,2271.000000,2271.000000,664
2018-04-30T14:00:00+05:30,2271.000000,2274.950000,2266.000000,2274.950000,364
2018-04-30T14:15:00+05:30,2271.550000,2283.350000,2271.550000,2278.000000,157
2018-04-30T14:30:00+05:30,2278.000000,2279.250000,2267.850000,2270.000000,300
2018-04-30T14:45:00+05:30,2270.000000,2283.250000,2266.600000,2282.000000,1311
2018-04-30T15:00:00+05:30,2283.400000,2283.400000,2274.750000,2277.250000,649
2018-04-30T15:15:00+05:30,2277.250000,2285.000000,2277.000000,2280.000000,973
2018-05-02T09:15:00+05:30,2290.850000,2298.650000,2281.000000,2281.000000,802
2018-05-02T09:30:00+05:30,2281.000000,2294.900000,2281.000000,2287.050000,654
2018-05-02T09:45:00+05:30,2287.050000,2292.000000,2275.150000,2275.450000,319
2018-05-02T10:00:00+05:30,2275.450000,2279.950000,2264.150000,2268.100000,340
2018-05-02T10:15:00+05:30,2268.100000,2275.050000,2268.100000,2271.300000,123
2018-05-02T10:30:00+05:30,2271.300000,2277.600000,2270.200000,2273.000000,163
2018-05-02T10:45:00+05:30,2273.000000,2273.950000,2270.100000,2270.300000,113
2018-05-02T11:00:00+05:30,2270.300000,2275.450000,2270.100000,2272.700000,132
2018-05-02T11:15:00+05:30,2272.700000,2279.050000,2270.100000,2272.950000,89
2018-05-02T11:30:00+05:30,2272.950000,2280.000000,2265.000000,2265.000000,369
2018-05-02T11:45:00+05:30,2265.000000,2270.000000,2261.100000,2270.000000,125
2018-05-02T12:00:00+05:30,2270.000000,2273.150000,2270.000000,2273.150000,19
2018-05-02T12:15:00+05:30,2273.150000,2275.000000,2271.000000,2273.050000,61
2018-05-02T12:30:00+05:30,2273.050000,2275.800000,2270.450000,2270.450000,270
2018-05-02T12:45:00+05:30,2270.450000,2281.350000,2268.000000,2281.350000,433
2018-05-02T13:00:00+05:30,2281.350000,2295.000000,2280.000000,2291.000000,1047
2018-05-02T13:15:00+05:30,2291.000000,2298.400000,2288.250000,2298.400000,850
2018-05-02T13:30:00+05:30,2298.400000,2298.400000,2286.150000,2290.000000,402
2018-05-02T13:45:00+05:30,2290.000000,2291.950000,2287.300000,2287.350000,166
2018-05-02T14:00:00+05:30,2287.350000,2292.050000,2280.150000,2282.150000,375
2018-05-02T14:15:00+05:30,2280.000000,2285.000000,2262.100000,2272.700000,1014
2018-05-02T14:30:00+05:30,2269.000000,2272.750000,2256.550000,2258.000000,1055
2018-05-02T14:45:00+05:30,2258.000000,2263.150000,2238.000000,2248.650000,1444
2018-05-02T15:00:00+05:30,2248.650000,2266.850000,2246.500000,2266.450000,1811
2018-05-02T15:15:00+05:30,2268.500000,2274.000000,2258.400000,2261.100000,4432
2018-05-03T09:15:00+05:30,2266.350000,2266.350000,2246.450000,2251.450000,87
2018-05-03T09:30:00+05:30,2251.450000,2251.450000,2239.050000,2239.450000,136
2018-05-03T09:45:00+05:30,2239.450000,2242.300000,2239.450000,2242.300000,211
2018-05-03T10:00:00+05:30,2243.950000,2248.300000,2241.000000,2246.000000,94
2018-05-03T10:15:00+05:30,2245.000000,2245.000000,2241.000000,2241.000000,81
2018-05-03T10:30:00+05:30,2241.000000,2247.700000,2241.000000,2241.650000,33
2018-05-03T10:45:00+05:30,2241.650000,2252.950000,2241.000000,2250.350000,69
2018-05-03T11:00:00+05:30,2250.350000,2254.000000,2244.950000,2251.400000,173
2018-05-03T11:15:00+05:30,2251.400000,2251.400000,2245.000000,2245.400000,24
2018-05-03T11:30:00+05:30,2245.400000,2247.950000,2240.000000,2246.150000,542
2018-05-03T11:45:00+05:30,2246.150000,2246.600000,2246.150000,2246.600000,45
2018-05-03T12:00:00+05:30,2246.600000,2253.300000,2246.600000,2253.300000,84
2018-05-03T12:15:00+05:30,2253.300000,2270.000000,2253.300000,2268.350000,180
2018-05-03T12:30:00+05:30,2268.350000,2271.000000,2260.000000,2270.000000,721
2018-05-03T12:45:00+05:30,2270.000000,2277.450000,2270.000000,2274.950000,287
2018-05-03T13:00:00+05:30,2274.950000,2274.950000,2270.000000,2271.550000,1010
2018-05-03T13:15:00+05:30,2271.500000,2275.050000,2271.500000,2272.350000,283
2018-05-03T13:30:00+05:30,2272.350000,2297.000000,2272.350000,2289.700000,2554
2018-05-03T13:45:00+05:30,2289.700000,2290.150000,2283.500000,2286.000000,611
2018-05-03T14:00:00+05:30,2290.000000,2291.000000,2267.700000,2267.700000,2202
2018-05-03T14:15:00+05:30,2265.100000,2270.350000,2242.200000,2246.050000,3703
2018-05-03T14:30:00+05:30,2246.050000,2264.800000,2235.000000,2260.100000,1796
2018-05-03T14:45:00+05:30,2264.750000,2272.750000,2256.100000,2266.500000,1240
2018-05-03T15:00:00+05:30,2266.500000,2284.900000,2266.400000,2283.300000,1044
2018-05-03T15:15:00+05:30,2283.300000,2293.000000,2277.900000,2280.000000,5164
2018-05-04T09:15:00+05:30,2275.500000,2280.350000,2260.900000,2269.000000,25
2018-05-04T09:30:00+05:30,2269.000000,2270.050000,2261.500000,2262.050000,12
2018-05-04T09:45:00+05:30,2262.050000,2272.750000,2262.050000,2272.000000,97
2018-05-04T10:00:00+05:30,2272.000000,2275.850000,2271.000000,2272.000000,116
2018-05-04T10:15:00+05:30,2272.000000,2282.250000,2272.000000,2280.000000,154
2018-05-04T10:30:00+05:30,2280.000000,2284.000000,2275.000000,2282.000000,377
2018-05-04T10:45:00+05:30,2282.000000,2283.950000,2277.650000,2281.000000,134
2018-05-04T11:00:00+05:30,2281.000000,2281.050000,2277.650000,2281.050000,7
2018-05-04T11:15:00+05:30,2281.050000,2296.400000,2280.100000,2296.400000,655
2018-05-04T11:30:00+05:30,2296.400000,2324.000000,2292.600000,2311.500000,3037
2018-05-04T11:45:00+05:30,2311.500000,2315.950000,2307.700000,2312.000000,770
2018-05-04T12:00:00+05:30,2315.000000,2324.000000,2308.050000,2310.000000,703
2018-05-04T12:15:00+05:30,2310.000000,2317.050000,2310.000000,2311.000000,840
2018-05-04T12:30:00+05:30,2311.000000,2317.000000,2307.000000,2316.500000,908
2018-05-04T12:45:00+05:30,2316.500000,2316.500000,2300.000000,2305.000000,1457
2018-05-04T13:00:00+05:30,2301.350000,2303.000000,2281.650000,2290.000000,1032
2018-05-04T13:15:00+05:30,2290.000000,2294.050000,2290.000000,2293.950000,160
2018-05-04T13:30:00+05:30,2293.950000,2300.000000,2293.050000,2298.950000,312
2018-05-04T13:45:00+05:30,2298.950000,2301.300000,2296.050000,2301.100000,287
2018-05-04T14:00:00+05:30,2301.100000,2305.000000,2300.150000,2302.000000,301
2018-05-04T14:15:00+05:30,2302.000000,2305.000000,2301.650000,2304.900000,346
2018-05-04T14:30:00+05:30,2304.900000,2304.900000,2290.050000,2295.050000,568
2018-05-04T14:45:00+05:30,2295.050000,2329.000000,2295.000000,2322.550000,8374
2018-05-04T15:00:00+05:30,2322.550000,2332.050000,2320.000000,2329.000000,1837
2018-05-04T15:15:00+05:30,2329.000000,2329.000000,2320.000000,2327.000000,4824
2018-05-07T09:15:00+05:30,2343.900000,2381.000000,2343.850000,2366.000000,3290
2018-05-07T09:30:00+05:30,2366.000000,2370.000000,2352.050000,2356.100000,1799
2018-05-07T09:45:00+05:30,2356.100000,2420.000000,2352.200000,2414.000000,7106
2018-05-07T10:00:00+05:30,2414.000000,2437.250000,2404.000000,2418.500000,5471
2018-05-07T10:15:00+05:30,2418.500000,2438.000000,2414.000000,2425.400000,2176
2018-05-07T10:30:00+05:30,2425.400000,2430.000000,2381.150000,2400.000000,2164
2018-05-07T10:45:00+05:30,2400.000000,2410.000000,2395.000000,2403.000000,1049
2018-05-07T11:00:00+05:30,2403.000000,2415.950000,2390.000000,2408.000000,1236
2018-05-07T11:15:00+05:30,2408.000000,2417.350000,2401.500000,2416.850000,1061
2018-05-07T11:30:00+05:30,2416.850000,2432.000000,2415.050000,2420.100000,1575
2018-05-07T11:45:00+05:30,2420.100000,2435.000000,2416.100000,2430.000000,1501
2018-05-07T12:00:00+05:30,2430.000000,2451.000000,2428.050000,2445.000000,6999
2018-05-07T12:15:00+05:30,2445.000000,2513.900000,2441.350000,2480.400000,24837
2018-05-07T12:30:00+05:30,2480.400000,2485.000000,2462.050000,2475.000000,5268
2018-05-07T12:45:00+05:30,2473.000000,2477.600000,2450.100000,2454.350000,2079
2018-05-07T13:00:00+05:30,2454.900000,2466.850000,2450.000000,2466.000000,1620
2018-05-07T13:15:00+05:30,2466.000000,2489.800000,2462.000000,2488.600000,4472
2018-05-07T13:30:00+05:30,2488.600000,2489.800000,2477.000000,2485.950000,3893
2018-05-07T13:45:00+05:30,2485.950000,2489.800000,2477.000000,2486.950000,2730
2018-05-07T14:00:00+05:30,2486.950000,2505.000000,2477.350000,2500.000000,5060
2018-05-07T14:15:00+05:30,2493.650000,2500.250000,2482.200000,2488.000000,3522
2018-05-07T14:30:00+05:30,2488.000000,2488.000000,2480.000000,2481.300000,2008
2018-05-07T14:45:00+05:30,2488.950000,2489.850000,2480.300000,2482.700000,2166
2018-05-07T15:00:00+05:30,2484.000000,2495.000000,2482.100000,2490.000000,2589
2018-05-07T15:15:00+05:30,2490.000000,2532.000000,2480.700000,2532.000000,12653
2018-05-08T09:15:00+05:30,2544.000000,2544.000000,2475.050000,2480.000000,21664
2018-05-08T09:30:00+05:30,2480.050000,2481.800000,2450.000000,2467.750000,8657
2018-05-08T09:45:00+05:30,2467.750000,2472.000000,2440.000000,2445.800000,8175
2018-05-08T10:00:00+05:30,2445.800000,2452.000000,2431.050000,2436.650000,3925
2018-05-08T10:15:00+05:30,2436.650000,2441.200000,2401.100000,2430.000000,10695
2018-05-08T10:30:00+05:30,2430.000000,2446.050000,2414.550000,2428.550000,3682
2018-05-08T10:45:00+05:30,2428.550000,2443.200000,2427.000000,2431.050000,2219
2018-05-08T11:00:00+05:30,2431.050000,2435.850000,2430.450000,2430.500000,1059
2018-05-08T11:15:00+05:30,2430.500000,2460.000000,2430.500000,2444.950000,3208
2018-05-08T11:30:00+05:30,2444.950000,2452.800000,2440.000000,2440.000000,1446
2018-05-08T11:45:00+05:30,2440.000000,2443.900000,2435.000000,2441.800000,489
2018-05-08T12:00:00+05:30,2440.100000,2443.950000,2435.050000,2437.850000,727
2018-05-08T12:15:00+05:30,2439.200000,2449.000000,2439.150000,2443.300000,606
2018-05-08T12:30:00+05:30,2443.300000,2447.450000,2440.300000,2440.400000,232
2018-05-08T12:45:00+05:30,2440.400000,2443.300000,2435.000000,2435.600000,1389
2018-05-08T13:00:00+05:30,2435.600000,2437.900000,2407.150000,2415.000000,7637
2018-05-08T13:15:00+05:30,2415.000000,2430.000000,2415.000000,2420.000000,1901
2018-05-08T13:30:00+05:30,2420.000000,2438.250000,2415.000000,2422.400000,1033
2018-05-08T13:45:00+05:30,2422.400000,2438.400000,2422.400000,2438.400000,275
2018-05-08T14:00:00+05:30,2438.400000,2438.400000,2423.000000,2427.000000,1677
2018-05-08T14:15:00+05:30,2427.000000,2429.950000,2421.050000,2421.050000,980
2018-05-08T14:30:00+05:30,2421.050000,2431.950000,2410.050000,2426.750000,5960
2018-05-08T14:45:00+05:30,2426.750000,2428.000000,2421.000000,2426.900000,822
2018-05-08T15:00:00+05:30,2426.900000,2439.950000,2425.350000,2430.000000,3789
2018-05-08T15:15:00+05:30,2430.000000,2435.050000,2410.100000,2435.000000,6708
2018-05-09T09:15:00+05:30,2425.400000,2427.250000,2400.350000,2413.000000,1380
2018-05-09T09:30:00+05:30,2413.000000,2425.000000,2407.150000,2412.000000,803
2018-05-09T09:45:00+05:30,2412.000000,2416.150000,2409.000000,2410.050000,308
2018-05-09T10:00:00+05:30,2410.050000,2416.000000,2410.000000,2412.200000,358
2018-05-09T10:15:00+05:30,2412.200000,2420.250000,2412.000000,2415.000000,409
2018-05-09T10:30:00+05:30,2415.000000,2420.050000,2414.500000,2418.050000,249
2018-05-09T10:45:00+05:30,2414.550000,2419.850000,2414.500000,2415.000000,246
2018-05-09T11:00:00+05:30,2415.000000,2419.850000,2413.000000,2414.100000,358
2018-05-09T11:15:00+05:30,2414.050000,2422.550000,2413.100000,2413.100000,712
2018-05-09T11:30:00+05:30,2413.100000,2416.950000,2412.000000,2412.000000,275
2018-05-09T11:45:00+05:30,2412.000000,2418.050000,2411.000000,2412.300000,412
2018-05-09T12:00:00+05:30,2412.300000,2418.700000,2411.050000,2415.000000,234
2018-05-09T12:15:00+05:30,2415.000000,2425.000000,2415.000000,2420.000000,548
2018-05-09T12:30:00+05:30,2420.000000,2422.000000,2417.200000,2417.400000,182
2018-05-09T12:45:00+05:30,2417.400000,2424.800000,2417.200000,2424.800000,330
2018-05-09T13:00:00+05:30,2424.800000,2425.000000,2417.200000,2419.750000,334
2018-05-09T13:15:00+05:30,2419.750000,2423.500000,2417.200000,2417.250000,149
2018-05-09T13:30:00+05:30,2417.250000,2423.000000,2417.200000,2417.300000,369
2018-05-09T13:45:00+05:30,2417.300000,2422.900000,2417.200000,2419.000000,271
2018-05-09T14:00:00+05:30,2419.000000,2434.850000,2418.050000,2420.000000,1036
2018-05-09T14:15:00+05:30,2420.000000,2426.300000,2417.200000,2426.000000,516
2018-05-09T14:30:00+05:30,2426.000000,2453.000000,2426.000000,2440.050000,1895
2018-05-09T14:45:00+05:30,2440.050000,2450.000000,2440.050000,2444.400000,1148
2018-05-09T15:00:00+05:30,2446.900000,2449.600000,2405.550000,2417.000000,4604
2018-05-09T15:15:00+05:30,2417.000000,2419.900000,2401.150000,2403.000000,2752
2018-05-10T09:15:00+05:30,2411.300000,2414.300000,2403.200000,2414.000000,639
2018-05-10T09:30:00+05:30,2414.450000,2450.000000,2414.000000,2442.950000,2203
2018-05-10T09:45:00+05:30,2442.950000,2445.000000,2431.050000,2444.000000,670
2018-05-10T10:00:00+05:30,2437.400000,2442.150000,2430.000000,2432.450000,271
2018-05-10T10:15:00+05:30,2432.450000,2437.400000,2425.650000,2425.650000,718
2018-05-10T10:30:00+05:30,2425.650000,2435.000000,2418.500000,2425.000000,794
2018-05-10T10:45:00+05:30,2425.000000,2430.000000,2420.500000,2429.450000,174
2018-05-10T11:00:00+05:30,2423.500000,2432.650000,2423.500000,2429.000000,298
2018-05-10T11:15:00+05:30,2430.500000,2440.000000,2430.000000,2440.000000,605
2018-05-10T11:30:00+05:30,2440.000000,2444.000000,2427.000000,2430.000000,648
2018-05-10T11:45:00+05:30,2430.000000,2430.000000,2425.000000,2425.100000,269
2018-05-10T12:00:00+05:30,2425.100000,2430.000000,2417.450000,2425.250000,1496
2018-05-10T12:15:00+05:30,2425.250000,2425.250000,2418.500000,2425.000000,570
2018-05-10T12:30:00+05:30,2425.000000,2425.000000,2404.000000,2408.000000,1371
2018-05-10T12:45:00+05:30,2408.000000,2409.000000,2396.000000,2398.000000,1111
2018-05-10T13:00:00+05:30,2398.000000,2403.000000,2368.050000,2372.500000,3274
2018-05-10T13:15:00+05:30,2372.500000,2372.500000,2337.900000,2342.000000,2541
2018-05-10T13:30:00+05:30,2342.000000,2364.900000,2341.000000,2363.950000,2609
2018-05-10T13:45:00+05:30,2363.950000,2364.000000,2355.000000,2358.900000,328
2018-05-10T14:00:00+05:30,2358.900000,2363.800000,2350.000000,2351.000000,547
2018-05-10T14:15:00+05:30,2351.000000,2353.950000,2342.100000,2344.700000,1003
2018-05-10T14:30:00+05:30,2344.700000,2365.000000,2340.900000,2361.000000,980
2018-05-10T14:45:00+05:30,2361.000000,2363.800000,2333.500000,2345.950000,2269
2018-05-10T15:00:00+05:30,2345.700000,2356.700000,2325.850000,2333.800000,2084
2018-05-10T15:15:00+05:30,2333.800000,2359.000000,2310.600000,2348.900000,4286
2018-05-11T09:15:00+05:30,2360.000000,2380.000000,2352.050000,2361.950000,1471
2018-05-11T09:30:00+05:30,2361.950000,2371.500000,2359.300000,2363.100000,688
2018-05-11T09:45:00+05:30,2363.100000,2363.100000,2354.450000,2357.150000,459
2018-05-11T10:00:00+05:30,2357.300000,2362.100000,2357.150000,2361.950000,220
2018-05-11T10:15:00+05:30,2362.950000,2362.950000,2340.000000,2340.000000,2517
2018-05-11T10:30:00+05:30,2340.000000,2340.000000,2331.050000,2337.650000,957
2018-05-11T10:45:00+05:30,2337.700000,2343.100000,2334.800000,2343.100000,479
2018-05-11T11:00:00+05:30,2343.100000,2350.050000,2343.100000,2349.700000,888
2018-05-11T11:15:00+05:30,2349.700000,2350.050000,2346.450000,2347.500000,838
2018-05-11T11:30:00+05:30,2347.500000,2351.950000,2346.900000,2350.000000,1307
2018-05-11T11:45:00+05:30,2350.000000,2350.050000,2347.350000,2347.350000,1983
2018-05-11T12:00:00+05:30,2347.350000,2348.000000,2341.000000,2341.250000,879
2018-05-11T12:15:00+05:30,2341.250000,2380.900000,2340.050000,2370.000000,3216
2018-05-11T12:30:00+05:30,2370.000000,2376.950000,2364.150000,2376.000000,855
2018-05-11T12:45:00+05:30,2376.000000,2448.400000,2371.050000,2420.000000,5823
2018-05-11T13:00:00+05:30,2420.000000,2444.000000,2420.000000,2422.050000,4389
2018-05-11T13:15:00+05:30,2422.050000,2429.950000,2420.050000,2425.000000,596
2018-05-11T13:30:00+05:30,2425.000000,2425.000000,2394.650000,2402.950000,2885
2018-05-11T13:45:00+05:30,2402.950000,2410.000000,2401.950000,2408.350000,653
2018-05-11T14:00:00+05:30,2408.350000,2410.000000,2406.050000,2410.000000,560
2018-05-11T14:15:00+05:30,2410.000000,2411.450000,2408.250000,2409.550000,966
2018-05-11T14:30:00+05:30,2409.550000,2410.050000,2409.250000,2410.000000,936
2018-05-11T14:45:00+05:30,2410.000000,2410.050000,2406.100000,2410.000000,1285
2018-05-11T15:00:00+05:30,2410.000000,2410.200000,2405.050000,2409.000000,1788
2018-05-11T15:15:00+05:30,2409.000000,2418.650000,2403.000000,2410.000000,7480
2018-05-14T09:15:00+05:30,2421.000000,2429.900000,2376.100000,2400.350000,471
2018-05-14T09:30:00+05:30,2400.350000,2420.000000,2396.000000,2410.000000,896
2018-05-14T09:45:00+05:30,2410.000000,2415.000000,2405.900000,2409.250000,129
2018-05-14T10:00:00+05:30,2409.250000,2434.650000,2409.250000,2424.000000,519
2018-05-14T10:15:00+05:30,2424.000000,2429.950000,2409.500000,2424.550000,690
2018-05-14T10:30:00+05:30,2424.550000,2425.800000,2415.100000,2421.650000,56
2018-05-14T10:45:00+05:30,2421.650000,2425.000000,2419.300000,2419.950000,309
2018-05-14T11:00:00+05:30,2418.300000,2420.000000,2405.850000,2405.900000,263
2018-05-14T11:15:00+05:30,2405.000000,2408.400000,2376.050000,2408.000000,1184
2018-05-14T11:30:00+05:30,2408.000000,2408.000000,2396.050000,2398.000000,14
2018-05-14T11:45:00+05:30,2398.000000,2398.750000,2387.300000,2392.950000,159
2018-05-14T12:00:00+05:30,2392.950000,2393.000000,2380.000000,2387.850000,240
2018-05-14T12:15:00+05:30,2387.850000,2404.950000,2382.000000,2394.850000,534
2018-05-14T12:30:00+05:30,2394.850000,2394.850000,2384.950000,2384.950000,15
2018-05-14T12:45:00+05:30,2384.950000,2387.950000,2384.850000,2384.850000,54
2018-05-14T13:00:00+05:30,2384.850000,2386.600000,2381.050000,2386.600000,64
2018-05-14T13:15:00+05:30,2386.600000,2389.400000,2380.000000,2388.000000,155
2018-05-14T13:30:00+05:30,2388.000000,2390.000000,2377.200000,2384.050000,339
2018-05-14T13:45:00+05:30,2384.050000,2390.000000,2379.900000,2379.900000,301
2018-05-14T14:00:00+05:30,2379.900000,2379.950000,2374.050000,2376.550000,28
2018-05-14T14:15:00+05:30,2376.550000,2380.000000,2370.050000,2378.550000,1201
2018-05-14T14:30:00+05:30,2378.550000,2378.550000,2375.000000,2376.100000,81
2018-05-14T14:45:00+05:30,2378.000000,2380.000000,2375.000000,2380.000000,2799
2018-05-14T15:00:00+05:30,2380.000000,2391.000000,2360.000000,2369.450000,4335
2018-05-14T15:15:00+05:30,2369.450000,2376.600000,2350.100000,2362.000000,4509
2018-05-15T09:15:00+05:30,2370.000000,2390.000000,2370.000000,2384.950000,321
2018-05-15T09:30:00+05:30,2384.950000,2386.000000,2377.000000,2377.000000,409
2018-05-15T09:45:00+05:30,2377.000000,2377.600000,2373.850000,2377.600000,361
2018-05-15T10:00:00+05:30,2383.000000,2383.150000,2375.500000,2383.150000,383
2018-05-15T10:15:00+05:30,2383.150000,2383.150000,2379.000000,2383.150000,119
2018-05-15T10:30:00+05:30,2383.150000,2386.000000,2378.100000,2380.000000,416
2018-05-15T10:45:00+05:30,2379.950000,2380.000000,2376.000000,2376.000000,107
2018-05-15T11:00:00+05:30,2376.000000,2380.000000,2376.000000,2378.900000,229
2018-05-15T11:15:00+05:30,2378.900000,2417.000000,2378.900000,2398.500000,895
2018-05-15T11:30:00+05:30,2398.500000,2439.000000,2398.450000,2435.000000,1997
2018-05-15T11:45:00+05:30,2435.000000,2455.050000,2425.550000,2431.000000,12591
2018-05-15T12:00:00+05:30,2431.000000,2432.300000,2415.150000,2428.050000,1467
2018-05-15T12:15:00+05:30,2428.050000,2439.950000,2425.000000,2431.650000,515
2018-05-15T12:30:00+05:30,2431.650000,2443.950000,2405.000000,2405.100000,2317
2018-05-15T12:45:00+05:30,2405.100000,2432.900000,2405.100000,2432.900000,1413
2018-05-15T13:00:00+05:30,2432.900000,2434.900000,2415.000000,2415.000000,338
2018-05-15T13:15:00+05:30,2420.000000,2438.650000,2420.000000,2438.650000,336
2018-05-15T13:30:00+05:30,2438.650000,2444.000000,2430.000000,2436.050000,1259
2018-05-15T13:45:00+05:30,2436.050000,2450.000000,2432.050000,2438.600000,1497
2018-05-15T14:00:00+05:30,2438.600000,2440.000000,2430.000000,2435.900000,1087
2018-05-15T14:15:00+05:30,2435.900000,2435.900000,2405.550000,2414.000000,1040
2018-05-15T14:30:00+05:30,2413.850000,2435.000000,2410.100000,2430.000000,1190
2018-05-15T14:45:00+05:30,2430.000000,2445.000000,2430.000000,2445.000000,2268
2018-05-15T15:00:00+05:30,2445.000000,2445.000000,2435.300000,2442.000000,1485
2018-05-15T15:15:00+05:30,2442.000000,2449.900000,2427.150000,2440.000000,3753
2018-05-16T09:15:00+05:30,2455.000000,2465.000000,2400.000000,2400.000000,2352
2018-05-16T09:30:00+05:30,2400.000000,2423.000000,2384.150000,2419.000000,1918
2018-05-16T09:45:00+05:30,2419.000000,2419.000000,2405.000000,2414.550000,364
2018-05-16T10:00:00+05:30,2414.550000,2414.550000,2406.650000,2407.100000,153
2018-05-16T10:15:00+05:30,2407.100000,2419.000000,2405.100000,2419.000000,344
2018-05-16T10:30:00+05:30,2419.000000,2459.950000,2417.000000,2459.950000,1034
2018-05-16T10:45:00+05:30,2460.000000,2468.000000,2443.450000,2459.400000,2650
2018-05-16T11:00:00+05:30,2459.400000,2459.400000,2443.450000,2445.550000,738
2018-05-16T11:15:00+05:30,2445.550000,2466.000000,2445.550000,2451.600000,2339
2018-05-16T11:30:00+05:30,2451.600000,2455.000000,2446.050000,2454.850000,264
2018-05-16T11:45:00+05:30,2454.850000,2454.850000,2443.350000,2448.500000,379
2018-05-16T12:00:00+05:30,2448.500000,2450.000000,2443.400000,2449.750000,206
2018-05-16T12:15:00+05:30,2449.800000,2449.800000,2442.850000,2445.000000,424
2018-05-16T12:30:00+05:30,2445.000000,2453.000000,2440.000000,2452.000000,1220
2018-05-16T12:45:00+05:30,2452.000000,2453.800000,2446.100000,2450.000000,209
2018-05-16T13:00:00+05:30,2450.000000,2453.400000,2448.500000,2451.900000,257
2018-05-16T13:15:00+05:30,2451.900000,2453.000000,2448.000000,2452.000000,521
2018-05-16T13:30:00+05:30,2452.850000,2452.850000,2447.000000,2447.000000,462
2018-05-16T13:45:00+05:30,2447.000000,2447.000000,2440.000000,2441.000000,317
2018-05-16T14:00:00+05:30,2441.000000,2452.500000,2441.000000,2449.900000,392
2018-05-16T14:15:00+05:30,2449.900000,2449.900000,2445.000000,2445.100000,315
2018-05-16T14:30:00+05:30,2445.100000,2446.000000,2437.050000,2437.050000,829
2018-05-16T14:45:00+05:30,2437.050000,2448.900000,2426.000000,2444.000000,510
2018-05-16T15:00:00+05:30,2444.000000,2450.000000,2435.950000,2440.850000,905
2018-05-16T15:15:00+05:30,2440.850000,2450.050000,2440.850000,2450.000000,3445
2018-05-17T09:15:00+05:30,2471.950000,2471.950000,2450.050000,2458.000000,489
2018-05-17T09:30:00+05:30,2458.000000,2461.000000,2440.000000,2457.800000,1660
2018-05-17T09:45:00+05:30,2457.800000,2457.800000,2446.000000,2454.950000,996
2018-05-17T10:00:00+05:30,2454.950000,2454.950000,2450.000000,2450.150000,370
2018-05-17T10:15:00+05:30,2450.150000,2454.700000,2450.150000,2452.700000,161
2018-05-17T10:30:00+05:30,2452.700000,2470.000000,2450.350000,2463.400000,836
2018-05-17T10:45:00+05:30,2463.400000,2463.400000,2441.900000,2449.850000,1636
2018-05-17T11:00:00+05:30,2449.850000,2449.950000,2431.050000,2432.850000,506
2018-05-17T11:15:00+05:30,2432.850000,2448.000000,2432.850000,2440.150000,164
2018-05-17T11:30:00+05:30,2440.150000,2440.150000,2432.000000,2436.550000,249
2018-05-17T11:45:00+05:30,2436.550000,2443.850000,2436.550000,2443.850000,302
2018-05-17T12:00:00+05:30,2443.850000,2456.500000,2440.800000,2448.650000,458
2018-05-17T12:15:00+05:30,2448.650000,2453.850000,2443.400000,2453.850000,305
2018-05-17T12:30:00+05:30,2443.350000,2452.950000,2435.400000,2450.550000,389
2018-05-17T12:45:00+05:30,2450.550000,2453.000000,2440.600000,2448.500000,187
2018-05-17T13:00:00+05:30,2448.500000,2455.950000,2443.000000,2451.000000,797
2018-05-17T13:15:00+05:30,2451.000000,2456.500000,2448.000000,2452.550000,256
2018-05-17T13:30:00+05:30,2452.550000,2458.000000,2446.100000,2449.400000,101
2018-05-17T13:45:00+05:30,2449.400000,2456.500000,2442.000000,2456.450000,187
2018-05-17T14:00:00+05:30,2456.450000,2456.500000,2447.450000,2450.000000,119
2018-05-17T14:15:00+05:30,2450.000000,2459.000000,2449.250000,2450.000000,182
2018-05-17T14:30:00+05:30,2450.000000,2454.900000,2447.050000,2450.000000,422
2018-05-17T14:45:00+05:30,2450.000000,2450.000000,2444.000000,2450.000000,379
2018-05-17T15:00:00+05:30,2452.900000,2452.900000,2441.600000,2450.000000,1500
2018-05-17T15:15:00+05:30,2450.000000,2457.950000,2440.000000,2450.000000,6221
2018-05-18T09:15:00+05:30,2460.000000,2467.100000,2454.700000,2461.650000,750
2018-05-18T09:30:00+05:30,2461.650000,2473.900000,2460.150000,2461.000000,1129
2018-05-18T09:45:00+05:30,2461.000000,2470.000000,2460.900000,2468.850000,664
2018-05-18T10:00:00+05:30,2465.100000,2465.100000,2445.100000,2448.000000,999
2018-05-18T10:15:00+05:30,2448.000000,2448.000000,2440.500000,2440.550000,246
2018-05-18T10:30:00+05:30,2440.550000,2449.900000,2440.550000,2441.100000,171
2018-05-18T10:45:00+05:30,2441.100000,2445.850000,2440.050000,2441.000000,94
2018-05-18T11:00:00+05:30,2441.000000,2443.350000,2434.050000,2436.050000,418
2018-05-18T11:15:00+05:30,2438.900000,2440.000000,2429.000000,2440.000000,307
2018-05-18T11:30:00+05:30,2440.000000,2440.550000,2435.400000,2435.500000,23
2018-05-18T11:45:00+05:30,2440.600000,2440.600000,2435.150000,2435.150000,77
2018-05-18T12:00:00+05:30,2435.150000,2440.000000,2432.750000,2437.950000,81
2018-05-18T12:15:00+05:30,2437.950000,2440.600000,2435.650000,2435.650000,29
2018-05-18T12:30:00+05:30,2435.650000,2440.550000,2433.150000,2435.500000,61
2018-05-18T12:45:00+05:30,2435.500000,2436.150000,2433.000000,2435.000000,69
2018-05-18T13:00:00+05:30,2435.000000,2439.950000,2433.000000,2433.000000,77
2018-05-18T13:15:00+05:30,2433.000000,2433.000000,2430.100000,2432.100000,138
2018-05-18T13:30:00+05:30,2432.100000,2432.650000,2425.000000,2426.000000,263
2018-05-18T13:45:00+05:30,2425.000000,2427.250000,2420.000000,2427.000000,94
2018-05-18T14:00:00+05:30,2427.000000,2430.000000,2409.750000,2410.000000,1261
2018-05-18T14:15:00+05:30,2410.000000,2424.650000,2410.000000,2419.500000,171
2018-05-18T14:30:00+05:30,2419.500000,2424.500000,2419.500000,2420.000000,201
2018-05-18T14:45:00+05:30,2420.000000,2437.950000,2416.050000,2434.000000,533
2018-05-18T15:00:00+05:30,2434.000000,2447.000000,2426.000000,2435.000000,1632
2018-05-18T15:15:00+05:30,2435.000000,2454.950000,2432.700000,2445.000000,1647
2018-05-21T09:15:00+05:30,2441.050000,2451.100000,2441.000000,2444.000000,132
2018-05-21T09:30:00+05:30,2444.000000,2461.800000,2442.000000,2442.000000,666
2018-05-21T09:45:00+05:30,2442.000000,2443.250000,2432.850000,2440.600000,171
2018-05-21T10:00:00+05:30,2440.600000,2440.600000,2435.050000,2440.000000,88
2018-05-21T10:15:00+05:30,2440.000000,2440.000000,2435.000000,2435.000000,55
2018-05-21T10:30:00+05:30,2440.000000,2440.000000,2432.000000,2432.000000,211
2018-05-21T10:45:00+05:30,2432.000000,2440.000000,2420.050000,2424.450000,503
2018-05-21T11:00:00+05:30,2424.450000,2427.200000,2420.000000,2420.000000,87
2018-05-21T11:15:00+05:30,2420.000000,2424.950000,2417.800000,2418.000000,177
2018-05-21T11:30:00+05:30,2418.000000,2422.000000,2418.000000,2422.000000,22
2018-05-21T11:45:00+05:30,2415.000000,2422.000000,2409.000000,2419.950000,466
2018-05-21T12:00:00+05:30,2414.000000,2419.350000,2414.000000,2414.350000,20
2018-05-21T12:15:00+05:30,2414.350000,2419.350000,2414.350000,2419.300000,7
2018-05-21T12:30:00+05:30,2419.300000,2419.350000,2414.400000,2415.000000,195
2018-05-21T12:45:00+05:30,2414.400000,2419.350000,2414.400000,2415.100000,38
2018-05-21T13:00:00+05:30,2415.100000,2419.350000,2415.100000,2415.100000,146
2018-05-21T13:15:00+05:30,2415.100000,2419.350000,2415.100000,2419.350000,91
2018-05-21T13:30:00+05:30,2419.350000,2419.350000,2416.200000,2419.350000,137
2018-05-21T13:45:00+05:30,2419.350000,2419.350000,2415.000000,2415.000000,302
2018-05-21T14:00:00+05:30,2415.000000,2419.000000,2415.000000,2415.050000,67
2018-05-21T14:15:00+05:30,2415.050000,2423.950000,2415.000000,2419.650000,1303
2018-05-21T14:30:00+05:30,2419.650000,2419.650000,2412.000000,2412.000000,1013
2018-05-21T14:45:00+05:30,2412.000000,2414.950000,2391.600000,2395.000000,1156
2018-05-21T15:00:00+05:30,2395.000000,2400.000000,2390.000000,2400.000000,1532
2018-05-21T15:15:00+05:30,2400.000000,2411.950000,2375.000000,2408.900000,6228
2018-05-22T09:15:00+05:30,2393.500000,2419.400000,2375.000000,2376.100000,505
2018-05-22T09:30:00+05:30,2376.100000,2380.000000,2370.000000,2371.000000,292
2018-05-22T09:45:00+05:30,2371.000000,2381.550000,2371.000000,2380.000000,66
2018-05-22T10:00:00+05:30,2380.000000,2385.000000,2379.050000,2379.800000,238
2018-05-22T10:15:00+05:30,2379.800000,2386.700000,2379.800000,2380.000000,158
2018-05-22T10:30:00+05:30,2380.000000,2383.000000,2375.350000,2375.350000,438
2018-05-22T10:45:00+05:30,2375.350000,2375.350000,2372.400000,2372.400000,109
2018-05-22T11:00:00+05:30,2372.400000,2372.400000,2370.000000,2370.950000,202
2018-05-22T11:15:00+05:30,2370.950000,2375.000000,2370.050000,2370.100000,99
2018-05-22T11:30:00+05:30,2370.100000,2375.000000,2370.100000,2375.000000,41
2018-05-22T11:45:00+05:30,2375.000000,2375.000000,2370.050000,2370.050000,154
2018-05-22T12:00:00+05:30,2370.050000,2378.700000,2370.050000,2378.700000,4
2018-05-22T12:15:00+05:30,2378.700000,2378.750000,2371.550000,2377.050000,74
2018-05-22T12:30:00+05:30,2377.050000,2378.500000,2366.050000,2374.000000,273
2018-05-22T12:45:00+05:30,2374.000000,2374.000000,2360.250000,2365.950000,84
2018-05-22T13:00:00+05:30,2365.950000,2369.800000,2365.150000,2365.150000,88
2018-05-22T13:15:00+05:30,2365.150000,2380.000000,2362.750000,2371.000000,339
2018-05-22T13:30:00+05:30,2371.000000,2371.000000,2363.450000,2363.450000,9
2018-05-22T13:45:00+05:30,2363.450000,2369.900000,2363.450000,2369.900000,23
2018-05-22T14:00:00+05:30,2369.900000,2371.000000,2366.350000,2366.350000,34
2018-05-22T14:15:00+05:30,2366.350000,2378.750000,2366.350000,2372.350000,490
2018-05-22T14:30:00+05:30,2372.350000,2374.950000,2370.000000,2374.000000,437
2018-05-22T14:45:00+05:30,2374.000000,2380.000000,2369.750000,2375.000000,1181
2018-05-22T15:00:00+05:30,2375.000000,2377.000000,2365.000000,2375.100000,1474
2018-05-22T15:15:00+05:30,2375.100000,2408.000000,2360.000000,2371.650000,4078
2018-05-23T09:15:00+05:30,2390.000000,2398.000000,2381.050000,2386.900000,294
2018-05-23T09:30:00+05:30,2386.900000,2387.000000,2374.450000,2386.750000,522
2018-05-23T09:45:00+05:30,2386.750000,2391.950000,2386.750000,2390.500000,8
2018-05-23T10:00:00+05:30,2390.500000,2391.000000,2383.200000,2389.250000,114
2018-05-23T10:15:00+05:30,2389.250000,2390.000000,2387.250000,2387.250000,14
2018-05-23T10:30:00+05:30,2387.250000,2408.000000,2387.250000,2401.000000,639
2018-05-23T10:45:00+05:30,2401.000000,2405.000000,2392.000000,2392.950000,786
2018-05-23T11:00:00+05:30,2392.950000,2393.000000,2387.400000,2391.000000,289
2018-05-23T11:15:00+05:30,2391.000000,2399.700000,2389.800000,2390.000000,523
2018-05-23T11:30:00+05:30,2390.000000,2390.000000,2385.600000,2390.000000,460
2018-05-23T11:45:00+05:30,2390.000000,2394.300000,2382.050000,2394.000000,713
2018-05-23T12:00:00+05:30,2394.000000,2400.000000,2390.550000,2399.750000,863
2018-05-23T12:15:00+05:30,2399.750000,2406.950000,2399.700000,2403.900000,2019
2018-05-23T12:30:00+05:30,2400.250000,2403.800000,2397.950000,2399.950000,506
2018-05-23T12:45:00+05:30,2399.950000,2400.000000,2397.500000,2400.000000,487
2018-05-23T13:00:00+05:30,2400.000000,2400.000000,2397.000000,2397.000000,510
2018-05-23T13:15:00+05:30,2397.000000,2398.000000,2396.600000,2397.000000,254
2018-05-23T13:30:00+05:30,2397.000000,2397.000000,2380.000000,2384.100000,589
2018-05-23T13:45:00+05:30,2384.100000,2384.100000,2375.000000,2379.950000,560
2018-05-23T14:00:00+05:30,2379.950000,2393.800000,2376.800000,2390.000000,698
2018-05-23T14:15:00+05:30,2390.000000,2395.000000,2386.450000,2386.900000,1245
2018-05-23T14:30:00+05:30,2386.900000,2395.000000,2386.900000,2394.800000,558
2018-05-23T14:45:00+05:30,2394.800000,2395.000000,2385.650000,2390.000000,1563
2018-05-23T15:00:00+05:30,2390.000000,2390.000000,2381.000000,2383.850000,3301
2018-05-23T15:15:00+05:30,2383.850000,2389.900000,2376.000000,2376.000000,53588
2018-05-24T09:15:00+05:30,2398.850000,2401.000000,2388.000000,2400.000000,175
2018-05-24T09:30:00+05:30,2400.000000,2401.000000,2389.200000,2390.000000,248
2018-05-24T09:45:00+05:30,2387.150000,2387.150000,2373.350000,2380.000000,9575
2018-05-24T10:00:00+05:30,2380.000000,2380.000000,2378.250000,2380.000000,436
2018-05-24T10:15:00+05:30,2380.000000,2382.000000,2375.000000,2375.000000,50396
2018-05-24T10:30:00+05:30,2375.000000,2379.950000,2351.550000,2362.300000,1513
2018-05-24T10:45:00+05:30,2362.300000,2375.000000,2355.050000,2375.000000,5962
2018-05-24T11:00:00+05:30,2377.300000,2379.950000,2370.000000,2374.000000,219
2018-05-24T11:15:00+05:30,2374.000000,2379.800000,2374.000000,2378.750000,195
2018-05-24T11:30:00+05:30,2378.750000,2378.750000,2361.050000,2376.000000,830
2018-05-24T11:45:00+05:30,2376.000000,2376.000000,2373.350000,2376.000000,147
2018-05-24T12:00:00+05:30,2376.000000,2376.000000,2373.400000,2373.400000,26
2018-05-24T12:15:00+05:30,2373.400000,2378.900000,2373.400000,2378.900000,184
2018-05-24T12:30:00+05:30,2378.900000,2378.900000,2376.850000,2376.900000,214
2018-05-24T12:45:00+05:30,2376.900000,2380.000000,2376.850000,2380.000000,97
2018-05-24T13:00:00+05:30,2380.000000,2380.000000,2377.800000,2380.000000,95
2018-05-24T13:15:00+05:30,2380.000000,2380.000000,2380.000000,2380.000000,46
2018-05-24T13:30:00+05:30,2380.000000,2394.550000,2380.000000,2390.000000,499
2018-05-24T13:45:00+05:30,2390.000000,2390.000000,2387.950000,2390.000000,105
2018-05-24T14:00:00+05:30,2390.000000,2394.550000,2385.000000,2385.000000,454
2018-05-24T14:15:00+05:30,2385.000000,2392.200000,2379.000000,2379.000000,298
2018-05-24T14:30:00+05:30,2379.000000,2382.000000,2379.000000,2379.900000,1010
2018-05-24T14:45:00+05:30,2379.900000,2379.950000,2376.000000,2378.650000,190
2018-05-24T15:00:00+05:30,2378.650000,2382.000000,2378.650000,2382.000000,714
2018-05-24T15:15:00+05:30,2382.000000,2398.000000,2370.000000,2380.700000,2038
2018-05-25T09:15:00+05:30,2390.000000,2390.000000,2354.450000,2386.650000,926
2018-05-25T09:30:00+05:30,2386.650000,2399.600000,2386.650000,2389.850000,406
2018-05-25T09:45:00+05:30,2389.850000,2389.850000,2378.000000,2379.000000,104
2018-05-25T10:00:00+05:30,2379.000000,2389.000000,2378.000000,2388.950000,79
2018-05-25T10:15:00+05:30,2388.950000,2396.900000,2384.900000,2395.000000,225
2018-05-25T10:30:00+05:30,2395.000000,2399.000000,2394.650000,2399.000000,205
2018-05-25T10:45:00+05:30,2400.000000,2400.000000,2392.050000,2399.500000,502
2018-05-25T11:00:00+05:30,2396.600000,2398.450000,2392.150000,2393.500000,30
2018-05-25T11:15:00+05:30,2393.500000,2398.000000,2391.750000,2397.850000,296
2018-05-25T11:30:00+05:30,2397.850000,2399.750000,2390.500000,2399.150000,182
2018-05-25T11:45:00+05:30,2399.150000,2399.150000,2392.000000,2395.000000,59
2018-05-25T12:00:00+05:30,2392.000000,2395.000000,2392.000000,2393.100000,83
2018-05-25T12:15:00+05:30,2393.100000,2400.000000,2391.600000,2400.000000,805
2018-05-25T12:30:00+05:30,2399.950000,2400.000000,2391.000000,2400.000000,652
2018-05-25T12:45:00+05:30,2400.000000,2400.000000,2394.700000,2400.000000,659
2018-05-25T13:00:00+05:30,2398.000000,2405.000000,2396.300000,2400.250000,782
2018-05-25T13:15:00+05:30,2400.250000,2403.950000,2397.950000,2402.450000,528
2018-05-25T13:30:00+05:30,2402.450000,2403.000000,2400.100000,2403.000000,827
2018-05-25T13:45:00+05:30,2403.000000,2403.000000,2400.000000,2402.500000,370
2018-05-25T14:00:00+05:30,2402.500000,2404.000000,2395.500000,2404.000000,528
2018-05-25T14:15:00+05:30,2404.000000,2420.000000,2400.350000,2408.900000,2343
2018-05-25T14:30:00+05:30,2408.900000,2408.900000,2403.550000,2408.000000,662
2018-05-25T14:45:00+05:30,2408.000000,2423.000000,2406.500000,2416.400000,1089
2018-05-25T15:00:00+05:30,2416.000000,2420.000000,2406.950000,2414.650000,2197
2018-05-25T15:15:00+05:30,2414.900000,2417.000000,2389.100000,2417.000000,3780
2018-05-28T09:15:00+05:30,2422.950000,2455.000000,2400.100000,2448.950000,1861
2018-05-28T09:30:00+05:30,2448.950000,2448.950000,2431.450000,2436.350000,399
2018-05-28T09:45:00+05:30,2436.350000,2445.800000,2436.100000,2445.800000,90
2018-05-28T10:00:00+05:30,2445.800000,2449.950000,2435.400000,2441.750000,285
2018-05-28T10:15:00+05:30,2441.750000,2446.850000,2440.000000,2440.100000,222
2018-05-28T10:30:00+05:30,2440.100000,2442.200000,2439.950000,2442.200000,159
2018-05-28T10:45:00+05:30,2442.200000,2442.250000,2438.150000,2442.250000,52
2018-05-28T11:00:00+05:30,2442.250000,2448.550000,2440.000000,2444.100000,175
2018-05-28T11:15:00+05:30,2444.100000,2446.900000,2444.100000,2446.900000,57
2018-05-28T11:30:00+05:30,2446.900000,2447.000000,2434.950000,2439.800000,1074
2018-05-28T11:45:00+05:30,2439.800000,2446.550000,2436.300000,2440.000000,416
2018-05-28T12:00:00+05:30,2440.000000,2440.000000,2436.450000,2438.000000,340
2018-05-28T12:15:00+05:30,2438.000000,2444.000000,2438.000000,2442.150000,889
2018-05-28T12:30:00+05:30,2442.150000,2444.000000,2440.000000,2444.000000,315
2018-05-28T12:45:00+05:30,2444.000000,2450.000000,2443.600000,2450.000000,591
2018-05-28T13:00:00+05:30,2450.000000,2450.000000,2445.100000,2450.000000,430
2018-05-28T13:15:00+05:30,2450.000000,2457.500000,2449.950000,2455.750000,1302
2018-05-28T13:30:00+05:30,2455.750000,2460.000000,2450.000000,2456.050000,416
2018-05-28T13:45:00+05:30,2456.050000,2460.000000,2451.450000,2452.800000,314
2018-05-28T14:00:00+05:30,2452.800000,2459.000000,2450.000000,2455.200000,494
2018-05-28T14:15:00+05:30,2455.200000,2460.000000,2451.300000,2456.950000,539
2018-05-28T14:30:00+05:30,2456.950000,2458.800000,2440.000000,2443.000000,2080
2018-05-28T14:45:00+05:30,2443.000000,2449.900000,2440.900000,2449.900000,687
2018-05-28T15:00:00+05:30,2449.950000,2449.950000,2440.700000,2445.000000,2294
2018-05-28T15:15:00+05:30,2445.000000,2450.000000,2442.000000,2450.000000,1343
2018-05-29T09:15:00+05:30,2437.350000,2437.350000,2411.600000,2427.000000,483
2018-05-29T09:30:00+05:30,2420.550000,2427.000000,2406.250000,2423.500000,343
2018-05-29T09:45:00+05:30,2424.700000,2445.900000,2416.900000,2445.900000,231
2018-05-29T10:00:00+05:30,2445.900000,2447.900000,2438.000000,2446.600000,124
2018-05-29T10:15:00+05:30,2446.600000,2446.800000,2441.650000,2446.800000,40
2018-05-29T10:30:00+05:30,2446.800000,2450.000000,2445.100000,2449.800000,299
2018-05-29T10:45:00+05:30,2449.800000,2449.800000,2441.200000,2441.200000,289
2018-05-29T11:00:00+05:30,2441.200000,2445.000000,2441.150000,2441.150000,44
2018-05-29T11:15:00+05:30,2441.150000,2445.000000,2441.100000,2445.000000,128
2018-05-29T11:30:00+05:30,2445.000000,2445.000000,2441.150000,2445.000000,57
2018-05-29T11:45:00+05:30,2445.000000,2450.000000,2441.250000,2444.950000,303
2018-05-29T12:00:00+05:30,2444.950000,2445.000000,2439.000000,2441.200000,346
2018-05-29T12:15:00+05:30,2441.200000,2445.000000,2439.000000,2444.950000,326
2018-05-29T12:30:00+05:30,2444.950000,2449.900000,2443.750000,2445.350000,332
2018-05-29T12:45:00+05:30,2445.350000,2448.000000,2444.250000,2447.850000,266
2018-05-29T13:00:00+05:30,2447.850000,2448.000000,2445.000000,2446.400000,406
2018-05-29T13:15:00+05:30,2446.400000,2450.000000,2444.950000,2449.200000,607
2018-05-29T13:30:00+05:30,2450.000000,2459.850000,2444.000000,2449.950000,595
2018-05-29T13:45:00+05:30,2449.950000,2459.950000,2440.050000,2454.900000,779
2018-05-29T14:00:00+05:30,2453.050000,2465.000000,2451.050000,2455.100000,750
2018-05-29T14:15:00+05:30,2455.100000,2467.050000,2451.200000,2465.850000,517
2018-05-29T14:30:00+05:30,2465.850000,2488.100000,2456.200000,2486.900000,2509
2018-05-29T14:45:00+05:30,2486.900000,2486.900000,2461.250000,2482.500000,2205
2018-05-29T15:00:00+05:30,2484.500000,2491.000000,2471.400000,2482.650000,3670
2018-05-29T15:15:00+05:30,2482.650000,2493.850000,2475.000000,2475.000000,2960
2018-05-30T09:15:00+05:30,2474.050000,2516.950000,2473.000000,2500.000000,2631
2018-05-30T09:30:00+05:30,2500.000000,2508.250000,2496.000000,2507.150000,1127
2018-05-30T09:45:00+05:30,2507.150000,2507.950000,2495.000000,2499.600000,563
2018-05-30T10:00:00+05:30,2499.600000,2508.450000,2495.000000,2499.900000,2961
2018-05-30T10:15:00+05:30,2499.900000,2500.000000,2497.000000,2497.000000,606
2018-05-30T10:30:00+05:30,2498.700000,2499.950000,2496.600000,2499.550000,836
2018-05-30T10:45:00+05:30,2499.550000,2500.000000,2496.750000,2499.950000,698
2018-05-30T11:00:00+05:30,2499.950000,2500.000000,2497.000000,2499.750000,347
2018-05-30T11:15:00+05:30,2499.750000,2500.000000,2493.050000,2497.000000,880
2018-05-30T11:30:00+05:30,2497.000000,2500.000000,2494.050000,2494.300000,1239
2018-05-30T11:45:00+05:30,2494.300000,2500.000000,2493.950000,2495.000000,2652
2018-05-30T12:00:00+05:30,2495.000000,2496.000000,2493.250000,2495.000000,344
2018-05-30T12:15:00+05:30,2495.000000,2495.000000,2486.000000,2494.000000,612
2018-05-30T12:30:00+05:30,2494.000000,2494.000000,2486.850000,2493.850000,477
2018-05-30T12:45:00+05:30,2493.850000,2495.000000,2490.250000,2495.000000,1097
2018-05-30T13:00:00+05:30,2495.000000,2495.000000,2492.200000,2494.950000,924
2018-05-30T13:15:00+05:30,2494.950000,2497.450000,2491.100000,2494.700000,1354
2018-05-30T13:30:00+05:30,2494.700000,2495.000000,2488.450000,2492.250000,1239
2018-05-30T13:45:00+05:30,2492.200000,2495.000000,2490.000000,2493.100000,1028
2018-05-30T14:00:00+05:30,2493.100000,2495.000000,2490.000000,2495.000000,834
2018-05-30T14:15:00+05:30,2495.000000,2495.050000,2488.550000,2490.000000,1382
2018-05-30T14:30:00+05:30,2490.000000,2492.000000,2488.900000,2492.000000,1065
2018-05-30T14:45:00+05:30,2492.000000,2493.000000,2487.000000,2489.350000,1197
2018-05-30T15:00:00+05:30,2489.350000,2490.150000,2481.950000,2490.000000,1427
2018-05-30T15:15:00+05:30,2490.000000,2490.150000,2480.000000,2485.000000,1871
2018-05-31T09:15:00+05:30,2510.050000,2520.000000,2468.350000,2471.100000,1503
2018-05-31T09:30:00+05:30,2471.100000,2478.500000,2465.000000,2475.150000,1096
2018-05-31T09:45:00+05:30,2475.150000,2478.550000,2465.850000,2471.050000,437
2018-05-31T10:00:00+05:30,2471.050000,2475.700000,2460.000000,2460.000000,884
2018-05-31T10:15:00+05:30,2460.000000,2467.000000,2456.100000,2458.500000,621
2018-05-31T10:30:00+05:30,2458.500000,2463.000000,2448.000000,2455.800000,3915
2018-05-31T10:45:00+05:30,2455.800000,2465.000000,2451.550000,2465.000000,470
2018-05-31T11:00:00+05:30,2465.000000,2470.000000,2459.850000,2461.050000,857
2018-05-31T11:15:00+05:30,2461.050000,2470.000000,2461.050000,2470.000000,245
2018-05-31T11:30:00+05:30,2470.000000,2470.000000,2450.000000,2456.000000,2372
2018-05-31T11:45:00+05:30,2458.000000,2469.050000,2457.000000,2457.000000,409
2018-05-31T12:00:00+05:30,2457.000000,2464.000000,2451.650000,2464.000000,115
2018-05-31T12:15:00+05:30,2464.000000,2464.000000,2451.650000,2458.850000,164
2018-05-31T12:30:00+05:30,2458.850000,2470.000000,2455.000000,2470.000000,726
2018-05-31T12:45:00+05:30,2470.000000,2470.000000,2460.050000,2467.950000,477
2018-05-31T13:00:00+05:30,2467.950000,2467.950000,2463.000000,2464.000000,544
2018-05-31T13:15:00+05:30,2464.000000,2467.000000,2462.000000,2462.000000,842
2018-05-31T13:30:00+05:30,2462.000000,2468.950000,2461.000000,2464.850000,418
2018-05-31T13:45:00+05:30,2464.850000,2467.650000,2462.000000,2462.050000,990
2018-05-31T14:00:00+05:30,2462.050000,2467.000000,2460.150000,2466.750000,2448
2018-05-31T14:15:00+05:30,2466.750000,2468.000000,2461.250000,2464.850000,2262
2018-05-31T14:30:00+05:30,2464.850000,2465.000000,2462.400000,2464.950000,1256
2018-05-31T14:45:00+05:30,2464.950000,2465.000000,2455.650000,2463.850000,1901
2018-05-31T15:00:00+05:30,2463.850000,2502.800000,2463.850000,2499.950000,12929
2018-05-31T15:15:00+05:30,2500.000000,2501.500000,2482.100000,2482.100000,5796
2018-06-01T09:15:00+05:30,2493.450000,2493.450000,2477.000000,2483.250000,523
2018-06-01T09:30:00+05:30,2483.250000,2499.000000,2477.100000,2497.050000,255
2018-06-01T09:45:00+05:30,2497.050000,2497.100000,2492.150000,2493.800000,61
2018-06-01T10:00:00+05:30,2493.800000,2493.800000,2480.000000,2480.000000,220
2018-06-01T10:15:00+05:30,2480.000000,2545.000000,2480.000000,2540.000000,2287
2018-06-01T10:30:00+05:30,2540.000000,2584.950000,2540.000000,2546.750000,7381
2018-06-01T10:45:00+05:30,2546.750000,2568.000000,2541.150000,2558.950000,1798
2018-06-01T11:00:00+05:30,2558.950000,2560.050000,2550.000000,2554.000000,496
2018-06-01T11:15:00+05:30,2554.000000,2554.000000,2541.000000,2553.950000,612
2018-06-01T11:30:00+05:30,2553.950000,2553.950000,2540.100000,2547.950000,698
2018-06-01T11:45:00+05:30,2547.950000,2549.000000,2527.250000,2535.000000,748
2018-06-01T12:00:00+05:30,2535.000000,2536.000000,2526.950000,2531.800000,533
2018-06-01T12:15:00+05:30,2531.800000,2546.000000,2531.800000,2541.550000,600
2018-06-01T12:30:00+05:30,2540.000000,2542.000000,2532.800000,2540.200000,395
2018-06-01T12:45:00+05:30,2540.200000,2559.000000,2540.200000,2556.650000,734
2018-06-01T13:00:00+05:30,2556.650000,2559.000000,2549.950000,2552.000000,855
2018-06-01T13:15:00+05:30,2552.000000,2580.150000,2548.850000,2561.050000,2303
2018-06-01T13:30:00+05:30,2561.050000,2598.150000,2557.000000,2594.650000,4470
2018-06-01T13:45:00+05:30,2590.100000,2590.450000,2565.500000,2565.500000,1326
2018-06-01T14:00:00+05:30,2565.500000,2575.000000,2562.450000,2570.000000,1228
2018-06-01T14:15:00+05:30,2570.000000,2593.000000,2567.950000,2588.750000,1980
2018-06-01T14:30:00+05:30,2588.750000,2614.950000,2565.000000,2565.000000,6492
2018-06-01T14:45:00+05:30,2565.000000,2592.000000,2565.000000,2579.500000,1682
2018-06-01T15:00:00+05:30,2579.500000,2587.950000,2566.700000,2566.700000,2324
2018-06-01T15:15:00+05:30,2565.000000,2569.950000,2531.000000,2540.000000,3294
2018-06-04T09:15:00+05:30,2565.000000,2629.000000,2565.000000,2622.400000,5068
2018-06-04T09:30:00+05:30,2622.400000,2650.000000,2600.000000,2601.450000,7368
2018-06-04T09:45:00+05:30,2601.450000,2610.350000,2600.000000,2607.950000,2114
2018-06-04T10:00:00+05:30,2607.000000,2616.950000,2603.000000,2616.000000,1821
2018-06-04T10:15:00+05:30,2616.000000,2630.000000,2612.550000,2626.000000,3010
2018-06-04T10:30:00+05:30,2626.000000,2626.000000,2615.000000,2619.000000,1271
2018-06-04T10:45:00+05:30,2619.000000,2623.800000,2600.050000,2605.250000,1466
2018-06-04T11:00:00+05:30,2605.250000,2615.550000,2602.300000,2604.150000,1461
2018-06-04T11:15:00+05:30,2604.150000,2609.800000,2600.000000,2607.950000,668
2018-06-04T11:30:00+05:30,2607.950000,2607.950000,2585.500000,2600.450000,4587
2018-06-04T11:45:00+05:30,2605.000000,2615.000000,2600.150000,2612.900000,1013
2018-06-04T12:00:00+05:30,2612.900000,2612.900000,2606.450000,2607.100000,708
2018-06-04T12:15:00+05:30,2611.000000,2611.000000,2607.000000,2609.950000,385
2018-06-04T12:30:00+05:30,2609.950000,2609.950000,2607.200000,2607.550000,406
2018-06-04T12:45:00+05:30,2607.550000,2611.150000,2602.000000,2607.650000,1010
2018-06-04T13:00:00+05:30,2607.650000,2607.950000,2605.000000,2607.550000,347
2018-06-04T13:15:00+05:30,2607.550000,2618.450000,2600.650000,2615.300000,1130
2018-06-04T13:30:00+05:30,2615.300000,2619.500000,2613.000000,2615.000000,1005
2018-06-04T13:45:00+05:30,2615.000000,2621.000000,2613.000000,2613.000000,1842
2018-06-04T14:00:00+05:30,2613.000000,2617.950000,2600.050000,2603.700000,2294
2018-06-04T14:15:00+05:30,2603.700000,2610.000000,2602.000000,2609.000000,1278
2018-06-04T14:30:00+05:30,2609.000000,2609.000000,2595.000000,2597.550000,1018
2018-06-04T14:45:00+05:30,2597.550000,2609.000000,2595.000000,2601.100000,2068
2018-06-04T15:00:00+05:30,2601.100000,2609.000000,2599.000000,2602.150000,1823
2018-06-04T15:15:00+05:30,2602.150000,2615.900000,2598.300000,2600.000000,3817
2018-06-05T09:15:00+05:30,2650.000000,2650.000000,2612.050000,2630.000000,4541
2018-06-05T09:30:00+05:30,2632.300000,2634.000000,2620.050000,2625.000000,1691
2018-06-05T09:45:00+05:30,2625.000000,2627.000000,2620.050000,2621.500000,605
2018-06-05T10:00:00+05:30,2621.500000,2626.000000,2621.050000,2621.050000,596
2018-06-05T10:15:00+05:30,2624.950000,2624.950000,2602.000000,2605.000000,3839
2018-06-05T10:30:00+05:30,2605.000000,2614.000000,2605.000000,2609.000000,528
2018-06-05T10:45:00+05:30,2609.000000,2609.000000,2600.000000,2603.000000,1280
2018-06-05T11:00:00+05:30,2600.050000,2600.050000,2572.000000,2585.150000,1513
2018-06-05T11:15:00+05:30,2585.150000,2589.950000,2582.000000,2584.100000,1726
2018-06-05T11:30:00+05:30,2584.100000,2600.000000,2584.100000,2591.800000,1434
2018-06-05T11:45:00+05:30,2591.800000,2598.750000,2590.000000,2595.400000,163
2018-06-05T12:00:00+05:30,2598.000000,2599.900000,2590.000000,2596.500000,492
2018-06-05T12:15:00+05:30,2596.500000,2596.500000,2583.000000,2587.900000,886
2018-06-05T12:30:00+05:30,2587.900000,2591.650000,2583.450000,2588.900000,251
2018-06-05T12:45:00+05:30,2588.900000,2595.400000,2584.000000,2595.400000,590
2018-06-05T13:00:00+05:30,2596.900000,2596.900000,2585.000000,2590.900000,167
2018-06-05T13:15:00+05:30,2590.900000,2595.000000,2586.550000,2592.050000,179
2018-06-05T13:30:00+05:30,2592.050000,2592.050000,2575.500000,2580.000000,1320
2018-06-05T13:45:00+05:30,2580.000000,2584.900000,2555.500000,2560.500000,782
2018-06-05T14:00:00+05:30,2560.500000,2567.700000,2555.900000,2565.000000,354
2018-06-05T14:15:00+05:30,2565.000000,2565.150000,2557.000000,2560.000000,305
2018-06-05T14:30:00+05:30,2560.000000,2565.000000,2550.300000,2560.150000,1530
2018-06-05T14:45:00+05:30,2563.750000,2564.800000,2560.450000,2564.500000,772
2018-06-05T15:00:00+05:30,2564.800000,2564.800000,2522.200000,2535.000000,2353
2018-06-05T15:15:00+05:30,2535.000000,2537.000000,2515.200000,2525.050000,2819
2018-06-06T09:15:00+05:30,2530.000000,2532.100000,2491.400000,2508.250000,1756
2018-06-06T09:30:00+05:30,2508.250000,2514.950000,2475.650000,2484.900000,2363
2018-06-06T09:45:00+05:30,2482.650000,2500.000000,2478.650000,2498.000000,1120
2018-06-06T10:00:00+05:30,2498.000000,2504.950000,2490.850000,2504.900000,1367
2018-06-06T10:15:00+05:30,2504.900000,2504.900000,2490.000000,2490.900000,470
2018-06-06T10:30:00+05:30,2490.900000,2498.000000,2483.750000,2490.000000,691
2018-06-06T10:45:00+05:30,2490.000000,2495.000000,2484.000000,2491.300000,486
2018-06-06T11:00:00+05:30,2491.300000,2492.000000,2486.350000,2491.900000,131
2018-06-06T11:15:00+05:30,2491.900000,2492.000000,2489.050000,2491.000000,140
2018-06-06T11:30:00+05:30,2491.900000,2504.900000,2490.250000,2500.000000,456
2018-06-06T11:45:00+05:30,2500.000000,2500.050000,2490.600000,2498.750000,367
2018-06-06T12:00:00+05:30,2498.750000,2499.800000,2490.000000,2499.800000,258
2018-06-06T12:15:00+05:30,2499.800000,2519.000000,2496.700000,2502.550000,1941
2018-06-06T12:30:00+05:30,2502.300000,2538.000000,2498.000000,2538.000000,2766
2018-06-06T12:45:00+05:30,2538.000000,2538.900000,2510.650000,2510.650000,1188
2018-06-06T13:00:00+05:30,2510.650000,2528.950000,2510.050000,2527.000000,1562
2018-06-06T13:15:00+05:30,2527.000000,2533.450000,2527.000000,2528.000000,339
2018-06-06T13:30:00+05:30,2528.000000,2533.400000,2527.750000,2529.600000,312
2018-06-06T13:45:00+05:30,2529.600000,2547.400000,2525.000000,2547.300000,1152
2018-06-06T14:00:00+05:30,2547.300000,2549.000000,2532.200000,2548.500000,1117
2018-06-06T14:15:00+05:30,2548.500000,2548.800000,2540.000000,2540.000000,423
2018-06-06T14:30:00+05:30,2540.000000,2549.850000,2512.000000,2545.500000,1208
2018-06-06T14:45:00+05:30,2545.500000,2550.000000,2541.100000,2546.600000,1885
2018-06-06T15:00:00+05:30,2546.600000,2560.000000,2535.000000,2557.000000,1399
2018-06-06T15:15:00+05:30,2557.000000,2572.000000,2550.000000,2572.000000,2821
2018-06-07T09:15:00+05:30,2530.250000,2590.000000,2530.250000,2590.000000,1535
2018-06-07T09:30:00+05:30,2594.750000,2595.000000,2585.000000,2591.550000,726
2018-06-07T09:45:00+05:30,2591.550000,2591.550000,2575.000000,2580.000000,575
2018-06-07T10:00:00+05:30,2580.000000,2580.000000,2575.100000,2575.100000,316
2018-06-07T10:15:00+05:30,2580.000000,2580.000000,2573.400000,2575.000000,526
2018-06-07T10:30:00+05:30,2575.000000,2575.000000,2560.000000,2568.050000,682
2018-06-07T10:45:00+05:30,2568.050000,2575.000000,2556.000000,2562.000000,1505
2018-06-07T11:00:00+05:30,2562.000000,2562.200000,2540.000000,2547.000000,399
2018-06-07T11:15:00+05:30,2547.000000,2571.250000,2543.050000,2569.800000,465
2018-06-07T11:30:00+05:30,2569.800000,2578.000000,2563.700000,2566.800000,727
2018-06-07T11:45:00+05:30,2566.800000,2575.000000,2566.800000,2574.900000,197
2018-06-07T12:00:00+05:30,2574.900000,2575.000000,2568.850000,2571.900000,166
2018-06-07T12:15:00+05:30,2571.900000,2577.650000,2568.850000,2571.900000,311
2018-06-07T12:30:00+05:30,2571.900000,2575.000000,2568.000000,2574.900000,347
2018-06-07T12:45:00+05:30,2574.900000,2575.000000,2558.450000,2563.650000,385
2018-06-07T13:00:00+05:30,2563.650000,2568.000000,2561.500000,2561.900000,91
2018-06-07T13:15:00+05:30,2561.900000,2575.000000,2561.500000,2572.950000,947
2018-06-07T13:30:00+05:30,2572.950000,2574.900000,2565.500000,2572.750000,382
2018-06-07T13:45:00+05:30,2572.750000,2574.900000,2566.000000,2570.000000,522
2018-06-07T14:00:00+05:30,2570.000000,2574.900000,2566.000000,2568.200000,431
2018-06-07T14:15:00+05:30,2568.200000,2574.000000,2566.350000,2570.800000,888
2018-06-07T14:30:00+05:30,2570.800000,2574.800000,2566.300000,2571.000000,631
2018-06-07T14:45:00+05:30,2571.000000,2574.700000,2567.800000,2572.300000,498
2018-06-07T15:00:00+05:30,2572.300000,2575.000000,2567.000000,2569.950000,1190
2018-06-07T15:15:00+05:30,2567.000000,2569.950000,2550.200000,2552.000000,1294
2018-06-08T09:15:00+05:30,2554.000000,2572.000000,2547.250000,2572.000000,605
2018-06-08T09:30:00+05:30,2572.000000,2586.950000,2572.000000,2585.050000,683
2018-06-08T09:45:00+05:30,2592.100000,2638.700000,2585.650000,2605.100000,3362
2018-06-08T10:00:00+05:30,2605.100000,2619.000000,2605.100000,2618.000000,709
2018-06-08T10:15:00+05:30,2618.000000,2630.000000,2611.100000,2613.250000,1615
2018-06-08T10:30:00+05:30,2613.250000,2622.950000,2612.150000,2618.100000,1816
2018-06-08T10:45:00+05:30,2612.200000,2618.100000,2605.300000,2611.150000,854
2018-06-08T11:00:00+05:30,2611.150000,2619.900000,2606.150000,2607.950000,474
2018-06-08T11:15:00+05:30,2607.950000,2611.900000,2605.100000,2607.550000,237
2018-06-08T11:30:00+05:30,2607.550000,2614.000000,2607.550000,2612.000000,396
2018-06-08T11:45:00+05:30,2612.000000,2614.000000,2612.000000,2612.500000,335
2018-06-08T12:00:00+05:30,2612.500000,2614.000000,2612.000000,2612.800000,161
2018-06-08T12:15:00+05:30,2612.000000,2614.000000,2605.250000,2608.750000,502
2018-06-08T12:30:00+05:30,2608.750000,2611.750000,2605.150000,2605.150000,549
2018-06-08T12:45:00+05:30,2605.150000,2608.450000,2601.000000,2605.150000,724
2018-06-08T13:00:00+05:30,2605.150000,2623.000000,2605.150000,2615.700000,1495
2018-06-08T13:15:00+05:30,2615.700000,2624.950000,2615.650000,2622.700000,701
2018-06-08T13:30:00+05:30,2622.700000,2624.700000,2620.000000,2624.550000,532
2018-06-08T13:45:00+05:30,2621.700000,2625.000000,2620.400000,2622.350000,1024
2018-06-08T14:00:00+05:30,2622.350000,2624.000000,2620.200000,2620.500000,442
2018-06-08T14:15:00+05:30,2621.000000,2623.200000,2618.300000,2623.200000,729
2018-06-08T14:30:00+05:30,2623.200000,2625.000000,2620.100000,2620.550000,1187
2018-06-08T14:45:00+05:30,2620.550000,2623.900000,2620.000000,2621.300000,418
2018-06-08T15:00:00+05:30,2621.300000,2636.000000,2618.550000,2636.000000,3823
2018-06-08T15:15:00+05:30,2636.000000,2638.700000,2605.000000,2605.000000,2753
2018-06-11T09:15:00+05:30,2640.000000,2672.850000,2640.000000,2651.000000,2230
2018-06-11T09:30:00+05:30,2651.000000,2654.800000,2635.000000,2641.000000,962
2018-06-11T09:45:00+05:30,2641.000000,2641.000000,2632.000000,2641.000000,507
2018-06-11T10:00:00+05:30,2641.400000,2641.400000,2628.200000,2628.250000,910
2018-06-11T10:15:00+05:30,2628.250000,2635.000000,2628.200000,2632.050000,244
2018-06-11T10:30:00+05:30,2632.050000,2644.950000,2631.150000,2644.950000,444
2018-06-11T10:45:00+05:30,2644.950000,2644.950000,2636.800000,2636.800000,233
2018-06-11T11:00:00+05:30,2636.800000,2638.200000,2635.100000,2635.100000,146
2018-06-11T11:15:00+05:30,2635.100000,2641.000000,2635.100000,2639.850000,55
2018-06-11T11:30:00+05:30,2639.850000,2640.350000,2635.000000,2635.000000,237
2018-06-11T11:45:00+05:30,2635.000000,2642.000000,2635.000000,2642.000000,267
2018-06-11T12:00:00+05:30,2642.000000,2642.000000,2635.100000,2635.100000,85
2018-06-11T12:15:00+05:30,2638.550000,2641.800000,2635.100000,2638.800000,204
2018-06-11T12:30:00+05:30,2638.800000,2638.800000,2635.100000,2635.100000,37
2018-06-11T12:45:00+05:30,2635.100000,2640.000000,2635.000000,2640.000000,284
2018-06-11T13:00:00+05:30,2640.000000,2645.000000,2640.000000,2640.050000,499
2018-06-11T13:15:00+05:30,2640.050000,2643.800000,2635.000000,2635.000000,242
2018-06-11T13:30:00+05:30,2635.000000,2643.900000,2635.000000,2640.000000,96
2018-06-11T13:45:00+05:30,2640.000000,2648.000000,2640.000000,2643.000000,676
2018-06-11T14:00:00+05:30,2643.000000,2643.000000,2627.000000,2630.000000,168
2018-06-11T14:15:00+05:30,2630.000000,2630.000000,2610.000000,2626.100000,545
2018-06-11T14:30:00+05:30,2626.100000,2639.350000,2623.050000,2635.000000,398
2018-06-11T14:45:00+05:30,2635.000000,2645.000000,2618.250000,2645.000000,1445
2018-06-11T15:00:00+05:30,2640.000000,2653.900000,2635.000000,2644.000000,2506
2018-06-11T15:15:00+05:30,2644.000000,2644.500000,2625.000000,2625.050000,2046
2018-06-12T09:15:00+05:30,2641.000000,2641.000000,2615.000000,2626.500000,491
2018-06-12T09:30:00+05:30,2626.500000,2630.000000,2622.550000,2626.400000,615
2018-06-12T09:45:00+05:30,2626.400000,2630.500000,2623.000000,2630.000000,507
2018-06-12T10:00:00+05:30,2630.000000,2630.350000,2624.600000,2630.000000,697
2018-06-12T10:15:00+05:30,2630.000000,2630.000000,2624.000000,2629.700000,399
2018-06-12T10:30:00+05:30,2629.700000,2629.950000,2623.100000,2625.250000,247
2018-06-12T10:45:00+05:30,2625.100000,2630.000000,2625.000000,2630.000000,305
2018-06-12T11:00:00+05:30,2629.950000,2630.000000,2625.000000,2629.900000,358
2018-06-12T11:15:00+05:30,2629.900000,2630.050000,2625.800000,2630.000000,410
2018-06-12T11:30:00+05:30,2630.000000,2631.400000,2627.000000,2628.550000,293
2018-06-12T11:45:00+05:30,2628.550000,2630.000000,2628.000000,2629.900000,267
2018-06-12T12:00:00+05:30,2629.900000,2630.000000,2623.000000,2629.900000,526
2018-06-12T12:15:00+05:30,2629.900000,2630.000000,2624.100000,2625.650000,282
2018-06-12T12:30:00+05:30,2625.650000,2629.900000,2625.000000,2629.750000,313
2018-06-12T12:45:00+05:30,2629.750000,2629.950000,2625.300000,2629.950000,371
2018-06-12T13:00:00+05:30,2629.950000,2630.000000,2625.550000,2630.000000,607
2018-06-12T13:15:00+05:30,2630.000000,2630.000000,2627.100000,2630.000000,632
2018-06-12T13:30:00+05:30,2630.000000,2635.000000,2627.550000,2629.950000,845
2018-06-12T13:45:00+05:30,2628.000000,2630.000000,2627.050000,2629.950000,1090
2018-06-12T14:00:00+05:30,2629.950000,2630.000000,2627.150000,2630.000000,1195
2018-06-12T14:15:00+05:30,2630.000000,2631.400000,2621.100000,2629.900000,1475
2018-06-12T14:30:00+05:30,2629.900000,2630.050000,2627.000000,2630.000000,1035
2018-06-12T14:45:00+05:30,2628.550000,2630.000000,2624.050000,2630.000000,1517
2018-06-12T15:00:00+05:30,2630.000000,2630.000000,2612.350000,2620.000000,3071
2018-06-12T15:15:00+05:30,2620.000000,2625.000000,2616.300000,2624.000000,1594
2018-06-13T09:15:00+05:30,2623.450000,2638.250000,2623.450000,2628.950000,191
2018-06-13T09:30:00+05:30,2625.750000,2630.000000,2613.050000,2625.050000,755
2018-06-13T09:45:00+05:30,2625.050000,2625.050000,2621.000000,2621.500000,155
2018-06-13T10:00:00+05:30,2621.500000,2624.000000,2611.250000,2614.950000,258
2018-06-13T10:15:00+05:30,2614.950000,2624.000000,2613.200000,2619.950000,273
2018-06-13T10:30:00+05:30,2619.950000,2620.000000,2610.000000,2615.150000,351
2018-06-13T10:45:00+05:30,2615.150000,2617.000000,2605.350000,2611.450000,211
2018-06-13T11:00:00+05:30,2611.450000,2612.000000,2605.750000,2608.800000,26
2018-06-13T11:15:00+05:30,2606.100000,2612.800000,2606.100000,2610.000000,114
2018-06-13T11:30:00+05:30,2612.550000,2615.000000,2608.950000,2609.000000,275
2018-06-13T11:45:00+05:30,2609.000000,2610.000000,2606.100000,2606.150000,113
2018-06-13T12:00:00+05:30,2606.150000,2609.850000,2599.000000,2599.000000,685
2018-06-13T12:15:00+05:30,2598.000000,2605.150000,2596.500000,2597.000000,108
2018-06-13T12:30:00+05:30,2597.000000,2600.000000,2597.000000,2600.000000,102
2018-06-13T12:45:00+05:30,2600.000000,2625.850000,2600.000000,2625.850000,1792
2018-06-13T13:00:00+05:30,2626.000000,2630.000000,2621.050000,2628.500000,1697
2018-06-13T13:15:00+05:30,2628.500000,2628.500000,2624.000000,2626.900000,782
2018-06-13T13:30:00+05:30,2626.900000,2626.900000,2622.050000,2625.500000,367
2018-06-13T13:45:00+05:30,2625.500000,2627.900000,2623.000000,2626.950000,688
2018-06-13T14:00:00+05:30,2626.950000,2627.950000,2623.100000,2625.500000,418
2018-06-13T14:15:00+05:30,2626.500000,2626.500000,2623.500000,2625.950000,333
2018-06-13T14:30:00+05:30,2625.950000,2625.950000,2618.250000,2623.900000,443
2018-06-13T14:45:00+05:30,2623.950000,2623.950000,2620.000000,2623.750000,575
2018-06-13T15:00:00+05:30,2623.750000,2625.000000,2620.000000,2620.000000,1201
2018-06-13T15:15:00+05:30,2615.650000,2619.950000,2600.000000,2600.000000,1212
2018-06-14T09:15:00+05:30,2624.500000,2635.000000,2616.000000,2630.000000,1002
2018-06-14T09:30:00+05:30,2630.000000,2633.000000,2613.850000,2616.100000,1245
2018-06-14T09:45:00+05:30,2616.100000,2625.000000,2615.250000,2615.250000,662
2018-06-14T10:00:00+05:30,2615.250000,2621.350000,2615.250000,2615.250000,199
2018-06-14T10:15:00+05:30,2615.250000,2620.000000,2605.650000,2606.000000,616
2018-06-14T10:30:00+05:30,2607.500000,2616.000000,2590.000000,2597.000000,1431
2018-06-14T10:45:00+05:30,2598.000000,2603.500000,2595.150000,2603.500000,839
2018-06-14T11:00:00+05:30,2603.500000,2603.500000,2591.050000,2591.850000,670
2018-06-14T11:15:00+05:30,2591.850000,2599.000000,2591.850000,2592.900000,375
2018-06-14T11:30:00+05:30,2593.450000,2595.000000,2585.200000,2590.000000,457
2018-06-14T11:45:00+05:30,2590.000000,2599.000000,2590.000000,2599.000000,230
2018-06-14T12:00:00+05:30,2597.250000,2599.000000,2596.500000,2599.000000,119
2018-06-14T12:15:00+05:30,2599.000000,2599.750000,2595.000000,2597.850000,319
2018-06-14T12:30:00+05:30,2597.850000,2599.000000,2593.700000,2595.000000,344
2018-06-14T12:45:00+05:30,2595.000000,2598.950000,2594.000000,2598.950000,705
2018-06-14T13:00:00+05:30,2598.950000,2603.000000,2597.300000,2598.400000,1112
2018-06-14T13:15:00+05:30,2598.400000,2602.950000,2598.400000,2600.000000,814
2018-06-14T13:30:00+05:30,2600.000000,2601.500000,2599.050000,2600.000000,1249
2018-06-14T13:45:00+05:30,2600.000000,2600.000000,2599.150000,2600.000000,851
2018-06-14T14:00:00+05:30,2600.000000,2602.950000,2599.550000,2600.000000,860
2018-06-14T14:15:00+05:30,2600.000000,2603.350000,2599.700000,2600.000000,879
2018-06-14T14:30:00+05:30,2600.000000,2602.850000,2599.950000,2600.000000,778
2018-06-14T14:45:00+05:30,2600.000000,2602.700000,2599.750000,2600.000000,1151
2018-06-14T15:00:00+05:30,2599.950000,2602.500000,2597.000000,2597.000000,1677
2018-06-14T15:15:00+05:30,2597.000000,2600.350000,2588.150000,2600.000000,1820
2018-06-15T09:15:00+05:30,2592.500000,2600.000000,2585.000000,2591.100000,696
2018-06-15T09:30:00+05:30,2591.100000,2591.200000,2585.800000,2586.800000,282
2018-06-15T09:45:00+05:30,2586.750000,2595.000000,2585.850000,2593.300000,99
2018-06-15T10:00:00+05:30,2593.300000,2598.250000,2593.300000,2595.150000,185
2018-06-15T10:15:00+05:30,2595.150000,2598.150000,2595.150000,2597.000000,105
2018-06-15T10:30:00+05:30,2597.000000,2599.700000,2595.150000,2599.700000,315
2018-06-15T10:45:00+05:30,2599.700000,2600.000000,2595.400000,2595.450000,239
2018-06-15T11:00:00+05:30,2595.450000,2600.000000,2595.400000,2599.800000,834
2018-06-15T11:15:00+05:30,2599.950000,2599.950000,2596.300000,2596.300000,41
2018-06-15T11:30:00+05:30,2596.300000,2599.000000,2595.400000,2598.000000,182
2018-06-15T11:45:00+05:30,2598.000000,2599.350000,2595.100000,2595.350000,330
2018-06-15T12:00:00+05:30,2595.350000,2595.350000,2580.000000,2580.000000,1738
2018-06-15T12:15:00+05:30,2580.000000,2580.000000,2566.000000,2580.000000,566
2018-06-15T12:30:00+05:30,2580.000000,2589.950000,2579.000000,2588.400000,367
2018-06-15T12:45:00+05:30,2588.400000,2593.300000,2585.000000,2592.900000,457
2018-06-15T13:00:00+05:30,2592.900000,2592.900000,2580.700000,2580.700000,289
2018-06-15T13:15:00+05:30,2580.700000,2595.000000,2580.050000,2594.000000,279
2018-06-15T13:30:00+05:30,2593.250000,2598.600000,2590.200000,2592.900000,289
2018-06-15T13:45:00+05:30,2592.900000,2598.000000,2592.900000,2594.000000,498
2018-06-15T14:00:00+05:30,2593.950000,2593.950000,2574.550000,2589.950000,1789
2018-06-15T14:15:00+05:30,2589.950000,2589.950000,2574.550000,2578.950000,582
2018-06-15T14:30:00+05:30,2578.950000,2588.000000,2575.000000,2586.200000,452
2018-06-15T14:45:00+05:30,2586.200000,2595.000000,2585.200000,2595.000000,283
2018-06-15T15:00:00+05:30,2595.000000,2595.000000,2570.600000,2581.000000,1965
2018-06-15T15:15:00+05:30,2580.100000,2585.000000,2570.000000,2571.000000,2326
2018-06-18T09:15:00+05:30,2600.000000,2610.000000,2590.300000,2598.900000,398
2018-06-18T09:30:00+05:30,2598.950000,2600.000000,2590.300000,2594.000000,633
2018-06-18T09:45:00+05:30,2594.000000,2594.850000,2590.300000,2594.000000,124
2018-06-18T10:00:00+05:30,2594.000000,2594.000000,2581.100000,2585.000000,368
2018-06-18T10:15:00+05:30,2585.000000,2591.950000,2585.000000,2590.000000,26
2018-06-18T10:30:00+05:30,2590.000000,2592.950000,2586.150000,2586.350000,106
2018-06-18T10:45:00+05:30,2586.350000,2589.950000,2584.000000,2584.000000,196
2018-06-18T11:00:00+05:30,2584.000000,2588.000000,2582.050000,2588.000000,48
2018-06-18T11:15:00+05:30,2588.000000,2588.000000,2585.050000,2587.900000,16
2018-06-18T11:30:00+05:30,2587.900000,2588.000000,2585.000000,2588.000000,71
2018-06-18T11:45:00+05:30,2588.000000,2588.000000,2584.100000,2587.850000,389
2018-06-18T12:00:00+05:30,2587.850000,2589.950000,2585.000000,2589.950000,105
2018-06-18T12:15:00+05:30,2589.950000,2589.950000,2589.800000,2589.800000,9
2018-06-18T12:30:00+05:30,2589.800000,2589.950000,2586.150000,2589.950000,111
2018-06-18T12:45:00+05:30,2589.950000,2598.950000,2589.900000,2598.450000,610
2018-06-18T13:00:00+05:30,2598.450000,2599.950000,2595.000000,2599.850000,631
2018-06-18T13:15:00+05:30,2599.850000,2600.000000,2596.400000,2599.500000,668
2018-06-18T13:30:00+05:30,2599.500000,2600.000000,2598.050000,2599.000000,564
2018-06-18T13:45:00+05:30,2599.000000,2600.000000,2596.100000,2600.000000,455
2018-06-18T14:00:00+05:30,2598.000000,2600.000000,2598.000000,2600.000000,636
2018-06-18T14:15:00+05:30,2598.300000,2600.000000,2596.100000,2600.000000,357
2018-06-18T14:30:00+05:30,2600.000000,2600.000000,2596.550000,2600.000000,449
2018-06-18T14:45:00+05:30,2600.000000,2600.000000,2598.050000,2600.000000,738
2018-06-18T15:00:00+05:30,2598.000000,2600.000000,2590.200000,2593.000000,836
2018-06-18T15:15:00+05:30,2590.500000,2605.000000,2590.500000,2600.000000,1070
2018-06-19T09:15:00+05:30,2599.100000,2599.100000,2591.800000,2594.700000,341
2018-06-19T09:30:00+05:30,2594.700000,2596.950000,2590.600000,2590.600000,125
2018-06-19T09:45:00+05:30,2587.850000,2597.350000,2587.850000,2595.000000,514
2018-06-19T10:00:00+05:30,2595.000000,2602.000000,2594.900000,2600.000000,1111
2018-06-19T10:15:00+05:30,2600.000000,2602.800000,2598.000000,2599.200000,4427
2018-06-19T10:30:00+05:30,2599.200000,2600.000000,2598.150000,2600.000000,757
2018-06-19T10:45:00+05:30,2600.000000,2600.000000,2599.000000,2600.000000,677
2018-06-19T11:00:00+05:30,2600.000000,2600.000000,2598.000000,2598.000000,1056
2018-06-19T11:15:00+05:30,2597.000000,2598.000000,2590.600000,2592.100000,334
2018-06-19T11:30:00+05:30,2592.100000,2596.950000,2592.100000,2592.850000,29
2018-06-19T11:45:00+05:30,2592.850000,2598.000000,2592.800000,2598.000000,376
2018-06-19T12:00:00+05:30,2598.000000,2600.000000,2595.100000,2595.100000,2143
2018-06-19T12:15:00+05:30,2595.100000,2599.800000,2595.100000,2599.000000,481
2018-06-19T12:30:00+05:30,2599.000000,2599.850000,2595.550000,2595.550000,423
2018-06-19T12:45:00+05:30,2595.550000,2599.850000,2595.550000,2596.000000,368
2018-06-19T13:00:00+05:30,2596.000000,2599.500000,2595.500000,2598.950000,645
2018-06-19T13:15:00+05:30,2598.950000,2599.450000,2596.000000,2597.000000,408
2018-06-19T13:30:00+05:30,2597.000000,2599.850000,2597.000000,2599.750000,256
2018-06-19T13:45:00+05:30,2599.750000,2600.000000,2597.600000,2599.900000,970
2018-06-19T14:00:00+05:30,2599.900000,2599.900000,2598.100000,2599.900000,299
2018-06-19T14:15:00+05:30,2599.900000,2600.000000,2597.050000,2598.200000,501
2018-06-19T14:30:00+05:30,2598.200000,2600.000000,2598.200000,2600.000000,251
2018-06-19T14:45:00+05:30,2600.000000,2600.000000,2599.000000,2599.000000,646
2018-06-19T15:00:00+05:30,2599.000000,2599.950000,2593.450000,2594.000000,765
2018-06-19T15:15:00+05:30,2594.100000,2600.000000,2594.050000,2599.000000,2324
2018-06-20T09:15:00+05:30,2608.000000,2638.000000,2608.000000,2623.050000,3291
2018-06-20T09:30:00+05:30,2623.050000,2654.000000,2623.050000,2649.000000,7526
2018-06-20T09:45:00+05:30,2649.000000,2651.950000,2642.000000,2645.000000,5323
2018-06-20T10:00:00+05:30,2646.000000,2650.000000,2640.050000,2650.000000,3385
2018-06-20T10:15:00+05:30,2650.000000,2650.000000,2646.200000,2647.950000,257
2018-06-20T10:30:00+05:30,2646.300000,2650.000000,2646.250000,2649.950000,467
2018-06-20T10:45:00+05:30,2649.950000,2649.950000,2646.300000,2647.900000,404
2018-06-20T11:00:00+05:30,2647.900000,2650.000000,2646.350000,2650.000000,1681
2018-06-20T11:15:00+05:30,2650.000000,2650.000000,2648.000000,2650.000000,846
2018-06-20T11:30:00+05:30,2650.000000,2650.000000,2647.000000,2649.000000,290
2018-06-20T11:45:00+05:30,2649.000000,2649.000000,2647.150000,2649.000000,390
2018-06-20T12:00:00+05:30,2649.000000,2649.900000,2647.650000,2648.000000,114
2018-06-20T12:15:00+05:30,2648.050000,2650.000000,2647.000000,2650.000000,1307
2018-06-20T12:30:00+05:30,2650.000000,2650.000000,2634.000000,2640.100000,2782
2018-06-20T12:45:00+05:30,2640.100000,2649.000000,2637.300000,2648.950000,2191
2018-06-20T13:00:00+05:30,2648.950000,2649.850000,2647.050000,2649.450000,496
2018-06-20T13:15:00+05:30,2649.450000,2650.000000,2647.000000,2650.000000,785
2018-06-20T13:30:00+05:30,2650.000000,2653.800000,2645.550000,2650.000000,3087
2018-06-20T13:45:00+05:30,2650.000000,2650.000000,2646.950000,2649.000000,1197
2018-06-20T14:00:00+05:30,2649.000000,2649.900000,2645.000000,2649.450000,649
2018-06-20T14:15:00+05:30,2649.450000,2649.500000,2647.000000,2647.000000,359
2018-06-20T14:30:00+05:30,2647.000000,2660.000000,2646.600000,2648.000000,7239
2018-06-20T14:45:00+05:30,2647.400000,2648.000000,2631.500000,2639.950000,2923
2018-06-20T15:00:00+05:30,2639.950000,2639.950000,2618.000000,2619.250000,3066
2018-06-20T15:15:00+05:30,2620.000000,2624.900000,2590.000000,2590.000000,5600
2018-06-21T09:15:00+05:30,2610.050000,2610.050000,2591.000000,2598.050000,1244
2018-06-21T09:30:00+05:30,2595.600000,2599.400000,2582.050000,2586.950000,874
2018-06-21T09:45:00+05:30,2586.950000,2598.000000,2586.900000,2596.450000,173
2018-06-21T10:00:00+05:30,2596.450000,2598.000000,2593.650000,2595.250000,321
2018-06-21T10:15:00+05:30,2595.250000,2597.450000,2590.900000,2591.000000,215
2018-06-21T10:30:00+05:30,2591.000000,2591.000000,2583.900000,2583.900000,180
2018-06-21T10:45:00+05:30,2583.900000,2598.350000,2583.900000,2598.150000,571
2018-06-21T11:00:00+05:30,2598.150000,2600.000000,2594.400000,2596.300000,851
2018-06-21T11:15:00+05:30,2596.300000,2600.000000,2596.300000,2599.450000,1378
2018-06-21T11:30:00+05:30,2599.450000,2599.450000,2595.000000,2595.000000,100
2018-06-21T11:45:00+05:30,2595.000000,2600.000000,2595.000000,2600.000000,311
2018-06-21T12:00:00+05:30,2600.000000,2600.000000,2583.350000,2585.000000,1361
2018-06-21T12:15:00+05:30,2585.000000,2588.200000,2563.250000,2579.900000,1383
2018-06-21T12:30:00+05:30,2578.500000,2583.100000,2566.100000,2577.800000,579
2018-06-21T12:45:00+05:30,2577.800000,2591.050000,2574.150000,2587.800000,479
2018-06-21T13:00:00+05:30,2587.800000,2594.000000,2587.050000,2594.000000,340
2018-06-21T13:15:00+05:30,2594.900000,2596.050000,2587.000000,2595.750000,401
2018-06-21T13:30:00+05:30,2595.750000,2597.650000,2590.900000,2590.900000,631
2018-06-21T13:45:00+05:30,2590.900000,2595.650000,2583.200000,2587.100000,223
2018-06-21T14:00:00+05:30,2590.000000,2595.000000,2590.000000,2594.650000,245
2018-06-21T14:15:00+05:30,2594.650000,2594.850000,2586.050000,2589.800000,323
2018-06-21T14:30:00+05:30,2589.800000,2591.000000,2582.050000,2587.950000,307
2018-06-21T14:45:00+05:30,2587.950000,2589.950000,2580.000000,2582.900000,618
2018-06-21T15:00:00+05:30,2582.900000,2589.850000,2575.650000,2576.200000,1184
2018-06-21T15:15:00+05:30,2577.800000,2595.850000,2567.050000,2567.050000,2051
2018-06-22T09:15:00+05:30,2583.550000,2589.800000,2583.550000,2588.150000,235
2018-06-22T09:30:00+05:30,2588.150000,2594.850000,2585.050000,2585.050000,720
2018-06-22T09:45:00+05:30,2587.950000,2587.950000,2585.000000,2586.000000,120
2018-06-22T10:00:00+05:30,2588.450000,2597.500000,2585.050000,2594.850000,1567
2018-06-22T10:15:00+05:30,2594.850000,2594.850000,2592.000000,2594.000000,157
2018-06-22T10:30:00+05:30,2592.650000,2598.350000,2590.100000,2596.250000,1303
2018-06-22T10:45:00+05:30,2596.250000,2598.950000,2594.000000,2596.950000,970
2018-06-22T11:00:00+05:30,2596.950000,2596.950000,2594.000000,2594.600000,251
2018-06-22T11:15:00+05:30,2594.600000,2596.950000,2590.550000,2590.550000,174
2018-06-22T11:30:00+05:30,2590.550000,2592.300000,2590.000000,2590.000000,390
2018-06-22T11:45:00+05:30,2590.000000,2595.000000,2588.850000,2595.000000,403
2018-06-22T12:00:00+05:30,2595.000000,2598.950000,2595.000000,2598.950000,304
2018-06-22T12:15:00+05:30,2598.950000,2598.950000,2596.950000,2597.250000,191
2018-06-22T12:30:00+05:30,2597.250000,2599.650000,2597.250000,2598.250000,263
2018-06-22T12:45:00+05:30,2598.250000,2599.950000,2597.000000,2598.250000,269
2018-06-22T13:00:00+05:30,2598.250000,2599.950000,2598.250000,2599.950000,392
2018-06-22T13:15:00+05:30,2599.950000,2600.050000,2597.000000,2600.000000,3747
2018-06-22T13:30:00+05:30,2600.000000,2600.000000,2597.050000,2599.950000,94
2018-06-22T13:45:00+05:30,2599.950000,2602.300000,2595.350000,2600.000000,3309
2018-06-22T14:00:00+05:30,2600.000000,2602.350000,2599.500000,2600.000000,1548
2018-06-22T14:15:00+05:30,2600.000000,2601.900000,2595.300000,2598.650000,1058
2018-06-22T14:30:00+05:30,2598.650000,2601.800000,2598.650000,2600.000000,765
2018-06-22T14:45:00+05:30,2599.400000,2601.700000,2599.250000,2600.000000,1089
2018-06-22T15:00:00+05:30,2600.000000,2600.000000,2585.750000,2598.350000,2300
2018-06-22T15:15:00+05:30,2598.350000,2601.700000,2595.400000,2600.000000,2201
2018-06-25T09:15:00+05:30,2596.350000,2626.000000,2594.650000,2622.350000,840
2018-06-25T09:30:00+05:30,2622.350000,2629.000000,2622.350000,2627.300000,442
2018-06-25T09:45:00+05:30,2627.300000,2649.000000,2627.300000,2635.950000,1542
2018-06-25T10:00:00+05:30,2635.950000,2638.700000,2630.000000,2632.100000,1967
2018-06-25T10:15:00+05:30,2632.100000,2632.200000,2607.700000,2607.700000,1340
2018-06-25T10:30:00+05:30,2607.700000,2614.950000,2590.000000,2598.050000,1622
2018-06-25T10:45:00+05:30,2598.050000,2599.950000,2595.950000,2598.650000,378
2018-06-25T11:00:00+05:30,2598.650000,2603.800000,2593.100000,2600.000000,2648
2018-06-25T11:15:00+05:30,2600.000000,2600.000000,2598.500000,2600.000000,246
2018-06-25T11:30:00+05:30,2600.000000,2602.750000,2598.000000,2598.550000,242
2018-06-25T11:45:00+05:30,2598.000000,2599.800000,2593.150000,2599.800000,310
2018-06-25T12:00:00+05:30,2599.800000,2605.000000,2598.050000,2600.000000,601
2018-06-25T12:15:00+05:30,2600.000000,2600.000000,2598.950000,2599.000000,890
2018-06-25T12:30:00+05:30,2599.000000,2601.950000,2598.950000,2600.000000,514
2018-06-25T12:45:00+05:30,2600.000000,2600.000000,2599.600000,2600.000000,322
2018-06-25T13:00:00+05:30,2600.000000,2600.000000,2599.400000,2600.000000,588
2018-06-25T13:15:00+05:30,2600.000000,2600.000000,2599.700000,2600.000000,616
2018-06-25T13:30:00+05:30,2600.000000,2600.000000,2599.700000,2600.000000,389
2018-06-25T13:45:00+05:30,2600.000000,2601.950000,2599.550000,2599.950000,423
2018-06-25T14:00:00+05:30,2600.000000,2600.000000,2599.900000,2600.000000,490
2018-06-25T14:15:00+05:30,2600.000000,2600.000000,2599.950000,2600.000000,437
2018-06-25T14:30:00+05:30,2600.000000,2601.900000,2598.050000,2601.900000,885
2018-06-25T14:45:00+05:30,2601.900000,2601.900000,2599.800000,2600.000000,791
2018-06-25T15:00:00+05:30,2599.950000,2600.000000,2590.100000,2599.600000,1461
2018-06-25T15:15:00+05:30,2598.300000,2619.900000,2592.500000,2613.250000,1495
2018-06-26T09:15:00+05:30,2615.100000,2619.400000,2611.250000,2617.150000,329
2018-06-26T09:30:00+05:30,2617.150000,2618.100000,2597.000000,2597.500000,516
2018-06-26T09:45:00+05:30,2598.150000,2600.000000,2584.950000,2597.900000,1228
2018-06-26T10:00:00+05:30,2597.950000,2597.950000,2576.150000,2579.700000,1049
2018-06-26T10:15:00+05:30,2579.700000,2583.950000,2572.000000,2572.000000,1027
2018-06-26T10:30:00+05:30,2572.000000,2582.950000,2572.000000,2578.950000,253
2018-06-26T10:45:00+05:30,2578.950000,2582.900000,2575.000000,2580.350000,216
2018-06-26T11:00:00+05:30,2580.350000,2581.700000,2577.450000,2581.700000,150
2018-06-26T11:15:00+05:30,2581.700000,2581.700000,2576.650000,2580.000000,169
2018-06-26T11:30:00+05:30,2580.000000,2581.700000,2575.800000,2581.700000,239
2018-06-26T11:45:00+05:30,2581.700000,2581.700000,2575.000000,2575.000000,176
2018-06-26T12:00:00+05:30,2575.000000,2579.500000,2575.000000,2577.650000,172
2018-06-26T12:15:00+05:30,2577.650000,2579.500000,2577.650000,2579.500000,159
2018-06-26T12:30:00+05:30,2579.500000,2579.800000,2575.000000,2579.800000,306
2018-06-26T12:45:00+05:30,2579.800000,2585.000000,2578.000000,2585.000000,597
2018-06-26T13:00:00+05:30,2588.000000,2594.600000,2586.000000,2594.600000,301
2018-06-26T13:15:00+05:30,2594.600000,2596.250000,2588.450000,2588.750000,203
2018-06-26T13:30:00+05:30,2588.750000,2598.000000,2588.000000,2595.800000,1478
2018-06-26T13:45:00+05:30,2595.800000,2600.000000,2595.250000,2599.850000,797
2018-06-26T14:00:00+05:30,2599.850000,2599.850000,2595.000000,2596.800000,617
2018-06-26T14:15:00+05:30,2596.800000,2599.800000,2595.000000,2595.100000,435
2018-06-26T14:30:00+05:30,2595.100000,2600.050000,2595.100000,2599.650000,737
2018-06-26T14:45:00+05:30,2600.000000,2600.000000,2595.150000,2598.950000,554
2018-06-26T15:00:00+05:30,2600.000000,2600.000000,2595.150000,2599.900000,4254
2018-06-26T15:15:00+05:30,2599.900000,2602.700000,2591.100000,2600.000000,4838
2018-06-27T09:15:00+05:30,2624.900000,2637.000000,2610.000000,2630.850000,1272
2018-06-27T09:30:00+05:30,2630.850000,2636.000000,2615.000000,2623.000000,1719
2018-06-27T09:45:00+05:30,2623.000000,2624.800000,2615.000000,2619.400000,1297
2018-06-27T10:00:00+05:30,2619.400000,2624.050000,2614.250000,2615.050000,1386
2018-06-27T10:15:00+05:30,2615.050000,2619.800000,2611.000000,2614.850000,726
2018-06-27T10:30:00+05:30,2612.200000,2615.000000,2594.700000,2599.850000,1194
2018-06-27T10:45:00+05:30,2599.850000,2599.850000,2595.100000,2599.850000,335
2018-06-27T11:00:00+05:30,2599.850000,2600.000000,2595.150000,2600.000000,201
2018-06-27T11:15:00+05:30,2600.000000,2600.000000,2595.350000,2599.950000,617
2018-06-27T11:30:00+05:30,2599.950000,2600.000000,2590.000000,2597.850000,1518
2018-06-27T11:45:00+05:30,2597.850000,2597.850000,2580.050000,2580.200000,1501
2018-06-27T12:00:00+05:30,2581.000000,2597.800000,2580.500000,2597.600000,543
2018-06-27T12:15:00+05:30,2597.600000,2597.650000,2593.050000,2597.600000,376
2018-06-27T12:30:00+05:30,2597.600000,2600.000000,2597.600000,2600.000000,554
2018-06-27T12:45:00+05:30,2600.000000,2600.000000,2590.300000,2598.400000,1101
2018-06-27T13:00:00+05:30,2598.400000,2599.600000,2590.250000,2598.000000,851
2018-06-27T13:15:00+05:30,2598.000000,2598.000000,2581.150000,2588.450000,2168
2018-06-27T13:30:00+05:30,2588.450000,2595.950000,2580.650000,2587.950000,2343
2018-06-27T13:45:00+05:30,2587.950000,2589.800000,2585.000000,2589.450000,938
2018-06-27T14:00:00+05:30,2589.450000,2596.950000,2586.100000,2596.450000,800
2018-06-27T14:15:00+05:30,2596.450000,2597.700000,2590.200000,2597.000000,601
2018-06-27T14:30:00+05:30,2597.000000,2600.000000,2592.650000,2600.000000,950
2018-06-27T14:45:00+05:30,2600.000000,2600.500000,2598.850000,2600.000000,1833
2018-06-27T15:00:00+05:30,2600.000000,2623.900000,2599.000000,2610.000000,5954
2018-06-27T15:15:00+05:30,2610.000000,2618.000000,2599.450000,2607.950000,2489
2018-06-28T09:15:00+05:30,2617.600000,2617.600000,2599.050000,2599.950000,420
2018-06-28T09:30:00+05:30,2600.000000,2600.000000,2593.950000,2597.600000,324
2018-06-28T09:45:00+05:30,2597.600000,2599.650000,2596.150000,2599.500000,202
2018-06-28T10:00:00+05:30,2599.500000,2600.000000,2599.350000,2599.650000,156
2018-06-28T10:15:00+05:30,2599.650000,2600.000000,2598.800000,2599.450000,632
2018-06-28T10:30:00+05:30,2599.450000,2599.900000,2599.150000,2599.400000,161
2018-06-28T10:45:00+05:30,2599.400000,2599.850000,2598.800000,2599.850000,73
2018-06-28T11:00:00+05:30,2599.850000,2599.950000,2599.000000,2599.650000,187
2018-06-28T11:15:00+05:30,2599.650000,2600.000000,2599.300000,2599.750000,65
2018-06-28T11:30:00+05:30,2599.750000,2600.000000,2595.000000,2600.000000,1982
2018-06-28T11:45:00+05:30,2600.000000,2600.000000,2591.750000,2598.000000,527
2018-06-28T12:00:00+05:30,2598.000000,2599.750000,2591.250000,2598.600000,258
2018-06-28T12:15:00+05:30,2598.600000,2600.000000,2598.600000,2600.000000,544
2018-06-28T12:30:00+05:30,2600.000000,2600.050000,2599.950000,2600.000000,787
2018-06-28T12:45:00+05:30,2600.000000,2600.050000,2599.650000,2600.000000,555
2018-06-28T13:00:00+05:30,2600.000000,2600.000000,2599.900000,2600.000000,596
2018-06-28T13:15:00+05:30,2600.000000,2600.000000,2599.950000,2600.000000,520
2018-06-28T13:30:00+05:30,2599.950000,2600.050000,2599.950000,2600.000000,438
2018-06-28T13:45:00+05:30,2600.000000,2600.000000,2599.950000,2600.000000,554
2018-06-28T14:00:00+05:30,2600.000000,2600.000000,2596.600000,2598.850000,607
2018-06-28T14:15:00+05:30,2598.850000,2599.400000,2598.700000,2598.950000,462
2018-06-28T14:30:00+05:30,2598.950000,2598.950000,2594.700000,2597.700000,1594
2018-06-28T14:45:00+05:30,2597.750000,2598.900000,2592.450000,2598.000000,1372
2018-06-28T15:00:00+05:30,2598.000000,2598.000000,2565.150000,2576.700000,2468
2018-06-28T15:15:00+05:30,2577.000000,2587.950000,2560.650000,2575.900000,2023
2018-06-29T09:15:00+05:30,2580.600000,2599.900000,2580.600000,2595.250000,325
2018-06-29T09:30:00+05:30,2595.250000,2598.700000,2585.100000,2598.700000,349
2018-06-29T09:45:00+05:30,2598.700000,2598.700000,2592.000000,2593.000000,123
2018-06-29T10:00:00+05:30,2593.000000,2598.650000,2591.850000,2598.650000,533
2018-06-29T10:15:00+05:30,2598.650000,2598.650000,2572.550000,2584.600000,560
2018-06-29T10:30:00+05:30,2584.600000,2585.700000,2580.050000,2580.050000,153
2018-06-29T10:45:00+05:30,2580.050000,2587.450000,2580.050000,2584.750000,50
2018-06-29T11:00:00+05:30,2584.750000,2588.800000,2584.000000,2586.000000,52
2018-06-29T11:15:00+05:30,2586.000000,2590.000000,2586.000000,2586.700000,134
2018-06-29T11:30:00+05:30,2586.700000,2587.450000,2580.000000,2580.000000,733
2018-06-29T11:45:00+05:30,2580.000000,2580.000000,2575.650000,2576.050000,104
2018-06-29T12:00:00+05:30,2576.050000,2580.000000,2575.000000,2580.000000,221
2018-06-29T12:15:00+05:30,2580.000000,2580.000000,2575.200000,2575.200000,125
2018-06-29T12:30:00+05:30,2575.200000,2580.000000,2575.200000,2580.000000,52
2018-06-29T12:45:00+05:30,2580.000000,2580.000000,2577.900000,2577.900000,27
2018-06-29T13:00:00+05:30,2577.900000,2577.900000,2576.050000,2576.050000,15
2018-06-29T13:15:00+05:30,2576.050000,2580.000000,2574.950000,2574.950000,199
2018-06-29T13:30:00+05:30,2574.950000,2580.000000,2574.700000,2580.000000,627
2018-06-29T13:45:00+05:30,2580.000000,2580.000000,2578.000000,2580.000000,895
2018-06-29T14:00:00+05:30,2580.000000,2580.000000,2578.800000,2580.000000,350
2018-06-29T14:15:00+05:30,2580.000000,2580.000000,2578.200000,2580.000000,472
2018-06-29T14:30:00+05:30,2580.000000,2580.000000,2577.800000,2579.800000,442
2018-06-29T14:45:00+05:30,2579.800000,2580.000000,2574.950000,2580.000000,1200
2018-06-29T15:00:00+05:30,2580.000000,2580.000000,2573.000000,2580.000000,7171
2018-06-29T15:15:00+05:30,2580.000000,2583.950000,2570.000000,2570.300000,2933
2018-07-02T09:15:00+05:30,2585.250000,2597.000000,2579.950000,2580.350000,245
2018-07-02T09:30:00+05:30,2580.350000,2580.350000,2542.900000,2554.000000,442
2018-07-02T09:45:00+05:30,2554.000000,2564.950000,2552.550000,2559.000000,151
2018-07-02T10:00:00+05:30,2559.000000,2559.950000,2554.200000,2557.550000,36
2018-07-02T10:15:00+05:30,2560.000000,2561.000000,2552.000000,2557.000000,144
2018-07-02T10:30:00+05:30,2557.000000,2557.000000,2550.000000,2554.400000,92
2018-07-02T10:45:00+05:30,2554.400000,2559.850000,2550.250000,2552.950000,91
2018-07-02T11:00:00+05:30,2552.950000,2555.000000,2550.000000,2553.000000,180
2018-07-02T11:15:00+05:30,2553.000000,2553.350000,2550.000000,2553.350000,130
2018-07-02T11:30:00+05:30,2553.350000,2553.350000,2543.050000,2545.100000,335
2018-07-02T11:45:00+05:30,2545.100000,2549.000000,2544.050000,2545.000000,53
2018-07-02T12:00:00+05:30,2545.000000,2549.000000,2543.100000,2543.100000,84
2018-07-02T12:15:00+05:30,2543.100000,2549.000000,2543.100000,2543.100000,76
2018-07-02T12:30:00+05:30,2543.100000,2549.000000,2543.000000,2545.050000,37
2018-07-02T12:45:00+05:30,2545.050000,2548.950000,2543.050000,2543.100000,22
2018-07-02T13:00:00+05:30,2543.100000,2543.100000,2534.000000,2534.050000,400
2018-07-02T13:15:00+05:30,2534.050000,2537.900000,2515.250000,2523.000000,1460
2018-07-02T13:30:00+05:30,2523.000000,2523.000000,2502.500000,2503.700000,898
2018-07-02T13:45:00+05:30,2503.700000,2511.000000,2491.100000,2504.000000,1296
2018-07-02T14:00:00+05:30,2504.000000,2534.900000,2504.000000,2525.000000,534
2018-07-02T14:15:00+05:30,2525.000000,2534.650000,2525.000000,2532.000000,586
2018-07-02T14:30:00+05:30,2532.000000,2549.950000,2532.000000,2549.900000,720
2018-07-02T14:45:00+05:30,2549.900000,2550.000000,2526.100000,2526.100000,545
2018-07-02T15:00:00+05:30,2534.150000,2544.000000,2522.900000,2528.800000,937
2018-07-02T15:15:00+05:30,2528.750000,2528.850000,2506.900000,2522.000000,835
2018-07-03T09:15:00+05:30,2547.900000,2547.900000,2514.050000,2518.400000,157
2018-07-03T09:30:00+05:30,2518.400000,2525.650000,2515.000000,2520.000000,73
2018-07-03T09:45:00+05:30,2520.000000,2532.500000,2520.000000,2525.000000,176
2018-07-03T10:00:00+05:30,2525.000000,2530.000000,2525.000000,2529.650000,63
2018-07-03T10:15:00+05:30,2529.650000,2530.000000,2525.100000,2525.100000,102
2018-07-03T10:30:00+05:30,2525.100000,2525.100000,2516.250000,2523.900000,72
2018-07-03T10:45:00+05:30,2523.900000,2524.750000,2514.400000,2514.450000,79
2018-07-03T11:00:00+05:30,2514.450000,2524.800000,2514.450000,2524.700000,644
2018-07-03T11:15:00+05:30,2524.700000,2536.900000,2524.650000,2536.900000,187
2018-07-03T11:30:00+05:30,2536.900000,2536.900000,2528.000000,2532.850000,49
2018-07-03T11:45:00+05:30,2532.850000,2566.600000,2532.850000,2564.850000,491
2018-07-03T12:00:00+05:30,2564.850000,2564.850000,2550.000000,2550.000000,218
2018-07-03T12:15:00+05:30,2550.000000,2550.000000,2543.150000,2543.150000,108
2018-07-03T12:30:00+05:30,2543.150000,2543.150000,2540.000000,2540.950000,32
2018-07-03T12:45:00+05:30,2540.950000,2540.950000,2525.850000,2525.850000,131
2018-07-03T13:00:00+05:30,2525.850000,2530.000000,2525.050000,2530.000000,10
2018-07-03T13:15:00+05:30,2530.000000,2541.000000,2530.000000,2538.900000,103
2018-07-03T13:30:00+05:30,2538.900000,2553.050000,2538.500000,2553.050000,188
2018-07-03T13:45:00+05:30,2553.050000,2560.000000,2543.550000,2548.050000,511
2018-07-03T14:00:00+05:30,2548.050000,2560.000000,2543.350000,2560.000000,504
2018-07-03T14:15:00+05:30,2560.000000,2560.000000,2544.000000,2550.400000,273
2018-07-03T14:30:00+05:30,2550.400000,2552.850000,2542.000000,2545.500000,205
2018-07-03T14:45:00+05:30,2545.500000,2550.000000,2540.250000,2549.950000,200
2018-07-03T15:00:00+05:30,2549.950000,2549.950000,2505.050000,2506.050000,1574
2018-07-03T15:15:00+05:30,2506.050000,2513.200000,2501.000000,2504.450000,875
2018-07-04T09:15:00+05:30,2518.700000,2528.000000,2511.050000,2518.650000,277
2018-07-04T09:30:00+05:30,2518.650000,2525.600000,2513.750000,2521.300000,125
2018-07-04T09:45:00+05:30,2521.300000,2523.050000,2521.300000,2523.050000,17
2018-07-04T10:00:00+05:30,2523.050000,2525.750000,2520.000000,2520.050000,67
2018-07-04T10:15:00+05:30,2520.050000,2525.350000,2520.000000,2520.000000,31
2018-07-04T10:30:00+05:30,2520.000000,2532.550000,2520.000000,2532.550000,133
2018-07-04T10:45:00+05:30,2532.550000,2535.700000,2530.050000,2532.650000,15
2018-07-04T11:00:00+05:30,2532.650000,2532.650000,2528.100000,2532.000000,224
2018-07-04T11:15:00+05:30,2532.000000,2535.650000,2530.000000,2535.000000,72
2018-07-04T11:30:00+05:30,2535.000000,2542.050000,2533.450000,2542.050000,251
2018-07-04T11:45:00+05:30,2542.050000,2547.950000,2533.350000,2543.000000,144
2018-07-04T12:00:00+05:30,2543.000000,2543.000000,2537.000000,2537.000000,37
2018-07-04T12:15:00+05:30,2537.400000,2540.600000,2537.050000,2539.950000,15
2018-07-04T12:30:00+05:30,2539.950000,2545.500000,2539.950000,2545.500000,110
2018-07-04T12:45:00+05:30,2545.500000,2545.500000,2534.000000,2539.950000,524
2018-07-04T13:00:00+05:30,2539.950000,2544.950000,2537.100000,2544.850000,347
2018-07-04T13:15:00+05:30,2544.850000,2547.850000,2541.500000,2547.650000,202
2018-07-04T13:30:00+05:30,2547.650000,2549.450000,2545.000000,2547.900000,128
2018-07-04T13:45:00+05:30,2547.900000,2549.850000,2544.550000,2548.500000,341
2018-07-04T14:00:00+05:30,2548.500000,2563.850000,2548.500000,2556.950000,1447
2018-07-04T14:15:00+05:30,2556.950000,2564.000000,2551.100000,2555.000000,360
2018-07-04T14:30:00+05:30,2555.000000,2559.900000,2545.700000,2559.750000,1219
2018-07-04T14:45:00+05:30,2559.750000,2569.000000,2552.100000,2564.900000,1450
2018-07-04T15:00:00+05:30,2564.900000,2565.000000,2554.000000,2554.000000,948
2018-07-04T15:15:00+05:30,2554.000000,2560.000000,2554.000000,2555.000000,1021
2018-07-05T09:15:00+05:30,2569.900000,2573.050000,2566.000000,2567.850000,158
2018-07-05T09:30:00+05:30,2575.000000,2575.000000,2567.750000,2571.950000,145
2018-07-05T09:45:00+05:30,2571.950000,2572.500000,2567.500000,2572.100000,90
2018-07-05T10:00:00+05:30,2573.400000,2590.000000,2570.450000,2590.000000,437
2018-07-05T10:15:00+05:30,2590.000000,2591.950000,2585.000000,2586.900000,216
2018-07-05T10:30:00+05:30,2586.900000,2588.500000,2577.100000,2577.100000,588
2018-07-05T10:45:00+05:30,2577.100000,2579.950000,2575.000000,2575.050000,380
2018-07-05T11:00:00+05:30,2575.050000,2580.000000,2575.000000,2580.000000,108
2018-07-05T11:15:00+05:30,2580.000000,2580.000000,2560.200000,2560.200000,69
2018-07-05T11:30:00+05:30,2560.200000,2563.000000,2556.950000,2560.000000,64
2018-07-05T11:45:00+05:30,2560.000000,2566.950000,2560.000000,2566.950000,194
2018-07-05T12:00:00+05:30,2566.950000,2566.950000,2560.100000,2562.050000,92
2018-07-05T12:15:00+05:30,2562.050000,2562.050000,2560.000000,2560.000000,7
2018-07-05T12:30:00+05:30,2560.000000,2566.950000,2560.000000,2566.950000,46
2018-07-05T12:45:00+05:30,2566.950000,2579.900000,2566.950000,2579.900000,337
2018-07-05T13:00:00+05:30,2579.900000,2580.000000,2575.850000,2580.000000,180
2018-07-05T13:15:00+05:30,2580.000000,2580.000000,2575.050000,2580.000000,203
2018-07-05T13:30:00+05:30,2580.000000,2583.000000,2580.000000,2581.050000,248
2018-07-05T13:45:00+05:30,2581.050000,2582.000000,2567.900000,2574.950000,4290
2018-07-05T14:00:00+05:30,2574.950000,2575.000000,2570.300000,2574.950000,228
2018-07-05T14:15:00+05:30,2575.000000,2575.000000,2572.250000,2573.100000,128
2018-07-05T14:30:00+05:30,2573.100000,2575.000000,2570.000000,2573.000000,89
2018-07-05T14:45:00+05:30,2573.000000,2573.000000,2554.050000,2562.250000,304
2018-07-05T15:00:00+05:30,2562.250000,2569.950000,2555.850000,2569.950000,389
2018-07-05T15:15:00+05:30,2569.950000,2569.950000,2556.600000,2557.000000,373
2018-07-06T09:15:00+05:30,2586.900000,2589.900000,2566.950000,2589.650000,147
2018-07-06T09:30:00+05:30,2589.650000,2589.650000,2578.550000,2582.000000,48
2018-07-06T09:45:00+05:30,2582.000000,2582.000000,2570.000000,2577.400000,263
2018-07-06T10:00:00+05:30,2578.350000,2589.000000,2578.350000,2584.150000,101
2018-07-06T10:15:00+05:30,2584.150000,2586.500000,2577.150000,2577.150000,24
2018-07-06T10:30:00+05:30,2577.150000,2580.000000,2573.750000,2580.000000,436
2018-07-06T10:45:00+05:30,2580.000000,2580.000000,2566.950000,2568.500000,264
2018-07-06T11:00:00+05:30,2568.500000,2570.000000,2566.950000,2570.000000,146
2018-07-06T11:15:00+05:30,2570.000000,2570.000000,2565.000000,2567.600000,112
2018-07-06T11:30:00+05:30,2567.600000,2570.000000,2565.000000,2570.000000,109
2018-07-06T11:45:00+05:30,2569.950000,2570.000000,2565.000000,2569.950000,263
2018-07-06T12:00:00+05:30,2569.950000,2570.000000,2564.100000,2569.300000,43
2018-07-06T12:15:00+05:30,2569.300000,2573.000000,2566.000000,2569.750000,387
2018-07-06T12:30:00+05:30,2569.750000,2570.000000,2565.000000,2568.100000,268
2018-07-06T12:45:00+05:30,2568.100000,2569.850000,2564.500000,2564.900000,79
2018-07-06T13:00:00+05:30,2564.900000,2569.950000,2562.650000,2564.950000,218
2018-07-06T13:15:00+05:30,2564.950000,2570.000000,2563.450000,2569.550000,387
2018-07-06T13:30:00+05:30,2569.550000,2570.000000,2568.400000,2570.000000,205
2018-07-06T13:45:00+05:30,2569.800000,2570.000000,2568.450000,2569.500000,254
2018-07-06T14:00:00+05:30,2570.000000,2570.350000,2567.000000,2570.000000,269
2018-07-06T14:15:00+05:30,2570.000000,2570.000000,2566.050000,2569.650000,220
2018-07-06T14:30:00+05:30,2569.650000,2570.000000,2552.050000,2552.050000,411
2018-07-06T14:45:00+05:30,2552.050000,2559.500000,2548.950000,2550.950000,279
2018-07-06T15:00:00+05:30,2550.950000,2559.450000,2533.000000,2537.950000,831
2018-07-06T15:15:00+05:30,2537.950000,2540.000000,2525.000000,2538.000000,1326
2018-07-09T09:15:00+05:30,2575.350000,2575.700000,2559.250000,2560.000000,243
2018-07-09T09:30:00+05:30,2560.000000,2564.050000,2554.250000,2560.200000,71
2018-07-09T09:45:00+05:30,2560.200000,2567.650000,2542.500000,2542.500000,680
2018-07-09T10:00:00+05:30,2542.500000,2549.950000,2538.000000,2544.000000,147
2018-07-09T10:15:00+05:30,2544.000000,2544.950000,2534.500000,2534.500000,275
2018-07-09T10:30:00+05:30,2534.500000,2539.000000,2532.000000,2532.000000,97
2018-07-09T10:45:00+05:30,2532.000000,2540.050000,2532.000000,2540.050000,107
2018-07-09T11:00:00+05:30,2540.050000,2540.650000,2530.000000,2530.000000,202
2018-07-09T11:15:00+05:30,2530.000000,2530.000000,2515.000000,2518.200000,241
2018-07-09T11:30:00+05:30,2518.200000,2521.750000,2517.000000,2520.000000,396
2018-07-09T11:45:00+05:30,2520.000000,2520.000000,2518.000000,2518.000000,58
2018-07-09T12:00:00+05:30,2518.000000,2530.000000,2518.000000,2530.000000,212
2018-07-09T12:15:00+05:30,2530.000000,2537.850000,2530.000000,2533.000000,77
2018-07-09T12:30:00+05:30,2533.000000,2539.700000,2530.300000,2539.700000,135
2018-07-09T12:45:00+05:30,2539.700000,2539.700000,2532.700000,2532.700000,23
2018-07-09T13:00:00+05:30,2532.700000,2537.800000,2527.500000,2529.850000,143
2018-07-09T13:15:00+05:30,2529.850000,2537.800000,2525.950000,2537.500000,245
2018-07-09T13:30:00+05:30,2537.500000,2539.950000,2530.350000,2532.750000,178
2018-07-09T13:45:00+05:30,2532.750000,2538.000000,2530.200000,2537.850000,137
2018-07-09T14:00:00+05:30,2537.850000,2545.000000,2525.050000,2540.500000,405
2018-07-09T14:15:00+05:30,2540.500000,2549.950000,2537.050000,2545.000000,265
2018-07-09T14:30:00+05:30,2545.000000,2545.000000,2537.500000,2542.950000,212
2018-07-09T14:45:00+05:30,2542.950000,2548.550000,2540.000000,2545.000000,251
2018-07-09T15:00:00+05:30,2545.000000,2545.000000,2540.000000,2545.000000,398
2018-07-09T15:15:00+05:30,2545.000000,2545.000000,2530.000000,2530.050000,406
2018-07-10T09:15:00+05:30,2530.300000,2549.100000,2530.000000,2541.950000,1465
2018-07-10T09:30:00+05:30,2541.950000,2542.650000,2530.350000,2533.900000,731
2018-07-10T09:45:00+05:30,2533.900000,2538.650000,2530.000000,2538.650000,499
2018-07-10T10:00:00+05:30,2538.650000,2545.000000,2538.500000,2544.950000,214
2018-07-10T10:15:00+05:30,2544.950000,2550.000000,2544.050000,2549.900000,1282
2018-07-10T10:30:00+05:30,2549.900000,2550.000000,2541.000000,2550.000000,149
2018-07-10T10:45:00+05:30,2550.000000,2557.200000,2546.700000,2550.000000,367
2018-07-10T11:00:00+05:30,2550.000000,2550.000000,2545.000000,2545.000000,172
2018-07-10T11:15:00+05:30,2545.000000,2550.000000,2544.750000,2550.000000,131
2018-07-10T11:30:00+05:30,2550.000000,2550.000000,2545.750000,2545.750000,130
2018-07-10T11:45:00+05:30,2545.750000,2548.000000,2542.650000,2548.000000,148
2018-07-10T12:00:00+05:30,2549.450000,2549.450000,2544.050000,2547.000000,134
2018-07-10T12:15:00+05:30,2547.000000,2549.000000,2541.500000,2548.950000,115
2018-07-10T12:30:00+05:30,2548.950000,2549.900000,2542.150000,2549.200000,264
2018-07-10T12:45:00+05:30,2549.200000,2549.850000,2545.250000,2548.950000,366
2018-07-10T13:00:00+05:30,2548.950000,2549.000000,2546.050000,2548.000000,197
2018-07-10T13:15:00+05:30,2548.000000,2550.000000,2547.000000,2548.300000,293
2018-07-10T13:30:00+05:30,2548.300000,2550.000000,2547.800000,2549.900000,354
2018-07-10T13:45:00+05:30,2549.900000,2550.000000,2548.650000,2550.000000,692
2018-07-10T14:00:00+05:30,2550.000000,2550.050000,2547.900000,2550.000000,971
2018-07-10T14:15:00+05:30,2550.000000,2550.950000,2548.250000,2549.950000,731
2018-07-10T14:30:00+05:30,2549.950000,2550.000000,2547.050000,2550.000000,640
2018-07-10T14:45:00+05:30,2550.000000,2550.000000,2548.200000,2550.000000,575
2018-07-10T15:00:00+05:30,2550.000000,2550.000000,2548.000000,2550.000000,1100
2018-07-10T15:15:00+05:30,2550.000000,2550.000000,2538.000000,2538.000000,1514
2018-07-11T09:15:00+05:30,2544.100000,2549.000000,2531.050000,2535.100000,1313
2018-07-11T09:30:00+05:30,2535.100000,2548.700000,2535.000000,2545.000000,260
2018-07-11T09:45:00+05:30,2545.000000,2545.000000,2533.500000,2536.200000,167
2018-07-11T10:00:00+05:30,2536.200000,2539.000000,2532.000000,2536.450000,168
2018-07-11T10:15:00+05:30,2536.450000,2540.000000,2534.300000,2534.300000,190
2018-07-11T10:30:00+05:30,2534.300000,2541.300000,2534.300000,2541.300000,97
2018-07-11T10:45:00+05:30,2541.300000,2548.200000,2540.000000,2548.000000,214
2018-07-11T11:00:00+05:30,2548.000000,2548.000000,2535.000000,2538.400000,334
2018-07-11T11:15:00+05:30,2538.400000,2538.400000,2530.000000,2530.000000,343
2018-07-11T11:30:00+05:30,2532.800000,2549.850000,2530.000000,2538.800000,589
2018-07-11T11:45:00+05:30,2538.800000,2546.950000,2538.800000,2546.950000,80
2018-07-11T12:00:00+05:30,2546.950000,2550.000000,2546.950000,2550.000000,369
2018-07-11T12:15:00+05:30,2550.000000,2550.000000,2544.100000,2549.000000,115
2018-07-11T12:30:00+05:30,2549.000000,2549.000000,2546.750000,2546.800000,50
2018-07-11T12:45:00+05:30,2546.800000,2548.850000,2538.800000,2548.650000,185
2018-07-11T13:00:00+05:30,2548.650000,2549.000000,2547.000000,2547.000000,40
2018-07-11T13:15:00+05:30,2547.000000,2549.650000,2547.000000,2547.050000,57
2018-07-11T13:30:00+05:30,2547.050000,2550.000000,2547.050000,2550.000000,902
2018-07-11T13:45:00+05:30,2550.000000,2550.000000,2530.000000,2537.300000,2368
2018-07-11T14:00:00+05:30,2537.300000,2550.000000,2512.100000,2547.300000,19276
2018-07-11T14:15:00+05:30,2549.750000,2549.750000,2530.700000,2544.950000,4416
2018-07-11T14:30:00+05:30,2544.950000,2547.650000,2543.000000,2543.000000,764
2018-07-11T14:45:00+05:30,2543.000000,2550.000000,2539.800000,2547.850000,3635
2018-07-11T15:00:00+05:30,2547.850000,2547.850000,2522.900000,2534.400000,4031
2018-07-11T15:15:00+05:30,2534.400000,2539.000000,2514.950000,2515.000000,2620
2018-07-12T09:15:00+05:30,2529.950000,2530.000000,2521.050000,2530.000000,467
2018-07-12T09:30:00+05:30,2530.950000,2547.750000,2530.950000,2544.900000,1463
2018-07-12T09:45:00+05:30,2544.900000,2548.000000,2542.000000,2542.000000,212
2018-07-12T10:00:00+05:30,2542.000000,2550.050000,2542.000000,2546.100000,2038
2018-07-12T10:15:00+05:30,2546.100000,2552.000000,2546.100000,2548.350000,61663
2018-07-12T10:30:00+05:30,2548.350000,2600.000000,2547.300000,2590.000000,19533
2018-07-12T10:45:00+05:30,2590.000000,2596.900000,2577.250000,2579.950000,1348
2018-07-12T11:00:00+05:30,2580.000000,2585.050000,2577.400000,2581.250000,227
2018-07-12T11:15:00+05:30,2581.250000,2598.000000,2580.000000,2594.800000,1012
2018-07-12T11:30:00+05:30,2594.800000,2599.900000,2592.000000,2592.000000,683
2018-07-12T11:45:00+05:30,2592.000000,2597.300000,2590.500000,2593.550000,269
2018-07-12T12:00:00+05:30,2591.800000,2596.800000,2590.000000,2594.950000,466
2018-07-12T12:15:00+05:30,2594.950000,2597.800000,2592.050000,2594.000000,354
2018-07-12T12:30:00+05:30,2596.800000,2597.800000,2590.000000,2590.000000,422
2018-07-12T12:45:00+05:30,2590.000000,2594.950000,2587.200000,2592.900000,858
2018-07-12T13:00:00+05:30,2592.900000,2594.950000,2587.300000,2593.250000,644
2018-07-12T13:15:00+05:30,2593.250000,2593.600000,2589.100000,2590.000000,397
2018-07-12T13:30:00+05:30,2590.000000,2590.000000,2577.100000,2580.000000,553
2018-07-12T13:45:00+05:30,2580.000000,2580.000000,2572.000000,2575.000000,893
2018-07-12T14:00:00+05:30,2575.000000,2575.000000,2566.000000,2574.800000,600
2018-07-12T14:15:00+05:30,2574.800000,2577.000000,2570.000000,2574.950000,565
2018-07-12T14:30:00+05:30,2574.950000,2575.050000,2570.800000,2575.000000,761
2018-07-12T14:45:00+05:30,2575.000000,2575.000000,2571.900000,2575.000000,353
2018-07-12T15:00:00+05:30,2575.000000,2576.000000,2570.750000,2575.000000,1146
2018-07-12T15:15:00+05:30,2575.000000,2580.000000,2569.900000,2575.000000,1668
2018-07-13T09:15:00+05:30,2580.350000,2597.850000,2580.350000,2587.000000,1591
2018-07-13T09:30:00+05:30,2587.000000,2600.000000,2587.000000,2600.000000,1364
2018-07-13T09:45:00+05:30,2600.000000,2600.000000,2595.000000,2595.000000,321
2018-07-13T10:00:00+05:30,2595.000000,2597.050000,2583.000000,2585.000000,577
2018-07-13T10:15:00+05:30,2585.000000,2585.100000,2545.100000,2554.000000,1197
2018-07-13T10:30:00+05:30,2554.000000,2554.000000,2546.000000,2546.000000,319
2018-07-13T10:45:00+05:30,2546.000000,2551.450000,2546.000000,2551.450000,81
2018-07-13T11:00:00+05:30,2551.450000,2555.250000,2551.450000,2554.000000,127
2018-07-13T11:15:00+05:30,2554.000000,2554.000000,2543.450000,2550.000000,225
2018-07-13T11:30:00+05:30,2550.000000,2550.000000,2545.950000,2550.000000,104
2018-07-13T11:45:00+05:30,2550.000000,2556.850000,2549.950000,2550.000000,49998
2018-07-13T12:00:00+05:30,2550.000000,2550.050000,2549.000000,2550.050000,44550
2018-07-13T12:15:00+05:30,2550.050000,2554.850000,2550.050000,2554.850000,55
2018-07-13T12:30:00+05:30,2554.850000,2580.000000,2550.650000,2566.950000,931
2018-07-13T12:45:00+05:30,2566.950000,2574.000000,2563.050000,2570.000000,217
2018-07-13T13:00:00+05:30,2570.000000,2573.900000,2565.000000,2566.000000,239
2018-07-13T13:15:00+05:30,2566.000000,2579.850000,2560.000000,2579.850000,992
2018-07-13T13:30:00+05:30,2579.850000,2579.850000,2576.000000,2578.800000,155
2018-07-13T13:45:00+05:30,2578.850000,2579.000000,2571.000000,2572.000000,207
2018-07-13T14:00:00+05:30,2572.000000,2573.000000,2570.000000,2572.000000,133
2018-07-13T14:15:00+05:30,2572.000000,2573.000000,2566.000000,2567.950000,160
2018-07-13T14:30:00+05:30,2567.950000,2569.000000,2564.000000,2568.100000,215
2018-07-13T14:45:00+05:30,2568.100000,2568.100000,2555.000000,2558.950000,205
2018-07-13T15:00:00+05:30,2558.950000,2564.950000,2557.450000,2564.950000,1522
2018-07-13T15:15:00+05:30,2565.050000,2574.950000,2556.050000,2574.950000,3199
2018-07-16T09:15:00+05:30,2567.300000,2583.900000,2567.300000,2573.050000,172
2018-07-16T09:30:00+05:30,2571.150000,2578.450000,2557.850000,2578.450000,230
2018-07-16T09:45:00+05:30,2578.450000,2589.000000,2578.450000,2587.400000,650
2018-07-16T10:00:00+05:30,2587.400000,2597.950000,2586.850000,2587.000000,628
2018-07-16T10:15:00+05:30,2587.000000,2593.000000,2585.000000,2585.000000,311
2018-07-16T10:30:00+05:30,2585.000000,2586.950000,2578.600000,2584.900000,240
2018-07-16T10:45:00+05:30,2584.900000,2584.900000,2578.600000,2583.950000,30
2018-07-16T11:00:00+05:30,2583.950000,2584.000000,2579.300000,2583.950000,171
2018-07-16T11:15:00+05:30,2583.950000,2584.000000,2573.150000,2580.000000,202
2018-07-16T11:30:00+05:30,2580.000000,2580.000000,2571.050000,2576.700000,159
2018-07-16T11:45:00+05:30,2576.700000,2583.950000,2572.050000,2579.800000,411
2018-07-16T12:00:00+05:30,2579.800000,2580.000000,2575.100000,2578.950000,893
2018-07-16T12:15:00+05:30,2578.950000,2579.000000,2578.200000,2579.000000,338
2018-07-16T12:30:00+05:30,2579.000000,2579.000000,2565.550000,2572.700000,847
2018-07-16T12:45:00+05:30,2572.700000,2575.000000,2570.500000,2573.000000,176
2018-07-16T13:00:00+05:30,2573.000000,2573.000000,2568.050000,2573.000000,493
2018-07-16T13:15:00+05:30,2573.000000,2573.000000,2569.750000,2573.000000,42
2018-07-16T13:30:00+05:30,2573.000000,2573.000000,2572.650000,2573.000000,181
2018-07-16T13:45:00+05:30,2573.000000,2573.000000,2565.050000,2570.500000,363
2018-07-16T14:00:00+05:30,2573.000000,2573.000000,2572.000000,2573.000000,508
2018-07-16T14:15:00+05:30,2573.000000,2580.000000,2573.000000,2580.000000,559
2018-07-16T14:30:00+05:30,2580.000000,2580.000000,2570.450000,2578.900000,803
2018-07-16T14:45:00+05:30,2578.900000,2580.000000,2574.550000,2579.900000,735
2018-07-16T15:00:00+05:30,2579.900000,2580.000000,2575.850000,2578.000000,981
2018-07-16T15:15:00+05:30,2578.000000,2579.150000,2560.000000,2578.950000,1940
2018-07-17T09:15:00+05:30,2582.150000,2589.200000,2562.350000,2575.000000,203
2018-07-17T09:30:00+05:30,2575.000000,2575.000000,2562.350000,2562.350000,324
2018-07-17T09:45:00+05:30,2562.350000,2575.000000,2562.300000,2575.000000,93
2018-07-17T10:00:00+05:30,2575.000000,2575.000000,2562.750000,2566.050000,73
2018-07-17T10:15:00+05:30,2566.050000,2571.050000,2562.600000,2567.550000,441
2018-07-17T10:30:00+05:30,2567.550000,2570.350000,2560.950000,2560.950000,157
2018-07-17T10:45:00+05:30,2560.950000,2564.950000,2560.000000,2560.000000,90
2018-07-17T11:00:00+05:30,2560.000000,2560.000000,2551.350000,2551.350000,276
2018-07-17T11:15:00+05:30,2551.350000,2559.550000,2550.000000,2550.000000,651
2018-07-17T11:30:00+05:30,2550.000000,2556.850000,2550.000000,2551.000000,66
2018-07-17T11:45:00+05:30,2551.000000,2558.950000,2551.000000,2553.400000,16
2018-07-17T12:00:00+05:30,2553.400000,2556.850000,2552.400000,2555.000000,58
2018-07-17T12:15:00+05:30,2555.000000,2555.000000,2551.000000,2551.000000,39
2018-07-17T12:30:00+05:30,2551.000000,2555.000000,2551.000000,2555.000000,94
2018-07-17T12:45:00+05:30,2555.000000,2555.000000,2553.000000,2553.000000,304
2018-07-17T13:00:00+05:30,2553.000000,2555.000000,2552.050000,2552.050000,121
2018-07-17T13:15:00+05:30,2552.050000,2555.000000,2548.850000,2555.000000,333
2018-07-17T13:30:00+05:30,2554.950000,2555.000000,2552.000000,2554.850000,709
2018-07-17T13:45:00+05:30,2554.850000,2554.850000,2552.600000,2554.850000,72
2018-07-17T14:00:00+05:30,2554.850000,2555.500000,2553.600000,2555.000000,230
2018-07-17T14:15:00+05:30,2555.000000,2555.500000,2553.000000,2555.000000,468
2018-07-17T14:30:00+05:30,2555.000000,2555.000000,2553.050000,2553.050000,517
2018-07-17T14:45:00+05:30,2553.000000,2555.000000,2553.000000,2555.000000,355
2018-07-17T15:00:00+05:30,2555.000000,2555.000000,2548.000000,2550.000000,958
2018-07-17T15:15:00+05:30,2550.000000,2555.000000,2545.500000,2550.000000,1317
2018-07-18T09:15:00+05:30,2576.100000,2583.850000,2551.000000,2573.150000,457
2018-07-18T09:30:00+05:30,2573.150000,2579.850000,2566.150000,2579.000000,330
2018-07-18T09:45:00+05:30,2579.000000,2579.900000,2567.750000,2579.900000,397
2018-07-18T10:00:00+05:30,2579.900000,2583.850000,2573.150000,2582.900000,462
2018-07-18T10:15:00+05:30,2582.900000,2587.900000,2580.000000,2582.500000,989
2018-07-18T10:30:00+05:30,2582.500000,2582.500000,2579.000000,2580.000000,450
2018-07-18T10:45:00+05:30,2580.000000,2580.000000,2579.000000,2580.000000,706
2018-07-18T11:00:00+05:30,2580.000000,2580.000000,2575.100000,2579.950000,413
2018-07-18T11:15:00+05:30,2579.950000,2579.950000,2576.250000,2579.800000,261
2018-07-18T11:30:00+05:30,2579.800000,2580.000000,2576.800000,2580.000000,345
2018-07-18T11:45:00+05:30,2580.000000,2580.000000,2576.000000,2580.000000,373
2018-07-18T12:00:00+05:30,2580.000000,2580.000000,2562.650000,2577.900000,599
2018-07-18T12:15:00+05:30,2577.900000,2577.900000,2565.150000,2577.100000,401
2018-07-18T12:30:00+05:30,2577.100000,2577.450000,2570.550000,2577.350000,252
2018-07-18T12:45:00+05:30,2577.350000,2580.000000,2573.750000,2579.800000,2687
2018-07-18T13:00:00+05:30,2579.800000,2580.000000,2576.200000,2576.200000,297
2018-07-18T13:15:00+05:30,2576.200000,2578.000000,2575.000000,2576.800000,827
2018-07-18T13:30:00+05:30,2576.800000,2578.300000,2574.100000,2576.050000,374
2018-07-18T13:45:00+05:30,2576.050000,2579.000000,2576.000000,2577.900000,391
2018-07-18T14:00:00+05:30,2577.900000,2580.000000,2576.050000,2578.400000,605
2018-07-18T14:15:00+05:30,2578.400000,2578.950000,2575.450000,2578.000000,588
2018-07-18T14:30:00+05:30,2578.000000,2578.000000,2573.250000,2577.950000,585
2018-07-18T14:45:00+05:30,2577.950000,2579.000000,2575.100000,2579.000000,389
2018-07-18T15:00:00+05:30,2579.000000,2580.000000,2575.150000,2579.000000,800
2018-07-18T15:15:00+05:30,2579.000000,2580.000000,2575.000000,2579.950000,3030
2018-07-19T09:15:00+05:30,2577.950000,2578.000000,2566.050000,2566.250000,105
2018-07-19T09:30:00+05:30,2566.100000,2569.300000,2557.800000,2557.800000,73
2018-07-19T09:45:00+05:30,2557.800000,2559.000000,2555.000000,2555.300000,21
2018-07-19T10:00:00+05:30,2555.300000,2560.000000,2550.000000,2551.050000,517
2018-07-19T10:15:00+05:30,2551.050000,2558.950000,2549.950000,2549.950000,53
2018-07-19T10:30:00+05:30,2549.950000,2550.950000,2545.000000,2550.950000,95
2018-07-19T10:45:00+05:30,2550.950000,2554.000000,2542.000000,2544.950000,283
2018-07-19T11:00:00+05:30,2544.950000,2555.000000,2544.950000,2548.600000,577
2018-07-19T11:15:00+05:30,2548.600000,2550.000000,2545.200000,2545.200000,30
2018-07-19T11:30:00+05:30,2548.650000,2564.850000,2546.600000,2558.000000,1252
2018-07-19T11:45:00+05:30,2558.050000,2568.000000,2557.000000,2565.000000,98
2018-07-19T12:00:00+05:30,2564.000000,2567.250000,2554.250000,2554.900000,104
2018-07-19T12:15:00+05:30,2554.900000,2567.700000,2551.500000,2567.000000,521
2018-07-19T12:30:00+05:30,2567.000000,2567.000000,2554.250000,2561.750000,165
2018-07-19T12:45:00+05:30,2555.100000,2559.150000,2555.100000,2559.150000,48
2018-07-19T13:00:00+05:30,2555.200000,2559.950000,2550.450000,2559.950000,298
2018-07-19T13:15:00+05:30,2559.950000,2559.950000,2545.550000,2545.550000,482
2018-07-19T13:30:00+05:30,2545.000000,2559.950000,2545.000000,2559.950000,10219
2018-07-19T13:45:00+05:30,2559.950000,2559.950000,2555.000000,2559.950000,316
2018-07-19T14:00:00+05:30,2559.950000,2559.950000,2550.000000,2552.950000,209
2018-07-19T14:15:00+05:30,2552.950000,2559.950000,2552.950000,2559.900000,337
2018-07-19T14:30:00+05:30,2559.900000,2559.950000,2550.000000,2555.000000,206
2018-07-19T14:45:00+05:30,2555.000000,2555.000000,2550.000000,2555.000000,537
2018-07-19T15:00:00+05:30,2555.000000,2560.000000,2551.550000,2558.000000,2009
2018-07-19T15:15:00+05:30,2558.000000,2560.000000,2554.000000,2560.000000,1720
2018-07-20T09:15:00+05:30,2545.000000,2562.850000,2545.000000,2561.700000,144
2018-07-20T09:30:00+05:30,2561.700000,2561.700000,2555.000000,2555.000000,81
2018-07-20T09:45:00+05:30,2555.000000,2555.550000,2555.000000,2555.500000,71
2018-07-20T10:00:00+05:30,2555.500000,2559.500000,2555.150000,2555.150000,80
2018-07-20T10:15:00+05:30,2555.150000,2559.950000,2555.000000,2557.800000,143
2018-07-20T10:30:00+05:30,2557.800000,2557.800000,2555.000000,2556.450000,315
2018-07-20T10:45:00+05:30,2556.450000,2557.000000,2553.000000,2557.000000,71
2018-07-20T11:00:00+05:30,2557.000000,2557.000000,2550.000000,2556.500000,226
2018-07-20T11:15:00+05:30,2556.500000,2557.000000,2550.000000,2557.000000,82
2018-07-20T11:30:00+05:30,2557.000000,2557.200000,2550.000000,2554.300000,104
2018-07-20T11:45:00+05:30,2554.300000,2556.500000,2551.100000,2552.550000,46
2018-07-20T12:00:00+05:30,2552.550000,2558.000000,2550.000000,2556.500000,125
2018-07-20T12:15:00+05:30,2556.500000,2557.000000,2550.000000,2551.850000,97
2018-07-20T12:30:00+05:30,2551.850000,2557.000000,2550.000000,2551.950000,59
2018-07-20T12:45:00+05:30,2551.950000,2555.950000,2550.000000,2550.000000,70
2018-07-20T13:00:00+05:30,2550.000000,2554.500000,2549.350000,2549.350000,60
2018-07-20T13:15:00+05:30,2549.350000,2553.700000,2547.000000,2547.000000,48
2018-07-20T13:30:00+05:30,2547.000000,2547.700000,2530.050000,2539.250000,614
2018-07-20T13:45:00+05:30,2539.250000,2539.250000,2530.000000,2530.500000,208
2018-07-20T14:00:00+05:30,2530.500000,2535.000000,2530.500000,2535.000000,141
2018-07-20T14:15:00+05:30,2535.000000,2537.450000,2531.050000,2535.600000,148
2018-07-20T14:30:00+05:30,2535.600000,2546.600000,2534.000000,2546.600000,261
2018-07-20T14:45:00+05:30,2544.600000,2550.000000,2542.800000,2549.900000,353
2018-07-20T15:00:00+05:30,2549.900000,2549.900000,2530.000000,2544.950000,1418
2018-07-20T15:15:00+05:30,2544.950000,2550.000000,2525.000000,2525.050000,1982
2018-07-23T09:15:00+05:30,2547.450000,2550.000000,2542.250000,2542.900000,303
2018-07-23T09:30:00+05:30,2542.900000,2544.000000,2538.000000,2544.000000,55
2018-07-23T09:45:00+05:30,2544.000000,2545.000000,2542.550000,2544.400000,403
2018-07-23T10:00:00+05:30,2544.400000,2547.000000,2540.250000,2540.250000,37
2018-07-23T10:15:00+05:30,2540.250000,2544.800000,2538.000000,2538.000000,257
2018-07-23T10:30:00+05:30,2538.000000,2539.400000,2534.000000,2534.000000,72
2018-07-23T10:45:00+05:30,2533.600000,2533.600000,2527.000000,2529.950000,331
2018-07-23T11:00:00+05:30,2529.950000,2530.400000,2528.250000,2530.350000,111
2018-07-23T11:15:00+05:30,2530.350000,2530.350000,2528.750000,2529.950000,16
2018-07-23T11:30:00+05:30,2529.950000,2530.300000,2527.950000,2530.300000,27
2018-07-23T11:45:00+05:30,2530.300000,2530.300000,2527.250000,2527.250000,35
2018-07-23T12:00:00+05:30,2527.250000,2530.750000,2527.250000,2529.200000,22
2018-07-23T12:15:00+05:30,2529.200000,2542.000000,2529.200000,2536.650000,356
2018-07-23T12:30:00+05:30,2535.000000,2542.750000,2535.000000,2542.750000,339
2018-07-23T12:45:00+05:30,2542.750000,2547.500000,2540.250000,2540.250000,75
2018-07-23T13:00:00+05:30,2540.250000,2544.000000,2540.250000,2542.450000,25
2018-07-23T13:15:00+05:30,2542.450000,2543.900000,2540.000000,2540.000000,78
2018-07-23T13:30:00+05:30,2540.000000,2549.950000,2525.000000,2549.950000,3409
2018-07-23T13:45:00+05:30,2549.950000,2587.000000,2549.850000,2587.000000,883
2018-07-23T14:00:00+05:30,2587.000000,2597.350000,2566.250000,2566.250000,673
2018-07-23T14:15:00+05:30,2566.250000,2570.250000,2566.250000,2569.950000,745
2018-07-23T14:30:00+05:30,2569.950000,2570.400000,2566.250000,2569.400000,165592
2018-07-23T14:45:00+05:30,2569.400000,2576.550000,2540.000000,2560.000000,7516
2018-07-23T15:00:00+05:30,2560.000000,2563.000000,2550.000000,2554.900000,1104
2018-07-23T15:15:00+05:30,2554.900000,2555.400000,2538.000000,2545.750000,1522
2018-07-24T09:15:00+05:30,2569.500000,2571.650000,2555.150000,2569.900000,597
2018-07-24T09:30:00+05:30,2569.900000,2570.000000,2561.200000,2568.300000,821
2018-07-24T09:45:00+05:30,2568.300000,2569.900000,2557.300000,2569.900000,310
2018-07-24T10:00:00+05:30,2569.900000,2569.900000,2561.050000,2569.900000,231
2018-07-24T10:15:00+05:30,2569.900000,2570.000000,2566.050000,2570.000000,1192
2018-07-24T10:30:00+05:30,2570.000000,2570.000000,2566.000000,2567.000000,301
2018-07-24T10:45:00+05:30,2567.000000,2567.500000,2562.700000,2567.500000,451
2018-07-24T11:00:00+05:30,2567.500000,2568.000000,2557.300000,2567.400000,361
2018-07-24T11:15:00+05:30,2567.400000,2567.400000,2562.150000,2565.000000,178
2018-07-24T11:30:00+05:30,2565.000000,2566.950000,2560.650000,2565.000000,359
2018-07-24T11:45:00+05:30,2565.000000,2565.000000,2560.300000,2560.300000,279
2018-07-24T12:00:00+05:30,2560.300000,2564.900000,2555.050000,2559.000000,474
2018-07-24T12:15:00+05:30,2559.000000,2560.000000,2555.250000,2560.000000,155
2018-07-24T12:30:00+05:30,2560.000000,2560.000000,2545.000000,2546.000000,414
2018-07-24T12:45:00+05:30,2546.000000,2550.000000,2545.000000,2550.000000,282
2018-07-24T13:00:00+05:30,2550.000000,2554.550000,2548.250000,2553.500000,434
2018-07-24T13:15:00+05:30,2553.500000,2555.000000,2550.800000,2553.250000,205
2018-07-24T13:30:00+05:30,2553.250000,2560.000000,2553.250000,2560.000000,174
2018-07-24T13:45:00+05:30,2560.000000,2560.000000,2553.450000,2560.000000,229
2018-07-24T14:00:00+05:30,2560.000000,2560.750000,2555.500000,2559.700000,446
2018-07-24T14:15:00+05:30,2559.700000,2559.950000,2555.000000,2558.900000,460
2018-07-24T14:30:00+05:30,2558.900000,2570.000000,2551.300000,2566.950000,5861
2018-07-24T14:45:00+05:30,2566.950000,2570.000000,2564.200000,2570.000000,3196
2018-07-24T15:00:00+05:30,2570.000000,2570.400000,2564.000000,2570.000000,1369
2018-07-24T15:15:00+05:30,2570.000000,2582.950000,2564.150000,2580.000000,17082
2018-07-25T09:15:00+05:30,2598.000000,2598.000000,2570.450000,2575.700000,287
2018-07-25T09:30:00+05:30,2575.700000,2590.000000,2570.000000,2590.000000,376
2018-07-25T09:45:00+05:30,2590.000000,2590.000000,2580.050000,2583.400000,228
2018-07-25T10:00:00+05:30,2583.400000,2589.950000,2581.250000,2581.350000,99
2018-07-25T10:15:00+05:30,2581.350000,2584.150000,2575.850000,2575.850000,167
2018-07-25T10:30:00+05:30,2575.850000,2575.850000,2570.000000,2570.000000,182
2018-07-25T10:45:00+05:30,2575.000000,2580.000000,2570.050000,2580.000000,108
2018-07-25T11:00:00+05:30,2580.000000,2580.000000,2578.000000,2578.000000,217
2018-07-25T11:15:00+05:30,2578.000000,2579.950000,2576.100000,2579.900000,9
2018-07-25T11:30:00+05:30,2579.900000,2579.900000,2575.000000,2575.000000,71
2018-07-25T11:45:00+05:30,2575.000000,2580.000000,2573.150000,2573.150000,98
2018-07-25T12:00:00+05:30,2573.150000,2575.350000,2572.000000,2575.350000,111
2018-07-25T12:15:00+05:30,2575.350000,2580.800000,2575.000000,2580.000000,106
2018-07-25T12:30:00+05:30,2580.000000,2583.300000,2578.700000,2582.400000,585
2018-07-25T12:45:00+05:30,2582.400000,2586.000000,2578.000000,2580.000000,760
2018-07-25T13:00:00+05:30,2580.000000,2598.000000,2575.850000,2597.600000,920
2018-07-25T13:15:00+05:30,2597.600000,2598.250000,2589.350000,2592.000000,294
2018-07-25T13:30:00+05:30,2592.000000,2633.300000,2592.000000,2630.950000,4769
2018-07-25T13:45:00+05:30,2630.950000,2648.000000,2616.000000,2637.950000,3449
2018-07-25T14:00:00+05:30,2637.950000,2649.000000,2624.000000,2646.400000,1366
2018-07-25T14:15:00+05:30,2646.400000,2648.000000,2635.000000,2643.000000,1366
2018-07-25T14:30:00+05:30,2643.000000,2647.700000,2638.300000,2644.850000,979
2018-07-25T14:45:00+05:30,2640.700000,2644.800000,2632.750000,2643.850000,1454
2018-07-25T15:00:00+05:30,2643.850000,2646.900000,2626.100000,2645.450000,1669
2018-07-25T15:15:00+05:30,2645.450000,2707.950000,2645.450000,2675.000000,12693
2018-07-26T09:15:00+05:30,2672.250000,2729.700000,2672.250000,2724.850000,5464
2018-07-26T09:30:00+05:30,2724.850000,2747.300000,2722.000000,2729.000000,5597
2018-07-26T09:45:00+05:30,2730.000000,2740.000000,2729.200000,2738.900000,1660
2018-07-26T10:00:00+05:30,2735.050000,2739.950000,2731.000000,2734.950000,1216
2018-07-26T10:15:00+05:30,2734.950000,2735.000000,2712.000000,2721.000000,1965
2018-07-26T10:30:00+05:30,2721.000000,2726.000000,2716.550000,2721.950000,1040
2018-07-26T10:45:00+05:30,2721.950000,2729.000000,2719.000000,2725.000000,1916
2018-07-26T11:00:00+05:30,2725.000000,2726.900000,2722.000000,2724.100000,617
2018-07-26T11:15:00+05:30,2724.100000,2727.500000,2724.050000,2727.500000,772
2018-07-26T11:30:00+05:30,2725.000000,2730.000000,2720.700000,2722.000000,1055
2018-07-26T11:45:00+05:30,2722.000000,2724.250000,2716.000000,2716.050000,682
2018-07-26T12:00:00+05:30,2716.050000,2720.000000,2715.400000,2717.900000,771
2018-07-26T12:15:00+05:30,2717.900000,2719.000000,2706.100000,2709.900000,1845
2018-07-26T12:30:00+05:30,2706.150000,2708.350000,2682.000000,2696.000000,2033
2018-07-26T12:45:00+05:30,2696.000000,2700.000000,2687.400000,2700.000000,716
2018-07-26T13:00:00+05:30,2700.000000,2700.000000,2699.600000,2700.000000,2952
2018-07-26T13:15:00+05:30,2699.900000,2700.000000,2693.300000,2700.000000,796
2018-07-26T13:30:00+05:30,2700.000000,2700.000000,2695.000000,2699.000000,522
2018-07-26T13:45:00+05:30,2699.000000,2710.000000,2695.000000,2697.950000,4032
2018-07-26T14:00:00+05:30,2697.950000,2700.000000,2697.950000,2699.950000,588
2018-07-26T14:15:00+05:30,2700.000000,2700.000000,2696.050000,2699.500000,860
2018-07-26T14:30:00+05:30,2699.500000,2700.400000,2699.500000,2699.800000,1168
2018-07-26T14:45:00+05:30,2699.800000,2700.000000,2698.450000,2700.000000,729
2018-07-26T15:00:00+05:30,2700.000000,2700.000000,2696.000000,2699.950000,1129
2018-07-26T15:15:00+05:30,2699.950000,2700.000000,2671.000000,2678.950000,2135
2018-07-27T09:15:00+05:30,2688.050000,2693.200000,2664.000000,2687.000000,994
2018-07-27T09:30:00+05:30,2687.000000,2708.350000,2679.900000,2696.000000,1266
2018-07-27T09:45:00+05:30,2696.000000,2699.950000,2691.200000,2699.850000,791
2018-07-27T10:00:00+05:30,2699.850000,2699.850000,2695.000000,2697.950000,477
2018-07-27T10:15:00+05:30,2697.950000,2697.950000,2687.600000,2695.900000,407
2018-07-27T10:30:00+05:30,2695.900000,2697.850000,2690.000000,2697.850000,225
2018-07-27T10:45:00+05:30,2697.850000,2697.900000,2690.000000,2694.400000,325
2018-07-27T11:00:00+05:30,2694.400000,2697.000000,2690.000000,2695.950000,368
2018-07-27T11:15:00+05:30,2695.950000,2696.900000,2686.150000,2689.950000,844
2018-07-27T11:30:00+05:30,2689.950000,2695.900000,2686.150000,2695.400000,220
2018-07-27T11:45:00+05:30,2695.400000,2695.750000,2690.150000,2695.350000,288
2018-07-27T12:00:00+05:30,2695.350000,2696.700000,2690.650000,2695.000000,294
2018-07-27T12:15:00+05:30,2695.000000,2695.000000,2691.000000,2695.000000,509
2018-07-27T12:30:00+05:30,2695.000000,2695.000000,2694.950000,2695.000000,231
2018-07-27T12:45:00+05:30,2695.000000,2695.100000,2692.100000,2693.000000,361
2018-07-27T13:00:00+05:30,2693.000000,2693.500000,2690.000000,2693.450000,854
2018-07-27T13:15:00+05:30,2693.450000,2694.500000,2691.000000,2692.500000,266
2018-07-27T13:30:00+05:30,2692.500000,2693.000000,2682.650000,2690.000000,791
2018-07-27T13:45:00+05:30,2690.000000,2695.000000,2688.350000,2692.400000,311
2018-07-27T14:00:00+05:30,2692.400000,2696.950000,2690.000000,2691.400000,1277
2018-07-27T14:15:00+05:30,2691.000000,2694.000000,2690.000000,2694.000000,855
2018-07-27T14:30:00+05:30,2694.000000,2695.000000,2690.500000,2695.000000,455
2018-07-27T14:45:00+05:30,2695.000000,2695.000000,2691.350000,2695.000000,433
2018-07-27T15:00:00+05:30,2695.000000,2695.000000,2684.200000,2690.100000,916
2018-07-27T15:15:00+05:30,2690.100000,2694.900000,2680.100000,2694.000000,1363
2018-07-30T09:15:00+05:30,2716.000000,2724.050000,2683.550000,2683.550000,1286
2018-07-30T09:30:00+05:30,2690.000000,2708.900000,2690.000000,2704.900000,433
2018-07-30T09:45:00+05:30,2704.900000,2708.000000,2700.900000,2707.900000,299
2018-07-30T10:00:00+05:30,2707.900000,2710.900000,2697.250000,2697.250000,962
2018-07-30T10:15:00+05:30,2697.250000,2699.950000,2684.800000,2684.800000,325
2018-07-30T10:30:00+05:30,2684.800000,2690.000000,2681.900000,2681.900000,365
2018-07-30T10:45:00+05:30,2681.900000,2689.950000,2681.000000,2681.000000,349
2018-07-30T11:00:00+05:30,2681.000000,2683.900000,2676.650000,2683.900000,122
2018-07-30T11:15:00+05:30,2683.900000,2689.750000,2682.000000,2682.000000,328
2018-07-30T11:30:00+05:30,2682.000000,2683.100000,2680.500000,2680.500000,197
2018-07-30T11:45:00+05:30,2680.500000,2687.500000,2680.500000,2685.000000,272
2018-07-30T12:00:00+05:30,2685.000000,2689.750000,2685.000000,2685.850000,171
2018-07-30T12:15:00+05:30,2685.850000,2688.050000,2685.050000,2687.000000,114
2018-07-30T12:30:00+05:30,2687.000000,2687.000000,2685.000000,2686.900000,106
2018-07-30T12:45:00+05:30,2686.900000,2686.950000,2685.000000,2685.000000,294
2018-07-30T13:00:00+05:30,2685.000000,2686.150000,2679.000000,2679.900000,424
2018-07-30T13:15:00+05:30,2679.900000,2680.000000,2679.500000,2679.500000,62
2018-07-30T13:30:00+05:30,2679.500000,2679.900000,2667.000000,2669.000000,267
2018-07-30T13:45:00+05:30,2669.000000,2670.000000,2665.250000,2666.050000,413
2018-07-30T14:00:00+05:30,2666.050000,2670.250000,2659.350000,2670.250000,537
2018-07-30T14:15:00+05:30,2670.250000,2682.650000,2664.900000,2670.000000,850
2018-07-30T14:30:00+05:30,2670.000000,2674.850000,2655.100000,2658.650000,632
2018-07-30T14:45:00+05:30,2658.650000,2659.300000,2639.950000,2650.000000,1267
2018-07-30T15:00:00+05:30,2650.000000,2650.000000,2641.150000,2647.600000,1025
2018-07-30T15:15:00+05:30,2647.600000,2650.000000,2630.000000,2640.000000,2192
2018-07-31T09:15:00+05:30,2643.700000,2649.700000,2630.000000,2637.950000,390
2018-07-31T09:30:00+05:30,2637.950000,2650.000000,2634.400000,2650.000000,247
2018-07-31T09:45:00+05:30,2650.000000,2667.550000,2650.000000,2664.000000,711
2018-07-31T10:00:00+05:30,2664.000000,2668.950000,2661.950000,2665.000000,638
2018-07-31T10:15:00+05:30,2665.000000,2667.550000,2661.050000,2661.050000,182
2018-07-31T10:30:00+05:30,2661.100000,2661.350000,2654.000000,2654.000000,168
2018-07-31T10:45:00+05:30,2654.000000,2668.000000,2654.000000,2666.300000,290
2018-07-31T11:00:00+05:30,2666.300000,2666.300000,2657.500000,2660.000000,58
2018-07-31T11:15:00+05:30,2660.000000,2665.000000,2651.000000,2651.050000,485
2018-07-31T11:30:00+05:30,2651.050000,2660.000000,2650.550000,2655.000000,1233
2018-07-31T11:45:00+05:30,2653.450000,2655.000000,2646.000000,2649.950000,744
2018-07-31T12:00:00+05:30,2648.850000,2650.000000,2645.000000,2648.000000,156
2018-07-31T12:15:00+05:30,2648.000000,2650.000000,2639.150000,2644.700000,658
2018-07-31T12:30:00+05:30,2644.700000,2650.000000,2640.400000,2642.850000,359
2018-07-31T12:45:00+05:30,2642.850000,2650.100000,2640.050000,2648.000000,1483
2018-07-31T13:00:00+05:30,2648.000000,2653.250000,2641.000000,2650.000000,831
2018-07-31T13:15:00+05:30,2650.000000,2653.100000,2648.000000,2648.000000,743
2018-07-31T13:30:00+05:30,2648.000000,2650.000000,2644.900000,2644.900000,178
2018-07-31T13:45:00+05:30,2645.000000,2650.000000,2635.100000,2645.900000,721
2018-07-31T14:00:00+05:30,2645.900000,2650.000000,2645.900000,2649.000000,224
2018-07-31T14:15:00+05:30,2649.000000,2649.000000,2644.900000,2646.000000,723
2018-07-31T14:30:00+05:30,2646.000000,2669.300000,2646.000000,2669.300000,1074
2018-07-31T14:45:00+05:30,2669.300000,2676.000000,2668.750000,2670.500000,1802
2018-07-31T15:00:00+05:30,2670.500000,2675.000000,2665.100000,2674.750000,1430
2018-07-31T15:15:00+05:30,2675.000000,2678.850000,2664.100000,2675.000000,1501
2018-08-01T09:15:00+05:30,2650.000000,2690.000000,2650.000000,2689.650000,646
2018-08-01T09:30:00+05:30,2688.050000,2695.000000,2663.150000,2665.350000,454
2018-08-01T09:45:00+05:30,2665.350000,2679.000000,2665.350000,2679.000000,137
2018-08-01T10:00:00+05:30,2679.000000,2679.000000,2675.500000,2676.300000,127
2018-08-01T10:15:00+05:30,2676.300000,2680.000000,2670.050000,2677.950000,683
2018-08-01T10:30:00+05:30,2677.950000,2680.000000,2677.950000,2678.000000,171
2018-08-01T10:45:00+05:30,2678.000000,2680.000000,2666.000000,2674.800000,380
2018-08-01T11:00:00+05:30,2674.800000,2674.800000,2669.000000,2670.000000,55
2018-08-01T11:15:00+05:30,2670.000000,2673.150000,2655.700000,2656.000000,221
2018-08-01T11:30:00+05:30,2656.000000,2668.000000,2656.000000,2661.600000,252
2018-08-01T11:45:00+05:30,2661.600000,2670.000000,2661.600000,2667.000000,150
2018-08-01T12:00:00+05:30,2667.000000,2669.500000,2665.200000,2665.200000,24
2018-08-01T12:15:00+05:30,2665.200000,2668.750000,2662.150000,2662.150000,36
2018-08-01T12:30:00+05:30,2662.150000,2670.000000,2662.150000,2670.000000,86
2018-08-01T12:45:00+05:30,2670.000000,2670.000000,2666.350000,2669.850000,117
2018-08-01T13:00:00+05:30,2669.850000,2670.000000,2656.250000,2660.000000,361
2018-08-01T13:15:00+05:30,2660.000000,2660.000000,2655.000000,2656.150000,232
2018-08-01T13:30:00+05:30,2656.150000,2660.000000,2653.150000,2660.000000,79
2018-08-01T13:45:00+05:30,2660.000000,2660.000000,2659.550000,2659.600000,354
2018-08-01T14:00:00+05:30,2659.600000,2660.000000,2659.600000,2659.950000,1533
2018-08-01T14:15:00+05:30,2659.950000,2667.500000,2658.750000,2659.150000,469
2018-08-01T14:30:00+05:30,2659.150000,2660.000000,2656.000000,2656.700000,139
2018-08-01T14:45:00+05:30,2656.700000,2670.000000,2656.700000,2665.000000,1089
2018-08-01T15:00:00+05:30,2664.600000,2666.000000,2655.000000,2665.000000,983
2018-08-01T15:15:00+05:30,2665.000000,2670.000000,2652.350000,2654.200000,1796
2018-08-02T09:15:00+05:30,2685.000000,2694.950000,2669.950000,2678.600000,1507
2018-08-02T09:30:00+05:30,2678.600000,2680.000000,2660.000000,2674.000000,928
2018-08-02T09:45:00+05:30,2674.000000,2678.500000,2670.000000,2677.000000,570
2018-08-02T10:00:00+05:30,2677.000000,2680.000000,2674.550000,2675.550000,2190
2018-08-02T10:15:00+05:30,2675.550000,2681.600000,2675.550000,2678.000000,820
2018-08-02T10:30:00+05:30,2678.000000,2679.950000,2671.150000,2679.950000,529
2018-08-02T10:45:00+05:30,2679.950000,2679.950000,2675.100000,2676.500000,227
2018-08-02T11:00:00+05:30,2676.500000,2680.000000,2675.100000,2678.500000,419
2018-08-02T11:15:00+05:30,2678.500000,2680.000000,2675.600000,2679.800000,569
2018-08-02T11:30:00+05:30,2679.800000,2680.000000,2676.450000,2678.000000,159
2018-08-02T11:45:00+05:30,2680.000000,2685.000000,2676.000000,2676.000000,727
2018-08-02T12:00:00+05:30,2676.000000,2680.000000,2672.200000,2680.000000,703
2018-08-02T12:15:00+05:30,2680.000000,2682.750000,2676.000000,2679.950000,440
2018-08-02T12:30:00+05:30,2679.950000,2680.000000,2676.100000,2679.950000,4181
2018-08-02T12:45:00+05:30,2679.950000,2680.000000,2676.100000,2678.400000,295
2018-08-02T13:00:00+05:30,2678.400000,2680.000000,2677.500000,2677.500000,848
2018-08-02T13:15:00+05:30,2677.500000,2680.000000,2671.850000,2680.000000,1274
2018-08-02T13:30:00+05:30,2680.000000,2684.000000,2675.100000,2680.000000,9437
2018-08-02T13:45:00+05:30,2680.000000,2682.000000,2678.450000,2679.950000,1544
2018-08-02T14:00:00+05:30,2680.000000,2816.900000,2679.950000,2743.000000,164153
2018-08-02T14:15:00+05:30,2742.050000,2766.000000,2735.000000,2748.000000,22007
2018-08-02T14:30:00+05:30,2745.100000,2760.050000,2744.050000,2752.550000,6269
2018-08-02T14:45:00+05:30,2752.550000,2757.000000,2736.000000,2741.150000,7405
2018-08-02T15:00:00+05:30,2741.150000,2746.600000,2730.000000,2730.500000,9782
2018-08-02T15:15:00+05:30,2731.000000,2740.000000,2681.350000,2699.900000,23521
2018-08-03T09:15:00+05:30,2739.950000,2743.900000,2701.100000,2722.000000,8121
2018-08-03T09:30:00+05:30,2722.000000,2730.000000,2679.400000,2689.850000,7041
2018-08-03T09:45:00+05:30,2689.850000,2714.100000,2687.000000,2714.100000,2635
2018-08-03T10:00:00+05:30,2714.100000,2717.000000,2703.000000,2705.150000,1465
2018-08-03T10:15:00+05:30,2705.150000,2715.000000,2705.100000,2705.150000,918
2018-08-03T10:30:00+05:30,2705.150000,2715.000000,2703.000000,2710.000000,4537
2018-08-03T10:45:00+05:30,2707.550000,2713.150000,2707.550000,2711.300000,799
2018-08-03T11:00:00+05:30,2711.350000,2725.000000,2709.000000,2721.000000,2182
2018-08-03T11:15:00+05:30,2722.050000,2761.550000,2721.000000,2743.000000,15868
2018-08-03T11:30:00+05:30,2742.050000,2749.900000,2741.000000,2744.000000,4590
2018-08-03T11:45:00+05:30,2744.000000,2756.000000,2741.050000,2755.000000,4768
2018-08-03T12:00:00+05:30,2755.000000,2760.000000,2743.000000,2743.600000,4975
2018-08-03T12:15:00+05:30,2743.600000,2749.400000,2743.000000,2743.050000,2383
2018-08-03T12:30:00+05:30,2743.100000,2748.850000,2741.100000,2741.250000,1467
2018-08-03T12:45:00+05:30,2741.300000,2745.000000,2722.150000,2730.050000,3929
2018-08-03T13:00:00+05:30,2730.050000,2737.950000,2730.000000,2737.000000,1060
2018-08-03T13:15:00+05:30,2737.000000,2739.950000,2731.050000,2731.700000,1595
2018-08-03T13:30:00+05:30,2731.700000,2737.950000,2723.450000,2727.250000,1637
2018-08-03T13:45:00+05:30,2727.250000,2736.050000,2723.000000,2735.000000,3065
2018-08-03T14:00:00+05:30,2735.000000,2741.850000,2723.150000,2731.450000,3405
2018-08-03T14:15:00+05:30,2731.450000,2734.650000,2726.000000,2726.050000,1374
2018-08-03T14:30:00+05:30,2726.050000,2735.000000,2726.050000,2734.000000,1772
2018-08-03T14:45:00+05:30,2734.000000,2734.800000,2702.650000,2709.600000,7037
2018-08-03T15:00:00+05:30,2707.650000,2718.000000,2666.150000,2666.200000,10905
2018-08-03T15:15:00+05:30,2666.200000,2739.000000,2666.200000,2720.050000,13164
2018-08-06T09:15:00+05:30,2740.000000,2740.000000,2715.000000,2719.400000,2244
2018-08-06T09:30:00+05:30,2719.400000,2725.000000,2718.950000,2719.000000,754
2018-08-06T09:45:00+05:30,2719.000000,2719.000000,2710.050000,2714.600000,500
2018-08-06T10:00:00+05:30,2714.600000,2718.700000,2712.000000,2715.700000,422
2018-08-06T10:15:00+05:30,2715.700000,2727.400000,2713.000000,2724.300000,421
2018-08-06T10:30:00+05:30,2724.300000,2724.300000,2714.200000,2717.700000,422
2018-08-06T10:45:00+05:30,2717.700000,2722.950000,2716.000000,2717.600000,156
2018-08-06T11:00:00+05:30,2717.600000,2717.700000,2708.250000,2709.950000,291
2018-08-06T11:15:00+05:30,2709.950000,2709.950000,2696.600000,2704.000000,1191
2018-08-06T11:30:00+05:30,2704.000000,2704.000000,2688.050000,2693.650000,810
2018-08-06T11:45:00+05:30,2693.650000,2697.550000,2685.000000,2690.000000,760
2018-08-06T12:00:00+05:30,2689.250000,2693.700000,2680.100000,2686.850000,581
2018-08-06T12:15:00+05:30,2686.850000,2695.600000,2684.650000,2695.000000,315
2018-08-06T12:30:00+05:30,2695.000000,2700.100000,2693.600000,2700.100000,597
2018-08-06T12:45:00+05:30,2700.100000,2703.000000,2693.150000,2694.250000,629
2018-08-06T13:00:00+05:30,2694.250000,2700.000000,2694.250000,2699.950000,131
2018-08-06T13:15:00+05:30,2699.950000,2700.100000,2696.000000,2699.950000,640
2018-08-06T13:30:00+05:30,2699.950000,2700.000000,2692.500000,2700.000000,271
2018-08-06T13:45:00+05:30,2700.000000,2700.000000,2697.450000,2699.900000,223
2018-08-06T14:00:00+05:30,2699.900000,2705.000000,2695.000000,2699.950000,1942
2018-08-06T14:15:00+05:30,2699.950000,2699.950000,2696.950000,2699.950000,214
2018-08-06T14:30:00+05:30,2699.950000,2700.000000,2697.600000,2700.000000,295
2018-08-06T14:45:00+05:30,2700.000000,2700.000000,2681.900000,2686.550000,654
2018-08-06T15:00:00+05:30,2686.550000,2698.700000,2682.000000,2687.050000,2328
2018-08-06T15:15:00+05:30,2687.050000,2700.000000,2686.200000,2700.000000,1870
2018-08-07T09:15:00+05:30,2724.900000,2724.900000,2670.500000,2700.000000,1108
2018-08-07T09:30:00+05:30,2700.800000,2715.000000,2700.050000,2710.200000,1128
2018-08-07T09:45:00+05:30,2710.200000,2729.000000,2710.100000,2727.950000,2012
2018-08-07T10:00:00+05:30,2727.950000,2729.000000,2721.500000,2724.900000,1057
2018-08-07T10:15:00+05:30,2724.900000,2724.950000,2708.000000,2710.000000,1509
2018-08-07T10:30:00+05:30,2710.000000,2710.000000,2695.000000,2699.950000,729
2018-08-07T10:45:00+05:30,2699.950000,2699.950000,2696.100000,2699.900000,272
2018-08-07T11:00:00+05:30,2699.900000,2700.000000,2696.350000,2699.000000,489
2018-08-07T11:15:00+05:30,2699.000000,2699.800000,2696.750000,2699.450000,280
2018-08-07T11:30:00+05:30,2699.450000,2699.700000,2695.050000,2698.950000,355
2018-08-07T11:45:00+05:30,2698.950000,2698.950000,2689.750000,2694.950000,1562
2018-08-07T12:00:00+05:30,2694.950000,2700.000000,2692.000000,2695.000000,1898
2018-08-07T12:15:00+05:30,2695.000000,2698.850000,2695.000000,2695.000000,371
2018-08-07T12:30:00+05:30,2695.000000,2695.000000,2692.050000,2694.950000,378
2018-08-07T12:45:00+05:30,2694.950000,2695.000000,2690.500000,2694.700000,422
2018-08-07T13:00:00+05:30,2694.700000,2698.850000,2694.450000,2695.000000,703
2018-08-07T13:15:00+05:30,2695.000000,2695.050000,2693.000000,2695.000000,1120
2018-08-07T13:30:00+05:30,2695.000000,2695.000000,2694.200000,2695.000000,1241
2018-08-07T13:45:00+05:30,2695.000000,2695.000000,2694.000000,2695.000000,323
2018-08-07T14:00:00+05:30,2695.000000,2695.000000,2694.200000,2695.000000,899
2018-08-07T14:15:00+05:30,2695.000000,2695.000000,2694.000000,2695.000000,514
2018-08-07T14:30:00+05:30,2695.000000,2695.000000,2691.050000,2693.000000,678
2018-08-07T14:45:00+05:30,2693.000000,2693.000000,2675.050000,2679.850000,3888
2018-08-07T15:00:00+05:30,2679.850000,2679.900000,2667.150000,2670.000000,6782
2018-08-07T15:15:00+05:30,2670.000000,2674.000000,2660.000000,2665.000000,3383
2018-08-08T09:15:00+05:30,2680.050000,2726.900000,2680.050000,2712.150000,3533
2018-08-08T09:30:00+05:30,2712.150000,2714.850000,2693.950000,2700.000000,1140
2018-08-08T09:45:00+05:30,2699.450000,2701.000000,2693.950000,2700.000000,1952
2018-08-08T10:00:00+05:30,2700.000000,2702.750000,2695.600000,2700.000000,705
2018-08-08T10:15:00+05:30,2700.000000,2702.750000,2696.500000,2702.350000,24013
2018-08-08T10:30:00+05:30,2702.350000,2800.000000,2702.350000,2759.000000,26030
2018-08-08T10:45:00+05:30,2753.500000,2757.250000,2715.000000,2742.800000,11010
2018-08-08T11:00:00+05:30,2742.800000,2750.000000,2735.050000,2749.950000,7941
2018-08-08T11:15:00+05:30,2749.950000,2759.950000,2742.650000,2752.800000,11982
2018-08-08T11:30:00+05:30,2752.800000,2774.750000,2745.600000,2756.950000,3470
2018-08-08T11:45:00+05:30,2756.950000,2782.000000,2753.400000,2775.150000,9550
2018-08-08T12:00:00+05:30,2775.150000,2780.000000,2735.000000,2735.000000,6280
2018-08-08T12:15:00+05:30,2735.000000,2749.950000,2730.000000,2741.100000,1812
2018-08-08T12:30:00+05:30,2741.200000,2747.950000,2735.000000,2737.150000,1251
2018-08-08T12:45:00+05:30,2737.100000,2744.800000,2733.050000,2738.850000,1393
2018-08-08T13:00:00+05:30,2738.850000,2739.100000,2735.000000,2737.950000,1591
2018-08-08T13:15:00+05:30,2737.950000,2738.950000,2722.000000,2727.850000,2408
2018-08-08T13:30:00+05:30,2726.500000,2728.000000,2694.800000,2700.000000,8265
2018-08-08T13:45:00+05:30,2700.000000,2700.000000,2681.550000,2700.000000,5787
2018-08-08T14:00:00+05:30,2700.000000,2700.050000,2690.000000,2699.800000,2277
2018-08-08T14:15:00+05:30,2699.800000,2699.800000,2682.650000,2693.300000,2312
2018-08-08T14:30:00+05:30,2693.300000,2699.900000,2689.000000,2699.000000,3602
2018-08-08T14:45:00+05:30,2699.000000,2711.000000,2695.000000,2711.000000,4489
2018-08-08T15:00:00+05:30,2711.000000,2732.000000,2700.000000,2708.250000,6520
2018-08-08T15:15:00+05:30,2708.250000,2710.000000,2697.150000,2710.000000,3281
2018-08-09T09:15:00+05:30,2730.150000,2758.100000,2724.950000,2728.000000,5618
2018-08-09T09:30:00+05:30,2728.000000,2737.000000,2712.100000,2737.000000,2225
2018-08-09T09:45:00+05:30,2737.000000,2745.850000,2730.000000,2745.000000,4356
2018-08-09T10:00:00+05:30,2745.000000,2746.850000,2735.050000,2743.500000,1206
2018-08-09T10:15:00+05:30,2743.500000,2746.750000,2740.050000,2745.500000,1919
2018-08-09T10:30:00+05:30,2745.500000,2745.500000,2730.000000,2732.000000,1438
2018-08-09T10:45:00+05:30,2732.000000,2738.800000,2731.000000,2733.800000,705
2018-08-09T11:00:00+05:30,2733.400000,2739.000000,2732.100000,2737.950000,1047
2018-08-09T11:15:00+05:30,2737.950000,2759.950000,2737.250000,2750.550000,9821
2018-08-09T11:30:00+05:30,2750.550000,2773.000000,2750.550000,2765.000000,8555
2018-08-09T11:45:00+05:30,2763.000000,2769.350000,2745.000000,2750.050000,5957
2018-08-09T12:00:00+05:30,2750.050000,2753.500000,2730.550000,2733.000000,4041
2018-08-09T12:15:00+05:30,2733.000000,2739.800000,2722.000000,2738.150000,2695
2018-08-09T12:30:00+05:30,2738.150000,2757.000000,2731.000000,2752.050000,4496
2018-08-09T12:45:00+05:30,2752.600000,2754.500000,2741.150000,2746.850000,1851
2018-08-09T13:00:00+05:30,2746.850000,2754.000000,2746.850000,2748.600000,444
2018-08-09T13:15:00+05:30,2748.600000,2752.000000,2746.150000,2747.500000,652
2018-08-09T13:30:00+05:30,2747.500000,2748.050000,2733.050000,2738.200000,3130
2018-08-09T13:45:00+05:30,2738.200000,2749.800000,2735.000000,2741.000000,921
2018-08-09T14:00:00+05:30,2741.000000,2749.650000,2740.000000,2746.100000,1336
2018-08-09T14:15:00+05:30,2746.100000,2748.000000,2740.100000,2741.300000,837
2018-08-09T14:30:00+05:30,2741.300000,2749.000000,2741.300000,2747.000000,970
2018-08-09T14:45:00+05:30,2745.400000,2746.000000,2741.050000,2741.600000,851
2018-08-09T15:00:00+05:30,2741.600000,2755.000000,2741.000000,2751.950000,7274
2018-08-09T15:15:00+05:30,2751.950000,2752.000000,2708.800000,2712.100000,7380
2018-08-10T09:15:00+05:30,2734.950000,2741.700000,2717.650000,2735.150000,1657
2018-08-10T09:30:00+05:30,2735.150000,2760.000000,2734.900000,2749.950000,2150
2018-08-10T09:45:00+05:30,2749.950000,2749.950000,2731.450000,2737.750000,1030
2018-08-10T10:00:00+05:30,2737.750000,2748.000000,2736.500000,2747.400000,1020
2018-08-10T10:15:00+05:30,2747.400000,2749.000000,2737.850000,2748.250000,688
2018-08-10T10:30:00+05:30,2748.250000,2750.000000,2738.000000,2742.200000,1347
2018-08-10T10:45:00+05:30,2742.200000,2747.800000,2741.000000,2747.350000,611
2018-08-10T11:00:00+05:30,2747.350000,2747.450000,2745.750000,2746.950000,609
2018-08-10T11:15:00+05:30,2746.950000,2746.950000,2739.050000,2745.000000,620
2018-08-10T11:30:00+05:30,2745.950000,2747.000000,2739.600000,2743.600000,825
2018-08-10T11:45:00+05:30,2743.600000,2745.800000,2739.600000,2745.800000,420
2018-08-10T12:00:00+05:30,2745.800000,2746.500000,2741.050000,2746.350000,340
2018-08-10T12:15:00+05:30,2746.350000,2746.750000,2740.600000,2744.250000,639
2018-08-10T12:30:00+05:30,2744.250000,2746.700000,2740.650000,2743.950000,549
2018-08-10T12:45:00+05:30,2743.950000,2744.000000,2740.050000,2740.500000,130
2018-08-10T13:00:00+05:30,2740.500000,2743.500000,2740.500000,2743.000000,209
2018-08-10T13:15:00+05:30,2743.000000,2744.750000,2742.050000,2744.000000,87
2018-08-10T13:30:00+05:30,2744.000000,2744.000000,2742.050000,2744.000000,205
2018-08-10T13:45:00+05:30,2744.000000,2744.000000,2735.000000,2739.150000,640
2018-08-10T14:00:00+05:30,2739.150000,2739.200000,2729.300000,2732.400000,551
2018-08-10T14:15:00+05:30,2732.400000,2740.000000,2729.750000,2729.750000,584
2018-08-10T14:30:00+05:30,2729.750000,2730.900000,2713.650000,2713.650000,2620
2018-08-10T14:45:00+05:30,2713.650000,2724.950000,2701.150000,2712.400000,2082
2018-08-10T15:00:00+05:30,2712.400000,2715.000000,2709.700000,2710.550000,1501
2018-08-10T15:15:00+05:30,2710.550000,2715.000000,2710.100000,2715.000000,2523
2018-08-13T09:15:00+05:30,2709.950000,2740.000000,2700.150000,2739.000000,1981
2018-08-13T09:30:00+05:30,2739.000000,2739.950000,2727.600000,2736.950000,1005
2018-08-13T09:45:00+05:30,2736.950000,2748.400000,2734.900000,2736.000000,2249
2018-08-13T10:00:00+05:30,2736.000000,2749.950000,2736.000000,2749.750000,1916
2018-08-13T10:15:00+05:30,2749.750000,2780.050000,2745.100000,2764.900000,8389
2018-08-13T10:30:00+05:30,2764.900000,2768.000000,2760.000000,2766.900000,1851
2018-08-13T10:45:00+05:30,2766.900000,2768.000000,2756.100000,2763.800000,1512
2018-08-13T11:00:00+05:30,2763.800000,2765.050000,2757.150000,2760.450000,1846
2018-08-13T11:15:00+05:30,2760.450000,2764.800000,2758.750000,2760.600000,1312
2018-08-13T11:30:00+05:30,2760.600000,2779.950000,2760.300000,2772.000000,3743
2018-08-13T11:45:00+05:30,2772.000000,2779.950000,2772.000000,2776.050000,2362
2018-08-13T12:00:00+05:30,2776.050000,2790.950000,2771.950000,2782.000000,8392
2018-08-13T12:15:00+05:30,2785.000000,2787.750000,2773.500000,2777.400000,1751
2018-08-13T12:30:00+05:30,2777.400000,2783.950000,2774.400000,2780.000000,1785
2018-08-13T12:45:00+05:30,2781.000000,2794.200000,2780.000000,2790.000000,2843
2018-08-13T13:00:00+05:30,2790.000000,2791.950000,2780.000000,2782.050000,2185
2018-08-13T13:15:00+05:30,2782.050000,2824.000000,2782.050000,2813.000000,10497
2018-08-13T13:30:00+05:30,2813.000000,2817.000000,2788.000000,2804.050000,3196
2018-08-13T13:45:00+05:30,2804.050000,2807.000000,2800.000000,2802.350000,832
2018-08-13T14:00:00+05:30,2804.000000,2808.950000,2793.200000,2808.350000,1536
2018-08-13T14:15:00+05:30,2805.650000,2812.000000,2799.050000,2812.000000,1677
2018-08-13T14:30:00+05:30,2819.550000,2838.800000,2806.350000,2832.850000,7471
2018-08-13T14:45:00+05:30,2827.200000,2834.000000,2807.000000,2822.000000,5886
2018-08-13T15:00:00+05:30,2822.000000,2848.000000,2810.000000,2834.000000,10105
2018-08-13T15:15:00+05:30,2834.250000,2845.000000,2832.000000,2832.000000,6909
2018-08-14T09:15:00+05:30,2831.000000,2874.700000,2825.000000,2870.000000,7344
2018-08-14T09:30:00+05:30,2870.050000,2880.000000,2866.250000,2873.950000,4950
2018-08-14T09:45:00+05:30,2873.950000,2874.800000,2860.000000,2867.250000,5776
2018-08-14T10:00:00+05:30,2867.250000,2886.750000,2864.450000,2883.800000,4673
2018-08-14T10:15:00+05:30,2883.800000,2883.800000,2873.100000,2877.800000,957
2018-08-14T10:30:00+05:30,2877.800000,2879.050000,2868.750000,2875.100000,1404
2018-08-14T10:45:00+05:30,2875.100000,2898.000000,2875.000000,2890.000000,5193
2018-08-14T11:00:00+05:30,2885.200000,2911.000000,2885.050000,2892.050000,8058
2018-08-14T11:15:00+05:30,2894.900000,2900.000000,2892.000000,2897.050000,2079
2018-08-14T11:30:00+05:30,2897.050000,2900.000000,2894.350000,2895.100000,2334
2018-08-14T11:45:00+05:30,2895.100000,2907.000000,2895.000000,2898.000000,5727
2018-08-14T12:00:00+05:30,2898.000000,2899.950000,2895.000000,2899.450000,1528
2018-08-14T12:15:00+05:30,2899.450000,2905.000000,2896.250000,2900.000000,2441
2018-08-14T12:30:00+05:30,2900.000000,2900.000000,2897.000000,2897.150000,990
2018-08-14T12:45:00+05:30,2897.150000,2899.900000,2885.000000,2895.300000,2029
2018-08-14T13:00:00+05:30,2895.300000,2900.000000,2895.300000,2899.950000,1659
2018-08-14T13:15:00+05:30,2899.950000,2900.000000,2897.350000,2900.000000,2230
2018-08-14T13:30:00+05:30,2898.900000,2900.000000,2898.850000,2900.000000,1809
2018-08-14T13:45:00+05:30,2900.000000,2900.050000,2899.450000,2899.900000,2688
2018-08-14T14:00:00+05:30,2899.550000,2899.950000,2889.100000,2889.100000,1389
2018-08-14T14:15:00+05:30,2889.100000,2892.700000,2874.950000,2884.000000,2766
2018-08-14T14:30:00+05:30,2884.000000,2887.500000,2875.050000,2878.000000,1576
2018-08-14T14:45:00+05:30,2878.000000,2884.950000,2875.850000,2882.900000,1241
2018-08-14T15:00:00+05:30,2884.000000,2900.000000,2882.900000,2900.000000,5949
2018-08-14T15:15:00+05:30,2899.450000,2908.800000,2885.000000,2885.000000,7332
2018-08-16T09:15:00+05:30,2883.000000,2978.000000,2883.000000,2966.000000,7238
2018-08-16T09:30:00+05:30,2966.000000,2966.000000,2942.000000,2956.350000,2889
2018-08-16T09:45:00+05:30,2956.350000,2997.000000,2956.350000,2997.000000,9871
2018-08-16T10:00:00+05:30,2998.000000,3024.000000,2990.000000,3011.700000,11089
2018-08-16T10:15:00+05:30,3011.700000,3021.750000,3010.000000,3012.650000,5275
2018-08-16T10:30:00+05:30,3012.650000,3059.000000,3000.200000,3025.250000,12990
2018-08-16T10:45:00+05:30,3025.250000,3044.950000,3025.250000,3036.750000,3841
2018-08-16T11:00:00+05:30,3036.750000,3045.000000,3032.000000,3036.000000,2713
2018-08-16T11:15:00+05:30,3036.000000,3043.000000,3032.250000,3040.100000,2157
2018-08-16T11:30:00+05:30,3040.100000,3042.900000,3013.100000,3015.650000,5214
2018-08-16T11:45:00+05:30,3015.350000,3033.000000,3013.050000,3031.550000,4117
2018-08-16T12:00:00+05:30,3031.550000,3040.000000,3024.200000,3026.250000,3685
2018-08-16T12:15:00+05:30,3026.250000,3033.000000,3012.100000,3013.500000,3450
2018-08-16T12:30:00+05:30,3013.500000,3032.400000,3013.500000,3028.500000,1398
2018-08-16T12:45:00+05:30,3032.850000,3043.350000,3025.350000,3037.800000,2830
2018-08-16T13:00:00+05:30,3037.800000,3037.900000,3016.600000,3030.900000,2516
2018-08-16T13:15:00+05:30,3030.900000,3035.000000,3023.000000,3028.500000,1730
2018-08-16T13:30:00+05:30,3028.500000,3030.000000,3020.100000,3022.000000,2000
2018-08-16T13:45:00+05:30,3022.000000,3029.950000,3021.900000,3029.050000,1065
2018-08-16T14:00:00+05:30,3029.050000,3038.000000,3021.850000,3035.050000,3482
2018-08-16T14:15:00+05:30,3035.050000,3043.000000,3030.550000,3033.000000,3715
2018-08-16T14:30:00+05:30,3033.000000,3033.000000,3021.000000,3023.150000,3161
2018-08-16T14:45:00+05:30,3023.150000,3044.950000,3023.150000,3041.600000,7503
2018-08-16T15:00:00+05:30,3041.600000,3056.200000,3021.850000,3030.200000,11750
2018-08-16T15:15:00+05:30,3030.200000,3035.000000,3001.250000,3016.900000,9546
2018-08-17T09:15:00+05:30,3024.900000,3065.950000,3017.000000,3061.050000,6733
2018-08-17T09:30:00+05:30,3061.350000,3087.950000,3018.050000,3037.000000,8624
2018-08-17T09:45:00+05:30,3037.000000,3038.800000,2983.800000,3012.900000,8354
2018-08-17T10:00:00+05:30,3010.000000,3022.000000,3010.000000,3016.450000,3010
2018-08-17T10:15:00+05:30,3016.450000,3046.850000,3016.450000,3039.350000,2728
2018-08-17T10:30:00+05:30,3039.350000,3041.600000,3019.550000,3025.600000,1517
2018-08-17T10:45:00+05:30,3025.600000,3028.950000,3017.800000,3018.600000,1052
2018-08-17T11:00:00+05:30,3018.600000,3038.150000,3018.600000,3033.700000,1294
2018-08-17T11:15:00+05:30,3033.700000,3040.000000,3021.550000,3035.900000,1710
2018-08-17T11:30:00+05:30,3035.900000,3046.850000,3033.050000,3035.000000,1809
2018-08-17T11:45:00+05:30,3035.000000,3055.000000,3035.000000,3055.000000,1656
2018-08-17T12:00:00+05:30,3051.350000,3061.000000,3035.100000,3044.750000,1979
2018-08-17T12:15:00+05:30,3046.050000,3062.900000,3040.000000,3040.200000,1601
2018-08-17T12:30:00+05:30,3040.200000,3047.900000,3040.200000,3045.550000,740
2018-08-17T12:45:00+05:30,3043.050000,3049.950000,3043.050000,3048.900000,1141
2018-08-17T13:00:00+05:30,3049.000000,3054.950000,3043.950000,3050.500000,1037
2018-08-17T13:15:00+05:30,3050.500000,3052.750000,3040.000000,3043.000000,970
2018-08-17T13:30:00+05:30,3043.000000,3045.000000,3025.550000,3034.200000,1805
2018-08-17T13:45:00+05:30,3034.200000,3043.700000,3030.100000,3038.300000,385
2018-08-17T14:00:00+05:30,3038.300000,3042.000000,3033.700000,3040.000000,702
2018-08-17T14:15:00+05:30,3040.000000,3050.000000,3040.000000,3041.000000,1420
2018-08-17T14:30:00+05:30,3041.200000,3045.000000,3034.700000,3042.000000,1814
2018-08-17T14:45:00+05:30,3042.000000,3049.850000,3033.100000,3046.300000,1687
2018-08-17T15:00:00+05:30,3046.300000,3053.000000,3015.100000,3034.250000,6107
2018-08-17T15:15:00+05:30,3033.400000,3050.000000,3031.000000,3032.300000,6269
2018-08-20T09:15:00+05:30,3042.700000,3083.950000,3042.700000,3057.550000,2600
2018-08-20T09:30:00+05:30,3052.000000,3069.000000,2999.850000,3007.000000,5313
2018-08-20T09:45:00+05:30,3006.000000,3015.000000,2972.000000,2975.400000,3145
2018-08-20T10:00:00+05:30,2975.400000,3004.850000,2960.000000,2999.000000,3227
2018-08-20T10:15:00+05:30,2999.000000,2999.000000,2970.000000,2988.950000,947
2018-08-20T10:30:00+05:30,2988.950000,2988.950000,2970.000000,2976.850000,1168
2018-08-20T10:45:00+05:30,2976.850000,2998.000000,2976.850000,2990.000000,1230
2018-08-20T11:00:00+05:30,2988.000000,2995.000000,2984.950000,2993.000000,651
2018-08-20T11:15:00+05:30,2993.000000,2993.000000,2985.050000,2987.500000,165
2018-08-20T11:30:00+05:30,2987.500000,2993.000000,2984.950000,2985.000000,240
2018-08-20T11:45:00+05:30,2985.000000,2987.750000,2980.100000,2987.750000,213
2018-08-20T12:00:00+05:30,2987.750000,2989.950000,2983.000000,2989.950000,56
2018-08-20T12:15:00+05:30,2989.950000,3000.200000,2989.000000,2993.950000,702
2018-08-20T12:30:00+05:30,2993.950000,2994.900000,2982.250000,2985.000000,178
2018-08-20T12:45:00+05:30,2985.000000,2989.900000,2985.000000,2985.250000,133
2018-08-20T13:00:00+05:30,2985.250000,2989.850000,2971.700000,2978.400000,1847
2018-08-20T13:15:00+05:30,2978.400000,2983.100000,2970.000000,2971.400000,756
2018-08-20T13:30:00+05:30,2971.400000,2981.650000,2970.500000,2975.850000,497
2018-08-20T13:45:00+05:30,2975.850000,2984.050000,2975.850000,2982.450000,395
2018-08-20T14:00:00+05:30,2982.450000,2990.000000,2973.050000,2978.700000,2492
2018-08-20T14:15:00+05:30,2974.550000,2979.850000,2971.000000,2971.000000,538
2018-08-20T14:30:00+05:30,2971.000000,2985.000000,2971.000000,2982.950000,688
2018-08-20T14:45:00+05:30,2984.900000,2990.000000,2977.650000,2982.050000,1046
2018-08-20T15:00:00+05:30,2984.550000,2994.500000,2980.050000,2987.050000,2187
2018-08-20T15:15:00+05:30,2987.100000,2992.900000,2980.000000,2986.900000,3319
2018-08-21T09:15:00+05:30,2999.000000,3009.600000,2996.000000,3007.000000,2042
2018-08-21T09:30:00+05:30,3007.000000,3026.000000,2998.000000,3003.950000,3431
2018-08-21T09:45:00+05:30,3005.100000,3006.000000,2995.000000,2995.000000,1275
2018-08-21T10:00:00+05:30,2995.000000,3007.250000,2995.000000,3000.350000,2134
2018-08-21T10:15:00+05:30,3000.350000,3002.000000,2984.500000,2988.150000,1015
2018-08-21T10:30:00+05:30,2988.150000,2992.000000,2984.550000,2984.550000,364
2018-08-21T10:45:00+05:30,2984.550000,2985.050000,2958.000000,2979.450000,6522
2018-08-21T11:00:00+05:30,2980.350000,2994.800000,2980.000000,2986.950000,1595
2018-08-21T11:15:00+05:30,2987.000000,2987.000000,2972.000000,2980.350000,815
2018-08-21T11:30:00+05:30,2980.250000,2984.400000,2970.000000,2970.000000,525
2018-08-21T11:45:00+05:30,2970.100000,2973.650000,2962.300000,2969.750000,825
2018-08-21T12:00:00+05:30,2969.750000,2970.000000,2961.400000,2962.200000,1888
2018-08-21T12:15:00+05:30,2962.200000,2970.600000,2962.200000,2969.000000,360
2018-08-21T12:30:00+05:30,2969.000000,2970.500000,2965.300000,2968.550000,188
2018-08-21T12:45:00+05:30,2968.550000,2971.450000,2946.300000,2953.750000,2425
2018-08-21T13:00:00+05:30,2953.750000,2965.000000,2946.650000,2953.500000,1224
2018-08-21T13:15:00+05:30,2953.500000,2981.950000,2953.500000,2972.950000,1213
2018-08-21T13:30:00+05:30,2972.950000,2981.850000,2958.000000,2970.500000,2075
2018-08-21T13:45:00+05:30,2970.500000,2974.400000,2950.000000,2955.200000,1842
2018-08-21T14:00:00+05:30,2955.200000,2959.150000,2950.000000,2950.450000,1400
2018-08-21T14:15:00+05:30,2950.900000,2962.000000,2950.700000,2957.500000,776
2018-08-21T14:30:00+05:30,2957.500000,2961.200000,2953.100000,2958.000000,721
2018-08-21T14:45:00+05:30,2958.000000,2960.000000,2951.600000,2955.800000,1233
2018-08-21T15:00:00+05:30,2955.800000,2968.450000,2953.750000,2964.100000,2313
2018-08-21T15:15:00+05:30,2964.100000,2979.800000,2961.200000,2961.200000,3190
2018-08-23T09:15:00+05:30,2964.000000,2964.000000,2933.200000,2936.850000,3300
2018-08-23T09:30:00+05:30,2940.000000,2947.950000,2918.050000,2918.350000,3578
2018-08-23T09:45:00+05:30,2918.350000,2926.700000,2910.000000,2917.950000,2226
2018-08-23T10:00:00+05:30,2917.950000,2920.000000,2898.400000,2916.300000,9454
2018-08-23T10:15:00+05:30,2916.300000,2937.100000,2916.300000,2929.700000,2252
2018-08-23T10:30:00+05:30,2929.700000,2929.900000,2921.000000,2925.000000,759
2018-08-23T10:45:00+05:30,2925.000000,2925.000000,2913.550000,2916.400000,1111
2018-08-23T11:00:00+05:30,2914.950000,2923.600000,2896.500000,2902.850000,4412
2018-08-23T11:15:00+05:30,2902.850000,2918.000000,2902.850000,2908.050000,1575
2018-08-23T11:30:00+05:30,2909.950000,2915.000000,2909.000000,2914.950000,826
2018-08-23T11:45:00+05:30,2913.700000,2915.000000,2909.650000,2915.000000,531
2018-08-23T12:00:00+05:30,2915.000000,2925.000000,2908.000000,2917.700000,1480
2018-08-23T12:15:00+05:30,2916.800000,2920.800000,2896.500000,2902.250000,5581
2018-08-23T12:30:00+05:30,2902.250000,2922.550000,2902.250000,2911.650000,1007
2018-08-23T12:45:00+05:30,2911.650000,2917.000000,2899.000000,2913.300000,2185
2018-08-23T13:00:00+05:30,2913.300000,2920.000000,2905.000000,2912.800000,899
2018-08-23T13:15:00+05:30,2912.800000,2915.000000,2908.450000,2915.000000,610
2018-08-23T13:30:00+05:30,2915.000000,2919.200000,2906.150000,2910.450000,965
2018-08-23T13:45:00+05:30,2910.450000,2918.450000,2908.000000,2910.200000,1396
2018-08-23T14:00:00+05:30,2910.200000,2919.750000,2908.050000,2915.000000,1650
2018-08-23T14:15:00+05:30,2915.000000,2916.000000,2899.000000,2908.550000,6389
2018-08-23T14:30:00+05:30,2908.550000,2925.000000,2900.000000,2907.800000,6231
2018-08-23T14:45:00+05:30,2909.950000,2910.000000,2894.500000,2899.950000,3755
2018-08-23T15:00:00+05:30,2899.950000,2909.500000,2897.000000,2904.050000,5055
2018-08-23T15:15:00+05:30,2906.650000,2949.750000,2906.650000,2931.200000,7477
2018-08-24T09:15:00+05:30,2948.900000,2970.050000,2941.650000,2970.050000,2273
2018-08-24T09:30:00+05:30,2970.050000,2997.000000,2969.650000,2972.150000,3462
2018-08-24T09:45:00+05:30,2970.850000,2995.050000,2970.100000,2979.000000,2078
2018-08-24T10:00:00+05:30,2979.000000,2993.000000,2975.250000,2986.150000,923
2018-08-24T10:15:00+05:30,2986.150000,3189.000000,2980.150000,3161.550000,35124
2018-08-24T10:30:00+05:30,3160.200000,3169.000000,3126.050000,3162.000000,20742
2018-08-24T10:45:00+05:30,3162.800000,3195.000000,3158.000000,3162.000000,32762
2018-08-24T11:00:00+05:30,3160.000000,3179.000000,3141.550000,3150.000000,13018
2018-08-24T11:15:00+05:30,3150.000000,3173.000000,3117.350000,3155.700000,13604
2018-08-24T11:30:00+05:30,3155.000000,3169.850000,3152.000000,3168.800000,4210
2018-08-24T11:45:00+05:30,3168.800000,3168.800000,3150.000000,3157.000000,3437
2018-08-24T12:00:00+05:30,3157.000000,3165.000000,3153.000000,3155.000000,1838
2018-08-24T12:15:00+05:30,3155.000000,3158.900000,3130.050000,3133.000000,6594
2018-08-24T12:30:00+05:30,3133.000000,3147.050000,3123.100000,3140.000000,5325
2018-08-24T12:45:00+05:30,3142.000000,3145.000000,3120.000000,3125.200000,4370
2018-08-24T13:00:00+05:30,3125.200000,3147.000000,3121.700000,3137.500000,2625
2018-08-24T13:15:00+05:30,3137.500000,3142.550000,3133.250000,3136.600000,756
2018-08-24T13:30:00+05:30,3136.600000,3387.700000,3136.000000,3378.000000,114425
2018-08-24T13:45:00+05:30,3359.850000,3365.000000,3301.000000,3322.350000,52994
2018-08-24T14:00:00+05:30,3322.350000,3352.000000,3304.000000,3314.000000,32317
2018-08-24T14:15:00+05:30,3313.050000,3318.000000,3275.000000,3286.400000,29866
2018-08-24T14:30:00+05:30,3286.400000,3325.000000,3282.200000,3325.000000,26097
2018-08-24T14:45:00+05:30,3325.000000,3449.900000,3311.100000,3430.850000,87757
2018-08-24T15:00:00+05:30,3431.500000,3458.000000,3413.950000,3435.450000,59726
2018-08-24T15:15:00+05:30,3435.650000,3439.000000,3328.000000,3369.950000,49698
2018-08-27T09:15:00+05:30,3359.000000,3455.000000,3312.000000,3333.250000,50097
2018-08-27T09:30:00+05:30,3333.250000,3348.000000,3310.000000,3340.100000,16594
2018-08-27T09:45:00+05:30,3340.100000,3373.950000,3325.300000,3336.900000,12695
2018-08-27T10:00:00+05:30,3336.900000,3339.000000,3317.100000,3335.900000,5751
2018-08-27T10:15:00+05:30,3335.900000,3358.950000,3332.000000,3334.300000,4419
2018-08-27T10:30:00+05:30,3334.300000,3352.950000,3332.050000,3350.050000,2961
2018-08-27T10:45:00+05:30,3353.000000,3367.950000,3342.800000,3357.950000,5908
2018-08-27T11:00:00+05:30,3355.000000,3465.000000,3353.150000,3461.000000,31512
2018-08-27T11:15:00+05:30,3468.250000,3510.000000,3429.800000,3449.850000,43191
2018-08-27T11:30:00+05:30,3449.850000,3473.950000,3430.000000,3437.300000,6888
2018-08-27T11:45:00+05:30,3437.300000,3439.600000,3402.300000,3430.000000,6838
2018-08-27T12:00:00+05:30,3424.550000,3428.700000,3401.000000,3420.000000,5128
2018-08-27T12:15:00+05:30,3420.000000,3435.150000,3417.150000,3430.200000,2365
2018-08-27T12:30:00+05:30,3430.500000,3461.950000,3430.500000,3443.050000,5562
2018-08-27T12:45:00+05:30,3443.050000,3449.500000,3430.000000,3447.950000,2364
2018-08-27T13:00:00+05:30,3447.950000,3457.000000,3430.000000,3449.350000,3637
2018-08-27T13:15:00+05:30,3446.900000,3467.900000,3435.200000,3440.000000,3832
2018-08-27T13:30:00+05:30,3440.000000,3442.500000,3423.000000,3429.800000,2201
2018-08-27T13:45:00+05:30,3429.800000,3429.800000,3412.000000,3422.950000,2928
2018-08-27T14:00:00+05:30,3422.950000,3426.000000,3402.000000,3407.850000,3701
2018-08-27T14:15:00+05:30,3405.000000,3410.000000,3375.400000,3401.050000,9401
2018-08-27T14:30:00+05:30,3401.050000,3440.000000,3401.050000,3416.000000,5238
2018-08-27T14:45:00+05:30,3416.000000,3436.000000,3415.650000,3423.600000,4889
2018-08-27T15:00:00+05:30,3423.600000,3432.000000,3410.000000,3420.000000,5277
2018-08-27T15:15:00+05:30,3420.000000,3435.000000,3405.500000,3435.000000,12085
2018-08-28T09:15:00+05:30,3420.000000,3449.900000,3405.500000,3449.900000,9772
2018-08-28T09:30:00+05:30,3453.500000,3472.950000,3421.000000,3426.500000,11466
2018-08-28T09:45:00+05:30,3426.500000,3467.000000,3410.000000,3439.850000,9149
2018-08-28T10:00:00+05:30,3439.850000,3535.000000,3436.750000,3535.000000,42994
2018-08-28T10:15:00+05:30,3535.000000,3606.750000,3514.700000,3598.150000,52830
2018-08-28T10:30:00+05:30,3597.900000,3635.000000,3536.550000,3634.850000,52474
2018-08-28T10:45:00+05:30,3634.850000,3635.000000,3585.300000,3608.200000,21814
2018-08-28T11:00:00+05:30,3610.000000,3640.000000,3585.000000,3620.000000,18598
2018-08-28T11:15:00+05:30,3620.000000,3648.900000,3606.600000,3636.000000,22663
2018-08-28T11:30:00+05:30,3635.150000,3659.000000,3627.900000,3654.000000,38015
2018-08-28T11:45:00+05:30,3654.000000,3673.600000,3624.000000,3625.000000,42889
2018-08-28T12:00:00+05:30,3625.000000,3630.000000,3601.000000,3619.900000,13836
2018-08-28T12:15:00+05:30,3619.900000,3630.900000,3610.900000,3617.000000,6273
2018-08-28T12:30:00+05:30,3617.000000,3627.750000,3613.500000,3621.000000,3376
2018-08-28T12:45:00+05:30,3621.000000,3627.100000,3616.100000,3623.000000,2313
2018-08-28T13:00:00+05:30,3623.000000,3650.000000,3622.000000,3639.550000,9216
2018-08-28T13:15:00+05:30,3640.000000,3670.000000,3635.000000,3651.000000,17224
2018-08-28T13:30:00+05:30,3652.900000,3652.900000,3634.300000,3638.000000,7113
2018-08-28T13:45:00+05:30,3638.000000,3670.000000,3637.600000,3644.000000,18901
2018-08-28T14:00:00+05:30,3643.000000,3644.000000,3571.000000,3594.100000,33418
2018-08-28T14:15:00+05:30,3594.100000,3635.200000,3590.000000,3630.000000,16201
2018-08-28T14:30:00+05:30,3630.000000,3650.000000,3628.350000,3637.700000,13620
2018-08-28T14:45:00+05:30,3637.700000,3736.400000,3631.800000,3733.950000,77675
2018-08-28T15:00:00+05:30,3731.200000,3734.400000,3673.000000,3721.000000,43081
2018-08-28T15:15:00+05:30,3725.000000,3768.000000,3720.600000,3750.000000,52696
2018-08-29T09:15:00+05:30,3735.000000,3793.600000,3672.300000,3792.250000,40577
2018-08-29T09:30:00+05:30,3791.950000,3840.000000,3763.000000,3767.900000,63207
2018-08-29T09:45:00+05:30,3765.350000,3837.050000,3761.000000,3794.000000,18025
2018-08-29T10:00:00+05:30,3794.000000,3801.000000,3775.000000,3796.850000,10665
2018-08-29T10:15:00+05:30,3794.950000,3798.600000,3780.350000,3787.800000,10623
2018-08-29T10:30:00+05:30,3790.000000,3790.000000,3778.550000,3784.950000,5321
2018-08-29T10:45:00+05:30,3782.400000,3825.000000,3782.000000,3806.650000,16793
2018-08-29T11:00:00+05:30,3806.650000,3819.900000,3775.050000,3787.550000,8397
2018-08-29T11:15:00+05:30,3787.550000,3795.000000,3778.700000,3778.700000,6842
2018-08-29T11:30:00+05:30,3779.500000,3784.300000,3762.000000,3779.800000,4812
2018-08-29T11:45:00+05:30,3775.000000,3779.200000,3742.600000,3755.850000,8856
2018-08-29T12:00:00+05:30,3754.000000,3775.150000,3750.000000,3772.200000,5241
2018-08-29T12:15:00+05:30,3772.200000,3773.000000,3755.000000,3759.950000,3088
2018-08-29T12:30:00+05:30,3759.950000,3782.050000,3759.950000,3766.000000,2358
2018-08-29T12:45:00+05:30,3766.000000,3820.000000,3762.300000,3819.950000,10707
2018-08-29T13:00:00+05:30,3825.000000,3825.000000,3778.350000,3780.000000,11179
2018-08-29T13:15:00+05:30,3780.000000,3780.000000,3720.000000,3740.000000,22953
2018-08-29T13:30:00+05:30,3739.250000,3748.000000,3687.000000,3695.000000,12269
2018-08-29T13:45:00+05:30,3695.000000,3736.950000,3681.150000,3706.450000,8768
2018-08-29T14:00:00+05:30,3709.000000,3719.950000,3666.300000,3693.000000,12618
2018-08-29T14:15:00+05:30,3693.000000,3700.000000,3685.050000,3695.000000,2511
2018-08-29T14:30:00+05:30,3695.000000,3695.000000,3682.000000,3693.000000,2419
2018-08-29T14:45:00+05:30,3693.000000,3725.000000,3690.000000,3715.300000,7968
2018-08-29T15:00:00+05:30,3716.000000,3721.650000,3682.000000,3687.900000,7757
2018-08-29T15:15:00+05:30,3690.000000,3690.000000,3599.000000,3641.050000,30423
2018-08-30T09:15:00+05:30,3465.000000,3545.000000,3465.000000,3531.000000,33475
2018-08-30T09:30:00+05:30,3531.000000,3531.150000,3472.300000,3509.000000,18020
2018-08-30T09:45:00+05:30,3509.700000,3553.000000,3499.000000,3540.050000,9021
2018-08-30T10:00:00+05:30,3546.950000,3570.850000,3531.050000,3563.700000,10072
2018-08-30T10:15:00+05:30,3563.700000,3619.950000,3535.000000,3606.000000,19028
2018-08-30T10:30:00+05:30,3606.000000,3612.000000,3562.400000,3584.250000,9408
2018-08-30T10:45:00+05:30,3584.250000,3584.250000,3561.000000,3573.950000,2397
2018-08-30T11:00:00+05:30,3573.950000,3599.000000,3573.450000,3590.000000,1831
2018-08-30T11:15:00+05:30,3590.000000,3605.050000,3585.000000,3589.500000,4276
2018-08-30T11:30:00+05:30,3587.350000,3609.800000,3585.550000,3590.000000,1567
2018-08-30T11:45:00+05:30,3590.000000,3605.000000,3590.000000,3599.100000,1304
2018-08-30T12:00:00+05:30,3600.000000,3605.000000,3590.000000,3599.000000,1105
2018-08-30T12:15:00+05:30,3599.000000,3604.000000,3571.950000,3584.100000,2568
2018-08-30T12:30:00+05:30,3584.100000,3595.000000,3580.250000,3580.550000,1186
2018-08-30T12:45:00+05:30,3580.550000,3580.550000,3538.050000,3560.700000,4492
2018-08-30T13:00:00+05:30,3560.700000,3570.000000,3542.150000,3542.150000,1795
2018-08-30T13:15:00+05:30,3542.150000,3557.650000,3538.050000,3547.500000,2201
2018-08-30T13:30:00+05:30,3547.550000,3558.700000,3541.050000,3546.000000,1786
2018-08-30T13:45:00+05:30,3546.000000,3548.000000,3525.050000,3545.600000,3123
2018-08-30T14:00:00+05:30,3545.600000,3554.400000,3515.800000,3527.950000,3396
2018-08-30T14:15:00+05:30,3527.450000,3539.000000,3502.000000,3537.900000,2951
2018-08-30T14:30:00+05:30,3537.900000,3540.000000,3520.050000,3526.700000,1091
2018-08-30T14:45:00+05:30,3526.700000,3536.800000,3507.000000,3525.400000,2607
2018-08-30T15:00:00+05:30,3525.400000,3533.150000,3500.000000,3519.950000,3303
2018-08-30T15:15:00+05:30,3520.050000,3568.000000,3500.000000,3551.500000,8522
2018-08-31T09:15:00+05:30,3570.000000,3637.300000,3570.000000,3605.000000,7854
2018-08-31T09:30:00+05:30,3605.000000,3654.950000,3605.000000,3621.400000,6447
2018-08-31T09:45:00+05:30,3621.400000,3626.700000,3610.000000,3618.000000,2075
2018-08-31T10:00:00+05:30,3618.000000,3619.000000,3575.000000,3600.100000,5350
2018-08-31T10:15:00+05:30,3603.000000,3603.000000,3580.000000,3594.000000,1924
2018-08-31T10:30:00+05:30,3594.000000,3600.000000,3580.000000,3585.800000,4548
2018-08-31T10:45:00+05:30,3585.850000,3589.950000,3570.000000,3574.500000,4016
2018-08-31T11:00:00+05:30,3574.500000,3574.500000,3542.000000,3554.950000,2782
2018-08-31T11:15:00+05:30,3554.950000,3565.000000,3548.000000,3565.000000,1170
2018-08-31T11:30:00+05:30,3565.000000,3585.000000,3561.050000,3575.000000,928
2018-08-31T11:45:00+05:30,3575.000000,3575.050000,3566.400000,3575.000000,680
2018-08-31T12:00:00+05:30,3575.000000,3575.050000,3570.000000,3570.000000,742
2018-08-31T12:15:00+05:30,3570.000000,3576.500000,3569.000000,3575.000000,180
2018-08-31T12:30:00+05:30,3575.000000,3579.000000,3570.000000,3574.300000,2457
2018-08-31T12:45:00+05:30,3574.300000,3578.000000,3570.150000,3575.000000,862
2018-08-31T13:00:00+05:30,3575.000000,3576.750000,3550.000000,3573.250000,1412
2018-08-31T13:15:00+05:30,3573.250000,3575.950000,3565.050000,3568.000000,420
2018-08-31T13:30:00+05:30,3568.000000,3571.950000,3561.650000,3566.500000,201
2018-08-31T13:45:00+05:30,3566.500000,3572.000000,3565.750000,3566.000000,231
2018-08-31T14:00:00+05:30,3567.000000,3572.000000,3564.000000,3572.000000,665
2018-08-31T14:15:00+05:30,3571.850000,3577.950000,3557.900000,3570.950000,2094
2018-08-31T14:30:00+05:30,3570.950000,3577.700000,3570.950000,3575.000000,4117
2018-08-31T14:45:00+05:30,3575.000000,3575.000000,3570.000000,3570.000000,2212
2018-08-31T15:00:00+05:30,3570.000000,3644.750000,3570.000000,3622.600000,19448
2018-08-31T15:15:00+05:30,3625.000000,3637.450000,3617.350000,3620.000000,15562
2018-09-03T09:15:00+05:30,3675.000000,3719.950000,3649.950000,3649.950000,6779
2018-09-03T09:30:00+05:30,3649.950000,3669.900000,3640.000000,3646.550000,2547
2018-09-03T09:45:00+05:30,3646.550000,3663.500000,3646.550000,3653.150000,1107
2018-09-03T10:00:00+05:30,3653.150000,3658.500000,3640.050000,3646.850000,2379
2018-09-03T10:15:00+05:30,3646.850000,3665.000000,3640.700000,3642.050000,1278
2018-09-03T10:30:00+05:30,3642.050000,3647.150000,3612.000000,3614.950000,2470
2018-09-03T10:45:00+05:30,3614.950000,3620.000000,3561.000000,3562.250000,3756
2018-09-03T11:00:00+05:30,3562.250000,3600.000000,3546.700000,3574.950000,3449
2018-09-03T11:15:00+05:30,3575.000000,3594.850000,3565.000000,3574.750000,2754
2018-09-03T11:30:00+05:30,3574.750000,3575.000000,3551.000000,3560.000000,3285
2018-09-03T11:45:00+05:30,3559.050000,3578.750000,3554.000000,3575.000000,1131
2018-09-03T12:00:00+05:30,3575.000000,3575.000000,3571.100000,3571.250000,611
2018-09-03T12:15:00+05:30,3571.250000,3575.000000,3570.000000,3570.350000,760
2018-09-03T12:30:00+05:30,3570.350000,3575.000000,3570.250000,3572.000000,574
2018-09-03T12:45:00+05:30,3572.000000,3575.000000,3572.000000,3572.150000,323
2018-09-03T13:00:00+05:30,3572.000000,3574.900000,3567.450000,3567.850000,540
2018-09-03T13:15:00+05:30,3567.800000,3574.950000,3551.450000,3570.200000,1441
2018-09-03T13:30:00+05:30,3570.150000,3573.100000,3560.050000,3568.150000,1003
2018-09-03T13:45:00+05:30,3567.550000,3573.000000,3565.100000,3573.000000,850
2018-09-03T14:00:00+05:30,3573.000000,3578.000000,3565.100000,3570.000000,2591
2018-09-03T14:15:00+05:30,3570.000000,3573.200000,3550.000000,3554.350000,2456
2018-09-03T14:30:00+05:30,3554.350000,3578.350000,3552.500000,3569.100000,1286
2018-09-03T14:45:00+05:30,3569.100000,3575.000000,3550.000000,3556.000000,2277
2018-09-03T15:00:00+05:30,3556.000000,3560.000000,3540.000000,3545.200000,2691
2018-09-03T15:15:00+05:30,3542.600000,3550.000000,3501.100000,3531.500000,5664
2018-09-04T09:15:00+05:30,3554.300000,3589.000000,3513.950000,3553.150000,5237
2018-09-04T09:30:00+05:30,3553.150000,3558.000000,3535.000000,3544.350000,1493
2018-09-04T09:45:00+05:30,3544.350000,3550.000000,3540.000000,3545.850000,994
2018-09-04T10:00:00+05:30,3545.850000,3549.900000,3536.500000,3547.000000,747
2018-09-04T10:15:00+05:30,3547.000000,3549.950000,3540.150000,3544.000000,821
2018-09-04T10:30:00+05:30,3544.000000,3549.950000,3535.000000,3536.000000,682
2018-09-04T10:45:00+05:30,3536.000000,3539.850000,3533.000000,3535.150000,240
2018-09-04T11:00:00+05:30,3535.150000,3542.000000,3535.150000,3541.450000,343
2018-09-04T11:15:00+05:30,3541.450000,3549.950000,3537.750000,3544.950000,165
2018-09-04T11:30:00+05:30,3548.700000,3549.950000,3546.800000,3547.250000,947
2018-09-04T11:45:00+05:30,3547.250000,3549.000000,3540.200000,3546.000000,411
2018-09-04T12:00:00+05:30,3546.000000,3546.000000,3521.000000,3535.850000,1852
2018-09-04T12:15:00+05:30,3535.850000,3539.700000,3534.000000,3536.500000,459
2018-09-04T12:30:00+05:30,3536.500000,3544.250000,3535.800000,3544.250000,430
2018-09-04T12:45:00+05:30,3544.250000,3545.000000,3537.550000,3541.850000,453
2018-09-04T13:00:00+05:30,3538.000000,3540.000000,3535.000000,3535.150000,262
2018-09-04T13:15:00+05:30,3535.150000,3537.350000,3521.000000,3523.250000,809
2018-09-04T13:30:00+05:30,3523.250000,3531.000000,3520.000000,3531.000000,893
2018-09-04T13:45:00+05:30,3531.000000,3548.000000,3521.650000,3524.000000,1267
2018-09-04T14:00:00+05:30,3524.000000,3524.000000,3506.850000,3506.850000,1056
2018-09-04T14:15:00+05:30,3506.850000,3506.850000,3470.000000,3470.000000,1653
2018-09-04T14:30:00+05:30,3470.000000,3486.000000,3434.050000,3470.000000,2628
2018-09-04T14:45:00+05:30,3470.000000,3487.950000,3455.200000,3478.650000,1335
2018-09-04T15:00:00+05:30,3478.650000,3490.000000,3468.250000,3479.800000,1394
2018-09-04T15:15:00+05:30,3470.100000,3491.500000,3467.000000,3470.000000,3348
2018-09-05T09:15:00+05:30,3465.750000,3523.500000,3456.000000,3510.300000,3010
2018-09-05T09:30:00+05:30,3510.300000,3522.000000,3486.000000,3496.250000,1438
2018-09-05T09:45:00+05:30,3496.250000,3530.000000,3493.050000,3499.800000,1979
2018-09-05T10:00:00+05:30,3499.800000,3511.950000,3496.000000,3504.600000,1730
2018-09-05T10:15:00+05:30,3504.600000,3525.000000,3500.000000,3514.650000,1324
2018-09-05T10:30:00+05:30,3514.650000,3524.950000,3508.150000,3516.950000,1089
2018-09-05T10:45:00+05:30,3516.950000,3519.000000,3496.000000,3514.000000,984
2018-09-05T11:00:00+05:30,3514.000000,3524.950000,3496.000000,3517.700000,1599
2018-09-05T11:15:00+05:30,3517.700000,3520.000000,3514.300000,3519.750000,379
2018-09-05T11:30:00+05:30,3519.750000,3519.750000,3506.400000,3506.950000,603
2018-09-05T11:45:00+05:30,3506.950000,3514.100000,3496.000000,3497.000000,677
2018-09-05T12:00:00+05:30,3497.000000,3499.700000,3482.100000,3484.300000,1025
2018-09-05T12:15:00+05:30,3484.300000,3492.850000,3411.000000,3412.250000,2610
2018-09-05T12:30:00+05:30,3412.250000,3446.650000,3400.000000,3401.000000,2413
2018-09-05T12:45:00+05:30,3401.000000,3405.700000,3360.100000,3374.000000,3020
2018-09-05T13:00:00+05:30,3374.000000,3390.000000,3364.950000,3386.100000,1270
2018-09-05T13:15:00+05:30,3386.100000,3400.000000,3381.000000,3399.000000,840
2018-09-05T13:30:00+05:30,3399.950000,3400.000000,3386.000000,3389.600000,759
2018-09-05T13:45:00+05:30,3389.600000,3395.950000,3376.150000,3385.000000,561
2018-09-05T14:00:00+05:30,3385.000000,3395.700000,3385.000000,3394.950000,449
2018-09-05T14:15:00+05:30,3395.000000,3400.000000,3379.000000,3396.550000,1375
2018-09-05T14:30:00+05:30,3396.550000,3400.000000,3390.000000,3397.950000,1570
2018-09-05T14:45:00+05:30,3397.950000,3398.900000,3381.350000,3397.500000,1105
2018-09-05T15:00:00+05:30,3397.500000,3415.000000,3395.500000,3406.000000,2319
2018-09-05T15:15:00+05:30,3406.000000,3418.600000,3378.150000,3410.000000,3150
2018-09-06T09:15:00+05:30,3485.000000,3511.050000,3470.000000,3491.450000,7611
2018-09-06T09:30:00+05:30,3491.450000,3522.400000,3485.500000,3520.000000,4230
2018-09-06T09:45:00+05:30,3520.000000,3540.000000,3515.550000,3530.000000,6931
2018-09-06T10:00:00+05:30,3530.000000,3533.950000,3485.950000,3497.350000,3873
2018-09-06T10:15:00+05:30,3499.000000,3500.000000,3488.050000,3499.900000,1441
2018-09-06T10:30:00+05:30,3499.900000,3505.150000,3494.300000,3501.650000,1914
2018-09-06T10:45:00+05:30,3501.650000,3520.000000,3497.950000,3508.550000,4979
2018-09-06T11:00:00+05:30,3508.550000,3514.650000,3501.100000,3507.600000,1441
2018-09-06T11:15:00+05:30,3507.250000,3510.000000,3500.000000,3505.000000,681
2018-09-06T11:30:00+05:30,3504.950000,3514.450000,3504.950000,3505.950000,1081
2018-09-06T11:45:00+05:30,3505.400000,3505.400000,3480.000000,3483.000000,3027
2018-09-06T12:00:00+05:30,3483.000000,3483.000000,3472.000000,3474.000000,606
2018-09-06T12:15:00+05:30,3475.000000,3489.000000,3465.000000,3489.000000,1424
2018-09-06T12:30:00+05:30,3489.000000,3490.000000,3470.000000,3485.000000,465
2018-09-06T12:45:00+05:30,3485.000000,3485.000000,3465.050000,3484.000000,622
2018-09-06T13:00:00+05:30,3485.000000,3489.000000,3477.450000,3487.800000,240
2018-09-06T13:15:00+05:30,3487.800000,3490.000000,3475.900000,3484.900000,546
2018-09-06T13:30:00+05:30,3484.900000,3498.000000,3478.150000,3494.800000,654
2018-09-06T13:45:00+05:30,3494.800000,3503.500000,3480.100000,3489.950000,3375
2018-09-06T14:00:00+05:30,3489.950000,3504.000000,3481.200000,3503.850000,3663
2018-09-06T14:15:00+05:30,3503.850000,3576.400000,3485.000000,3576.400000,13265
2018-09-06T14:30:00+05:30,3576.400000,3576.400000,3576.400000,3576.400000,2402
2018-09-06T14:45:00+05:30,3576.400000,3576.400000,3576.400000,3576.400000,935
2018-09-06T15:00:00+05:30,3576.400000,3576.400000,3576.400000,3576.400000,545
2018-09-06T15:15:00+05:30,3576.400000,3576.400000,3576.400000,3576.400000,816
2018-09-07T09:15:00+05:30,3652.000000,3710.000000,3597.150000,3685.000000,23971
2018-09-07T09:30:00+05:30,3687.400000,3694.800000,3660.500000,3665.050000,5740
2018-09-07T09:45:00+05:30,3665.050000,3718.000000,3665.050000,3680.050000,11835
2018-09-07T10:00:00+05:30,3683.600000,3697.700000,3670.000000,3676.400000,3364
2018-09-07T10:15:00+05:30,3678.000000,3684.300000,3672.000000,3681.600000,1254
2018-09-07T10:30:00+05:30,3682.000000,3684.000000,3656.050000,3659.950000,2849
2018-09-07T10:45:00+05:30,3660.000000,3660.500000,3544.700000,3584.200000,14577
2018-09-07T11:00:00+05:30,3584.200000,3620.000000,3581.050000,3617.050000,6068
2018-09-07T11:15:00+05:30,3617.050000,3620.000000,3585.100000,3588.000000,2919
2018-09-07T11:30:00+05:30,3588.000000,3603.400000,3588.000000,3599.950000,2242
2018-09-07T11:45:00+05:30,3599.950000,3601.400000,3590.000000,3590.000000,1049
2018-09-07T12:00:00+05:30,3590.000000,3600.000000,3589.000000,3600.000000,709
2018-09-07T12:15:00+05:30,3600.000000,3600.000000,3599.250000,3600.000000,928
2018-09-07T12:30:00+05:30,3599.900000,3600.000000,3595.000000,3599.900000,1562
2018-09-07T12:45:00+05:30,3599.000000,3599.850000,3593.500000,3598.950000,343
2018-09-07T13:00:00+05:30,3598.950000,3600.000000,3598.000000,3600.000000,1378
2018-09-07T13:15:00+05:30,3600.000000,3600.000000,3596.800000,3600.000000,1590
2018-09-07T13:30:00+05:30,3600.000000,3600.000000,3588.000000,3594.450000,2370
2018-09-07T13:45:00+05:30,3594.450000,3600.000000,3588.350000,3598.000000,580
2018-09-07T14:00:00+05:30,3598.000000,3599.900000,3572.100000,3596.100000,1094
2018-09-07T14:15:00+05:30,3598.000000,3600.000000,3580.000000,3597.700000,1931
2018-09-07T14:30:00+05:30,3597.700000,3607.800000,3530.450000,3530.450000,6552
2018-09-07T14:45:00+05:30,3530.450000,3598.000000,3526.000000,3598.000000,3213
2018-09-07T15:00:00+05:30,3598.000000,3598.000000,3557.000000,3585.750000,2045
2018-09-07T15:15:00+05:30,3585.750000,3589.000000,3566.300000,3569.300000,3708
2018-09-10T09:15:00+05:30,3596.000000,3596.000000,3521.850000,3564.350000,3438
2018-09-10T09:30:00+05:30,3564.350000,3570.000000,3542.550000,3564.250000,1718
2018-09-10T09:45:00+05:30,3564.250000,3568.000000,3529.750000,3535.000000,1451
2018-09-10T10:00:00+05:30,3535.000000,3558.250000,3535.000000,3545.000000,1056
2018-09-10T10:15:00+05:30,3545.000000,3551.450000,3538.050000,3546.500000,731
2018-09-10T10:30:00+05:30,3546.050000,3554.950000,3535.550000,3544.150000,959
2018-09-10T10:45:00+05:30,3544.150000,3558.800000,3530.000000,3550.000000,1686
2018-09-10T11:00:00+05:30,3550.000000,3552.500000,3542.450000,3549.850000,705
2018-09-10T11:15:00+05:30,3549.650000,3551.000000,3535.250000,3540.000000,968
2018-09-10T11:30:00+05:30,3540.000000,3545.000000,3536.250000,3541.950000,712
2018-09-10T11:45:00+05:30,3541.950000,3542.000000,3497.150000,3497.150000,2588
2018-09-10T12:00:00+05:30,3497.150000,3503.000000,3490.000000,3499.000000,1563
2018-09-10T12:15:00+05:30,3499.000000,3499.000000,3477.000000,3488.350000,1934
2018-09-10T12:30:00+05:30,3488.350000,3490.000000,3479.500000,3490.000000,768
2018-09-10T12:45:00+05:30,3490.000000,3490.000000,3472.200000,3478.450000,857
2018-09-10T13:00:00+05:30,3475.050000,3484.750000,3468.400000,3470.000000,1378
2018-09-10T13:15:00+05:30,3473.350000,3473.700000,3464.950000,3472.500000,2117
2018-09-10T13:30:00+05:30,3472.500000,3509.350000,3470.000000,3502.050000,1177
2018-09-10T13:45:00+05:30,3502.050000,3547.000000,3502.050000,3530.000000,2034
2018-09-10T14:00:00+05:30,3530.000000,3549.500000,3514.900000,3541.000000,2562
2018-09-10T14:15:00+05:30,3541.000000,3542.000000,3524.450000,3541.900000,1792
2018-09-10T14:30:00+05:30,3541.900000,3580.000000,3535.000000,3559.950000,3696
2018-09-10T14:45:00+05:30,3559.950000,3585.000000,3540.000000,3579.500000,3140
2018-09-10T15:00:00+05:30,3579.500000,3585.000000,3563.050000,3582.700000,4545
2018-09-10T15:15:00+05:30,3571.900000,3580.000000,3535.000000,3570.000000,3849
2018-09-11T09:15:00+05:30,3571.050000,3643.950000,3570.000000,3643.950000,3666
2018-09-11T09:30:00+05:30,3643.950000,3673.300000,3631.000000,3640.900000,5410
2018-09-11T09:45:00+05:30,3644.000000,3710.000000,3612.050000,3693.650000,11989
2018-09-11T10:00:00+05:30,3693.650000,3788.000000,3684.800000,3765.000000,33639
2018-09-11T10:15:00+05:30,3768.800000,3768.800000,3726.000000,3732.600000,5853
2018-09-11T10:30:00+05:30,3732.600000,3756.000000,3729.650000,3746.900000,3456
2018-09-11T10:45:00+05:30,3745.000000,3745.000000,3729.650000,3730.000000,1492
2018-09-11T11:00:00+05:30,3730.000000,3735.150000,3710.000000,3725.000000,2608
2018-09-11T11:15:00+05:30,3725.000000,3728.950000,3721.050000,3722.650000,1136
2018-09-11T11:30:00+05:30,3722.650000,3722.650000,3683.850000,3692.100000,3774
2018-09-11T11:45:00+05:30,3692.100000,3700.000000,3675.000000,3699.050000,3063
2018-09-11T12:00:00+05:30,3700.000000,3700.000000,3680.950000,3684.000000,856
2018-09-11T12:15:00+05:30,3684.000000,3700.000000,3681.000000,3699.900000,906
2018-09-11T12:30:00+05:30,3699.900000,3700.000000,3697.850000,3699.500000,1251
2018-09-11T12:45:00+05:30,3699.500000,3699.500000,3688.300000,3688.300000,497
2018-09-11T13:00:00+05:30,3688.300000,3696.400000,3688.250000,3692.000000,344
2018-09-11T13:15:00+05:30,3692.000000,3692.000000,3681.050000,3690.000000,1102
2018-09-11T13:30:00+05:30,3686.300000,3700.000000,3686.300000,3696.000000,1403
2018-09-11T13:45:00+05:30,3697.000000,3697.000000,3642.150000,3663.000000,3708
2018-09-11T14:00:00+05:30,3663.000000,3663.300000,3641.000000,3645.050000,1414
2018-09-11T14:15:00+05:30,3645.050000,3660.750000,3632.100000,3632.100000,1759
2018-09-11T14:30:00+05:30,3632.100000,3646.600000,3619.000000,3644.400000,2738
2018-09-11T14:45:00+05:30,3648.850000,3659.000000,3635.000000,3645.000000,2118
2018-09-11T15:00:00+05:30,3645.000000,3649.950000,3616.300000,3648.000000,2859
2018-09-11T15:15:00+05:30,3648.000000,3650.000000,3638.100000,3645.000000,5611
2018-09-12T09:15:00+05:30,3551.200000,3610.000000,3531.000000,3570.000000,13257
2018-09-12T09:30:00+05:30,3573.950000,3597.700000,3567.400000,3574.950000,3291
2018-09-12T09:45:00+05:30,3574.950000,3588.000000,3559.700000,3564.900000,1816
2018-09-12T10:00:00+05:30,3564.900000,3574.700000,3563.100000,3567.950000,901
2018-09-12T10:15:00+05:30,3567.950000,3595.000000,3567.900000,3590.000000,2117
2018-09-12T10:30:00+05:30,3590.000000,3613.900000,3577.050000,3598.450000,3469
2018-09-12T10:45:00+05:30,3598.450000,3598.450000,3584.400000,3588.050000,769
2018-09-12T11:00:00+05:30,3588.050000,3595.000000,3585.900000,3593.000000,542
2018-09-12T11:15:00+05:30,3593.000000,3593.000000,3581.750000,3589.950000,554
2018-09-12T11:30:00+05:30,3589.950000,3608.800000,3589.150000,3606.000000,2990
2018-09-12T11:45:00+05:30,3606.000000,3606.000000,3591.000000,3594.900000,673
2018-09-12T12:00:00+05:30,3594.900000,3594.900000,3575.000000,3585.050000,1567
2018-09-12T12:15:00+05:30,3585.050000,3589.950000,3570.000000,3579.000000,834
2018-09-12T12:30:00+05:30,3579.000000,3586.950000,3567.050000,3585.000000,1035
2018-09-12T12:45:00+05:30,3585.000000,3589.000000,3572.150000,3589.000000,678
2018-09-12T13:00:00+05:30,3589.000000,3591.550000,3568.000000,3577.000000,2120
2018-09-12T13:15:00+05:30,3577.000000,3579.000000,3567.100000,3567.100000,1160
2018-09-12T13:30:00+05:30,3569.800000,3570.050000,3520.000000,3545.000000,3629
2018-09-12T13:45:00+05:30,3545.000000,3579.950000,3543.000000,3577.000000,1362
2018-09-12T14:00:00+05:30,3577.000000,3581.000000,3547.900000,3554.250000,1102
2018-09-12T14:15:00+05:30,3554.250000,3597.750000,3542.500000,3589.900000,1986
2018-09-12T14:30:00+05:30,3589.900000,3590.000000,3570.000000,3582.000000,870
2018-09-12T14:45:00+05:30,3581.000000,3589.800000,3576.500000,3584.000000,1102
2018-09-12T15:00:00+05:30,3584.000000,3584.000000,3560.000000,3571.100000,1109
2018-09-12T15:15:00+05:30,3571.100000,3600.000000,3565.000000,3592.000000,3443
2018-09-14T09:15:00+05:30,3619.000000,3635.000000,3591.650000,3595.000000,2327
2018-09-14T09:30:00+05:30,3595.000000,3595.000000,3528.900000,3560.000000,3142
2018-09-14T09:45:00+05:30,3560.000000,3568.950000,3552.000000,3566.000000,1177
2018-09-14T10:00:00+05:30,3566.000000,3598.000000,3560.100000,3594.800000,1784
2018-09-14T10:15:00+05:30,3594.800000,3594.800000,3555.050000,3584.000000,1175
2018-09-14T10:30:00+05:30,3584.000000,3584.000000,3572.150000,3572.150000,209
2018-09-14T10:45:00+05:30,3572.150000,3573.900000,3551.000000,3556.500000,521
2018-09-14T11:00:00+05:30,3556.500000,3570.000000,3556.500000,3558.200000,411
2018-09-14T11:15:00+05:30,3557.000000,3563.450000,3555.000000,3560.050000,138
2018-09-14T11:30:00+05:30,3560.050000,3560.050000,3555.000000,3555.000000,191
2018-09-14T11:45:00+05:30,3555.000000,3557.700000,3550.000000,3550.000000,378
2018-09-14T12:00:00+05:30,3550.000000,3555.600000,3541.000000,3541.350000,562
2018-09-14T12:15:00+05:30,3541.350000,3544.950000,3540.000000,3544.950000,279
2018-09-14T12:30:00+05:30,3544.950000,3557.350000,3540.000000,3551.400000,330
2018-09-14T12:45:00+05:30,3551.400000,3551.400000,3535.000000,3539.000000,577
2018-09-14T13:00:00+05:30,3539.000000,3540.000000,3535.200000,3535.850000,750
2018-09-14T13:15:00+05:30,3535.850000,3540.000000,3530.100000,3536.500000,335
2018-09-14T13:30:00+05:30,3536.500000,3537.700000,3531.050000,3535.150000,307
2018-09-14T13:45:00+05:30,3536.950000,3540.000000,3532.050000,3535.050000,561
2018-09-14T14:00:00+05:30,3535.050000,3538.450000,3532.000000,3534.100000,255
2018-09-14T14:15:00+05:30,3534.100000,3540.000000,3530.000000,3533.050000,453
2018-09-14T14:30:00+05:30,3533.050000,3545.250000,3530.000000,3542.000000,498
2018-09-14T14:45:00+05:30,3545.000000,3545.550000,3521.000000,3525.000000,800
2018-09-14T15:00:00+05:30,3525.000000,3537.800000,3521.200000,3525.050000,567
2018-09-14T15:15:00+05:30,3525.050000,3532.400000,3520.000000,3528.950000,2763
2018-09-17T09:15:00+05:30,3536.000000,3584.000000,3525.550000,3553.650000,2586
2018-09-17T09:30:00+05:30,3553.650000,3567.650000,3553.300000,3559.800000,445
2018-09-17T09:45:00+05:30,3560.000000,3590.000000,3550.050000,3570.000000,1313
2018-09-17T10:00:00+05:30,3570.000000,3570.000000,3545.000000,3560.450000,802
2018-09-17T10:15:00+05:30,3560.450000,3578.000000,3560.000000,3563.000000,515
2018-09-17T10:30:00+05:30,3563.000000,3563.000000,3536.500000,3540.000000,662
2018-09-17T10:45:00+05:30,3540.000000,3542.850000,3527.100000,3530.000000,327
2018-09-17T11:00:00+05:30,3530.000000,3530.000000,3498.000000,3503.000000,1232
2018-09-17T11:15:00+05:30,3503.000000,3515.000000,3500.000000,3505.000000,609
2018-09-17T11:30:00+05:30,3505.000000,3528.600000,3505.000000,3523.800000,367
2018-09-17T11:45:00+05:30,3523.000000,3539.300000,3521.900000,3536.200000,429
2018-09-17T12:00:00+05:30,3536.200000,3536.500000,3520.500000,3520.500000,325
2018-09-17T12:15:00+05:30,3520.500000,3531.100000,3498.000000,3500.000000,1922
2018-09-17T12:30:00+05:30,3500.000000,3506.850000,3496.000000,3505.000000,390
2018-09-17T12:45:00+05:30,3505.000000,3505.000000,3490.950000,3497.000000,721
2018-09-17T13:00:00+05:30,3497.000000,3500.000000,3490.000000,3497.000000,343
2018-09-17T13:15:00+05:30,3497.000000,3498.200000,3486.800000,3489.750000,237
2018-09-17T13:30:00+05:30,3489.750000,3495.000000,3486.000000,3489.950000,854
2018-09-17T13:45:00+05:30,3489.950000,3495.000000,3487.000000,3489.550000,837
2018-09-17T14:00:00+05:30,3485.300000,3490.000000,3475.000000,3480.900000,517
2018-09-17T14:15:00+05:30,3480.900000,3487.700000,3475.000000,3475.000000,355
2018-09-17T14:30:00+05:30,3475.000000,3480.800000,3460.100000,3470.000000,1443
2018-09-17T14:45:00+05:30,3470.000000,3475.350000,3436.300000,3443.600000,2207
2018-09-17T15:00:00+05:30,3443.600000,3449.800000,3426.000000,3440.500000,2274
2018-09-17T15:15:00+05:30,3440.500000,3450.000000,3430.750000,3440.000000,2032
2018-09-18T09:15:00+05:30,3441.600000,3463.700000,3410.000000,3413.000000,2424
2018-09-18T09:30:00+05:30,3413.000000,3413.000000,3358.500000,3369.800000,3743
2018-09-18T09:45:00+05:30,3368.050000,3385.000000,3360.600000,3381.000000,1444
2018-09-18T10:00:00+05:30,3380.050000,3381.000000,3359.000000,3366.300000,1286
2018-09-18T10:15:00+05:30,3366.300000,3387.950000,3366.300000,3386.800000,1151
2018-09-18T10:30:00+05:30,3386.800000,3386.800000,3361.150000,3371.150000,1059
2018-09-18T10:45:00+05:30,3371.150000,3375.000000,3361.000000,3373.450000,832
2018-09-18T11:00:00+05:30,3373.450000,3373.450000,3360.000000,3362.450000,511
2018-09-18T11:15:00+05:30,3362.450000,3373.000000,3362.450000,3369.300000,478
2018-09-18T11:30:00+05:30,3369.300000,3373.500000,3362.600000,3368.400000,391
2018-09-18T11:45:00+05:30,3368.500000,3377.000000,3365.000000,3376.000000,1130
2018-09-18T12:00:00+05:30,3377.000000,3384.400000,3375.000000,3380.100000,1377
2018-09-18T12:15:00+05:30,3380.100000,3425.000000,3376.350000,3415.650000,2841
2018-09-18T12:30:00+05:30,3415.650000,3421.000000,3381.650000,3389.850000,1505
2018-09-18T12:45:00+05:30,3389.850000,3390.000000,3384.600000,3384.600000,299
2018-09-18T13:00:00+05:30,3384.600000,3393.600000,3381.100000,3384.600000,271
2018-09-18T13:15:00+05:30,3384.600000,3390.000000,3377.900000,3381.000000,588
2018-09-18T13:30:00+05:30,3381.000000,3383.750000,3375.000000,3379.950000,584
2018-09-18T13:45:00+05:30,3379.950000,3382.900000,3361.000000,3361.000000,1211
2018-09-18T14:00:00+05:30,3361.000000,3366.950000,3350.000000,3359.000000,1238
2018-09-18T14:15:00+05:30,3359.000000,3366.900000,3355.000000,3357.900000,576
2018-09-18T14:30:00+05:30,3357.900000,3358.650000,3325.500000,3325.500000,1826
2018-09-18T14:45:00+05:30,3325.500000,3334.450000,3302.600000,3318.600000,1892
2018-09-18T15:00:00+05:30,3318.600000,3331.600000,3311.700000,3315.050000,1509
2018-09-18T15:15:00+05:30,3315.050000,3319.750000,3289.950000,3308.600000,3347
2018-09-19T09:15:00+05:30,3325.950000,3342.000000,3261.250000,3271.250000,2941
2018-09-19T09:30:00+05:30,3271.250000,3273.450000,3212.500000,3235.400000,6790
2018-09-19T09:45:00+05:30,3235.400000,3243.900000,3219.950000,3238.800000,2154
2018-09-19T10:00:00+05:30,3238.800000,3274.000000,3232.800000,3274.000000,2047
2018-09-19T10:15:00+05:30,3274.000000,3295.000000,3264.000000,3290.000000,1732
2018-09-19T10:30:00+05:30,3290.000000,3316.000000,3230.000000,3230.000000,2901
2018-09-19T10:45:00+05:30,3235.250000,3244.000000,3225.000000,3242.000000,1251
2018-09-19T11:00:00+05:30,3242.000000,3249.700000,3220.300000,3223.950000,1825
2018-09-19T11:15:00+05:30,3223.950000,3223.950000,3178.000000,3209.250000,2973
2018-09-19T11:30:00+05:30,3209.250000,3225.000000,3205.000000,3215.050000,991
2018-09-19T11:45:00+05:30,3215.050000,3228.250000,3215.000000,3215.000000,746
2018-09-19T12:00:00+05:30,3215.000000,3216.650000,3210.000000,3212.450000,793
2018-09-19T12:15:00+05:30,3212.450000,3232.000000,3178.000000,3182.000000,1426
2018-09-19T12:30:00+05:30,3182.000000,3198.700000,3168.000000,3180.250000,2224
2018-09-19T12:45:00+05:30,3180.250000,3182.800000,3105.000000,3109.950000,10285
2018-09-19T13:00:00+05:30,3109.950000,3120.000000,3101.250000,3106.000000,3682
2018-09-19T13:15:00+05:30,3106.000000,3112.100000,3080.000000,3111.150000,6641
2018-09-19T13:30:00+05:30,3110.000000,3127.000000,3107.000000,3110.950000,3150
2018-09-19T13:45:00+05:30,3110.950000,3135.000000,3110.950000,3125.000000,3018
2018-09-19T14:00:00+05:30,3125.000000,3125.000000,3090.000000,3103.500000,2258
2018-09-19T14:15:00+05:30,3103.500000,3110.900000,3088.000000,3099.900000,2270
2018-09-19T14:30:00+05:30,3099.900000,3100.000000,3065.000000,3096.000000,3141
2018-09-19T14:45:00+05:30,3096.000000,3118.500000,3090.000000,3116.000000,3953
2018-09-19T15:00:00+05:30,3116.000000,3120.000000,3100.000000,3110.200000,3704
2018-09-19T15:15:00+05:30,3110.200000,3137.000000,3093.850000,3099.000000,9902
2018-09-21T09:15:00+05:30,3148.850000,3175.500000,3107.250000,3144.250000,2827
2018-09-21T09:30:00+05:30,3144.000000,3194.000000,3142.500000,3188.450000,2559
2018-09-21T09:45:00+05:30,3188.450000,3193.350000,3155.600000,3158.200000,1296
2018-09-21T10:00:00+05:30,3158.200000,3180.000000,3155.000000,3170.000000,1116
2018-09-21T10:15:00+05:30,3164.900000,3169.700000,3110.000000,3130.750000,1581
2018-09-21T10:30:00+05:30,3130.750000,3132.000000,3116.850000,3122.450000,633
2018-09-21T10:45:00+05:30,3122.450000,3132.000000,3110.000000,3132.000000,984
2018-09-21T11:00:00+05:30,3132.000000,3190.000000,3132.000000,3167.750000,1719
2018-09-21T11:15:00+05:30,3167.750000,3167.750000,3152.000000,3159.050000,325
2018-09-21T11:30:00+05:30,3159.050000,3165.000000,3142.150000,3152.050000,1026
2018-09-21T11:45:00+05:30,3151.950000,3151.950000,3115.650000,3126.150000,772
2018-09-21T12:00:00+05:30,3126.150000,3140.000000,3122.950000,3128.500000,392
2018-09-21T12:15:00+05:30,3128.400000,3130.000000,3115.000000,3119.750000,652
2018-09-21T12:30:00+05:30,3119.750000,3120.000000,3089.000000,3090.550000,1220
2018-09-21T12:45:00+05:30,3090.550000,3097.300000,3030.300000,3030.900000,2096
2018-09-21T13:00:00+05:30,3030.900000,3030.900000,2824.000000,2901.000000,6642
2018-09-21T13:15:00+05:30,2901.000000,3046.200000,2901.000000,3035.550000,3457
2018-09-21T13:30:00+05:30,3030.000000,3079.000000,2978.100000,3027.150000,3119
2018-09-21T13:45:00+05:30,3027.150000,3068.750000,3025.000000,3040.750000,709
2018-09-21T14:00:00+05:30,3040.750000,3064.350000,3014.450000,3059.050000,1750
2018-09-21T14:15:00+05:30,3059.450000,3077.400000,3019.250000,3020.000000,1756
2018-09-21T14:30:00+05:30,3020.000000,3082.300000,3003.300000,3079.650000,1771
2018-09-21T14:45:00+05:30,3077.050000,3148.850000,3077.050000,3148.850000,2764
2018-09-21T15:00:00+05:30,3148.950000,3175.100000,3113.750000,3150.400000,7288
2018-09-21T15:15:00+05:30,3148.750000,3163.700000,3112.250000,3142.400000,6703
2018-09-24T09:15:00+05:30,3140.300000,3188.750000,3107.050000,3134.650000,1576
2018-09-24T09:30:00+05:30,3134.650000,3164.750000,3085.000000,3092.350000,2854
2018-09-24T09:45:00+05:30,3092.000000,3105.000000,3055.300000,3064.150000,2398
2018-09-24T10:00:00+05:30,3064.150000,3067.000000,3031.050000,3037.000000,1154
2018-09-24T10:15:00+05:30,3037.000000,3093.000000,3036.100000,3066.750000,1120
2018-09-24T10:30:00+05:30,3066.750000,3081.200000,3060.350000,3065.350000,280
2018-09-24T10:45:00+05:30,3065.350000,3065.350000,3038.350000,3055.000000,608
2018-09-24T11:00:00+05:30,3055.000000,3055.450000,3019.300000,3052.000000,1463
2018-09-24T11:15:00+05:30,3052.000000,3052.750000,2983.300000,2995.150000,2771
2018-09-24T11:30:00+05:30,2995.150000,2995.150000,2979.400000,2991.000000,938
2018-09-24T11:45:00+05:30,2991.000000,3008.000000,2968.500000,2984.650000,1834
2018-09-24T12:00:00+05:30,2984.650000,2992.000000,2961.500000,2961.500000,3264
2018-09-24T12:15:00+05:30,2965.950000,2965.950000,2943.000000,2954.000000,1353
2018-09-24T12:30:00+05:30,2956.750000,2992.500000,2954.900000,2978.750000,762
2018-09-24T12:45:00+05:30,2987.150000,3009.000000,2978.600000,2990.550000,1625
2018-09-24T13:00:00+05:30,2990.500000,3005.200000,2987.000000,3002.000000,420
2018-09-24T13:15:00+05:30,3002.000000,3008.950000,2982.600000,2985.850000,641
2018-09-24T13:30:00+05:30,2985.850000,2988.750000,2960.500000,2971.950000,753
2018-09-24T13:45:00+05:30,2971.950000,2978.950000,2966.000000,2972.150000,616
2018-09-24T14:00:00+05:30,2972.150000,3001.000000,2955.000000,3001.000000,1236
2018-09-24T14:15:00+05:30,3001.950000,3049.550000,2996.950000,3023.050000,2474
2018-09-24T14:30:00+05:30,3020.850000,3036.750000,2997.800000,3005.300000,810
2018-09-24T14:45:00+05:30,3005.300000,3008.800000,2992.500000,2999.900000,911
2018-09-24T15:00:00+05:30,2999.900000,3001.550000,2981.000000,2981.400000,1138
2018-09-24T15:15:00+05:30,2981.400000,2991.750000,2966.000000,2979.000000,2648
2018-09-25T09:15:00+05:30,3001.850000,3001.850000,2934.150000,2961.500000,1954
2018-09-25T09:30:00+05:30,2961.500000,2967.600000,2908.500000,2934.050000,1485
2018-09-25T09:45:00+05:30,2930.700000,3039.000000,2930.700000,3011.000000,2024
2018-09-25T10:00:00+05:30,3011.000000,3016.000000,2940.250000,3005.000000,1463
2018-09-25T10:15:00+05:30,3009.350000,3027.900000,3009.050000,3018.000000,936
2018-09-25T10:30:00+05:30,3018.000000,3022.850000,2962.500000,3005.000000,1946
2018-09-25T10:45:00+05:30,3005.000000,3046.900000,3000.000000,3035.000000,1353
2018-09-25T11:00:00+05:30,3035.000000,3045.400000,3001.250000,3015.100000,1229
2018-09-25T11:15:00+05:30,3015.100000,3022.150000,2982.000000,2982.000000,944
2018-09-25T11:30:00+05:30,2982.000000,3000.000000,2981.000000,2997.050000,436
2018-09-25T11:45:00+05:30,2997.050000,3012.200000,2994.600000,3006.900000,488
2018-09-25T12:00:00+05:30,3006.900000,3010.000000,2990.000000,2994.800000,369
2018-09-25T12:15:00+05:30,2994.800000,3007.250000,2990.000000,3006.500000,308
2018-09-25T12:30:00+05:30,3006.500000,3020.200000,3002.000000,3009.950000,441
2018-09-25T12:45:00+05:30,3010.000000,3010.000000,2990.000000,2996.950000,462
2018-09-25T13:00:00+05:30,2996.950000,2997.000000,2973.050000,2975.850000,307
2018-09-25T13:15:00+05:30,2974.000000,2975.850000,2950.000000,2952.050000,1030
2018-09-25T13:30:00+05:30,2952.050000,2963.250000,2939.250000,2950.000000,543
2018-09-25T13:45:00+05:30,2950.000000,2950.000000,2917.900000,2935.000000,1391
2018-09-25T14:00:00+05:30,2935.000000,2958.050000,2902.000000,2957.350000,1056
2018-09-25T14:15:00+05:30,2957.350000,2959.000000,2930.550000,2930.550000,1173
2018-09-25T14:30:00+05:30,2930.550000,2953.950000,2930.550000,2950.000000,508
2018-09-25T14:45:00+05:30,2950.000000,2958.650000,2940.000000,2945.000000,1284
2018-09-25T15:00:00+05:30,2945.000000,2987.600000,2941.200000,2987.600000,4143
2018-09-25T15:15:00+05:30,2987.600000,3022.450000,2986.800000,3009.000000,4272
2018-09-26T09:15:00+05:30,3015.500000,3049.900000,2975.000000,2989.050000,2296
2018-09-26T09:30:00+05:30,2989.050000,3017.750000,2989.050000,3008.500000,1591
2018-09-26T09:45:00+05:30,3008.500000,3010.000000,2987.550000,3004.000000,948
2018-09-26T10:00:00+05:30,3004.000000,3012.900000,3001.000000,3007.100000,606
2018-09-26T10:15:00+05:30,3008.100000,3020.000000,2997.050000,3001.150000,569
2018-09-26T10:30:00+05:30,3001.150000,3005.000000,2992.200000,3004.900000,372
2018-09-26T10:45:00+05:30,3004.900000,3016.350000,2985.000000,2998.000000,1107
2018-09-26T11:00:00+05:30,2998.000000,3000.850000,2952.750000,2953.450000,1490
2018-09-26T11:15:00+05:30,2951.000000,2988.850000,2951.000000,2973.650000,368
2018-09-26T11:30:00+05:30,2973.650000,2973.650000,2956.400000,2973.150000,429
2018-09-26T11:45:00+05:30,2973.150000,2973.650000,2963.000000,2973.400000,230
2018-09-26T12:00:00+05:30,2969.700000,2970.500000,2963.000000,2970.000000,147
2018-09-26T12:15:00+05:30,2969.850000,2973.650000,2964.000000,2970.650000,183
2018-09-26T12:30:00+05:30,2970.650000,2982.950000,2970.650000,2981.400000,309
2018-09-26T12:45:00+05:30,2982.150000,2990.000000,2976.000000,2983.200000,417
2018-09-26T13:00:00+05:30,2983.250000,2985.000000,2951.100000,2984.500000,562
2018-09-26T13:15:00+05:30,2984.500000,2985.300000,2974.650000,2985.300000,278
2018-09-26T13:30:00+05:30,2982.250000,2985.300000,2965.150000,2975.000000,239
2018-09-26T13:45:00+05:30,2975.000000,2980.000000,2961.750000,2980.000000,174
2018-09-26T14:00:00+05:30,2980.000000,2982.750000,2973.800000,2979.750000,264
2018-09-26T14:15:00+05:30,2979.750000,2985.000000,2961.000000,2970.050000,845
2018-09-26T14:30:00+05:30,2970.050000,2977.000000,2955.000000,2967.100000,758
2018-09-26T14:45:00+05:30,2966.600000,2971.500000,2940.450000,2950.000000,1319
2018-09-26T15:00:00+05:30,2950.000000,2973.950000,2939.500000,2967.100000,1937
2018-09-26T15:15:00+05:30,2967.100000,2967.100000,2910.000000,2922.000000,3216
2018-09-27T09:15:00+05:30,2949.600000,2949.700000,2902.000000,2933.050000,1572
2018-09-27T09:30:00+05:30,2933.050000,2960.600000,2925.000000,2937.200000,1387
2018-09-27T09:45:00+05:30,2937.200000,2937.400000,2907.450000,2917.100000,847
2018-09-27T10:00:00+05:30,2917.100000,2940.000000,2878.000000,2894.550000,1737
2018-09-27T10:15:00+05:30,2894.550000,2906.950000,2890.000000,2897.950000,583
2018-09-27T10:30:00+05:30,2897.950000,2897.950000,2875.000000,2884.200000,1118
2018-09-27T10:45:00+05:30,2884.200000,2888.650000,2874.000000,2876.000000,858
2018-09-27T11:00:00+05:30,2876.000000,2881.950000,2856.000000,2865.450000,1664
2018-09-27T11:15:00+05:30,2865.450000,2875.750000,2864.900000,2875.000000,899
2018-09-27T11:30:00+05:30,2875.000000,2875.000000,2865.000000,2870.000000,247
2018-09-27T11:45:00+05:30,2870.000000,2873.300000,2856.000000,2872.300000,404
2018-09-27T12:00:00+05:30,2872.300000,2884.200000,2858.150000,2873.000000,2193
2018-09-27T12:15:00+05:30,2875.000000,2885.000000,2870.750000,2875.550000,449
2018-09-27T12:30:00+05:30,2875.550000,2885.000000,2868.250000,2868.250000,428
2018-09-27T12:45:00+05:30,2868.250000,2881.450000,2862.550000,2870.300000,980
2018-09-27T13:00:00+05:30,2870.300000,2878.000000,2861.150000,2862.600000,342
2018-09-27T13:15:00+05:30,2863.000000,2881.000000,2862.250000,2870.100000,654
2018-09-27T13:30:00+05:30,2870.100000,2895.000000,2862.250000,2895.000000,736
2018-09-27T13:45:00+05:30,2895.000000,2917.950000,2890.000000,2900.400000,2320
2018-09-27T14:00:00+05:30,2900.400000,2906.950000,2892.650000,2900.000000,1900
2018-09-27T14:15:00+05:30,2900.000000,2903.400000,2892.000000,2902.000000,757
2018-09-27T14:30:00+05:30,2900.000000,2920.450000,2892.150000,2917.250000,2014
2018-09-27T14:45:00+05:30,2917.250000,2962.850000,2913.000000,2958.800000,3287
2018-09-27T15:00:00+05:30,2958.800000,2963.900000,2939.050000,2953.150000,1853
2018-09-27T15:15:00+05:30,2953.150000,2987.000000,2930.000000,2975.000000,3615
2018-09-28T09:15:00+05:30,2958.050000,2973.450000,2903.250000,2907.800000,2029
2018-09-28T09:30:00+05:30,2907.800000,2907.900000,2874.000000,2892.000000,1529
2018-09-28T09:45:00+05:30,2892.000000,2923.250000,2885.100000,2910.000000,1006
2018-09-28T10:00:00+05:30,2914.500000,2925.500000,2895.000000,2900.000000,694
2018-09-28T10:15:00+05:30,2900.000000,2929.250000,2891.050000,2918.000000,373
2018-09-28T10:30:00+05:30,2920.950000,2950.000000,2918.000000,2948.250000,564
2018-09-28T10:45:00+05:30,2948.250000,2950.400000,2932.350000,2932.350000,418
2018-09-28T11:00:00+05:30,2932.350000,2935.800000,2902.000000,2925.000000,554
2018-09-28T11:15:00+05:30,2925.000000,2959.500000,2925.000000,2952.900000,722
2018-09-28T11:30:00+05:30,2952.900000,2998.600000,2948.950000,2989.900000,1602
2018-09-28T11:45:00+05:30,2989.900000,2990.000000,2969.850000,2975.000000,642
2018-09-28T12:00:00+05:30,2975.000000,2983.000000,2971.500000,2973.250000,291
2018-09-28T12:15:00+05:30,2973.250000,2979.250000,2924.700000,2954.950000,2024
2018-09-28T12:30:00+05:30,2954.950000,2958.750000,2920.000000,2935.300000,767
2018-09-28T12:45:00+05:30,2935.300000,2949.950000,2935.300000,2944.000000,139
2018-09-28T13:00:00+05:30,2944.000000,2955.900000,2940.000000,2951.900000,244
2018-09-28T13:15:00+05:30,2951.900000,2954.750000,2926.100000,2937.000000,870
2018-09-28T13:30:00+05:30,2935.000000,2947.850000,2935.000000,2941.600000,311
2018-09-28T13:45:00+05:30,2941.600000,2941.600000,2882.200000,2882.200000,1153
2018-09-28T14:00:00+05:30,2882.200000,2894.900000,2850.000000,2890.000000,3090
2018-09-28T14:15:00+05:30,2890.000000,2903.000000,2886.200000,2900.950000,346
2018-09-28T14:30:00+05:30,2900.950000,2901.400000,2855.050000,2855.550000,63230
2018-09-28T14:45:00+05:30,2855.550000,2970.000000,2850.000000,2970.000000,7808
2018-09-28T15:00:00+05:30,2969.900000,2988.950000,2967.050000,2988.950000,6015
2018-09-28T15:15:00+05:30,2992.000000,3010.000000,2978.000000,2985.050000,4495
2018-10-01T09:15:00+05:30,2988.000000,2990.000000,2910.000000,2913.450000,1379
2018-10-01T09:30:00+05:30,2913.450000,2966.650000,2913.450000,2962.650000,701
2018-10-01T09:45:00+05:30,2962.650000,2972.500000,2949.400000,2950.900000,871
2018-10-01T10:00:00+05:30,2950.900000,2960.950000,2947.300000,2952.650000,360
2018-10-01T10:15:00+05:30,2952.650000,2955.000000,2911.000000,2919.550000,790
2018-10-01T10:30:00+05:30,2919.550000,2939.950000,2919.500000,2934.000000,251
2018-10-01T10:45:00+05:30,2934.000000,2934.000000,2905.000000,2916.000000,810
2018-10-01T11:00:00+05:30,2916.000000,2930.000000,2911.400000,2917.950000,714
2018-10-01T11:15:00+05:30,2917.950000,2950.000000,2880.250000,2880.300000,941
2018-10-01T11:30:00+05:30,2880.300000,2926.000000,2880.300000,2884.350000,1070
2018-10-01T11:45:00+05:30,2884.350000,2916.200000,2860.000000,2880.150000,1508
2018-10-01T12:00:00+05:30,2880.150000,2905.650000,2880.000000,2900.100000,204
2018-10-01T12:15:00+05:30,2900.550000,2911.150000,2894.000000,2898.100000,399
2018-10-01T12:30:00+05:30,2898.100000,2904.950000,2880.150000,2891.100000,458
2018-10-01T12:45:00+05:30,2891.100000,2898.950000,2881.250000,2889.750000,1302
2018-10-01T13:00:00+05:30,2889.750000,2890.250000,2876.900000,2880.950000,844
2018-10-01T13:15:00+05:30,2880.950000,2892.000000,2875.000000,2885.000000,1593
2018-10-01T13:30:00+05:30,2885.000000,2900.000000,2882.650000,2898.250000,2127
2018-10-01T13:45:00+05:30,2898.250000,2900.000000,2896.000000,2896.500000,706
2018-10-01T14:00:00+05:30,2898.000000,2920.000000,2891.350000,2900.000000,1469
2018-10-01T14:15:00+05:30,2900.000000,2911.150000,2888.500000,2896.050000,1361
2018-10-01T14:30:00+05:30,2896.050000,2918.000000,2885.000000,2911.800000,997
2018-10-01T14:45:00+05:30,2911.800000,2927.000000,2905.000000,2926.000000,766
2018-10-01T15:00:00+05:30,2925.050000,2939.000000,2915.500000,2925.000000,1905
2018-10-01T15:15:00+05:30,2925.000000,2960.000000,2922.000000,2949.800000,2388
2018-10-03T09:15:00+05:30,2938.250000,2967.900000,2903.700000,2954.650000,999
2018-10-03T09:30:00+05:30,2954.650000,2985.000000,2895.850000,2924.800000,2045
2018-10-03T09:45:00+05:30,2921.200000,2974.000000,2912.050000,2945.950000,1476
2018-10-03T10:00:00+05:30,2945.950000,2949.950000,2934.450000,2945.950000,243
2018-10-03T10:15:00+05:30,2945.950000,2947.750000,2900.000000,2916.000000,1421
2018-10-03T10:30:00+05:30,2916.000000,2920.200000,2908.000000,2912.900000,363
2018-10-03T10:45:00+05:30,2912.900000,2940.750000,2909.300000,2940.750000,315
2018-10-03T11:00:00+05:30,2940.750000,2943.000000,2915.300000,2937.800000,408
2018-10-03T11:15:00+05:30,2937.800000,2940.000000,2920.000000,2924.300000,341
2018-10-03T11:30:00+05:30,2924.300000,2928.850000,2917.650000,2919.900000,137
2018-10-03T11:45:00+05:30,2919.900000,2931.000000,2919.900000,2928.800000,187
2018-10-03T12:00:00+05:30,2928.800000,2967.000000,2928.800000,2961.250000,636
2018-10-03T12:15:00+05:30,2961.250000,2964.000000,2954.150000,2959.000000,671
2018-10-03T12:30:00+05:30,2959.000000,2963.500000,2956.000000,2956.000000,569
2018-10-03T12:45:00+05:30,2956.000000,2961.100000,2950.000000,2955.250000,376
2018-10-03T13:00:00+05:30,2955.250000,2960.000000,2936.850000,2955.000000,684
2018-10-03T13:15:00+05:30,2955.000000,2960.000000,2955.000000,2956.750000,317
2018-10-03T13:30:00+05:30,2956.750000,2959.900000,2951.900000,2951.900000,499
2018-10-03T13:45:00+05:30,2951.900000,2954.700000,2940.000000,2940.000000,372
2018-10-03T14:00:00+05:30,2940.000000,2955.000000,2937.250000,2948.450000,534
2018-10-03T14:15:00+05:30,2948.450000,2948.450000,2912.050000,2923.450000,773
2018-10-03T14:30:00+05:30,2923.450000,2925.000000,2903.100000,2910.000000,1014
2018-10-03T14:45:00+05:30,2910.000000,2915.500000,2900.000000,2913.750000,750
2018-10-03T15:00:00+05:30,2913.750000,2919.150000,2851.800000,2880.000000,3326
2018-10-03T15:15:00+05:30,2880.000000,2880.000000,2851.000000,2861.000000,1369
2018-10-04T09:15:00+05:30,2850.000000,2850.000000,2800.000000,2816.100000,4556
2018-10-04T09:30:00+05:30,2816.100000,2820.000000,2775.000000,2800.000000,2704
2018-10-04T09:45:00+05:30,2797.550000,2810.000000,2788.550000,2789.150000,1291
2018-10-04T10:00:00+05:30,2789.150000,2794.000000,2770.600000,2774.000000,1782
2018-10-04T10:15:00+05:30,2774.000000,2780.000000,2762.050000,2766.400000,1306
2018-10-04T10:30:00+05:30,2766.400000,2790.000000,2766.400000,2772.900000,1068
2018-10-04T10:45:00+05:30,2772.900000,2773.800000,2753.250000,2760.350000,1902
2018-10-04T11:00:00+05:30,2760.350000,2767.400000,2755.000000,2767.200000,644
2018-10-04T11:15:00+05:30,2761.800000,2775.700000,2761.800000,2765.000000,581
2018-10-04T11:30:00+05:30,2765.000000,2780.300000,2755.100000,2755.100000,1343
2018-10-04T11:45:00+05:30,2755.100000,2758.500000,2740.000000,2741.000000,1452
2018-10-04T12:00:00+05:30,2741.000000,2753.950000,2735.200000,2745.250000,955
2018-10-04T12:15:00+05:30,2740.050000,2772.800000,2738.000000,2758.600000,707
2018-10-04T12:30:00+05:30,2759.100000,2773.000000,2753.200000,2770.350000,897
2018-10-04T12:45:00+05:30,2770.450000,2777.000000,2760.000000,2772.200000,1639
2018-10-04T13:00:00+05:30,2772.200000,2783.000000,2770.000000,2770.000000,1100
2018-10-04T13:15:00+05:30,2767.600000,2778.000000,2765.200000,2772.050000,1752
2018-10-04T13:30:00+05:30,2775.300000,2775.350000,2770.000000,2775.350000,1470
2018-10-04T13:45:00+05:30,2775.350000,2784.650000,2770.000000,2780.000000,809
2018-10-04T14:00:00+05:30,2780.000000,2783.300000,2774.900000,2779.900000,516
2018-10-04T14:15:00+05:30,2779.900000,2786.400000,2775.000000,2786.000000,828
2018-10-04T14:30:00+05:30,2786.800000,2786.800000,2770.000000,2780.050000,995
2018-10-04T14:45:00+05:30,2780.050000,2805.100000,2771.000000,2775.150000,1455
2018-10-04T15:00:00+05:30,2771.050000,2782.200000,2771.050000,2776.000000,2244
2018-10-04T15:15:00+05:30,2777.150000,2790.000000,2765.050000,2777.000000,4218
2018-10-05T09:15:00+05:30,2776.000000,2793.000000,2740.900000,2784.000000,1298
2018-10-05T09:30:00+05:30,2784.000000,2803.650000,2741.000000,2747.500000,1740
2018-10-05T09:45:00+05:30,2750.000000,2812.450000,2745.500000,2805.000000,2198
2018-10-05T10:00:00+05:30,2800.000000,2812.000000,2755.700000,2760.400000,1637
2018-10-05T10:15:00+05:30,2760.400000,2780.800000,2759.100000,2760.000000,403
2018-10-05T10:30:00+05:30,2760.000000,2761.800000,2750.000000,2757.000000,620
2018-10-05T10:45:00+05:30,2756.950000,2786.400000,2756.900000,2777.350000,696
2018-10-05T11:00:00+05:30,2777.350000,2794.850000,2776.000000,2776.000000,608
2018-10-05T11:15:00+05:30,2776.000000,2776.000000,2743.000000,2750.000000,772
2018-10-05T11:30:00+05:30,2750.000000,2771.850000,2740.000000,2746.950000,810
2018-10-05T11:45:00+05:30,2746.950000,2749.150000,2740.000000,2742.150000,695
2018-10-05T12:00:00+05:30,2742.150000,2745.000000,2739.000000,2740.050000,608
2018-10-05T12:15:00+05:30,2740.050000,2745.000000,2739.050000,2741.850000,259
2018-10-05T12:30:00+05:30,2741.850000,2757.550000,2740.000000,2749.450000,444
2018-10-05T12:45:00+05:30,2749.450000,2756.150000,2745.450000,2752.700000,263
2018-10-05T13:00:00+05:30,2752.700000,2763.900000,2752.700000,2758.600000,432
2018-10-05T13:15:00+05:30,2758.600000,2765.000000,2748.100000,2758.800000,1650
2018-10-05T13:30:00+05:30,2758.000000,2761.500000,2753.000000,2759.600000,319
2018-10-05T13:45:00+05:30,2759.600000,2768.000000,2758.200000,2763.300000,276
2018-10-05T14:00:00+05:30,2763.300000,2786.400000,2763.300000,2776.000000,463
2018-10-05T14:15:00+05:30,2776.000000,2780.000000,2758.250000,2780.000000,597
2018-10-05T14:30:00+05:30,2775.050000,2780.000000,2739.500000,2758.600000,1602
2018-10-05T14:45:00+05:30,2758.600000,2758.600000,2706.600000,2724.150000,2088
2018-10-05T15:00:00+05:30,2724.100000,2724.100000,2677.000000,2680.000000,2015
2018-10-05T15:15:00+05:30,2680.000000,2749.000000,2660.000000,2729.850000,2346
2018-10-08T09:15:00+05:30,2729.850000,2729.850000,2635.100000,2660.500000,2908
2018-10-08T09:30:00+05:30,2660.500000,2663.900000,2641.700000,2647.550000,1768
2018-10-08T09:45:00+05:30,2647.550000,2699.000000,2647.550000,2685.000000,1369
2018-10-08T10:00:00+05:30,2685.000000,2697.800000,2685.000000,2690.000000,604
2018-10-08T10:15:00+05:30,2690.400000,2692.850000,2672.450000,2680.000000,784
2018-10-08T10:30:00+05:30,2680.000000,2680.650000,2670.000000,2674.950000,688
2018-10-08T10:45:00+05:30,2674.950000,2721.000000,2672.050000,2721.000000,915
2018-10-08T11:00:00+05:30,2721.000000,2725.000000,2670.600000,2708.050000,727
2018-10-08T11:15:00+05:30,2705.850000,2705.850000,2675.000000,2692.500000,822
2018-10-08T11:30:00+05:30,2692.500000,2697.350000,2692.500000,2695.150000,249
2018-10-08T11:45:00+05:30,2695.150000,2705.050000,2679.450000,2679.450000,1282
2018-10-08T12:00:00+05:30,2679.450000,2686.000000,2677.300000,2682.000000,240
2018-10-08T12:15:00+05:30,2682.000000,2682.000000,2650.000000,2651.900000,573
2018-10-08T12:30:00+05:30,2651.900000,2659.600000,2636.000000,2638.300000,655
2018-10-08T12:45:00+05:30,2638.300000,2644.250000,2620.950000,2635.000000,1024
2018-10-08T13:00:00+05:30,2635.000000,2639.200000,2625.000000,2625.100000,460
2018-10-08T13:15:00+05:30,2625.100000,2629.850000,2605.550000,2622.900000,825
2018-10-08T13:30:00+05:30,2622.900000,2623.050000,2585.000000,2593.350000,1241
2018-10-08T13:45:00+05:30,2593.350000,2603.000000,2587.000000,2598.000000,724
2018-10-08T14:00:00+05:30,2596.450000,2598.000000,2571.600000,2575.200000,1253
2018-10-08T14:15:00+05:30,2575.200000,2579.150000,2532.500000,2539.900000,2067
2018-10-08T14:30:00+05:30,2539.900000,2584.000000,2536.000000,2572.500000,1674
2018-10-08T14:45:00+05:30,2572.500000,2584.050000,2560.000000,2573.000000,1239
2018-10-08T15:00:00+05:30,2573.000000,2608.900000,2573.000000,2589.750000,2041
2018-10-08T15:15:00+05:30,2589.750000,2591.000000,2543.350000,2558.950000,3005
2018-10-09T09:15:00+05:30,2619.000000,2619.000000,2501.100000,2515.100000,4182
2018-10-09T09:30:00+05:30,2515.100000,2589.450000,2515.100000,2556.600000,2156
2018-10-09T09:45:00+05:30,2556.600000,2563.500000,2535.000000,2556.350000,999
2018-10-09T10:00:00+05:30,2556.350000,2570.300000,2551.150000,2568.700000,620
2018-10-09T10:15:00+05:30,2568.700000,2568.700000,2543.000000,2560.900000,315
2018-10-09T10:30:00+05:30,2558.050000,2561.600000,2543.250000,2555.750000,418
2018-10-09T10:45:00+05:30,2555.750000,2555.750000,2512.000000,2529.700000,1765
2018-10-09T11:00:00+05:30,2529.700000,2555.050000,2525.000000,2545.000000,1243
2018-10-09T11:15:00+05:30,2545.000000,2550.000000,2535.000000,2550.000000,512
2018-10-09T11:30:00+05:30,2550.000000,2565.000000,2540.000000,2544.700000,492
2018-10-09T11:45:00+05:30,2544.700000,2569.950000,2533.300000,2548.950000,710
2018-10-09T12:00:00+05:30,2549.350000,2552.000000,2535.000000,2535.400000,520
2018-10-09T12:15:00+05:30,2535.400000,2542.000000,2515.150000,2519.900000,716
2018-10-09T12:30:00+05:30,2519.900000,2528.750000,2517.600000,2524.800000,395
2018-10-09T12:45:00+05:30,2521.200000,2526.550000,2515.150000,2526.000000,554
2018-10-09T13:00:00+05:30,2526.000000,2545.400000,2520.000000,2538.000000,2317
2018-10-09T13:15:00+05:30,2538.000000,2550.000000,2538.000000,2544.350000,814
2018-10-09T13:30:00+05:30,2544.350000,2549.500000,2535.700000,2542.450000,287
2018-10-09T13:45:00+05:30,2542.450000,2542.450000,2521.600000,2526.700000,246
2018-10-09T14:00:00+05:30,2526.700000,2613.950000,2523.350000,2590.000000,3634
2018-10-09T14:15:00+05:30,2590.000000,2607.850000,2589.000000,2600.000000,2273
2018-10-09T14:30:00+05:30,2600.000000,2607.850000,2570.000000,2589.000000,1047
2018-10-09T14:45:00+05:30,2589.000000,2645.000000,2586.000000,2596.850000,3709
2018-10-09T15:00:00+05:30,2596.850000,2596.850000,2538.000000,2581.400000,2212
2018-10-09T15:15:00+05:30,2581.400000,2589.000000,2565.000000,2570.000000,2255
2018-10-10T09:15:00+05:30,2599.500000,2637.000000,2599.500000,2628.550000,1306
2018-10-10T09:30:00+05:30,2628.550000,2696.800000,2606.950000,2681.000000,2900
2018-10-10T09:45:00+05:30,2681.000000,2688.300000,2666.050000,2675.000000,1395
2018-10-10T10:00:00+05:30,2675.000000,2692.000000,2667.650000,2692.000000,1768
2018-10-10T10:15:00+05:30,2686.300000,2734.000000,2685.000000,2708.150000,4179
2018-10-10T10:30:00+05:30,2708.150000,2727.250000,2705.000000,2708.950000,2101
2018-10-10T10:45:00+05:30,2708.950000,2710.950000,2675.000000,2683.250000,1096
2018-10-10T11:00:00+05:30,2683.250000,2690.000000,2680.650000,2688.550000,344
2018-10-10T11:15:00+05:30,2688.550000,2690.000000,2669.450000,2675.700000,583
2018-10-10T11:30:00+05:30,2675.700000,2688.950000,2670.100000,2685.000000,680
2018-10-10T11:45:00+05:30,2685.000000,2689.050000,2676.750000,2685.300000,852
2018-10-10T12:00:00+05:30,2681.000000,2686.000000,2677.000000,2686.000000,237
2018-10-10T12:15:00+05:30,2686.000000,2693.550000,2680.000000,2688.500000,318
2018-10-10T12:30:00+05:30,2690.100000,2718.000000,2685.000000,2715.000000,914
2018-10-10T12:45:00+05:30,2715.000000,2715.600000,2686.050000,2690.900000,365
2018-10-10T13:00:00+05:30,2690.850000,2690.850000,2675.000000,2675.000000,451
2018-10-10T13:15:00+05:30,2675.000000,2717.000000,2675.000000,2717.000000,1092
2018-10-10T13:30:00+05:30,2717.000000,2717.000000,2709.000000,2709.000000,329
2018-10-10T13:45:00+05:30,2709.000000,2709.000000,2676.050000,2685.000000,654
2018-10-10T14:00:00+05:30,2685.000000,2705.300000,2676.650000,2705.300000,637
2018-10-10T14:15:00+05:30,2706.000000,2710.000000,2706.000000,2709.350000,495
2018-10-10T14:30:00+05:30,2709.350000,2709.350000,2701.500000,2706.000000,1078
2018-10-10T14:45:00+05:30,2706.000000,2715.000000,2701.550000,2714.000000,1046
2018-10-10T15:00:00+05:30,2714.000000,2715.000000,2709.750000,2712.000000,976
2018-10-10T15:15:00+05:30,2712.400000,2750.000000,2700.000000,2736.000000,3973
2018-10-11T09:15:00+05:30,2642.050000,2665.000000,2615.000000,2659.000000,1502
2018-10-11T09:30:00+05:30,2659.000000,2673.250000,2645.800000,2661.900000,924
2018-10-11T09:45:00+05:30,2661.900000,2662.000000,2642.950000,2649.500000,1005
2018-10-11T10:00:00+05:30,2649.500000,2654.700000,2640.250000,2653.100000,557
2018-10-11T10:15:00+05:30,2653.100000,2660.400000,2648.050000,2657.050000,1095
2018-10-11T10:30:00+05:30,2657.050000,2726.000000,2656.300000,2720.000000,1840
2018-10-11T10:45:00+05:30,2720.000000,2724.000000,2700.000000,2700.000000,797
2018-10-11T11:00:00+05:30,2700.000000,2710.000000,2680.050000,2693.950000,835
2018-10-11T11:15:00+05:30,2690.000000,2705.050000,2690.000000,2705.000000,338
2018-10-11T11:30:00+05:30,2704.050000,2714.900000,2700.700000,2714.900000,206
2018-10-11T11:45:00+05:30,2714.900000,2723.900000,2712.000000,2723.900000,911
2018-10-11T12:00:00+05:30,2723.900000,2728.000000,2702.100000,2715.150000,624
2018-10-11T12:15:00+05:30,2715.150000,2727.400000,2715.000000,2720.000000,282
2018-10-11T12:30:00+05:30,2720.000000,2724.500000,2710.000000,2724.500000,287
2018-10-11T12:45:00+05:30,2724.550000,2769.900000,2722.000000,2754.350000,1481
2018-10-11T13:00:00+05:30,2754.350000,2759.600000,2744.700000,2749.950000,611
2018-10-11T13:15:00+05:30,2749.950000,2749.950000,2725.300000,2734.700000,602
2018-10-11T13:30:00+05:30,2734.700000,2750.000000,2718.950000,2748.900000,788
2018-10-11T13:45:00+05:30,2748.900000,2753.900000,2742.950000,2750.050000,3405
2018-10-11T14:00:00+05:30,2750.050000,2760.800000,2744.000000,2747.950000,1010
2018-10-11T14:15:00+05:30,2750.000000,2750.000000,2742.950000,2747.000000,2313
2018-10-11T14:30:00+05:30,2747.000000,2748.900000,2730.000000,2735.000000,5718
2018-10-11T14:45:00+05:30,2735.000000,2741.900000,2728.050000,2735.150000,1298
2018-10-11T15:00:00+05:30,2734.450000,2760.000000,2734.450000,2757.800000,4160
2018-10-11T15:15:00+05:30,2757.800000,2795.150000,2751.050000,2780.000000,3167
2018-10-12T09:15:00+05:30,2805.000000,2858.950000,2800.250000,2823.200000,2553
2018-10-12T09:30:00+05:30,2823.200000,2828.000000,2802.100000,2810.150000,1596
2018-10-12T09:45:00+05:30,2815.000000,2842.100000,2812.000000,2815.000000,1358
2018-10-12T10:00:00+05:30,2815.000000,2829.850000,2808.100000,2821.000000,687
2018-10-12T10:15:00+05:30,2821.000000,2830.000000,2820.000000,2825.050000,452
2018-10-12T10:30:00+05:30,2825.050000,2836.650000,2820.000000,2820.400000,1857
2018-10-12T10:45:00+05:30,2820.400000,2830.000000,2820.000000,2825.200000,535
2018-10-12T11:00:00+05:30,2825.200000,2844.850000,2825.000000,2834.500000,1112
2018-10-12T11:15:00+05:30,2834.500000,2848.900000,2834.500000,2842.200000,499
2018-10-12T11:30:00+05:30,2842.200000,2860.000000,2841.150000,2860.000000,718
2018-10-12T11:45:00+05:30,2860.000000,2875.950000,2854.650000,2862.150000,1840
2018-10-12T12:00:00+05:30,2862.150000,2865.000000,2844.300000,2853.000000,749
2018-10-12T12:15:00+05:30,2853.000000,2855.000000,2847.350000,2851.500000,358
2018-10-12T12:30:00+05:30,2851.500000,2867.500000,2851.500000,2865.000000,475
2018-10-12T12:45:00+05:30,2865.000000,2868.500000,2850.050000,2855.800000,303
2018-10-12T13:00:00+05:30,2855.800000,2855.800000,2849.250000,2850.350000,586
2018-10-12T13:15:00+05:30,2850.350000,2856.100000,2849.250000,2849.250000,165
2018-10-12T13:30:00+05:30,2854.600000,2856.900000,2849.250000,2849.250000,253
2018-10-12T13:45:00+05:30,2849.250000,2854.000000,2849.250000,2851.500000,257
2018-10-12T14:00:00+05:30,2851.500000,2853.000000,2849.250000,2851.950000,340
2018-10-12T14:15:00+05:30,2852.000000,2871.000000,2852.000000,2860.500000,738
2018-10-12T14:30:00+05:30,2860.500000,2862.000000,2849.050000,2855.200000,362
2018-10-12T14:45:00+05:30,2855.200000,2855.200000,2844.000000,2845.850000,253
2018-10-12T15:00:00+05:30,2845.850000,2857.000000,2845.000000,2853.050000,1270
2018-10-12T15:15:00+05:30,2853.050000,2890.000000,2853.000000,2883.000000,3335
2018-10-15T09:15:00+05:30,2910.000000,2944.000000,2883.400000,2940.000000,2678
2018-10-15T09:30:00+05:30,2940.000000,2967.000000,2910.050000,2958.650000,3117
2018-10-15T09:45:00+05:30,2954.350000,2982.300000,2935.000000,2976.650000,4444
2018-10-15T10:00:00+05:30,2976.650000,2978.650000,2959.800000,2968.550000,1611
2018-10-15T10:15:00+05:30,2968.550000,2971.500000,2960.000000,2960.500000,550
2018-10-15T10:30:00+05:30,2960.500000,2969.950000,2960.500000,2965.000000,693
2018-10-15T10:45:00+05:30,2965.000000,2971.700000,2922.050000,2922.650000,3332
2018-10-15T11:00:00+05:30,2922.650000,2930.000000,2910.000000,2922.000000,941
2018-10-15T11:15:00+05:30,2922.000000,2927.000000,2919.500000,2925.000000,504
2018-10-15T11:30:00+05:30,2925.000000,2925.000000,2920.100000,2925.000000,409
2018-10-15T11:45:00+05:30,2925.000000,2930.000000,2920.350000,2925.000000,658
2018-10-15T12:00:00+05:30,2925.000000,2929.900000,2922.150000,2929.700000,759
2018-10-15T12:15:00+05:30,2929.700000,2930.000000,2923.650000,2924.000000,546
2018-10-15T12:30:00+05:30,2924.000000,2925.000000,2921.950000,2925.000000,1163
2018-10-15T12:45:00+05:30,2925.000000,2925.000000,2915.000000,2920.000000,358
2018-10-15T13:00:00+05:30,2920.000000,2924.900000,2918.750000,2923.950000,143
2018-10-15T13:15:00+05:30,2923.950000,2925.000000,2922.700000,2925.000000,597
2018-10-15T13:30:00+05:30,2925.000000,2925.000000,2914.250000,2917.250000,280
2018-10-15T13:45:00+05:30,2920.000000,2922.950000,2915.000000,2918.800000,458
2018-10-15T14:00:00+05:30,2918.800000,2923.000000,2910.200000,2910.750000,1563
2018-10-15T14:15:00+05:30,2910.750000,2922.850000,2891.000000,2898.450000,2681
2018-10-15T14:30:00+05:30,2898.450000,2917.200000,2893.000000,2899.750000,1633
2018-10-15T14:45:00+05:30,2899.750000,2900.000000,2892.000000,2897.000000,443
2018-10-15T15:00:00+05:30,2897.000000,2900.000000,2897.000000,2900.000000,1470
2018-10-15T15:15:00+05:30,2900.000000,2900.000000,2886.000000,2890.500000,5733
2018-10-16T09:15:00+05:30,2916.300000,2955.850000,2891.600000,2898.000000,808
2018-10-16T09:30:00+05:30,2898.000000,2944.850000,2895.000000,2940.000000,1378
2018-10-16T09:45:00+05:30,2940.000000,2944.900000,2920.000000,2921.350000,1853
2018-10-16T10:00:00+05:30,2921.350000,2929.500000,2914.650000,2923.750000,1106
2018-10-16T10:15:00+05:30,2923.750000,2923.750000,2901.000000,2906.600000,461
2018-10-16T10:30:00+05:30,2906.600000,2910.000000,2895.600000,2895.600000,914
2018-10-16T10:45:00+05:30,2895.600000,2902.000000,2882.200000,2884.950000,1159
2018-10-16T11:00:00+05:30,2885.000000,2885.000000,2874.050000,2878.000000,720
2018-10-16T11:15:00+05:30,2878.000000,2880.000000,2855.000000,2855.000000,1093
2018-10-16T11:30:00+05:30,2855.000000,2873.250000,2855.000000,2860.300000,878
2018-10-16T11:45:00+05:30,2860.300000,2872.750000,2860.000000,2867.650000,266
2018-10-16T12:00:00+05:30,2867.650000,2873.150000,2865.000000,2866.850000,247
2018-10-16T12:15:00+05:30,2866.850000,2873.250000,2866.850000,2867.000000,439
2018-10-16T12:30:00+05:30,2867.000000,2872.550000,2862.100000,2865.600000,738
2018-10-16T12:45:00+05:30,2865.600000,2871.900000,2865.050000,2867.250000,292
2018-10-16T13:00:00+05:30,2867.250000,2871.800000,2862.000000,2862.000000,483
2018-10-16T13:15:00+05:30,2862.000000,2867.250000,2860.000000,2860.250000,284
2018-10-16T13:30:00+05:30,2860.250000,2865.800000,2860.250000,2863.000000,172
2018-10-16T13:45:00+05:30,2861.700000,2880.000000,2860.000000,2876.000000,430
2018-10-16T14:00:00+05:30,2876.000000,2880.000000,2866.350000,2868.750000,325
2018-10-16T14:15:00+05:30,2868.750000,2894.500000,2860.200000,2880.600000,465
2018-10-16T14:30:00+05:30,2880.600000,2896.750000,2872.400000,2885.250000,684
2018-10-16T14:45:00+05:30,2885.250000,2890.950000,2873.600000,2887.150000,528
2018-10-16T15:00:00+05:30,2887.150000,2900.000000,2881.000000,2892.000000,2030
2018-10-16T15:15:00+05:30,2892.000000,2901.000000,2890.000000,2890.000000,1972
2018-10-17T09:15:00+05:30,2922.000000,2934.000000,2880.150000,2880.150000,1418
2018-10-17T09:30:00+05:30,2880.000000,2901.800000,2873.500000,2887.000000,873
2018-10-17T09:45:00+05:30,2887.000000,2899.650000,2876.000000,2876.100000,332
2018-10-17T10:00:00+05:30,2876.100000,2884.900000,2873.000000,2880.000000,417
2018-10-17T10:15:00+05:30,2880.000000,2893.900000,2880.000000,2891.350000,599
2018-10-17T10:30:00+05:30,2891.350000,2900.000000,2891.000000,2899.300000,767
2018-10-17T10:45:00+05:30,2899.300000,2900.000000,2890.050000,2899.500000,383
2018-10-17T11:00:00+05:30,2899.500000,2899.500000,2890.050000,2896.750000,183
2018-10-17T11:15:00+05:30,2896.750000,2899.000000,2890.000000,2896.850000,182
2018-10-17T11:30:00+05:30,2896.850000,2896.850000,2880.050000,2880.050000,269
2018-10-17T11:45:00+05:30,2880.050000,2880.050000,2870.050000,2876.150000,203
2018-10-17T12:00:00+05:30,2876.150000,2890.000000,2876.150000,2885.000000,303
2018-10-17T12:15:00+05:30,2885.000000,2896.850000,2885.000000,2896.850000,93
2018-10-17T12:30:00+05:30,2896.850000,2896.850000,2885.000000,2885.000000,198
2018-10-17T12:45:00+05:30,2885.000000,2895.950000,2881.000000,2895.950000,107
2018-10-17T13:00:00+05:30,2895.950000,2896.000000,2883.000000,2889.550000,68
2018-10-17T13:15:00+05:30,2889.550000,2893.900000,2883.600000,2893.900000,85
2018-10-17T13:30:00+05:30,2893.900000,2895.000000,2880.950000,2885.150000,278
2018-10-17T13:45:00+05:30,2885.150000,2895.900000,2885.000000,2890.000000,157
2018-10-17T14:00:00+05:30,2890.000000,2890.000000,2866.100000,2866.100000,502
2018-10-17T14:15:00+05:30,2866.100000,2870.000000,2855.250000,2856.100000,1027
2018-10-17T14:30:00+05:30,2856.100000,2876.200000,2855.000000,2871.300000,379
2018-10-17T14:45:00+05:30,2871.300000,2879.150000,2860.350000,2875.100000,588
2018-10-17T15:00:00+05:30,2875.100000,2875.500000,2855.000000,2872.200000,926
2018-10-17T15:15:00+05:30,2872.200000,2888.000000,2846.200000,2875.000000,1737
2018-10-19T09:15:00+05:30,2857.400000,2857.400000,2833.000000,2847.100000,243
2018-10-19T09:30:00+05:30,2847.100000,2861.450000,2815.500000,2822.400000,2043
2018-10-19T09:45:00+05:30,2822.400000,2822.900000,2811.150000,2818.000000,1090
2018-10-19T10:00:00+05:30,2818.000000,2830.000000,2815.050000,2830.000000,287
2018-10-19T10:15:00+05:30,2830.000000,2832.000000,2815.050000,2818.000000,525
2018-10-19T10:30:00+05:30,2818.000000,2818.500000,2790.950000,2790.950000,705
2018-10-19T10:45:00+05:30,2790.200000,2799.500000,2784.050000,2799.500000,600
2018-10-19T11:00:00+05:30,2799.500000,2807.000000,2793.150000,2807.000000,432
2018-10-19T11:15:00+05:30,2807.000000,2826.000000,2802.200000,2818.650000,397
2018-10-19T11:30:00+05:30,2818.650000,2835.000000,2818.650000,2830.000000,226
2018-10-19T11:45:00+05:30,2830.000000,2837.000000,2822.400000,2831.000000,661
2018-10-19T12:00:00+05:30,2831.000000,2857.000000,2831.000000,2841.100000,348
2018-10-19T12:15:00+05:30,2841.100000,2857.000000,2833.100000,2856.000000,253
2018-10-19T12:30:00+05:30,2850.050000,2851.900000,2850.000000,2850.050000,188
2018-10-19T12:45:00+05:30,2850.000000,2877.950000,2850.000000,2877.950000,294
2018-10-19T13:00:00+05:30,2878.000000,2925.000000,2874.050000,2910.000000,1800
2018-10-19T13:15:00+05:30,2910.000000,2920.000000,2897.000000,2905.150000,599
2018-10-19T13:30:00+05:30,2906.050000,2911.050000,2847.650000,2847.650000,1618
2018-10-19T13:45:00+05:30,2847.650000,2847.850000,2825.750000,2834.700000,781
2018-10-19T14:00:00+05:30,2834.700000,2844.900000,2820.050000,2820.050000,873
2018-10-19T14:15:00+05:30,2820.000000,2843.700000,2813.250000,2843.700000,1423
2018-10-19T14:30:00+05:30,2843.700000,2849.100000,2825.000000,2825.000000,787
2018-10-19T14:45:00+05:30,2825.000000,2826.000000,2800.000000,2800.000000,1454
2018-10-19T15:00:00+05:30,2801.500000,2810.800000,2800.000000,2810.800000,2794
2018-10-19T15:15:00+05:30,2810.800000,2814.150000,2771.000000,2793.900000,3763
2018-10-22T09:15:00+05:30,2825.000000,2826.000000,2775.550000,2781.300000,708
2018-10-22T09:30:00+05:30,2781.300000,2781.300000,2750.000000,2756.000000,1186
2018-10-22T09:45:00+05:30,2756.000000,2756.000000,2715.650000,2720.950000,1731
2018-10-22T10:00:00+05:30,2720.950000,2726.650000,2716.300000,2720.000000,736
2018-10-22T10:15:00+05:30,2720.000000,2735.600000,2720.000000,2732.950000,724
2018-10-22T10:30:00+05:30,2732.950000,2733.000000,2729.000000,2733.000000,185
2018-10-22T10:45:00+05:30,2733.000000,2749.500000,2728.100000,2745.000000,151
2018-10-22T11:00:00+05:30,2745.000000,2745.000000,2738.900000,2744.000000,67
2018-10-22T11:15:00+05:30,2744.000000,2750.000000,2730.350000,2732.750000,304
2018-10-22T11:30:00+05:30,2732.750000,2734.550000,2721.900000,2725.000000,413
2018-10-22T11:45:00+05:30,2725.000000,2733.900000,2724.950000,2727.550000,262
2018-10-22T12:00:00+05:30,2727.550000,2743.500000,2727.500000,2739.100000,381
2018-10-22T12:15:00+05:30,2739.100000,2744.500000,2736.100000,2738.800000,153
2018-10-22T12:30:00+05:30,2738.800000,2747.350000,2736.500000,2739.800000,145
2018-10-22T12:45:00+05:30,2739.800000,2740.000000,2730.350000,2738.250000,101
2018-10-22T13:00:00+05:30,2738.250000,2741.450000,2738.250000,2740.000000,167
2018-10-22T13:15:00+05:30,2740.000000,2749.000000,2740.000000,2745.200000,82
2018-10-22T13:30:00+05:30,2745.200000,2747.350000,2727.000000,2740.000000,383
2018-10-22T13:45:00+05:30,2740.000000,2745.400000,2731.650000,2743.450000,115
2018-10-22T14:00:00+05:30,2743.450000,2743.450000,2729.400000,2729.850000,169
2018-10-22T14:15:00+05:30,2729.850000,2729.850000,2723.850000,2724.950000,311
2018-10-22T14:30:00+05:30,2724.950000,2727.350000,2710.000000,2710.050000,612
2018-10-22T14:45:00+05:30,2710.050000,2724.450000,2710.050000,2715.000000,2642
2018-10-22T15:00:00+05:30,2718.850000,2777.000000,2702.800000,2750.400000,12760
2018-10-22T15:15:00+05:30,2754.950000,2823.950000,2747.450000,2801.000000,7390
2018-10-23T09:15:00+05:30,2754.000000,2774.750000,2754.000000,2767.700000,377
2018-10-23T09:30:00+05:30,2768.000000,2794.300000,2768.000000,2775.000000,505
2018-10-23T09:45:00+05:30,2780.300000,2791.550000,2777.300000,2784.300000,361
2018-10-23T10:00:00+05:30,2784.300000,2787.000000,2776.000000,2787.000000,139
2018-10-23T10:15:00+05:30,2787.000000,2788.000000,2780.800000,2787.950000,79
2018-10-23T10:30:00+05:30,2787.950000,2787.950000,2783.750000,2783.750000,41
2018-10-23T10:45:00+05:30,2783.750000,2789.900000,2780.750000,2789.650000,138
2018-10-23T11:00:00+05:30,2789.650000,2789.650000,2784.150000,2787.800000,50
2018-10-23T11:15:00+05:30,2787.800000,2788.200000,2777.650000,2780.050000,224
2018-10-23T11:30:00+05:30,2780.050000,2780.050000,2761.550000,2762.150000,696
2018-10-23T11:45:00+05:30,2762.150000,2780.350000,2762.150000,2779.850000,236
2018-10-23T12:00:00+05:30,2779.850000,2779.950000,2757.000000,2767.950000,604
2018-10-23T12:15:00+05:30,2767.950000,2779.950000,2760.850000,2779.950000,175
2018-10-23T12:30:00+05:30,2779.950000,2782.000000,2773.000000,2773.000000,156
2018-10-23T12:45:00+05:30,2771.300000,2771.300000,2758.000000,2760.000000,197
2018-10-23T13:00:00+05:30,2760.000000,2770.000000,2755.250000,2760.000000,498
2018-10-23T13:15:00+05:30,2760.000000,2768.500000,2737.000000,2749.150000,640
2018-10-23T13:30:00+05:30,2749.150000,2749.150000,2722.100000,2731.350000,534
2018-10-23T13:45:00+05:30,2731.350000,2735.000000,2723.650000,2726.000000,338
2018-10-23T14:00:00+05:30,2726.000000,2746.750000,2726.000000,2735.450000,440
2018-10-23T14:15:00+05:30,2735.450000,2745.000000,2724.000000,2724.000000,570
2018-10-23T14:30:00+05:30,2724.000000,2750.000000,2714.000000,2750.000000,639
2018-10-23T14:45:00+05:30,2750.000000,2764.400000,2742.250000,2762.550000,488
2018-10-23T15:00:00+05:30,2762.550000,2764.900000,2730.000000,2735.750000,851
2018-10-23T15:15:00+05:30,2735.750000,2779.900000,2735.750000,2775.000000,1224
2018-10-24T09:15:00+05:30,2775.000000,2836.350000,2775.000000,2811.850000,897
2018-10-24T09:30:00+05:30,2811.850000,2825.000000,2783.150000,2824.800000,847
2018-10-24T09:45:00+05:30,2824.800000,2829.850000,2800.000000,2801.100000,423
2018-10-24T10:00:00+05:30,2808.950000,2813.450000,2802.000000,2813.150000,203
2018-10-24T10:15:00+05:30,2813.150000,2816.750000,2805.000000,2805.050000,170
2018-10-24T10:30:00+05:30,2805.050000,2805.050000,2770.000000,2779.950000,627
2018-10-24T10:45:00+05:30,2779.950000,2779.950000,2755.000000,2755.150000,360
2018-10-24T11:00:00+05:30,2755.150000,2780.000000,2755.000000,2779.700000,204
2018-10-24T11:15:00+05:30,2779.700000,2789.750000,2763.000000,2785.650000,256
2018-10-24T11:30:00+05:30,2785.650000,2785.650000,2775.800000,2779.100000,59
2018-10-24T11:45:00+05:30,2779.100000,2794.000000,2767.500000,2794.000000,259
2018-10-24T12:00:00+05:30,2794.000000,2797.050000,2793.900000,2797.000000,87
2018-10-24T12:15:00+05:30,2797.000000,2818.000000,2795.500000,2814.300000,616
2018-10-24T12:30:00+05:30,2814.300000,2815.100000,2800.000000,2815.100000,355
2018-10-24T12:45:00+05:30,2815.100000,2828.000000,2811.300000,2814.350000,525
2018-10-24T13:00:00+05:30,2814.350000,2824.200000,2810.000000,2820.000000,179
2018-10-24T13:15:00+05:30,2820.000000,2825.000000,2811.700000,2812.450000,352
2018-10-24T13:30:00+05:30,2812.450000,2815.000000,2807.950000,2815.000000,258
2018-10-24T13:45:00+05:30,2815.000000,2815.000000,2801.400000,2814.700000,372
2018-10-24T14:00:00+05:30,2814.700000,2814.700000,2801.400000,2809.000000,368
2018-10-24T14:15:00+05:30,2809.000000,2814.900000,2786.550000,2813.000000,841
2018-10-24T14:30:00+05:30,2813.000000,2817.900000,2798.650000,2800.000000,1121
2018-10-24T14:45:00+05:30,2800.000000,2808.900000,2775.000000,2799.400000,1013
2018-10-24T15:00:00+05:30,2799.400000,2849.000000,2799.000000,2849.000000,2114
2018-10-24T15:15:00+05:30,2849.000000,2849.900000,2816.600000,2830.000000,1268
2018-10-25T09:15:00+05:30,2791.250000,2804.350000,2770.000000,2799.300000,434
2018-10-25T09:30:00+05:30,2799.300000,2825.000000,2795.000000,2807.150000,509
2018-10-25T09:45:00+05:30,2807.150000,2807.150000,2796.000000,2796.500000,106
2018-10-25T10:00:00+05:30,2796.500000,2801.000000,2796.000000,2800.850000,29
2018-10-25T10:15:00+05:30,2800.850000,2806.900000,2795.000000,2798.350000,187
2018-10-25T10:30:00+05:30,2798.350000,2798.750000,2790.000000,2795.800000,78
2018-10-25T10:45:00+05:30,2795.800000,2804.900000,2790.000000,2800.150000,109
2018-10-25T11:00:00+05:30,2800.150000,2800.150000,2795.400000,2799.950000,149
2018-10-25T11:15:00+05:30,2799.950000,2800.000000,2789.550000,2795.700000,194
2018-10-25T11:30:00+05:30,2795.700000,2799.000000,2790.000000,2795.800000,57
2018-10-25T11:45:00+05:30,2798.150000,2809.000000,2797.650000,2809.000000,264
2018-10-25T12:00:00+05:30,2809.000000,2813.800000,2807.900000,2813.000000,147
2018-10-25T12:15:00+05:30,2813.000000,2815.300000,2812.100000,2815.300000,56
2018-10-25T12:30:00+05:30,2815.300000,2820.000000,2808.900000,2808.950000,107
2018-10-25T12:45:00+05:30,2808.950000,2811.800000,2800.000000,2810.000000,138
2018-10-25T13:00:00+05:30,2810.000000,2812.700000,2803.750000,2808.200000,84
2018-10-25T13:15:00+05:30,2808.200000,2824.750000,2807.200000,2812.300000,376
2018-10-25T13:30:00+05:30,2812.300000,2812.500000,2804.300000,2807.150000,87
2018-10-25T13:45:00+05:30,2807.900000,2815.000000,2804.050000,2809.200000,77
2018-10-25T14:00:00+05:30,2809.200000,2810.000000,2805.000000,2805.000000,123
2018-10-25T14:15:00+05:30,2805.000000,2810.150000,2805.000000,2810.150000,112
2018-10-25T14:30:00+05:30,2810.150000,2817.050000,2807.400000,2817.050000,583
2018-10-25T14:45:00+05:30,2817.050000,2838.150000,2817.050000,2831.000000,1161
2018-10-25T15:00:00+05:30,2830.200000,2870.050000,2823.150000,2870.050000,3918
2018-10-25T15:15:00+05:30,2870.050000,2897.000000,2864.950000,2890.150000,5915
2018-10-26T09:15:00+05:30,2876.200000,2894.150000,2842.250000,2885.000000,1873
2018-10-26T09:30:00+05:30,2885.000000,2885.000000,2861.000000,2875.250000,2590
2018-10-26T09:45:00+05:30,2875.250000,2888.000000,2871.500000,2880.150000,1561
2018-10-26T10:00:00+05:30,2880.150000,2888.000000,2872.000000,2872.000000,1107
2018-10-26T10:15:00+05:30,2872.000000,2923.850000,2872.000000,2915.000000,2002
2018-10-26T10:30:00+05:30,2915.000000,2945.000000,2915.000000,2937.950000,4488
2018-10-26T10:45:00+05:30,2937.950000,2937.950000,2907.750000,2920.200000,1017
2018-10-26T11:00:00+05:30,2920.200000,2935.400000,2909.700000,2935.400000,899
2018-10-26T11:15:00+05:30,2935.400000,2949.000000,2932.000000,2932.100000,1023
2018-10-26T11:30:00+05:30,2932.100000,2944.950000,2931.950000,2939.000000,539
2018-10-26T11:45:00+05:30,2939.000000,2947.950000,2932.800000,2941.000000,360
2018-10-26T12:00:00+05:30,2941.000000,2950.000000,2935.000000,2946.000000,877
2018-10-26T12:15:00+05:30,2946.000000,2951.000000,2940.650000,2949.950000,512
2018-10-26T12:30:00+05:30,2949.950000,2970.000000,2943.400000,2968.900000,1013
2018-10-26T12:45:00+05:30,2968.900000,2971.800000,2939.250000,2945.000000,917
2018-10-26T13:00:00+05:30,2945.000000,2946.800000,2930.000000,2946.500000,357
2018-10-26T13:15:00+05:30,2946.500000,2949.000000,2938.600000,2949.000000,258
2018-10-26T13:30:00+05:30,2949.000000,2949.000000,2934.000000,2938.050000,416
2018-10-26T13:45:00+05:30,2938.050000,2963.500000,2931.500000,2963.500000,738
2018-10-26T14:00:00+05:30,2963.500000,2966.650000,2940.650000,2961.850000,506
2018-10-26T14:15:00+05:30,2961.850000,2962.800000,2937.800000,2945.000000,553
2018-10-26T14:30:00+05:30,2945.000000,2946.000000,2936.500000,2944.700000,344
2018-10-26T14:45:00+05:30,2944.700000,2945.000000,2934.100000,2938.000000,381
2018-10-26T15:00:00+05:30,2938.000000,2939.900000,2927.900000,2934.500000,3307
2018-10-26T15:15:00+05:30,2934.500000,2950.000000,2920.000000,2937.900000,3084
2018-10-29T09:15:00+05:30,2958.050000,2958.050000,2915.000000,2924.800000,596
2018-10-29T09:30:00+05:30,2924.800000,2946.000000,2922.850000,2941.000000,407
2018-10-29T09:45:00+05:30,2941.000000,2949.000000,2937.900000,2937.900000,274
2018-10-29T10:00:00+05:30,2937.900000,2949.900000,2937.000000,2944.150000,141
2018-10-29T10:15:00+05:30,2944.150000,2949.750000,2937.000000,2940.000000,187
2018-10-29T10:30:00+05:30,2940.000000,2949.000000,2940.000000,2941.100000,282
2018-10-29T10:45:00+05:30,2941.100000,2945.000000,2940.050000,2940.050000,70
2018-10-29T11:00:00+05:30,2940.050000,2943.900000,2925.450000,2925.450000,181
2018-10-29T11:15:00+05:30,2930.000000,2940.000000,2925.050000,2940.000000,159
2018-10-29T11:30:00+05:30,2940.000000,2940.000000,2926.900000,2931.050000,176
2018-10-29T11:45:00+05:30,2931.050000,2939.950000,2929.400000,2935.150000,58
2018-10-29T12:00:00+05:30,2935.150000,2937.650000,2928.000000,2935.200000,49
2018-10-29T12:15:00+05:30,2935.200000,2935.200000,2930.000000,2932.250000,36
2018-10-29T12:30:00+05:30,2932.250000,2933.950000,2930.000000,2930.100000,26
2018-10-29T12:45:00+05:30,2930.100000,2940.000000,2930.100000,2938.100000,210
2018-10-29T13:00:00+05:30,2938.100000,2938.150000,2933.050000,2933.050000,81
2018-10-29T13:15:00+05:30,2937.050000,2938.150000,2930.050000,2930.050000,163
2018-10-29T13:30:00+05:30,2930.050000,2935.000000,2925.150000,2925.150000,191
2018-10-29T13:45:00+05:30,2925.150000,2926.350000,2922.800000,2926.350000,57
2018-10-29T14:00:00+05:30,2926.350000,2926.350000,2920.500000,2923.100000,113
2018-10-29T14:15:00+05:30,2923.100000,2925.000000,2894.650000,2894.650000,854
2018-10-29T14:30:00+05:30,2894.650000,2899.800000,2886.150000,2899.800000,416
2018-10-29T14:45:00+05:30,2893.500000,2904.950000,2885.100000,2891.500000,1640
2018-10-29T15:00:00+05:30,2891.500000,2910.000000,2888.050000,2909.350000,1993
2018-10-29T15:15:00+05:30,2909.350000,2914.550000,2867.200000,2877.000000,2294
2018-10-30T09:15:00+05:30,2897.050000,2918.000000,2832.050000,2897.800000,748
2018-10-30T09:30:00+05:30,2898.000000,2908.950000,2847.950000,2853.700000,1391
2018-10-30T09:45:00+05:30,2853.700000,2863.550000,2851.000000,2861.900000,219
2018-10-30T10:00:00+05:30,2855.050000,2873.500000,2852.350000,2867.500000,443
2018-10-30T10:15:00+05:30,2867.500000,2872.300000,2861.050000,2870.000000,323
2018-10-30T10:30:00+05:30,2870.000000,2875.000000,2852.350000,2860.050000,412
2018-10-30T10:45:00+05:30,2860.050000,2871.000000,2860.000000,2862.000000,251
2018-10-30T11:00:00+05:30,2862.000000,2888.000000,2860.050000,2885.050000,5603
2018-10-30T11:15:00+05:30,2885.050000,2888.000000,2865.250000,2882.300000,321
2018-10-30T11:30:00+05:30,2882.300000,2884.700000,2862.500000,2862.500000,576
2018-10-30T11:45:00+05:30,2862.500000,2869.900000,2850.000000,2853.200000,708
2018-10-30T12:00:00+05:30,2853.200000,2860.000000,2851.000000,2851.000000,541
2018-10-30T12:15:00+05:30,2851.000000,2859.350000,2850.750000,2856.650000,467
2018-10-30T12:30:00+05:30,2855.200000,2861.750000,2853.700000,2859.350000,161
2018-10-30T12:45:00+05:30,2859.350000,2865.000000,2852.350000,2865.000000,360
2018-10-30T13:00:00+05:30,2865.000000,2865.000000,2859.000000,2864.950000,663
2018-10-30T13:15:00+05:30,2864.950000,2864.950000,2846.450000,2851.300000,695
2018-10-30T13:30:00+05:30,2851.300000,2862.250000,2844.100000,2858.000000,286
2018-10-30T13:45:00+05:30,2858.000000,2858.950000,2841.000000,2846.300000,367
2018-10-30T14:00:00+05:30,2846.300000,2853.500000,2841.200000,2849.900000,266
2018-10-30T14:15:00+05:30,2849.950000,2851.000000,2830.100000,2846.250000,555
2018-10-30T14:30:00+05:30,2846.250000,2848.650000,2816.000000,2828.550000,1291
2018-10-30T14:45:00+05:30,2828.650000,2836.100000,2820.150000,2828.000000,699
2018-10-30T15:00:00+05:30,2828.000000,2834.650000,2825.000000,2831.950000,594
2018-10-30T15:15:00+05:30,2831.950000,2880.000000,2820.050000,2865.000000,4860
2018-10-31T09:15:00+05:30,2867.950000,2928.950000,2867.950000,2905.750000,1858
2018-10-31T09:30:00+05:30,2905.750000,2915.000000,2871.050000,2875.000000,729
2018-10-31T09:45:00+05:30,2875.000000,2886.800000,2866.000000,2871.250000,495
2018-10-31T10:00:00+05:30,2871.250000,2887.000000,2868.000000,2886.000000,289
2018-10-31T10:15:00+05:30,2886.000000,2886.000000,2870.050000,2875.800000,163
2018-10-31T10:30:00+05:30,2875.800000,2887.800000,2875.200000,2887.800000,55
2018-10-31T10:45:00+05:30,2887.800000,2911.550000,2887.000000,2900.050000,403
2018-10-31T11:00:00+05:30,2900.050000,2911.000000,2876.000000,2886.900000,419
2018-10-31T11:15:00+05:30,2886.900000,2909.000000,2886.900000,2899.750000,310
2018-10-31T11:30:00+05:30,2899.750000,2921.050000,2897.150000,2921.050000,780
2018-10-31T11:45:00+05:30,2921.050000,2925.000000,2917.450000,2917.600000,389
2018-10-31T12:00:00+05:30,2917.600000,2925.000000,2917.500000,2920.500000,305
2018-10-31T12:15:00+05:30,2920.500000,2921.000000,2917.500000,2921.000000,159
2018-10-31T12:30:00+05:30,2921.000000,2926.000000,2918.000000,2925.000000,543
2018-10-31T12:45:00+05:30,2925.000000,2925.000000,2914.000000,2914.050000,154
2018-10-31T13:00:00+05:30,2914.050000,2921.950000,2914.050000,2917.000000,233
2018-10-31T13:15:00+05:30,2917.000000,2925.000000,2917.000000,2924.000000,331
2018-10-31T13:30:00+05:30,2924.000000,2925.000000,2915.000000,2915.050000,196
2018-10-31T13:45:00+05:30,2914.600000,2922.250000,2914.500000,2918.850000,223
2018-10-31T14:00:00+05:30,2918.850000,2923.150000,2914.050000,2914.050000,357
2018-10-31T14:15:00+05:30,2919.000000,2920.000000,2914.000000,2917.550000,229
2018-10-31T14:30:00+05:30,2917.550000,2920.000000,2914.100000,2920.000000,712
2018-10-31T14:45:00+05:30,2920.000000,2922.650000,2914.000000,2919.900000,357
2018-10-31T15:00:00+05:30,2919.900000,2920.000000,2892.550000,2919.500000,1595
2018-10-31T15:15:00+05:30,2919.500000,2925.000000,2904.100000,2908.100000,2308
2018-11-01T09:15:00+05:30,2925.000000,2960.000000,2920.850000,2924.000000,807
2018-11-01T09:30:00+05:30,2923.000000,2932.600000,2922.200000,2929.000000,1338
2018-11-01T09:45:00+05:30,2929.000000,2935.000000,2925.700000,2935.000000,228
2018-11-01T10:00:00+05:30,2934.900000,2935.000000,2931.000000,2931.050000,120
2018-11-01T10:15:00+05:30,2934.850000,2934.850000,2915.000000,2917.450000,652
2018-11-01T10:30:00+05:30,2917.450000,2919.950000,2915.000000,2915.000000,482
2018-11-01T10:45:00+05:30,2919.950000,2919.950000,2915.000000,2917.000000,266
2018-11-01T11:00:00+05:30,2914.950000,2914.950000,2890.050000,2891.000000,497
2018-11-01T11:15:00+05:30,2891.000000,2898.950000,2891.000000,2895.000000,249
2018-11-01T11:30:00+05:30,2895.000000,2898.050000,2891.050000,2896.950000,121
2018-11-01T11:45:00+05:30,2896.950000,2900.000000,2892.100000,2893.150000,218
2018-11-01T12:00:00+05:30,2893.150000,2899.750000,2893.100000,2899.750000,273
2018-11-01T12:15:00+05:30,2899.750000,2899.750000,2889.000000,2897.350000,537
2018-11-01T12:30:00+05:30,2897.350000,2899.000000,2892.050000,2898.950000,220
2018-11-01T12:45:00+05:30,2898.950000,2898.950000,2890.200000,2890.200000,95
2018-11-01T13:00:00+05:30,2890.200000,2890.200000,2885.150000,2889.950000,90
2018-11-01T13:15:00+05:30,2889.950000,2895.000000,2885.150000,2892.000000,308
2018-11-01T13:30:00+05:30,2892.000000,2895.000000,2886.550000,2895.000000,339
2018-11-01T13:45:00+05:30,2895.000000,2895.050000,2885.000000,2895.050000,410
2018-11-01T14:00:00+05:30,2895.050000,2900.000000,2895.050000,2899.950000,1673
2018-11-01T14:15:00+05:30,2899.950000,2925.000000,2898.250000,2916.850000,2193
2018-11-01T14:30:00+05:30,2916.850000,2949.000000,2910.000000,2940.000000,2523
2018-11-01T14:45:00+05:30,2940.000000,2941.650000,2902.000000,2909.250000,4621
2018-11-01T15:00:00+05:30,2909.250000,2909.250000,2885.650000,2890.200000,2681
2018-11-01T15:15:00+05:30,2890.200000,2900.000000,2886.500000,2888.100000,2466
2018-11-02T09:15:00+05:30,2925.000000,2934.000000,2911.350000,2932.000000,1619
2018-11-02T09:30:00+05:30,2932.000000,2934.000000,2917.500000,2931.900000,170
2018-11-02T09:45:00+05:30,2931.900000,2933.000000,2924.900000,2930.000000,361
2018-11-02T10:00:00+05:30,2930.000000,2930.000000,2921.400000,2921.400000,146
2018-11-02T10:15:00+05:30,2921.400000,2922.900000,2915.000000,2922.900000,259
2018-11-02T10:30:00+05:30,2922.900000,2924.000000,2915.100000,2922.900000,320
2018-11-02T10:45:00+05:30,2925.000000,2925.000000,2913.700000,2920.000000,870
2018-11-02T11:00:00+05:30,2918.950000,2919.050000,2915.150000,2919.050000,33
2018-11-02T11:15:00+05:30,2919.050000,2926.450000,2915.000000,2920.350000,643
2018-11-02T11:30:00+05:30,2920.350000,2920.350000,2915.000000,2915.750000,104
2018-11-02T11:45:00+05:30,2919.900000,2928.000000,2919.900000,2925.000000,572
2018-11-02T12:00:00+05:30,2925.000000,2925.000000,2920.000000,2920.100000,451
2018-11-02T12:15:00+05:30,2924.750000,2925.000000,2915.000000,2915.000000,235
2018-11-02T12:30:00+05:30,2918.950000,2920.000000,2911.200000,2917.300000,281
2018-11-02T12:45:00+05:30,2917.300000,2919.700000,2902.000000,2902.950000,247
2018-11-02T13:00:00+05:30,2902.950000,2911.500000,2902.950000,2911.500000,90
2018-11-02T13:15:00+05:30,2911.500000,2914.450000,2901.050000,2905.850000,236
2018-11-02T13:30:00+05:30,2905.850000,2910.000000,2900.000000,2900.000000,675
2018-11-02T13:45:00+05:30,2900.000000,2905.000000,2900.000000,2900.000000,289
2018-11-02T14:00:00+05:30,2900.000000,2905.000000,2898.000000,2900.000000,557
2018-11-02T14:15:00+05:30,2900.000000,2900.000000,2880.000000,2892.400000,335
2018-11-02T14:30:00+05:30,2890.300000,2914.000000,2885.000000,2914.000000,422
2018-11-02T14:45:00+05:30,2914.000000,2920.000000,2906.450000,2919.200000,1095
2018-11-02T15:00:00+05:30,2919.200000,2920.000000,2903.550000,2920.000000,1113
2018-11-02T15:15:00+05:30,2918.800000,2927.900000,2904.050000,2912.700000,2315
2018-11-05T09:15:00+05:30,2920.350000,2923.000000,2870.900000,2911.600000,778
2018-11-05T09:30:00+05:30,2911.600000,2925.000000,2902.850000,2912.050000,356
2018-11-05T09:45:00+05:30,2912.050000,2924.000000,2900.000000,2911.250000,643
2018-11-05T10:00:00+05:30,2911.250000,2915.800000,2894.000000,2909.650000,158
2018-11-05T10:15:00+05:30,2909.650000,2913.000000,2891.900000,2899.600000,112
2018-11-05T10:30:00+05:30,2899.600000,2904.000000,2894.000000,2904.000000,78
2018-11-05T10:45:00+05:30,2904.000000,2904.000000,2892.050000,2896.850000,144
2018-11-05T11:00:00+05:30,2896.850000,2905.050000,2892.950000,2905.000000,143
2018-11-05T11:15:00+05:30,2905.000000,2912.100000,2892.900000,2896.250000,465
2018-11-05T11:30:00+05:30,2896.250000,2901.300000,2894.450000,2900.000000,96
2018-11-05T11:45:00+05:30,2900.000000,2900.000000,2891.500000,2898.900000,64
2018-11-05T12:00:00+05:30,2898.900000,2898.900000,2885.000000,2889.000000,380
2018-11-05T12:15:00+05:30,2889.000000,2889.000000,2889.000000,2889.000000,15
2018-11-05T12:30:00+05:30,2889.000000,2899.700000,2889.000000,2893.000000,41
2018-11-05T12:45:00+05:30,2893.000000,2899.950000,2893.000000,2899.000000,29
2018-11-05T13:00:00+05:30,2899.000000,2900.000000,2895.800000,2900.000000,113
2018-11-05T13:15:00+05:30,2900.000000,2900.000000,2893.550000,2899.500000,92
2018-11-05T13:30:00+05:30,2899.500000,2900.000000,2893.000000,2900.000000,548
2018-11-05T13:45:00+05:30,2900.000000,2900.000000,2890.000000,2894.950000,320
2018-11-05T14:00:00+05:30,2894.950000,2900.000000,2888.150000,2893.950000,686
2018-11-05T14:15:00+05:30,2893.950000,2896.000000,2886.000000,2889.000000,171
2018-11-05T14:30:00+05:30,2889.000000,2895.850000,2885.150000,2888.150000,249
2018-11-05T14:45:00+05:30,2888.150000,2897.000000,2885.250000,2894.750000,25418
2018-11-05T15:00:00+05:30,2894.750000,2900.000000,2891.100000,2899.950000,524
2018-11-05T15:15:00+05:30,2899.950000,2900.000000,2894.000000,2894.000000,1316
2018-11-06T09:15:00+05:30,2926.550000,2926.550000,2890.000000,2892.800000,82
2018-11-06T09:30:00+05:30,2897.050000,2905.750000,2894.000000,2897.350000,205
2018-11-06T09:45:00+05:30,2897.350000,2901.950000,2888.000000,2892.650000,256
2018-11-06T10:00:00+05:30,2892.650000,2897.000000,2888.000000,2897.000000,78
2018-11-06T10:15:00+05:30,2897.000000,2901.850000,2892.000000,2901.850000,109
2018-11-06T10:30:00+05:30,2901.850000,2901.850000,2890.150000,2895.600000,1019
2018-11-06T10:45:00+05:30,2895.600000,2903.000000,2895.400000,2903.000000,459
2018-11-06T11:00:00+05:30,2903.000000,2903.000000,2895.400000,2900.000000,1042
2018-11-06T11:15:00+05:30,2895.800000,2900.000000,2895.100000,2899.950000,175
2018-11-06T11:30:00+05:30,2900.000000,2900.000000,2897.150000,2897.150000,32
2018-11-06T11:45:00+05:30,2897.150000,2897.150000,2880.000000,2880.000000,213
2018-11-06T12:00:00+05:30,2880.000000,2886.800000,2880.000000,2886.800000,10
2018-11-06T12:15:00+05:30,2886.800000,2889.000000,2885.000000,2889.000000,33
2018-11-06T12:30:00+05:30,2889.000000,2899.950000,2885.750000,2894.300000,148
2018-11-06T12:45:00+05:30,2894.300000,2903.000000,2894.300000,2895.150000,878
2018-11-06T13:00:00+05:30,2895.150000,2897.000000,2888.450000,2895.000000,201
2018-11-06T13:15:00+05:30,2895.000000,2897.000000,2890.000000,2897.000000,52
2018-11-06T13:30:00+05:30,2897.000000,2900.000000,2895.000000,2895.000000,126
2018-11-06T13:45:00+05:30,2895.000000,2895.000000,2885.000000,2885.050000,164
2018-11-06T14:00:00+05:30,2885.050000,2890.000000,2885.050000,2890.000000,25
2018-11-06T14:15:00+05:30,2890.000000,2891.250000,2885.050000,2886.150000,47
2018-11-06T14:30:00+05:30,2886.150000,2891.250000,2874.000000,2875.500000,371
2018-11-06T14:45:00+05:30,2875.500000,2882.400000,2871.000000,2879.750000,126
2018-11-06T15:00:00+05:30,2879.750000,2898.500000,2875.000000,2892.900000,592
2018-11-06T15:15:00+05:30,2892.900000,2892.900000,2867.000000,2870.000000,444
2018-11-07T17:30:00+05:30,2900.000000,2919.000000,2894.950000,2907.600000,504
2018-11-07T17:45:00+05:30,2907.600000,2915.000000,2901.000000,2904.000000,201
2018-11-07T18:00:00+05:30,2904.000000,2919.850000,2898.100000,2919.000000,904
2018-11-07T18:15:00+05:30,2919.000000,2919.000000,2893.500000,2893.500000,585
2018-11-09T09:15:00+05:30,2905.000000,2922.000000,2877.250000,2878.050000,548
2018-11-09T09:30:00+05:30,2878.050000,2881.600000,2856.100000,2860.050000,1108
2018-11-09T09:45:00+05:30,2860.050000,2870.000000,2860.000000,2863.100000,571
2018-11-09T10:00:00+05:30,2863.100000,2872.300000,2862.400000,2872.250000,368
2018-11-09T10:15:00+05:30,2872.250000,2889.850000,2866.750000,2885.650000,739
2018-11-09T10:30:00+05:30,2885.650000,2889.500000,2880.000000,2880.000000,790
2018-11-09T10:45:00+05:30,2880.000000,2885.000000,2880.000000,2880.200000,356
2018-11-09T11:00:00+05:30,2880.000000,2885.450000,2873.950000,2874.050000,413
2018-11-09T11:15:00+05:30,2874.050000,2882.100000,2865.250000,2876.750000,460
2018-11-09T11:30:00+05:30,2876.750000,2876.750000,2865.000000,2872.050000,377
2018-11-09T11:45:00+05:30,2872.050000,2878.150000,2865.700000,2866.450000,200
2018-11-09T12:00:00+05:30,2866.450000,2876.750000,2865.100000,2867.000000,231
2018-11-09T12:15:00+05:30,2867.000000,2869.000000,2862.000000,2862.000000,253
2018-11-09T12:30:00+05:30,2862.000000,2868.000000,2860.450000,2861.000000,232
2018-11-09T12:45:00+05:30,2861.000000,2866.000000,2860.000000,2860.100000,393
2018-11-09T13:00:00+05:30,2860.100000,2864.950000,2860.000000,2860.000000,170
2018-11-09T13:15:00+05:30,2860.000000,2864.850000,2860.000000,2860.050000,248
2018-11-09T13:30:00+05:30,2860.050000,2864.850000,2852.650000,2853.200000,460
2018-11-09T13:45:00+05:30,2853.200000,2863.950000,2853.000000,2855.150000,223
2018-11-09T14:00:00+05:30,2855.150000,2858.400000,2850.000000,2851.000000,1046
2018-11-09T14:15:00+05:30,2851.000000,2853.800000,2845.000000,2847.000000,298
2018-11-09T14:30:00+05:30,2847.000000,2853.950000,2846.000000,2846.000000,614
2018-11-09T14:45:00+05:30,2846.000000,2849.950000,2842.300000,2844.000000,209
2018-11-09T15:00:00+05:30,2845.000000,2853.000000,2830.000000,2833.150000,1038
2018-11-09T15:15:00+05:30,2833.100000,2845.950000,2825.000000,2825.100000,1340
2018-11-12T09:15:00+05:30,2854.400000,2859.850000,2821.900000,2825.700000,331
2018-11-12T09:30:00+05:30,2825.700000,2832.250000,2822.850000,2832.250000,458
2018-11-12T09:45:00+05:30,2832.250000,2832.250000,2800.000000,2803.000000,861
2018-11-12T10:00:00+05:30,2803.000000,2807.100000,2784.400000,2785.000000,988
2018-11-12T10:15:00+05:30,2785.100000,2788.700000,2770.000000,2773.000000,1770
2018-11-12T10:30:00+05:30,2773.000000,2784.400000,2765.050000,2775.000000,1141
2018-11-12T10:45:00+05:30,2780.000000,2822.950000,2775.000000,2820.000000,2279
2018-11-12T11:00:00+05:30,2819.800000,2832.000000,2805.100000,2820.600000,1271
2018-11-12T11:15:00+05:30,2820.600000,2832.000000,2820.600000,2826.000000,341
2018-11-12T11:30:00+05:30,2826.000000,2828.500000,2815.850000,2817.000000,495
2018-11-12T11:45:00+05:30,2817.000000,2824.000000,2807.050000,2812.050000,357
2018-11-12T12:00:00+05:30,2812.050000,2817.800000,2802.250000,2810.200000,834
2018-11-12T12:15:00+05:30,2810.200000,2817.000000,2805.050000,2805.050000,243
2018-11-12T12:30:00+05:30,2805.050000,2820.000000,2800.000000,2819.800000,1166
2018-11-12T12:45:00+05:30,2819.800000,2819.800000,2810.250000,2817.000000,46
2018-11-12T13:00:00+05:30,2817.000000,2817.000000,2805.000000,2805.000000,264
2018-11-12T13:15:00+05:30,2805.000000,2811.900000,2805.000000,2809.950000,86
2018-11-12T13:30:00+05:30,2809.950000,2814.000000,2806.000000,2806.000000,207
2018-11-12T13:45:00+05:30,2805.400000,2810.000000,2799.950000,2808.200000,858
2018-11-12T14:00:00+05:30,2808.200000,2809.000000,2800.000000,2804.950000,61
2018-11-12T14:15:00+05:30,2804.950000,2805.000000,2795.900000,2799.850000,373
2018-11-12T14:30:00+05:30,2799.900000,2816.000000,2793.550000,2815.000000,1046
2018-11-12T14:45:00+05:30,2815.800000,2816.000000,2801.500000,2805.750000,654
2018-11-12T15:00:00+05:30,2805.750000,2815.000000,2800.000000,2808.800000,3763
2018-11-12T15:15:00+05:30,2808.800000,2808.800000,2793.050000,2808.000000,1384
2018-11-13T09:15:00+05:30,2805.000000,2824.050000,2790.000000,2824.050000,380
2018-11-13T09:30:00+05:30,2824.050000,2824.050000,2810.400000,2810.500000,109
2018-11-13T09:45:00+05:30,2810.500000,2816.700000,2808.450000,2808.500000,99
2018-11-13T10:00:00+05:30,2808.500000,2822.000000,2808.500000,2822.000000,355
2018-11-13T10:15:00+05:30,2822.000000,2830.000000,2820.000000,2829.650000,167
2018-11-13T10:30:00+05:30,2829.650000,2830.000000,2822.050000,2828.850000,219
2018-11-13T10:45:00+05:30,2828.850000,2833.800000,2821.000000,2833.750000,677
2018-11-13T11:00:00+05:30,2833.800000,2858.000000,2828.100000,2849.150000,796
2018-11-13T11:15:00+05:30,2849.150000,2890.300000,2842.750000,2868.000000,2310
2018-11-13T11:30:00+05:30,2875.650000,2884.000000,2864.550000,2883.000000,1200
2018-11-13T11:45:00+05:30,2883.000000,2897.350000,2880.000000,2889.000000,1199
2018-11-13T12:00:00+05:30,2887.000000,2890.000000,2872.500000,2875.000000,1383
2018-11-13T12:15:00+05:30,2875.000000,2880.000000,2875.000000,2878.450000,165
2018-11-13T12:30:00+05:30,2878.450000,2882.950000,2875.000000,2882.950000,32
2018-11-13T12:45:00+05:30,2882.950000,2882.950000,2869.550000,2875.000000,289
2018-11-13T13:00:00+05:30,2875.000000,2875.000000,2867.000000,2870.000000,200
2018-11-13T13:15:00+05:30,2870.000000,2870.000000,2861.000000,2861.000000,192
2018-11-13T13:30:00+05:30,2861.000000,2870.000000,2857.000000,2859.950000,571
2018-11-13T13:45:00+05:30,2859.950000,2867.100000,2858.500000,2863.000000,77
2018-11-13T14:00:00+05:30,2865.650000,2870.000000,2865.000000,2867.550000,56
2018-11-13T14:15:00+05:30,2865.100000,2870.000000,2865.100000,2869.000000,246
2018-11-13T14:30:00+05:30,2869.000000,2870.000000,2860.350000,2866.000000,836
2018-11-13T14:45:00+05:30,2866.000000,2869.350000,2859.800000,2864.000000,301
2018-11-13T15:00:00+05:30,2864.000000,2864.800000,2853.500000,2858.300000,508
2018-11-13T15:15:00+05:30,2858.250000,2870.000000,2854.000000,2855.000000,1427
2018-11-14T09:15:00+05:30,2866.000000,2887.100000,2862.000000,2872.400000,2234
2018-11-14T09:30:00+05:30,2872.400000,2880.000000,2862.000000,2872.050000,1639
2018-11-14T09:45:00+05:30,2872.050000,2880.000000,2832.000000,2841.000000,1034
2018-11-14T10:00:00+05:30,2841.000000,2848.000000,2839.000000,2840.100000,345
2018-11-14T10:15:00+05:30,2840.100000,2847.750000,2831.050000,2845.000000,330
2018-11-14T10:30:00+05:30,2845.000000,2858.000000,2845.000000,2849.050000,329
2018-11-14T10:45:00+05:30,2849.050000,2853.950000,2809.650000,2825.000000,843
2018-11-14T11:00:00+05:30,2825.000000,2834.950000,2812.750000,2825.000000,804
2018-11-14T11:15:00+05:30,2825.000000,2830.000000,2820.000000,2820.000000,663
2018-11-14T11:30:00+05:30,2820.000000,2835.000000,2820.000000,2835.000000,134
2018-11-14T11:45:00+05:30,2836.500000,2845.750000,2835.050000,2844.000000,147
2018-11-14T12:00:00+05:30,2844.000000,2873.950000,2840.100000,2855.000000,1517
2018-11-14T12:15:00+05:30,2855.000000,2859.950000,2847.000000,2847.000000,242
2018-11-14T12:30:00+05:30,2847.000000,2849.950000,2830.200000,2830.700000,123
2018-11-14T12:45:00+05:30,2830.700000,2830.700000,2820.000000,2830.000000,745
2018-11-14T13:00:00+05:30,2830.000000,2834.450000,2813.000000,2817.450000,487
2018-11-14T13:15:00+05:30,2817.450000,2826.450000,2810.000000,2826.200000,200
2018-11-14T13:30:00+05:30,2826.200000,2835.050000,2826.200000,2830.000000,252
2018-11-14T13:45:00+05:30,2830.000000,2849.000000,2782.400000,2816.650000,6131
2018-11-14T14:00:00+05:30,2816.650000,2850.000000,2806.000000,2842.000000,1638
2018-11-14T14:15:00+05:30,2842.000000,2842.000000,2823.050000,2833.100000,1153
2018-11-14T14:30:00+05:30,2833.100000,2839.000000,2801.650000,2822.300000,1162
2018-11-14T14:45:00+05:30,2822.300000,2822.300000,2790.050000,2804.000000,1829
2018-11-14T15:00:00+05:30,2804.000000,2824.850000,2802.700000,2807.600000,1933
2018-11-14T15:15:00+05:30,2807.600000,2810.100000,2795.000000,2800.000000,2204
2018-11-15T09:15:00+05:30,2775.000000,2799.950000,2756.100000,2780.300000,1727
2018-11-15T09:30:00+05:30,2786.950000,2786.950000,2771.000000,2777.500000,589
2018-11-15T09:45:00+05:30,2777.500000,2790.000000,2771.000000,2790.000000,338
2018-11-15T10:00:00+05:30,2787.500000,2792.000000,2754.800000,2775.000000,1179
2018-11-15T10:15:00+05:30,2775.000000,2778.950000,2769.400000,2778.950000,242
2018-11-15T10:30:00+05:30,2778.950000,2785.050000,2775.100000,2785.000000,399
2018-11-15T10:45:00+05:30,2785.000000,2791.200000,2780.450000,2780.450000,290
2018-11-15T11:00:00+05:30,2780.450000,2786.350000,2775.100000,2775.300000,73
2018-11-15T11:15:00+05:30,2775.300000,2779.350000,2775.100000,2775.100000,190
2018-11-15T11:30:00+05:30,2775.100000,2784.250000,2775.100000,2784.250000,241
2018-11-15T11:45:00+05:30,2784.250000,2796.600000,2777.650000,2790.000000,500
2018-11-15T12:00:00+05:30,2790.000000,2805.450000,2790.000000,2795.000000,1231
2018-11-15T12:15:00+05:30,2795.000000,2795.000000,2785.100000,2793.050000,74
2018-11-15T12:30:00+05:30,2793.050000,2793.050000,2786.600000,2786.650000,7
2018-11-15T12:45:00+05:30,2786.650000,2791.250000,2786.550000,2791.250000,52
2018-11-15T13:00:00+05:30,2791.250000,2795.000000,2788.900000,2792.000000,172
2018-11-15T13:15:00+05:30,2792.000000,2795.000000,2788.850000,2790.000000,32
2018-11-15T13:30:00+05:30,2790.000000,2793.000000,2788.000000,2788.000000,255
2018-11-15T13:45:00+05:30,2787.300000,2787.300000,2775.000000,2780.550000,207
2018-11-15T14:00:00+05:30,2780.550000,2795.000000,2780.450000,2787.250000,325
2018-11-15T14:15:00+05:30,2787.150000,2787.150000,2778.000000,2781.200000,165
2018-11-15T14:30:00+05:30,2775.000000,2784.950000,2775.000000,2784.950000,215
2018-11-15T14:45:00+05:30,2784.950000,2794.250000,2783.300000,2786.050000,393
2018-11-15T15:00:00+05:30,2786.050000,2789.000000,2772.300000,2776.050000,1034
2018-11-15T15:15:00+05:30,2776.050000,2793.000000,2760.450000,2770.000000,1847
2018-11-16T09:15:00+05:30,2799.000000,2815.150000,2780.050000,2800.000000,2291
2018-11-16T09:30:00+05:30,2800.000000,2826.950000,2800.000000,2817.650000,956
2018-11-16T09:45:00+05:30,2819.850000,2824.000000,2815.300000,2818.200000,226
2018-11-16T10:00:00+05:30,2818.200000,2821.100000,2815.050000,2815.050000,255
2018-11-16T10:15:00+05:30,2815.050000,2863.000000,2815.050000,2850.200000,2138
2018-11-16T10:30:00+05:30,2850.050000,2872.500000,2850.000000,2865.050000,1802
2018-11-16T10:45:00+05:30,2865.050000,2873.900000,2854.850000,2864.950000,2330
2018-11-16T11:00:00+05:30,2864.950000,2864.950000,2846.100000,2848.050000,1269
2018-11-16T11:15:00+05:30,2848.050000,2855.000000,2842.350000,2842.500000,666
2018-11-16T11:30:00+05:30,2842.500000,2845.000000,2832.050000,2833.050000,446
2018-11-16T11:45:00+05:30,2833.050000,2842.000000,2833.000000,2838.550000,52
2018-11-16T12:00:00+05:30,2838.550000,2848.750000,2836.000000,2836.800000,175
2018-11-16T12:15:00+05:30,2836.800000,2846.000000,2830.100000,2830.100000,272
2018-11-16T12:30:00+05:30,2830.100000,2831.950000,2823.000000,2826.950000,313
2018-11-16T12:45:00+05:30,2826.950000,2829.950000,2825.000000,2825.500000,134
2018-11-16T13:00:00+05:30,2825.500000,2826.250000,2811.000000,2817.000000,590
2018-11-16T13:15:00+05:30,2817.000000,2827.000000,2810.100000,2810.100000,437
2018-11-16T13:30:00+05:30,2810.100000,2820.050000,2810.100000,2815.000000,537
2018-11-16T13:45:00+05:30,2815.000000,2823.250000,2815.000000,2816.400000,230
2018-11-16T14:00:00+05:30,2816.400000,2829.900000,2815.000000,2822.900000,781
2018-11-16T14:15:00+05:30,2822.900000,2829.950000,2817.100000,2820.900000,935
2018-11-16T14:30:00+05:30,2820.900000,2822.000000,2810.000000,2815.000000,819
2018-11-16T14:45:00+05:30,2815.000000,2819.800000,2815.000000,2818.600000,489
2018-11-16T15:00:00+05:30,2818.600000,2850.000000,2815.400000,2840.000000,1380
2018-11-16T15:15:00+05:30,2839.850000,2849.900000,2830.000000,2841.900000,1051
2018-11-19T09:15:00+05:30,2840.000000,2861.900000,2826.300000,2843.000000,715
2018-11-19T09:30:00+05:30,2843.000000,2847.450000,2821.500000,2821.500000,329
2018-11-19T09:45:00+05:30,2821.500000,2836.450000,2820.000000,2836.450000,115
2018-11-19T10:00:00+05:30,2836.450000,2847.450000,2833.000000,2836.000000,380
2018-11-19T10:15:00+05:30,2836.000000,2837.000000,2818.000000,2828.900000,324
2018-11-19T10:30:00+05:30,2828.900000,2828.900000,2819.000000,2823.500000,106
2018-11-19T10:45:00+05:30,2826.750000,2826.750000,2815.000000,2816.000000,144
2018-11-19T11:00:00+05:30,2816.000000,2822.050000,2816.000000,2822.000000,117
2018-11-19T11:15:00+05:30,2822.000000,2823.800000,2817.900000,2823.800000,47
2018-11-19T11:30:00+05:30,2823.800000,2829.000000,2820.000000,2829.000000,81
2018-11-19T11:45:00+05:30,2829.000000,2845.000000,2826.150000,2844.450000,170
2018-11-19T12:00:00+05:30,2844.450000,2848.650000,2836.850000,2838.850000,114
2018-11-19T12:15:00+05:30,2838.850000,2838.850000,2827.550000,2837.450000,76
2018-11-19T12:30:00+05:30,2837.450000,2837.450000,2831.050000,2831.050000,3
2018-11-19T12:45:00+05:30,2831.050000,2833.650000,2830.700000,2833.150000,20
2018-11-19T13:00:00+05:30,2833.150000,2837.450000,2833.150000,2837.000000,23
2018-11-19T13:15:00+05:30,2837.000000,2844.000000,2837.000000,2839.650000,52
2018-11-19T13:30:00+05:30,2839.650000,2839.700000,2837.000000,2837.000000,36
2018-11-19T13:45:00+05:30,2837.000000,2842.850000,2837.000000,2840.000000,160
2018-11-19T14:00:00+05:30,2842.450000,2842.450000,2826.000000,2826.000000,203
2018-11-19T14:15:00+05:30,2826.000000,2832.300000,2826.000000,2828.000000,150
2018-11-19T14:30:00+05:30,2828.000000,2834.000000,2828.000000,2830.200000,237
2018-11-19T14:45:00+05:30,2830.200000,2837.950000,2829.000000,2833.150000,148
2018-11-19T15:00:00+05:30,2833.150000,2845.550000,2830.000000,2839.550000,235
2018-11-19T15:15:00+05:30,2839.550000,2848.650000,2830.000000,2837.000000,966
2018-11-20T09:15:00+05:30,2830.050000,2844.850000,2826.150000,2842.450000,371
2018-11-20T09:30:00+05:30,2842.450000,2842.450000,2831.500000,2831.750000,544
2018-11-20T09:45:00+05:30,2831.750000,2837.900000,2831.650000,2836.000000,214
2018-11-20T10:00:00+05:30,2836.000000,2838.950000,2834.050000,2834.050000,53
2018-11-20T10:15:00+05:30,2834.050000,2834.050000,2829.050000,2829.050000,101
2018-11-20T10:30:00+05:30,2827.650000,2829.900000,2821.050000,2821.050000,111
2018-11-20T10:45:00+05:30,2821.050000,2837.450000,2821.050000,2827.450000,592
2018-11-20T11:00:00+05:30,2827.450000,2827.450000,2813.150000,2816.500000,222
2018-11-20T11:15:00+05:30,2816.500000,2819.000000,2815.600000,2815.650000,176
2018-11-20T11:30:00+05:30,2816.950000,2824.500000,2815.350000,2824.500000,489
2018-11-20T11:45:00+05:30,2821.000000,2826.000000,2819.350000,2826.000000,70
2018-11-20T12:00:00+05:30,2826.000000,2826.000000,2820.500000,2820.500000,57
2018-11-20T12:15:00+05:30,2821.900000,2825.000000,2820.550000,2822.950000,41
2018-11-20T12:30:00+05:30,2822.950000,2823.000000,2810.050000,2810.600000,220
2018-11-20T12:45:00+05:30,2810.600000,2817.600000,2806.850000,2806.850000,182
2018-11-20T13:00:00+05:30,2806.850000,2811.650000,2806.850000,2809.100000,15
2018-11-20T13:15:00+05:30,2811.900000,2815.250000,2811.000000,2811.000000,37
2018-11-20T13:30:00+05:30,2811.000000,2811.000000,2798.850000,2798.850000,365
2018-11-20T13:45:00+05:30,2799.850000,2809.950000,2793.550000,2808.700000,397
2018-11-20T14:00:00+05:30,2808.700000,2815.000000,2805.650000,2805.650000,94
2018-11-20T14:15:00+05:30,2805.650000,2805.650000,2800.000000,2800.000000,582
2018-11-20T14:30:00+05:30,2800.000000,2810.300000,2800.000000,2810.300000,164
2018-11-20T14:45:00+05:30,2810.300000,2810.300000,2800.000000,2803.450000,264
2018-11-20T15:00:00+05:30,2803.450000,2826.000000,2800.000000,2818.000000,1423
2018-11-20T15:15:00+05:30,2818.450000,2848.700000,2803.250000,2827.200000,1452
2018-11-21T09:15:00+05:30,2825.050000,2825.050000,2811.150000,2817.050000,193
2018-11-21T09:30:00+05:30,2817.050000,2820.250000,2815.000000,2815.000000,240
2018-11-21T09:45:00+05:30,2815.000000,2817.000000,2800.500000,2802.750000,1116
2018-11-21T10:00:00+05:30,2802.000000,2808.150000,2802.000000,2808.000000,195
2018-11-21T10:15:00+05:30,2808.000000,2808.000000,2802.100000,2804.100000,232
2018-11-21T10:30:00+05:30,2804.100000,2807.950000,2801.050000,2804.000000,169
2018-11-21T10:45:00+05:30,2804.000000,2807.900000,2801.150000,2805.000000,104
2018-11-21T11:00:00+05:30,2805.000000,2815.250000,2805.000000,2815.250000,349
2018-11-21T11:15:00+05:30,2815.250000,2815.250000,2807.000000,2807.000000,147
2018-11-21T11:30:00+05:30,2807.000000,2810.000000,2788.000000,2788.000000,1676
2018-11-21T11:45:00+05:30,2788.000000,2789.400000,2786.550000,2789.400000,186
2018-11-21T12:00:00+05:30,2789.400000,2807.400000,2785.050000,2803.900000,71016
2018-11-21T12:15:00+05:30,2803.900000,2803.900000,2800.050000,2800.450000,129
2018-11-21T12:30:00+05:30,2800.450000,2806.000000,2790.050000,2804.950000,540
2018-11-21T12:45:00+05:30,2806.000000,2810.950000,2805.050000,2809.500000,95
2018-11-21T13:00:00+05:30,2809.500000,2809.500000,2791.700000,2800.950000,182
2018-11-21T13:15:00+05:30,2800.950000,2811.800000,2800.750000,2811.800000,87
2018-11-21T13:30:00+05:30,2811.800000,2811.800000,2805.500000,2807.250000,61
2018-11-21T13:45:00+05:30,2807.250000,2817.850000,2805.100000,2808.050000,874
2018-11-21T14:00:00+05:30,2808.050000,2819.000000,2808.050000,2814.950000,230
2018-11-21T14:15:00+05:30,2814.950000,2814.950000,2808.600000,2814.200000,120
2018-11-21T14:30:00+05:30,2814.200000,2814.200000,2801.500000,2807.000000,485
2018-11-21T14:45:00+05:30,2807.000000,2808.300000,2789.000000,2789.000000,139
2018-11-21T15:00:00+05:30,2789.850000,2867.250000,2768.000000,2835.200000,8291
2018-11-21T15:15:00+05:30,2835.200000,2875.000000,2830.050000,2875.000000,1564
2018-11-22T09:15:00+05:30,2844.450000,2848.950000,2833.400000,2848.950000,243
2018-11-22T09:30:00+05:30,2848.950000,2858.000000,2843.000000,2843.000000,308
2018-11-22T09:45:00+05:30,2843.850000,2843.850000,2836.450000,2839.000000,84
2018-11-22T10:00:00+05:30,2839.000000,2840.000000,2832.100000,2833.950000,527
2018-11-22T10:15:00+05:30,2833.950000,2833.950000,2823.050000,2825.900000,111
2018-11-22T10:30:00+05:30,2825.900000,2833.000000,2823.100000,2833.000000,171
2018-11-22T10:45:00+05:30,2833.000000,2834.950000,2828.300000,2834.500000,91
2018-11-22T11:00:00+05:30,2834.500000,2840.000000,2833.550000,2840.000000,111
2018-11-22T11:15:00+05:30,2840.000000,2840.000000,2838.800000,2840.000000,65
2018-11-22T11:30:00+05:30,2840.000000,2845.000000,2838.800000,2844.950000,78
2018-11-22T11:45:00+05:30,2844.950000,2849.500000,2840.150000,2845.050000,112
2018-11-22T12:00:00+05:30,2845.050000,2849.950000,2844.650000,2849.000000,88
2018-11-22T12:15:00+05:30,2849.000000,2849.350000,2844.000000,2848.450000,198
2018-11-22T12:30:00+05:30,2848.450000,2861.950000,2848.450000,2860.000000,261
2018-11-22T12:45:00+05:30,2860.000000,2860.900000,2853.550000,2853.550000,176
2018-11-22T13:00:00+05:30,2853.550000,2853.550000,2845.550000,2849.000000,169
2018-11-22T13:15:00+05:30,2849.000000,2855.000000,2845.750000,2855.000000,171
2018-11-22T13:30:00+05:30,2855.000000,2861.000000,2853.100000,2854.000000,209
2018-11-22T13:45:00+05:30,2850.000000,2853.950000,2842.850000,2848.850000,324
2018-11-22T14:00:00+05:30,2848.850000,2848.850000,2840.000000,2845.450000,81
2018-11-22T14:15:00+05:30,2845.450000,2845.500000,2837.000000,2837.000000,130
2018-11-22T14:30:00+05:30,2837.000000,2842.650000,2830.000000,2842.650000,248
2018-11-22T14:45:00+05:30,2842.650000,2846.800000,2814.050000,2828.550000,457
2018-11-22T15:00:00+05:30,2829.700000,2829.700000,2806.700000,2816.650000,940
2018-11-22T15:15:00+05:30,2816.650000,2826.150000,2805.000000,2815.500000,1277
2018-11-26T09:15:00+05:30,2826.400000,2829.950000,2811.400000,2815.500000,184
2018-11-26T09:30:00+05:30,2815.500000,2815.500000,2790.000000,2790.000000,197
2018-11-26T09:45:00+05:30,2790.000000,2793.950000,2783.400000,2786.000000,444
2018-11-26T10:00:00+05:30,2786.000000,2802.400000,2786.000000,2800.000000,1480
2018-11-26T10:15:00+05:30,2800.000000,2805.050000,2798.000000,2800.050000,278
2018-11-26T10:30:00+05:30,2800.050000,2811.000000,2800.000000,2811.000000,301
2018-11-26T10:45:00+05:30,2811.000000,2826.000000,2810.050000,2814.400000,418
2018-11-26T11:00:00+05:30,2814.400000,2818.450000,2790.000000,2795.000000,252
2018-11-26T11:15:00+05:30,2795.000000,2799.450000,2790.000000,2795.000000,755
2018-11-26T11:30:00+05:30,2795.600000,2820.000000,2794.250000,2796.700000,606
2018-11-26T11:45:00+05:30,2796.700000,2803.800000,2795.600000,2797.050000,194
2018-11-26T12:00:00+05:30,2797.050000,2805.200000,2793.700000,2803.350000,111
2018-11-26T12:15:00+05:30,2803.350000,2805.600000,2797.150000,2805.600000,177
2018-11-26T12:30:00+05:30,2805.600000,2805.600000,2795.000000,2795.000000,107
2018-11-26T12:45:00+05:30,2795.000000,2798.950000,2790.750000,2798.250000,81
2018-11-26T13:00:00+05:30,2798.250000,2805.500000,2793.700000,2802.450000,708
2018-11-26T13:15:00+05:30,2802.450000,2802.950000,2797.550000,2800.000000,116
2018-11-26T13:30:00+05:30,2795.000000,2798.500000,2793.700000,2795.400000,169
2018-11-26T13:45:00+05:30,2795.400000,2799.950000,2793.700000,2796.200000,114
2018-11-26T14:00:00+05:30,2798.000000,2800.000000,2793.750000,2800.000000,610
2018-11-26T14:15:00+05:30,2797.750000,2800.000000,2797.250000,2798.950000,161
2018-11-26T14:30:00+05:30,2797.650000,2800.000000,2797.650000,2800.000000,767
2018-11-26T14:45:00+05:30,2800.000000,2800.000000,2792.300000,2795.000000,302
2018-11-26T15:00:00+05:30,2795.000000,2817.950000,2793.150000,2814.000000,1909
2018-11-26T15:15:00+05:30,2814.000000,2814.000000,2776.050000,2776.050000,1467
2018-11-27T09:15:00+05:30,2824.000000,2834.000000,2805.050000,2809.000000,2949
2018-11-27T09:30:00+05:30,2809.000000,2811.900000,2805.000000,2806.000000,995
2018-11-27T09:45:00+05:30,2806.000000,2807.400000,2800.000000,2803.200000,718
2018-11-27T10:00:00+05:30,2803.200000,2804.550000,2800.000000,2800.000000,500
2018-11-27T10:15:00+05:30,2800.000000,2806.050000,2800.000000,2802.000000,241
2018-11-27T10:30:00+05:30,2802.000000,2802.050000,2801.100000,2801.100000,220
2018-11-27T10:45:00+05:30,2801.100000,2805.350000,2800.350000,2801.000000,340
2018-11-27T11:00:00+05:30,2801.000000,2815.000000,2801.000000,2807.900000,23871
2018-11-27T11:15:00+05:30,2807.900000,2810.550000,2801.000000,2801.000000,416
2018-11-27T11:30:00+05:30,2801.000000,2807.050000,2800.000000,2800.000000,176
2018-11-27T11:45:00+05:30,2800.000000,2800.000000,2790.000000,2790.000000,561
2018-11-27T12:00:00+05:30,2790.000000,2810.000000,2780.100000,2802.300000,1308
2018-11-27T12:15:00+05:30,2802.300000,2802.800000,2788.000000,2793.600000,128
2018-11-27T12:30:00+05:30,2793.600000,2798.800000,2785.200000,2798.800000,181
2018-11-27T12:45:00+05:30,2798.800000,2806.150000,2788.350000,2792.500000,1697
2018-11-27T13:00:00+05:30,2792.500000,2809.150000,2790.050000,2796.000000,1292
2018-11-27T13:15:00+05:30,2796.000000,2804.700000,2790.000000,2797.350000,186
2018-11-27T13:30:00+05:30,2797.350000,2797.350000,2788.100000,2788.100000,258
2018-11-27T13:45:00+05:30,2788.100000,2789.000000,2782.050000,2782.550000,410
2018-11-27T14:00:00+05:30,2786.450000,2786.850000,2782.000000,2784.100000,191
2018-11-27T14:15:00+05:30,2784.100000,2784.100000,2775.500000,2776.000000,496
2018-11-27T14:30:00+05:30,2776.000000,2781.800000,2775.500000,2775.750000,463
2018-11-27T14:45:00+05:30,2775.750000,2790.100000,2775.750000,2784.300000,2327
2018-11-27T15:00:00+05:30,2784.250000,2808.000000,2781.050000,2797.450000,2923
2018-11-27T15:15:00+05:30,2797.500000,2812.000000,2781.950000,2784.000000,3459
2018-11-28T09:15:00+05:30,2803.650000,2803.650000,2781.650000,2784.300000,437
2018-11-28T09:30:00+05:30,2784.300000,2787.400000,2775.150000,2786.950000,641
2018-11-28T09:45:00+05:30,2786.950000,2788.550000,2783.000000,2783.000000,370
2018-11-28T10:00:00+05:30,2783.000000,2784.750000,2777.200000,2784.750000,93
2018-11-28T10:15:00+05:30,2784.750000,2788.950000,2778.250000,2780.350000,435
2018-11-28T10:30:00+05:30,2780.350000,2792.000000,2780.050000,2782.000000,820
2018-11-28T10:45:00+05:30,2782.000000,2790.250000,2782.000000,2790.250000,292
2018-11-28T11:00:00+05:30,2792.700000,2799.500000,2792.000000,2798.950000,553
2018-11-28T11:15:00+05:30,2798.950000,2799.550000,2786.000000,2793.600000,970
2018-11-28T11:30:00+05:30,2793.600000,2793.600000,2788.000000,2788.000000,145
2018-11-28T11:45:00+05:30,2788.000000,2790.000000,2788.000000,2788.000000,135
2018-11-28T12:00:00+05:30,2788.000000,2790.000000,2788.000000,2790.000000,163
2018-11-28T12:15:00+05:30,2790.000000,2790.000000,2787.000000,2788.650000,346
2018-11-28T12:30:00+05:30,2788.700000,2789.900000,2786.000000,2789.900000,298
2018-11-28T12:45:00+05:30,2789.900000,2795.000000,2789.050000,2793.000000,167
2018-11-28T13:00:00+05:30,2793.000000,2795.000000,2791.450000,2794.500000,720
2018-11-28T13:15:00+05:30,2794.500000,2795.000000,2782.000000,2784.300000,690
2018-11-28T13:30:00+05:30,2784.300000,2789.850000,2778.200000,2785.850000,2077
2018-11-28T13:45:00+05:30,2785.850000,2795.000000,2778.850000,2778.850000,930
2018-11-28T14:00:00+05:30,2778.850000,2780.950000,2778.000000,2779.150000,311
2018-11-28T14:15:00+05:30,2779.150000,2788.450000,2777.000000,2786.500000,504
2018-11-28T14:30:00+05:30,2786.500000,2788.750000,2776.500000,2786.950000,771
2018-11-28T14:45:00+05:30,2786.950000,2792.000000,2778.550000,2781.000000,683
2018-11-28T15:00:00+05:30,2781.000000,2783.950000,2774.200000,2779.800000,1029
2018-11-28T15:15:00+05:30,2779.800000,2779.800000,2759.000000,2760.000000,1424
2018-11-29T09:15:00+05:30,2772.000000,2788.500000,2752.100000,2765.450000,580
2018-11-29T09:30:00+05:30,2765.450000,2778.150000,2762.050000,2773.050000,304
2018-11-29T09:45:00+05:30,2773.050000,2777.850000,2773.000000,2776.100000,167
2018-11-29T10:00:00+05:30,2776.100000,2778.000000,2776.100000,2777.850000,132
2018-11-29T10:15:00+05:30,2777.850000,2778.100000,2776.100000,2776.100000,154
2018-11-29T10:30:00+05:30,2776.100000,2778.000000,2776.050000,2776.250000,52
2018-11-29T10:45:00+05:30,2776.250000,2786.800000,2776.250000,2784.000000,298
2018-11-29T11:00:00+05:30,2784.000000,2785.000000,2777.550000,2780.000000,209
2018-11-29T11:15:00+05:30,2776.050000,2778.950000,2770.000000,2771.500000,78
2018-11-29T11:30:00+05:30,2771.500000,2771.500000,2753.000000,2756.050000,817
2018-11-29T11:45:00+05:30,2756.050000,2757.200000,2752.000000,2755.000000,433
2018-11-29T12:00:00+05:30,2755.000000,2763.500000,2750.000000,2763.450000,645
2018-11-29T12:15:00+05:30,2763.450000,2770.000000,2763.450000,2768.100000,190
2018-11-29T12:30:00+05:30,2768.100000,2776.850000,2768.100000,2775.000000,96
2018-11-29T12:45:00+05:30,2775.000000,2777.200000,2767.550000,2776.700000,193
2018-11-29T13:00:00+05:30,2776.700000,2779.100000,2771.700000,2777.700000,646
2018-11-29T13:15:00+05:30,2777.700000,2800.000000,2777.700000,2794.000000,1678
2018-11-29T13:30:00+05:30,2794.000000,2796.850000,2767.550000,2775.550000,681
2018-11-29T13:45:00+05:30,2775.600000,2779.800000,2765.500000,2774.900000,416
2018-11-29T14:00:00+05:30,2774.900000,2775.000000,2766.100000,2773.000000,237
2018-11-29T14:15:00+05:30,2773.000000,2778.300000,2770.000000,2773.050000,561
2018-11-29T14:30:00+05:30,2773.050000,2776.550000,2771.150000,2772.700000,328
2018-11-29T14:45:00+05:30,2772.700000,2775.000000,2762.050000,2762.550000,632
2018-11-29T15:00:00+05:30,2762.550000,2770.350000,2752.200000,2755.000000,1365
2018-11-29T15:15:00+05:30,2755.000000,2795.000000,2755.000000,2765.000000,3147
2018-11-30T09:15:00+05:30,2776.350000,2794.000000,2775.250000,2786.250000,209
2018-11-30T09:30:00+05:30,2786.250000,2793.000000,2782.550000,2787.000000,492
2018-11-30T09:45:00+05:30,2787.000000,2787.000000,2780.000000,2781.150000,234
2018-11-30T10:00:00+05:30,2781.150000,2782.800000,2776.050000,2778.800000,144
2018-11-30T10:15:00+05:30,2778.800000,2785.000000,2777.550000,2785.000000,235
2018-11-30T10:30:00+05:30,2785.000000,2797.950000,2784.750000,2791.900000,1034
2018-11-30T10:45:00+05:30,2791.900000,2795.250000,2789.850000,2794.650000,363
2018-11-30T11:00:00+05:30,2794.650000,2800.000000,2788.000000,2797.850000,980
2018-11-30T11:15:00+05:30,2796.000000,2797.900000,2792.100000,2797.600000,335
2018-11-30T11:30:00+05:30,2795.500000,2797.750000,2787.150000,2794.900000,382
2018-11-30T11:45:00+05:30,2794.900000,2795.450000,2784.250000,2789.400000,300
2018-11-30T12:00:00+05:30,2789.400000,2791.500000,2787.000000,2790.700000,471
2018-11-30T12:15:00+05:30,2790.700000,2790.950000,2787.100000,2790.000000,318
2018-11-30T12:30:00+05:30,2790.000000,2790.000000,2780.000000,2784.250000,427
2018-11-30T12:45:00+05:30,2784.250000,2789.400000,2780.100000,2786.650000,415
2018-11-30T13:00:00+05:30,2781.950000,2789.400000,2780.050000,2789.250000,354
2018-11-30T13:15:00+05:30,2789.250000,2790.950000,2785.900000,2789.950000,314
2018-11-30T13:30:00+05:30,2787.050000,2791.000000,2782.100000,2791.000000,332
2018-11-30T13:45:00+05:30,2790.400000,2793.900000,2744.550000,2745.500000,3716
2018-11-30T14:00:00+05:30,2745.500000,2750.000000,2736.850000,2748.800000,1422
2018-11-30T14:15:00+05:30,2748.800000,2749.800000,2745.100000,2748.700000,566
2018-11-30T14:30:00+05:30,2748.700000,2749.750000,2741.000000,2749.450000,753
2018-11-30T14:45:00+05:30,2749.450000,2749.900000,2746.350000,2748.800000,551
2018-11-30T15:00:00+05:30,2748.800000,2757.500000,2717.000000,2725.200000,5317
2018-11-30T15:15:00+05:30,2725.200000,2735.100000,2711.000000,2711.000000,3215
2018-12-03T09:15:00+05:30,2746.750000,2748.950000,2724.000000,2726.450000,1026
2018-12-03T09:30:00+05:30,2726.450000,2734.950000,2718.000000,2724.450000,704
2018-12-03T09:45:00+05:30,2724.450000,2735.000000,2719.950000,2735.000000,577
2018-12-03T10:00:00+05:30,2735.000000,2735.000000,2730.350000,2733.400000,60
2018-12-03T10:15:00+05:30,2733.400000,2740.000000,2724.550000,2737.600000,4327
2018-12-03T10:30:00+05:30,2737.600000,2755.900000,2730.000000,2751.000000,2931
2018-12-03T10:45:00+05:30,2751.000000,2751.000000,2737.000000,2738.500000,341
2018-12-03T11:00:00+05:30,2738.500000,2738.700000,2727.250000,2733.100000,396
2018-12-03T11:15:00+05:30,2735.000000,2739.950000,2730.200000,2731.950000,173
2018-12-03T11:30:00+05:30,2731.950000,2731.950000,2721.500000,2722.000000,266
2018-12-03T11:45:00+05:30,2722.000000,2728.400000,2715.000000,2725.000000,374
2018-12-03T12:00:00+05:30,2725.000000,2725.050000,2718.000000,2718.000000,143
2018-12-03T12:15:00+05:30,2718.000000,2729.900000,2715.000000,2729.750000,156
2018-12-03T12:30:00+05:30,2729.750000,2739.000000,2725.600000,2739.000000,907
2018-12-03T12:45:00+05:30,2739.000000,2739.000000,2732.550000,2732.800000,317
2018-12-03T13:00:00+05:30,2732.800000,2736.850000,2728.650000,2728.650000,146
2018-12-03T13:15:00+05:30,2728.650000,2739.000000,2728.650000,2739.000000,537
2018-12-03T13:30:00+05:30,2739.000000,2739.000000,2730.050000,2730.050000,131
2018-12-03T13:45:00+05:30,2730.050000,2732.100000,2726.000000,2732.100000,122
2018-12-03T14:00:00+05:30,2732.100000,2732.950000,2721.200000,2725.100000,995
2018-12-03T14:15:00+05:30,2725.100000,2733.850000,2725.100000,2733.850000,164
2018-12-03T14:30:00+05:30,2733.850000,2745.000000,2731.650000,2737.650000,279
2018-12-03T14:45:00+05:30,2737.650000,2747.000000,2736.100000,2746.350000,429
2018-12-03T15:00:00+05:30,2747.000000,2789.500000,2746.100000,2771.650000,3400
2018-12-03T15:15:00+05:30,2771.650000,2774.950000,2736.550000,2759.000000,3921
2018-12-04T09:15:00+05:30,2767.400000,2767.400000,2738.450000,2757.000000,560
2018-12-04T09:30:00+05:30,2756.800000,2775.800000,2756.100000,2766.200000,687
2018-12-04T09:45:00+05:30,2766.200000,2772.200000,2754.450000,2760.850000,954
2018-12-04T10:00:00+05:30,2760.850000,2760.850000,2750.000000,2757.950000,932
2018-12-04T10:15:00+05:30,2757.900000,2760.000000,2753.700000,2759.900000,221
2018-12-04T10:30:00+05:30,2759.900000,2759.900000,2753.150000,2754.150000,98
2018-12-04T10:45:00+05:30,2754.150000,2755.000000,2750.500000,2755.000000,618
2018-12-04T11:00:00+05:30,2755.000000,2761.200000,2755.000000,2761.200000,143
2018-12-04T11:15:00+05:30,2760.000000,2762.400000,2755.900000,2759.050000,75
2018-12-04T11:30:00+05:30,2756.150000,2756.650000,2743.100000,2743.100000,488
2018-12-04T11:45:00+05:30,2743.100000,2746.100000,2741.100000,2743.100000,167
2018-12-04T12:00:00+05:30,2743.100000,2748.150000,2741.000000,2746.250000,77
2018-12-04T12:15:00+05:30,2746.250000,2752.100000,2742.550000,2752.100000,104
2018-12-04T12:30:00+05:30,2752.100000,2771.000000,2746.350000,2771.000000,554
2018-12-04T12:45:00+05:30,2771.000000,2780.000000,2769.950000,2774.000000,790
2018-12-04T13:00:00+05:30,2774.000000,2774.000000,2760.850000,2768.650000,2041
2018-12-04T13:15:00+05:30,2768.650000,2769.000000,2757.100000,2765.550000,293
2018-12-04T13:30:00+05:30,2765.550000,2765.550000,2757.100000,2759.900000,89
2018-12-04T13:45:00+05:30,2759.900000,2760.850000,2750.000000,2750.000000,320
2018-12-04T14:00:00+05:30,2750.000000,2756.800000,2735.000000,2743.750000,1612
2018-12-04T14:15:00+05:30,2744.000000,2750.000000,2739.950000,2746.950000,540
2018-12-04T14:30:00+05:30,2746.950000,2755.000000,2741.500000,2754.750000,305
2018-12-04T14:45:00+05:30,2754.950000,2754.950000,2747.000000,2750.000000,178
2018-12-04T15:00:00+05:30,2750.000000,2770.000000,2747.000000,2769.750000,2579
2018-12-04T15:15:00+05:30,2769.750000,2775.000000,2737.550000,2745.000000,4638
2018-12-05T09:15:00+05:30,2755.000000,2772.450000,2745.150000,2770.000000,1039
2018-12-05T09:30:00+05:30,2770.000000,2771.950000,2756.050000,2769.900000,153
2018-12-05T09:45:00+05:30,2769.900000,2770.000000,2759.700000,2765.150000,120
2018-12-05T10:00:00+05:30,2765.150000,2767.000000,2755.000000,2755.000000,605
2018-12-05T10:15:00+05:30,2755.000000,2760.000000,2749.000000,2750.000000,1318
2018-12-05T10:30:00+05:30,2748.350000,2749.950000,2742.200000,2747.000000,549
2018-12-05T10:45:00+05:30,2747.000000,2747.950000,2742.000000,2743.300000,113
2018-12-05T11:00:00+05:30,2746.950000,2746.950000,2736.350000,2738.300000,267
2018-12-05T11:15:00+05:30,2738.300000,2740.000000,2731.400000,2735.000000,423
2018-12-05T11:30:00+05:30,2735.000000,2740.000000,2731.150000,2736.000000,521
2018-12-05T11:45:00+05:30,2728.650000,2735.900000,2724.000000,2735.900000,412
2018-12-05T12:00:00+05:30,2735.900000,2735.900000,2725.250000,2730.000000,810
2018-12-05T12:15:00+05:30,2730.000000,2730.000000,2725.000000,2729.700000,242
2018-12-05T12:30:00+05:30,2729.700000,2731.000000,2726.000000,2727.300000,330
2018-12-05T12:45:00+05:30,2727.300000,2731.000000,2726.000000,2731.000000,183
2018-12-05T13:00:00+05:30,2731.000000,2731.000000,2721.200000,2729.950000,450
2018-12-05T13:15:00+05:30,2729.950000,2730.250000,2727.200000,2727.650000,15
2018-12-05T13:30:00+05:30,2727.650000,2732.000000,2727.250000,2732.000000,190
2018-12-05T13:45:00+05:30,2731.250000,2732.000000,2728.250000,2731.900000,67
2018-12-05T14:00:00+05:30,2731.900000,2731.950000,2727.500000,2728.000000,83
2018-12-05T14:15:00+05:30,2724.650000,2731.000000,2724.650000,2726.650000,215
2018-12-05T14:30:00+05:30,2726.650000,2730.900000,2722.000000,2722.300000,163
2018-12-05T14:45:00+05:30,2722.750000,2748.250000,2718.000000,2745.000000,1450
2018-12-05T15:00:00+05:30,2745.000000,2766.900000,2730.350000,2766.900000,1374
2018-12-05T15:15:00+05:30,2768.000000,2778.900000,2760.150000,2761.150000,18347
2018-12-06T09:15:00+05:30,2750.050000,2764.950000,2739.950000,2755.350000,407
2018-12-06T09:30:00+05:30,2755.350000,2760.000000,2746.350000,2749.100000,439
2018-12-06T09:45:00+05:30,2749.100000,2749.100000,2731.400000,2739.000000,2276
2018-12-06T10:00:00+05:30,2739.000000,2749.150000,2733.200000,2743.000000,887
2018-12-06T10:15:00+05:30,2743.000000,2749.000000,2735.000000,2740.000000,387
2018-12-06T10:30:00+05:30,2740.000000,2740.000000,2736.400000,2738.100000,132
2018-12-06T10:45:00+05:30,2738.900000,2740.000000,2734.850000,2736.500000,383
2018-12-06T11:00:00+05:30,2736.500000,2740.000000,2734.800000,2739.450000,339
2018-12-06T11:15:00+05:30,2739.450000,2780.000000,2738.950000,2771.150000,3733
2018-12-06T11:30:00+05:30,2771.150000,2777.950000,2761.150000,2766.550000,783
2018-12-06T11:45:00+05:30,2766.550000,2775.000000,2766.550000,2775.000000,408
2018-12-06T12:00:00+05:30,2775.000000,2775.000000,2763.250000,2763.250000,51
2018-12-06T12:15:00+05:30,2763.250000,2772.000000,2763.250000,2766.650000,422
2018-12-06T12:30:00+05:30,2766.650000,2774.200000,2766.650000,2774.150000,73
2018-12-06T12:45:00+05:30,2774.150000,2778.150000,2767.750000,2771.000000,258
2018-12-06T13:00:00+05:30,2775.200000,2780.000000,2772.300000,2773.500000,824
2018-12-06T13:15:00+05:30,2773.500000,2776.050000,2769.250000,2770.000000,924
2018-12-06T13:30:00+05:30,2770.000000,2770.000000,2765.050000,2770.000000,76
2018-12-06T13:45:00+05:30,2770.000000,2770.000000,2767.050000,2769.900000,115
2018-12-06T14:00:00+05:30,2767.200000,2769.950000,2765.000000,2769.750000,680
2018-12-06T14:15:00+05:30,2769.750000,2769.800000,2763.800000,2769.600000,856
2018-12-06T14:30:00+05:30,2769.600000,2769.600000,2758.050000,2765.000000,2166
2018-12-06T14:45:00+05:30,2765.000000,2767.950000,2759.950000,2765.000000,1368
2018-12-06T15:00:00+05:30,2765.000000,2769.950000,2764.900000,2764.950000,3480
2018-12-06T15:15:00+05:30,2764.950000,2766.950000,2760.300000,2766.950000,2110
2018-12-07T09:15:00+05:30,2750.050000,2761.500000,2750.050000,2761.500000,60
2018-12-07T09:30:00+05:30,2761.500000,2774.300000,2761.500000,2766.000000,55
2018-12-07T09:45:00+05:30,2766.000000,2767.450000,2759.500000,2759.550000,220
2018-12-07T10:00:00+05:30,2759.500000,2764.050000,2755.000000,2755.500000,376
2018-12-07T10:15:00+05:30,2755.500000,2760.750000,2750.000000,2755.600000,344
2018-12-07T10:30:00+05:30,2755.600000,2756.900000,2750.050000,2753.700000,132
2018-12-07T10:45:00+05:30,2754.200000,2767.050000,2752.050000,2753.450000,761
2018-12-07T11:00:00+05:30,2753.450000,2754.550000,2751.150000,2751.150000,93
2018-12-07T11:15:00+05:30,2751.150000,2754.100000,2751.000000,2751.150000,240
2018-12-07T11:30:00+05:30,2751.000000,2751.000000,2748.000000,2748.000000,119
2018-12-07T11:45:00+05:30,2748.000000,2748.800000,2743.350000,2748.000000,305
2018-12-07T12:00:00+05:30,2748.000000,2748.000000,2741.100000,2745.900000,137
2018-12-07T12:15:00+05:30,2743.500000,2745.900000,2741.000000,2743.800000,208
2018-12-07T12:30:00+05:30,2743.800000,2745.750000,2741.000000,2745.500000,236
2018-12-07T12:45:00+05:30,2745.500000,2745.750000,2741.000000,2741.850000,214
2018-12-07T13:00:00+05:30,2743.400000,2746.150000,2741.000000,2746.150000,52
2018-12-07T13:15:00+05:30,2746.150000,2746.150000,2741.850000,2745.000000,61
2018-12-07T13:30:00+05:30,2742.150000,2745.000000,2741.300000,2745.000000,122
2018-12-07T13:45:00+05:30,2745.000000,2745.000000,2741.350000,2744.600000,120
2018-12-07T14:00:00+05:30,2744.600000,2745.000000,2741.050000,2744.750000,84
2018-12-07T14:15:00+05:30,2744.750000,2745.000000,2739.700000,2739.700000,1228
2018-12-07T14:30:00+05:30,2740.000000,2759.900000,2726.500000,2759.900000,2012
2018-12-07T14:45:00+05:30,2760.000000,2767.000000,2750.000000,2763.600000,754
2018-12-07T15:00:00+05:30,2763.600000,2769.900000,2755.650000,2768.300000,963
2018-12-07T15:15:00+05:30,2768.350000,2787.000000,2752.150000,2787.000000,2408
2018-12-10T09:15:00+05:30,2730.000000,2739.350000,2730.000000,2735.100000,457
2018-12-10T09:30:00+05:30,2735.100000,2737.950000,2718.000000,2718.350000,872
2018-12-10T09:45:00+05:30,2719.900000,2725.000000,2714.000000,2725.000000,987
2018-12-10T10:00:00+05:30,2725.000000,2740.000000,2725.000000,2725.000000,561
2018-12-10T10:15:00+05:30,2725.000000,2731.750000,2720.000000,2725.550000,275
2018-12-10T10:30:00+05:30,2720.250000,2728.850000,2720.250000,2723.200000,184
2018-12-10T10:45:00+05:30,2726.100000,2729.950000,2710.050000,2725.400000,1657
2018-12-10T11:00:00+05:30,2725.400000,2728.750000,2722.000000,2725.350000,250
2018-12-10T11:15:00+05:30,2725.350000,2735.000000,2725.050000,2735.000000,321
2018-12-10T11:30:00+05:30,2729.700000,2735.000000,2723.800000,2729.000000,193
2018-12-10T11:45:00+05:30,2729.000000,2729.950000,2723.800000,2723.800000,65
2018-12-10T12:00:00+05:30,2723.800000,2727.600000,2677.900000,2705.000000,5130
2018-12-10T12:15:00+05:30,2705.000000,2709.750000,2705.000000,2709.700000,243
2018-12-10T12:30:00+05:30,2709.700000,2709.700000,2697.400000,2707.700000,758
2018-12-10T12:45:00+05:30,2707.700000,2710.000000,2706.000000,2708.250000,394
2018-12-10T13:00:00+05:30,2708.250000,2708.650000,2703.950000,2703.950000,147
2018-12-10T13:15:00+05:30,2704.000000,2720.000000,2704.000000,2711.000000,1072
2018-12-10T13:30:00+05:30,2711.000000,2725.350000,2710.500000,2723.000000,719
2018-12-10T13:45:00+05:30,2723.000000,2723.350000,2717.350000,2722.050000,355
2018-12-10T14:00:00+05:30,2722.050000,2722.050000,2707.000000,2719.000000,700
2018-12-10T14:15:00+05:30,2719.000000,2734.600000,2709.000000,2730.000000,1174
2018-12-10T14:30:00+05:30,2730.000000,2744.900000,2729.650000,2740.850000,1412
2018-12-10T14:45:00+05:30,2740.850000,2748.650000,2740.000000,2742.550000,701
2018-12-10T15:00:00+05:30,2742.550000,2754.950000,2738.650000,2753.500000,1104
2018-12-10T15:15:00+05:30,2753.900000,2762.500000,2734.950000,2760.000000,1346
2018-12-11T09:15:00+05:30,2720.000000,2747.350000,2715.000000,2729.950000,366
2018-12-11T09:30:00+05:30,2729.950000,2731.700000,2724.050000,2728.400000,307
2018-12-11T09:45:00+05:30,2728.400000,2738.350000,2727.650000,2731.050000,530
2018-12-11T10:00:00+05:30,2731.050000,2737.450000,2725.500000,2725.550000,92
2018-12-11T10:15:00+05:30,2728.950000,2733.000000,2725.100000,2733.000000,75
2018-12-11T10:30:00+05:30,2733.000000,2735.900000,2730.150000,2735.900000,51
2018-12-11T10:45:00+05:30,2735.900000,2738.700000,2725.000000,2731.750000,282
2018-12-11T11:00:00+05:30,2731.750000,2752.000000,2731.750000,2741.650000,1214
2018-12-11T11:15:00+05:30,2741.650000,2744.000000,2732.000000,2732.000000,444
2018-12-11T11:30:00+05:30,2732.000000,2742.450000,2732.000000,2738.700000,111
2018-12-11T11:45:00+05:30,2738.700000,2749.900000,2738.000000,2742.000000,217
2018-12-11T12:00:00+05:30,2742.000000,2742.000000,2732.400000,2732.400000,81
2018-12-11T12:15:00+05:30,2732.400000,2738.000000,2732.400000,2738.000000,86
2018-12-11T12:30:00+05:30,2738.000000,2747.350000,2737.000000,2741.850000,140
2018-12-11T12:45:00+05:30,2741.850000,2749.900000,2741.850000,2749.900000,116
2018-12-11T13:00:00+05:30,2749.900000,2751.000000,2745.100000,2751.000000,28
2018-12-11T13:15:00+05:30,2751.000000,2753.000000,2741.850000,2742.850000,112
2018-12-11T13:30:00+05:30,2742.850000,2742.850000,2727.050000,2727.050000,539
2018-12-11T13:45:00+05:30,2727.050000,2745.000000,2727.050000,2738.900000,226
2018-12-11T14:00:00+05:30,2738.900000,2767.000000,2738.900000,2766.500000,668
2018-12-11T14:15:00+05:30,2766.450000,2779.000000,2761.150000,2775.850000,624
2018-12-11T14:30:00+05:30,2775.850000,2809.050000,2771.850000,2804.950000,2227
2018-12-11T14:45:00+05:30,2804.950000,2809.950000,2790.000000,2791.700000,540
2018-12-11T15:00:00+05:30,2791.700000,2829.600000,2791.600000,2824.850000,2520
2018-12-11T15:15:00+05:30,2824.850000,2853.900000,2817.650000,2830.000000,3020
2018-12-12T09:15:00+05:30,2845.000000,2859.300000,2845.000000,2854.700000,466
2018-12-12T09:30:00+05:30,2854.750000,2869.950000,2851.000000,2865.300000,587
2018-12-12T09:45:00+05:30,2865.300000,2888.900000,2860.300000,2881.650000,1421
2018-12-12T10:00:00+05:30,2881.650000,2884.950000,2841.000000,2841.150000,1934
2018-12-12T10:15:00+05:30,2841.150000,2850.750000,2780.000000,2790.000000,3651
2018-12-12T10:30:00+05:30,2790.000000,2818.950000,2789.700000,2812.000000,621
2018-12-12T10:45:00+05:30,2812.000000,2831.450000,2812.000000,2831.450000,490
2018-12-12T11:00:00+05:30,2831.450000,2831.450000,2820.000000,2823.750000,431
2018-12-12T11:15:00+05:30,2823.750000,2823.850000,2814.350000,2823.850000,241
2018-12-12T11:30:00+05:30,2823.850000,2828.500000,2820.350000,2828.500000,252
2018-12-12T11:45:00+05:30,2828.500000,2841.950000,2827.000000,2827.000000,234
2018-12-12T12:00:00+05:30,2827.000000,2844.600000,2824.000000,2841.500000,417
2018-12-12T12:15:00+05:30,2841.500000,2848.800000,2838.100000,2846.900000,408
2018-12-12T12:30:00+05:30,2846.900000,2846.950000,2838.050000,2841.100000,1265
2018-12-12T12:45:00+05:30,2841.100000,2862.900000,2841.100000,2858.000000,874
2018-12-12T13:00:00+05:30,2858.000000,2860.000000,2850.000000,2855.850000,673
2018-12-12T13:15:00+05:30,2855.850000,2859.000000,2845.150000,2858.950000,477
2018-12-12T13:30:00+05:30,2858.950000,2859.000000,2855.250000,2858.000000,485
2018-12-12T13:45:00+05:30,2858.000000,2869.950000,2850.000000,2869.850000,1881
2018-12-12T14:00:00+05:30,2869.850000,2869.900000,2860.000000,2867.400000,1259
2018-12-12T14:15:00+05:30,2867.400000,2867.400000,2861.000000,2861.000000,878
2018-12-12T14:30:00+05:30,2861.000000,2869.900000,2859.000000,2868.800000,2332
2018-12-12T14:45:00+05:30,2868.800000,2868.950000,2858.350000,2868.950000,1248
2018-12-12T15:00:00+05:30,2868.950000,2868.950000,2853.250000,2866.000000,2179
2018-12-12T15:15:00+05:30,2866.000000,2867.300000,2850.000000,2850.000000,2588
2018-12-13T09:15:00+05:30,2866.150000,2886.350000,2860.000000,2864.700000,420
2018-12-13T09:30:00+05:30,2864.700000,2865.000000,2840.100000,2845.050000,413
2018-12-13T09:45:00+05:30,2845.050000,2847.100000,2840.100000,2845.650000,71
2018-12-13T10:00:00+05:30,2845.650000,2847.450000,2831.100000,2836.650000,3975
2018-12-13T10:15:00+05:30,2836.650000,2858.450000,2836.650000,2858.450000,289
2018-12-13T10:30:00+05:30,2858.450000,2859.000000,2836.650000,2844.100000,449
2018-12-13T10:45:00+05:30,2838.200000,2848.000000,2838.200000,2844.600000,95
2018-12-13T11:00:00+05:30,2844.600000,2844.600000,2834.050000,2841.550000,208
2018-12-13T11:15:00+05:30,2841.550000,2841.550000,2836.000000,2837.800000,62
2018-12-13T11:30:00+05:30,2837.800000,2839.950000,2832.250000,2836.250000,270
2018-12-13T11:45:00+05:30,2836.250000,2836.300000,2832.100000,2836.300000,239
2018-12-13T12:00:00+05:30,2836.300000,2836.300000,2832.050000,2834.350000,156
2018-12-13T12:15:00+05:30,2834.350000,2837.350000,2832.250000,2834.000000,375
2018-12-13T12:30:00+05:30,2834.000000,2840.000000,2833.200000,2836.050000,227
2018-12-13T12:45:00+05:30,2836.050000,2839.100000,2824.000000,2825.000000,935
2018-12-13T13:00:00+05:30,2825.000000,2838.000000,2820.050000,2837.900000,1376
2018-12-13T13:15:00+05:30,2837.900000,2837.900000,2834.500000,2836.000000,139
2018-12-13T13:30:00+05:30,2835.700000,2836.000000,2830.300000,2832.000000,629
2018-12-13T13:45:00+05:30,2832.000000,2835.000000,2825.150000,2830.100000,227
2018-12-13T14:00:00+05:30,2830.100000,2832.850000,2825.300000,2826.150000,263
2018-12-13T14:15:00+05:30,2826.150000,2835.000000,2826.100000,2829.950000,290
2018-12-13T14:30:00+05:30,2829.950000,2830.000000,2825.000000,2826.800000,347
2018-12-13T14:45:00+05:30,2826.800000,2826.800000,2807.350000,2823.200000,723
2018-12-13T15:00:00+05:30,2823.200000,2849.600000,2823.200000,2834.350000,3206
2018-12-13T15:15:00+05:30,2835.000000,2837.950000,2812.050000,2820.000000,2944
2018-12-14T09:15:00+05:30,2850.000000,2850.000000,2833.000000,2836.450000,442
2018-12-14T09:30:00+05:30,2836.450000,2846.000000,2836.450000,2840.650000,456
2018-12-14T09:45:00+05:30,2840.650000,2842.000000,2825.000000,2835.100000,604
2018-12-14T10:00:00+05:30,2835.000000,2835.500000,2820.000000,2824.000000,1135
2018-12-14T10:15:00+05:30,2824.000000,2829.900000,2820.000000,2829.900000,54
2018-12-14T10:30:00+05:30,2829.900000,2829.900000,2825.000000,2825.000000,113
2018-12-14T10:45:00+05:30,2825.000000,2825.000000,2815.050000,2824.000000,201
2018-12-14T11:00:00+05:30,2824.000000,2825.000000,2815.250000,2825.000000,84
2018-12-14T11:15:00+05:30,2823.000000,2827.000000,2817.550000,2822.450000,84
2018-12-14T11:30:00+05:30,2822.450000,2829.850000,2822.450000,2829.850000,36
2018-12-14T11:45:00+05:30,2829.850000,2832.500000,2824.100000,2825.500000,352
2018-12-14T12:00:00+05:30,2825.500000,2825.500000,2822.550000,2822.550000,162
2018-12-14T12:15:00+05:30,2822.500000,2824.800000,2820.050000,2823.750000,50
2018-12-14T12:30:00+05:30,2823.750000,2825.000000,2819.600000,2822.700000,111
2018-12-14T12:45:00+05:30,2822.700000,2824.900000,2822.100000,2824.900000,42
2018-12-14T13:00:00+05:30,2824.900000,2825.500000,2822.000000,2822.000000,106
2018-12-14T13:15:00+05:30,2821.500000,2825.500000,2817.000000,2825.500000,373
2018-12-14T13:30:00+05:30,2825.500000,2825.500000,2817.100000,2825.000000,705
2018-12-14T13:45:00+05:30,2825.000000,2825.000000,2820.050000,2824.650000,107
2018-12-14T14:00:00+05:30,2824.650000,2824.650000,2815.050000,2821.250000,210
2018-12-14T14:15:00+05:30,2821.250000,2824.500000,2821.250000,2824.500000,129
2018-12-14T14:30:00+05:30,2824.500000,2825.250000,2820.000000,2825.250000,288
2018-12-14T14:45:00+05:30,2825.500000,2825.500000,2822.650000,2824.800000,254
2018-12-14T15:00:00+05:30,2824.800000,2855.000000,2820.000000,2854.950000,1768
2018-12-14T15:15:00+05:30,2855.000000,2855.000000,2835.050000,2855.000000,1925
2018-12-17T09:15:00+05:30,2850.800000,2870.000000,2847.200000,2847.200000,821
2018-12-17T09:30:00+05:30,2847.200000,2850.950000,2845.000000,2845.100000,250
2018-12-17T09:45:00+05:30,2845.100000,2850.000000,2845.100000,2850.000000,293
2018-12-17T10:00:00+05:30,2850.000000,2859.000000,2846.450000,2851.600000,723
2018-12-17T10:15:00+05:30,2854.950000,2856.000000,2851.050000,2851.500000,2404
2018-12-17T10:30:00+05:30,2856.000000,2856.000000,2851.000000,2851.000000,144
2018-12-17T10:45:00+05:30,2851.000000,2855.000000,2845.000000,2854.500000,2844
2018-12-17T11:00:00+05:30,2854.500000,2855.000000,2847.550000,2847.550000,1179
2018-12-17T11:15:00+05:30,2847.550000,2850.000000,2835.000000,2835.300000,1459
2018-12-17T11:30:00+05:30,2835.300000,2858.950000,2835.300000,2851.000000,3132
2018-12-17T11:45:00+05:30,2853.050000,2856.450000,2842.600000,2847.000000,188
2018-12-17T12:00:00+05:30,2847.000000,2847.000000,2840.000000,2840.000000,60
2018-12-17T12:15:00+05:30,2840.000000,2843.900000,2839.600000,2840.050000,24
2018-12-17T12:30:00+05:30,2840.050000,2848.550000,2840.050000,2848.550000,59
2018-12-17T12:45:00+05:30,2848.550000,2848.550000,2846.050000,2846.100000,60
2018-12-17T13:00:00+05:30,2846.100000,2846.100000,2842.050000,2842.050000,13
2018-12-17T13:15:00+05:30,2842.050000,2847.100000,2825.100000,2829.450000,724
2018-12-17T13:30:00+05:30,2829.350000,2838.150000,2822.100000,2833.750000,1044
2018-12-17T13:45:00+05:30,2828.000000,2849.950000,2825.050000,2843.550000,375
2018-12-17T14:00:00+05:30,2843.550000,2845.000000,2838.400000,2844.900000,149
2018-12-17T14:15:00+05:30,2844.900000,2850.000000,2837.600000,2844.550000,216
2018-12-17T14:30:00+05:30,2844.550000,2849.500000,2839.050000,2848.500000,235
2018-12-17T14:45:00+05:30,2848.500000,2848.500000,2839.000000,2839.000000,331
2018-12-17T15:00:00+05:30,2839.000000,2850.000000,2834.150000,2847.900000,748
2018-12-17T15:15:00+05:30,2847.900000,2849.600000,2821.000000,2834.000000,1854
2018-12-18T09:15:00+05:30,2840.000000,2840.000000,2822.000000,2829.950000,330
2018-12-18T09:30:00+05:30,2827.250000,2840.850000,2827.250000,2836.000000,339
2018-12-18T09:45:00+05:30,2836.000000,2855.950000,2831.000000,2850.850000,472
2018-12-18T10:00:00+05:30,2850.850000,2853.950000,2826.050000,2832.000000,432
2018-12-18T10:15:00+05:30,2832.000000,2835.000000,2827.250000,2834.950000,183
2018-12-18T10:30:00+05:30,2834.950000,2834.950000,2832.000000,2833.000000,21
2018-12-18T10:45:00+05:30,2833.000000,2836.000000,2832.000000,2836.000000,64
2018-12-18T11:00:00+05:30,2837.250000,2847.000000,2837.250000,2839.000000,292
2018-12-18T11:15:00+05:30,2839.000000,2844.950000,2831.950000,2831.950000,279
2018-12-18T11:30:00+05:30,2834.700000,2841.000000,2834.700000,2840.900000,140
2018-12-18T11:45:00+05:30,2841.000000,2842.950000,2835.000000,2835.000000,122
2018-12-18T12:00:00+05:30,2835.000000,2835.000000,2831.100000,2831.100000,14
2018-12-18T12:15:00+05:30,2831.100000,2836.750000,2831.100000,2836.750000,53
2018-12-18T12:30:00+05:30,2836.750000,2836.750000,2831.000000,2831.150000,63
2018-12-18T12:45:00+05:30,2831.150000,2844.000000,2831.150000,2843.950000,108
2018-12-18T13:00:00+05:30,2843.950000,2844.000000,2839.500000,2843.900000,56
2018-12-18T13:15:00+05:30,2843.900000,2844.000000,2842.000000,2844.000000,66
2018-12-18T13:30:00+05:30,2844.000000,2845.000000,2841.100000,2841.100000,55
2018-12-18T13:45:00+05:30,2843.000000,2843.000000,2838.950000,2839.550000,131
2018-12-18T14:00:00+05:30,2834.800000,2845.050000,2830.100000,2845.050000,576
2018-12-18T14:15:00+05:30,2850.000000,2881.400000,2850.000000,2876.200000,2362
2018-12-18T14:30:00+05:30,2872.350000,2876.600000,2864.300000,2866.950000,546
2018-12-18T14:45:00+05:30,2866.950000,2866.950000,2847.200000,2850.000000,756
2018-12-18T15:00:00+05:30,2850.000000,2867.000000,2850.000000,2866.800000,1900
2018-12-18T15:15:00+05:30,2866.800000,2867.000000,2846.100000,2846.100000,1171
2018-12-19T09:15:00+05:30,2864.950000,2865.000000,2850.000000,2860.000000,257
2018-12-19T09:30:00+05:30,2856.950000,2884.700000,2856.950000,2863.350000,597
2018-12-19T09:45:00+05:30,2863.350000,2874.000000,2862.100000,2868.050000,107
2018-12-19T10:00:00+05:30,2868.050000,2873.650000,2865.550000,2868.000000,96
2018-12-19T10:15:00+05:30,2868.000000,2873.700000,2866.000000,2866.000000,251
2018-12-19T10:30:00+05:30,2866.000000,2869.700000,2860.000000,2861.250000,1061
2018-12-19T10:45:00+05:30,2861.250000,2865.450000,2860.950000,2862.150000,49
2018-12-19T11:00:00+05:30,2862.150000,2868.150000,2854.100000,2865.000000,987
2018-12-19T11:15:00+05:30,2865.000000,2865.950000,2863.000000,2864.000000,524
2018-12-19T11:30:00+05:30,2864.000000,2865.950000,2861.000000,2861.000000,146
2018-12-19T11:45:00+05:30,2861.000000,2869.900000,2857.550000,2861.000000,716
2018-12-19T12:00:00+05:30,2861.000000,2869.900000,2854.550000,2854.550000,667
2018-12-19T12:15:00+05:30,2854.550000,2859.950000,2854.550000,2857.050000,184
2018-12-19T12:30:00+05:30,2859.850000,2907.000000,2854.550000,2900.000000,7169
2018-12-19T12:45:00+05:30,2900.000000,2947.650000,2900.000000,2925.000000,7262
2018-12-19T13:00:00+05:30,2925.000000,2930.000000,2882.600000,2890.000000,3672
2018-12-19T13:15:00+05:30,2893.750000,2894.900000,2877.000000,2878.250000,983
2018-12-19T13:30:00+05:30,2878.000000,2880.000000,2877.000000,2878.000000,1537
2018-12-19T13:45:00+05:30,2878.000000,2880.000000,2871.050000,2871.750000,862
2018-12-19T14:00:00+05:30,2871.750000,2876.450000,2865.750000,2876.400000,548
2018-12-19T14:15:00+05:30,2876.400000,2920.000000,2868.350000,2905.000000,2878
2018-12-19T14:30:00+05:30,2905.000000,2905.000000,2884.050000,2890.000000,1034
2018-12-19T14:45:00+05:30,2890.000000,2892.000000,2881.600000,2889.950000,1449
2018-12-19T15:00:00+05:30,2889.950000,2889.950000,2872.000000,2876.000000,511
2018-12-19T15:15:00+05:30,2876.000000,2880.000000,2871.350000,2880.000000,5326
2018-12-20T09:15:00+05:30,2900.000000,2959.100000,2895.150000,2930.000000,12094
2018-12-20T09:30:00+05:30,2928.050000,2930.000000,2910.500000,2915.150000,2870
2018-12-20T09:45:00+05:30,2915.000000,2920.450000,2905.200000,2907.000000,2763
2018-12-20T10:00:00+05:30,2907.000000,2917.000000,2905.000000,2912.550000,778
2018-12-20T10:15:00+05:30,2914.950000,2919.400000,2906.350000,2907.250000,1934
2018-12-20T10:30:00+05:30,2907.100000,2910.000000,2878.700000,2891.000000,4788
2018-12-20T10:45:00+05:30,2891.000000,2898.450000,2883.050000,2887.750000,1502
2018-12-20T11:00:00+05:30,2887.750000,2890.000000,2883.000000,2885.700000,1112
2018-12-20T11:15:00+05:30,2885.700000,2890.000000,2885.000000,2888.650000,767
2018-12-20T11:30:00+05:30,2888.650000,2895.700000,2885.500000,2886.000000,1359
2018-12-20T11:45:00+05:30,2885.850000,2892.000000,2885.500000,2888.000000,688
2018-12-20T12:00:00+05:30,2888.000000,2894.900000,2885.550000,2885.600000,795
2018-12-20T12:15:00+05:30,2885.600000,2892.150000,2885.600000,2885.750000,790
2018-12-20T12:30:00+05:30,2885.750000,2891.350000,2873.500000,2873.500000,1426
2018-12-20T12:45:00+05:30,2873.500000,2875.000000,2861.000000,2861.350000,1272
2018-12-20T13:00:00+05:30,2861.350000,2879.000000,2861.250000,2865.500000,1142
2018-12-20T13:15:00+05:30,2865.500000,2880.300000,2859.700000,2863.200000,1510
2018-12-20T13:30:00+05:30,2862.150000,2866.000000,2855.050000,2860.150000,1156
2018-12-20T13:45:00+05:30,2860.150000,2874.950000,2852.250000,2865.000000,2623
2018-12-20T14:00:00+05:30,2865.000000,2874.950000,2862.000000,2862.050000,1686
2018-12-20T14:15:00+05:30,2862.050000,2869.550000,2862.000000,2863.100000,1026
2018-12-20T14:30:00+05:30,2863.050000,2867.700000,2862.300000,2865.000000,1111
2018-12-20T14:45:00+05:30,2865.000000,2885.550000,2862.200000,2885.550000,2252
2018-12-20T15:00:00+05:30,2888.000000,2888.000000,2866.050000,2871.650000,2615
2018-12-20T15:15:00+05:30,2873.700000,2874.350000,2860.000000,2860.000000,2860
2018-12-21T09:15:00+05:30,2860.000000,2868.000000,2841.500000,2863.000000,597
2018-12-21T09:30:00+05:30,2863.000000,2868.000000,2862.800000,2865.450000,422
2018-12-21T09:45:00+05:30,2865.450000,2865.450000,2840.700000,2843.050000,588
2018-12-21T10:00:00+05:30,2843.050000,2848.900000,2840.400000,2845.000000,243
2018-12-21T10:15:00+05:30,2845.000000,2845.950000,2833.050000,2845.000000,371
2018-12-21T10:30:00+05:30,2845.000000,2846.900000,2832.450000,2842.000000,130
2018-12-21T10:45:00+05:30,2842.000000,2854.850000,2842.000000,2848.000000,152
2018-12-21T11:00:00+05:30,2848.000000,2849.050000,2844.100000,2849.000000,47
2018-12-21T11:15:00+05:30,2849.000000,2849.150000,2840.000000,2849.150000,113
2018-12-21T11:30:00+05:30,2849.150000,2850.000000,2842.650000,2847.200000,177
2018-12-21T11:45:00+05:30,2847.200000,2849.900000,2842.550000,2849.000000,95
2018-12-21T12:00:00+05:30,2849.000000,2849.000000,2845.000000,2848.750000,156
2018-12-21T12:15:00+05:30,2848.750000,2854.900000,2848.350000,2853.550000,303
2018-12-21T12:30:00+05:30,2853.550000,2862.900000,2847.400000,2862.900000,304
2018-12-21T12:45:00+05:30,2865.000000,2869.950000,2855.000000,2866.200000,299
2018-12-21T13:00:00+05:30,2866.200000,2872.000000,2859.650000,2872.000000,379
2018-12-21T13:15:00+05:30,2872.000000,2885.350000,2871.400000,2881.900000,1030
2018-12-21T13:30:00+05:30,2881.900000,2887.000000,2880.000000,2880.000000,595
2018-12-21T13:45:00+05:30,2880.000000,2882.400000,2872.450000,2872.450000,235
2018-12-21T14:00:00+05:30,2872.450000,2874.650000,2861.500000,2865.150000,550
2018-12-21T14:15:00+05:30,2865.150000,2873.900000,2865.000000,2866.700000,126
2018-12-21T14:30:00+05:30,2867.300000,2867.300000,2857.350000,2857.350000,401
2018-12-21T14:45:00+05:30,2857.350000,2869.000000,2856.300000,2862.800000,762
2018-12-21T15:00:00+05:30,2862.800000,2870.000000,2855.350000,2856.050000,2129
2018-12-21T15:15:00+05:30,2856.050000,2878.400000,2841.000000,2873.950000,3439
2018-12-24T09:15:00+05:30,2841.650000,2860.050000,2840.000000,2855.000000,319
2018-12-24T09:30:00+05:30,2855.000000,2855.000000,2820.000000,2824.950000,719
2018-12-24T09:45:00+05:30,2824.950000,2825.000000,2807.600000,2811.300000,1037
2018-12-24T10:00:00+05:30,2811.300000,2816.700000,2807.100000,2816.700000,297
2018-12-24T10:15:00+05:30,2816.700000,2818.850000,2812.050000,2818.850000,83
2018-12-24T10:30:00+05:30,2818.850000,2821.000000,2811.000000,2811.100000,131
2018-12-24T10:45:00+05:30,2811.100000,2813.950000,2811.050000,2813.950000,162
2018-12-24T11:00:00+05:30,2813.950000,2813.950000,2813.950000,2813.950000,105
2018-12-24T11:15:00+05:30,2813.950000,2815.000000,2813.950000,2815.000000,196
2018-12-24T11:30:00+05:30,2815.000000,2815.000000,2811.700000,2815.000000,21
2018-12-24T11:45:00+05:30,2815.000000,2820.500000,2809.000000,2813.050000,390
2018-12-24T12:00:00+05:30,2813.050000,2817.450000,2797.000000,2802.000000,1071
2018-12-24T12:15:00+05:30,2802.000000,2806.650000,2800.250000,2802.550000,244
2018-12-24T12:30:00+05:30,2802.550000,2809.950000,2802.550000,2809.950000,210
2018-12-24T12:45:00+05:30,2811.150000,2812.000000,2799.150000,2804.950000,633
2018-12-24T13:00:00+05:30,2804.950000,2805.000000,2801.900000,2804.900000,136
2018-12-24T13:15:00+05:30,2804.950000,2805.000000,2800.000000,2805.000000,97
2018-12-24T13:30:00+05:30,2805.000000,2805.000000,2789.200000,2793.050000,405
2018-12-24T13:45:00+05:30,2793.050000,2801.000000,2793.050000,2800.000000,228
2018-12-24T14:00:00+05:30,2800.000000,2813.550000,2800.000000,2813.550000,176
2018-12-24T14:15:00+05:30,2813.550000,2818.950000,2801.000000,2805.000000,680
2018-12-24T14:30:00+05:30,2805.000000,2807.000000,2793.100000,2796.050000,357
2018-12-24T14:45:00+05:30,2796.050000,2799.000000,2793.500000,2798.900000,253
2018-12-24T15:00:00+05:30,2798.900000,2800.000000,2795.950000,2799.950000,2496
2018-12-24T15:15:00+05:30,2799.950000,2799.950000,2782.000000,2786.000000,2132
2018-12-26T09:15:00+05:30,2809.000000,2819.900000,2782.200000,2786.500000,653
2018-12-26T09:30:00+05:30,2786.500000,2786.500000,2739.350000,2740.000000,605
2018-12-26T09:45:00+05:30,2740.000000,2753.200000,2740.000000,2753.200000,443
2018-12-26T10:00:00+05:30,2753.200000,2758.200000,2745.050000,2757.000000,268
2018-12-26T10:15:00+05:30,2757.000000,2760.050000,2756.950000,2760.050000,63
2018-12-26T10:30:00+05:30,2760.050000,2765.000000,2760.000000,2763.950000,116
2018-12-26T10:45:00+05:30,2763.950000,2766.700000,2757.250000,2766.700000,296
2018-12-26T11:00:00+05:30,2766.700000,2790.000000,2766.700000,2790.000000,195
2018-12-26T11:15:00+05:30,2790.000000,2800.000000,2785.800000,2787.650000,161
2018-12-26T11:30:00+05:30,2787.650000,2793.900000,2785.150000,2785.150000,23
2018-12-26T11:45:00+05:30,2785.150000,2793.950000,2785.150000,2793.950000,41
2018-12-26T12:00:00+05:30,2793.950000,2808.950000,2791.300000,2806.250000,325
2018-12-26T12:15:00+05:30,2806.250000,2809.000000,2794.050000,2796.400000,260
2018-12-26T12:30:00+05:30,2796.400000,2801.400000,2793.000000,2793.000000,64
2018-12-26T12:45:00+05:30,2793.000000,2801.150000,2793.000000,2796.450000,84
2018-12-26T13:00:00+05:30,2796.450000,2799.900000,2795.650000,2799.900000,26
2018-12-26T13:15:00+05:30,2799.900000,2805.350000,2799.900000,2800.400000,44
2018-12-26T13:30:00+05:30,2800.400000,2802.150000,2800.400000,2802.150000,15
2018-12-26T13:45:00+05:30,2802.150000,2804.000000,2796.900000,2804.000000,82
2018-12-26T14:00:00+05:30,2804.000000,2812.700000,2800.000000,2810.000000,432
2018-12-26T14:15:00+05:30,2810.000000,2828.000000,2809.000000,2824.900000,566
2018-12-26T14:30:00+05:30,2824.900000,2835.100000,2820.000000,2820.000000,441
2018-12-26T14:45:00+05:30,2820.000000,2843.000000,2815.500000,2838.000000,773
2018-12-26T15:00:00+05:30,2838.000000,2855.000000,2835.400000,2855.000000,1196
2018-12-26T15:15:00+05:30,2854.000000,2859.100000,2825.050000,2839.200000,1813
2018-12-27T09:15:00+05:30,2850.000000,2870.000000,2850.000000,2852.850000,20259
2018-12-27T09:30:00+05:30,2852.850000,2852.850000,2821.050000,2829.100000,912
2018-12-27T09:45:00+05:30,2829.100000,2833.600000,2825.000000,2828.450000,239
2018-12-27T10:00:00+05:30,2828.450000,2836.000000,2828.150000,2836.000000,292
2018-12-27T10:15:00+05:30,2836.100000,2839.150000,2828.150000,2828.150000,301
2018-12-27T10:30:00+05:30,2828.150000,2829.550000,2825.000000,2825.000000,256
2018-12-27T10:45:00+05:30,2826.350000,2828.000000,2822.500000,2828.000000,255
2018-12-27T11:00:00+05:30,2828.000000,2828.000000,2817.650000,2818.700000,388
2018-12-27T11:15:00+05:30,2818.700000,2818.700000,2815.000000,2817.050000,486
2018-12-27T11:30:00+05:30,2817.050000,2818.700000,2812.000000,2815.000000,315
2018-12-27T11:45:00+05:30,2815.000000,2824.000000,2813.450000,2813.450000,1535
2018-12-27T12:00:00+05:30,2813.450000,2818.000000,2812.500000,2813.000000,329
2018-12-27T12:15:00+05:30,2813.000000,2816.450000,2805.100000,2815.000000,935
2018-12-27T12:30:00+05:30,2815.000000,2815.000000,2805.100000,2807.000000,1210
2018-12-27T12:45:00+05:30,2807.000000,2808.850000,2800.000000,2801.550000,1250
2018-12-27T13:00:00+05:30,2801.550000,2805.900000,2781.050000,2789.950000,3408
2018-12-27T13:15:00+05:30,2789.950000,2794.300000,2781.700000,2788.750000,763
2018-12-27T13:30:00+05:30,2788.750000,2792.000000,2783.500000,2789.700000,273
2018-12-27T13:45:00+05:30,2789.700000,2799.300000,2787.500000,2793.000000,749
2018-12-27T14:00:00+05:30,2793.000000,2794.950000,2786.150000,2793.900000,467
2018-12-27T14:15:00+05:30,2793.900000,2794.000000,2786.000000,2786.000000,507
2018-12-27T14:30:00+05:30,2787.900000,2790.000000,2782.150000,2788.650000,509
2018-12-27T14:45:00+05:30,2788.650000,2794.000000,2786.550000,2793.950000,642
2018-12-27T15:00:00+05:30,2793.950000,2794.000000,2782.050000,2785.100000,1124
2018-12-27T15:15:00+05:30,2785.100000,2792.750000,2765.550000,2774.950000,4238
2018-12-28T09:15:00+05:30,2786.000000,2813.350000,2784.950000,2805.000000,573
2018-12-28T09:30:00+05:30,2805.000000,2814.000000,2795.950000,2802.700000,530
2018-12-28T09:45:00+05:30,2802.700000,2803.750000,2790.000000,2800.200000,775
2018-12-28T10:00:00+05:30,2800.200000,2800.200000,2795.000000,2800.000000,217
2018-12-28T10:15:00+05:30,2800.000000,2800.200000,2790.000000,2794.200000,358
2018-12-28T10:30:00+05:30,2794.200000,2794.200000,2791.850000,2791.850000,9
2018-12-28T10:45:00+05:30,2791.850000,2792.600000,2787.000000,2791.350000,236
2018-12-28T11:00:00+05:30,2791.350000,2798.750000,2787.000000,2787.050000,299
2018-12-28T11:15:00+05:30,2787.050000,2790.000000,2786.000000,2789.950000,450
2018-12-28T11:30:00+05:30,2789.950000,2789.950000,2786.000000,2786.000000,178
2018-12-28T11:45:00+05:30,2786.000000,2786.000000,2775.000000,2783.400000,400
2018-12-28T12:00:00+05:30,2783.400000,2785.000000,2777.000000,2784.400000,184
2018-12-28T12:15:00+05:30,2785.050000,2789.050000,2770.000000,2777.400000,816
2018-12-28T12:30:00+05:30,2780.000000,2780.100000,2772.650000,2779.000000,342
2018-12-28T12:45:00+05:30,2779.000000,2779.900000,2773.000000,2775.000000,426
2018-12-28T13:00:00+05:30,2775.000000,2778.000000,2773.000000,2775.000000,340
2018-12-28T13:15:00+05:30,2775.000000,2775.000000,2765.000000,2769.950000,452
2018-12-28T13:30:00+05:30,2769.950000,2772.450000,2756.000000,2764.200000,1102
2018-12-28T13:45:00+05:30,2764.200000,2764.200000,2757.000000,2759.350000,735
2018-12-28T14:00:00+05:30,2759.350000,2760.000000,2742.200000,2742.200000,4713
2018-12-28T14:15:00+05:30,2742.200000,2770.000000,2740.000000,2769.700000,1501
2018-12-28T14:30:00+05:30,2769.700000,2779.900000,2764.400000,2778.450000,1300
2018-12-28T14:45:00+05:30,2778.450000,2779.900000,2773.000000,2779.900000,902
2018-12-28T15:00:00+05:30,2779.900000,2798.950000,2778.350000,2793.800000,4565
2018-12-28T15:15:00+05:30,2793.150000,2810.000000,2780.200000,2797.950000,6333
2018-12-31T09:15:00+05:30,2820.000000,2820.000000,2785.000000,2788.600000,365
2018-12-31T09:30:00+05:30,2788.600000,2794.950000,2775.050000,2775.050000,377
2018-12-31T09:45:00+05:30,2775.050000,2783.000000,2775.050000,2780.200000,306
2018-12-31T10:00:00+05:30,2780.200000,2784.950000,2776.450000,2778.000000,155
2018-12-31T10:15:00+05:30,2778.000000,2787.000000,2777.100000,2781.000000,208
2018-12-31T10:30:00+05:30,2781.000000,2793.850000,2781.000000,2793.850000,269
2018-12-31T10:45:00+05:30,2793.850000,2799.450000,2790.500000,2797.950000,290
2018-12-31T11:00:00+05:30,2797.950000,2797.950000,2782.000000,2782.000000,235
2018-12-31T11:15:00+05:30,2782.000000,2786.450000,2781.000000,2781.000000,38
2018-12-31T11:30:00+05:30,2781.000000,2784.600000,2776.500000,2776.500000,154
2018-12-31T11:45:00+05:30,2776.500000,2779.950000,2775.000000,2779.800000,82
2018-12-31T12:00:00+05:30,2779.800000,2780.000000,2776.050000,2777.000000,101
2018-12-31T12:15:00+05:30,2777.000000,2780.000000,2777.000000,2779.650000,82
2018-12-31T12:30:00+05:30,2779.650000,2779.650000,2778.000000,2779.600000,17
2018-12-31T12:45:00+05:30,2779.600000,2779.600000,2776.100000,2779.550000,120148
2018-12-31T13:00:00+05:30,2779.550000,2779.700000,2777.000000,2777.000000,160
2018-12-31T13:15:00+05:30,2777.000000,2779.900000,2770.000000,2777.050000,1432
2018-12-31T13:30:00+05:30,2777.050000,2780.000000,2766.150000,2768.000000,3166
2018-12-31T13:45:00+05:30,2768.000000,2770.500000,2750.000000,2752.800000,8698
2018-12-31T14:00:00+05:30,2752.800000,2780.000000,2752.500000,2775.100000,5284
2018-12-31T14:15:00+05:30,2775.100000,2777.000000,2772.100000,2774.600000,105
2018-12-31T14:30:00+05:30,2774.600000,2778.150000,2770.150000,2778.150000,275
2018-12-31T14:45:00+05:30,2778.150000,2826.150000,2775.000000,2811.350000,4105
2018-12-31T15:00:00+05:30,2811.350000,2875.000000,2811.350000,2873.350000,10559
2018-12-31T15:15:00+05:30,2873.750000,2875.000000,2852.300000,2858.500000,6603
2019-01-01T09:15:00+05:30,2860.000000,2860.000000,2833.650000,2845.000000,748
2019-01-01T09:30:00+05:30,2845.000000,2855.550000,2845.000000,2847.050000,308
2019-01-01T09:45:00+05:30,2847.050000,2850.450000,2830.100000,2830.100000,430
2019-01-01T10:00:00+05:30,2830.100000,2844.700000,2820.100000,2844.700000,525
2019-01-01T10:15:00+05:30,2844.700000,2853.950000,2844.700000,2853.000000,403
2019-01-01T10:30:00+05:30,2853.700000,2854.850000,2847.650000,2847.800000,240
2019-01-01T10:45:00+05:30,2847.800000,2847.850000,2845.000000,2845.000000,67
2019-01-01T11:00:00+05:30,2845.000000,2846.950000,2835.050000,2835.050000,172
2019-01-01T11:15:00+05:30,2835.050000,2836.250000,2825.100000,2827.150000,197
2019-01-01T11:30:00+05:30,2827.150000,2840.000000,2827.150000,2839.150000,302
2019-01-01T11:45:00+05:30,2839.150000,2852.350000,2839.150000,2847.650000,578
2019-01-01T12:00:00+05:30,2847.650000,2849.000000,2842.800000,2843.600000,44
2019-01-01T12:15:00+05:30,2843.600000,2850.000000,2843.600000,2846.500000,168
2019-01-01T12:30:00+05:30,2846.500000,2849.950000,2845.000000,2845.000000,66
2019-01-01T12:45:00+05:30,2845.000000,2849.950000,2842.250000,2847.500000,825
2019-01-01T13:00:00+05:30,2848.950000,2848.950000,2834.850000,2838.000000,4554
2019-01-01T13:15:00+05:30,2838.000000,2844.950000,2837.150000,2842.100000,117
2019-01-01T13:30:00+05:30,2842.100000,2842.950000,2831.000000,2833.900000,164
2019-01-01T13:45:00+05:30,2833.900000,2838.850000,2830.000000,2838.850000,112
2019-01-01T14:00:00+05:30,2838.850000,2844.750000,2838.650000,2844.750000,144
2019-01-01T14:15:00+05:30,2844.750000,2844.900000,2842.100000,2844.850000,68
2019-01-01T14:30:00+05:30,2844.850000,2844.900000,2844.800000,2844.900000,65
2019-01-01T14:45:00+05:30,2844.900000,2876.950000,2841.550000,2869.650000,2011
2019-01-01T15:00:00+05:30,2869.650000,2893.950000,2863.000000,2873.950000,4423
2019-01-01T15:15:00+05:30,2873.950000,2873.950000,2845.000000,2850.000000,2525
2019-01-02T09:15:00+05:30,2860.000000,2860.000000,2835.000000,2843.550000,1401
2019-01-02T09:30:00+05:30,2843.550000,2844.950000,2828.000000,2835.400000,454
2019-01-02T09:45:00+05:30,2835.400000,2848.000000,2831.500000,2846.950000,577
2019-01-02T10:00:00+05:30,2846.950000,2846.950000,2842.100000,2842.100000,239
2019-01-02T10:15:00+05:30,2842.100000,2860.000000,2842.100000,2852.600000,656
2019-01-02T10:30:00+05:30,2852.600000,2852.600000,2835.700000,2843.600000,354
2019-01-02T10:45:00+05:30,2843.600000,2843.600000,2838.000000,2838.000000,147
2019-01-02T11:00:00+05:30,2838.000000,2842.800000,2836.000000,2839.000000,219
2019-01-02T11:15:00+05:30,2839.000000,2842.100000,2839.000000,2841.400000,209
2019-01-02T11:30:00+05:30,2841.400000,2841.800000,2836.000000,2836.000000,70
2019-01-02T11:45:00+05:30,2836.000000,2849.900000,2835.050000,2837.050000,3185
2019-01-02T12:00:00+05:30,2837.050000,2844.000000,2835.500000,2836.600000,1213
2019-01-02T12:15:00+05:30,2836.600000,2836.650000,2835.100000,2835.100000,139
2019-01-02T12:30:00+05:30,2835.100000,2835.250000,2832.000000,2832.000000,110
2019-01-02T12:45:00+05:30,2832.000000,2832.000000,2821.500000,2826.000000,523
2019-01-02T13:00:00+05:30,2826.000000,2835.350000,2825.050000,2835.350000,205
2019-01-02T13:15:00+05:30,2835.350000,2835.350000,2810.350000,2815.150000,727
2019-01-02T13:30:00+05:30,2815.150000,2818.550000,2811.100000,2818.500000,143
2019-01-02T13:45:00+05:30,2818.500000,2818.500000,2802.600000,2809.000000,466
2019-01-02T14:00:00+05:30,2809.000000,2820.000000,2802.050000,2812.150000,684
2019-01-02T14:15:00+05:30,2812.150000,2819.950000,2812.150000,2816.950000,347
2019-01-02T14:30:00+05:30,2816.950000,2834.000000,2813.000000,2825.950000,1299
2019-01-02T14:45:00+05:30,2826.000000,2834.950000,2816.800000,2834.000000,714
2019-01-02T15:00:00+05:30,2834.000000,2844.000000,2818.000000,2822.900000,1548
2019-01-02T15:15:00+05:30,2821.950000,2823.950000,2801.100000,2801.100000,2692
2019-01-03T09:15:00+05:30,2809.100000,2812.750000,2790.150000,2801.050000,1212
2019-01-03T09:30:00+05:30,2801.050000,2815.050000,2801.050000,2813.250000,895
2019-01-03T09:45:00+05:30,2813.250000,2829.250000,2813.000000,2825.100000,675
2019-01-03T10:00:00+05:30,2825.100000,2835.050000,2825.100000,2830.000000,689
2019-01-03T10:15:00+05:30,2830.000000,2831.750000,2825.250000,2826.900000,143
2019-01-03T10:30:00+05:30,2826.900000,2828.900000,2805.050000,2805.400000,715
2019-01-03T10:45:00+05:30,2805.400000,2805.950000,2805.400000,2805.800000,80
2019-01-03T11:00:00+05:30,2805.800000,2805.850000,2772.050000,2775.150000,1597
2019-01-03T11:15:00+05:30,2775.150000,2783.850000,2758.050000,2770.000000,2707
2019-01-03T11:30:00+05:30,2769.900000,2775.000000,2767.000000,2774.550000,690
2019-01-03T11:45:00+05:30,2774.550000,2800.000000,2773.000000,2777.750000,1452
2019-01-03T12:00:00+05:30,2777.750000,2789.850000,2777.750000,2784.000000,128
2019-01-03T12:15:00+05:30,2784.000000,2789.700000,2775.000000,2781.950000,378
2019-01-03T12:30:00+05:30,2781.950000,2788.000000,2781.950000,2784.400000,94
2019-01-03T12:45:00+05:30,2783.700000,2784.400000,2780.000000,2780.000000,136
2019-01-03T13:00:00+05:30,2780.000000,2790.000000,2780.000000,2788.050000,238
2019-01-03T13:15:00+05:30,2788.050000,2793.000000,2785.000000,2785.050000,262
2019-01-03T13:30:00+05:30,2785.050000,2786.850000,2778.000000,2778.100000,255
2019-01-03T13:45:00+05:30,2778.100000,2778.700000,2768.000000,2777.450000,859
2019-01-03T14:00:00+05:30,2777.450000,2779.750000,2771.950000,2777.800000,247
2019-01-03T14:15:00+05:30,2777.800000,2781.350000,2775.000000,2778.650000,217
2019-01-03T14:30:00+05:30,2778.650000,2785.000000,2773.000000,2784.150000,249
2019-01-03T14:45:00+05:30,2784.950000,2790.000000,2778.050000,2785.100000,442
2019-01-03T15:00:00+05:30,2785.100000,2787.950000,2772.050000,2782.000000,1003
2019-01-03T15:15:00+05:30,2782.000000,2783.000000,2775.000000,2779.000000,1135
2019-01-04T09:15:00+05:30,2795.400000,2807.950000,2787.000000,2788.300000,813
2019-01-04T09:30:00+05:30,2788.300000,2788.450000,2762.000000,2775.000000,811
2019-01-04T09:45:00+05:30,2775.000000,2779.100000,2773.400000,2775.000000,174
2019-01-04T10:00:00+05:30,2775.000000,2780.000000,2775.000000,2776.600000,154
2019-01-04T10:15:00+05:30,2776.600000,2782.950000,2776.600000,2778.100000,80
2019-01-04T10:30:00+05:30,2778.100000,2782.450000,2777.350000,2782.450000,51
2019-01-04T10:45:00+05:30,2782.450000,2782.600000,2777.500000,2782.000000,25
2019-01-04T11:00:00+05:30,2782.000000,2792.950000,2782.000000,2786.000000,226
2019-01-04T11:15:00+05:30,2788.800000,2808.000000,2785.700000,2797.600000,6784
2019-01-04T11:30:00+05:30,2797.600000,2813.000000,2777.800000,2777.800000,9520
2019-01-04T11:45:00+05:30,2777.800000,2779.850000,2763.800000,2763.800000,950
2019-01-04T12:00:00+05:30,2763.800000,2777.450000,2763.100000,2776.500000,1701
2019-01-04T12:15:00+05:30,2776.500000,2776.500000,2763.000000,2769.500000,1779
2019-01-04T12:30:00+05:30,2769.500000,2771.000000,2766.300000,2767.600000,248
2019-01-04T12:45:00+05:30,2770.800000,2770.800000,2765.000000,2766.100000,205
2019-01-04T13:00:00+05:30,2766.100000,2778.950000,2766.100000,2778.950000,259
2019-01-04T13:15:00+05:30,2778.950000,2778.950000,2770.200000,2770.200000,117
2019-01-04T13:30:00+05:30,2770.500000,2773.400000,2766.350000,2766.900000,203
2019-01-04T13:45:00+05:30,2766.900000,2769.500000,2763.000000,2763.000000,374
2019-01-04T14:00:00+05:30,2763.000000,2767.100000,2763.000000,2765.400000,294
2019-01-04T14:15:00+05:30,2765.400000,2765.400000,2754.000000,2762.500000,1064
2019-01-04T14:30:00+05:30,2762.500000,2763.000000,2752.000000,2760.600000,655
2019-01-04T14:45:00+05:30,2760.600000,2766.450000,2755.050000,2763.450000,1108
2019-01-04T15:00:00+05:30,2763.650000,2788.950000,2763.650000,2785.000000,3465
2019-01-04T15:15:00+05:30,2785.000000,2785.000000,2765.100000,2766.100000,2138
2019-01-07T09:15:00+05:30,2788.050000,2798.000000,2781.550000,2792.200000,407
2019-01-07T09:30:00+05:30,2792.200000,2792.200000,2785.050000,2789.150000,35
2019-01-07T09:45:00+05:30,2789.150000,2790.950000,2785.000000,2787.100000,775
2019-01-07T10:00:00+05:30,2787.100000,2792.000000,2785.000000,2785.050000,569
2019-01-07T10:15:00+05:30,2785.050000,2787.050000,2781.050000,2782.000000,213
2019-01-07T10:30:00+05:30,2782.000000,2787.050000,2782.000000,2783.000000,142
2019-01-07T10:45:00+05:30,2783.000000,2786.700000,2781.000000,2781.000000,269
2019-01-07T11:00:00+05:30,2781.000000,2781.000000,2762.650000,2774.000000,1091
2019-01-07T11:15:00+05:30,2774.000000,2774.000000,2765.000000,2765.100000,353
2019-01-07T11:30:00+05:30,2765.100000,2770.500000,2756.400000,2766.000000,1046
2019-01-07T11:45:00+05:30,2766.000000,2771.750000,2766.000000,2771.750000,73
2019-01-07T12:00:00+05:30,2768.400000,2769.900000,2766.050000,2766.050000,30
2019-01-07T12:15:00+05:30,2766.050000,2769.950000,2766.050000,2767.700000,100
2019-01-07T12:30:00+05:30,2768.050000,2769.950000,2763.500000,2765.000000,191
2019-01-07T12:45:00+05:30,2765.000000,2765.000000,2751.000000,2756.000000,1379
2019-01-07T13:00:00+05:30,2756.000000,2767.450000,2752.000000,2752.050000,3769
2019-01-07T13:15:00+05:30,2752.050000,2755.950000,2750.200000,2751.500000,866
2019-01-07T13:30:00+05:30,2751.000000,2751.000000,2735.550000,2742.100000,1700
2019-01-07T13:45:00+05:30,2742.100000,2752.800000,2742.050000,2752.800000,631
2019-01-07T14:00:00+05:30,2752.800000,2768.000000,2748.650000,2763.000000,758
2019-01-07T14:15:00+05:30,2763.000000,2767.950000,2752.650000,2766.950000,792
2019-01-07T14:30:00+05:30,2766.950000,2766.950000,2757.650000,2759.300000,456
2019-01-07T14:45:00+05:30,2759.300000,2769.350000,2758.000000,2763.750000,907
2019-01-07T15:00:00+05:30,2764.000000,2765.000000,2737.350000,2743.050000,3414
2019-01-07T15:15:00+05:30,2743.000000,2748.000000,2730.000000,2731.000000,4224
2019-01-08T09:15:00+05:30,2758.000000,2759.800000,2733.000000,2736.000000,889
2019-01-08T09:30:00+05:30,2736.000000,2740.150000,2734.000000,2739.000000,354
2019-01-08T09:45:00+05:30,2739.000000,2741.650000,2737.050000,2740.000000,356
2019-01-08T10:00:00+05:30,2740.000000,2740.000000,2726.500000,2727.400000,757
2019-01-08T10:15:00+05:30,2727.400000,2744.950000,2726.050000,2737.800000,431
2019-01-08T10:30:00+05:30,2737.800000,2737.800000,2730.500000,2732.500000,476
2019-01-08T10:45:00+05:30,2732.500000,2732.500000,2717.050000,2723.450000,912
2019-01-08T11:00:00+05:30,2723.450000,2733.950000,2722.650000,2725.000000,321
2019-01-08T11:15:00+05:30,2725.000000,2726.000000,2722.100000,2722.250000,485
2019-01-08T11:30:00+05:30,2722.250000,2723.800000,2718.000000,2718.950000,548
2019-01-08T11:45:00+05:30,2718.950000,2723.500000,2718.000000,2723.000000,221
2019-01-08T12:00:00+05:30,2723.000000,2723.000000,2720.000000,2720.000000,277
2019-01-08T12:15:00+05:30,2720.000000,2722.050000,2719.150000,2722.050000,349
2019-01-08T12:30:00+05:30,2722.050000,2723.450000,2720.000000,2722.000000,316
2019-01-08T12:45:00+05:30,2722.000000,2730.000000,2721.950000,2727.150000,693
2019-01-08T13:00:00+05:30,2727.150000,2737.500000,2726.550000,2734.000000,360
2019-01-08T13:15:00+05:30,2734.000000,2737.100000,2733.000000,2737.100000,313
2019-01-08T13:30:00+05:30,2737.100000,2745.000000,2734.000000,2744.000000,1009
2019-01-08T13:45:00+05:30,2744.000000,2744.000000,2726.900000,2730.000000,631
2019-01-08T14:00:00+05:30,2730.000000,2740.000000,2729.300000,2740.000000,334
2019-01-08T14:15:00+05:30,2740.000000,2747.500000,2734.500000,2746.000000,680
2019-01-08T14:30:00+05:30,2746.000000,2757.400000,2738.050000,2738.500000,952
2019-01-08T14:45:00+05:30,2738.500000,2747.000000,2735.600000,2742.500000,767
2019-01-08T15:00:00+05:30,2742.500000,2750.350000,2740.250000,2745.850000,1523
2019-01-08T15:15:00+05:30,2745.850000,2755.000000,2736.000000,2742.000000,2214
2019-01-09T09:15:00+05:30,2740.050000,2750.000000,2722.000000,2739.500000,2905
2019-01-09T09:30:00+05:30,2739.500000,2745.000000,2735.000000,2741.250000,602
2019-01-09T09:45:00+05:30,2741.250000,2744.850000,2730.500000,2734.750000,560
2019-01-09T10:00:00+05:30,2734.750000,2738.450000,2730.000000,2735.450000,238
2019-01-09T10:15:00+05:30,2735.450000,2739.950000,2730.000000,2735.950000,402
2019-01-09T10:30:00+05:30,2735.950000,2738.950000,2735.000000,2738.500000,684
2019-01-09T10:45:00+05:30,2738.500000,2738.500000,2735.000000,2737.000000,107
2019-01-09T11:00:00+05:30,2735.050000,2737.900000,2735.000000,2736.750000,605
2019-01-09T11:15:00+05:30,2736.750000,2737.350000,2730.000000,2732.900000,266
2019-01-09T11:30:00+05:30,2732.900000,2738.000000,2725.500000,2738.000000,599
2019-01-09T11:45:00+05:30,2738.000000,2745.200000,2732.050000,2738.250000,1072
2019-01-09T12:00:00+05:30,2738.250000,2738.250000,2732.500000,2737.150000,192
2019-01-09T12:15:00+05:30,2737.150000,2737.150000,2730.000000,2736.800000,354
2019-01-09T12:30:00+05:30,2736.800000,2736.950000,2730.250000,2735.000000,342
2019-01-09T12:45:00+05:30,2735.000000,2740.500000,2730.600000,2736.750000,10250
2019-01-09T13:00:00+05:30,2736.750000,2738.300000,2736.250000,2738.300000,374
2019-01-09T13:15:00+05:30,2738.300000,2738.300000,2736.600000,2738.000000,382
2019-01-09T13:30:00+05:30,2738.000000,2738.000000,2736.000000,2736.000000,239
2019-01-09T13:45:00+05:30,2736.000000,2736.000000,2730.000000,2731.100000,621
2019-01-09T14:00:00+05:30,2731.100000,2734.000000,2722.550000,2725.000000,1517
2019-01-09T14:15:00+05:30,2725.000000,2731.600000,2720.100000,2728.000000,1337
2019-01-09T14:30:00+05:30,2728.000000,2738.300000,2725.450000,2738.300000,719
2019-01-09T14:45:00+05:30,2738.300000,2738.950000,2730.000000,2732.350000,714
2019-01-09T15:00:00+05:30,2732.350000,2738.950000,2732.350000,2737.800000,688
2019-01-09T15:15:00+05:30,2737.800000,2739.550000,2734.300000,2735.200000,2196
2019-01-10T09:15:00+05:30,2725.000000,2743.000000,2717.300000,2743.000000,981
2019-01-10T09:30:00+05:30,2742.000000,2770.000000,2742.000000,2754.100000,1939
2019-01-10T09:45:00+05:30,2754.100000,2754.100000,2746.550000,2750.100000,800
2019-01-10T10:00:00+05:30,2750.250000,2753.300000,2748.100000,2749.900000,466
2019-01-10T10:15:00+05:30,2752.750000,2752.850000,2745.050000,2752.650000,532
2019-01-10T10:30:00+05:30,2752.650000,2752.650000,2749.900000,2750.650000,142
2019-01-10T10:45:00+05:30,2750.700000,2753.000000,2742.650000,2750.000000,2042
2019-01-10T11:00:00+05:30,2750.000000,2752.900000,2747.650000,2752.500000,145
2019-01-10T11:15:00+05:30,2752.500000,2752.500000,2746.000000,2746.000000,297
2019-01-10T11:30:00+05:30,2746.000000,2749.850000,2746.000000,2746.500000,155
2019-01-10T11:45:00+05:30,2746.500000,2748.950000,2743.400000,2743.500000,61
2019-01-10T12:00:00+05:30,2743.500000,2744.000000,2731.500000,2732.900000,465
2019-01-10T12:15:00+05:30,2732.900000,2740.050000,2730.000000,2740.050000,444
2019-01-10T12:30:00+05:30,2740.050000,2750.050000,2740.000000,2743.000000,1155
2019-01-10T12:45:00+05:30,2743.000000,2748.400000,2740.050000,2740.050000,138
2019-01-10T13:00:00+05:30,2740.050000,2744.550000,2740.000000,2744.550000,125
2019-01-10T13:15:00+05:30,2744.550000,2744.550000,2740.050000,2741.950000,58
2019-01-10T13:30:00+05:30,2741.950000,2743.600000,2733.100000,2739.200000,262
2019-01-10T13:45:00+05:30,2739.200000,2740.950000,2732.200000,2734.850000,1910
2019-01-10T14:00:00+05:30,2734.850000,2745.350000,2734.850000,2745.300000,299
2019-01-10T14:15:00+05:30,2744.850000,2747.800000,2733.000000,2733.100000,543
2019-01-10T14:30:00+05:30,2733.100000,2742.700000,2733.100000,2739.700000,443
2019-01-10T14:45:00+05:30,2739.700000,2752.150000,2739.000000,2749.550000,985
2019-01-10T15:00:00+05:30,2749.550000,2751.550000,2742.800000,2749.900000,1939
2019-01-10T15:15:00+05:30,2749.900000,2750.450000,2737.450000,2743.000000,2476
2019-01-11T09:15:00+05:30,2748.950000,2760.050000,2733.000000,2739.750000,1546
2019-01-11T09:30:00+05:30,2739.750000,2743.600000,2738.100000,2740.000000,287
2019-01-11T09:45:00+05:30,2740.000000,2745.000000,2738.700000,2744.150000,95
2019-01-11T10:00:00+05:30,2744.150000,2745.000000,2738.100000,2745.000000,218
2019-01-11T10:15:00+05:30,2745.000000,2745.000000,2740.050000,2740.150000,77
2019-01-11T10:30:00+05:30,2740.150000,2740.150000,2729.500000,2732.000000,4311
2019-01-11T10:45:00+05:30,2732.000000,2745.350000,2732.000000,2745.350000,232
2019-01-11T11:00:00+05:30,2742.850000,2745.200000,2739.000000,2744.500000,39735
2019-01-11T11:15:00+05:30,2744.500000,2745.000000,2734.000000,2742.200000,4997
2019-01-11T11:30:00+05:30,2741.800000,2742.950000,2731.000000,2739.800000,8764
2019-01-11T11:45:00+05:30,2739.800000,2742.350000,2734.150000,2737.000000,964
2019-01-11T12:00:00+05:30,2737.000000,2739.850000,2736.000000,2736.000000,24
2019-01-11T12:15:00+05:30,2736.000000,2741.000000,2736.000000,2740.000000,59
2019-01-11T12:30:00+05:30,2740.000000,2742.000000,2738.300000,2738.300000,144
2019-01-11T12:45:00+05:30,2738.300000,2741.900000,2736.750000,2740.150000,266
2019-01-11T13:00:00+05:30,2740.150000,2742.450000,2737.000000,2737.650000,352
2019-01-11T13:15:00+05:30,2737.650000,2742.700000,2737.550000,2737.600000,244
2019-01-11T13:30:00+05:30,2737.600000,2741.650000,2737.600000,2737.600000,114
2019-01-11T13:45:00+05:30,2737.600000,2742.700000,2735.550000,2736.450000,587
2019-01-11T14:00:00+05:30,2736.450000,2740.300000,2735.150000,2737.900000,351
2019-01-11T14:15:00+05:30,2739.700000,2757.000000,2737.900000,2751.250000,924
2019-01-11T14:30:00+05:30,2758.000000,2770.000000,2751.250000,2764.050000,2035
2019-01-11T14:45:00+05:30,2764.050000,2768.950000,2756.900000,2757.450000,748
2019-01-11T15:00:00+05:30,2757.450000,2763.750000,2751.450000,2762.700000,1236
2019-01-11T15:15:00+05:30,2763.000000,2767.450000,2745.000000,2745.000000,2508
2019-01-14T09:15:00+05:30,2756.000000,2756.000000,2733.150000,2737.450000,530
2019-01-14T09:30:00+05:30,2737.450000,2745.500000,2735.100000,2738.000000,666
2019-01-14T09:45:00+05:30,2738.000000,2743.000000,2735.100000,2735.150000,262
2019-01-14T10:00:00+05:30,2735.150000,2735.150000,2726.850000,2727.200000,388
2019-01-14T10:15:00+05:30,2727.200000,2729.900000,2718.000000,2722.050000,548
2019-01-14T10:30:00+05:30,2723.900000,2730.000000,2722.000000,2728.000000,2025
2019-01-14T10:45:00+05:30,2729.800000,2732.000000,2728.000000,2731.050000,274
2019-01-14T11:00:00+05:30,2731.050000,2734.250000,2723.050000,2723.100000,375
2019-01-14T11:15:00+05:30,2723.100000,2728.550000,2716.500000,2717.500000,1355
2019-01-14T11:30:00+05:30,2717.500000,2717.800000,2687.050000,2693.750000,1856
2019-01-14T11:45:00+05:30,2693.750000,2698.950000,2692.600000,2697.000000,867
2019-01-14T12:00:00+05:30,2695.050000,2699.000000,2694.000000,2697.300000,425
2019-01-14T12:15:00+05:30,2697.300000,2700.950000,2695.000000,2700.000000,660
2019-01-14T12:30:00+05:30,2700.000000,2702.400000,2695.150000,2699.850000,250
2019-01-14T12:45:00+05:30,2699.850000,2699.850000,2694.000000,2694.000000,301
2019-01-14T13:00:00+05:30,2694.000000,2697.900000,2694.000000,2696.250000,548
2019-01-14T13:15:00+05:30,2696.250000,2699.750000,2694.000000,2699.750000,178
2019-01-14T13:30:00+05:30,2699.750000,2702.650000,2697.700000,2701.850000,196
2019-01-14T13:45:00+05:30,2701.850000,2701.850000,2695.050000,2699.900000,205
2019-01-14T14:00:00+05:30,2699.900000,2700.000000,2695.250000,2695.450000,123
2019-01-14T14:15:00+05:30,2695.450000,2698.600000,2694.100000,2695.500000,185
2019-01-14T14:30:00+05:30,2695.500000,2700.000000,2695.050000,2698.950000,222
2019-01-14T14:45:00+05:30,2698.950000,2707.600000,2697.100000,2704.550000,586
2019-01-14T15:00:00+05:30,2704.550000,2708.000000,2695.950000,2697.050000,799
2019-01-14T15:15:00+05:30,2697.050000,2702.950000,2680.000000,2682.050000,3632
2019-01-15T09:15:00+05:30,2680.400000,2699.950000,2680.400000,2695.000000,686
2019-01-15T09:30:00+05:30,2695.000000,2706.700000,2691.300000,2704.000000,380
2019-01-15T09:45:00+05:30,2704.000000,2705.950000,2701.500000,2701.750000,270
2019-01-15T10:00:00+05:30,2701.750000,2703.950000,2688.450000,2690.150000,238
2019-01-15T10:15:00+05:30,2690.150000,2695.600000,2690.150000,2690.700000,52
2019-01-15T10:30:00+05:30,2690.700000,2690.700000,2687.500000,2689.750000,39
2019-01-15T10:45:00+05:30,2689.750000,2698.000000,2689.750000,2691.050000,141
2019-01-15T11:00:00+05:30,2691.050000,2700.000000,2691.050000,2700.000000,181
2019-01-15T11:15:00+05:30,2701.950000,2705.000000,2692.250000,2692.250000,150
2019-01-15T11:30:00+05:30,2692.250000,2695.350000,2692.050000,2693.900000,80
2019-01-15T11:45:00+05:30,2693.900000,2693.900000,2691.350000,2691.400000,20
2019-01-15T12:00:00+05:30,2691.400000,2695.000000,2691.350000,2691.350000,90
2019-01-15T12:15:00+05:30,2691.350000,2694.900000,2688.100000,2693.400000,504
2019-01-15T12:30:00+05:30,2693.400000,2695.350000,2690.000000,2693.150000,232
2019-01-15T12:45:00+05:30,2693.150000,2694.950000,2691.100000,2692.850000,19
2019-01-15T13:00:00+05:30,2692.850000,2692.850000,2685.050000,2689.350000,180
2019-01-15T13:15:00+05:30,2689.350000,2690.000000,2683.250000,2686.000000,69
2019-01-15T13:30:00+05:30,2686.000000,2690.000000,2685.100000,2685.100000,83
2019-01-15T13:45:00+05:30,2685.100000,2693.950000,2685.100000,2693.950000,112
2019-01-15T14:00:00+05:30,2693.950000,2694.900000,2690.850000,2694.900000,171
2019-01-15T14:15:00+05:30,2694.900000,2702.000000,2691.250000,2702.000000,287
2019-01-15T14:30:00+05:30,2702.000000,2722.450000,2700.000000,2705.000000,1431
2019-01-15T14:45:00+05:30,2705.000000,2709.900000,2700.000000,2709.900000,604
2019-01-15T15:00:00+05:30,2708.000000,2709.650000,2690.000000,2700.000000,1501
2019-01-15T15:15:00+05:30,2700.000000,2709.900000,2691.000000,2701.000000,1738
2019-01-16T09:15:00+05:30,2700.400000,2706.650000,2700.200000,2704.000000,54
2019-01-16T09:30:00+05:30,2704.000000,2713.700000,2702.200000,2706.000000,362
2019-01-16T09:45:00+05:30,2706.000000,2709.500000,2701.450000,2701.550000,90
2019-01-16T10:00:00+05:30,2701.550000,2705.950000,2701.500000,2702.000000,57
2019-01-16T10:15:00+05:30,2702.000000,2707.000000,2702.000000,2707.000000,73
2019-01-16T10:30:00+05:30,2707.000000,2707.000000,2701.500000,2701.500000,57
2019-01-16T10:45:00+05:30,2701.500000,2705.350000,2701.500000,2701.500000,62
2019-01-16T11:00:00+05:30,2701.500000,2704.950000,2690.000000,2690.050000,497
2019-01-16T11:15:00+05:30,2690.050000,2702.400000,2690.050000,2702.400000,2009
2019-01-16T11:30:00+05:30,2702.400000,2705.950000,2697.200000,2699.900000,355
2019-01-16T11:45:00+05:30,2699.900000,2702.100000,2698.050000,2700.000000,151
2019-01-16T12:00:00+05:30,2700.000000,2700.000000,2698.200000,2699.950000,223
2019-01-16T12:15:00+05:30,2699.950000,2705.950000,2699.950000,2704.750000,180
2019-01-16T12:30:00+05:30,2705.550000,2709.400000,2705.550000,2709.050000,164
2019-01-16T12:45:00+05:30,2709.050000,2713.500000,2707.050000,2713.500000,360
2019-01-16T13:00:00+05:30,2715.000000,2715.000000,2702.700000,2703.000000,1159
2019-01-16T13:15:00+05:30,2703.000000,2705.950000,2702.900000,2705.950000,147
2019-01-16T13:30:00+05:30,2705.950000,2705.950000,2701.050000,2703.000000,204
2019-01-16T13:45:00+05:30,2703.400000,2707.750000,2695.050000,2701.450000,2194
2019-01-16T14:00:00+05:30,2701.450000,2705.950000,2701.450000,2704.950000,116
2019-01-16T14:15:00+05:30,2704.950000,2705.500000,2701.850000,2701.850000,161
2019-01-16T14:30:00+05:30,2701.850000,2715.000000,2701.850000,2714.400000,702
2019-01-16T14:45:00+05:30,2714.400000,2738.950000,2707.150000,2720.000000,1910
2019-01-16T15:00:00+05:30,2720.000000,2730.000000,2720.000000,2720.000000,4779
2019-01-16T15:15:00+05:30,2720.000000,2726.950000,2699.000000,2699.050000,2837
2019-01-17T09:15:00+05:30,2725.000000,2725.050000,2715.000000,2720.000000,592
2019-01-17T09:30:00+05:30,2720.000000,2720.000000,2710.000000,2710.000000,207
2019-01-17T09:45:00+05:30,2710.000000,2721.550000,2703.100000,2713.000000,7058
2019-01-17T10:00:00+05:30,2713.000000,2714.950000,2696.050000,2697.600000,1175
2019-01-17T10:15:00+05:30,2697.600000,2706.550000,2693.150000,2693.150000,342
2019-01-17T10:30:00+05:30,2693.150000,2697.400000,2693.150000,2695.000000,30
2019-01-17T10:45:00+05:30,2695.000000,2695.000000,2693.000000,2694.900000,79
2019-01-17T11:00:00+05:30,2694.900000,2700.000000,2691.100000,2694.150000,370
2019-01-17T11:15:00+05:30,2691.100000,2691.150000,2674.100000,2683.000000,1007
2019-01-17T11:30:00+05:30,2683.000000,2684.700000,2681.850000,2683.850000,394
2019-01-17T11:45:00+05:30,2683.850000,2683.850000,2676.550000,2679.100000,214
2019-01-17T12:00:00+05:30,2679.100000,2679.850000,2676.000000,2679.850000,222
2019-01-17T12:15:00+05:30,2679.850000,2684.850000,2675.000000,2675.000000,338
2019-01-17T12:30:00+05:30,2681.700000,2682.750000,2671.050000,2678.500000,887
2019-01-17T12:45:00+05:30,2678.500000,2682.450000,2675.150000,2679.050000,168
2019-01-17T13:00:00+05:30,2679.050000,2681.850000,2673.900000,2675.000000,294
2019-01-17T13:15:00+05:30,2675.000000,2677.700000,2670.450000,2673.000000,625
2019-01-17T13:30:00+05:30,2673.000000,2674.900000,2665.550000,2666.000000,1606
2019-01-17T13:45:00+05:30,2665.500000,2665.500000,2626.050000,2645.900000,4425
2019-01-17T14:00:00+05:30,2645.900000,2665.000000,2636.250000,2658.450000,960
2019-01-17T14:15:00+05:30,2658.450000,2685.000000,2658.000000,2675.200000,2805
2019-01-17T14:30:00+05:30,2675.200000,2685.000000,2675.100000,2678.200000,728
2019-01-17T14:45:00+05:30,2678.200000,2679.000000,2672.900000,2672.900000,207
2019-01-17T15:00:00+05:30,2672.900000,2676.000000,2662.700000,2675.200000,579
2019-01-17T15:15:00+05:30,2676.000000,2698.850000,2672.150000,2676.500000,3871
2019-01-18T09:15:00+05:30,2685.850000,2700.400000,2668.000000,2679.900000,531
2019-01-18T09:30:00+05:30,2679.900000,2691.850000,2675.100000,2690.000000,255
2019-01-18T09:45:00+05:30,2690.000000,2694.900000,2682.050000,2686.100000,4005
2019-01-18T10:00:00+05:30,2686.100000,2686.100000,2665.000000,2675.000000,826
2019-01-18T10:15:00+05:30,2675.000000,2675.000000,2655.000000,2664.150000,597
2019-01-18T10:30:00+05:30,2664.150000,2668.350000,2660.050000,2662.700000,28
2019-01-18T10:45:00+05:30,2662.700000,2670.700000,2661.100000,2669.900000,46
2019-01-18T11:00:00+05:30,2669.900000,2671.900000,2665.150000,2669.000000,21
2019-01-18T11:15:00+05:30,2669.000000,2669.000000,2661.050000,2667.550000,31
2019-01-18T11:30:00+05:30,2667.550000,2669.950000,2655.100000,2655.100000,881
2019-01-18T11:45:00+05:30,2656.000000,2664.250000,2652.250000,2657.000000,427
2019-01-18T12:00:00+05:30,2657.000000,2660.250000,2655.000000,2659.750000,75
2019-01-18T12:15:00+05:30,2659.750000,2663.000000,2656.250000,2663.000000,89
2019-01-18T12:30:00+05:30,2663.000000,2669.800000,2661.550000,2669.000000,71
2019-01-18T12:45:00+05:30,2669.000000,2669.800000,2668.000000,2668.000000,33
2019-01-18T13:00:00+05:30,2668.000000,2669.000000,2665.500000,2668.800000,41
2019-01-18T13:15:00+05:30,2668.800000,2669.950000,2665.050000,2669.950000,71
2019-01-18T13:30:00+05:30,2669.950000,2669.950000,2665.050000,2669.950000,41
2019-01-18T13:45:00+05:30,2669.950000,2669.950000,2660.100000,2669.900000,104
2019-01-18T14:00:00+05:30,2669.950000,2671.400000,2664.000000,2669.150000,262
2019-01-18T14:15:00+05:30,2669.150000,2669.950000,2663.500000,2669.950000,261
2019-01-18T14:30:00+05:30,2669.750000,2672.100000,2662.400000,2671.900000,284
2019-01-18T14:45:00+05:30,2672.400000,2686.100000,2670.000000,2680.000000,548
2019-01-18T15:00:00+05:30,2680.000000,2682.000000,2650.000000,2651.000000,808
2019-01-18T15:15:00+05:30,2651.000000,2675.000000,2650.050000,2666.000000,1217
2019-01-21T09:15:00+05:30,2667.000000,2693.900000,2667.000000,2691.100000,283
2019-01-21T09:30:00+05:30,2689.000000,2691.100000,2668.000000,2668.000000,292
2019-01-21T09:45:00+05:30,2668.000000,2675.000000,2665.000000,2667.000000,214
2019-01-21T10:00:00+05:30,2667.000000,2669.950000,2662.500000,2668.450000,652
2019-01-21T10:15:00+05:30,2668.450000,2680.400000,2668.000000,2676.600000,1573
2019-01-21T10:30:00+05:30,2676.600000,2676.950000,2675.000000,2675.000000,18
2019-01-21T10:45:00+05:30,2675.000000,2677.950000,2670.250000,2670.350000,95
2019-01-21T11:00:00+05:30,2670.350000,2676.500000,2670.350000,2674.550000,31
2019-01-21T11:15:00+05:30,2674.550000,2674.550000,2649.950000,2650.050000,974
2019-01-21T11:30:00+05:30,2650.050000,2659.750000,2650.050000,2659.750000,72
2019-01-21T11:45:00+05:30,2659.750000,2664.000000,2656.800000,2663.900000,1835
2019-01-21T12:00:00+05:30,2663.900000,2663.900000,2661.850000,2662.850000,182
2019-01-21T12:15:00+05:30,2662.850000,2662.850000,2662.000000,2662.800000,126
2019-01-21T12:30:00+05:30,2662.800000,2668.950000,2662.800000,2667.000000,102
2019-01-21T12:45:00+05:30,2667.000000,2677.500000,2667.000000,2675.950000,174
2019-01-21T13:00:00+05:30,2675.950000,2675.950000,2672.250000,2673.300000,125
2019-01-21T13:15:00+05:30,2673.300000,2674.850000,2654.350000,2663.450000,348
2019-01-21T13:30:00+05:30,2663.450000,2665.000000,2659.000000,2663.850000,139
2019-01-21T13:45:00+05:30,2663.850000,2679.850000,2663.700000,2679.850000,216
2019-01-21T14:00:00+05:30,2679.850000,2685.000000,2672.050000,2677.950000,218
2019-01-21T14:15:00+05:30,2677.900000,2677.900000,2665.000000,2672.150000,250
2019-01-21T14:30:00+05:30,2672.150000,2679.750000,2671.800000,2678.450000,363
2019-01-21T14:45:00+05:30,2678.450000,2688.300000,2667.700000,2677.000000,997
2019-01-21T15:00:00+05:30,2679.850000,2679.850000,2662.500000,2667.500000,821
2019-01-21T15:15:00+05:30,2667.500000,2680.000000,2661.400000,2671.200000,1660
2019-01-22T09:15:00+05:30,2677.350000,2678.000000,2665.050000,2667.900000,376
2019-01-22T09:30:00+05:30,2667.900000,2671.950000,2661.650000,2665.350000,651
2019-01-22T09:45:00+05:30,2665.350000,2669.700000,2661.650000,2664.150000,410
2019-01-22T10:00:00+05:30,2664.150000,2670.200000,2662.000000,2670.100000,286
2019-01-22T10:15:00+05:30,2670.100000,2670.400000,2662.450000,2662.450000,279
2019-01-22T10:30:00+05:30,2662.450000,2667.550000,2660.000000,2660.000000,135
2019-01-22T10:45:00+05:30,2660.000000,2664.950000,2660.000000,2661.800000,116
2019-01-22T11:00:00+05:30,2661.800000,2662.850000,2658.300000,2658.300000,224
2019-01-22T11:15:00+05:30,2658.300000,2662.750000,2656.450000,2662.750000,1069
2019-01-22T11:30:00+05:30,2662.750000,2667.950000,2660.350000,2663.000000,650
2019-01-22T11:45:00+05:30,2663.000000,2672.400000,2663.000000,2670.000000,213
2019-01-22T12:00:00+05:30,2670.000000,2671.950000,2660.450000,2663.000000,313
2019-01-22T12:15:00+05:30,2663.000000,2667.550000,2660.050000,2667.500000,360
2019-01-22T12:30:00+05:30,2667.500000,2670.000000,2657.300000,2662.300000,285
2019-01-22T12:45:00+05:30,2662.350000,2671.950000,2659.000000,2671.900000,120
2019-01-22T13:00:00+05:30,2671.900000,2671.900000,2666.250000,2670.950000,113
2019-01-22T13:15:00+05:30,2670.950000,2670.950000,2666.250000,2670.450000,344
2019-01-22T13:30:00+05:30,2670.450000,2673.750000,2665.100000,2671.000000,9895
2019-01-22T13:45:00+05:30,2671.000000,2677.350000,2669.950000,2677.350000,10011
2019-01-22T14:00:00+05:30,2677.350000,2686.400000,2675.000000,2684.750000,851
2019-01-22T14:15:00+05:30,2684.750000,2690.950000,2680.650000,2683.000000,1110
2019-01-22T14:30:00+05:30,2683.000000,2697.000000,2683.000000,2691.450000,590
2019-01-22T14:45:00+05:30,2691.450000,2696.350000,2680.000000,2696.350000,558
2019-01-22T15:00:00+05:30,2696.300000,2715.000000,2694.600000,2706.700000,1827
2019-01-22T15:15:00+05:30,2706.700000,2720.000000,2680.000000,2706.000000,1353
2019-01-23T09:15:00+05:30,2710.000000,2718.000000,2698.000000,2698.000000,778
2019-01-23T09:30:00+05:30,2696.100000,2709.900000,2695.000000,2698.550000,747
2019-01-23T09:45:00+05:30,2698.550000,2703.000000,2695.000000,2702.650000,779
2019-01-23T10:00:00+05:30,2702.650000,2706.800000,2698.150000,2699.950000,763
2019-01-23T10:15:00+05:30,2699.950000,2699.950000,2682.000000,2686.250000,499
2019-01-23T10:30:00+05:30,2686.250000,2690.300000,2675.000000,2680.000000,261
2019-01-23T10:45:00+05:30,2680.000000,2691.200000,2679.000000,2687.200000,274
2019-01-23T11:00:00+05:30,2687.200000,2689.500000,2682.100000,2687.500000,210
2019-01-23T11:15:00+05:30,2687.500000,2688.850000,2680.000000,2685.750000,244
2019-01-23T11:30:00+05:30,2685.750000,2689.050000,2680.850000,2685.000000,455
2019-01-23T11:45:00+05:30,2685.000000,2689.600000,2680.250000,2685.000000,400
2019-01-23T12:00:00+05:30,2685.000000,2688.000000,2682.050000,2687.900000,212
2019-01-23T12:15:00+05:30,2687.000000,2687.000000,2680.050000,2684.400000,323
2019-01-23T12:30:00+05:30,2684.400000,2685.950000,2681.050000,2685.350000,216
2019-01-23T12:45:00+05:30,2683.000000,2687.950000,2681.100000,2687.950000,320
2019-01-23T13:00:00+05:30,2687.950000,2689.350000,2682.000000,2688.600000,316
2019-01-23T13:15:00+05:30,2688.600000,2688.600000,2681.000000,2683.600000,263
2019-01-23T13:30:00+05:30,2680.250000,2689.700000,2679.000000,2682.950000,408
2019-01-23T13:45:00+05:30,2682.950000,2692.750000,2679.000000,2692.100000,358
2019-01-23T14:00:00+05:30,2692.100000,2694.000000,2682.050000,2684.950000,241
2019-01-23T14:15:00+05:30,2684.950000,2686.550000,2681.800000,2683.400000,256
2019-01-23T14:30:00+05:30,2683.400000,2683.400000,2674.000000,2679.150000,764
2019-01-23T14:45:00+05:30,2679.150000,2683.950000,2671.400000,2678.350000,390
2019-01-23T15:00:00+05:30,2678.350000,2678.350000,2661.050000,2665.000000,1420
2019-01-23T15:15:00+05:30,2665.000000,2672.750000,2651.100000,2654.000000,4715
2019-01-24T09:15:00+05:30,2665.150000,2678.950000,2662.100000,2677.700000,736
2019-01-24T09:30:00+05:30,2677.700000,2695.000000,2677.100000,2694.250000,856
2019-01-24T09:45:00+05:30,2694.250000,2694.950000,2686.100000,2688.000000,608
2019-01-24T10:00:00+05:30,2688.000000,2689.000000,2673.150000,2684.100000,1139
2019-01-24T10:15:00+05:30,2684.100000,2684.100000,2680.200000,2680.200000,335
2019-01-24T10:30:00+05:30,2680.200000,2685.700000,2671.100000,2680.900000,483
2019-01-24T10:45:00+05:30,2680.900000,2689.000000,2680.900000,2683.200000,303
2019-01-24T11:00:00+05:30,2683.200000,2683.200000,2680.000000,2683.200000,212
2019-01-24T11:15:00+05:30,2683.200000,2683.200000,2682.000000,2682.000000,65
2019-01-24T11:30:00+05:30,2682.000000,2682.000000,2674.950000,2674.950000,472
2019-01-24T11:45:00+05:30,2675.000000,2677.050000,2675.000000,2677.050000,178
2019-01-24T12:00:00+05:30,2677.050000,2681.900000,2675.000000,2681.000000,211
2019-01-24T12:15:00+05:30,2681.000000,2683.000000,2681.000000,2682.850000,184
2019-01-24T12:30:00+05:30,2682.850000,2683.000000,2682.800000,2682.850000,108
2019-01-24T12:45:00+05:30,2682.850000,2683.000000,2665.000000,2681.600000,565
2019-01-24T13:00:00+05:30,2681.600000,2681.950000,2669.950000,2675.250000,344
2019-01-24T13:15:00+05:30,2675.250000,2683.000000,2667.150000,2673.700000,474
2019-01-24T13:30:00+05:30,2673.700000,2679.950000,2673.650000,2679.150000,213
2019-01-24T13:45:00+05:30,2679.150000,2679.150000,2672.300000,2677.400000,212
2019-01-24T14:00:00+05:30,2677.400000,2677.400000,2674.800000,2674.800000,200
2019-01-24T14:15:00+05:30,2674.800000,2674.800000,2665.000000,2667.650000,100
2019-01-24T14:30:00+05:30,2667.650000,2682.950000,2667.650000,2682.950000,342
2019-01-24T14:45:00+05:30,2682.950000,2683.000000,2673.200000,2678.600000,701
2019-01-24T15:00:00+05:30,2678.600000,2683.000000,2678.600000,2682.950000,657
2019-01-24T15:15:00+05:30,2682.950000,2683.000000,2677.150000,2682.000000,2853
2019-01-25T09:15:00+05:30,2810.000000,2848.250000,2785.000000,2824.050000,31672
2019-01-25T09:30:00+05:30,2824.050000,2833.800000,2789.850000,2799.000000,19694
2019-01-25T09:45:00+05:30,2799.000000,2800.000000,2785.000000,2797.150000,5398
2019-01-25T10:00:00+05:30,2797.150000,2798.950000,2787.750000,2795.000000,2365
2019-01-25T10:15:00+05:30,2795.000000,2795.000000,2780.150000,2789.750000,2096
2019-01-25T10:30:00+05:30,2789.750000,2797.300000,2784.000000,2791.100000,2983
2019-01-25T10:45:00+05:30,2791.100000,2799.900000,2782.150000,2791.700000,1593
2019-01-25T11:00:00+05:30,2791.700000,2794.900000,2772.250000,2775.100000,2107
2019-01-25T11:15:00+05:30,2778.750000,2778.750000,2752.300000,2766.000000,5186
2019-01-25T11:30:00+05:30,2766.000000,2775.950000,2766.000000,2770.950000,734
2019-01-25T11:45:00+05:30,2770.950000,2775.000000,2766.700000,2771.400000,826
2019-01-25T12:00:00+05:30,2771.400000,2775.000000,2770.000000,2773.000000,593
2019-01-25T12:15:00+05:30,2773.000000,2792.050000,2771.000000,2792.050000,1980
2019-01-25T12:30:00+05:30,2790.000000,2793.650000,2781.750000,2786.550000,1858
2019-01-25T12:45:00+05:30,2782.850000,2784.900000,2781.000000,2782.950000,635
2019-01-25T13:00:00+05:30,2782.950000,2783.700000,2770.000000,2771.200000,866
2019-01-25T13:15:00+05:30,2771.200000,2774.750000,2770.100000,2770.100000,587
2019-01-25T13:30:00+05:30,2770.100000,2780.000000,2770.000000,2772.000000,1046
2019-01-25T13:45:00+05:30,2773.950000,2777.800000,2771.500000,2775.000000,624
2019-01-25T14:00:00+05:30,2775.000000,2797.000000,2770.000000,2775.000000,4953
2019-01-25T14:15:00+05:30,2775.000000,2777.100000,2762.500000,2766.200000,1576
2019-01-25T14:30:00+05:30,2766.200000,2774.950000,2755.000000,2765.100000,2108
2019-01-25T14:45:00+05:30,2765.100000,2770.000000,2755.200000,2759.800000,1981
2019-01-25T15:00:00+05:30,2759.800000,2773.000000,2750.050000,2755.000000,4085
2019-01-25T15:15:00+05:30,2759.950000,2790.050000,2751.850000,2777.350000,4701
2019-01-28T09:15:00+05:30,2798.000000,2815.000000,2770.300000,2791.050000,2386
2019-01-28T09:30:00+05:30,2791.050000,2791.300000,2761.000000,2773.700000,1732
2019-01-28T09:45:00+05:30,2773.700000,2790.000000,2770.200000,2783.650000,1145
2019-01-28T10:00:00+05:30,2783.650000,2788.900000,2780.000000,2784.100000,472
2019-01-28T10:15:00+05:30,2786.450000,2800.000000,2780.000000,2797.850000,977
2019-01-28T10:30:00+05:30,2797.850000,2799.000000,2783.750000,2794.950000,467
2019-01-28T10:45:00+05:30,2794.950000,2799.000000,2788.400000,2793.050000,378
2019-01-28T11:00:00+05:30,2794.000000,2795.000000,2786.900000,2791.250000,603
2019-01-28T11:15:00+05:30,2791.250000,2796.550000,2780.000000,2790.150000,690
2019-01-28T11:30:00+05:30,2790.150000,2794.800000,2785.350000,2785.350000,98
2019-01-28T11:45:00+05:30,2785.350000,2789.750000,2780.000000,2789.750000,300
2019-01-28T12:00:00+05:30,2789.750000,2792.000000,2785.050000,2791.700000,206
2019-01-28T12:15:00+05:30,2791.700000,2791.700000,2785.050000,2785.050000,110
2019-01-28T12:30:00+05:30,2785.000000,2789.050000,2770.250000,2772.500000,752
2019-01-28T12:45:00+05:30,2772.500000,2780.000000,2760.150000,2779.350000,357
2019-01-28T13:00:00+05:30,2780.000000,2781.600000,2778.000000,2778.000000,220
2019-01-28T13:15:00+05:30,2778.000000,2780.000000,2773.000000,2779.850000,141
2019-01-28T13:30:00+05:30,2779.850000,2779.950000,2776.550000,2777.500000,122
2019-01-28T13:45:00+05:30,2777.500000,2779.000000,2771.600000,2774.000000,211
2019-01-28T14:00:00+05:30,2771.500000,2773.850000,2763.750000,2770.000000,447
2019-01-28T14:15:00+05:30,2770.000000,2771.000000,2766.000000,2770.800000,425
2019-01-28T14:30:00+05:30,2770.800000,2775.000000,2766.050000,2774.850000,682
2019-01-28T14:45:00+05:30,2774.900000,2785.000000,2770.000000,2775.000000,2117
2019-01-28T15:00:00+05:30,2775.000000,2814.900000,2772.000000,2806.850000,4265
2019-01-28T15:15:00+05:30,2806.850000,2824.250000,2800.050000,2816.750000,4058
2019-01-29T09:15:00+05:30,2795.700000,2835.000000,2790.250000,2834.950000,1185
2019-01-29T09:30:00+05:30,2834.950000,2844.900000,2820.050000,2838.150000,4315
2019-01-29T09:45:00+05:30,2838.150000,2908.950000,2832.600000,2908.000000,9123
2019-01-29T10:00:00+05:30,2908.000000,2908.000000,2872.000000,2894.000000,3284
2019-01-29T10:15:00+05:30,2894.000000,2902.200000,2882.050000,2900.200000,1113
2019-01-29T10:30:00+05:30,2902.000000,2935.000000,2900.000000,2934.000000,9341
2019-01-29T10:45:00+05:30,2934.000000,2940.000000,2900.000000,2907.900000,5674
2019-01-29T11:00:00+05:30,2907.900000,2919.950000,2890.850000,2915.500000,3000
2019-01-29T11:15:00+05:30,2915.500000,2919.000000,2910.450000,2917.000000,924
2019-01-29T11:30:00+05:30,2917.000000,2924.000000,2914.950000,2919.950000,1732
2019-01-29T11:45:00+05:30,2919.950000,2920.000000,2915.000000,2916.700000,728
2019-01-29T12:00:00+05:30,2916.700000,2919.800000,2904.000000,2904.000000,1355
2019-01-29T12:15:00+05:30,2904.000000,2906.000000,2860.550000,2862.000000,5253
2019-01-29T12:30:00+05:30,2862.000000,2886.600000,2848.650000,2886.500000,4043
2019-01-29T12:45:00+05:30,2886.500000,2892.200000,2871.050000,2876.000000,2522
2019-01-29T13:00:00+05:30,2880.000000,2889.700000,2874.000000,2880.150000,784
2019-01-29T13:15:00+05:30,2880.150000,2919.000000,2880.150000,2916.650000,1839
2019-01-29T13:30:00+05:30,2916.650000,2916.650000,2886.000000,2888.000000,1079
2019-01-29T13:45:00+05:30,2888.000000,2917.950000,2888.000000,2912.000000,1159
2019-01-29T14:00:00+05:30,2910.000000,2917.000000,2898.150000,2912.000000,2032
2019-01-29T14:15:00+05:30,2912.000000,2916.900000,2902.050000,2916.900000,912
2019-01-29T14:30:00+05:30,2916.650000,2916.900000,2903.450000,2903.500000,564
2019-01-29T14:45:00+05:30,2903.500000,2907.000000,2895.500000,2906.100000,1160
2019-01-29T15:00:00+05:30,2906.100000,2925.000000,2906.100000,2920.350000,2841
2019-01-29T15:15:00+05:30,2920.350000,2925.000000,2898.050000,2900.700000,2919
2019-01-30T09:15:00+05:30,2940.000000,2974.800000,2920.050000,2961.100000,5304
2019-01-30T09:30:00+05:30,2961.050000,2983.950000,2950.000000,2971.200000,7070
2019-01-30T09:45:00+05:30,2971.200000,2973.000000,2960.050000,2967.000000,2565
2019-01-30T10:00:00+05:30,2967.000000,2994.750000,2960.000000,2994.750000,7483
2019-01-30T10:15:00+05:30,2994.750000,2998.850000,2975.950000,2978.000000,3365
2019-01-30T10:30:00+05:30,2978.000000,2988.050000,2960.050000,2986.850000,3582
2019-01-30T10:45:00+05:30,2984.250000,2990.000000,2974.950000,2978.000000,1812
2019-01-30T11:00:00+05:30,2978.000000,2980.850000,2973.600000,2980.250000,639
2019-01-30T11:15:00+05:30,2980.250000,2984.000000,2976.900000,2983.000000,1057
2019-01-30T11:30:00+05:30,2983.000000,2984.000000,2975.200000,2981.750000,865
2019-01-30T11:45:00+05:30,2981.750000,2987.000000,2979.500000,2982.450000,1324
2019-01-30T12:00:00+05:30,2982.450000,2985.900000,2980.100000,2981.950000,1058
2019-01-30T12:15:00+05:30,2982.000000,2982.000000,2979.000000,2980.000000,796
2019-01-30T12:30:00+05:30,2980.000000,2980.950000,2975.350000,2976.500000,34236
2019-01-30T12:45:00+05:30,2976.500000,2978.000000,2968.050000,2976.000000,620
2019-01-30T13:00:00+05:30,2976.000000,2980.000000,2973.800000,2977.150000,1151
2019-01-30T13:15:00+05:30,2977.150000,2978.200000,2975.100000,2976.450000,436
2019-01-30T13:30:00+05:30,2976.450000,2977.800000,2945.000000,2956.150000,6334
2019-01-30T13:45:00+05:30,2960.000000,2976.000000,2949.650000,2975.950000,1712
2019-01-30T14:00:00+05:30,2974.200000,2977.000000,2971.450000,2975.050000,675
2019-01-30T14:15:00+05:30,2975.050000,2990.000000,2974.100000,2983.000000,2857
2019-01-30T14:30:00+05:30,2983.000000,2984.900000,2975.450000,2982.500000,1039
2019-01-30T14:45:00+05:30,2982.500000,2987.900000,2978.000000,2985.650000,1900
2019-01-30T15:00:00+05:30,2982.950000,3016.000000,2982.950000,2994.850000,11195
2019-01-30T15:15:00+05:30,2994.850000,2999.950000,2985.000000,2994.950000,3312
2019-01-31T09:15:00+05:30,3000.050000,3049.000000,2995.050000,3028.000000,3453
2019-01-31T09:30:00+05:30,3028.000000,3047.000000,3013.000000,3041.950000,1832
2019-01-31T09:45:00+05:30,3039.050000,3043.000000,3008.000000,3013.850000,1838
2019-01-31T10:00:00+05:30,3002.550000,3016.100000,3000.000000,3016.100000,1417
2019-01-31T10:15:00+05:30,3016.100000,3020.950000,3001.000000,3009.950000,1389
2019-01-31T10:30:00+05:30,3009.950000,3015.000000,3009.300000,3010.000000,261
2019-01-31T10:45:00+05:30,3010.000000,3020.000000,3010.000000,3019.900000,503
2019-01-31T11:00:00+05:30,3019.900000,3019.900000,3015.050000,3015.050000,96
2019-01-31T11:15:00+05:30,3015.050000,3035.950000,3015.050000,3027.000000,1130
2019-01-31T11:30:00+05:30,3027.000000,3027.150000,3015.000000,3015.800000,310
2019-01-31T11:45:00+05:30,3015.000000,3027.000000,3015.000000,3022.000000,329
2019-01-31T12:00:00+05:30,3022.000000,3022.000000,3015.050000,3016.300000,151
2019-01-31T12:15:00+05:30,3016.300000,3016.300000,3006.300000,3013.000000,294
2019-01-31T12:30:00+05:30,3013.000000,3013.350000,3002.000000,3002.000000,406
2019-01-31T12:45:00+05:30,3002.000000,3008.850000,3000.600000,3003.250000,305
2019-01-31T13:00:00+05:30,3003.250000,3007.550000,3002.900000,3007.550000,197
2019-01-31T13:15:00+05:30,3007.550000,3017.000000,3007.550000,3012.700000,874
2019-01-31T13:30:00+05:30,3012.700000,3014.950000,3010.000000,3011.500000,262
2019-01-31T13:45:00+05:30,3011.500000,3011.500000,3001.800000,3008.950000,380
2019-01-31T14:00:00+05:30,3008.950000,3009.950000,2989.950000,3006.850000,1461
2019-01-31T14:15:00+05:30,3006.850000,3010.000000,3000.150000,3010.000000,268
2019-01-31T14:30:00+05:30,3009.000000,3011.700000,3000.200000,3010.100000,280
2019-01-31T14:45:00+05:30,3010.100000,3016.000000,3005.550000,3005.550000,433
2019-01-31T15:00:00+05:30,3005.550000,3046.950000,2984.900000,3033.200000,4205
2019-01-31T15:15:00+05:30,3033.200000,3060.000000,3030.500000,3031.000000,5169
2019-02-01T09:15:00+05:30,3040.100000,3068.250000,3040.100000,3046.900000,1463
2019-02-01T09:30:00+05:30,3046.900000,3047.000000,3040.200000,3040.500000,1036
2019-02-01T09:45:00+05:30,3043.850000,3047.000000,3040.300000,3043.800000,732
2019-02-01T10:00:00+05:30,3043.800000,3043.800000,3030.050000,3036.850000,559
2019-02-01T10:15:00+05:30,3036.800000,3036.950000,3025.950000,3028.500000,314
2019-02-01T10:30:00+05:30,3028.500000,3034.700000,3028.500000,3029.950000,108
2019-02-01T10:45:00+05:30,3029.950000,3034.950000,3027.200000,3029.000000,179
2019-02-01T11:00:00+05:30,3029.000000,3039.000000,3025.000000,3038.950000,582
2019-02-01T11:15:00+05:30,3038.950000,3044.950000,3032.600000,3036.500000,430
2019-02-01T11:30:00+05:30,3040.800000,3042.450000,3035.750000,3037.900000,134
2019-02-01T11:45:00+05:30,3037.900000,3049.950000,3031.250000,3045.100000,1335
2019-02-01T12:00:00+05:30,3045.100000,3045.100000,3032.700000,3032.700000,503
2019-02-01T12:15:00+05:30,3032.700000,3036.100000,3026.000000,3031.300000,144
2019-02-01T12:30:00+05:30,3031.300000,3033.350000,3026.000000,3033.000000,92
2019-02-01T12:45:00+05:30,3033.000000,3037.300000,3015.700000,3035.000000,953
2019-02-01T13:00:00+05:30,3035.000000,3047.150000,3035.000000,3041.450000,700
2019-02-01T13:15:00+05:30,3041.450000,3045.450000,3040.500000,3045.000000,498
2019-02-01T13:30:00+05:30,3045.300000,3047.150000,3040.000000,3045.100000,247
2019-02-01T13:45:00+05:30,3045.100000,3049.000000,3032.850000,3032.850000,402
2019-02-01T14:00:00+05:30,3032.850000,3032.850000,3010.250000,3019.750000,677
2019-02-01T14:15:00+05:30,3019.750000,3020.000000,3007.000000,3007.000000,308
2019-02-01T14:30:00+05:30,3007.000000,3020.000000,2999.000000,3018.950000,1087
2019-02-01T14:45:00+05:30,3018.950000,3027.000000,3014.350000,3025.000000,444
2019-02-01T15:00:00+05:30,3025.000000,3041.000000,3019.850000,3038.000000,1645
2019-02-01T15:15:00+05:30,3038.000000,3049.850000,3032.350000,3049.000000,2414
2019-02-04T09:15:00+05:30,3040.000000,3071.950000,3040.000000,3064.250000,1015
2019-02-04T09:30:00+05:30,3064.250000,3068.000000,3051.000000,3052.700000,459
2019-02-04T09:45:00+05:30,3052.700000,3060.550000,3045.200000,3059.750000,726
2019-02-04T10:00:00+05:30,3059.700000,3060.000000,3052.000000,3058.900000,404
2019-02-04T10:15:00+05:30,3058.900000,3061.000000,3055.000000,3059.100000,638
2019-02-04T10:30:00+05:30,3059.100000,3060.600000,3052.000000,3053.300000,300
2019-02-04T10:45:00+05:30,3053.300000,3055.000000,3043.100000,3045.800000,599
2019-02-04T11:00:00+05:30,3045.800000,3049.550000,3021.000000,3043.650000,1030
2019-02-04T11:15:00+05:30,3043.650000,3047.000000,3040.050000,3044.300000,167
2019-02-04T11:30:00+05:30,3043.950000,3044.500000,3040.200000,3042.900000,269
2019-02-04T11:45:00+05:30,3042.850000,3047.000000,3040.300000,3047.000000,362
2019-02-04T12:00:00+05:30,3047.000000,3050.000000,3045.050000,3049.000000,189
2019-02-04T12:15:00+05:30,3049.000000,3055.000000,3045.050000,3055.000000,247
2019-02-04T12:30:00+05:30,3055.000000,3059.000000,3051.050000,3051.700000,248
2019-02-04T12:45:00+05:30,3051.700000,3058.500000,3051.300000,3058.450000,409
2019-02-04T13:00:00+05:30,3058.450000,3058.500000,3051.300000,3056.850000,278
2019-02-04T13:15:00+05:30,3056.850000,3056.900000,3045.050000,3056.850000,293
2019-02-04T13:30:00+05:30,3056.850000,3056.900000,3051.050000,3052.150000,139
2019-02-04T13:45:00+05:30,3054.700000,3059.000000,3051.250000,3058.500000,374
2019-02-04T14:00:00+05:30,3058.500000,3058.500000,3052.050000,3053.900000,130
2019-02-04T14:15:00+05:30,3053.900000,3053.900000,3050.250000,3050.250000,176
2019-02-04T14:30:00+05:30,3050.250000,3053.900000,3050.250000,3050.250000,196
2019-02-04T14:45:00+05:30,3050.250000,3054.000000,3050.250000,3050.250000,172
2019-02-04T15:00:00+05:30,3050.250000,3059.900000,3050.250000,3055.600000,482
2019-02-04T15:15:00+05:30,3055.550000,3059.900000,3050.000000,3052.000000,1669
2019-02-05T09:15:00+05:30,3030.650000,3055.900000,3030.650000,3050.900000,313
2019-02-05T09:30:00+05:30,3050.050000,3050.700000,3043.550000,3049.400000,207
2019-02-05T09:45:00+05:30,3049.400000,3049.400000,3040.000000,3040.000000,63
2019-02-05T10:00:00+05:30,3040.000000,3043.700000,3032.000000,3036.300000,174
2019-02-05T10:15:00+05:30,3036.300000,3041.000000,3031.750000,3040.500000,49
2019-02-05T10:30:00+05:30,3040.500000,3046.450000,3040.400000,3043.300000,109
2019-02-05T10:45:00+05:30,3043.300000,3053.000000,3030.000000,3030.000000,665
2019-02-05T11:00:00+05:30,3030.000000,3030.000000,3013.850000,3016.000000,396
2019-02-05T11:15:00+05:30,3016.200000,3041.950000,3015.950000,3038.700000,302
2019-02-05T11:30:00+05:30,3038.700000,3044.950000,3030.050000,3033.800000,144
2019-02-05T11:45:00+05:30,3033.000000,3035.000000,3030.000000,3030.050000,94
2019-02-05T12:00:00+05:30,3030.050000,3035.000000,3020.000000,3028.400000,220
2019-02-05T12:15:00+05:30,3028.400000,3034.250000,3021.050000,3028.450000,64
2019-02-05T12:30:00+05:30,3034.250000,3040.800000,3028.650000,3028.700000,306
2019-02-05T12:45:00+05:30,3028.700000,3033.800000,3027.800000,3033.800000,62
2019-02-05T13:00:00+05:30,3033.800000,3034.950000,3019.600000,3019.600000,392
2019-02-05T13:15:00+05:30,3016.000000,3019.350000,3013.050000,3013.050000,532
2019-02-05T13:30:00+05:30,3013.050000,3016.000000,3003.250000,3003.250000,777
2019-02-05T13:45:00+05:30,3003.250000,3012.000000,3003.250000,3012.000000,137
2019-02-05T14:00:00+05:30,3012.000000,3016.900000,3012.000000,3015.600000,100
2019-02-05T14:15:00+05:30,3016.850000,3016.850000,2986.900000,2986.900000,825
2019-02-05T14:30:00+05:30,2986.900000,2997.750000,2975.000000,2997.750000,569
2019-02-05T14:45:00+05:30,2997.600000,2998.000000,2986.750000,2990.000000,357
2019-02-05T15:00:00+05:30,2990.000000,3024.550000,2990.000000,3022.400000,1182
2019-02-05T15:15:00+05:30,3022.300000,3022.300000,3002.250000,3003.250000,1320
2019-02-06T09:15:00+05:30,3000.000000,3055.900000,2985.900000,2995.000000,109
2019-02-06T09:30:00+05:30,2992.550000,2999.900000,2983.550000,2984.700000,530
2019-02-06T09:45:00+05:30,2987.850000,2991.000000,2972.150000,2986.250000,1205
2019-02-06T10:00:00+05:30,2986.200000,2990.000000,2982.050000,2986.400000,153
2019-02-06T10:15:00+05:30,2986.400000,2986.950000,2975.000000,2975.000000,147
2019-02-06T10:30:00+05:30,2975.000000,2981.000000,2971.000000,2978.950000,689
2019-02-06T10:45:00+05:30,2979.000000,2993.900000,2978.950000,2991.000000,719
2019-02-06T11:00:00+05:30,2991.000000,2991.000000,2979.550000,2986.000000,159
2019-02-06T11:15:00+05:30,2986.000000,2988.300000,2972.050000,2974.700000,289
2019-02-06T11:30:00+05:30,2974.700000,2989.450000,2971.550000,2988.800000,172
2019-02-06T11:45:00+05:30,2989.450000,2989.450000,2980.000000,2989.000000,243
2019-02-06T12:00:00+05:30,2989.000000,2989.800000,2983.900000,2988.450000,208
2019-02-06T12:15:00+05:30,2988.450000,2991.000000,2985.500000,2989.800000,122
2019-02-06T12:30:00+05:30,2989.800000,2991.000000,2979.950000,2989.600000,597
2019-02-06T12:45:00+05:30,2989.600000,2989.750000,2986.200000,2989.750000,113
2019-02-06T13:00:00+05:30,2989.750000,2989.750000,2985.300000,2989.650000,151
2019-02-06T13:15:00+05:30,2989.650000,2993.850000,2985.750000,2991.000000,324
2019-02-06T13:30:00+05:30,2991.000000,3008.800000,2987.250000,3008.800000,432
2019-02-06T13:45:00+05:30,3008.800000,3008.800000,3000.200000,3005.000000,287
2019-02-06T14:00:00+05:30,3006.900000,3007.900000,2997.750000,3005.450000,277
2019-02-06T14:15:00+05:30,3005.450000,3005.900000,2987.850000,2992.650000,733
2019-02-06T14:30:00+05:30,2992.650000,3019.750000,2991.950000,3018.850000,1107
2019-02-06T14:45:00+05:30,3018.850000,3018.850000,3009.050000,3012.000000,751
2019-02-06T15:00:00+05:30,3012.000000,3030.000000,3012.000000,3029.450000,1411
2019-02-06T15:15:00+05:30,3034.950000,3079.000000,3029.450000,3067.100000,3363
2019-02-07T09:15:00+05:30,3070.100000,3099.000000,3070.100000,3080.000000,1697
2019-02-07T09:30:00+05:30,3083.850000,3114.950000,3075.100000,3113.000000,2376
2019-02-07T09:45:00+05:30,3106.750000,3144.000000,3106.700000,3140.050000,4252
2019-02-07T10:00:00+05:30,3140.050000,3145.650000,3139.650000,3143.000000,2207
2019-02-07T10:15:00+05:30,3142.900000,3153.000000,3130.000000,3130.000000,1533
2019-02-07T10:30:00+05:30,3130.000000,3132.350000,3112.100000,3122.550000,1403
2019-02-07T10:45:00+05:30,3122.550000,3126.950000,3114.050000,3121.850000,2036
2019-02-07T11:00:00+05:30,3121.850000,3128.900000,3120.100000,3125.900000,352
2019-02-07T11:15:00+05:30,3125.900000,3127.950000,3120.200000,3125.950000,429
2019-02-07T11:30:00+05:30,3125.950000,3127.600000,3120.200000,3125.000000,451
2019-02-07T11:45:00+05:30,3125.000000,3127.950000,3121.750000,3121.750000,83
2019-02-07T12:00:00+05:30,3121.750000,3121.750000,3106.800000,3108.150000,442
2019-02-07T12:15:00+05:30,3108.150000,3114.000000,3103.550000,3110.000000,459
2019-02-07T12:30:00+05:30,3110.000000,3110.000000,3060.000000,3062.750000,1786
2019-02-07T12:45:00+05:30,3062.750000,3073.950000,3026.300000,3041.550000,1917
2019-02-07T13:00:00+05:30,3041.500000,3068.750000,3037.650000,3060.000000,1001
2019-02-07T13:15:00+05:30,3060.000000,3071.500000,3042.950000,3047.700000,1004
2019-02-07T13:30:00+05:30,3047.700000,3064.950000,3046.150000,3061.150000,322
2019-02-07T13:45:00+05:30,3061.150000,3061.200000,3049.350000,3053.000000,430
2019-02-07T14:00:00+05:30,3053.000000,3053.000000,3051.500000,3052.550000,743
2019-02-07T14:15:00+05:30,3052.550000,3092.750000,3052.550000,3085.050000,3308
2019-02-07T14:30:00+05:30,3085.050000,3088.950000,3069.050000,3080.000000,438
2019-02-07T14:45:00+05:30,3080.000000,3095.850000,3078.400000,3088.000000,1400
2019-02-07T15:00:00+05:30,3088.000000,3089.950000,3067.100000,3082.750000,1496
2019-02-07T15:15:00+05:30,3082.750000,3087.100000,3060.000000,3060.050000,1983
2019-02-08T09:15:00+05:30,3091.800000,3098.200000,3070.800000,3087.150000,943
2019-02-08T09:30:00+05:30,3087.150000,3099.000000,3078.100000,3079.450000,586
2019-02-08T09:45:00+05:30,3079.450000,3079.950000,3066.050000,3066.050000,539
2019-02-08T10:00:00+05:30,3066.050000,3070.000000,3052.150000,3070.000000,311
2019-02-08T10:15:00+05:30,3070.000000,3070.000000,3063.000000,3063.000000,110
2019-02-08T10:30:00+05:30,3063.000000,3066.150000,3056.050000,3060.000000,224
2019-02-08T10:45:00+05:30,3060.000000,3066.150000,3055.000000,3066.150000,180
2019-02-08T11:00:00+05:30,3066.150000,3071.000000,3066.150000,3071.000000,100
2019-02-08T11:15:00+05:30,3072.000000,3080.800000,3072.000000,3076.000000,229
2019-02-08T11:30:00+05:30,3076.000000,3080.000000,3072.050000,3072.050000,46
2019-02-08T11:45:00+05:30,3072.050000,3075.100000,3072.050000,3072.050000,36
2019-02-08T12:00:00+05:30,3072.050000,3075.000000,3071.050000,3075.000000,41
2019-02-08T12:15:00+05:30,3075.000000,3075.000000,3071.050000,3074.850000,54
2019-02-08T12:30:00+05:30,3074.850000,3075.000000,3070.000000,3071.350000,194
2019-02-08T12:45:00+05:30,3071.350000,3071.350000,3070.000000,3070.000000,23
2019-02-08T13:00:00+05:30,3070.000000,3070.000000,3061.000000,3065.000000,131
2019-02-08T13:15:00+05:30,3065.000000,3065.950000,3058.550000,3063.550000,1364
2019-02-08T13:30:00+05:30,3063.550000,3071.850000,3061.050000,3065.100000,241
2019-02-08T13:45:00+05:30,3065.100000,3070.450000,3063.150000,3066.050000,54
2019-02-08T14:00:00+05:30,3066.050000,3071.550000,3063.050000,3063.050000,308
2019-02-08T14:15:00+05:30,3063.050000,3070.000000,3063.050000,3070.000000,53
2019-02-08T14:30:00+05:30,3070.000000,3072.900000,3065.300000,3072.900000,304
2019-02-08T14:45:00+05:30,3072.900000,3074.750000,3061.050000,3066.000000,550
2019-02-08T15:00:00+05:30,3066.000000,3071.000000,3061.000000,3061.000000,950
2019-02-08T15:15:00+05:30,3061.000000,3065.950000,3060.000000,3060.000000,921
2019-02-11T09:15:00+05:30,3040.000000,3040.000000,3016.550000,3025.050000,128
2019-02-11T09:30:00+05:30,3025.050000,3037.150000,3025.050000,3037.150000,83
2019-02-11T09:45:00+05:30,3037.150000,3037.150000,3015.000000,3017.000000,341
2019-02-11T10:00:00+05:30,3017.000000,3017.000000,3002.150000,3010.500000,573
2019-02-11T10:15:00+05:30,3010.500000,3017.000000,3010.500000,3011.000000,379
2019-02-11T10:30:00+05:30,3009.050000,3021.850000,2999.000000,2999.000000,1185
2019-02-11T10:45:00+05:30,2999.950000,3005.900000,2998.000000,2998.050000,709
2019-02-11T11:00:00+05:30,2998.050000,2999.000000,2988.000000,2989.300000,1337
2019-02-11T11:15:00+05:30,2989.300000,3008.850000,2989.300000,3000.050000,200
2019-02-11T11:30:00+05:30,3000.050000,3002.950000,2998.350000,3000.000000,202
2019-02-11T11:45:00+05:30,3000.000000,3006.000000,3000.000000,3002.950000,220
2019-02-11T12:00:00+05:30,3002.950000,3008.650000,3000.000000,3000.050000,382
2019-02-11T12:15:00+05:30,3000.050000,3005.550000,3000.000000,3004.850000,137
2019-02-11T12:30:00+05:30,3004.850000,3011.950000,2987.950000,2988.000000,912
2019-02-11T12:45:00+05:30,2988.000000,2992.450000,2987.000000,2987.950000,461
2019-02-11T13:00:00+05:30,2987.950000,2992.400000,2985.000000,2985.000000,451
2019-02-11T13:15:00+05:30,2985.000000,2989.950000,2985.000000,2985.000000,308
2019-02-11T13:30:00+05:30,2985.000000,2989.950000,2981.950000,2986.200000,376
2019-02-11T13:45:00+05:30,2986.100000,2989.900000,2979.050000,2980.000000,1193
2019-02-11T14:00:00+05:30,2980.000000,2985.100000,2979.000000,2985.100000,436
2019-02-11T14:15:00+05:30,2985.100000,2985.100000,2982.000000,2982.250000,387
2019-02-11T14:30:00+05:30,2982.300000,3008.950000,2982.000000,3000.000000,836
2019-02-11T14:45:00+05:30,3000.000000,3007.000000,2982.000000,2983.000000,648
2019-02-11T15:00:00+05:30,2983.000000,2992.250000,2936.900000,2954.950000,1936
2019-02-11T15:15:00+05:30,2954.950000,2964.950000,2940.250000,2958.000000,1771
2019-02-12T09:15:00+05:30,2965.000000,2965.000000,2927.700000,2934.050000,380
2019-02-12T09:30:00+05:30,2934.050000,2945.000000,2930.200000,2945.000000,383
2019-02-12T09:45:00+05:30,2945.000000,2959.000000,2902.450000,2916.750000,1730
2019-02-12T10:00:00+05:30,2916.750000,2917.150000,2901.300000,2904.100000,509
2019-02-12T10:15:00+05:30,2904.100000,2915.000000,2903.150000,2910.550000,537
2019-02-12T10:30:00+05:30,2910.550000,2911.250000,2885.000000,2888.350000,1113
2019-02-12T10:45:00+05:30,2888.350000,2914.500000,2888.350000,2907.050000,480
2019-02-12T11:00:00+05:30,2907.000000,2907.000000,2900.000000,2904.000000,256
2019-02-12T11:15:00+05:30,2904.000000,2904.000000,2900.250000,2902.000000,158
2019-02-12T11:30:00+05:30,2902.000000,2912.500000,2902.000000,2912.450000,148
2019-02-12T11:45:00+05:30,2912.450000,2922.350000,2908.100000,2920.000000,383
2019-02-12T12:00:00+05:30,2920.000000,2926.800000,2911.650000,2921.150000,234
2019-02-12T12:15:00+05:30,2921.150000,2922.850000,2906.000000,2906.150000,272
2019-02-12T12:30:00+05:30,2906.150000,2909.950000,2900.100000,2900.150000,666
2019-02-12T12:45:00+05:30,2900.150000,2902.350000,2888.050000,2888.050000,498
2019-02-12T13:00:00+05:30,2888.050000,2890.000000,2886.000000,2887.000000,469
2019-02-12T13:15:00+05:30,2887.000000,2890.000000,2886.600000,2888.950000,499
2019-02-12T13:30:00+05:30,2888.950000,2890.000000,2880.600000,2881.300000,717
2019-02-12T13:45:00+05:30,2885.850000,2887.450000,2881.000000,2884.350000,332
2019-02-12T14:00:00+05:30,2884.350000,2889.500000,2876.000000,2884.950000,1685
2019-02-12T14:15:00+05:30,2884.950000,2889.450000,2880.050000,2889.400000,166
2019-02-12T14:30:00+05:30,2889.400000,2889.500000,2885.650000,2885.650000,139
2019-02-12T14:45:00+05:30,2885.650000,2900.000000,2876.000000,2892.950000,1525
2019-02-12T15:00:00+05:30,2892.950000,2900.000000,2882.050000,2900.000000,2265
2019-02-12T15:15:00+05:30,2900.000000,2929.100000,2898.200000,2927.850000,2004
2019-02-13T09:15:00+05:30,2937.000000,2937.000000,2917.550000,2922.150000,367
2019-02-13T09:30:00+05:30,2922.150000,2922.150000,2900.000000,2908.000000,375
2019-02-13T09:45:00+05:30,2908.250000,2921.950000,2908.250000,2920.100000,895
2019-02-13T10:00:00+05:30,2920.100000,2925.250000,2910.000000,2911.550000,263
2019-02-13T10:15:00+05:30,2911.550000,2911.550000,2894.250000,2903.900000,352
2019-02-13T10:30:00+05:30,2903.900000,2910.000000,2897.900000,2903.950000,250
2019-02-13T10:45:00+05:30,2903.950000,2903.950000,2900.800000,2903.800000,34
2019-02-13T11:00:00+05:30,2903.800000,2911.650000,2903.800000,2908.600000,108
2019-02-13T11:15:00+05:30,2908.600000,2911.500000,2904.800000,2907.000000,274
2019-02-13T11:30:00+05:30,2907.000000,2910.000000,2903.250000,2909.700000,897
2019-02-13T11:45:00+05:30,2909.700000,2909.700000,2904.050000,2907.400000,51
2019-02-13T12:00:00+05:30,2907.400000,2910.000000,2907.400000,2909.000000,68
2019-02-13T12:15:00+05:30,2909.000000,2912.450000,2909.000000,2912.450000,134
2019-02-13T12:30:00+05:30,2912.450000,2915.950000,2909.800000,2913.100000,143
2019-02-13T12:45:00+05:30,2913.100000,2930.000000,2913.100000,2924.950000,357
2019-02-13T13:00:00+05:30,2925.000000,2933.000000,2922.650000,2932.850000,174
2019-02-13T13:15:00+05:30,2932.900000,2932.900000,2932.050000,2932.900000,41
2019-02-13T13:30:00+05:30,2932.900000,2935.950000,2929.550000,2930.050000,281
2019-02-13T13:45:00+05:30,2930.050000,2944.950000,2928.700000,2944.850000,394
2019-02-13T14:00:00+05:30,2944.900000,2975.000000,2944.900000,2972.850000,662
2019-02-13T14:15:00+05:30,2972.850000,2975.000000,2960.950000,2974.400000,274
2019-02-13T14:30:00+05:30,2974.400000,2975.000000,2968.000000,2970.150000,218
2019-02-13T14:45:00+05:30,2970.150000,2974.000000,2928.000000,2928.000000,1006
2019-02-13T15:00:00+05:30,2928.000000,2942.050000,2925.000000,2942.050000,833
2019-02-13T15:15:00+05:30,2942.050000,2957.800000,2931.000000,2940.000000,1607
2019-02-14T09:15:00+05:30,2950.000000,2971.850000,2950.000000,2970.350000,764
2019-02-14T09:30:00+05:30,2970.350000,2983.400000,2968.950000,2974.850000,635
2019-02-14T09:45:00+05:30,2974.850000,2977.900000,2971.000000,2975.150000,221
2019-02-14T10:00:00+05:30,2975.150000,2979.000000,2970.000000,2970.000000,304
2019-02-14T10:15:00+05:30,2970.000000,2974.450000,2956.050000,2963.950000,480
2019-02-14T10:30:00+05:30,2963.950000,2963.950000,2952.050000,2961.950000,233
2019-02-14T10:45:00+05:30,2961.800000,2965.450000,2961.000000,2961.050000,100
2019-02-14T11:00:00+05:30,2961.050000,2967.250000,2961.050000,2963.700000,126
2019-02-14T11:15:00+05:30,2963.700000,2978.950000,2958.050000,2975.600000,663
2019-02-14T11:30:00+05:30,2975.600000,2984.650000,2970.350000,2978.000000,832
2019-02-14T11:45:00+05:30,2978.000000,2979.200000,2976.500000,2979.000000,165
2019-02-14T12:00:00+05:30,2979.150000,2986.050000,2977.000000,2977.550000,480
2019-02-14T12:15:00+05:30,2977.550000,2984.950000,2977.550000,2984.950000,379
2019-02-14T12:30:00+05:30,2984.950000,2984.950000,2981.000000,2981.000000,146
2019-02-14T12:45:00+05:30,2981.000000,2983.200000,2978.300000,2981.950000,172
2019-02-14T13:00:00+05:30,2981.950000,2982.350000,2978.000000,2978.550000,109
2019-02-14T13:15:00+05:30,2979.950000,2979.950000,2978.500000,2979.200000,121
2019-02-14T13:30:00+05:30,2979.200000,2979.200000,2971.200000,2971.200000,188
2019-02-14T13:45:00+05:30,2971.200000,2974.500000,2971.200000,2974.500000,15
2019-02-14T14:00:00+05:30,2974.500000,2982.750000,2970.000000,2982.750000,635
2019-02-14T14:15:00+05:30,2982.750000,2984.600000,2977.000000,2982.850000,385
2019-02-14T14:30:00+05:30,2982.850000,2984.600000,2970.000000,2977.500000,629
2019-02-14T14:45:00+05:30,2977.500000,2982.950000,2970.000000,2981.900000,384
2019-02-14T15:00:00+05:30,2981.900000,2987.500000,2974.900000,2982.950000,1360
2019-02-14T15:15:00+05:30,2980.000000,2987.500000,2960.500000,2975.000000,1387
2019-02-15T09:15:00+05:30,2985.000000,2990.000000,2890.100000,2907.050000,7194
2019-02-15T09:30:00+05:30,2907.050000,2933.950000,2907.000000,2922.000000,1104
2019-02-15T09:45:00+05:30,2922.000000,2925.000000,2910.000000,2910.000000,525
2019-02-15T10:00:00+05:30,2910.000000,2918.250000,2895.200000,2905.000000,1385
2019-02-15T10:15:00+05:30,2905.000000,2909.950000,2900.000000,2908.950000,731
2019-02-15T10:30:00+05:30,2908.950000,2909.850000,2901.000000,2903.050000,217
2019-02-15T10:45:00+05:30,2903.050000,2909.850000,2901.200000,2909.850000,134
2019-02-15T11:00:00+05:30,2909.300000,2909.850000,2890.000000,2898.000000,1390
2019-02-15T11:15:00+05:30,2898.000000,2898.000000,2885.550000,2896.900000,616
2019-02-15T11:30:00+05:30,2896.900000,2896.950000,2893.000000,2894.000000,197
2019-02-15T11:45:00+05:30,2894.000000,2894.000000,2874.950000,2876.750000,706
2019-02-15T12:00:00+05:30,2876.750000,2878.400000,2845.600000,2873.200000,2330
2019-02-15T12:15:00+05:30,2873.250000,2874.000000,2865.650000,2874.000000,381
2019-02-15T12:30:00+05:30,2874.000000,2874.000000,2845.600000,2857.850000,767
2019-02-15T12:45:00+05:30,2861.950000,2878.300000,2857.900000,2877.950000,637
2019-02-15T13:00:00+05:30,2877.000000,2895.000000,2860.900000,2890.550000,769
2019-02-15T13:15:00+05:30,2890.550000,2894.850000,2881.800000,2884.450000,341
2019-02-15T13:30:00+05:30,2884.450000,2896.000000,2880.000000,2896.000000,415
2019-02-15T13:45:00+05:30,2896.000000,2910.000000,2896.000000,2909.950000,446
2019-02-15T14:00:00+05:30,2910.000000,2924.950000,2909.900000,2911.650000,580
2019-02-15T14:15:00+05:30,2911.650000,2915.100000,2905.000000,2909.950000,376
2019-02-15T14:30:00+05:30,2909.950000,2915.000000,2905.000000,2909.950000,591
2019-02-15T14:45:00+05:30,2909.950000,2915.000000,2904.250000,2915.000000,424
2019-02-15T15:00:00+05:30,2915.000000,2917.950000,2903.000000,2908.000000,854
2019-02-15T15:15:00+05:30,2908.000000,2909.950000,2880.000000,2900.000000,1721
2019-02-18T09:15:00+05:30,2906.200000,2906.200000,2863.550000,2865.250000,657
2019-02-18T09:30:00+05:30,2865.250000,2894.650000,2865.250000,2887.300000,2007
2019-02-18T09:45:00+05:30,2887.500000,2897.300000,2865.250000,2892.750000,5573
2019-02-18T10:00:00+05:30,2892.750000,2896.450000,2872.000000,2896.450000,551
2019-02-18T10:15:00+05:30,2896.450000,2916.000000,2893.000000,2911.000000,462
2019-02-18T10:30:00+05:30,2911.000000,2929.450000,2911.000000,2917.150000,428
2019-02-18T10:45:00+05:30,2917.150000,2917.150000,2907.850000,2910.000000,146
2019-02-18T11:00:00+05:30,2910.000000,2910.000000,2902.550000,2908.950000,66
2019-02-18T11:15:00+05:30,2908.950000,2910.000000,2885.050000,2886.200000,355
2019-02-18T11:30:00+05:30,2886.200000,2890.000000,2886.000000,2889.600000,608
2019-02-18T11:45:00+05:30,2890.000000,2891.000000,2889.600000,2889.600000,151
2019-02-18T12:00:00+05:30,2889.600000,2894.950000,2880.000000,2890.850000,134
2019-02-18T12:15:00+05:30,2890.850000,2905.450000,2890.850000,2904.000000,210
2019-02-18T12:30:00+05:30,2900.000000,2907.750000,2897.100000,2907.750000,164
2019-02-18T12:45:00+05:30,2907.750000,2913.950000,2895.450000,2896.000000,245
2019-02-18T13:00:00+05:30,2896.000000,2897.000000,2890.000000,2890.000000,28
2019-02-18T13:15:00+05:30,2886.200000,2886.200000,2880.000000,2882.200000,123
2019-02-18T13:30:00+05:30,2882.200000,2884.000000,2882.200000,2882.950000,37
2019-02-18T13:45:00+05:30,2882.950000,2884.000000,2882.050000,2884.000000,28
2019-02-18T14:00:00+05:30,2884.000000,2885.950000,2880.000000,2881.100000,177
2019-02-18T14:15:00+05:30,2881.100000,2895.350000,2880.100000,2895.300000,263
2019-02-18T14:30:00+05:30,2895.300000,2908.450000,2895.000000,2898.400000,265
2019-02-18T14:45:00+05:30,2897.000000,2898.350000,2880.200000,2893.000000,452
2019-02-18T15:00:00+05:30,2893.000000,2900.000000,2885.050000,2893.100000,276
2019-02-18T15:15:00+05:30,2893.100000,2928.000000,2891.950000,2920.000000,2223
2019-02-19T09:15:00+05:30,2879.350000,2932.800000,2879.300000,2929.850000,1573
2019-02-19T09:30:00+05:30,2928.050000,2947.900000,2892.050000,2895.000000,3436
2019-02-19T09:45:00+05:30,2895.000000,2918.950000,2895.000000,2909.000000,437
2019-02-19T10:00:00+05:30,2909.000000,2909.000000,2893.550000,2898.000000,310
2019-02-19T10:15:00+05:30,2898.000000,2898.450000,2894.000000,2898.400000,50
2019-02-19T10:30:00+05:30,2898.400000,2899.950000,2896.000000,2896.050000,23
2019-02-19T10:45:00+05:30,2896.050000,2899.000000,2896.000000,2896.000000,60
2019-02-19T11:00:00+05:30,2898.800000,2899.000000,2895.000000,2895.000000,72
2019-02-19T11:15:00+05:30,2895.000000,2899.000000,2893.000000,2893.000000,22
2019-02-19T11:30:00+05:30,2893.000000,2898.000000,2892.350000,2897.800000,49
2019-02-19T11:45:00+05:30,2897.800000,2897.800000,2892.350000,2897.750000,21
2019-02-19T12:00:00+05:30,2897.750000,2899.000000,2897.750000,2899.000000,19
2019-02-19T12:15:00+05:30,2899.000000,2899.000000,2899.000000,2899.000000,5
2019-02-19T12:30:00+05:30,2899.000000,2906.950000,2899.000000,2900.000000,204
2019-02-19T12:45:00+05:30,2900.000000,2900.000000,2886.150000,2890.000000,209
2019-02-19T13:00:00+05:30,2890.000000,2898.350000,2890.000000,2891.550000,167
2019-02-19T13:15:00+05:30,2898.400000,2900.000000,2889.150000,2890.000000,203
2019-02-19T13:30:00+05:30,2890.000000,2900.000000,2890.000000,2898.450000,62
2019-02-19T13:45:00+05:30,2899.200000,2900.000000,2895.050000,2900.000000,98
2019-02-19T14:00:00+05:30,2900.000000,2900.000000,2888.000000,2897.450000,202
2019-02-19T14:15:00+05:30,2897.450000,2900.000000,2892.100000,2896.000000,106
2019-02-19T14:30:00+05:30,2896.000000,2900.000000,2894.150000,2896.400000,141
2019-02-19T14:45:00+05:30,2896.400000,2899.900000,2890.000000,2898.950000,462
2019-02-19T15:00:00+05:30,2898.950000,2914.950000,2880.000000,2897.350000,2401
2019-02-19T15:15:00+05:30,2897.350000,2974.950000,2897.350000,2970.000000,5389
2019-02-20T09:15:00+05:30,2968.000000,2968.000000,2911.000000,2937.000000,1931
2019-02-20T09:30:00+05:30,2938.000000,2949.900000,2920.050000,2946.250000,5627
2019-02-20T09:45:00+05:30,2946.250000,2949.000000,2925.050000,2928.000000,831
2019-02-20T10:00:00+05:30,2928.000000,2933.100000,2925.050000,2931.550000,381
2019-02-20T10:15:00+05:30,2931.550000,2931.750000,2923.400000,2924.450000,351
2019-02-20T10:30:00+05:30,2924.450000,2928.650000,2920.050000,2926.750000,259
2019-02-20T10:45:00+05:30,2926.750000,2926.750000,2915.000000,2918.300000,303
2019-02-20T11:00:00+05:30,2918.300000,2918.300000,2915.000000,2916.800000,290
2019-02-20T11:15:00+05:30,2916.800000,2920.850000,2915.000000,2919.300000,312
2019-02-20T11:30:00+05:30,2919.300000,2933.800000,2915.000000,2919.050000,718
2019-02-20T11:45:00+05:30,2920.050000,2920.050000,2907.450000,2907.450000,456
2019-02-20T12:00:00+05:30,2907.450000,2908.350000,2906.000000,2908.350000,226
2019-02-20T12:15:00+05:30,2908.350000,2912.100000,2907.500000,2907.500000,113
2019-02-20T12:30:00+05:30,2907.500000,2909.450000,2900.000000,2902.000000,348
2019-02-20T12:45:00+05:30,2902.000000,2903.250000,2900.000000,2900.000000,236
2019-02-20T13:00:00+05:30,2900.000000,2908.000000,2899.550000,2902.250000,177
2019-02-20T13:15:00+05:30,2902.250000,2908.450000,2902.000000,2903.200000,186
2019-02-20T13:30:00+05:30,2903.200000,2904.000000,2895.000000,2895.000000,179
2019-02-20T13:45:00+05:30,2895.000000,2902.450000,2895.000000,2898.600000,362
2019-02-20T14:00:00+05:30,2898.600000,2898.600000,2890.700000,2891.850000,411
2019-02-20T14:15:00+05:30,2891.850000,2903.950000,2891.850000,2901.250000,210
2019-02-20T14:30:00+05:30,2901.250000,2929.000000,2900.850000,2912.650000,739
2019-02-20T14:45:00+05:30,2912.650000,2923.000000,2906.850000,2908.850000,578
2019-02-20T15:00:00+05:30,2908.850000,2927.750000,2898.050000,2906.000000,3126
2019-02-20T15:15:00+05:30,2906.000000,2915.000000,2893.100000,2900.000000,2642
2019-02-21T09:15:00+05:30,2900.000000,2924.950000,2875.000000,2924.950000,2387
2019-02-21T09:30:00+05:30,2924.950000,2935.000000,2867.250000,2874.050000,5553
2019-02-21T09:45:00+05:30,2873.750000,2895.000000,2870.100000,2882.050000,3753
2019-02-21T10:00:00+05:30,2883.950000,2883.950000,2874.000000,2874.600000,594
2019-02-21T10:15:00+05:30,2874.000000,2878.400000,2863.050000,2876.300000,920
2019-02-21T10:30:00+05:30,2876.300000,2877.850000,2873.000000,2874.300000,535
2019-02-21T10:45:00+05:30,2874.300000,2879.800000,2870.150000,2870.150000,481
2019-02-21T11:00:00+05:30,2870.150000,2870.500000,2857.550000,2859.800000,590
2019-02-21T11:15:00+05:30,2859.800000,2878.450000,2856.650000,2865.050000,1044
2019-02-21T11:30:00+05:30,2865.050000,2869.150000,2858.000000,2858.000000,333
2019-02-21T11:45:00+05:30,2859.100000,2867.950000,2855.000000,2867.950000,674
2019-02-21T12:00:00+05:30,2867.950000,2867.950000,2860.000000,2865.000000,521
2019-02-21T12:15:00+05:30,2865.000000,2875.000000,2865.000000,2868.700000,346
2019-02-21T12:30:00+05:30,2868.700000,2868.700000,2864.000000,2867.750000,238
2019-02-21T12:45:00+05:30,2867.750000,2879.900000,2866.200000,2873.650000,735
2019-02-21T13:00:00+05:30,2873.650000,2875.000000,2872.300000,2873.600000,517
2019-02-21T13:15:00+05:30,2873.600000,2888.300000,2867.900000,2875.150000,985
2019-02-21T13:30:00+05:30,2875.150000,2879.700000,2875.000000,2876.200000,411
2019-02-21T13:45:00+05:30,2876.100000,2876.100000,2869.050000,2875.350000,477
2019-02-21T14:00:00+05:30,2875.350000,2886.000000,2875.000000,2884.950000,1058
2019-02-21T14:15:00+05:30,2884.950000,2884.950000,2876.900000,2884.000000,339
2019-02-21T14:30:00+05:30,2884.000000,2884.800000,2875.000000,2875.000000,299
2019-02-21T14:45:00+05:30,2875.000000,2889.000000,2870.650000,2880.050000,791
2019-02-21T15:00:00+05:30,2880.150000,2959.500000,2880.000000,2958.750000,8651
2019-02-21T15:15:00+05:30,2958.750000,2973.250000,2950.000000,2959.000000,3955
2019-02-22T09:15:00+05:30,2936.000000,2959.450000,2906.000000,2947.400000,2779
2019-02-22T09:30:00+05:30,2950.400000,2968.800000,2931.200000,2960.000000,4223
2019-02-22T09:45:00+05:30,2960.000000,2990.000000,2960.000000,2978.000000,1442
2019-02-22T10:00:00+05:30,2980.050000,2989.100000,2978.000000,2984.450000,690
2019-02-22T10:15:00+05:30,2984.450000,2984.450000,2966.300000,2984.000000,385
2019-02-22T10:30:00+05:30,2984.000000,2984.000000,2970.050000,2975.650000,97
2019-02-22T10:45:00+05:30,2975.650000,2975.650000,2960.000000,2960.000000,186
2019-02-22T11:00:00+05:30,2960.000000,2966.950000,2951.050000,2966.950000,268
2019-02-22T11:15:00+05:30,2966.950000,2975.800000,2962.900000,2970.000000,376
2019-02-22T11:30:00+05:30,2970.000000,2973.550000,2965.050000,2973.550000,134
2019-02-22T11:45:00+05:30,2973.550000,2973.550000,2967.400000,2970.000000,61
2019-02-22T12:00:00+05:30,2970.000000,2973.500000,2964.200000,2970.000000,161
2019-02-22T12:15:00+05:30,2970.000000,2974.900000,2970.000000,2970.100000,55
2019-02-22T12:30:00+05:30,2970.100000,2976.700000,2970.100000,2974.450000,75
2019-02-22T12:45:00+05:30,2974.450000,2975.000000,2968.000000,2975.000000,239
2019-02-22T13:00:00+05:30,2975.000000,2975.000000,2967.350000,2975.000000,712
2019-02-22T13:15:00+05:30,2975.000000,2976.000000,2973.700000,2975.050000,793
2019-02-22T13:30:00+05:30,2975.050000,2976.500000,2975.000000,2975.000000,799
2019-02-22T13:45:00+05:30,2975.000000,2977.500000,2973.500000,2975.000000,314
2019-02-22T14:00:00+05:30,2975.000000,2975.000000,2952.000000,2953.000000,312
2019-02-22T14:15:00+05:30,2953.000000,2957.800000,2950.000000,2955.000000,162
2019-02-22T14:30:00+05:30,2957.000000,2959.450000,2951.000000,2959.450000,195
2019-02-22T14:45:00+05:30,2959.450000,2959.450000,2952.600000,2953.100000,28
2019-02-22T15:00:00+05:30,2953.100000,3015.000000,2953.100000,3013.150000,6707
2019-02-22T15:15:00+05:30,3013.150000,3024.000000,2995.150000,3010.000000,4437
2019-02-25T09:15:00+05:30,3005.000000,3020.700000,2995.350000,2997.250000,2584
2019-02-25T09:30:00+05:30,2997.250000,3047.450000,2996.550000,3025.150000,5939
2019-02-25T09:45:00+05:30,3025.150000,3039.900000,3015.500000,3030.000000,2011
2019-02-25T10:00:00+05:30,3030.000000,3032.550000,3023.000000,3032.000000,606
2019-02-25T10:15:00+05:30,3032.000000,3032.000000,3023.350000,3024.000000,378
2019-02-25T10:30:00+05:30,3024.000000,3029.500000,3016.550000,3028.850000,364
2019-02-25T10:45:00+05:30,3028.850000,3029.500000,3021.100000,3024.550000,289
2019-02-25T11:00:00+05:30,3024.550000,3024.550000,3012.000000,3017.000000,236
2019-02-25T11:15:00+05:30,3017.000000,3017.050000,3012.350000,3015.050000,197
2019-02-25T11:30:00+05:30,3015.000000,3026.900000,3015.000000,3026.000000,958
2019-02-25T11:45:00+05:30,3026.000000,3027.000000,3020.000000,3020.100000,262
2019-02-25T12:00:00+05:30,3020.100000,3022.450000,3014.950000,3019.650000,187
2019-02-25T12:15:00+05:30,3019.650000,3022.000000,3015.750000,3018.050000,101
2019-02-25T12:30:00+05:30,3018.050000,3022.900000,3016.000000,3020.000000,171
2019-02-25T12:45:00+05:30,3019.800000,3022.000000,3014.650000,3020.500000,223
2019-02-25T13:00:00+05:30,3020.500000,3020.950000,3015.000000,3015.000000,145
2019-02-25T13:15:00+05:30,3015.000000,3018.300000,3012.350000,3017.800000,55
2019-02-25T13:30:00+05:30,3017.800000,3024.800000,3012.750000,3024.800000,179
2019-02-25T13:45:00+05:30,3021.000000,3029.900000,3021.000000,3029.900000,126
2019-02-25T14:00:00+05:30,3025.200000,3029.900000,3024.600000,3025.300000,149
2019-02-25T14:15:00+05:30,3025.300000,3025.300000,3017.050000,3017.050000,184
2019-02-25T14:30:00+05:30,3017.050000,3039.500000,3017.050000,3035.000000,490
2019-02-25T14:45:00+05:30,3035.000000,3042.000000,3025.600000,3030.000000,511
2019-02-25T15:00:00+05:30,3026.750000,3041.950000,3026.750000,3028.050000,906
2019-02-25T15:15:00+05:30,3028.050000,3049.000000,3025.300000,3027.100000,1860
2019-02-26T09:15:00+05:30,3030.000000,3030.000000,2981.150000,2986.000000,952
2019-02-26T09:30:00+05:30,2987.400000,3076.600000,2986.000000,3051.900000,8126
2019-02-26T09:45:00+05:30,3051.900000,3057.850000,3038.100000,3039.500000,1041
2019-02-26T10:00:00+05:30,3039.500000,3039.500000,3018.250000,3018.250000,1323
2019-02-26T10:15:00+05:30,3018.250000,3027.350000,3013.550000,3017.950000,513
2019-02-26T10:30:00+05:30,3017.950000,3025.000000,3015.650000,3021.000000,221
2019-02-26T10:45:00+05:30,3021.000000,3035.000000,3020.350000,3027.000000,177
2019-02-26T11:00:00+05:30,3027.000000,3038.250000,3023.650000,3035.000000,246
2019-02-26T11:15:00+05:30,3035.000000,3051.000000,3025.950000,3042.200000,1001
2019-02-26T11:30:00+05:30,3042.200000,3042.200000,3031.000000,3036.450000,352
2019-02-26T11:45:00+05:30,3035.350000,3040.050000,3031.000000,3033.300000,244
2019-02-26T12:00:00+05:30,3031.100000,3032.000000,3030.000000,3030.800000,93
2019-02-26T12:15:00+05:30,3030.050000,3030.050000,3027.100000,3028.000000,45
2019-02-26T12:30:00+05:30,3028.200000,3035.000000,3027.050000,3030.000000,442
2019-02-26T12:45:00+05:30,3030.000000,3040.000000,3027.500000,3040.000000,231
2019-02-26T13:00:00+05:30,3040.000000,3040.000000,3036.300000,3036.850000,114
2019-02-26T13:15:00+05:30,3036.850000,3039.000000,3036.850000,3038.000000,124
2019-02-26T13:30:00+05:30,3038.000000,3039.950000,3033.100000,3034.000000,243
2019-02-26T13:45:00+05:30,3034.000000,3047.100000,3033.050000,3045.000000,322
2019-02-26T14:00:00+05:30,3045.000000,3052.000000,3045.000000,3052.000000,187
2019-02-26T14:15:00+05:30,3052.000000,3054.050000,3050.000000,3051.050000,127
2019-02-26T14:30:00+05:30,3051.050000,3060.000000,3051.050000,3055.100000,370
2019-02-26T14:45:00+05:30,3056.800000,3056.800000,3037.600000,3039.050000,639
2019-02-26T15:00:00+05:30,3039.050000,3114.000000,3037.000000,3110.050000,6097
2019-02-26T15:15:00+05:30,3114.000000,3124.000000,3090.050000,3116.000000,4179
2019-02-27T09:15:00+05:30,3124.000000,3163.800000,3115.000000,3160.000000,2908
2019-02-27T09:30:00+05:30,3162.500000,3164.000000,3131.100000,3135.000000,4265
2019-02-27T09:45:00+05:30,3135.000000,3135.050000,3121.050000,3130.000000,1176
2019-02-27T10:00:00+05:30,3130.000000,3160.450000,3127.000000,3150.600000,6658
2019-02-27T10:15:00+05:30,3150.600000,3161.000000,3147.150000,3160.000000,1696
2019-02-27T10:30:00+05:30,3160.050000,3161.000000,3148.100000,3152.150000,1142
2019-02-27T10:45:00+05:30,3152.150000,3161.000000,3151.700000,3155.000000,590
2019-02-27T11:00:00+05:30,3155.000000,3160.700000,3154.850000,3155.150000,398
2019-02-27T11:15:00+05:30,3155.150000,3155.200000,3142.000000,3142.050000,637
2019-02-27T11:30:00+05:30,3142.050000,3148.350000,3132.000000,3135.050000,610
2019-02-27T11:45:00+05:30,3144.500000,3151.000000,3135.050000,3135.050000,667
2019-02-27T12:00:00+05:30,3135.050000,3135.050000,3060.000000,3067.250000,2610
2019-02-27T12:15:00+05:30,3066.000000,3093.850000,3065.050000,3077.900000,1039
2019-02-27T12:30:00+05:30,3078.000000,3085.300000,3072.000000,3085.300000,431
2019-02-27T12:45:00+05:30,3085.300000,3092.600000,3078.050000,3078.050000,736
2019-02-27T13:00:00+05:30,3078.050000,3080.450000,3066.050000,3068.250000,191
2019-02-27T13:15:00+05:30,3067.250000,3075.000000,3066.100000,3067.050000,187
2019-02-27T13:30:00+05:30,3067.050000,3091.450000,3067.050000,3080.000000,801
2019-02-27T13:45:00+05:30,3080.000000,3087.350000,3080.000000,3083.050000,69
2019-02-27T14:00:00+05:30,3088.000000,3088.000000,3068.350000,3071.500000,216
2019-02-27T14:15:00+05:30,3071.500000,3078.200000,3063.500000,3066.750000,406
2019-02-27T14:30:00+05:30,3066.750000,3075.850000,3065.500000,3072.000000,375
2019-02-27T14:45:00+05:30,3072.000000,3100.000000,3070.000000,3093.000000,1648
2019-02-27T15:00:00+05:30,3093.000000,3122.000000,3072.300000,3119.950000,3971
2019-02-27T15:15:00+05:30,3119.950000,3174.950000,3110.000000,3120.000000,6862
2019-02-28T09:15:00+05:30,3126.000000,3171.000000,3126.000000,3145.700000,1202
2019-02-28T09:30:00+05:30,3145.700000,3145.700000,3130.100000,3142.250000,1094
2019-02-28T09:45:00+05:30,3142.200000,3195.000000,3142.200000,3178.350000,3833
2019-02-28T10:00:00+05:30,3178.350000,3219.950000,3172.100000,3205.000000,9117
2019-02-28T10:15:00+05:30,3205.000000,3207.000000,3187.550000,3198.950000,3305
2019-02-28T10:30:00+05:30,3198.950000,3198.950000,3176.000000,3179.900000,1147
2019-02-28T10:45:00+05:30,3179.900000,3188.500000,3176.000000,3182.650000,1817
2019-02-28T11:00:00+05:30,3182.650000,3190.000000,3181.850000,3186.700000,155
2019-02-28T11:15:00+05:30,3186.700000,3186.700000,3175.000000,3175.000000,253
2019-02-28T11:30:00+05:30,3175.000000,3177.000000,3171.000000,3173.050000,253
2019-02-28T11:45:00+05:30,3173.050000,3175.000000,3171.000000,3175.000000,314
2019-02-28T12:00:00+05:30,3175.000000,3175.000000,3172.150000,3172.150000,720
2019-02-28T12:15:00+05:30,3172.150000,3181.000000,3170.500000,3179.850000,413
2019-02-28T12:30:00+05:30,3179.850000,3181.950000,3177.000000,3177.000000,75
2019-02-28T12:45:00+05:30,3177.000000,3189.900000,3177.000000,3187.000000,389
2019-02-28T13:00:00+05:30,3187.000000,3187.000000,3174.600000,3176.300000,277
2019-02-28T13:15:00+05:30,3176.300000,3185.100000,3176.300000,3185.100000,253
2019-02-28T13:30:00+05:30,3185.100000,3189.900000,3177.550000,3179.000000,354
2019-02-28T13:45:00+05:30,3179.000000,3183.000000,3175.000000,3180.000000,185
2019-02-28T14:00:00+05:30,3184.750000,3189.900000,3179.400000,3187.950000,285
2019-02-28T14:15:00+05:30,3187.950000,3187.950000,3183.900000,3185.500000,110
2019-02-28T14:30:00+05:30,3185.500000,3209.950000,3175.000000,3205.100000,2098
2019-02-28T14:45:00+05:30,3205.100000,3209.800000,3187.550000,3196.400000,1372
2019-02-28T15:00:00+05:30,3190.000000,3249.000000,3190.000000,3245.500000,11400
2019-02-28T15:15:00+05:30,3245.450000,3262.000000,3232.000000,3262.000000,8633
2019-03-01T09:15:00+05:30,3258.800000,3306.650000,3251.050000,3280.000000,2465
2019-03-01T09:30:00+05:30,3279.000000,3298.950000,3276.000000,3282.000000,1186
2019-03-01T09:45:00+05:30,3282.000000,3293.600000,3276.000000,3277.000000,1589
2019-03-01T10:00:00+05:30,3277.000000,3277.950000,3266.000000,3269.500000,872
2019-03-01T10:15:00+05:30,3269.500000,3277.000000,3253.000000,3259.700000,825
2019-03-01T10:30:00+05:30,3259.700000,3269.000000,3252.150000,3269.000000,300
2019-03-01T10:45:00+05:30,3269.000000,3270.000000,3265.800000,3269.950000,570
2019-03-01T11:00:00+05:30,3269.950000,3276.750000,3265.100000,3272.050000,384
2019-03-01T11:15:00+05:30,3276.700000,3281.950000,3276.600000,3276.750000,166
2019-03-01T11:30:00+05:30,3276.750000,3279.950000,3270.000000,3270.000000,516
2019-03-01T11:45:00+05:30,3270.000000,3276.600000,3270.000000,3274.650000,64
2019-03-01T12:00:00+05:30,3274.650000,3275.000000,3264.950000,3264.950000,449
2019-03-01T12:15:00+05:30,3260.000000,3268.450000,3250.000000,3254.450000,318
2019-03-01T12:30:00+05:30,3254.450000,3273.000000,3253.600000,3270.000000,161
2019-03-01T12:45:00+05:30,3275.000000,3275.000000,3270.000000,3272.500000,174
2019-03-01T13:00:00+05:30,3272.500000,3274.950000,3270.000000,3274.500000,91
2019-03-01T13:15:00+05:30,3274.500000,3275.000000,3256.000000,3259.550000,302
2019-03-01T13:30:00+05:30,3259.550000,3269.800000,3257.050000,3263.950000,259
2019-03-01T13:45:00+05:30,3263.950000,3265.450000,3258.100000,3258.400000,99
2019-03-01T14:00:00+05:30,3258.400000,3260.000000,3258.400000,3259.000000,120
2019-03-01T14:15:00+05:30,3260.000000,3275.850000,3259.000000,3272.900000,276
2019-03-01T14:30:00+05:30,3272.900000,3274.950000,3250.000000,3262.150000,920
2019-03-01T14:45:00+05:30,3262.150000,3263.000000,3256.000000,3257.000000,319
2019-03-01T15:00:00+05:30,3263.900000,3297.500000,3260.000000,3292.850000,2770
2019-03-01T15:15:00+05:30,3292.850000,3324.000000,3263.550000,3275.000000,7874
2019-03-05T09:15:00+05:30,3300.000000,3319.000000,3276.150000,3281.150000,1355
2019-03-05T09:30:00+05:30,3281.150000,3285.000000,3261.600000,3269.000000,1547
2019-03-05T09:45:00+05:30,3269.000000,3284.000000,3261.650000,3265.600000,622
2019-03-05T10:00:00+05:30,3265.600000,3285.750000,3265.600000,3282.000000,456
2019-03-05T10:15:00+05:30,3282.000000,3293.700000,3282.000000,3291.600000,428
2019-03-05T10:30:00+05:30,3291.600000,3294.900000,3279.950000,3279.950000,547
2019-03-05T10:45:00+05:30,3279.000000,3280.000000,3269.600000,3270.000000,263
2019-03-05T11:00:00+05:30,3270.000000,3281.000000,3268.100000,3272.700000,324
2019-03-05T11:15:00+05:30,3272.700000,3281.000000,3272.700000,3280.000000,189
2019-03-05T11:30:00+05:30,3280.000000,3309.900000,3275.650000,3309.900000,3114
2019-03-05T11:45:00+05:30,3309.900000,3309.900000,3283.100000,3284.200000,769
2019-03-05T12:00:00+05:30,3284.200000,3294.950000,3275.000000,3293.000000,401
2019-03-05T12:15:00+05:30,3293.000000,3294.900000,3281.150000,3283.750000,349
2019-03-05T12:30:00+05:30,3283.750000,3285.000000,3275.000000,3275.000000,466
2019-03-05T12:45:00+05:30,3275.000000,3275.000000,3261.150000,3261.900000,1246
2019-03-05T13:00:00+05:30,3261.500000,3270.000000,3253.250000,3265.000000,1041
2019-03-05T13:15:00+05:30,3265.000000,3287.950000,3260.000000,3275.100000,1078
2019-03-05T13:30:00+05:30,3275.100000,3279.400000,3269.050000,3274.950000,203
2019-03-05T13:45:00+05:30,3273.000000,3275.900000,3271.000000,3273.850000,185
2019-03-05T14:00:00+05:30,3273.850000,3275.850000,3268.900000,3272.450000,345
2019-03-05T14:15:00+05:30,3272.450000,3274.500000,3269.200000,3274.500000,134
2019-03-05T14:30:00+05:30,3274.500000,3275.000000,3270.000000,3273.300000,237
2019-03-05T14:45:00+05:30,3274.500000,3280.000000,3272.100000,3275.500000,399
2019-03-05T15:00:00+05:30,3275.500000,3333.000000,3275.050000,3319.200000,7516
2019-03-05T15:15:00+05:30,3319.200000,3350.000000,3315.100000,3349.000000,4006
2019-03-06T09:15:00+05:30,3306.850000,3392.950000,3306.850000,3362.400000,1309
2019-03-06T09:30:00+05:30,3362.400000,3364.150000,3340.000000,3345.000000,669
2019-03-06T09:45:00+05:30,3345.000000,3350.000000,3340.000000,3341.000000,583
2019-03-06T10:00:00+05:30,3345.950000,3352.900000,3340.000000,3340.000000,619
2019-03-06T10:15:00+05:30,3340.000000,3340.150000,3292.100000,3312.000000,1179
2019-03-06T10:30:00+05:30,3312.000000,3327.950000,3310.000000,3320.000000,601
2019-03-06T10:45:00+05:30,3320.000000,3325.000000,3315.000000,3322.300000,425
2019-03-06T11:00:00+05:30,3322.300000,3330.000000,3317.200000,3327.000000,328
2019-03-06T11:15:00+05:30,3327.000000,3328.650000,3323.150000,3328.000000,172
2019-03-06T11:30:00+05:30,3325.150000,3327.950000,3321.000000,3327.000000,123
2019-03-06T11:45:00+05:30,3327.000000,3327.850000,3321.000000,3324.900000,187
2019-03-06T12:00:00+05:30,3324.900000,3326.000000,3315.000000,3315.000000,241
2019-03-06T12:15:00+05:30,3315.000000,3316.900000,3312.050000,3314.950000,137
2019-03-06T12:30:00+05:30,3314.950000,3319.900000,3311.800000,3312.000000,214
2019-03-06T12:45:00+05:30,3312.000000,3327.000000,3312.000000,3320.050000,172
2019-03-06T13:00:00+05:30,3320.050000,3327.400000,3320.050000,3327.350000,34
2019-03-06T13:15:00+05:30,3327.350000,3328.750000,3323.000000,3323.000000,135
2019-03-06T13:30:00+05:30,3327.350000,3344.200000,3323.000000,3343.950000,588
2019-03-06T13:45:00+05:30,3343.950000,3347.500000,3337.800000,3347.500000,163
2019-03-06T14:00:00+05:30,3347.500000,3347.500000,3338.000000,3338.000000,200
2019-03-06T14:15:00+05:30,3338.000000,3339.500000,3326.000000,3334.250000,409
2019-03-06T14:30:00+05:30,3334.250000,3338.900000,3324.600000,3328.100000,944
2019-03-06T14:45:00+05:30,3328.100000,3339.950000,3324.100000,3332.500000,1616
2019-03-06T15:00:00+05:30,3332.500000,3332.500000,3295.000000,3297.000000,1409
2019-03-06T15:15:00+05:30,3295.000000,3295.000000,3253.000000,3268.750000,2761
2019-03-07T09:15:00+05:30,3300.850000,3305.150000,3272.000000,3276.150000,349
2019-03-07T09:30:00+05:30,3276.150000,3289.400000,3272.050000,3280.600000,390
2019-03-07T09:45:00+05:30,3280.600000,3281.000000,3263.800000,3263.800000,348
2019-03-07T10:00:00+05:30,3269.750000,3269.750000,3263.150000,3267.100000,122
2019-03-07T10:15:00+05:30,3267.100000,3275.600000,3267.100000,3270.500000,254
2019-03-07T10:30:00+05:30,3271.000000,3284.000000,3265.000000,3265.050000,533
2019-03-07T10:45:00+05:30,3265.050000,3279.950000,3263.150000,3270.350000,208
2019-03-07T11:00:00+05:30,3270.350000,3273.000000,3263.150000,3263.150000,252
2019-03-07T11:15:00+05:30,3263.150000,3282.450000,3263.150000,3263.150000,413
2019-03-07T11:30:00+05:30,3263.150000,3266.200000,3260.000000,3265.750000,247
2019-03-07T11:45:00+05:30,3260.000000,3265.950000,3260.000000,3264.950000,117
2019-03-07T12:00:00+05:30,3264.950000,3271.950000,3261.150000,3268.000000,242
2019-03-07T12:15:00+05:30,3268.000000,3275.000000,3260.300000,3269.350000,117
2019-03-07T12:30:00+05:30,3269.350000,3272.000000,3263.800000,3263.800000,160
2019-03-07T12:45:00+05:30,3265.000000,3265.000000,3241.050000,3241.100000,530
2019-03-07T13:00:00+05:30,3244.900000,3284.000000,3241.100000,3271.000000,514
2019-03-07T13:15:00+05:30,3271.050000,3274.800000,3269.550000,3269.550000,190
2019-03-07T13:30:00+05:30,3269.550000,3279.750000,3269.550000,3275.000000,82
2019-03-07T13:45:00+05:30,3275.000000,3290.000000,3275.000000,3283.000000,516
2019-03-07T14:00:00+05:30,3283.000000,3283.000000,3272.600000,3279.000000,339
2019-03-07T14:15:00+05:30,3279.000000,3282.000000,3279.000000,3282.000000,232
2019-03-07T14:30:00+05:30,3282.000000,3282.000000,3271.150000,3280.000000,294
2019-03-07T14:45:00+05:30,3280.000000,3288.950000,3263.050000,3266.850000,709
2019-03-07T15:00:00+05:30,3266.850000,3278.300000,3240.550000,3240.550000,980
2019-03-07T15:15:00+05:30,3240.550000,3240.550000,3211.000000,3220.000000,2312
2019-03-08T09:15:00+05:30,3225.000000,3240.000000,3220.000000,3229.000000,676
2019-03-08T09:30:00+05:30,3229.000000,3260.450000,3226.600000,3237.000000,513
2019-03-08T09:45:00+05:30,3237.000000,3239.750000,3223.450000,3224.000000,1273
2019-03-08T10:00:00+05:30,3224.000000,3250.050000,3223.950000,3242.850000,926
2019-03-08T10:15:00+05:30,3242.850000,3250.000000,3237.000000,3246.100000,546
2019-03-08T10:30:00+05:30,3246.000000,3248.850000,3185.250000,3210.000000,2273
2019-03-08T10:45:00+05:30,3210.450000,3228.000000,3200.000000,3228.000000,489
2019-03-08T11:00:00+05:30,3228.000000,3229.000000,3211.300000,3217.250000,488
2019-03-08T11:15:00+05:30,3217.250000,3232.000000,3217.250000,3230.000000,93
2019-03-08T11:30:00+05:30,3230.000000,3231.300000,3225.000000,3230.000000,419
2019-03-08T11:45:00+05:30,3230.000000,3230.000000,3220.100000,3223.750000,167
2019-03-08T12:00:00+05:30,3224.000000,3226.050000,3221.100000,3222.050000,45
2019-03-08T12:15:00+05:30,3222.050000,3225.000000,3209.250000,3209.250000,196
2019-03-08T12:30:00+05:30,3210.000000,3215.950000,3204.050000,3213.000000,208
2019-03-08T12:45:00+05:30,3213.000000,3215.000000,3192.050000,3206.950000,595
2019-03-08T13:00:00+05:30,3206.950000,3220.000000,3206.000000,3210.450000,369
2019-03-08T13:15:00+05:30,3210.450000,3210.450000,3205.900000,3205.900000,62
2019-03-08T13:30:00+05:30,3205.900000,3214.200000,3204.500000,3212.800000,148
2019-03-08T13:45:00+05:30,3212.800000,3212.800000,3208.000000,3208.000000,41
2019-03-08T14:00:00+05:30,3208.000000,3213.000000,3205.000000,3206.400000,82
2019-03-08T14:15:00+05:30,3206.400000,3211.400000,3201.000000,3201.050000,79
2019-03-08T14:30:00+05:30,3201.050000,3207.050000,3201.050000,3205.100000,697
2019-03-08T14:45:00+05:30,3205.100000,3213.900000,3192.000000,3195.100000,2027
2019-03-08T15:00:00+05:30,3195.100000,3228.500000,3185.600000,3221.000000,2567
2019-03-08T15:15:00+05:30,3221.000000,3225.000000,3185.100000,3190.900000,2716
2019-03-11T09:15:00+05:30,3215.000000,3219.800000,3201.250000,3210.900000,502
2019-03-11T09:30:00+05:30,3210.900000,3225.550000,3210.400000,3217.400000,243
2019-03-11T09:45:00+05:30,3217.400000,3220.000000,3214.000000,3217.950000,147
2019-03-11T10:00:00+05:30,3217.950000,3217.950000,3210.100000,3210.100000,72
2019-03-11T10:15:00+05:30,3210.000000,3222.000000,3210.000000,3220.100000,258
2019-03-11T10:30:00+05:30,3220.100000,3225.550000,3218.500000,3225.550000,257
2019-03-11T10:45:00+05:30,3222.050000,3227.000000,3222.000000,3224.150000,378
2019-03-11T11:00:00+05:30,3224.150000,3237.700000,3224.000000,3224.050000,227
2019-03-11T11:15:00+05:30,3224.050000,3226.000000,3216.800000,3225.000000,115
2019-03-11T11:30:00+05:30,3225.000000,3232.000000,3219.000000,3219.000000,163
2019-03-11T11:45:00+05:30,3219.000000,3219.000000,3213.050000,3216.400000,72
2019-03-11T12:00:00+05:30,3216.400000,3218.300000,3211.000000,3213.200000,251
2019-03-11T12:15:00+05:30,3213.200000,3213.200000,3206.000000,3212.050000,170
2019-03-11T12:30:00+05:30,3212.050000,3215.900000,3212.000000,3213.000000,20
2019-03-11T12:45:00+05:30,3213.000000,3218.950000,3212.000000,3212.000000,73
2019-03-11T13:00:00+05:30,3198.950000,3199.450000,3191.350000,3194.950000,481
2019-03-11T13:15:00+05:30,3194.950000,3203.500000,3194.950000,3202.050000,153
2019-03-11T13:30:00+05:30,3202.050000,3210.250000,3202.050000,3204.700000,205
2019-03-11T13:45:00+05:30,3205.000000,3210.250000,3204.100000,3210.250000,211
2019-03-11T14:00:00+05:30,3210.250000,3210.250000,3196.300000,3199.300000,185
2019-03-11T14:15:00+05:30,3199.300000,3207.000000,3198.900000,3206.650000,244
2019-03-11T14:30:00+05:30,3206.650000,3209.800000,3196.400000,3196.800000,1205
2019-03-11T14:45:00+05:30,3196.800000,3202.450000,3195.000000,3202.450000,903
2019-03-11T15:00:00+05:30,3202.450000,3207.000000,3195.100000,3195.700000,1957
2019-03-11T15:15:00+05:30,3195.700000,3209.000000,3181.100000,3196.000000,2210
2019-03-12T09:15:00+05:30,3205.000000,3222.200000,3205.000000,3216.200000,162
2019-03-12T09:30:00+05:30,3216.200000,3217.950000,3210.000000,3210.000000,281
2019-03-12T09:45:00+05:30,3210.000000,3214.050000,3205.000000,3205.050000,257
2019-03-12T10:00:00+05:30,3205.050000,3205.950000,3193.550000,3200.750000,1270
2019-03-12T10:15:00+05:30,3200.750000,3218.000000,3200.150000,3216.700000,220
2019-03-12T10:30:00+05:30,3216.700000,3252.300000,3216.700000,3234.200000,1459
2019-03-12T10:45:00+05:30,3234.200000,3234.200000,3226.550000,3232.200000,50
2019-03-12T11:00:00+05:30,3232.200000,3236.850000,3217.800000,3218.750000,549
2019-03-12T11:15:00+05:30,3218.750000,3218.850000,3210.000000,3214.950000,236
2019-03-12T11:30:00+05:30,3214.950000,3215.000000,3195.100000,3201.250000,865
2019-03-12T11:45:00+05:30,3201.250000,3203.000000,3183.500000,3189.950000,465
2019-03-12T12:00:00+05:30,3189.950000,3215.000000,3189.950000,3202.700000,323
2019-03-12T12:15:00+05:30,3202.700000,3204.050000,3200.000000,3203.500000,83
2019-03-12T12:30:00+05:30,3204.200000,3211.500000,3201.200000,3208.750000,114
2019-03-12T12:45:00+05:30,3208.700000,3210.000000,3203.000000,3208.650000,144
2019-03-12T13:00:00+05:30,3208.650000,3210.000000,3206.700000,3206.700000,62
2019-03-12T13:15:00+05:30,3206.700000,3206.700000,3203.000000,3203.750000,97
2019-03-12T13:30:00+05:30,3203.750000,3206.750000,3199.200000,3203.150000,104
2019-03-12T13:45:00+05:30,3203.150000,3203.150000,3199.000000,3202.350000,41
2019-03-12T14:00:00+05:30,3202.350000,3209.000000,3202.350000,3206.700000,81
2019-03-12T14:15:00+05:30,3206.700000,3206.700000,3196.000000,3196.000000,273
2019-03-12T14:30:00+05:30,3196.000000,3197.150000,3192.450000,3194.000000,154
2019-03-12T14:45:00+05:30,3196.750000,3199.900000,3190.250000,3192.100000,526
2019-03-12T15:00:00+05:30,3192.100000,3238.000000,3192.100000,3227.000000,2613
2019-03-12T15:15:00+05:30,3227.000000,3245.000000,3201.050000,3211.000000,1922
2019-03-13T09:15:00+05:30,3221.000000,3235.000000,3215.000000,3220.900000,76
2019-03-13T09:30:00+05:30,3220.900000,3220.900000,3191.000000,3200.000000,469
2019-03-13T09:45:00+05:30,3200.000000,3209.550000,3196.900000,3200.300000,559
2019-03-13T10:00:00+05:30,3200.300000,3205.450000,3194.000000,3195.400000,281
2019-03-13T10:15:00+05:30,3195.400000,3197.800000,3191.000000,3191.000000,129
2019-03-13T10:30:00+05:30,3191.000000,3203.950000,3191.000000,3195.050000,236
2019-03-13T10:45:00+05:30,3195.050000,3196.050000,3185.000000,3190.100000,415
2019-03-13T11:00:00+05:30,3190.100000,3198.550000,3187.000000,3193.500000,82
2019-03-13T11:15:00+05:30,3193.500000,3200.950000,3193.500000,3198.250000,125
2019-03-13T11:30:00+05:30,3198.250000,3199.950000,3191.500000,3194.400000,70
2019-03-13T11:45:00+05:30,3194.400000,3200.000000,3194.400000,3195.800000,36
2019-03-13T12:00:00+05:30,3195.800000,3195.950000,3190.050000,3192.050000,91
2019-03-13T12:15:00+05:30,3192.050000,3199.950000,3192.050000,3194.250000,190
2019-03-13T12:30:00+05:30,3194.250000,3199.950000,3193.650000,3194.950000,67
2019-03-13T12:45:00+05:30,3194.900000,3199.950000,3194.900000,3195.750000,1352
2019-03-13T13:00:00+05:30,3195.750000,3201.950000,3195.750000,3199.600000,237
2019-03-13T13:15:00+05:30,3199.600000,3202.000000,3199.600000,3199.600000,58
2019-03-13T13:30:00+05:30,3199.600000,3202.000000,3193.050000,3197.100000,490
2019-03-13T13:45:00+05:30,3198.300000,3198.300000,3185.100000,3189.000000,463
2019-03-13T14:00:00+05:30,3189.000000,3199.400000,3187.550000,3197.550000,225
2019-03-13T14:15:00+05:30,3195.900000,3200.000000,3191.000000,3192.500000,1186
2019-03-13T14:30:00+05:30,3192.500000,3200.000000,3185.100000,3188.950000,1310
2019-03-13T14:45:00+05:30,3191.900000,3195.000000,3186.250000,3194.950000,347
2019-03-13T15:00:00+05:30,3196.100000,3200.000000,3162.000000,3166.300000,2965
2019-03-13T15:15:00+05:30,3166.300000,3174.350000,3132.300000,3142.050000,3200
2019-03-14T09:15:00+05:30,3160.000000,3169.900000,3152.000000,3155.200000,268
2019-03-14T09:30:00+05:30,3155.200000,3160.450000,3142.000000,3147.300000,605
2019-03-14T09:45:00+05:30,3147.300000,3155.750000,3145.000000,3155.750000,125
2019-03-14T10:00:00+05:30,3155.750000,3155.750000,3132.050000,3136.550000,443
2019-03-14T10:15:00+05:30,3135.500000,3143.850000,3135.500000,3142.400000,83
2019-03-14T10:30:00+05:30,3142.400000,3146.900000,3138.050000,3138.050000,271
2019-03-14T10:45:00+05:30,3138.050000,3140.000000,3137.500000,3138.200000,72
2019-03-14T11:00:00+05:30,3138.200000,3138.200000,3134.000000,3134.000000,191
2019-03-14T11:15:00+05:30,3134.000000,3134.500000,3121.800000,3123.650000,587
2019-03-14T11:30:00+05:30,3123.700000,3140.000000,3123.650000,3135.300000,1669
2019-03-14T11:45:00+05:30,3135.000000,3135.300000,3135.000000,3135.000000,139
2019-03-14T12:00:00+05:30,3132.100000,3132.600000,3129.150000,3129.200000,148
2019-03-14T12:15:00+05:30,3129.150000,3130.050000,3125.700000,3126.900000,129
2019-03-14T12:30:00+05:30,3126.900000,3127.450000,3125.050000,3127.450000,103
2019-03-14T12:45:00+05:30,3127.450000,3127.450000,3120.000000,3122.650000,223
2019-03-14T13:00:00+05:30,3122.650000,3129.600000,3122.650000,3129.600000,67
2019-03-14T13:15:00+05:30,3129.600000,3136.450000,3129.600000,3131.200000,77
2019-03-14T13:30:00+05:30,3131.200000,3137.850000,3131.200000,3137.700000,33
2019-03-14T13:45:00+05:30,3137.700000,3139.500000,3135.050000,3135.050000,125
2019-03-14T14:00:00+05:30,3135.050000,3139.950000,3132.050000,3135.050000,200
2019-03-14T14:15:00+05:30,3135.050000,3149.950000,3135.050000,3149.600000,354
2019-03-14T14:30:00+05:30,3149.600000,3149.600000,3133.000000,3133.000000,763
2019-03-14T14:45:00+05:30,3135.650000,3137.000000,3126.150000,3136.900000,597
2019-03-14T15:00:00+05:30,3136.900000,3157.950000,3135.100000,3152.800000,3187
2019-03-14T15:15:00+05:30,3152.800000,3173.950000,3135.150000,3142.000000,1540
2019-03-15T09:15:00+05:30,3148.900000,3148.900000,3125.100000,3126.450000,617
2019-03-15T09:30:00+05:30,3126.450000,3139.950000,3125.000000,3138.050000,254
2019-03-15T09:45:00+05:30,3138.050000,3140.950000,3132.000000,3135.000000,58
2019-03-15T10:00:00+05:30,3135.000000,3135.000000,3128.000000,3128.000000,138
2019-03-15T10:15:00+05:30,3128.900000,3129.300000,3124.000000,3124.000000,172
2019-03-15T10:30:00+05:30,3124.000000,3126.500000,3121.100000,3124.000000,250
2019-03-15T10:45:00+05:30,3124.000000,3129.000000,3124.000000,3129.000000,136
2019-03-15T11:00:00+05:30,3129.000000,3130.000000,3127.050000,3130.000000,243
2019-03-15T11:15:00+05:30,3130.000000,3130.000000,3127.000000,3130.000000,76
2019-03-15T11:30:00+05:30,3130.000000,3130.000000,3122.000000,3122.000000,73
2019-03-15T11:45:00+05:30,3122.900000,3129.850000,3122.900000,3129.800000,92
2019-03-15T12:00:00+05:30,3129.800000,3130.000000,3124.850000,3124.850000,86
2019-03-15T12:15:00+05:30,3124.850000,3128.000000,3122.000000,3128.000000,89
2019-03-15T12:30:00+05:30,3128.000000,3129.900000,3126.000000,3129.000000,41
2019-03-15T12:45:00+05:30,3129.000000,3139.900000,3129.000000,3139.000000,278
2019-03-15T13:00:00+05:30,3139.000000,3140.000000,3135.950000,3139.950000,83
2019-03-15T13:15:00+05:30,3140.700000,3140.700000,3129.050000,3135.000000,330
2019-03-15T13:30:00+05:30,3135.000000,3138.950000,3135.000000,3138.800000,117
2019-03-15T13:45:00+05:30,3138.800000,3141.300000,3136.550000,3137.950000,103
2019-03-15T14:00:00+05:30,3139.600000,3163.950000,3139.350000,3155.000000,1096
2019-03-15T14:15:00+05:30,3157.450000,3163.350000,3147.000000,3160.100000,588
2019-03-15T14:30:00+05:30,3160.100000,3164.900000,3154.900000,3164.500000,256
2019-03-15T14:45:00+05:30,3164.900000,3167.000000,3154.850000,3157.050000,387
2019-03-15T15:00:00+05:30,3158.800000,3219.950000,3158.800000,3219.950000,5903
2019-03-15T15:15:00+05:30,3218.850000,3223.850000,3204.400000,3206.200000,1819
2019-03-18T09:15:00+05:30,3228.000000,3235.050000,3209.000000,3220.400000,442
2019-03-18T09:30:00+05:30,3220.400000,3230.150000,3215.500000,3216.700000,440
2019-03-18T09:45:00+05:30,3216.700000,3225.500000,3215.500000,3221.600000,219
2019-03-18T10:00:00+05:30,3221.600000,3230.000000,3216.350000,3218.350000,854
2019-03-18T10:15:00+05:30,3218.350000,3221.300000,3211.050000,3212.850000,192
2019-03-18T10:30:00+05:30,3212.850000,3212.850000,3176.000000,3176.000000,598
2019-03-18T10:45:00+05:30,3176.000000,3179.400000,3153.000000,3170.000000,611
2019-03-18T11:00:00+05:30,3170.000000,3175.000000,3165.800000,3168.000000,156
2019-03-18T11:15:00+05:30,3168.000000,3173.900000,3168.000000,3170.750000,31
2019-03-18T11:30:00+05:30,3170.750000,3175.000000,3170.750000,3172.200000,103
2019-03-18T11:45:00+05:30,3172.200000,3179.700000,3172.200000,3176.000000,114
2019-03-18T12:00:00+05:30,3176.000000,3180.400000,3176.000000,3180.000000,131
2019-03-18T12:15:00+05:30,3181.900000,3182.000000,3171.100000,3174.000000,150
2019-03-18T12:30:00+05:30,3174.000000,3182.000000,3171.550000,3178.400000,239
2019-03-18T12:45:00+05:30,3178.400000,3192.050000,3175.500000,3182.500000,687
2019-03-18T13:00:00+05:30,3182.500000,3193.400000,3182.500000,3190.150000,87
2019-03-18T13:15:00+05:30,3190.150000,3195.000000,3188.600000,3193.450000,284
2019-03-18T13:30:00+05:30,3193.450000,3193.450000,3188.350000,3192.250000,39
2019-03-18T13:45:00+05:30,3192.250000,3194.000000,3187.550000,3194.000000,129
2019-03-18T14:00:00+05:30,3191.050000,3194.900000,3188.350000,3188.550000,116
2019-03-18T14:15:00+05:30,3188.550000,3194.750000,3178.000000,3181.950000,222
2019-03-18T14:30:00+05:30,3181.950000,3198.950000,3178.550000,3197.900000,320
2019-03-18T14:45:00+05:30,3197.900000,3220.000000,3197.900000,3217.250000,752
2019-03-18T15:00:00+05:30,3217.250000,3236.600000,3217.150000,3232.350000,2862
2019-03-18T15:15:00+05:30,3232.350000,3250.000000,3211.050000,3217.050000,2467
2019-03-19T09:15:00+05:30,3255.000000,3255.000000,3207.050000,3220.450000,738
2019-03-19T09:30:00+05:30,3225.550000,3238.100000,3218.200000,3224.000000,590
2019-03-19T09:45:00+05:30,3224.000000,3235.750000,3224.000000,3234.900000,613
2019-03-19T10:00:00+05:30,3234.900000,3245.000000,3232.650000,3244.400000,351
2019-03-19T10:15:00+05:30,3244.400000,3254.150000,3242.150000,3254.000000,342
2019-03-19T10:30:00+05:30,3254.000000,3255.000000,3250.200000,3253.050000,228
2019-03-19T10:45:00+05:30,3253.050000,3253.050000,3244.000000,3244.000000,177
2019-03-19T11:00:00+05:30,3244.000000,3244.250000,3225.650000,3225.700000,171
2019-03-19T11:15:00+05:30,3225.700000,3228.550000,3215.000000,3215.000000,333
2019-03-19T11:30:00+05:30,3215.000000,3226.950000,3212.050000,3215.200000,336
2019-03-19T11:45:00+05:30,3215.200000,3223.950000,3215.200000,3217.550000,233
2019-03-19T12:00:00+05:30,3217.550000,3222.700000,3216.050000,3222.700000,234
2019-03-19T12:15:00+05:30,3222.700000,3226.450000,3219.300000,3219.300000,321
2019-03-19T12:30:00+05:30,3219.300000,3219.300000,3209.000000,3209.000000,498
2019-03-19T12:45:00+05:30,3209.000000,3210.000000,3183.950000,3196.650000,1280
2019-03-19T13:00:00+05:30,3196.450000,3200.000000,3192.000000,3200.000000,527
2019-03-19T13:15:00+05:30,3200.000000,3200.000000,3187.900000,3188.450000,449
2019-03-19T13:30:00+05:30,3188.450000,3193.550000,3183.100000,3185.800000,938
2019-03-19T13:45:00+05:30,3185.050000,3192.950000,3183.050000,3184.850000,993
2019-03-19T14:00:00+05:30,3184.850000,3189.000000,3175.100000,3181.000000,1382
2019-03-19T14:15:00+05:30,3181.000000,3184.650000,3170.100000,3171.200000,1122
2019-03-19T14:30:00+05:30,3171.200000,3180.850000,3171.000000,3178.450000,1596
2019-03-19T14:45:00+05:30,3178.450000,3180.100000,3175.000000,3179.350000,1548
2019-03-19T15:00:00+05:30,3179.350000,3193.000000,3175.000000,3177.250000,4688
2019-03-19T15:15:00+05:30,3177.250000,3179.850000,3160.000000,3168.000000,7776
2019-03-20T09:15:00+05:30,3176.050000,3184.000000,3153.050000,3153.100000,640
2019-03-20T09:30:00+05:30,3155.750000,3173.950000,3152.550000,3170.650000,206
2019-03-20T09:45:00+05:30,3170.650000,3174.750000,3163.100000,3166.450000,102
2019-03-20T10:00:00+05:30,3166.450000,3170.950000,3161.000000,3161.200000,148
2019-03-20T10:15:00+05:30,3164.500000,3169.000000,3161.550000,3168.850000,68
2019-03-20T10:30:00+05:30,3168.850000,3169.500000,3161.000000,3161.000000,154
2019-03-20T10:45:00+05:30,3161.000000,3164.500000,3161.000000,3164.000000,47
2019-03-20T11:00:00+05:30,3166.300000,3169.500000,3161.000000,3165.800000,337
2019-03-20T11:15:00+05:30,3165.800000,3167.300000,3163.100000,3163.100000,79
2019-03-20T11:30:00+05:30,3163.100000,3168.700000,3161.000000,3161.000000,508
2019-03-20T11:45:00+05:30,3161.000000,3169.800000,3161.000000,3166.100000,255
2019-03-20T12:00:00+05:30,3166.100000,3166.400000,3161.000000,3161.000000,273
2019-03-20T12:15:00+05:30,3161.000000,3164.550000,3161.000000,3161.050000,114
2019-03-20T12:30:00+05:30,3161.050000,3164.550000,3161.050000,3161.050000,80
2019-03-20T12:45:00+05:30,3162.050000,3166.400000,3161.100000,3165.000000,99
2019-03-20T13:00:00+05:30,3165.000000,3166.400000,3162.300000,3162.900000,89
2019-03-20T13:15:00+05:30,3162.550000,3169.450000,3162.550000,3166.050000,256
2019-03-20T13:30:00+05:30,3166.050000,3169.000000,3166.000000,3166.000000,61
2019-03-20T13:45:00+05:30,3166.000000,3169.650000,3166.000000,3169.650000,116
2019-03-20T14:00:00+05:30,3169.650000,3169.650000,3161.000000,3165.050000,230
2019-03-20T14:15:00+05:30,3165.050000,3168.600000,3162.700000,3162.700000,101
2019-03-20T14:30:00+05:30,3162.700000,3171.000000,3162.450000,3168.500000,291
2019-03-20T14:45:00+05:30,3168.600000,3197.000000,3168.600000,3188.000000,1233
2019-03-20T15:00:00+05:30,3188.000000,3208.900000,3186.200000,3193.850000,3158
2019-03-20T15:15:00+05:30,3193.850000,3235.000000,3190.050000,3210.000000,4954
2019-03-22T09:15:00+05:30,3207.000000,3215.000000,3196.600000,3196.600000,260
2019-03-22T09:30:00+05:30,3196.600000,3196.950000,3185.050000,3190.550000,182
2019-03-22T09:45:00+05:30,3190.550000,3193.450000,3180.000000,3184.000000,378
2019-03-22T10:00:00+05:30,3184.000000,3185.500000,3182.000000,3183.000000,157
2019-03-22T10:15:00+05:30,3183.000000,3185.900000,3181.000000,3184.750000,158
2019-03-22T10:30:00+05:30,3182.000000,3185.250000,3180.050000,3180.050000,170
2019-03-22T10:45:00+05:30,3180.050000,3184.600000,3175.000000,3184.600000,236
2019-03-22T11:00:00+05:30,3184.600000,3184.600000,3175.000000,3182.250000,170
2019-03-22T11:15:00+05:30,3182.250000,3183.650000,3180.000000,3181.650000,50
2019-03-22T11:30:00+05:30,3182.250000,3185.300000,3172.000000,3174.350000,589
2019-03-22T11:45:00+05:30,3174.350000,3180.100000,3172.000000,3172.000000,195
2019-03-22T12:00:00+05:30,3172.000000,3182.750000,3172.000000,3177.400000,52
2019-03-22T12:15:00+05:30,3177.400000,3180.000000,3176.150000,3180.000000,78
2019-03-22T12:30:00+05:30,3180.000000,3185.000000,3179.800000,3181.050000,50
2019-03-22T12:45:00+05:30,3182.600000,3187.400000,3181.050000,3181.050000,113
2019-03-22T13:00:00+05:30,3181.050000,3186.000000,3175.250000,3186.000000,326
2019-03-22T13:15:00+05:30,3186.000000,3190.000000,3180.350000,3186.750000,266
2019-03-22T13:30:00+05:30,3186.750000,3188.000000,3180.000000,3182.000000,129
2019-03-22T13:45:00+05:30,3182.000000,3189.950000,3181.550000,3182.300000,192
2019-03-22T14:00:00+05:30,3182.300000,3190.000000,3175.700000,3185.350000,391
2019-03-22T14:15:00+05:30,3185.200000,3196.450000,3178.900000,3185.100000,475
2019-03-22T14:30:00+05:30,3185.100000,3201.000000,3185.100000,3194.950000,917
2019-03-22T14:45:00+05:30,3194.950000,3194.950000,3173.000000,3177.550000,885
2019-03-22T15:00:00+05:30,3177.550000,3215.000000,3175.500000,3210.000000,3110
2019-03-22T15:15:00+05:30,3210.000000,3214.950000,3175.500000,3175.700000,2452
2019-03-25T09:15:00+05:30,3167.150000,3182.950000,3152.200000,3160.350000,1083
2019-03-25T09:30:00+05:30,3160.350000,3164.850000,3155.550000,3159.950000,571
2019-03-25T09:45:00+05:30,3159.950000,3167.000000,3158.000000,3167.000000,151
2019-03-25T10:00:00+05:30,3167.000000,3177.250000,3167.000000,3172.800000,208
2019-03-25T10:15:00+05:30,3172.800000,3172.800000,3155.300000,3157.200000,490
2019-03-25T10:30:00+05:30,3157.200000,3162.150000,3157.000000,3161.600000,420
2019-03-25T10:45:00+05:30,3161.600000,3163.400000,3152.200000,3155.300000,298
2019-03-25T11:00:00+05:30,3153.000000,3155.350000,3136.050000,3145.300000,633
2019-03-25T11:15:00+05:30,3145.300000,3149.450000,3136.000000,3139.450000,529
2019-03-25T11:30:00+05:30,3139.450000,3141.950000,3137.150000,3138.000000,117
2019-03-25T11:45:00+05:30,3138.000000,3160.450000,3138.000000,3149.650000,443
2019-03-25T12:00:00+05:30,3149.650000,3153.600000,3135.000000,3150.450000,831
2019-03-25T12:15:00+05:30,3150.450000,3154.000000,3150.450000,3153.950000,52
2019-03-25T12:30:00+05:30,3153.950000,3153.950000,3146.550000,3150.300000,122
2019-03-25T12:45:00+05:30,3150.300000,3155.000000,3150.000000,3154.950000,42
2019-03-25T13:00:00+05:30,3155.750000,3158.700000,3149.650000,3154.050000,76
2019-03-25T13:15:00+05:30,3154.050000,3154.350000,3146.650000,3153.800000,134
2019-03-25T13:30:00+05:30,3153.800000,3154.000000,3147.000000,3147.000000,162
2019-03-25T13:45:00+05:30,3147.000000,3154.350000,3146.800000,3152.750000,119
2019-03-25T14:00:00+05:30,3152.750000,3155.300000,3147.100000,3149.700000,112
2019-03-25T14:15:00+05:30,3149.650000,3157.950000,3147.100000,3157.400000,236
2019-03-25T14:30:00+05:30,3157.700000,3167.950000,3155.100000,3155.250000,450
2019-03-25T14:45:00+05:30,3155.250000,3168.150000,3153.050000,3166.000000,625
2019-03-25T15:00:00+05:30,3166.000000,3189.850000,3166.000000,3174.850000,3754
2019-03-25T15:15:00+05:30,3174.850000,3200.050000,3160.000000,3160.100000,3756
2019-03-26T09:15:00+05:30,3165.000000,3191.450000,3144.000000,3145.700000,1207
2019-03-26T09:30:00+05:30,3145.700000,3155.000000,3145.700000,3152.400000,280
2019-03-26T09:45:00+05:30,3152.400000,3155.850000,3150.500000,3152.950000,125
2019-03-26T10:00:00+05:30,3152.950000,3155.950000,3152.950000,3155.800000,134
2019-03-26T10:15:00+05:30,3155.800000,3161.950000,3151.000000,3151.850000,409
2019-03-26T10:30:00+05:30,3151.850000,3152.950000,3151.000000,3152.950000,79
2019-03-26T10:45:00+05:30,3152.950000,3153.250000,3152.000000,3152.000000,32
2019-03-26T11:00:00+05:30,3152.000000,3152.750000,3151.150000,3152.400000,82
2019-03-26T11:15:00+05:30,3151.100000,3154.000000,3151.100000,3154.000000,55
2019-03-26T11:30:00+05:30,3154.000000,3157.000000,3154.000000,3157.000000,64
2019-03-26T11:45:00+05:30,3155.550000,3158.850000,3154.000000,3155.000000,89
2019-03-26T12:00:00+05:30,3155.000000,3158.850000,3155.000000,3157.150000,55
2019-03-26T12:15:00+05:30,3157.200000,3157.800000,3155.050000,3155.050000,63
2019-03-26T12:30:00+05:30,3155.000000,3158.850000,3154.000000,3158.400000,114
2019-03-26T12:45:00+05:30,3158.950000,3161.000000,3157.000000,3158.000000,195
2019-03-26T13:00:00+05:30,3157.050000,3158.000000,3150.850000,3152.150000,417
2019-03-26T13:15:00+05:30,3152.150000,3156.000000,3150.100000,3152.700000,628
2019-03-26T13:30:00+05:30,3152.700000,3160.950000,3151.150000,3158.000000,816
2019-03-26T13:45:00+05:30,3158.000000,3167.850000,3157.350000,3162.500000,1618
2019-03-26T14:00:00+05:30,3162.500000,3162.550000,3156.050000,3159.000000,635
2019-03-26T14:15:00+05:30,3159.000000,3159.000000,3157.600000,3158.850000,342
2019-03-26T14:30:00+05:30,3158.850000,3173.950000,3153.100000,3166.050000,7169
2019-03-26T14:45:00+05:30,3166.050000,3185.000000,3166.050000,3179.000000,1620
2019-03-26T15:00:00+05:30,3179.000000,3217.750000,3172.600000,3217.750000,5069
2019-03-26T15:15:00+05:30,3205.500000,3287.950000,3205.500000,3245.000000,9705
2019-03-27T09:15:00+05:30,3220.600000,3221.950000,3205.100000,3219.200000,553
2019-03-27T09:30:00+05:30,3219.200000,3235.000000,3215.950000,3215.950000,353
2019-03-27T09:45:00+05:30,3215.950000,3217.750000,3206.050000,3212.000000,143
2019-03-27T10:00:00+05:30,3212.000000,3225.550000,3212.000000,3220.000000,401
2019-03-27T10:15:00+05:30,3220.000000,3231.550000,3220.000000,3228.050000,397
2019-03-27T10:30:00+05:30,3228.050000,3234.650000,3227.000000,3230.400000,590
2019-03-27T10:45:00+05:30,3230.400000,3233.000000,3227.150000,3230.000000,586
2019-03-27T11:00:00+05:30,3231.100000,3231.100000,3227.000000,3227.000000,145
2019-03-27T11:15:00+05:30,3227.000000,3230.000000,3212.050000,3213.450000,684
2019-03-27T11:30:00+05:30,3213.450000,3229.050000,3212.950000,3226.300000,267
2019-03-27T11:45:00+05:30,3226.300000,3230.000000,3210.150000,3215.000000,408
2019-03-27T12:00:00+05:30,3215.000000,3215.000000,3191.050000,3202.250000,1222
2019-03-27T12:15:00+05:30,3202.250000,3229.000000,3202.250000,3229.000000,548
2019-03-27T12:30:00+05:30,3226.600000,3232.000000,3216.100000,3226.550000,455
2019-03-27T12:45:00+05:30,3226.550000,3249.700000,3225.000000,3246.100000,855
2019-03-27T13:00:00+05:30,3246.100000,3248.950000,3231.900000,3243.300000,289
2019-03-27T13:15:00+05:30,3243.300000,3280.000000,3241.400000,3253.750000,2730
2019-03-27T13:30:00+05:30,3253.750000,3253.750000,3227.950000,3236.850000,708
2019-03-27T13:45:00+05:30,3238.150000,3250.000000,3226.100000,3244.500000,809
2019-03-27T14:00:00+05:30,3244.000000,3245.000000,3225.000000,3242.450000,342
2019-03-27T14:15:00+05:30,3242.450000,3250.000000,3235.100000,3243.300000,474
2019-03-27T14:30:00+05:30,3243.300000,3277.900000,3238.600000,3252.000000,1456
2019-03-27T14:45:00+05:30,3252.000000,3272.500000,3250.000000,3267.500000,1687
2019-03-27T15:00:00+05:30,3267.500000,3287.950000,3260.000000,3266.800000,5636
2019-03-27T15:15:00+05:30,3266.800000,3272.950000,3224.000000,3228.000000,4583
2019-03-28T09:15:00+05:30,3251.000000,3260.000000,3230.550000,3252.500000,960
2019-03-28T09:30:00+05:30,3252.500000,3262.950000,3248.000000,3253.000000,456
2019-03-28T09:45:00+05:30,3253.000000,3260.000000,3250.000000,3250.000000,264
2019-03-28T10:00:00+05:30,3250.000000,3250.000000,3243.000000,3246.000000,108
2019-03-28T10:15:00+05:30,3246.000000,3253.950000,3245.000000,3250.000000,167
2019-03-28T10:30:00+05:30,3249.000000,3249.000000,3233.900000,3247.750000,296
2019-03-28T10:45:00+05:30,3246.000000,3252.750000,3242.800000,3245.800000,3188
2019-03-28T11:00:00+05:30,3245.800000,3246.000000,3242.850000,3242.850000,71
2019-03-28T11:15:00+05:30,3242.850000,3245.900000,3230.000000,3235.800000,425
2019-03-28T11:30:00+05:30,3235.800000,3244.450000,3235.750000,3242.150000,136
2019-03-28T11:45:00+05:30,3242.150000,3249.950000,3241.700000,3241.700000,97
2019-03-28T12:00:00+05:30,3241.700000,3251.000000,3240.200000,3242.800000,222
2019-03-28T12:15:00+05:30,3242.800000,3247.000000,3241.650000,3246.950000,88
2019-03-28T12:30:00+05:30,3246.950000,3247.000000,3243.500000,3247.000000,89
2019-03-28T12:45:00+05:30,3247.000000,3250.950000,3243.050000,3245.000000,433
2019-03-28T13:00:00+05:30,3245.000000,3245.850000,3238.450000,3243.050000,275
2019-03-28T13:15:00+05:30,3243.100000,3249.000000,3237.550000,3247.400000,162
2019-03-28T13:30:00+05:30,3247.800000,3279.950000,3243.900000,3267.350000,837
2019-03-28T13:45:00+05:30,3267.350000,3280.450000,3264.050000,3269.500000,627
2019-03-28T14:00:00+05:30,3269.500000,3290.000000,3264.050000,3279.900000,831
2019-03-28T14:15:00+05:30,3279.900000,3285.250000,3264.000000,3264.650000,554
2019-03-28T14:30:00+05:30,3264.900000,3283.900000,3264.650000,3280.850000,999
2019-03-28T14:45:00+05:30,3277.250000,3280.700000,3267.300000,3280.000000,1353
2019-03-28T15:00:00+05:30,3278.750000,3297.950000,3269.300000,3295.600000,4907
2019-03-28T15:15:00+05:30,3295.600000,3321.000000,3270.000000,3273.900000,4817
2019-03-29T09:15:00+05:30,3300.000000,3300.000000,3265.000000,3283.050000,922
2019-03-29T09:30:00+05:30,3283.050000,3288.000000,3273.300000,3275.950000,292
2019-03-29T09:45:00+05:30,3275.950000,3288.000000,3275.950000,3285.500000,325
2019-03-29T10:00:00+05:30,3285.500000,3348.000000,3285.500000,3312.000000,4669
2019-03-29T10:15:00+05:30,3314.050000,3329.000000,3314.050000,3324.350000,734
2019-03-29T10:30:00+05:30,3324.350000,3324.950000,3310.500000,3324.700000,596
2019-03-29T10:45:00+05:30,3324.700000,3339.950000,3313.400000,3314.000000,617
2019-03-29T11:00:00+05:30,3314.700000,3329.100000,3312.000000,3326.450000,235
2019-03-29T11:15:00+05:30,3326.450000,3327.200000,3301.350000,3306.800000,1016
2019-03-29T11:30:00+05:30,3306.800000,3315.750000,3302.600000,3307.500000,362
2019-03-29T11:45:00+05:30,3307.000000,3315.150000,3304.250000,3306.050000,281
2019-03-29T12:00:00+05:30,3306.050000,3306.050000,3285.500000,3295.000000,779
2019-03-29T12:15:00+05:30,3295.000000,3295.100000,3278.900000,3290.950000,1057
2019-03-29T12:30:00+05:30,3293.250000,3315.750000,3290.950000,3309.750000,372
2019-03-29T12:45:00+05:30,3309.750000,3330.000000,3302.500000,3330.000000,4600
2019-03-29T13:00:00+05:30,3330.000000,3335.000000,3323.000000,3333.950000,1050
2019-03-29T13:15:00+05:30,3332.000000,3333.950000,3321.000000,3325.150000,581
2019-03-29T13:30:00+05:30,3325.150000,3330.050000,3315.000000,3320.500000,537
2019-03-29T13:45:00+05:30,3320.500000,3320.500000,3304.000000,3312.750000,501
2019-03-29T14:00:00+05:30,3315.150000,3320.000000,3306.500000,3307.150000,494
2019-03-29T14:15:00+05:30,3309.850000,3330.200000,3309.850000,3327.400000,838
2019-03-29T14:30:00+05:30,3327.400000,3337.550000,3320.000000,3325.900000,972
2019-03-29T14:45:00+05:30,3325.900000,3332.000000,3312.050000,3320.000000,1150
2019-03-29T15:00:00+05:30,3320.000000,3345.000000,3315.050000,3317.200000,6647
2019-03-29T15:15:00+05:30,3317.200000,3325.000000,3275.050000,3275.050000,4206
2019-04-01T09:15:00+05:30,3325.000000,3325.000000,3285.100000,3308.450000,454
2019-04-01T09:30:00+05:30,3308.450000,3315.000000,3299.750000,3300.000000,438
2019-04-01T09:45:00+05:30,3300.000000,3322.000000,3299.800000,3317.650000,294
2019-04-01T10:00:00+05:30,3317.650000,3342.050000,3317.650000,3334.500000,589
2019-04-01T10:15:00+05:30,3334.500000,3334.500000,3312.850000,3315.300000,2060
2019-04-01T10:30:00+05:30,3315.300000,3315.700000,3309.800000,3312.250000,256
2019-04-01T10:45:00+05:30,3312.250000,3325.000000,3297.000000,3299.000000,659
2019-04-01T11:00:00+05:30,3299.000000,3307.400000,3298.500000,3302.450000,186
2019-04-01T11:15:00+05:30,3306.050000,3307.400000,3302.750000,3302.750000,32
2019-04-01T11:30:00+05:30,3306.000000,3306.000000,3302.000000,3305.250000,165
2019-04-01T11:45:00+05:30,3305.250000,3320.000000,3299.000000,3315.050000,452
2019-04-01T12:00:00+05:30,3315.050000,3317.000000,3310.050000,3312.050000,89
2019-04-01T12:15:00+05:30,3312.050000,3317.900000,3312.000000,3312.000000,43
2019-04-01T12:30:00+05:30,3312.000000,3318.000000,3312.000000,3315.000000,96
2019-04-01T12:45:00+05:30,3315.000000,3315.950000,3312.200000,3312.200000,33
2019-04-01T13:00:00+05:30,3312.200000,3313.600000,3300.450000,3300.450000,361
2019-04-01T13:15:00+05:30,3300.450000,3312.000000,3300.450000,3311.100000,136
2019-04-01T13:30:00+05:30,3311.100000,3315.000000,3305.000000,3314.800000,200
2019-04-01T13:45:00+05:30,3314.800000,3330.150000,3313.000000,3318.800000,634
2019-04-01T14:00:00+05:30,3319.050000,3327.000000,3315.000000,3318.900000,194
2019-04-01T14:15:00+05:30,3318.900000,3321.050000,3301.150000,3305.000000,410
2019-04-01T14:30:00+05:30,3306.950000,3318.350000,3304.000000,3315.000000,218
2019-04-01T14:45:00+05:30,3317.900000,3323.000000,3305.500000,3306.050000,527
2019-04-01T15:00:00+05:30,3306.000000,3318.350000,3303.150000,3318.350000,1046
2019-04-01T15:15:00+05:30,3318.350000,3319.900000,3293.050000,3295.000000,1429
2019-04-02T09:15:00+05:30,3296.100000,3329.950000,3294.650000,3310.900000,1449
2019-04-02T09:30:00+05:30,3310.900000,3314.900000,3304.350000,3313.000000,95
2019-04-02T09:45:00+05:30,3313.000000,3314.000000,3300.900000,3303.250000,79
2019-04-02T10:00:00+05:30,3303.250000,3309.900000,3302.100000,3304.000000,244
2019-04-02T10:15:00+05:30,3304.000000,3304.000000,3285.000000,3295.000000,416
2019-04-02T10:30:00+05:30,3295.000000,3297.050000,3282.050000,3289.450000,188
2019-04-02T10:45:00+05:30,3289.450000,3289.450000,3283.600000,3289.450000,212
2019-04-02T11:00:00+05:30,3289.450000,3289.550000,3287.200000,3289.100000,55
2019-04-02T11:15:00+05:30,3289.100000,3294.050000,3284.550000,3290.900000,121
2019-04-02T11:30:00+05:30,3290.900000,3296.950000,3286.550000,3294.400000,249
2019-04-02T11:45:00+05:30,3294.400000,3296.000000,3290.050000,3296.000000,25
2019-04-02T12:00:00+05:30,3296.000000,3296.000000,3288.300000,3293.150000,89
2019-04-02T12:15:00+05:30,3293.150000,3294.000000,3285.000000,3290.200000,83
2019-04-02T12:30:00+05:30,3290.200000,3294.000000,3280.000000,3292.700000,385
2019-04-02T12:45:00+05:30,3292.700000,3292.700000,3290.700000,3292.700000,41
2019-04-02T13:00:00+05:30,3292.700000,3311.300000,3284.250000,3311.300000,461
2019-04-02T13:15:00+05:30,3311.300000,3324.950000,3306.000000,3319.000000,645
2019-04-02T13:30:00+05:30,3319.000000,3320.000000,3313.200000,3317.600000,406
2019-04-02T13:45:00+05:30,3317.600000,3317.950000,3306.050000,3317.950000,206
2019-04-02T14:00:00+05:30,3317.950000,3321.500000,3312.350000,3314.000000,359
2019-04-02T14:15:00+05:30,3314.000000,3314.000000,3283.750000,3294.000000,511
2019-04-02T14:30:00+05:30,3294.000000,3300.000000,3285.200000,3300.000000,478
2019-04-02T14:45:00+05:30,3300.000000,3314.000000,3300.000000,3300.050000,441
2019-04-02T15:00:00+05:30,3300.050000,3325.000000,3300.000000,3322.000000,2497
2019-04-02T15:15:00+05:30,3322.000000,3326.000000,3290.000000,3290.100000,2560
2019-04-03T09:15:00+05:30,3305.000000,3325.000000,3305.000000,3318.000000,415
2019-04-03T09:30:00+05:30,3318.000000,3318.950000,3309.100000,3312.000000,101
2019-04-03T09:45:00+05:30,3312.000000,3312.000000,3304.100000,3310.150000,41
2019-04-03T10:00:00+05:30,3310.150000,3312.900000,3302.000000,3306.950000,99
2019-04-03T10:15:00+05:30,3307.400000,3308.000000,3303.650000,3305.500000,47
2019-04-03T10:30:00+05:30,3305.500000,3305.500000,3303.750000,3305.000000,95
2019-04-03T10:45:00+05:30,3305.000000,3307.400000,3293.550000,3293.550000,669
2019-04-03T11:00:00+05:30,3293.550000,3299.050000,3292.000000,3299.000000,105
2019-04-03T11:15:00+05:30,3299.000000,3299.900000,3286.050000,3299.900000,460
2019-04-03T11:30:00+05:30,3299.900000,3299.900000,3285.100000,3285.100000,258
2019-04-03T11:45:00+05:30,3285.100000,3295.850000,3283.000000,3288.250000,251
2019-04-03T12:00:00+05:30,3291.200000,3293.450000,3286.000000,3290.100000,101
2019-04-03T12:15:00+05:30,3289.000000,3295.150000,3285.000000,3290.000000,124
2019-04-03T12:30:00+05:30,3290.000000,3308.950000,3275.100000,3290.650000,2175
2019-04-03T12:45:00+05:30,3290.650000,3290.650000,3282.100000,3285.000000,113
2019-04-03T13:00:00+05:30,3286.350000,3286.750000,3284.000000,3286.400000,79
2019-04-03T13:15:00+05:30,3286.400000,3286.800000,3280.000000,3283.900000,273
2019-04-03T13:30:00+05:30,3283.900000,3284.650000,3281.050000,3284.650000,127
2019-04-03T13:45:00+05:30,3284.650000,3299.900000,3280.050000,3293.000000,178
2019-04-03T14:00:00+05:30,3293.000000,3296.900000,3285.550000,3295.000000,313
2019-04-03T14:15:00+05:30,3295.000000,3297.900000,3285.550000,3287.500000,270
2019-04-03T14:30:00+05:30,3287.500000,3287.500000,3265.000000,3272.000000,756
2019-04-03T14:45:00+05:30,3260.000000,3293.450000,3260.000000,3282.300000,597
2019-04-03T15:00:00+05:30,3282.300000,3288.000000,3266.250000,3270.900000,927
2019-04-03T15:15:00+05:30,3270.900000,3283.950000,3260.100000,3260.100000,1692
2019-04-04T09:15:00+05:30,3236.000000,3268.950000,3236.000000,3250.450000,832
2019-04-04T09:30:00+05:30,3250.450000,3255.000000,3240.250000,3240.250000,360
2019-04-04T09:45:00+05:30,3240.250000,3250.000000,3239.900000,3246.800000,669
2019-04-04T10:00:00+05:30,3246.800000,3254.950000,3243.200000,3254.950000,137
2019-04-04T10:15:00+05:30,3254.950000,3254.950000,3242.250000,3242.250000,75
2019-04-04T10:30:00+05:30,3241.700000,3266.950000,3241.000000,3257.000000,363
2019-04-04T10:45:00+05:30,3256.950000,3256.950000,3231.550000,3234.950000,777
2019-04-04T11:00:00+05:30,3234.950000,3235.000000,3205.000000,3225.750000,1538
2019-04-04T11:15:00+05:30,3225.750000,3228.450000,3225.000000,3228.450000,118
2019-04-04T11:30:00+05:30,3228.450000,3235.950000,3218.300000,3226.450000,288
2019-04-04T11:45:00+05:30,3226.450000,3228.300000,3216.150000,3223.000000,64
2019-04-04T12:00:00+05:30,3223.000000,3238.850000,3221.000000,3226.550000,357
2019-04-04T12:15:00+05:30,3227.000000,3233.350000,3216.600000,3228.750000,213
2019-04-04T12:30:00+05:30,3228.750000,3228.750000,3228.500000,3228.500000,23
2019-04-04T12:45:00+05:30,3228.500000,3238.750000,3227.000000,3238.000000,211
2019-04-04T13:00:00+05:30,3238.000000,3239.500000,3230.000000,3237.250000,245
2019-04-04T13:15:00+05:30,3237.250000,3245.000000,3230.050000,3240.000000,199
2019-04-04T13:30:00+05:30,3240.000000,3240.150000,3231.050000,3236.950000,101
2019-04-04T13:45:00+05:30,3236.950000,3239.850000,3232.900000,3239.200000,40
2019-04-04T14:00:00+05:30,3239.200000,3239.800000,3226.000000,3230.000000,222
2019-04-04T14:15:00+05:30,3230.000000,3239.000000,3230.000000,3235.500000,171
2019-04-04T14:30:00+05:30,3235.450000,3245.100000,3231.650000,3245.000000,476
2019-04-04T14:45:00+05:30,3245.000000,3255.000000,3241.100000,3248.950000,398
2019-04-04T15:00:00+05:30,3248.950000,3260.000000,3247.100000,3256.950000,1353
2019-04-04T15:15:00+05:30,3256.950000,3257.900000,3243.000000,3243.000000,736
2019-04-05T09:15:00+05:30,3250.000000,3286.000000,3236.850000,3277.500000,530
2019-04-05T09:30:00+05:30,3270.850000,3273.950000,3246.300000,3250.000000,359
2019-04-05T09:45:00+05:30,3250.000000,3256.150000,3250.000000,3250.500000,33
2019-04-05T10:00:00+05:30,3250.500000,3260.000000,3250.000000,3254.000000,100
2019-04-05T10:15:00+05:30,3254.000000,3256.450000,3251.500000,3256.450000,112
2019-04-05T10:30:00+05:30,3256.450000,3259.000000,3256.000000,3259.000000,11
2019-04-05T10:45:00+05:30,3258.750000,3260.500000,3255.550000,3260.450000,16
2019-04-05T11:00:00+05:30,3260.450000,3260.450000,3251.500000,3251.500000,79
2019-04-05T11:15:00+05:30,3251.500000,3253.200000,3249.050000,3253.150000,15
2019-04-05T11:30:00+05:30,3253.150000,3253.150000,3243.100000,3251.450000,128
2019-04-05T11:45:00+05:30,3251.450000,3252.650000,3246.550000,3246.550000,51
2019-04-05T12:00:00+05:30,3246.550000,3257.150000,3246.550000,3249.000000,53
2019-04-05T12:15:00+05:30,3249.000000,3249.700000,3241.200000,3241.200000,26
2019-04-05T12:30:00+05:30,3241.200000,3253.900000,3241.200000,3250.900000,31
2019-04-05T12:45:00+05:30,3253.700000,3264.000000,3252.000000,3255.050000,157
2019-04-05T13:00:00+05:30,3255.050000,3264.000000,3255.050000,3258.050000,71
2019-04-05T13:15:00+05:30,3258.050000,3267.200000,3255.500000,3260.400000,275
2019-04-05T13:30:00+05:30,3265.400000,3284.950000,3265.400000,3276.750000,616
2019-04-05T13:45:00+05:30,3277.000000,3277.000000,3272.750000,3274.000000,207
2019-04-05T14:00:00+05:30,3274.000000,3277.000000,3264.100000,3271.850000,121
2019-04-05T14:15:00+05:30,3271.850000,3305.000000,3269.250000,3296.500000,510
2019-04-05T14:30:00+05:30,3296.500000,3304.000000,3289.000000,3295.550000,536
2019-04-05T14:45:00+05:30,3295.550000,3300.000000,3282.750000,3296.200000,310
2019-04-05T15:00:00+05:30,3296.200000,3315.000000,3290.000000,3312.000000,7342
2019-04-05T15:15:00+05:30,3312.450000,3324.000000,3302.000000,3310.000000,1344
2019-04-08T09:15:00+05:30,3320.000000,3327.350000,3314.050000,3319.300000,175
2019-04-08T09:30:00+05:30,3319.300000,3323.800000,3301.050000,3304.250000,251
2019-04-08T09:45:00+05:30,3304.250000,3316.200000,3293.550000,3302.150000,440
2019-04-08T10:00:00+05:30,3302.150000,3310.550000,3301.000000,3303.000000,116
2019-04-08T10:15:00+05:30,3303.000000,3308.950000,3298.000000,3300.000000,215
2019-04-08T10:30:00+05:30,3300.000000,3306.500000,3298.000000,3298.000000,165
2019-04-08T10:45:00+05:30,3298.000000,3303.950000,3298.000000,3301.700000,124
2019-04-08T11:00:00+05:30,3301.550000,3302.000000,3295.000000,3296.750000,495
2019-04-08T11:15:00+05:30,3296.750000,3297.800000,3290.800000,3294.950000,123
2019-04-08T11:30:00+05:30,3294.700000,3298.150000,3291.800000,3295.950000,51
2019-04-08T11:45:00+05:30,3298.150000,3298.150000,3290.000000,3296.050000,117
2019-04-08T12:00:00+05:30,3296.050000,3298.150000,3290.000000,3296.900000,88
2019-04-08T12:15:00+05:30,3296.900000,3296.900000,3290.500000,3294.000000,22
2019-04-08T12:30:00+05:30,3294.000000,3294.000000,3290.550000,3293.950000,4
2019-04-08T12:45:00+05:30,3293.950000,3294.700000,3290.000000,3292.850000,162
2019-04-08T13:00:00+05:30,3292.850000,3292.850000,3289.250000,3291.250000,81
2019-04-08T13:15:00+05:30,3291.250000,3291.350000,3289.000000,3291.250000,28
2019-04-08T13:30:00+05:30,3291.250000,3294.900000,3283.250000,3294.900000,1024
2019-04-08T13:45:00+05:30,3294.900000,3295.000000,3284.450000,3288.800000,103
2019-04-08T14:00:00+05:30,3288.800000,3288.800000,3266.100000,3275.000000,370
2019-04-08T14:15:00+05:30,3275.000000,3276.750000,3260.000000,3263.700000,459
2019-04-08T14:30:00+05:30,3263.700000,3289.900000,3262.900000,3282.450000,215
2019-04-08T14:45:00+05:30,3282.450000,3289.000000,3280.000000,3289.000000,192
2019-04-08T15:00:00+05:30,3283.400000,3308.950000,3283.400000,3307.400000,807
2019-04-08T15:15:00+05:30,3307.400000,3307.400000,3281.150000,3303.000000,1013
2019-04-09T09:15:00+05:30,3318.950000,3318.950000,3262.100000,3284.350000,368
2019-04-09T09:30:00+05:30,3284.350000,3289.950000,3271.200000,3278.000000,166
2019-04-09T09:45:00+05:30,3278.000000,3285.000000,3271.200000,3285.000000,145
2019-04-09T10:00:00+05:30,3285.000000,3289.700000,3285.000000,3289.700000,80
2019-04-09T10:15:00+05:30,3289.700000,3292.000000,3285.000000,3291.250000,129
2019-04-09T10:30:00+05:30,3291.250000,3300.000000,3289.150000,3289.150000,183
2019-04-09T10:45:00+05:30,3289.150000,3293.400000,3278.050000,3278.050000,287
2019-04-09T11:00:00+05:30,3278.050000,3280.500000,3267.000000,3270.350000,428
2019-04-09T11:15:00+05:30,3270.350000,3271.900000,3265.000000,3270.000000,169
2019-04-09T11:30:00+05:30,3270.000000,3270.000000,3263.800000,3269.050000,186
2019-04-09T11:45:00+05:30,3269.050000,3269.050000,3258.000000,3260.000000,404
2019-04-09T12:00:00+05:30,3260.000000,3260.000000,3259.000000,3260.000000,88
2019-04-09T12:15:00+05:30,3260.000000,3260.000000,3258.150000,3260.000000,172
2019-04-09T12:30:00+05:30,3260.000000,3260.400000,3256.500000,3256.500000,307
2019-04-09T12:45:00+05:30,3256.500000,3260.000000,3255.000000,3260.000000,234
2019-04-09T13:00:00+05:30,3260.000000,3260.000000,3256.200000,3259.750000,181
2019-04-09T13:15:00+05:30,3259.750000,3260.000000,3256.200000,3260.000000,128
2019-04-09T13:30:00+05:30,3260.000000,3261.050000,3257.300000,3260.000000,124
2019-04-09T13:45:00+05:30,3260.000000,3265.450000,3257.000000,3260.000000,166
2019-04-09T14:00:00+05:30,3260.000000,3268.950000,3255.000000,3256.400000,521
2019-04-09T14:15:00+05:30,3256.400000,3274.700000,3256.400000,3274.700000,382
2019-04-09T14:30:00+05:30,3274.650000,3284.600000,3272.000000,3279.000000,851
2019-04-09T14:45:00+05:30,3279.000000,3294.000000,3277.450000,3287.000000,542
2019-04-09T15:00:00+05:30,3287.000000,3287.000000,3245.050000,3258.000000,2100
2019-04-09T15:15:00+05:30,3256.050000,3259.900000,3230.000000,3240.000000,2963
2019-04-10T09:15:00+05:30,3242.200000,3248.700000,3232.400000,3244.700000,360
2019-04-10T09:30:00+05:30,3244.700000,3244.800000,3236.150000,3244.800000,73
2019-04-10T09:45:00+05:30,3244.800000,3244.800000,3232.000000,3234.950000,285
2019-04-10T10:00:00+05:30,3234.950000,3235.000000,3227.150000,3229.200000,285
2019-04-10T10:15:00+05:30,3229.200000,3232.600000,3219.850000,3227.000000,506
2019-04-10T10:30:00+05:30,3227.000000,3246.050000,3217.100000,3241.400000,413
2019-04-10T10:45:00+05:30,3241.400000,3246.400000,3237.150000,3241.600000,89
2019-04-10T11:00:00+05:30,3241.600000,3243.750000,3240.000000,3240.850000,46
2019-04-10T11:15:00+05:30,3240.850000,3241.950000,3235.000000,3235.000000,90
2019-04-10T11:30:00+05:30,3235.000000,3240.000000,3235.000000,3240.000000,15
2019-04-10T11:45:00+05:30,3240.000000,3240.000000,3237.000000,3237.000000,23
2019-04-10T12:00:00+05:30,3237.000000,3243.950000,3237.000000,3243.950000,24
2019-04-10T12:15:00+05:30,3243.950000,3294.000000,3242.000000,3293.950000,1923
2019-04-10T12:30:00+05:30,3293.950000,3296.700000,3266.800000,3278.550000,763
2019-04-10T12:45:00+05:30,3278.750000,3281.500000,3265.650000,3272.950000,200
2019-04-10T13:00:00+05:30,3270.050000,3270.050000,3260.000000,3269.800000,121
2019-04-10T13:15:00+05:30,3269.950000,3278.950000,3265.050000,3269.400000,125
2019-04-10T13:30:00+05:30,3269.400000,3269.400000,3252.100000,3254.950000,345
2019-04-10T13:45:00+05:30,3253.750000,3254.950000,3240.000000,3247.700000,227
2019-04-10T14:00:00+05:30,3247.700000,3265.000000,3247.700000,3258.950000,77
2019-04-10T14:15:00+05:30,3258.950000,3258.950000,3249.000000,3258.000000,111
2019-04-10T14:30:00+05:30,3258.000000,3277.950000,3257.000000,3274.350000,442
2019-04-10T14:45:00+05:30,3272.000000,3274.950000,3260.450000,3272.900000,200
2019-04-10T15:00:00+05:30,3271.700000,3272.250000,3249.850000,3259.950000,1017
2019-04-10T15:15:00+05:30,3259.950000,3284.450000,3246.700000,3275.000000,1530
2019-04-11T09:15:00+05:30,3254.100000,3264.050000,3245.000000,3264.050000,98
2019-04-11T09:30:00+05:30,3264.050000,3270.000000,3246.650000,3267.100000,299
2019-04-11T09:45:00+05:30,3260.350000,3260.350000,3251.550000,3254.050000,78
2019-04-11T10:00:00+05:30,3254.050000,3254.050000,3250.000000,3251.300000,44
2019-04-11T10:15:00+05:30,3251.300000,3253.150000,3250.000000,3250.400000,607
2019-04-11T10:30:00+05:30,3249.400000,3252.000000,3249.400000,3250.000000,376
2019-04-11T10:45:00+05:30,3250.000000,3252.900000,3249.950000,3250.050000,170
2019-04-11T11:00:00+05:30,3250.050000,3252.000000,3250.000000,3250.000000,304
2019-04-11T11:15:00+05:30,3250.000000,3251.650000,3249.950000,3250.000000,112
2019-04-11T11:30:00+05:30,3250.000000,3251.900000,3250.000000,3250.100000,94
2019-04-11T11:45:00+05:30,3250.050000,3251.000000,3249.000000,3249.000000,318
2019-04-11T12:00:00+05:30,3249.000000,3252.850000,3249.000000,3251.600000,160
2019-04-11T12:15:00+05:30,3251.600000,3253.650000,3250.100000,3250.350000,84
2019-04-11T12:30:00+05:30,3250.100000,3259.950000,3250.000000,3252.000000,185
2019-04-11T12:45:00+05:30,3250.050000,3253.900000,3250.000000,3250.150000,136
2019-04-11T13:00:00+05:30,3250.000000,3252.000000,3250.000000,3250.000000,243
2019-04-11T13:15:00+05:30,3250.100000,3252.000000,3249.950000,3250.000000,267
2019-04-11T13:30:00+05:30,3250.000000,3252.000000,3250.000000,3250.150000,76
2019-04-11T13:45:00+05:30,3250.000000,3255.000000,3249.950000,3255.000000,705
2019-04-11T14:00:00+05:30,3255.000000,3266.000000,3252.150000,3256.000000,460
2019-04-11T14:15:00+05:30,3256.000000,3267.100000,3256.000000,3266.250000,407
2019-04-11T14:30:00+05:30,3266.250000,3275.950000,3261.650000,3265.500000,309
2019-04-11T14:45:00+05:30,3265.500000,3271.000000,3253.750000,3260.000000,625
2019-04-11T15:00:00+05:30,3260.000000,3267.900000,3250.550000,3255.000000,533
2019-04-11T15:15:00+05:30,3255.000000,3255.000000,3225.000000,3225.700000,3008
2019-04-12T09:15:00+05:30,3230.000000,3259.850000,3216.200000,3245.900000,332
2019-04-12T09:30:00+05:30,3245.900000,3250.900000,3243.650000,3250.250000,233
2019-04-12T09:45:00+05:30,3253.500000,3255.000000,3250.000000,3250.000000,66
2019-04-12T10:00:00+05:30,3250.000000,3250.000000,3243.450000,3248.550000,24
2019-04-12T10:15:00+05:30,3248.550000,3250.000000,3240.250000,3240.250000,225
2019-04-12T10:30:00+05:30,3240.250000,3243.400000,3238.000000,3238.000000,50
2019-04-12T10:45:00+05:30,3238.000000,3245.000000,3238.000000,3242.000000,53
2019-04-12T11:00:00+05:30,3242.000000,3246.950000,3238.900000,3238.900000,17
2019-04-12T11:15:00+05:30,3238.900000,3245.750000,3238.050000,3238.600000,46
2019-04-12T11:30:00+05:30,3238.600000,3246.450000,3238.100000,3245.600000,76
2019-04-12T11:45:00+05:30,3245.600000,3246.950000,3240.000000,3245.950000,63
2019-04-12T12:00:00+05:30,3245.950000,3250.000000,3240.250000,3250.000000,112
2019-04-12T12:15:00+05:30,3250.000000,3253.700000,3244.950000,3250.100000,57
2019-04-12T12:30:00+05:30,3250.100000,3255.850000,3250.100000,3253.850000,45
2019-04-12T12:45:00+05:30,3253.850000,3258.000000,3253.850000,3258.000000,5
2019-04-12T13:00:00+05:30,3258.000000,3258.000000,3252.250000,3253.700000,58
2019-04-12T13:15:00+05:30,3253.700000,3256.000000,3253.700000,3255.750000,10
2019-04-12T13:30:00+05:30,3256.000000,3256.000000,3249.000000,3256.000000,119
2019-04-12T13:45:00+05:30,3256.000000,3256.000000,3245.000000,3245.550000,81
2019-04-12T14:00:00+05:30,3245.550000,3253.400000,3245.300000,3245.300000,15
2019-04-12T14:15:00+05:30,3249.950000,3255.000000,3245.300000,3255.000000,144
2019-04-12T14:30:00+05:30,3255.000000,3255.000000,3251.900000,3252.500000,345
2019-04-12T14:45:00+05:30,3252.500000,3252.500000,3235.050000,3244.000000,215
2019-04-12T15:00:00+05:30,3244.000000,3268.950000,3244.000000,3263.450000,1055
2019-04-12T15:15:00+05:30,3263.450000,3273.950000,3232.450000,3236.300000,1157
2019-04-15T09:15:00+05:30,3263.950000,3264.850000,3253.550000,3255.300000,355
2019-04-15T09:30:00+05:30,3255.300000,3256.900000,3250.000000,3250.000000,283
2019-04-15T09:45:00+05:30,3250.000000,3259.800000,3249.950000,3254.800000,246
2019-04-15T10:00:00+05:30,3254.800000,3259.750000,3250.000000,3257.050000,254
2019-04-15T10:15:00+05:30,3256.900000,3257.200000,3250.000000,3250.000000,340
2019-04-15T10:30:00+05:30,3255.550000,3256.750000,3250.000000,3251.000000,71
2019-04-15T10:45:00+05:30,3251.000000,3254.850000,3250.000000,3252.100000,42
2019-04-15T11:00:00+05:30,3252.100000,3254.950000,3250.000000,3253.700000,89
2019-04-15T11:15:00+05:30,3253.700000,3253.700000,3250.050000,3252.400000,17
2019-04-15T11:30:00+05:30,3252.400000,3253.700000,3250.050000,3253.400000,42
2019-04-15T11:45:00+05:30,3253.400000,3257.000000,3253.050000,3254.000000,28
2019-04-15T12:00:00+05:30,3254.000000,3258.900000,3249.950000,3250.000000,379
2019-04-15T12:15:00+05:30,3250.000000,3253.700000,3249.900000,3250.000000,960
2019-04-15T12:30:00+05:30,3250.000000,3253.450000,3248.950000,3248.950000,1557
2019-04-15T12:45:00+05:30,3248.950000,3250.000000,3248.800000,3249.950000,24
2019-04-15T13:00:00+05:30,3249.950000,3250.000000,3249.000000,3250.000000,140
2019-04-15T13:15:00+05:30,3250.000000,3250.000000,3240.000000,3249.800000,103
2019-04-15T13:30:00+05:30,3249.800000,3250.000000,3247.000000,3249.150000,73
2019-04-15T13:45:00+05:30,3249.150000,3249.150000,3244.000000,3247.950000,33
2019-04-15T14:00:00+05:30,3247.950000,3255.000000,3244.000000,3253.750000,201
2019-04-15T14:15:00+05:30,3253.750000,3258.700000,3248.000000,3253.400000,408
2019-04-15T14:30:00+05:30,3253.400000,3258.050000,3249.000000,3254.100000,525
2019-04-15T14:45:00+05:30,3254.100000,3255.000000,3246.050000,3253.400000,669
2019-04-15T15:00:00+05:30,3253.400000,3254.000000,3234.050000,3240.000000,637
2019-04-15T15:15:00+05:30,3240.000000,3244.950000,3225.100000,3240.000000,961
2019-04-16T09:15:00+05:30,3245.000000,3257.000000,3245.000000,3246.500000,275
2019-04-16T09:30:00+05:30,3246.500000,3254.000000,3246.500000,3254.000000,633
2019-04-16T09:45:00+05:30,3254.000000,3254.000000,3246.550000,3248.950000,160
2019-04-16T10:00:00+05:30,3248.950000,3254.000000,3246.150000,3254.000000,503
2019-04-16T10:15:00+05:30,3254.000000,3254.000000,3246.500000,3249.450000,135
2019-04-16T10:30:00+05:30,3249.450000,3250.000000,3245.000000,3245.050000,157
2019-04-16T10:45:00+05:30,3245.050000,3250.000000,3245.050000,3245.500000,108
2019-04-16T11:00:00+05:30,3245.500000,3250.000000,3245.500000,3248.700000,39
2019-04-16T11:15:00+05:30,3248.700000,3249.450000,3247.950000,3249.450000,39
2019-04-16T11:30:00+05:30,3249.450000,3250.550000,3248.550000,3250.000000,816
2019-04-16T11:45:00+05:30,3250.000000,3250.000000,3231.000000,3240.850000,412
2019-04-16T12:00:00+05:30,3240.850000,3240.850000,3230.000000,3232.950000,196
2019-04-16T12:15:00+05:30,3232.950000,3232.950000,3220.150000,3224.500000,678
2019-04-16T12:30:00+05:30,3224.950000,3225.000000,3220.700000,3224.950000,449
2019-04-16T12:45:00+05:30,3224.950000,3230.750000,3222.000000,3224.950000,242
2019-04-16T13:00:00+05:30,3224.950000,3228.700000,3220.000000,3220.000000,322
2019-04-16T13:15:00+05:30,3224.800000,3224.950000,3219.000000,3221.000000,302
2019-04-16T13:30:00+05:30,3221.000000,3225.000000,3221.000000,3225.000000,40
2019-04-16T13:45:00+05:30,3222.000000,3225.000000,3222.000000,3223.000000,67
2019-04-16T14:00:00+05:30,3223.100000,3225.900000,3222.000000,3225.900000,240
2019-04-16T14:15:00+05:30,3225.900000,3238.000000,3225.900000,3229.000000,604
2019-04-16T14:30:00+05:30,3229.000000,3232.150000,3223.000000,3232.150000,494
2019-04-16T14:45:00+05:30,3232.150000,3232.150000,3222.500000,3225.000000,465
2019-04-16T15:00:00+05:30,3225.000000,3228.950000,3216.100000,3224.600000,797
2019-04-16T15:15:00+05:30,3224.600000,3225.000000,3216.100000,3221.100000,1499
2019-04-18T09:15:00+05:30,3215.050000,3245.000000,3215.050000,3245.000000,335
2019-04-18T09:30:00+05:30,3245.000000,3247.750000,3230.100000,3232.000000,342
2019-04-18T09:45:00+05:30,3232.000000,3232.000000,3220.250000,3230.000000,135
2019-04-18T10:00:00+05:30,3230.000000,3230.000000,3217.000000,3221.000000,292
2019-04-18T10:15:00+05:30,3221.000000,3229.350000,3219.050000,3219.050000,110
2019-04-18T10:30:00+05:30,3219.050000,3227.650000,3217.050000,3227.650000,67
2019-04-18T10:45:00+05:30,3227.650000,3229.350000,3220.000000,3225.450000,101
2019-04-18T11:00:00+05:30,3225.450000,3229.000000,3225.000000,3225.000000,50
2019-04-18T11:15:00+05:30,3225.000000,3228.050000,3220.000000,3224.250000,175
2019-04-18T11:30:00+05:30,3224.250000,3227.000000,3218.000000,3218.000000,118
2019-04-18T11:45:00+05:30,3218.000000,3224.750000,3218.000000,3224.750000,15
2019-04-18T12:00:00+05:30,3224.750000,3224.750000,3218.050000,3224.000000,27
2019-04-18T12:15:00+05:30,3224.000000,3230.000000,3220.000000,3224.650000,491
2019-04-18T12:30:00+05:30,3224.650000,3230.000000,3224.650000,3224.900000,41
2019-04-18T12:45:00+05:30,3224.900000,3230.000000,3223.550000,3225.650000,60
2019-04-18T13:00:00+05:30,3225.650000,3225.650000,3223.600000,3225.000000,28
2019-04-18T13:15:00+05:30,3225.000000,3225.000000,3224.500000,3225.000000,81
2019-04-18T13:30:00+05:30,3225.000000,3225.000000,3220.000000,3220.850000,203
2019-04-18T13:45:00+05:30,3220.850000,3225.000000,3220.850000,3225.000000,60
2019-04-18T14:00:00+05:30,3225.000000,3225.000000,3220.000000,3220.000000,155
2019-04-18T14:15:00+05:30,3220.000000,3220.000000,3216.700000,3217.250000,135
2019-04-18T14:30:00+05:30,3217.250000,3222.300000,3210.900000,3222.300000,299
2019-04-18T14:45:00+05:30,3222.300000,3225.000000,3220.150000,3221.200000,180
2019-04-18T15:00:00+05:30,3221.200000,3227.650000,3219.600000,3223.350000,4342
2019-04-18T15:15:00+05:30,3223.350000,3229.950000,3210.000000,3210.000000,4389
2019-04-22T09:15:00+05:30,3222.000000,3222.300000,3210.000000,3210.050000,187
2019-04-22T09:30:00+05:30,3210.050000,3211.950000,3185.900000,3188.050000,330
2019-04-22T09:45:00+05:30,3188.050000,3197.000000,3185.900000,3195.000000,1064
2019-04-22T10:00:00+05:30,3190.000000,3197.000000,3190.000000,3194.000000,119
2019-04-22T10:15:00+05:30,3194.000000,3211.000000,3194.000000,3198.000000,273
2019-04-22T10:30:00+05:30,3198.000000,3198.000000,3193.100000,3193.200000,135
2019-04-22T10:45:00+05:30,3193.200000,3200.000000,3193.200000,3195.950000,93
2019-04-22T11:00:00+05:30,3195.950000,3195.950000,3190.000000,3192.450000,186
2019-04-22T11:15:00+05:30,3192.450000,3195.000000,3189.950000,3189.950000,57
2019-04-22T11:30:00+05:30,3189.950000,3190.000000,3186.600000,3190.000000,23
2019-04-22T11:45:00+05:30,3185.000000,3185.050000,3175.000000,3177.950000,224
2019-04-22T12:00:00+05:30,3177.950000,3181.400000,3172.550000,3175.200000,125
2019-04-22T12:15:00+05:30,3175.200000,3177.300000,3170.050000,3174.700000,81
2019-04-22T12:30:00+05:30,3174.700000,3181.400000,3160.100000,3173.850000,427
2019-04-22T12:45:00+05:30,3173.850000,3175.400000,3166.000000,3173.750000,121
2019-04-22T13:00:00+05:30,3173.750000,3174.250000,3164.100000,3169.250000,53
2019-04-22T13:15:00+05:30,3166.000000,3169.000000,3163.200000,3169.000000,160
2019-04-22T13:30:00+05:30,3169.000000,3169.300000,3163.150000,3169.300000,15
2019-04-22T13:45:00+05:30,3169.300000,3179.000000,3169.300000,3179.000000,60
2019-04-22T14:00:00+05:30,3178.650000,3178.650000,3176.000000,3177.000000,19
2019-04-22T14:15:00+05:30,3177.000000,3189.900000,3177.000000,3182.500000,86
2019-04-22T14:30:00+05:30,3182.500000,3182.500000,3176.000000,3181.100000,118
2019-04-22T14:45:00+05:30,3181.100000,3187.000000,3169.050000,3186.900000,552
2019-04-22T15:00:00+05:30,3186.900000,3186.900000,3161.000000,3180.000000,583
2019-04-22T15:15:00+05:30,3180.000000,3209.000000,3162.100000,3190.000000,1933
2019-04-23T09:15:00+05:30,3185.450000,3185.450000,3162.200000,3167.950000,316
2019-04-23T09:30:00+05:30,3167.950000,3173.950000,3162.550000,3173.650000,96
2019-04-23T09:45:00+05:30,3173.650000,3173.650000,3161.250000,3161.450000,176
2019-04-23T10:00:00+05:30,3161.450000,3167.000000,3156.100000,3156.100000,184
2019-04-23T10:15:00+05:30,3156.100000,3161.950000,3156.100000,3161.900000,52
2019-04-23T10:30:00+05:30,3161.900000,3163.000000,3158.250000,3160.450000,39
2019-04-23T10:45:00+05:30,3160.450000,3162.600000,3140.050000,3143.150000,861
2019-04-23T11:00:00+05:30,3143.150000,3150.000000,3140.050000,3145.050000,282
2019-04-23T11:15:00+05:30,3145.050000,3149.900000,3145.050000,3146.050000,30
2019-04-23T11:30:00+05:30,3146.050000,3148.150000,3144.050000,3146.000000,151
2019-04-23T11:45:00+05:30,3146.000000,3149.850000,3146.000000,3148.150000,117
2019-04-23T12:00:00+05:30,3148.150000,3150.000000,3142.000000,3142.000000,205
2019-04-23T12:15:00+05:30,3142.000000,3148.150000,3140.050000,3147.000000,131
2019-04-23T12:30:00+05:30,3147.000000,3147.000000,3147.000000,3147.000000,4
2019-04-23T12:45:00+05:30,3147.000000,3147.950000,3145.000000,3145.000000,64
2019-04-23T13:00:00+05:30,3145.000000,3147.950000,3142.000000,3142.250000,162
2019-04-23T13:15:00+05:30,3142.250000,3144.600000,3142.050000,3142.050000,35
2019-04-23T13:30:00+05:30,3142.050000,3157.400000,3142.050000,3149.900000,430
2019-04-23T13:45:00+05:30,3149.900000,3156.750000,3142.050000,3156.000000,207
2019-04-23T14:00:00+05:30,3156.000000,3158.000000,3148.650000,3153.950000,478
2019-04-23T14:15:00+05:30,3153.950000,3154.000000,3149.100000,3150.000000,430
2019-04-23T14:30:00+05:30,3150.000000,3153.600000,3147.000000,3149.650000,246
2019-04-23T14:45:00+05:30,3152.000000,3160.000000,3146.550000,3151.300000,445
2019-04-23T15:00:00+05:30,3151.300000,3154.000000,3146.050000,3151.950000,1451
2019-04-23T15:15:00+05:30,3151.950000,3151.950000,3120.000000,3120.000000,2695
2019-04-24T09:15:00+05:30,3130.650000,3144.200000,3130.650000,3140.450000,219
2019-04-24T09:30:00+05:30,3140.450000,3140.450000,3115.450000,3115.450000,597
2019-04-24T09:45:00+05:30,3115.450000,3123.900000,3110.200000,3114.950000,373
2019-04-24T10:00:00+05:30,3114.950000,3116.700000,3110.200000,3116.700000,106
2019-04-24T10:15:00+05:30,3115.000000,3118.450000,3112.050000,3113.000000,168
2019-04-24T10:30:00+05:30,3112.500000,3116.650000,3111.750000,3116.000000,110
2019-04-24T10:45:00+05:30,3116.000000,3123.000000,3116.000000,3119.950000,22
2019-04-24T11:00:00+05:30,3119.950000,3119.950000,3115.050000,3119.900000,33
2019-04-24T11:15:00+05:30,3119.900000,3120.600000,3115.950000,3119.000000,44
2019-04-24T11:30:00+05:30,3119.000000,3133.900000,3118.550000,3129.950000,687
2019-04-24T11:45:00+05:30,3129.950000,3132.950000,3118.000000,3118.150000,281
2019-04-24T12:00:00+05:30,3118.150000,3119.000000,3105.500000,3115.450000,523
2019-04-24T12:15:00+05:30,3112.000000,3123.250000,3108.050000,3123.250000,297
2019-04-24T12:30:00+05:30,3123.050000,3134.950000,3121.150000,3134.950000,235
2019-04-24T12:45:00+05:30,3134.950000,3134.950000,3126.050000,3131.850000,171
2019-04-24T13:00:00+05:30,3131.850000,3134.950000,3126.950000,3134.950000,251
2019-04-24T13:15:00+05:30,3134.950000,3137.000000,3129.800000,3135.000000,208
2019-04-24T13:30:00+05:30,3135.000000,3139.000000,3135.000000,3138.000000,259
2019-04-24T13:45:00+05:30,3138.000000,3147.950000,3129.800000,3145.950000,449
2019-04-24T14:00:00+05:30,3145.950000,3159.850000,3142.800000,3148.500000,444
2019-04-24T14:15:00+05:30,3148.500000,3149.800000,3142.800000,3148.950000,200
2019-04-24T14:30:00+05:30,3148.950000,3150.000000,3142.900000,3148.000000,213
2019-04-24T14:45:00+05:30,3148.000000,3153.700000,3144.000000,3150.000000,381
2019-04-24T15:00:00+05:30,3150.000000,3150.000000,3142.000000,3149.950000,902
2019-04-24T15:15:00+05:30,3150.000000,3154.000000,3136.300000,3150.000000,2354
2019-04-25T09:15:00+05:30,3160.000000,3160.000000,3135.000000,3147.000000,176
2019-04-25T09:30:00+05:30,3147.000000,3150.000000,3140.000000,3143.900000,160
2019-04-25T09:45:00+05:30,3144.000000,3150.500000,3143.000000,3150.000000,178
2019-04-25T10:00:00+05:30,3150.000000,3150.150000,3135.950000,3135.950000,130
2019-04-25T10:15:00+05:30,3135.950000,3141.150000,3135.000000,3141.150000,32
2019-04-25T10:30:00+05:30,3141.150000,3141.150000,3138.000000,3140.950000,25
2019-04-25T10:45:00+05:30,3141.000000,3144.800000,3141.000000,3144.750000,12
2019-04-25T11:00:00+05:30,3144.750000,3146.500000,3144.750000,3146.500000,13
2019-04-25T11:15:00+05:30,3146.500000,3146.500000,3142.000000,3145.000000,45
2019-04-25T11:30:00+05:30,3142.600000,3144.250000,3140.050000,3144.000000,18
2019-04-25T11:45:00+05:30,3144.000000,3144.000000,3135.000000,3135.050000,127
2019-04-25T12:00:00+05:30,3135.050000,3144.000000,3135.050000,3143.700000,30
2019-04-25T12:15:00+05:30,3143.950000,3143.950000,3136.550000,3136.550000,15
2019-04-25T12:30:00+05:30,3136.550000,3138.000000,3136.000000,3136.000000,38
2019-04-25T12:45:00+05:30,3136.000000,3136.000000,3131.000000,3131.000000,278
2019-04-25T13:00:00+05:30,3130.150000,3133.400000,3129.200000,3133.400000,109
2019-04-25T13:15:00+05:30,3133.000000,3133.900000,3125.000000,3126.750000,237
2019-04-25T13:30:00+05:30,3126.750000,3129.000000,3122.750000,3129.000000,62
2019-04-25T13:45:00+05:30,3129.000000,3129.000000,3125.000000,3129.000000,108
2019-04-25T14:00:00+05:30,3130.000000,3131.450000,3126.200000,3131.450000,35
2019-04-25T14:15:00+05:30,3131.450000,3133.000000,3126.650000,3129.950000,129
2019-04-25T14:30:00+05:30,3129.950000,3130.000000,3126.650000,3126.650000,266
2019-04-25T14:45:00+05:30,3126.650000,3130.000000,3125.000000,3127.300000,138
2019-04-25T15:00:00+05:30,3127.300000,3138.250000,3126.300000,3127.050000,667
2019-04-25T15:15:00+05:30,3127.050000,3129.950000,3104.750000,3104.750000,918
2019-04-26T09:15:00+05:30,3124.000000,3124.350000,3107.000000,3110.250000,144
2019-04-26T09:30:00+05:30,3110.250000,3116.700000,3110.250000,3116.050000,198
2019-04-26T09:45:00+05:30,3116.050000,3116.050000,3107.050000,3112.750000,135
2019-04-26T10:00:00+05:30,3112.750000,3112.750000,3102.000000,3102.000000,270
2019-04-26T10:15:00+05:30,3102.000000,3104.550000,3091.000000,3098.650000,401
2019-04-26T10:30:00+05:30,3098.700000,3109.950000,3093.650000,3105.050000,752
2019-04-26T10:45:00+05:30,3105.050000,3113.550000,3105.000000,3110.950000,149
2019-04-26T11:00:00+05:30,3110.950000,3123.750000,3105.950000,3120.250000,229
2019-04-26T11:15:00+05:30,3120.250000,3135.000000,3120.000000,3134.900000,413
2019-04-26T11:30:00+05:30,3134.900000,3134.900000,3123.000000,3126.600000,112
2019-04-26T11:45:00+05:30,3126.600000,3129.000000,3121.950000,3129.000000,103
2019-04-26T12:00:00+05:30,3123.100000,3127.900000,3123.100000,3124.500000,29
2019-04-26T12:15:00+05:30,3124.500000,3132.000000,3124.500000,3125.150000,160
2019-04-26T12:30:00+05:30,3125.150000,3125.150000,3121.000000,3124.900000,26
2019-04-26T12:45:00+05:30,3124.900000,3129.000000,3119.750000,3129.000000,82
2019-04-26T13:00:00+05:30,3129.000000,3129.400000,3123.050000,3125.000000,115
2019-04-26T13:15:00+05:30,3125.000000,3129.300000,3123.300000,3128.950000,30
2019-04-26T13:30:00+05:30,3128.950000,3129.300000,3126.200000,3128.000000,209
2019-04-26T13:45:00+05:30,3128.000000,3128.000000,3118.150000,3120.100000,115
2019-04-26T14:00:00+05:30,3120.100000,3126.700000,3120.100000,3126.700000,75
2019-04-26T14:15:00+05:30,3126.700000,3159.800000,3126.700000,3157.300000,753
2019-04-26T14:30:00+05:30,3157.300000,3165.000000,3145.150000,3149.700000,3569
2019-04-26T14:45:00+05:30,3149.700000,3164.950000,3149.700000,3164.950000,672
2019-04-26T15:00:00+05:30,3164.950000,3165.000000,3149.000000,3154.250000,1077
2019-04-26T15:15:00+05:30,3154.250000,3155.000000,3142.050000,3142.050000,4791
2019-04-30T09:15:00+05:30,3177.450000,3177.450000,3140.800000,3140.800000,197
2019-04-30T09:30:00+05:30,3140.200000,3140.200000,3135.050000,3135.050000,39
2019-04-30T09:45:00+05:30,3135.050000,3142.600000,3133.850000,3135.000000,248
2019-04-30T10:00:00+05:30,3135.000000,3135.000000,3110.200000,3119.400000,356
2019-04-30T10:15:00+05:30,3119.400000,3122.050000,3110.000000,3110.000000,119
2019-04-30T10:30:00+05:30,3110.000000,3110.650000,3095.000000,3104.100000,326
2019-04-30T10:45:00+05:30,3104.100000,3113.400000,3104.100000,3112.900000,60
2019-04-30T11:00:00+05:30,3112.900000,3112.900000,3105.000000,3105.100000,281
2019-04-30T11:15:00+05:30,3105.100000,3110.950000,3105.100000,3110.200000,28
2019-04-30T11:30:00+05:30,3110.200000,3111.000000,3110.200000,3110.850000,18
2019-04-30T11:45:00+05:30,3110.850000,3110.850000,3110.400000,3110.400000,12
2019-04-30T12:00:00+05:30,3110.400000,3110.400000,3100.150000,3100.150000,105
2019-04-30T12:15:00+05:30,3100.150000,3106.400000,3100.150000,3106.400000,28
2019-04-30T12:30:00+05:30,3106.400000,3110.900000,3106.000000,3106.000000,117
2019-04-30T12:45:00+05:30,3106.000000,3110.900000,3102.000000,3102.000000,124
2019-04-30T13:00:00+05:30,3102.000000,3107.000000,3102.000000,3102.050000,20046
2019-04-30T13:15:00+05:30,3102.050000,3109.450000,3102.050000,3104.700000,195
2019-04-30T13:30:00+05:30,3104.700000,3109.400000,3104.000000,3104.000000,48
2019-04-30T13:45:00+05:30,3102.100000,3102.100000,3090.050000,3090.050000,525
2019-04-30T14:00:00+05:30,3090.850000,3098.950000,3090.000000,3096.550000,546
2019-04-30T14:15:00+05:30,3096.550000,3119.000000,3096.550000,3115.000000,412
2019-04-30T14:30:00+05:30,3115.000000,3127.900000,3109.150000,3124.800000,432
2019-04-30T14:45:00+05:30,3124.800000,3127.800000,3110.000000,3117.750000,395
2019-04-30T15:00:00+05:30,3117.750000,3120.000000,3113.550000,3119.950000,921
2019-04-30T15:15:00+05:30,3119.950000,3180.000000,3110.000000,3150.050000,2510
2019-05-02T09:15:00+05:30,3145.000000,3150.000000,3113.500000,3135.000000,535
2019-05-02T09:30:00+05:30,3135.000000,3138.000000,3130.550000,3138.000000,67
2019-05-02T09:45:00+05:30,3139.000000,3145.000000,3139.000000,3144.950000,91
2019-05-02T10:00:00+05:30,3144.950000,3169.950000,3143.050000,3153.050000,594
2019-05-02T10:15:00+05:30,3153.050000,3158.950000,3150.200000,3150.200000,79
2019-05-02T10:30:00+05:30,3150.200000,3155.000000,3142.800000,3146.600000,192
2019-05-02T10:45:00+05:30,3146.600000,3149.200000,3141.050000,3149.000000,37
2019-05-02T11:00:00+05:30,3149.000000,3150.000000,3149.000000,3150.000000,44
2019-05-02T11:15:00+05:30,3150.000000,3150.000000,3145.000000,3148.100000,86
2019-05-02T11:30:00+05:30,3148.100000,3148.100000,3138.000000,3142.700000,155
2019-05-02T11:45:00+05:30,3142.700000,3142.700000,3131.050000,3132.050000,49
2019-05-02T12:00:00+05:30,3132.050000,3142.700000,3131.050000,3139.450000,241
2019-05-02T12:15:00+05:30,3139.450000,3145.400000,3137.550000,3145.400000,38
2019-05-02T12:30:00+05:30,3145.400000,3145.450000,3131.050000,3139.400000,177
2019-05-02T12:45:00+05:30,3139.400000,3145.000000,3130.000000,3145.000000,113
2019-05-02T13:00:00+05:30,3145.000000,3147.950000,3142.550000,3146.000000,43
2019-05-02T13:15:00+05:30,3146.000000,3147.950000,3139.550000,3146.950000,60
2019-05-02T13:30:00+05:30,3146.950000,3147.000000,3140.300000,3146.950000,48
2019-05-02T13:45:00+05:30,3146.950000,3150.000000,3141.950000,3150.000000,203
2019-05-02T14:00:00+05:30,3150.000000,3150.000000,3147.050000,3150.000000,115
2019-05-02T14:15:00+05:30,3150.000000,3155.000000,3147.100000,3154.950000,312
2019-05-02T14:30:00+05:30,3154.950000,3158.650000,3143.100000,3143.100000,806
2019-05-02T14:45:00+05:30,3143.100000,3152.450000,3138.000000,3151.000000,319
2019-05-02T15:00:00+05:30,3151.000000,3151.000000,3145.000000,3151.000000,734
2019-05-02T15:15:00+05:30,3151.000000,3154.400000,3135.000000,3150.250000,1437
2019-05-03T09:15:00+05:30,3144.700000,3144.850000,3138.350000,3144.850000,67
2019-05-03T09:30:00+05:30,3140.650000,3145.000000,3135.650000,3135.650000,83
2019-05-03T09:45:00+05:30,3135.650000,3136.650000,3135.050000,3135.050000,21
2019-05-03T10:00:00+05:30,3135.200000,3140.000000,3125.000000,3125.000000,234
2019-05-03T10:15:00+05:30,3125.000000,3132.000000,3120.200000,3121.050000,294
2019-05-03T10:30:00+05:30,3121.050000,3128.200000,3120.200000,3125.850000,222
2019-05-03T10:45:00+05:30,3125.850000,3127.000000,3121.200000,3122.000000,257
2019-05-03T11:00:00+05:30,3122.000000,3128.350000,3122.000000,3122.050000,154
2019-05-03T11:15:00+05:30,3122.050000,3129.100000,3121.600000,3128.950000,174
2019-05-03T11:30:00+05:30,3128.950000,3128.950000,3126.000000,3128.700000,53
2019-05-03T11:45:00+05:30,3128.700000,3134.750000,3128.600000,3134.750000,97
2019-05-03T12:00:00+05:30,3134.800000,3137.400000,3134.800000,3137.400000,32
2019-05-03T12:15:00+05:30,3137.400000,3137.700000,3124.950000,3130.150000,270
2019-05-03T12:30:00+05:30,3130.150000,3132.700000,3122.000000,3122.250000,173
2019-05-03T12:45:00+05:30,3122.300000,3123.950000,3122.000000,3123.950000,26
2019-05-03T13:00:00+05:30,3123.950000,3125.050000,3123.750000,3125.050000,106
2019-05-03T13:15:00+05:30,3125.050000,3128.400000,3125.050000,3128.400000,589
2019-05-03T13:30:00+05:30,3128.400000,3135.750000,3128.200000,3135.700000,369
2019-05-03T13:45:00+05:30,3135.700000,3136.000000,3135.650000,3135.900000,86
2019-05-03T14:00:00+05:30,3135.900000,3136.700000,3133.000000,3135.650000,190
2019-05-03T14:15:00+05:30,3135.650000,3136.400000,3133.000000,3135.300000,195
2019-05-03T14:30:00+05:30,3135.300000,3159.950000,3134.600000,3144.800000,1140
2019-05-03T14:45:00+05:30,3144.800000,3148.150000,3131.000000,3135.900000,456
2019-05-03T15:00:00+05:30,3135.900000,3135.900000,3120.000000,3128.250000,1020
2019-05-03T15:15:00+05:30,3128.250000,3139.950000,3120.900000,3121.000000,1286
2019-05-06T09:15:00+05:30,3123.950000,3123.950000,3096.050000,3115.000000,327
2019-05-06T09:30:00+05:30,3115.000000,3116.250000,3110.000000,3111.850000,58
2019-05-06T09:45:00+05:30,3111.850000,3111.850000,3095.100000,3103.550000,179
2019-05-06T10:00:00+05:30,3103.550000,3106.950000,3101.750000,3103.000000,62
2019-05-06T10:15:00+05:30,3103.000000,3108.800000,3103.000000,3107.600000,76
2019-05-06T10:30:00+05:30,3107.600000,3107.950000,3105.000000,3105.000000,43
2019-05-06T10:45:00+05:30,3105.000000,3109.950000,3103.000000,3108.800000,215
2019-05-06T11:00:00+05:30,3108.800000,3108.800000,3103.000000,3105.200000,22
2019-05-06T11:15:00+05:30,3105.200000,3109.450000,3103.000000,3104.750000,66
2019-05-06T11:30:00+05:30,3104.750000,3113.450000,3103.000000,3112.700000,175
2019-05-06T11:45:00+05:30,3112.700000,3129.000000,3112.000000,3112.000000,289
2019-05-06T12:00:00+05:30,3112.000000,3117.250000,3110.450000,3117.250000,122
2019-05-06T12:15:00+05:30,3117.250000,3117.250000,3111.700000,3113.650000,72
2019-05-06T12:30:00+05:30,3113.650000,3113.650000,3107.900000,3107.900000,42
2019-05-06T12:45:00+05:30,3107.900000,3107.900000,3105.300000,3105.300000,22
2019-05-06T13:00:00+05:30,3105.300000,3107.100000,3101.000000,3101.000000,155
2019-05-06T13:15:00+05:30,3101.000000,3102.900000,3100.000000,3101.900000,197
2019-05-06T13:30:00+05:30,3101.900000,3106.000000,3101.900000,3102.750000,156
2019-05-06T13:45:00+05:30,3105.050000,3112.750000,3105.000000,3111.450000,203
2019-05-06T14:00:00+05:30,3111.450000,3112.150000,3108.450000,3108.450000,68
2019-05-06T14:15:00+05:30,3108.450000,3114.800000,3108.250000,3114.800000,162
2019-05-06T14:30:00+05:30,3114.800000,3115.050000,3110.000000,3112.600000,219
2019-05-06T14:45:00+05:30,3112.600000,3118.600000,3112.600000,3114.350000,262
2019-05-06T15:00:00+05:30,3116.700000,3140.050000,3116.700000,3124.050000,1104
2019-05-06T15:15:00+05:30,3124.050000,3169.950000,3124.050000,3146.150000,1592
2019-05-07T09:15:00+05:30,3160.000000,3164.000000,3125.000000,3136.550000,353
2019-05-07T09:30:00+05:30,3136.950000,3143.300000,3136.550000,3140.000000,126
2019-05-07T09:45:00+05:30,3140.000000,3141.550000,3140.000000,3140.000000,73
2019-05-07T10:00:00+05:30,3140.000000,3142.650000,3140.000000,3140.100000,30
2019-05-07T10:15:00+05:30,3140.100000,3140.100000,3140.100000,3140.100000,38
2019-05-07T10:30:00+05:30,3140.100000,3145.000000,3140.100000,3142.500000,72
2019-05-07T10:45:00+05:30,3142.500000,3142.550000,3140.000000,3140.000000,47
2019-05-07T11:00:00+05:30,3140.000000,3143.900000,3136.000000,3136.700000,204
2019-05-07T11:15:00+05:30,3136.700000,3140.000000,3135.000000,3135.000000,130
2019-05-07T11:30:00+05:30,3135.000000,3135.000000,3131.000000,3133.900000,67
2019-05-07T11:45:00+05:30,3133.900000,3133.900000,3131.150000,3133.900000,41
2019-05-07T12:00:00+05:30,3134.750000,3140.000000,3131.100000,3140.000000,182
2019-05-07T12:15:00+05:30,3140.000000,3145.000000,3140.000000,3145.000000,37
2019-05-07T12:30:00+05:30,3145.000000,3145.450000,3139.950000,3145.450000,173
2019-05-07T12:45:00+05:30,3140.000000,3153.900000,3140.000000,3153.900000,188
2019-05-07T13:00:00+05:30,3153.900000,3154.000000,3150.000000,3150.050000,66
2019-05-07T13:15:00+05:30,3152.900000,3152.950000,3144.000000,3144.100000,76
2019-05-07T13:30:00+05:30,3144.100000,3150.000000,3142.550000,3149.200000,77
2019-05-07T13:45:00+05:30,3149.200000,3150.000000,3142.000000,3150.000000,161
2019-05-07T14:00:00+05:30,3144.100000,3149.900000,3135.050000,3138.700000,240
2019-05-07T14:15:00+05:30,3138.700000,3140.000000,3131.000000,3139.450000,111
2019-05-07T14:30:00+05:30,3139.400000,3144.000000,3132.200000,3144.000000,247
2019-05-07T14:45:00+05:30,3144.000000,3144.000000,3119.000000,3127.950000,900
2019-05-07T15:00:00+05:30,3127.950000,3134.100000,3109.000000,3120.000000,1487
2019-05-07T15:15:00+05:30,3120.000000,3150.000000,3112.300000,3138.150000,1485
2019-05-08T09:15:00+05:30,3142.000000,3150.000000,3115.550000,3129.700000,1115
2019-05-08T09:30:00+05:30,3129.700000,3129.700000,3106.100000,3115.550000,471
2019-05-08T09:45:00+05:30,3115.550000,3115.550000,3107.000000,3107.000000,200
2019-05-08T10:00:00+05:30,3107.000000,3114.000000,3107.000000,3112.000000,162
2019-05-08T10:15:00+05:30,3112.000000,3115.650000,3112.000000,3115.000000,102
2019-05-08T10:30:00+05:30,3115.000000,3115.000000,3110.000000,3111.350000,139
2019-05-08T10:45:00+05:30,3110.000000,3114.000000,3110.000000,3114.000000,115
2019-05-08T11:00:00+05:30,3114.000000,3114.000000,3111.100000,3113.300000,20
2019-05-08T11:15:00+05:30,3113.300000,3113.300000,3096.050000,3100.000000,595
2019-05-08T11:30:00+05:30,3100.000000,3105.350000,3099.500000,3099.500000,219
2019-05-08T11:45:00+05:30,3100.000000,3100.000000,3092.000000,3095.350000,357
2019-05-08T12:00:00+05:30,3095.350000,3107.250000,3094.950000,3105.000000,375
2019-05-08T12:15:00+05:30,3105.000000,3108.050000,3105.000000,3107.150000,45
2019-05-08T12:30:00+05:30,3107.150000,3107.400000,3105.000000,3105.000000,76
2019-05-08T12:45:00+05:30,3105.000000,3105.000000,3097.200000,3097.250000,153
2019-05-08T13:00:00+05:30,3097.250000,3097.250000,3095.000000,3095.100000,320
2019-05-08T13:15:00+05:30,3099.600000,3100.650000,3098.000000,3098.000000,182
2019-05-08T13:30:00+05:30,3098.000000,3100.000000,3096.850000,3099.700000,232
2019-05-08T13:45:00+05:30,3099.700000,3100.000000,3097.900000,3097.900000,355
2019-05-08T14:00:00+05:30,3097.250000,3098.350000,3076.550000,3081.000000,1130
2019-05-08T14:15:00+05:30,3081.000000,3087.450000,3076.100000,3076.550000,531
2019-05-08T14:30:00+05:30,3076.550000,3082.200000,3052.000000,3064.200000,1586
2019-05-08T14:45:00+05:30,3063.250000,3063.250000,3055.200000,3058.800000,351
2019-05-08T15:00:00+05:30,3055.800000,3064.900000,3041.050000,3043.050000,1370
2019-05-08T15:15:00+05:30,3042.950000,3046.300000,3016.050000,3046.300000,2386
2019-05-09T09:15:00+05:30,3039.950000,3039.950000,2990.300000,2991.000000,687
2019-05-09T09:30:00+05:30,2991.000000,3006.000000,2957.350000,2971.450000,1140
2019-05-09T09:45:00+05:30,2971.450000,2986.000000,2966.700000,2986.000000,517
2019-05-09T10:00:00+05:30,2986.000000,3014.650000,2980.250000,2994.750000,1306
2019-05-09T10:15:00+05:30,2994.750000,2998.650000,2983.050000,2988.450000,178
2019-05-09T10:30:00+05:30,2988.450000,2989.250000,2985.000000,2985.000000,129
2019-05-09T10:45:00+05:30,2985.000000,2993.900000,2985.000000,2993.100000,164
2019-05-09T11:00:00+05:30,2993.100000,2993.100000,2985.000000,2987.550000,178
2019-05-09T11:15:00+05:30,2987.550000,2993.950000,2984.000000,2986.000000,140
2019-05-09T11:30:00+05:30,2986.000000,2986.450000,2981.200000,2981.200000,76
2019-05-09T11:45:00+05:30,2986.400000,2993.000000,2980.000000,2980.000000,401
2019-05-09T12:00:00+05:30,2980.000000,2980.650000,2976.150000,2980.400000,73
2019-05-09T12:15:00+05:30,2980.400000,2990.000000,2976.000000,2976.000000,329
2019-05-09T12:30:00+05:30,2976.000000,2982.000000,2976.000000,2976.350000,51
2019-05-09T12:45:00+05:30,2976.350000,2982.350000,2976.300000,2982.300000,47
2019-05-09T13:00:00+05:30,2982.300000,2982.350000,2976.150000,2977.650000,64
2019-05-09T13:15:00+05:30,2977.650000,2982.300000,2976.150000,2980.000000,103
2019-05-09T13:30:00+05:30,2980.000000,2981.900000,2976.150000,2980.050000,80
2019-05-09T13:45:00+05:30,2980.100000,2980.100000,2976.150000,2979.900000,173
2019-05-09T14:00:00+05:30,2979.900000,2980.100000,2976.150000,2976.250000,98
2019-05-09T14:15:00+05:30,2976.250000,2982.350000,2976.250000,2980.050000,478
2019-05-09T14:30:00+05:30,2980.050000,2980.200000,2976.150000,2976.150000,1337
2019-05-09T14:45:00+05:30,2976.050000,2980.000000,2976.000000,2980.000000,711
2019-05-09T15:00:00+05:30,2979.950000,2981.550000,2976.000000,2978.250000,1473
2019-05-09T15:15:00+05:30,2978.250000,3038.450000,2964.750000,3010.000000,4088
2019-05-10T09:15:00+05:30,3009.800000,3058.000000,3009.800000,3017.000000,226
2019-05-10T09:30:00+05:30,3017.000000,3019.450000,3001.650000,3001.650000,525
2019-05-10T09:45:00+05:30,3001.650000,3004.450000,2995.300000,3004.450000,126
2019-05-10T10:00:00+05:30,3004.450000,3005.500000,3002.000000,3002.000000,108
2019-05-10T10:15:00+05:30,3002.000000,3008.700000,3002.000000,3008.000000,70
2019-05-10T10:30:00+05:30,3008.000000,3008.000000,3003.650000,3004.100000,18
2019-05-10T10:45:00+05:30,3004.100000,3009.950000,3004.100000,3009.950000,31
2019-05-10T11:00:00+05:30,3009.950000,3010.000000,3004.150000,3005.000000,39
2019-05-10T11:15:00+05:30,3005.000000,3005.000000,3000.000000,3000.000000,58
2019-05-10T11:30:00+05:30,3000.000000,3005.000000,3000.000000,3004.900000,25
2019-05-10T11:45:00+05:30,3004.900000,3004.900000,2990.000000,2990.100000,303
2019-05-10T12:00:00+05:30,2990.100000,2997.000000,2990.100000,2997.000000,32
2019-05-10T12:15:00+05:30,2997.000000,3001.500000,2997.000000,3001.500000,8
2019-05-10T12:30:00+05:30,3001.500000,3001.500000,3001.500000,3001.500000,7
2019-05-10T12:45:00+05:30,3001.500000,3006.000000,3001.500000,3006.000000,60
2019-05-10T13:00:00+05:30,3006.000000,3006.000000,3001.650000,3001.650000,22
2019-05-10T13:15:00+05:30,3001.650000,3007.000000,3000.000000,3007.000000,43
2019-05-10T13:30:00+05:30,3007.000000,3007.000000,3006.950000,3007.000000,186
2019-05-10T13:45:00+05:30,3007.000000,3008.000000,3006.900000,3008.000000,95
2019-05-10T14:00:00+05:30,3008.000000,3008.000000,3007.850000,3008.000000,39
2019-05-10T14:15:00+05:30,3008.000000,3018.000000,3008.000000,3018.000000,243
2019-05-10T14:30:00+05:30,3018.000000,3030.000000,3018.000000,3025.000000,227
2019-05-10T14:45:00+05:30,3025.000000,3028.000000,3024.000000,3027.800000,343
2019-05-10T15:00:00+05:30,3027.800000,3040.000000,3015.000000,3038.000000,1774
2019-05-10T15:15:00+05:30,3038.000000,3049.000000,3015.900000,3049.000000,1257
2019-05-13T09:15:00+05:30,3043.000000,3043.000000,3020.000000,3020.000000,314
2019-05-13T09:30:00+05:30,3020.000000,3020.000000,3010.000000,3010.000000,34
2019-05-13T09:45:00+05:30,3010.000000,3010.000000,3001.550000,3001.550000,148
2019-05-13T10:00:00+05:30,3001.550000,3006.850000,3000.000000,3000.000000,292
2019-05-13T10:15:00+05:30,3000.000000,3000.050000,2995.200000,2995.200000,105
2019-05-13T10:30:00+05:30,2996.100000,2996.500000,2992.000000,2995.000000,192
2019-05-13T10:45:00+05:30,2995.000000,2995.000000,2992.000000,2992.450000,126
2019-05-13T11:00:00+05:30,2992.450000,2994.300000,2992.000000,2994.200000,30
2019-05-13T11:15:00+05:30,2994.200000,2995.500000,2992.000000,2995.400000,47
2019-05-13T11:30:00+05:30,2995.400000,2995.700000,2990.050000,2990.050000,52
2019-05-13T11:45:00+05:30,2990.050000,2994.900000,2990.000000,2990.000000,247
2019-05-13T12:00:00+05:30,2985.000000,2990.000000,2975.000000,2975.000000,489
2019-05-13T12:15:00+05:30,2975.000000,2979.000000,2969.000000,2976.750000,368
2019-05-13T12:30:00+05:30,2976.750000,2976.750000,2968.000000,2969.650000,403
2019-05-13T12:45:00+05:30,2969.650000,2969.700000,2960.000000,2967.600000,566
2019-05-13T13:00:00+05:30,2968.000000,2994.700000,2960.300000,2989.450000,222
2019-05-13T13:15:00+05:30,2989.450000,2992.000000,2980.400000,2980.750000,167
2019-05-13T13:30:00+05:30,2980.750000,2994.800000,2977.050000,2994.000000,212
2019-05-13T13:45:00+05:30,2994.000000,2994.000000,2986.650000,2992.500000,198
2019-05-13T14:00:00+05:30,2992.500000,3005.000000,2992.500000,3004.000000,209
2019-05-13T14:15:00+05:30,3004.000000,3016.000000,3003.450000,3011.700000,137
2019-05-13T14:30:00+05:30,3011.700000,3020.000000,3004.200000,3010.000000,178
2019-05-13T14:45:00+05:30,3010.000000,3010.000000,3000.000000,3000.900000,408
2019-05-13T15:00:00+05:30,3000.900000,3029.850000,3000.900000,3012.000000,1995
2019-05-13T15:15:00+05:30,3012.000000,3012.050000,2984.000000,2986.450000,2093
2019-05-14T09:15:00+05:30,2976.000000,3003.500000,2976.000000,2998.600000,182
2019-05-14T09:30:00+05:30,2998.600000,3008.000000,2991.050000,2991.050000,355
2019-05-14T09:45:00+05:30,2991.050000,3001.500000,2991.050000,3000.000000,201
2019-05-14T10:00:00+05:30,3000.000000,3001.900000,2995.550000,2995.550000,397
2019-05-14T10:15:00+05:30,2995.550000,3000.850000,2995.300000,3000.850000,57
2019-05-14T10:30:00+05:30,3000.850000,3008.200000,2990.000000,2999.150000,327
2019-05-14T10:45:00+05:30,2999.150000,2999.150000,2994.050000,2994.050000,31
2019-05-14T11:00:00+05:30,2994.050000,2995.000000,2985.450000,2987.900000,98
2019-05-14T11:15:00+05:30,2987.900000,2990.000000,2986.350000,2989.850000,83
2019-05-14T11:30:00+05:30,2989.850000,2990.000000,2976.000000,2977.400000,201
2019-05-14T11:45:00+05:30,2977.400000,2980.000000,2962.250000,2967.150000,447
2019-05-14T12:00:00+05:30,2967.150000,2972.450000,2961.000000,2966.250000,400
2019-05-14T12:15:00+05:30,2966.250000,2972.950000,2966.250000,2966.900000,137
2019-05-14T12:30:00+05:30,2969.750000,2986.000000,2966.900000,2977.650000,245
2019-05-14T12:45:00+05:30,2977.650000,2980.000000,2970.050000,2973.100000,92
2019-05-14T13:00:00+05:30,2973.200000,2980.000000,2973.200000,2980.000000,209
2019-05-14T13:15:00+05:30,2980.000000,2980.400000,2975.000000,2979.850000,125
2019-05-14T13:30:00+05:30,2979.850000,2982.000000,2970.200000,2970.200000,275
2019-05-14T13:45:00+05:30,2970.200000,2979.450000,2970.200000,2978.400000,136
2019-05-14T14:00:00+05:30,2978.400000,2998.150000,2978.400000,2994.000000,559
2019-05-14T14:15:00+05:30,2994.000000,2994.500000,2984.650000,2989.950000,192
2019-05-14T14:30:00+05:30,2989.950000,3014.450000,2989.250000,3006.000000,825
2019-05-14T14:45:00+05:30,3006.050000,3006.200000,2975.000000,2990.000000,838
2019-05-14T15:00:00+05:30,2990.000000,2997.900000,2972.000000,2997.900000,1619
2019-05-14T15:15:00+05:30,2997.900000,2997.900000,2951.100000,2969.000000,2814
2019-05-15T09:15:00+05:30,2950.350000,2977.900000,2950.350000,2965.450000,117
2019-05-15T09:30:00+05:30,2965.450000,2965.450000,2956.250000,2960.000000,142
2019-05-15T09:45:00+05:30,2965.400000,2969.600000,2962.000000,2968.950000,62
2019-05-15T10:00:00+05:30,2968.950000,2969.600000,2961.150000,2967.000000,86
2019-05-15T10:15:00+05:30,2967.000000,2968.450000,2958.350000,2967.550000,142
2019-05-15T10:30:00+05:30,2966.000000,2968.500000,2964.000000,2966.900000,37
2019-05-15T10:45:00+05:30,2966.900000,2967.350000,2964.000000,2967.350000,33
2019-05-15T11:00:00+05:30,2967.350000,2967.350000,2961.500000,2964.800000,93
2019-05-15T11:15:00+05:30,2962.050000,2962.050000,2962.050000,2962.050000,2
2019-05-15T11:30:00+05:30,2962.050000,2964.950000,2951.600000,2952.400000,268
2019-05-15T11:45:00+05:30,2952.400000,2956.500000,2950.000000,2954.000000,361
2019-05-15T12:00:00+05:30,2952.200000,2957.400000,2952.000000,2957.350000,190
2019-05-15T12:15:00+05:30,2957.350000,2961.000000,2954.050000,2961.000000,435
2019-05-15T12:30:00+05:30,2961.000000,2964.950000,2961.000000,2961.000000,41
2019-05-15T12:45:00+05:30,2961.000000,2963.950000,2957.400000,2957.400000,90
2019-05-15T13:00:00+05:30,2957.400000,2963.900000,2957.400000,2963.000000,40
2019-05-15T13:15:00+05:30,2963.000000,2963.000000,2958.050000,2958.100000,23
2019-05-15T13:30:00+05:30,2958.100000,2966.350000,2958.100000,2966.350000,184
2019-05-15T13:45:00+05:30,2966.350000,2969.650000,2966.200000,2969.450000,60
2019-05-15T14:00:00+05:30,2969.450000,2969.450000,2966.900000,2968.850000,46
2019-05-15T14:15:00+05:30,2968.850000,2968.950000,2964.200000,2968.450000,120
2019-05-15T14:30:00+05:30,2968.450000,2969.650000,2961.100000,2961.100000,144
2019-05-15T14:45:00+05:30,2961.100000,2970.400000,2961.100000,2970.000000,496
2019-05-15T15:00:00+05:30,2970.000000,2979.850000,2964.200000,2978.100000,1143
2019-05-15T15:15:00+05:30,2978.100000,3039.000000,2975.300000,3025.000000,2529
2019-05-16T09:15:00+05:30,3023.000000,3023.000000,2981.550000,2999.950000,293
2019-05-16T09:30:00+05:30,2999.950000,2999.950000,2989.600000,2989.600000,120
2019-05-16T09:45:00+05:30,2993.950000,3010.050000,2993.950000,3008.950000,95
2019-05-16T10:00:00+05:30,3010.000000,3015.200000,2995.000000,2995.000000,265
2019-05-16T10:15:00+05:30,2995.000000,2999.000000,2985.050000,2985.150000,238
2019-05-16T10:30:00+05:30,2985.150000,2992.300000,2985.150000,2986.550000,26
2019-05-16T10:45:00+05:30,2986.550000,2986.550000,2976.100000,2985.000000,165
2019-05-16T11:00:00+05:30,2985.000000,2988.000000,2978.000000,2980.000000,237
2019-05-16T11:15:00+05:30,2980.000000,2988.400000,2977.000000,2987.950000,173
2019-05-16T11:30:00+05:30,2987.950000,2987.950000,2980.000000,2984.850000,173
2019-05-16T11:45:00+05:30,2984.850000,2989.300000,2981.350000,2988.000000,132
2019-05-16T12:00:00+05:30,2988.000000,3010.000000,2985.000000,2995.000000,986
2019-05-16T12:15:00+05:30,2995.000000,3002.900000,2988.700000,2992.550000,561
2019-05-16T12:30:00+05:30,2992.550000,2995.000000,2990.000000,2990.000000,284
2019-05-16T12:45:00+05:30,2990.000000,2994.950000,2985.100000,2988.000000,316
2019-05-16T13:00:00+05:30,2988.000000,2992.000000,2986.000000,2986.000000,184
2019-05-16T13:15:00+05:30,2991.000000,2993.000000,2986.500000,2993.000000,54
2019-05-16T13:30:00+05:30,2993.000000,2993.000000,2990.000000,2990.350000,60
2019-05-16T13:45:00+05:30,2990.350000,3014.350000,2990.000000,2996.000000,419
2019-05-16T14:00:00+05:30,2996.000000,3003.000000,2992.550000,3003.000000,161
2019-05-16T14:15:00+05:30,3003.000000,3008.700000,3000.000000,3002.500000,100
2019-05-16T14:30:00+05:30,3002.500000,3004.000000,2999.850000,2999.850000,215
2019-05-16T14:45:00+05:30,2999.850000,3007.000000,2994.000000,2996.950000,584
2019-05-16T15:00:00+05:30,2996.950000,3000.000000,2983.200000,2996.000000,2457
2019-05-16T15:15:00+05:30,2996.000000,2996.000000,2972.000000,2980.100000,2038
2019-05-17T09:15:00+05:30,2968.000000,2986.950000,2968.000000,2972.250000,516
2019-05-17T09:30:00+05:30,2972.200000,2974.950000,2972.200000,2974.950000,78
2019-05-17T09:45:00+05:30,2974.950000,2982.950000,2972.250000,2972.250000,305
2019-05-17T10:00:00+05:30,2972.250000,2975.650000,2961.400000,2973.600000,367
2019-05-17T10:15:00+05:30,2973.600000,2974.950000,2962.000000,2967.000000,491
2019-05-17T10:30:00+05:30,2967.000000,2972.850000,2961.050000,2970.000000,109
2019-05-17T10:45:00+05:30,2970.000000,2975.000000,2968.550000,2968.550000,39
2019-05-17T11:00:00+05:30,2968.550000,2974.900000,2968.550000,2974.900000,129
2019-05-17T11:15:00+05:30,2974.900000,2974.900000,2967.000000,2967.450000,99
2019-05-17T11:30:00+05:30,2967.450000,2967.450000,2960.000000,2965.000000,164
2019-05-17T11:45:00+05:30,2960.500000,2964.950000,2960.250000,2963.950000,110
2019-05-17T12:00:00+05:30,2963.950000,2967.500000,2963.950000,2967.500000,136
2019-05-17T12:15:00+05:30,2969.000000,2974.900000,2964.050000,2974.900000,302
2019-05-17T12:30:00+05:30,2974.900000,2975.000000,2971.900000,2974.000000,78
2019-05-17T12:45:00+05:30,2974.000000,2974.000000,2973.000000,2973.750000,26
2019-05-17T13:00:00+05:30,2973.750000,2975.000000,2968.050000,2975.000000,44
2019-05-17T13:15:00+05:30,2975.000000,2975.000000,2965.000000,2968.600000,210
2019-05-17T13:30:00+05:30,2968.600000,2975.000000,2965.600000,2972.750000,181
2019-05-17T13:45:00+05:30,2972.750000,2975.000000,2967.450000,2974.950000,81
2019-05-17T14:00:00+05:30,2974.950000,2996.000000,2974.000000,2989.250000,546
2019-05-17T14:15:00+05:30,2989.250000,2990.000000,2985.000000,2989.000000,130
2019-05-17T14:30:00+05:30,2989.000000,2989.000000,2980.050000,2987.700000,268
2019-05-17T14:45:00+05:30,2987.700000,2998.500000,2986.900000,2991.850000,694
2019-05-17T15:00:00+05:30,2991.850000,3013.000000,2990.200000,3002.950000,1056
2019-05-17T15:15:00+05:30,3002.950000,3029.000000,2995.150000,2995.150000,2753
2019-05-20T09:15:00+05:30,3060.000000,3060.050000,3022.200000,3029.900000,254
2019-05-20T09:30:00+05:30,3024.000000,3055.400000,3015.000000,3046.000000,504
2019-05-20T09:45:00+05:30,3046.000000,3046.000000,3037.000000,3037.850000,100
2019-05-20T10:00:00+05:30,3034.600000,3047.000000,3032.000000,3046.000000,514
2019-05-20T10:15:00+05:30,3050.000000,3050.000000,3039.450000,3040.000000,18
2019-05-20T10:30:00+05:30,3040.000000,3041.950000,2998.000000,3003.450000,597
2019-05-20T10:45:00+05:30,3003.450000,3016.500000,3003.450000,3012.000000,69
2019-05-20T11:00:00+05:30,3012.000000,3013.000000,3008.000000,3010.000000,140
2019-05-20T11:15:00+05:30,3012.950000,3014.500000,3009.050000,3009.100000,31
2019-05-20T11:30:00+05:30,3009.100000,3015.500000,3006.000000,3006.000000,119
2019-05-20T11:45:00+05:30,3006.000000,3014.450000,3005.100000,3011.000000,51
2019-05-20T12:00:00+05:30,3006.000000,3025.650000,3006.000000,3023.950000,203
2019-05-20T12:15:00+05:30,3023.950000,3023.950000,3007.000000,3017.000000,304
2019-05-20T12:30:00+05:30,3017.000000,3020.700000,3010.000000,3010.050000,87
2019-05-20T12:45:00+05:30,3010.050000,3012.500000,3010.000000,3012.500000,239
2019-05-20T13:00:00+05:30,3012.500000,3012.500000,3008.000000,3008.450000,382
2019-05-20T13:15:00+05:30,3008.450000,3015.500000,3008.000000,3015.500000,228
2019-05-20T13:30:00+05:30,3014.400000,3015.500000,3014.400000,3014.400000,82
2019-05-20T13:45:00+05:30,3014.400000,3014.950000,3007.550000,3010.000000,75
2019-05-20T14:00:00+05:30,3010.000000,3024.000000,3010.000000,3023.950000,357
2019-05-20T14:15:00+05:30,3023.950000,3023.950000,3000.000000,3013.350000,491
2019-05-20T14:30:00+05:30,3013.350000,3021.950000,3013.350000,3019.150000,280
2019-05-20T14:45:00+05:30,3017.400000,3048.000000,3017.400000,3034.000000,1281
2019-05-20T15:00:00+05:30,3034.000000,3181.850000,3031.650000,3180.000000,8791
2019-05-20T15:15:00+05:30,3180.000000,3224.000000,3165.000000,3190.000000,5040
2019-05-21T09:15:00+05:30,3151.050000,3249.000000,3151.050000,3232.750000,2890
2019-05-21T09:30:00+05:30,3232.750000,3273.300000,3208.200000,3273.300000,2851
2019-05-21T09:45:00+05:30,3273.300000,3275.000000,3235.000000,3259.650000,2046
2019-05-21T10:00:00+05:30,3261.600000,3269.950000,3252.550000,3257.000000,1334
2019-05-21T10:15:00+05:30,3257.000000,3264.950000,3255.550000,3255.550000,446
2019-05-21T10:30:00+05:30,3255.550000,3260.000000,3241.000000,3241.000000,788
2019-05-21T10:45:00+05:30,3240.000000,3257.950000,3230.150000,3246.200000,546
2019-05-21T11:00:00+05:30,3246.200000,3254.000000,3222.250000,3254.000000,1256
2019-05-21T11:15:00+05:30,3257.800000,3257.800000,3236.000000,3240.000000,855
2019-05-21T11:30:00+05:30,3240.000000,3240.000000,3211.050000,3220.000000,1057
2019-05-21T11:45:00+05:30,3220.000000,3229.000000,3218.000000,3219.300000,212
2019-05-21T12:00:00+05:30,3219.300000,3230.000000,3216.050000,3224.000000,159
2019-05-21T12:15:00+05:30,3227.950000,3227.950000,3202.000000,3210.000000,871
2019-05-21T12:30:00+05:30,3205.050000,3210.000000,3187.100000,3193.000000,488
2019-05-21T12:45:00+05:30,3191.000000,3197.300000,3181.000000,3182.000000,463
2019-05-21T13:00:00+05:30,3182.250000,3211.000000,3182.250000,3205.000000,594
2019-05-21T13:15:00+05:30,3205.000000,3209.000000,3195.050000,3195.050000,439
2019-05-21T13:30:00+05:30,3195.050000,3195.050000,3180.000000,3181.150000,618
2019-05-21T13:45:00+05:30,3181.150000,3195.200000,3181.150000,3195.200000,100
2019-05-21T14:00:00+05:30,3195.250000,3200.000000,3191.150000,3192.550000,162
2019-05-21T14:15:00+05:30,3192.550000,3201.000000,3191.300000,3200.950000,428
2019-05-21T14:30:00+05:30,3200.950000,3203.000000,3179.850000,3198.000000,1548
2019-05-21T14:45:00+05:30,3196.200000,3200.000000,3192.600000,3198.750000,781
2019-05-21T15:00:00+05:30,3198.750000,3200.000000,3182.150000,3195.850000,966
2019-05-21T15:15:00+05:30,3195.850000,3200.000000,3181.100000,3190.050000,1148
2019-05-22T09:15:00+05:30,3181.000000,3222.050000,3181.000000,3214.900000,311
2019-05-22T09:30:00+05:30,3214.900000,3215.000000,3200.000000,3201.050000,202
2019-05-22T09:45:00+05:30,3201.050000,3201.700000,3195.000000,3197.750000,129
2019-05-22T10:00:00+05:30,3197.750000,3197.750000,3161.500000,3170.300000,452
2019-05-22T10:15:00+05:30,3170.300000,3180.000000,3166.550000,3170.100000,197
2019-05-22T10:30:00+05:30,3170.100000,3175.950000,3170.100000,3172.050000,264
2019-05-22T10:45:00+05:30,3170.500000,3173.650000,3170.000000,3170.000000,100
2019-05-22T11:00:00+05:30,3170.000000,3171.350000,3161.000000,3164.150000,106
2019-05-22T11:15:00+05:30,3164.150000,3164.150000,3161.000000,3162.000000,68
2019-05-22T11:30:00+05:30,3161.150000,3166.000000,3161.150000,3162.050000,25
2019-05-22T11:45:00+05:30,3162.050000,3170.000000,3161.250000,3170.000000,119
2019-05-22T12:00:00+05:30,3163.600000,3170.500000,3162.250000,3162.250000,111
2019-05-22T12:15:00+05:30,3162.250000,3185.000000,3162.250000,3175.000000,547
2019-05-22T12:30:00+05:30,3175.000000,3176.600000,3171.150000,3175.000000,88
2019-05-22T12:45:00+05:30,3175.000000,3182.700000,3175.000000,3175.050000,130
2019-05-22T13:00:00+05:30,3175.050000,3175.050000,3171.300000,3174.500000,83
2019-05-22T13:15:00+05:30,3174.500000,3179.200000,3171.000000,3179.200000,147
2019-05-22T13:30:00+05:30,3179.200000,3179.950000,3174.050000,3177.400000,69
2019-05-22T13:45:00+05:30,3177.400000,3180.850000,3171.200000,3180.000000,102
2019-05-22T14:00:00+05:30,3180.000000,3199.000000,3177.850000,3196.450000,281
2019-05-22T14:15:00+05:30,3196.450000,3196.950000,3190.000000,3196.000000,181
2019-05-22T14:30:00+05:30,3196.000000,3196.000000,3183.100000,3187.650000,216
2019-05-22T14:45:00+05:30,3187.650000,3197.950000,3182.050000,3194.500000,669
2019-05-22T15:00:00+05:30,3194.600000,3218.950000,3181.150000,3185.000000,1692
2019-05-22T15:15:00+05:30,3185.000000,3218.950000,3179.850000,3185.100000,2346
2019-05-23T09:15:00+05:30,3225.000000,3273.950000,3205.800000,3246.800000,1982
2019-05-23T09:30:00+05:30,3246.800000,3251.700000,3202.000000,3206.400000,952
2019-05-23T09:45:00+05:30,3206.400000,3217.000000,3204.100000,3213.100000,299
2019-05-23T10:00:00+05:30,3213.100000,3232.200000,3213.000000,3220.800000,462
2019-05-23T10:15:00+05:30,3220.800000,3220.800000,3206.050000,3208.000000,103
2019-05-23T10:30:00+05:30,3208.000000,3213.000000,3202.000000,3203.000000,353
2019-05-23T10:45:00+05:30,3204.400000,3212.800000,3199.000000,3199.000000,401
2019-05-23T11:00:00+05:30,3190.550000,3199.000000,3171.350000,3172.000000,371
2019-05-23T11:15:00+05:30,3172.000000,3182.950000,3171.000000,3182.250000,227
2019-05-23T11:30:00+05:30,3182.250000,3182.250000,3152.050000,3173.700000,669
2019-05-23T11:45:00+05:30,3173.700000,3173.700000,3156.200000,3172.600000,599
2019-05-23T12:00:00+05:30,3172.600000,3172.600000,3156.100000,3158.100000,303
2019-05-23T12:15:00+05:30,3158.100000,3169.850000,3155.150000,3160.050000,369
2019-05-23T12:30:00+05:30,3160.050000,3164.950000,3134.700000,3134.700000,2433
2019-05-23T12:45:00+05:30,3134.700000,3143.900000,3106.350000,3116.150000,6456
2019-05-23T13:00:00+05:30,3116.150000,3128.950000,3113.000000,3125.000000,411
2019-05-23T13:15:00+05:30,3125.000000,3134.700000,3091.100000,3103.750000,2127
2019-05-23T13:30:00+05:30,3103.750000,3117.050000,3099.550000,3116.750000,467
2019-05-23T13:45:00+05:30,3116.750000,3123.900000,3108.000000,3114.100000,257
2019-05-23T14:00:00+05:30,3114.100000,3124.700000,3107.200000,3122.000000,323
2019-05-23T14:15:00+05:30,3122.000000,3128.000000,3117.400000,3119.000000,448
2019-05-23T14:30:00+05:30,3119.000000,3136.000000,3118.750000,3133.000000,442
2019-05-23T14:45:00+05:30,3133.000000,3137.950000,3112.100000,3119.400000,1467
2019-05-23T15:00:00+05:30,3119.400000,3129.850000,3091.200000,3107.400000,1598
2019-05-23T15:15:00+05:30,3107.400000,3107.800000,3082.000000,3086.750000,3487
2019-05-24T09:15:00+05:30,3123.000000,3123.000000,3100.250000,3117.950000,445
2019-05-24T09:30:00+05:30,3117.950000,3117.950000,3089.650000,3094.000000,220
2019-05-24T09:45:00+05:30,3094.000000,3094.000000,3086.450000,3090.150000,127
2019-05-24T10:00:00+05:30,3090.150000,3093.000000,3079.000000,3085.750000,349
2019-05-24T10:15:00+05:30,3085.750000,3088.000000,3077.000000,3077.000000,76
2019-05-24T10:30:00+05:30,3077.000000,3092.550000,3077.000000,3092.550000,71
2019-05-24T10:45:00+05:30,3090.000000,3111.000000,3090.000000,3109.750000,208
2019-05-24T11:00:00+05:30,3109.750000,3115.000000,3062.250000,3080.000000,1711
2019-05-24T11:15:00+05:30,3080.000000,3083.750000,3076.250000,3083.750000,68
2019-05-24T11:30:00+05:30,3083.750000,3088.000000,3081.050000,3088.000000,34
2019-05-24T11:45:00+05:30,3092.900000,3104.900000,3082.000000,3084.050000,428
2019-05-24T12:00:00+05:30,3084.050000,3088.450000,3081.000000,3081.000000,116
2019-05-24T12:15:00+05:30,3081.000000,3088.750000,3081.000000,3088.750000,99
2019-05-24T12:30:00+05:30,3088.750000,3090.000000,3073.000000,3078.900000,236
2019-05-24T12:45:00+05:30,3078.900000,3092.000000,3078.900000,3092.000000,43
2019-05-24T13:00:00+05:30,3092.000000,3104.900000,3087.950000,3103.450000,94
2019-05-24T13:15:00+05:30,3103.450000,3109.000000,3085.000000,3085.000000,288
2019-05-24T13:30:00+05:30,3085.000000,3088.350000,3083.150000,3087.500000,104
2019-05-24T13:45:00+05:30,3090.800000,3100.000000,3090.800000,3096.150000,71
2019-05-24T14:00:00+05:30,3096.150000,3101.800000,3086.100000,3089.950000,243
2019-05-24T14:15:00+05:30,3089.950000,3107.550000,3087.100000,3100.950000,737
2019-05-24T14:30:00+05:30,3100.950000,3117.000000,3098.150000,3111.100000,251
2019-05-24T14:45:00+05:30,3111.100000,3134.950000,3110.000000,3119.000000,740
2019-05-24T15:00:00+05:30,3113.650000,3165.000000,3080.950000,3165.000000,3483
2019-05-24T15:15:00+05:30,3165.000000,3194.500000,3122.000000,3165.050000,5696
2019-05-27T09:15:00+05:30,3198.000000,3198.000000,3157.550000,3158.600000,466
2019-05-27T09:30:00+05:30,3158.600000,3161.850000,3154.300000,3161.850000,112
2019-05-27T09:45:00+05:30,3161.850000,3188.900000,3161.050000,3171.000000,322
2019-05-27T10:00:00+05:30,3171.000000,3171.050000,3160.000000,3163.000000,184
2019-05-27T10:15:00+05:30,3163.000000,3164.900000,3160.000000,3160.000000,287
2019-05-27T10:30:00+05:30,3160.000000,3164.000000,3138.050000,3141.100000,1403
2019-05-27T10:45:00+05:30,3141.100000,3146.350000,3141.100000,3144.000000,76
2019-05-27T11:00:00+05:30,3144.000000,3160.100000,3143.050000,3154.900000,150
2019-05-27T11:15:00+05:30,3154.900000,3179.950000,3154.900000,3175.000000,336
2019-05-27T11:30:00+05:30,3175.000000,3180.400000,3170.050000,3171.050000,153
2019-05-27T11:45:00+05:30,3171.050000,3175.000000,3153.350000,3156.000000,114
2019-05-27T12:00:00+05:30,3156.000000,3163.550000,3155.000000,3163.550000,49
2019-05-27T12:15:00+05:30,3163.550000,3175.000000,3163.550000,3175.000000,68
2019-05-27T12:30:00+05:30,3175.000000,3184.250000,3175.000000,3183.950000,99
2019-05-27T12:45:00+05:30,3183.950000,3223.000000,3183.000000,3192.050000,2216
2019-05-27T13:00:00+05:30,3192.050000,3194.050000,3181.700000,3181.700000,165
2019-05-27T13:15:00+05:30,3181.700000,3185.950000,3181.700000,3182.400000,109
2019-05-27T13:30:00+05:30,3182.500000,3187.950000,3182.500000,3187.950000,113
2019-05-27T13:45:00+05:30,3187.950000,3190.000000,3170.000000,3174.850000,532
2019-05-27T14:00:00+05:30,3174.850000,3180.850000,3174.650000,3176.000000,140
2019-05-27T14:15:00+05:30,3176.000000,3183.400000,3176.000000,3183.400000,91
2019-05-27T14:30:00+05:30,3183.400000,3183.400000,3179.950000,3180.000000,271
2019-05-27T14:45:00+05:30,3179.850000,3180.000000,3176.950000,3179.000000,131
2019-05-27T15:00:00+05:30,3179.000000,3186.950000,3164.950000,3164.950000,1171
2019-05-27T15:15:00+05:30,3164.950000,3200.000000,3164.950000,3180.850000,1635
2019-05-28T09:15:00+05:30,3181.000000,3199.000000,3181.000000,3192.000000,714
2019-05-28T09:30:00+05:30,3189.050000,3195.400000,3186.000000,3189.950000,647
2019-05-28T09:45:00+05:30,3189.950000,3195.450000,3186.000000,3190.000000,381
2019-05-28T10:00:00+05:30,3194.650000,3194.700000,3186.500000,3186.850000,271
2019-05-28T10:15:00+05:30,3186.850000,3190.000000,3182.300000,3190.000000,281
2019-05-28T10:30:00+05:30,3188.000000,3218.800000,3188.000000,3212.100000,3123
2019-05-28T10:45:00+05:30,3212.100000,3225.950000,3206.000000,3220.900000,404
2019-05-28T11:00:00+05:30,3224.000000,3250.000000,3220.000000,3222.050000,1695
2019-05-28T11:15:00+05:30,3222.050000,3225.000000,3201.400000,3222.000000,778
2019-05-28T11:30:00+05:30,3222.000000,3234.700000,3214.000000,3220.300000,568
2019-05-28T11:45:00+05:30,3220.300000,3225.450000,3208.500000,3225.450000,573
2019-05-28T12:00:00+05:30,3225.450000,3228.400000,3210.050000,3223.200000,258
2019-05-28T12:15:00+05:30,3223.200000,3227.000000,3221.800000,3226.400000,258
2019-05-28T12:30:00+05:30,3226.400000,3227.000000,3216.000000,3224.200000,243
2019-05-28T12:45:00+05:30,3224.200000,3226.700000,3214.500000,3220.450000,256
2019-05-28T13:00:00+05:30,3225.000000,3227.000000,3215.800000,3225.400000,409
2019-05-28T13:15:00+05:30,3225.000000,3225.000000,3216.000000,3225.000000,410
2019-05-28T13:30:00+05:30,3225.000000,3228.400000,3221.200000,3227.400000,255
2019-05-28T13:45:00+05:30,3227.400000,3228.900000,3223.000000,3228.400000,587
2019-05-28T14:00:00+05:30,3228.400000,3228.400000,3223.000000,3228.400000,310
2019-05-28T14:15:00+05:30,3228.400000,3229.000000,3221.300000,3224.000000,370
2019-05-28T14:30:00+05:30,3224.000000,3229.500000,3222.000000,3229.350000,513
2019-05-28T14:45:00+05:30,3229.400000,3235.000000,3222.000000,3226.000000,545
2019-05-28T15:00:00+05:30,3225.150000,3303.000000,3225.150000,3303.000000,7367
2019-05-28T15:15:00+05:30,3303.000000,3318.000000,3300.000000,3313.000000,6561
2019-05-29T09:15:00+05:30,3230.000000,3239.000000,3191.000000,3200.100000,6173
2019-05-29T09:30:00+05:30,3200.950000,3208.400000,3180.150000,3203.600000,2300
2019-05-29T09:45:00+05:30,3203.600000,3205.950000,3180.450000,3189.950000,1073
2019-05-29T10:00:00+05:30,3189.000000,3198.450000,3176.000000,3190.000000,1381
2019-05-29T10:15:00+05:30,3190.000000,3194.000000,3179.900000,3183.000000,538
2019-05-29T10:30:00+05:30,3183.000000,3196.000000,3181.800000,3196.000000,408
2019-05-29T10:45:00+05:30,3196.000000,3196.350000,3187.950000,3191.000000,313
2019-05-29T11:00:00+05:30,3191.000000,3195.800000,3191.000000,3195.000000,151
2019-05-29T11:15:00+05:30,3195.000000,3199.000000,3193.000000,3199.000000,229
2019-05-29T11:30:00+05:30,3200.000000,3201.100000,3191.000000,3191.350000,536
2019-05-29T11:45:00+05:30,3194.900000,3194.900000,3184.000000,3185.000000,342
2019-05-29T12:00:00+05:30,3185.000000,3187.250000,3182.750000,3186.400000,184
2019-05-29T12:15:00+05:30,3186.400000,3186.400000,3179.000000,3184.000000,536
2019-05-29T12:30:00+05:30,3184.000000,3187.750000,3180.250000,3182.500000,115
2019-05-29T12:45:00+05:30,3182.500000,3189.050000,3180.300000,3189.050000,159
2019-05-29T13:00:00+05:30,3189.050000,3195.300000,3185.000000,3187.150000,233
2019-05-29T13:15:00+05:30,3187.150000,3196.300000,3187.050000,3193.350000,256
2019-05-29T13:30:00+05:30,3193.350000,3194.650000,3187.000000,3194.200000,241
2019-05-29T13:45:00+05:30,3194.200000,3196.200000,3191.400000,3195.950000,258
2019-05-29T14:00:00+05:30,3195.950000,3204.100000,3193.000000,3203.400000,680
2019-05-29T14:15:00+05:30,3203.000000,3203.350000,3185.050000,3191.600000,605
2019-05-29T14:30:00+05:30,3191.600000,3191.600000,3181.850000,3187.350000,464
2019-05-29T14:45:00+05:30,3187.350000,3214.950000,3185.150000,3198.950000,1153
2019-05-29T15:00:00+05:30,3198.950000,3215.000000,3152.250000,3171.500000,3803
2019-05-29T15:15:00+05:30,3171.500000,3194.950000,3161.600000,3178.000000,2631
2019-05-30T09:15:00+05:30,3162.100000,3210.000000,3162.100000,3198.950000,559
2019-05-30T09:30:00+05:30,3198.950000,3198.950000,3171.100000,3171.100000,357
2019-05-30T09:45:00+05:30,3171.100000,3196.300000,3171.100000,3196.300000,482
2019-05-30T10:00:00+05:30,3196.300000,3196.300000,3190.000000,3190.550000,122
2019-05-30T10:15:00+05:30,3195.900000,3196.000000,3195.000000,3195.550000,62
2019-05-30T10:30:00+05:30,3195.550000,3196.300000,3192.000000,3196.300000,134
2019-05-30T10:45:00+05:30,3196.300000,3196.300000,3190.550000,3190.550000,145
2019-05-30T11:00:00+05:30,3190.550000,3192.000000,3190.550000,3192.000000,56
2019-05-30T11:15:00+05:30,3192.000000,3192.000000,3177.350000,3182.300000,310
2019-05-30T11:30:00+05:30,3182.300000,3185.250000,3180.000000,3185.250000,322
2019-05-30T11:45:00+05:30,3184.900000,3198.450000,3184.900000,3198.450000,685
2019-05-30T12:00:00+05:30,3198.450000,3198.450000,3180.050000,3192.500000,426
2019-05-30T12:15:00+05:30,3192.500000,3193.900000,3192.000000,3192.550000,37
2019-05-30T12:30:00+05:30,3192.550000,3192.550000,3190.000000,3190.000000,23
2019-05-30T12:45:00+05:30,3190.000000,3192.500000,3188.000000,3191.000000,356
2019-05-30T13:00:00+05:30,3191.000000,3191.000000,3188.000000,3190.500000,444
2019-05-30T13:15:00+05:30,3190.500000,3190.500000,3181.050000,3185.850000,363
2019-05-30T13:30:00+05:30,3185.850000,3190.000000,3185.850000,3189.000000,172
2019-05-30T13:45:00+05:30,3189.000000,3189.000000,3185.000000,3185.000000,270
2019-05-30T14:00:00+05:30,3185.000000,3196.850000,3184.750000,3194.000000,638
2019-05-30T14:15:00+05:30,3193.000000,3196.900000,3188.000000,3189.950000,483
2019-05-30T14:30:00+05:30,3189.950000,3193.000000,3182.100000,3193.000000,262
2019-05-30T14:45:00+05:30,3193.000000,3197.000000,3180.000000,3190.350000,586
2019-05-30T15:00:00+05:30,3190.350000,3195.000000,3187.950000,3193.000000,612
2019-05-30T15:15:00+05:30,3194.000000,3215.900000,3185.000000,3185.000000,2828
2019-05-31T09:15:00+05:30,3182.050000,3198.650000,3182.050000,3183.750000,107
2019-05-31T09:30:00+05:30,3183.300000,3198.000000,3183.300000,3197.950000,214
2019-05-31T09:45:00+05:30,3197.950000,3197.950000,3188.000000,3188.550000,382
2019-05-31T10:00:00+05:30,3188.550000,3191.200000,3183.100000,3191.200000,102
2019-05-31T10:15:00+05:30,3191.200000,3191.200000,3178.000000,3181.050000,294
2019-05-31T10:30:00+05:30,3181.050000,3184.400000,3179.350000,3184.400000,137
2019-05-31T10:45:00+05:30,3184.400000,3185.750000,3182.350000,3185.000000,80
2019-05-31T11:00:00+05:30,3185.000000,3189.250000,3184.000000,3184.000000,43
2019-05-31T11:15:00+05:30,3184.000000,3189.650000,3180.150000,3184.800000,291
2019-05-31T11:30:00+05:30,3184.800000,3184.800000,3175.650000,3180.350000,91
2019-05-31T11:45:00+05:30,3180.350000,3180.350000,3167.000000,3175.000000,287
2019-05-31T12:00:00+05:30,3175.000000,3175.000000,3162.200000,3169.950000,265
2019-05-31T12:15:00+05:30,3169.950000,3181.900000,3169.600000,3170.000000,338
2019-05-31T12:30:00+05:30,3170.000000,3180.000000,3170.000000,3179.950000,128
2019-05-31T12:45:00+05:30,3179.950000,3182.000000,3167.500000,3174.450000,252
2019-05-31T13:00:00+05:30,3174.450000,3189.500000,3174.450000,3189.500000,453
2019-05-31T13:15:00+05:30,3189.500000,3189.500000,3175.450000,3175.450000,265
2019-05-31T13:30:00+05:30,3175.450000,3182.000000,3175.400000,3180.050000,75
2019-05-31T13:45:00+05:30,3180.000000,3182.800000,3163.050000,3163.500000,487
2019-05-31T14:00:00+05:30,3168.750000,3179.950000,3163.400000,3176.650000,575
2019-05-31T14:15:00+05:30,3178.000000,3178.000000,3173.000000,3175.900000,181
2019-05-31T14:30:00+05:30,3175.150000,3187.400000,3170.000000,3170.350000,882
2019-05-31T14:45:00+05:30,3170.550000,3184.950000,3169.950000,3180.000000,609
2019-05-31T15:00:00+05:30,3181.000000,3181.000000,3166.750000,3169.000000,496
2019-05-31T15:15:00+05:30,3168.950000,3195.200000,3165.000000,3170.000000,2355
2019-06-03T09:15:00+05:30,3189.950000,3189.950000,3125.200000,3133.000000,1180
2019-06-03T09:30:00+05:30,3133.000000,3133.000000,3120.000000,3126.000000,782
2019-06-03T09:45:00+05:30,3126.000000,3134.750000,3126.000000,3133.200000,301
2019-06-03T10:00:00+05:30,3133.200000,3145.000000,3131.000000,3144.700000,293
2019-06-03T10:15:00+05:30,3144.700000,3144.950000,3127.050000,3129.050000,569
2019-06-03T10:30:00+05:30,3129.050000,3139.950000,3127.050000,3137.950000,245
2019-06-03T10:45:00+05:30,3140.000000,3158.800000,3139.950000,3156.200000,430
2019-06-03T11:00:00+05:30,3156.200000,3158.850000,3141.200000,3146.950000,373
2019-06-03T11:15:00+05:30,3146.950000,3159.000000,3141.250000,3141.300000,270
2019-06-03T11:30:00+05:30,3141.150000,3154.900000,3136.550000,3144.950000,297
2019-06-03T11:45:00+05:30,3144.950000,3145.000000,3135.000000,3139.150000,293
2019-06-03T12:00:00+05:30,3140.900000,3144.050000,3134.200000,3140.950000,327
2019-06-03T12:15:00+05:30,3140.750000,3143.000000,3111.050000,3126.950000,1092
2019-06-03T12:30:00+05:30,3127.000000,3127.000000,3110.050000,3124.450000,608
2019-06-03T12:45:00+05:30,3124.550000,3127.450000,3110.200000,3124.450000,788
2019-06-03T13:00:00+05:30,3124.850000,3134.950000,3112.000000,3134.950000,452
2019-06-03T13:15:00+05:30,3134.950000,3140.000000,3124.750000,3124.750000,347
2019-06-03T13:30:00+05:30,3124.100000,3134.700000,3121.650000,3127.000000,377
2019-06-03T13:45:00+05:30,3127.000000,3138.000000,3124.900000,3125.000000,390
2019-06-03T14:00:00+05:30,3129.000000,3138.000000,3121.500000,3136.450000,466
2019-06-03T14:15:00+05:30,3136.450000,3136.450000,3130.700000,3133.950000,246
2019-06-03T14:30:00+05:30,3133.950000,3138.950000,3126.500000,3132.750000,457
2019-06-03T14:45:00+05:30,3132.750000,3147.950000,3130.000000,3135.900000,958
2019-06-03T15:00:00+05:30,3135.900000,3139.900000,3131.000000,3138.800000,917
2019-06-03T15:15:00+05:30,3138.800000,3138.850000,3119.750000,3120.000000,1848
2019-06-04T09:15:00+05:30,3115.050000,3125.600000,3110.000000,3113.600000,289
2019-06-04T09:30:00+05:30,3113.600000,3118.100000,3100.000000,3107.000000,429
2019-06-04T09:45:00+05:30,3107.000000,3107.600000,3100.000000,3101.000000,188
2019-06-04T10:00:00+05:30,3101.000000,3108.400000,3100.000000,3108.400000,360
2019-06-04T10:15:00+05:30,3108.400000,3111.000000,3101.050000,3103.250000,94
2019-06-04T10:30:00+05:30,3103.250000,3110.000000,3098.000000,3110.000000,488
2019-06-04T10:45:00+05:30,3110.000000,3114.000000,3110.000000,3111.050000,132
2019-06-04T11:00:00+05:30,3111.050000,3111.900000,3108.000000,3108.850000,89
2019-06-04T11:15:00+05:30,3108.850000,3114.650000,3102.000000,3102.000000,228
2019-06-04T11:30:00+05:30,3102.000000,3107.900000,3101.200000,3101.200000,77
2019-06-04T11:45:00+05:30,3101.200000,3103.450000,3101.200000,3102.050000,76
2019-06-04T12:00:00+05:30,3102.050000,3104.150000,3102.000000,3104.050000,77
2019-06-04T12:15:00+05:30,3104.050000,3107.400000,3103.000000,3107.400000,69
2019-06-04T12:30:00+05:30,3107.400000,3107.400000,3101.700000,3104.150000,136
2019-06-04T12:45:00+05:30,3104.150000,3104.950000,3100.600000,3104.950000,134
2019-06-04T13:00:00+05:30,3104.950000,3118.000000,3102.100000,3115.450000,172
2019-06-04T13:15:00+05:30,3115.450000,3115.450000,3102.200000,3102.200000,171
2019-06-04T13:30:00+05:30,3104.450000,3106.300000,3104.450000,3105.000000,155
2019-06-04T13:45:00+05:30,3105.000000,3108.700000,3102.400000,3103.850000,177
2019-06-04T14:00:00+05:30,3103.850000,3120.000000,3100.000000,3100.000000,1159
2019-06-04T14:15:00+05:30,3100.000000,3119.900000,3100.000000,3118.500000,341
2019-06-04T14:30:00+05:30,3118.500000,3118.500000,3103.550000,3103.950000,459
2019-06-04T14:45:00+05:30,3107.000000,3110.000000,3100.000000,3109.450000,381
2019-06-04T15:00:00+05:30,3109.450000,3120.000000,3106.150000,3114.200000,1455
2019-06-04T15:15:00+05:30,3114.200000,3125.600000,3106.650000,3111.100000,1375
2019-06-06T09:15:00+05:30,3111.000000,3115.600000,3111.000000,3115.600000,33
2019-06-06T09:30:00+05:30,3115.600000,3115.600000,3090.000000,3090.150000,485
2019-06-06T09:45:00+05:30,3090.150000,3095.300000,3085.100000,3088.800000,130
2019-06-06T10:00:00+05:30,3091.450000,3091.450000,3091.450000,3091.450000,4
2019-06-06T10:15:00+05:30,3094.850000,3094.950000,3091.300000,3093.300000,727
2019-06-06T10:30:00+05:30,3093.300000,3093.300000,3091.350000,3092.500000,83
2019-06-06T10:45:00+05:30,3092.500000,3101.800000,3092.500000,3101.800000,94
2019-06-06T11:00:00+05:30,3097.150000,3107.950000,3095.000000,3107.950000,250
2019-06-06T11:15:00+05:30,3107.950000,3107.950000,3099.900000,3100.400000,47
2019-06-06T11:30:00+05:30,3100.400000,3100.400000,3099.950000,3100.350000,12
2019-06-06T11:45:00+05:30,3100.350000,3105.000000,3100.050000,3104.850000,14
2019-06-06T12:00:00+05:30,3104.850000,3105.050000,3100.200000,3102.200000,167
2019-06-06T12:15:00+05:30,3102.200000,3104.950000,3094.950000,3094.950000,1375
2019-06-06T12:30:00+05:30,3094.950000,3095.300000,3092.000000,3095.300000,10
2019-06-06T12:45:00+05:30,3095.100000,3095.300000,3081.850000,3084.850000,721
2019-06-06T13:00:00+05:30,3084.850000,3089.950000,3081.950000,3086.600000,94
2019-06-06T13:15:00+05:30,3086.600000,3094.350000,3086.600000,3094.350000,15
2019-06-06T13:30:00+05:30,3094.350000,3100.450000,3090.800000,3100.450000,29
2019-06-06T13:45:00+05:30,3100.450000,3107.400000,3100.300000,3107.400000,82
2019-06-06T14:00:00+05:30,3107.400000,3115.550000,3105.050000,3105.050000,160
2019-06-06T14:15:00+05:30,3105.050000,3106.350000,3088.700000,3089.000000,800
2019-06-06T14:30:00+05:30,3089.000000,3095.400000,3089.000000,3095.400000,260
2019-06-06T14:45:00+05:30,3095.400000,3110.000000,3094.100000,3097.300000,458
2019-06-06T15:00:00+05:30,3097.300000,3114.900000,3091.750000,3105.000000,575
2019-06-06T15:15:00+05:30,3105.000000,3151.000000,3105.000000,3130.000000,2806
2019-06-07T09:15:00+05:30,3120.000000,3124.400000,3090.150000,3097.000000,265
2019-06-07T09:30:00+05:30,3097.000000,3104.850000,3090.000000,3104.850000,117
2019-06-07T09:45:00+05:30,3104.850000,3115.400000,3099.000000,3099.000000,287
2019-06-07T10:00:00+05:30,3099.000000,3100.000000,3096.150000,3097.550000,90
2019-06-07T10:15:00+05:30,3097.550000,3107.950000,3096.100000,3100.000000,343
2019-06-07T10:30:00+05:30,3100.000000,3102.000000,3097.500000,3100.000000,214
2019-06-07T10:45:00+05:30,3100.000000,3100.050000,3098.200000,3100.000000,8
2019-06-07T11:00:00+05:30,3103.000000,3103.000000,3100.000000,3100.000000,50
2019-06-07T11:15:00+05:30,3100.000000,3108.550000,3100.000000,3105.050000,153
2019-06-07T11:30:00+05:30,3105.050000,3111.000000,3100.600000,3101.750000,159
2019-06-07T11:45:00+05:30,3101.750000,3103.350000,3096.250000,3096.250000,261
2019-06-07T12:00:00+05:30,3096.250000,3105.400000,3096.250000,3100.000000,69
2019-06-07T12:15:00+05:30,3100.000000,3103.250000,3099.950000,3099.950000,199
2019-06-07T12:30:00+05:30,3099.950000,3104.000000,3098.000000,3104.000000,52
2019-06-07T12:45:00+05:30,3104.000000,3106.550000,3100.750000,3106.550000,26
2019-06-07T13:00:00+05:30,3106.550000,3112.100000,3102.150000,3109.650000,70
2019-06-07T13:15:00+05:30,3109.650000,3109.800000,3101.500000,3108.950000,91
2019-06-07T13:30:00+05:30,3108.950000,3109.900000,3108.950000,3109.200000,45
2019-06-07T13:45:00+05:30,3109.200000,3109.950000,3102.100000,3104.000000,147
2019-06-07T14:00:00+05:30,3104.000000,3109.000000,3104.000000,3108.950000,160
2019-06-07T14:15:00+05:30,3108.950000,3121.950000,3108.800000,3121.000000,302
2019-06-07T14:30:00+05:30,3121.700000,3134.000000,3118.000000,3134.000000,490
2019-06-07T14:45:00+05:30,3134.000000,3145.000000,3128.950000,3139.600000,1035
2019-06-07T15:00:00+05:30,3139.600000,3158.950000,3135.000000,3158.950000,1526
2019-06-07T15:15:00+05:30,3159.000000,3187.350000,3155.000000,3155.000000,3110
2019-06-10T09:15:00+05:30,3175.000000,3182.950000,3165.050000,3170.600000,135
2019-06-10T09:30:00+05:30,3170.600000,3172.000000,3161.050000,3161.050000,78
2019-06-10T09:45:00+05:30,3161.050000,3161.050000,3155.000000,3160.000000,113
2019-06-10T10:00:00+05:30,3160.000000,3160.000000,3155.000000,3159.000000,69
2019-06-10T10:15:00+05:30,3159.000000,3159.000000,3146.750000,3147.000000,1307
2019-06-10T10:30:00+05:30,3145.050000,3145.200000,3121.500000,3125.950000,492
2019-06-10T10:45:00+05:30,3125.950000,3131.600000,3123.200000,3129.000000,237
2019-06-10T11:00:00+05:30,3129.000000,3129.000000,3122.100000,3122.300000,253
2019-06-10T11:15:00+05:30,3124.300000,3133.800000,3123.000000,3128.000000,136
2019-06-10T11:30:00+05:30,3128.000000,3130.000000,3111.000000,3118.300000,557
2019-06-10T11:45:00+05:30,3118.300000,3118.300000,3105.500000,3109.900000,393
2019-06-10T12:00:00+05:30,3109.900000,3114.500000,3105.500000,3110.000000,358
2019-06-10T12:15:00+05:30,3110.000000,3117.650000,3106.000000,3107.200000,415
2019-06-10T12:30:00+05:30,3107.200000,3114.350000,3100.000000,3110.400000,1051
2019-06-10T12:45:00+05:30,3110.400000,3119.800000,3110.000000,3119.400000,489
2019-06-10T13:00:00+05:30,3119.000000,3119.150000,3114.150000,3117.000000,254
2019-06-10T13:15:00+05:30,3117.000000,3119.400000,3115.100000,3115.300000,265
2019-06-10T13:30:00+05:30,3117.700000,3117.750000,3111.100000,3112.600000,379
2019-06-10T13:45:00+05:30,3112.600000,3119.000000,3112.600000,3118.950000,285
2019-06-10T14:00:00+05:30,3119.000000,3124.550000,3114.950000,3124.550000,446
2019-06-10T14:15:00+05:30,3124.550000,3129.100000,3120.400000,3127.750000,422
2019-06-10T14:30:00+05:30,3127.750000,3128.950000,3120.350000,3127.050000,564
2019-06-10T14:45:00+05:30,3127.050000,3144.900000,3125.000000,3142.400000,1114
2019-06-10T15:00:00+05:30,3142.400000,3158.000000,3125.100000,3148.900000,1802
2019-06-10T15:15:00+05:30,3148.900000,3159.500000,3140.000000,3140.000000,1994
2019-06-11T09:15:00+05:30,3152.050000,3156.000000,3132.300000,3132.300000,115
2019-06-11T09:30:00+05:30,3132.300000,3132.500000,3120.200000,3126.550000,300
2019-06-11T09:45:00+05:30,3129.950000,3135.300000,3129.050000,3129.050000,104
2019-06-11T10:00:00+05:30,3129.050000,3142.250000,3129.050000,3142.250000,226
2019-06-11T10:15:00+05:30,3142.250000,3144.750000,3138.050000,3139.200000,118
2019-06-11T10:30:00+05:30,3139.200000,3171.000000,3138.950000,3163.000000,1488
2019-06-11T10:45:00+05:30,3163.000000,3172.000000,3160.000000,3169.950000,628
2019-06-11T11:00:00+05:30,3169.950000,3169.950000,3163.800000,3163.800000,60
2019-06-11T11:15:00+05:30,3163.800000,3167.950000,3152.600000,3165.350000,288
2019-06-11T11:30:00+05:30,3165.350000,3167.300000,3162.650000,3162.650000,101
2019-06-11T11:45:00+05:30,3162.700000,3167.500000,3162.650000,3163.000000,166
2019-06-11T12:00:00+05:30,3163.000000,3167.000000,3162.650000,3162.650000,255
2019-06-11T12:15:00+05:30,3162.650000,3164.050000,3162.650000,3162.650000,27
2019-06-11T12:30:00+05:30,3162.650000,3164.950000,3162.650000,3162.650000,264
2019-06-11T12:45:00+05:30,3162.650000,3165.950000,3155.000000,3155.000000,171
2019-06-11T13:00:00+05:30,3155.000000,3167.850000,3155.000000,3167.850000,29
2019-06-11T13:15:00+05:30,3167.850000,3167.850000,3165.250000,3165.250000,19
2019-06-11T13:30:00+05:30,3165.250000,3172.000000,3162.500000,3172.000000,242
2019-06-11T13:45:00+05:30,3172.000000,3218.800000,3172.000000,3206.950000,3989
2019-06-11T14:00:00+05:30,3206.950000,3223.000000,3200.350000,3209.950000,1325
2019-06-11T14:15:00+05:30,3209.950000,3211.800000,3205.000000,3210.000000,437
2019-06-11T14:30:00+05:30,3210.000000,3212.900000,3206.000000,3206.300000,467
2019-06-11T14:45:00+05:30,3206.300000,3210.000000,3195.000000,3209.000000,734
2019-06-11T15:00:00+05:30,3209.500000,3210.800000,3200.000000,3206.000000,1270
2019-06-11T15:15:00+05:30,3206.000000,3215.000000,3204.000000,3210.000000,1645
2019-06-12T09:15:00+05:30,3218.000000,3250.000000,3218.000000,3220.700000,2880
2019-06-12T09:30:00+05:30,3220.700000,3226.000000,3218.000000,3222.000000,918
2019-06-12T09:45:00+05:30,3223.000000,3234.000000,3220.400000,3223.150000,635
2019-06-12T10:00:00+05:30,3223.150000,3229.800000,3221.000000,3226.650000,297
2019-06-12T10:15:00+05:30,3226.650000,3228.950000,3223.050000,3225.100000,122
2019-06-12T10:30:00+05:30,3225.100000,3227.150000,3216.000000,3216.000000,627
2019-06-12T10:45:00+05:30,3216.000000,3234.000000,3216.000000,3227.000000,409
2019-06-12T11:00:00+05:30,3227.000000,3227.000000,3221.250000,3221.700000,140
2019-06-12T11:15:00+05:30,3222.050000,3228.350000,3221.300000,3228.350000,297
2019-06-12T11:30:00+05:30,3228.350000,3228.350000,3225.050000,3227.050000,74
2019-06-12T11:45:00+05:30,3227.050000,3228.200000,3223.000000,3226.700000,187
2019-06-12T12:00:00+05:30,3226.700000,3226.700000,3222.300000,3226.000000,223
2019-06-12T12:15:00+05:30,3223.050000,3223.050000,3216.700000,3217.000000,168
2019-06-12T12:30:00+05:30,3217.000000,3221.250000,3217.000000,3219.200000,84
2019-06-12T12:45:00+05:30,3219.200000,3223.950000,3219.200000,3223.950000,213
2019-06-12T13:00:00+05:30,3223.950000,3223.950000,3217.900000,3218.600000,98
2019-06-12T13:15:00+05:30,3218.600000,3223.950000,3218.100000,3220.650000,153
2019-06-12T13:30:00+05:30,3220.650000,3223.600000,3218.050000,3223.150000,190
2019-06-12T13:45:00+05:30,3223.150000,3226.000000,3215.500000,3217.200000,222
2019-06-12T14:00:00+05:30,3217.200000,3220.000000,3217.200000,3219.200000,95
2019-06-12T14:15:00+05:30,3219.250000,3219.250000,3217.200000,3217.250000,200
2019-06-12T14:30:00+05:30,3217.250000,3221.000000,3210.000000,3220.200000,720
2019-06-12T14:45:00+05:30,3221.900000,3221.900000,3212.050000,3214.700000,410
2019-06-12T15:00:00+05:30,3214.700000,3215.650000,3210.000000,3211.000000,1184
2019-06-12T15:15:00+05:30,3211.000000,3221.000000,3210.000000,3210.000000,1502
2019-06-13T09:15:00+05:30,3234.950000,3234.950000,3215.650000,3222.150000,472
2019-06-13T09:30:00+05:30,3222.150000,3227.600000,3183.250000,3184.750000,830
2019-06-13T09:45:00+05:30,3184.750000,3187.050000,3184.750000,3186.350000,115
2019-06-13T10:00:00+05:30,3186.350000,3186.350000,3164.050000,3170.450000,501
2019-06-13T10:15:00+05:30,3164.000000,3168.500000,3161.200000,3166.450000,169
2019-06-13T10:30:00+05:30,3166.450000,3174.700000,3163.700000,3167.900000,210
2019-06-13T10:45:00+05:30,3167.900000,3167.900000,3165.000000,3167.750000,38
2019-06-13T11:00:00+05:30,3167.750000,3170.500000,3165.100000,3169.300000,61
2019-06-13T11:15:00+05:30,3169.300000,3169.300000,3165.150000,3168.700000,71
2019-06-13T11:30:00+05:30,3168.700000,3169.000000,3156.000000,3163.550000,788
2019-06-13T11:45:00+05:30,3163.550000,3166.400000,3161.000000,3164.700000,84
2019-06-13T12:00:00+05:30,3164.700000,3164.700000,3152.200000,3160.350000,296
2019-06-13T12:15:00+05:30,3160.350000,3165.000000,3154.600000,3159.700000,295
2019-06-13T12:30:00+05:30,3159.750000,3159.750000,3154.650000,3157.350000,106
2019-06-13T12:45:00+05:30,3157.350000,3162.000000,3155.050000,3157.850000,75
2019-06-13T13:00:00+05:30,3157.850000,3175.450000,3157.850000,3173.350000,132
2019-06-13T13:15:00+05:30,3173.350000,3177.600000,3166.550000,3166.600000,171
2019-06-13T13:30:00+05:30,3166.600000,3167.050000,3160.000000,3164.200000,293
2019-06-13T13:45:00+05:30,3164.200000,3166.350000,3157.950000,3165.650000,91
2019-06-13T14:00:00+05:30,3165.650000,3179.950000,3165.000000,3179.000000,212
2019-06-13T14:15:00+05:30,3179.000000,3183.950000,3168.050000,3175.000000,365
2019-06-13T14:30:00+05:30,3175.000000,3186.000000,3175.000000,3186.000000,259
2019-06-13T14:45:00+05:30,3186.000000,3190.000000,3180.000000,3186.900000,475
2019-06-13T15:00:00+05:30,3186.900000,3200.450000,3175.000000,3200.450000,1245
2019-06-13T15:15:00+05:30,3201.000000,3215.000000,3175.000000,3215.000000,2326
2019-06-14T09:15:00+05:30,3191.000000,3210.200000,3191.000000,3204.050000,253
2019-06-14T09:30:00+05:30,3204.050000,3224.400000,3203.000000,3224.400000,382
2019-06-14T09:45:00+05:30,3224.400000,3224.400000,3211.850000,3211.850000,335
2019-06-14T10:00:00+05:30,3210.000000,3210.000000,3195.000000,3196.550000,149
2019-06-14T10:15:00+05:30,3196.550000,3199.400000,3195.050000,3195.050000,59
2019-06-14T10:30:00+05:30,3195.050000,3196.550000,3191.000000,3191.000000,64
2019-06-14T10:45:00+05:30,3190.100000,3190.100000,3172.000000,3172.000000,323
2019-06-14T11:00:00+05:30,3172.000000,3173.000000,3162.200000,3162.200000,321
2019-06-14T11:15:00+05:30,3161.200000,3163.800000,3152.150000,3160.450000,962
2019-06-14T11:30:00+05:30,3160.050000,3161.100000,3155.500000,3157.850000,101
2019-06-14T11:45:00+05:30,3157.850000,3160.000000,3154.050000,3155.550000,449
2019-06-14T12:00:00+05:30,3155.850000,3159.400000,3155.150000,3155.150000,95
2019-06-14T12:15:00+05:30,3155.150000,3165.000000,3155.150000,3159.950000,276
2019-06-14T12:30:00+05:30,3159.950000,3159.950000,3156.000000,3157.000000,224
2019-06-14T12:45:00+05:30,3156.800000,3156.800000,3145.000000,3147.900000,525
2019-06-14T13:00:00+05:30,3147.800000,3154.500000,3145.000000,3145.550000,174
2019-06-14T13:15:00+05:30,3145.550000,3150.400000,3141.000000,3148.000000,198
2019-06-14T13:30:00+05:30,3149.750000,3150.000000,3143.050000,3149.950000,142
2019-06-14T13:45:00+05:30,3149.950000,3150.000000,3142.050000,3145.100000,300
2019-06-14T14:00:00+05:30,3145.100000,3145.450000,3142.000000,3145.200000,170
2019-06-14T14:15:00+05:30,3145.200000,3150.000000,3141.100000,3149.900000,275
2019-06-14T14:30:00+05:30,3149.900000,3150.000000,3142.550000,3144.550000,402
2019-06-14T14:45:00+05:30,3144.550000,3171.000000,3144.550000,3168.850000,783
2019-06-14T15:00:00+05:30,3168.850000,3169.500000,3140.100000,3140.550000,1643
2019-06-14T15:15:00+05:30,3140.550000,3216.000000,3129.400000,3216.000000,4919
2019-06-17T09:15:00+05:30,3194.000000,3194.950000,3156.100000,3156.100000,393
2019-06-17T09:30:00+05:30,3156.100000,3160.550000,3152.250000,3160.000000,276
2019-06-17T09:45:00+05:30,3160.000000,3170.000000,3158.200000,3162.850000,164
2019-06-17T10:00:00+05:30,3162.850000,3166.100000,3160.000000,3160.050000,21
2019-06-17T10:15:00+05:30,3160.050000,3163.000000,3156.250000,3156.250000,151
2019-06-17T10:30:00+05:30,3156.250000,3159.050000,3156.250000,3156.600000,22
2019-06-17T10:45:00+05:30,3156.600000,3157.250000,3148.000000,3150.000000,395
2019-06-17T11:00:00+05:30,3150.750000,3152.900000,3143.000000,3145.000000,133
2019-06-17T11:15:00+05:30,3145.000000,3148.150000,3145.000000,3145.050000,43
2019-06-17T11:30:00+05:30,3145.050000,3147.100000,3145.000000,3145.000000,17
2019-06-17T11:45:00+05:30,3145.000000,3151.400000,3143.000000,3145.000000,131
2019-06-17T12:00:00+05:30,3145.000000,3145.000000,3138.000000,3138.550000,236
2019-06-17T12:15:00+05:30,3138.850000,3139.000000,3137.000000,3137.000000,88
2019-06-17T12:30:00+05:30,3137.000000,3137.800000,3136.000000,3137.000000,60
2019-06-17T12:45:00+05:30,3137.000000,3140.000000,3132.350000,3132.350000,228
2019-06-17T13:00:00+05:30,3132.350000,3132.350000,3127.050000,3127.950000,161
2019-06-17T13:15:00+05:30,3127.950000,3130.400000,3125.000000,3126.950000,238
2019-06-17T13:30:00+05:30,3126.950000,3131.100000,3125.000000,3125.000000,152
2019-06-17T13:45:00+05:30,3125.000000,3135.000000,3120.000000,3120.000000,208
2019-06-17T14:00:00+05:30,3120.000000,3128.900000,3120.000000,3126.900000,63
2019-06-17T14:15:00+05:30,3128.800000,3150.000000,3126.100000,3150.000000,537
2019-06-17T14:30:00+05:30,3150.000000,3155.950000,3145.000000,3149.950000,647
2019-06-17T14:45:00+05:30,3149.950000,3184.900000,3144.850000,3184.900000,1328
2019-06-17T15:00:00+05:30,3184.900000,3197.950000,3166.550000,3193.000000,2129
2019-06-17T15:15:00+05:30,3193.000000,3199.000000,3165.000000,3165.000000,2884
2019-06-18T09:15:00+05:30,3183.000000,3184.950000,3153.500000,3154.600000,457
2019-06-18T09:30:00+05:30,3154.600000,3165.350000,3150.050000,3158.600000,294
2019-06-18T09:45:00+05:30,3158.600000,3163.550000,3155.000000,3155.000000,216
2019-06-18T10:00:00+05:30,3155.000000,3161.000000,3151.100000,3155.250000,312
2019-06-18T10:15:00+05:30,3158.000000,3160.000000,3156.250000,3160.000000,124
2019-06-18T10:30:00+05:30,3160.000000,3160.000000,3159.950000,3159.950000,14
2019-06-18T10:45:00+05:30,3159.950000,3160.050000,3158.000000,3160.000000,54
2019-06-18T11:00:00+05:30,3160.000000,3160.050000,3157.000000,3159.900000,242
2019-06-18T11:15:00+05:30,3159.900000,3161.700000,3159.900000,3160.550000,115
2019-06-18T11:30:00+05:30,3160.550000,3162.150000,3160.550000,3162.150000,8
2019-06-18T11:45:00+05:30,3162.150000,3162.900000,3158.000000,3158.750000,200
2019-06-18T12:00:00+05:30,3158.750000,3159.950000,3156.000000,3156.000000,257
2019-06-18T12:15:00+05:30,3156.000000,3158.000000,3156.000000,3158.000000,15
2019-06-18T12:30:00+05:30,3158.000000,3158.000000,3156.500000,3157.500000,26
2019-06-18T12:45:00+05:30,3157.500000,3159.150000,3157.450000,3159.150000,208
2019-06-18T13:00:00+05:30,3159.150000,3161.550000,3155.250000,3155.250000,610
2019-06-18T13:15:00+05:30,3155.250000,3162.850000,3155.250000,3158.000000,69
2019-06-18T13:30:00+05:30,3158.000000,3162.850000,3155.250000,3158.000000,217
2019-06-18T13:45:00+05:30,3158.000000,3168.950000,3158.000000,3162.500000,372
2019-06-18T14:00:00+05:30,3162.500000,3167.000000,3160.000000,3166.150000,142
2019-06-18T14:15:00+05:30,3166.150000,3166.400000,3155.300000,3158.000000,384
2019-06-18T14:30:00+05:30,3158.000000,3160.950000,3155.250000,3158.000000,175
2019-06-18T14:45:00+05:30,3158.000000,3175.500000,3156.300000,3172.000000,682
2019-06-18T15:00:00+05:30,3172.000000,3173.500000,3145.000000,3149.800000,4135
2019-06-18T15:15:00+05:30,3149.800000,3189.700000,3144.000000,3156.000000,4945
2019-06-19T09:15:00+05:30,3159.800000,3175.250000,3159.800000,3167.000000,270
2019-06-19T09:30:00+05:30,3167.000000,3167.000000,3160.100000,3165.600000,57
2019-06-19T09:45:00+05:30,3160.300000,3167.950000,3160.100000,3167.950000,29
2019-06-19T10:00:00+05:30,3167.950000,3167.950000,3163.500000,3163.600000,18
2019-06-19T10:15:00+05:30,3163.600000,3165.000000,3161.000000,3165.000000,85
2019-06-19T10:30:00+05:30,3165.000000,3167.650000,3160.000000,3160.000000,112
2019-06-19T10:45:00+05:30,3160.000000,3160.000000,3157.100000,3160.000000,93
2019-06-19T11:00:00+05:30,3160.000000,3160.000000,3157.150000,3158.000000,98
2019-06-19T11:15:00+05:30,3157.150000,3157.950000,3153.250000,3157.000000,208
2019-06-19T11:30:00+05:30,3157.000000,3158.900000,3150.000000,3154.400000,156
2019-06-19T11:45:00+05:30,3154.400000,3154.950000,3145.000000,3145.000000,300
2019-06-19T12:00:00+05:30,3145.000000,3148.500000,3143.050000,3144.950000,100
2019-06-19T12:15:00+05:30,3145.000000,3148.500000,3140.000000,3145.600000,391
2019-06-19T12:30:00+05:30,3145.600000,3148.500000,3145.600000,3148.450000,14
2019-06-19T12:45:00+05:30,3148.450000,3148.500000,3147.100000,3148.500000,53
2019-06-19T13:00:00+05:30,3148.500000,3148.500000,3147.150000,3147.150000,2
2019-06-19T13:15:00+05:30,3147.150000,3150.000000,3147.150000,3148.000000,153
2019-06-19T13:30:00+05:30,3148.000000,3148.000000,3141.900000,3146.950000,239
2019-06-19T13:45:00+05:30,3146.950000,3149.000000,3144.850000,3149.000000,55
2019-06-19T14:00:00+05:30,3149.000000,3150.000000,3142.300000,3150.000000,1718
2019-06-19T14:15:00+05:30,3150.000000,3154.600000,3147.350000,3148.850000,615
2019-06-19T14:30:00+05:30,3152.250000,3157.450000,3145.000000,3154.900000,546
2019-06-19T14:45:00+05:30,3154.900000,3157.450000,3149.550000,3149.550000,607
2019-06-19T15:00:00+05:30,3148.950000,3168.800000,3148.700000,3151.300000,1236
2019-06-19T15:15:00+05:30,3151.300000,3170.000000,3151.300000,3169.900000,2372
2019-06-20T09:15:00+05:30,3150.000000,3190.000000,3150.000000,3168.000000,730
2019-06-20T09:30:00+05:30,3168.000000,3172.350000,3165.250000,3166.950000,61
2019-06-20T09:45:00+05:30,3166.550000,3166.550000,3160.050000,3161.150000,130
2019-06-20T10:00:00+05:30,3160.200000,3162.750000,3156.050000,3156.050000,126
2019-06-20T10:15:00+05:30,3156.050000,3162.750000,3151.500000,3155.750000,120
2019-06-20T10:30:00+05:30,3155.750000,3159.000000,3155.750000,3157.050000,25
2019-06-20T10:45:00+05:30,3157.050000,3162.750000,3157.050000,3160.350000,46
2019-06-20T11:00:00+05:30,3160.550000,3162.250000,3157.000000,3157.050000,46
2019-06-20T11:15:00+05:30,3157.050000,3170.000000,3150.300000,3150.300000,275
2019-06-20T11:30:00+05:30,3150.300000,3157.300000,3150.300000,3155.750000,35
2019-06-20T11:45:00+05:30,3155.750000,3156.000000,3150.450000,3150.800000,61
2019-06-20T12:00:00+05:30,3150.800000,3151.200000,3142.650000,3151.000000,513
2019-06-20T12:15:00+05:30,3151.200000,3155.950000,3145.050000,3152.950000,91
2019-06-20T12:30:00+05:30,3152.950000,3154.950000,3152.950000,3153.750000,21
2019-06-20T12:45:00+05:30,3154.300000,3157.400000,3152.000000,3153.050000,40
2019-06-20T13:00:00+05:30,3155.100000,3155.800000,3152.050000,3152.500000,70
2019-06-20T13:15:00+05:30,3152.500000,3159.000000,3152.500000,3159.000000,19
2019-06-20T13:30:00+05:30,3159.000000,3162.200000,3152.050000,3155.750000,70
2019-06-20T13:45:00+05:30,3155.750000,3164.800000,3155.600000,3160.000000,173
2019-06-20T14:00:00+05:30,3160.250000,3161.050000,3156.050000,3159.200000,235
2019-06-20T14:15:00+05:30,3159.200000,3161.750000,3150.150000,3159.450000,313
2019-06-20T14:30:00+05:30,3159.450000,3184.800000,3151.050000,3180.750000,699
2019-06-20T14:45:00+05:30,3180.750000,3196.800000,3178.450000,3191.000000,782
2019-06-20T15:00:00+05:30,3191.000000,3191.000000,3176.350000,3181.050000,1105
2019-06-20T15:15:00+05:30,3181.000000,3216.000000,3181.000000,3208.000000,2608
2019-06-21T09:15:00+05:30,3182.000000,3197.700000,3176.350000,3183.050000,328
2019-06-21T09:30:00+05:30,3183.050000,3187.400000,3171.150000,3181.350000,269
2019-06-21T09:45:00+05:30,3181.350000,3183.050000,3170.050000,3176.100000,189
2019-06-21T10:00:00+05:30,3174.650000,3179.000000,3173.000000,3174.000000,51
2019-06-21T10:15:00+05:30,3174.000000,3179.000000,3174.000000,3175.800000,83
2019-06-21T10:30:00+05:30,3175.800000,3178.750000,3175.800000,3178.750000,15
2019-06-21T10:45:00+05:30,3178.750000,3179.000000,3174.000000,3175.850000,56
2019-06-21T11:00:00+05:30,3175.850000,3277.000000,3175.850000,3249.950000,2849
2019-06-21T11:15:00+05:30,3249.950000,3267.750000,3230.100000,3230.100000,2665
2019-06-21T11:30:00+05:30,3230.100000,3235.000000,3220.000000,3223.050000,983
2019-06-21T11:45:00+05:30,3223.050000,3245.750000,3208.000000,3244.000000,1642
2019-06-21T12:00:00+05:30,3244.000000,3244.000000,3223.550000,3235.650000,1055
2019-06-21T12:15:00+05:30,3235.650000,3235.650000,3222.050000,3233.950000,194
2019-06-21T12:30:00+05:30,3233.950000,3240.000000,3224.050000,3239.150000,484
2019-06-21T12:45:00+05:30,3239.150000,3240.000000,3234.500000,3239.950000,637
2019-06-21T13:00:00+05:30,3239.950000,3239.950000,3234.000000,3239.050000,250
2019-06-21T13:15:00+05:30,3239.050000,3240.000000,3233.800000,3233.800000,258
2019-06-21T13:30:00+05:30,3238.450000,3240.000000,3233.850000,3240.000000,231
2019-06-21T13:45:00+05:30,3240.000000,3240.000000,3230.000000,3231.900000,635
2019-06-21T14:00:00+05:30,3231.900000,3240.000000,3230.050000,3234.800000,414
2019-06-21T14:15:00+05:30,3234.800000,3239.000000,3227.100000,3234.750000,415
2019-06-21T14:30:00+05:30,3235.200000,3258.500000,3235.000000,3248.700000,1993
2019-06-21T14:45:00+05:30,3248.700000,3257.950000,3244.700000,3248.500000,1495
2019-06-21T15:00:00+05:30,3248.500000,3258.950000,3246.150000,3248.750000,2811
2019-06-21T15:15:00+05:30,3248.750000,3288.000000,3247.250000,3270.000000,6925
2019-06-24T09:15:00+05:30,3250.000000,3277.750000,3185.250000,3241.900000,2691
2019-06-24T09:30:00+05:30,3241.600000,3246.750000,3223.550000,3246.750000,567
2019-06-24T09:45:00+05:30,3246.750000,3285.000000,3246.750000,3252.000000,1645
2019-06-24T10:00:00+05:30,3252.000000,3264.000000,3228.850000,3243.100000,943
2019-06-24T10:15:00+05:30,3243.100000,3245.600000,3241.500000,3245.100000,150
2019-06-24T10:30:00+05:30,3245.100000,3245.100000,3227.100000,3227.100000,218
2019-06-24T10:45:00+05:30,3227.100000,3233.850000,3222.050000,3223.200000,138
2019-06-24T11:00:00+05:30,3223.200000,3228.250000,3212.000000,3219.100000,311
2019-06-24T11:15:00+05:30,3219.100000,3223.050000,3207.150000,3207.150000,127
2019-06-24T11:30:00+05:30,3207.150000,3219.950000,3207.000000,3219.950000,58
2019-06-24T11:45:00+05:30,3219.950000,3239.000000,3217.350000,3224.150000,145
2019-06-24T12:00:00+05:30,3224.150000,3238.400000,3224.150000,3230.000000,57
2019-06-24T12:15:00+05:30,3230.000000,3237.950000,3230.000000,3232.950000,48
2019-06-24T12:30:00+05:30,3232.950000,3232.950000,3228.050000,3232.000000,19
2019-06-24T12:45:00+05:30,3232.000000,3234.350000,3228.000000,3234.350000,42
2019-06-24T13:00:00+05:30,3234.350000,3234.500000,3228.300000,3230.600000,72
2019-06-24T13:15:00+05:30,3228.800000,3233.000000,3228.800000,3229.000000,68
2019-06-24T13:30:00+05:30,3228.000000,3228.000000,3215.700000,3223.600000,99
2019-06-24T13:45:00+05:30,3218.000000,3218.400000,3216.500000,3216.500000,78
2019-06-24T14:00:00+05:30,3216.500000,3226.050000,3216.500000,3226.000000,13
2019-06-24T14:15:00+05:30,3226.000000,3248.050000,3221.000000,3248.050000,242
2019-06-24T14:30:00+05:30,3249.000000,3259.950000,3237.900000,3251.050000,428
2019-06-24T14:45:00+05:30,3251.050000,3278.800000,3245.000000,3273.950000,782
2019-06-24T15:00:00+05:30,3273.950000,3284.950000,3263.550000,3273.950000,1470
2019-06-24T15:15:00+05:30,3273.950000,3284.000000,3268.000000,3268.000000,2090
2019-06-25T09:15:00+05:30,3251.000000,3260.950000,3240.000000,3241.000000,353
2019-06-25T09:30:00+05:30,3241.000000,3249.700000,3241.000000,3243.950000,94
2019-06-25T09:45:00+05:30,3243.950000,3254.900000,3243.150000,3247.650000,268
2019-06-25T10:00:00+05:30,3247.550000,3249.650000,3244.000000,3248.900000,25
2019-06-25T10:15:00+05:30,3248.900000,3249.700000,3244.050000,3244.050000,39
2019-06-25T10:30:00+05:30,3244.300000,3250.000000,3242.000000,3247.850000,515
2019-06-25T10:45:00+05:30,3247.850000,3247.850000,3242.000000,3245.000000,83
2019-06-25T11:00:00+05:30,3242.100000,3245.250000,3242.100000,3245.250000,19
2019-06-25T11:15:00+05:30,3245.250000,3248.250000,3244.000000,3244.000000,50
2019-06-25T11:30:00+05:30,3244.000000,3250.000000,3243.050000,3244.100000,122
2019-06-25T11:45:00+05:30,3246.000000,3249.350000,3244.100000,3248.700000,133
2019-06-25T12:00:00+05:30,3248.700000,3248.700000,3245.050000,3245.050000,95
2019-06-25T12:15:00+05:30,3245.050000,3245.050000,3242.000000,3242.000000,168
2019-06-25T12:30:00+05:30,3242.000000,3245.250000,3241.050000,3242.550000,208
2019-06-25T12:45:00+05:30,3242.550000,3242.550000,3236.100000,3239.500000,214
2019-06-25T13:00:00+05:30,3239.500000,3240.050000,3237.450000,3239.950000,146
2019-06-25T13:15:00+05:30,3239.950000,3240.050000,3236.150000,3236.500000,318
2019-06-25T13:30:00+05:30,3236.500000,3248.550000,3236.200000,3236.200000,141
2019-06-25T13:45:00+05:30,3236.200000,3240.000000,3231.100000,3239.950000,377
2019-06-25T14:00:00+05:30,3235.000000,3247.950000,3235.000000,3245.000000,320
2019-06-25T14:15:00+05:30,3246.200000,3255.000000,3244.000000,3252.850000,622
2019-06-25T14:30:00+05:30,3252.850000,3252.900000,3250.000000,3250.250000,267
2019-06-25T14:45:00+05:30,3250.250000,3253.000000,3245.550000,3245.550000,1098
2019-06-25T15:00:00+05:30,3245.550000,3249.550000,3232.500000,3244.600000,1142
2019-06-25T15:15:00+05:30,3244.600000,3270.950000,3240.050000,3248.000000,2867
2019-06-26T09:15:00+05:30,3232.000000,3247.000000,3232.000000,3235.000000,324
2019-06-26T09:30:00+05:30,3235.000000,3241.650000,3233.000000,3241.050000,77
2019-06-26T09:45:00+05:30,3241.050000,3244.000000,3233.000000,3233.500000,202
2019-06-26T10:00:00+05:30,3233.500000,3239.050000,3233.500000,3235.000000,44
2019-06-26T10:15:00+05:30,3235.000000,3235.800000,3232.100000,3234.000000,63
2019-06-26T10:30:00+05:30,3234.000000,3235.000000,3230.000000,3231.750000,783
2019-06-26T10:45:00+05:30,3231.750000,3231.750000,3223.000000,3224.800000,258
2019-06-26T11:00:00+05:30,3224.800000,3231.150000,3224.800000,3225.000000,33
2019-06-26T11:15:00+05:30,3225.000000,3230.450000,3223.000000,3223.000000,50
2019-06-26T11:30:00+05:30,3223.000000,3236.000000,3222.550000,3227.150000,192
2019-06-26T11:45:00+05:30,3227.150000,3234.900000,3223.700000,3232.750000,187
2019-06-26T12:00:00+05:30,3232.750000,3232.750000,3230.000000,3230.000000,16
2019-06-26T12:15:00+05:30,3230.000000,3234.550000,3230.000000,3230.100000,16
2019-06-26T12:30:00+05:30,3230.100000,3240.000000,3230.100000,3236.850000,68
2019-06-26T12:45:00+05:30,3236.850000,3239.100000,3235.000000,3239.000000,31
2019-06-26T13:00:00+05:30,3239.000000,3244.300000,3237.150000,3244.300000,111
2019-06-26T13:15:00+05:30,3244.900000,3246.700000,3237.150000,3244.550000,100
2019-06-26T13:30:00+05:30,3244.550000,3244.750000,3235.000000,3244.650000,167
2019-06-26T13:45:00+05:30,3244.900000,3249.950000,3230.050000,3233.000000,454
2019-06-26T14:00:00+05:30,3233.050000,3235.300000,3233.050000,3235.000000,109
2019-06-26T14:15:00+05:30,3235.000000,3246.800000,3230.000000,3241.550000,807
2019-06-26T14:30:00+05:30,3242.600000,3242.600000,3222.000000,3235.300000,835
2019-06-26T14:45:00+05:30,3235.350000,3244.950000,3231.300000,3239.150000,883
2019-06-26T15:00:00+05:30,3239.150000,3260.000000,3239.150000,3256.000000,2134
2019-06-26T15:15:00+05:30,3256.000000,3264.700000,3235.000000,3235.000000,2865
2019-06-27T09:15:00+05:30,3240.250000,3254.650000,3237.050000,3242.250000,353
2019-06-27T09:30:00+05:30,3242.300000,3247.050000,3241.050000,3243.100000,124
2019-06-27T09:45:00+05:30,3243.100000,3248.050000,3241.550000,3241.650000,42
2019-06-27T10:00:00+05:30,3241.650000,3250.050000,3241.000000,3250.050000,66
2019-06-27T10:15:00+05:30,3250.050000,3250.600000,3237.150000,3238.650000,90
2019-06-27T10:30:00+05:30,3238.650000,3249.000000,3237.200000,3246.000000,132
2019-06-27T10:45:00+05:30,3250.000000,3260.000000,3245.300000,3253.600000,804
2019-06-27T11:00:00+05:30,3258.700000,3258.700000,3250.000000,3250.000000,152
2019-06-27T11:15:00+05:30,3249.050000,3258.000000,3249.000000,3250.000000,225
2019-06-27T11:30:00+05:30,3250.000000,3252.000000,3243.150000,3250.000000,117
2019-06-27T11:45:00+05:30,3250.000000,3253.150000,3246.200000,3251.150000,159
2019-06-27T12:00:00+05:30,3249.950000,3249.950000,3230.000000,3242.000000,556
2019-06-27T12:15:00+05:30,3242.000000,3245.500000,3242.000000,3245.000000,69
2019-06-27T12:30:00+05:30,3245.000000,3248.200000,3238.400000,3245.000000,72
2019-06-27T12:45:00+05:30,3245.000000,3250.000000,3245.000000,3248.250000,166
2019-06-27T13:00:00+05:30,3247.550000,3251.150000,3245.300000,3250.500000,137
2019-06-27T13:15:00+05:30,3250.500000,3255.000000,3245.100000,3245.100000,170
2019-06-27T13:30:00+05:30,3245.100000,3245.100000,3243.000000,3243.000000,64
2019-06-27T13:45:00+05:30,3243.000000,3243.050000,3241.000000,3241.000000,91
2019-06-27T14:00:00+05:30,3241.000000,3242.750000,3241.000000,3242.750000,120
2019-06-27T14:15:00+05:30,3242.750000,3258.500000,3241.300000,3253.350000,440
2019-06-27T14:30:00+05:30,3257.850000,3269.700000,3253.350000,3267.650000,467
2019-06-27T14:45:00+05:30,3265.000000,3268.000000,3253.650000,3258.050000,593
2019-06-27T15:00:00+05:30,3258.050000,3287.800000,3255.000000,3280.050000,4635
2019-06-27T15:15:00+05:30,3280.750000,3297.000000,3272.200000,3288.000000,4512
2019-06-28T09:15:00+05:30,3297.850000,3299.000000,3283.400000,3286.000000,904
2019-06-28T09:30:00+05:30,3286.000000,3287.600000,3278.100000,3281.050000,245
2019-06-28T09:45:00+05:30,3281.050000,3284.450000,3272.500000,3280.000000,248
2019-06-28T10:00:00+05:30,3280.000000,3280.000000,3273.050000,3279.500000,96
2019-06-28T10:15:00+05:30,3280.000000,3285.000000,3278.000000,3283.150000,137
2019-06-28T10:30:00+05:30,3283.150000,3289.400000,3282.150000,3284.000000,84
2019-06-28T10:45:00+05:30,3284.000000,3287.000000,3281.050000,3286.000000,84
2019-06-28T11:00:00+05:30,3286.000000,3289.400000,3286.000000,3286.000000,124
2019-06-28T11:15:00+05:30,3286.000000,3289.800000,3285.000000,3288.750000,37
2019-06-28T11:30:00+05:30,3288.750000,3288.750000,3284.000000,3285.200000,32
2019-06-28T11:45:00+05:30,3285.200000,3287.750000,3284.000000,3286.000000,46
2019-06-28T12:00:00+05:30,3286.000000,3289.800000,3286.000000,3289.000000,102
2019-06-28T12:15:00+05:30,3289.000000,3289.000000,3283.500000,3283.500000,54
2019-06-28T12:30:00+05:30,3283.500000,3290.000000,3283.350000,3283.350000,155
2019-06-28T12:45:00+05:30,3280.000000,3288.200000,3280.000000,3284.150000,35
2019-06-28T13:00:00+05:30,3284.150000,3285.000000,3280.000000,3285.000000,115
2019-06-28T13:15:00+05:30,3285.000000,3285.000000,3278.250000,3283.700000,30
2019-06-28T13:30:00+05:30,3281.150000,3285.000000,3281.000000,3285.000000,185
2019-06-28T13:45:00+05:30,3285.000000,3346.000000,3283.250000,3345.100000,3204
2019-06-28T14:00:00+05:30,3346.000000,3387.550000,3335.000000,3370.000000,4981
2019-06-28T14:15:00+05:30,3368.000000,3388.000000,3344.350000,3356.600000,3112
2019-06-28T14:30:00+05:30,3356.600000,3359.000000,3340.250000,3346.050000,2115
2019-06-28T14:45:00+05:30,3346.050000,3369.950000,3346.050000,3365.100000,3175
2019-06-28T15:00:00+05:30,3365.100000,3375.000000,3350.000000,3355.000000,1945
2019-06-28T15:15:00+05:30,3355.000000,3359.900000,3340.000000,3341.300000,2823
2019-07-01T09:15:00+05:30,3350.000000,3362.100000,3344.000000,3350.000000,2825
2019-07-01T09:30:00+05:30,3350.000000,3405.950000,3348.000000,3380.000000,2601
2019-07-01T09:45:00+05:30,3380.000000,3380.000000,3345.000000,3346.400000,2969
2019-07-01T10:00:00+05:30,3348.800000,3365.000000,3348.800000,3351.950000,3315
2019-07-01T10:15:00+05:30,3351.950000,3353.850000,3348.450000,3348.800000,264
2019-07-01T10:30:00+05:30,3348.800000,3350.550000,3345.000000,3348.000000,185
2019-07-01T10:45:00+05:30,3348.000000,3366.950000,3346.100000,3349.600000,589
2019-07-01T11:00:00+05:30,3349.600000,3349.850000,3344.950000,3346.400000,85
2019-07-01T11:15:00+05:30,3344.400000,3349.350000,3335.550000,3345.050000,342
2019-07-01T11:30:00+05:30,3345.000000,3355.000000,3326.000000,3331.000000,934
2019-07-01T11:45:00+05:30,3331.000000,3339.700000,3328.850000,3331.600000,533
2019-07-01T12:00:00+05:30,3331.600000,3331.600000,3328.000000,3331.000000,183
2019-07-01T12:15:00+05:30,3331.000000,3335.900000,3321.000000,3333.650000,3843
2019-07-01T12:30:00+05:30,3333.650000,3340.000000,3325.050000,3332.750000,3643
2019-07-01T12:45:00+05:30,3332.750000,3340.000000,3330.000000,3339.900000,397
2019-07-01T13:00:00+05:30,3339.900000,3353.950000,3337.100000,3351.000000,579
2019-07-01T13:15:00+05:30,3351.000000,3351.000000,3335.000000,3337.000000,62
2019-07-01T13:30:00+05:30,3337.000000,3337.000000,3333.300000,3333.300000,54
2019-07-01T13:45:00+05:30,3333.300000,3337.200000,3327.000000,3332.000000,1135
2019-07-01T14:00:00+05:30,3332.000000,3334.450000,3328.850000,3328.850000,179
2019-07-01T14:15:00+05:30,3328.850000,3329.000000,3328.500000,3328.500000,265
2019-07-01T14:30:00+05:30,3328.500000,3332.400000,3326.000000,3329.900000,1551
2019-07-01T14:45:00+05:30,3329.900000,3329.950000,3327.050000,3329.950000,728
2019-07-01T15:00:00+05:30,3329.950000,3337.200000,3325.300000,3326.650000,2253
2019-07-01T15:15:00+05:30,3326.650000,3326.650000,3305.000000,3308.000000,4211
2019-07-02T09:15:00+05:30,3315.250000,3344.200000,3315.250000,3329.950000,1202
2019-07-02T09:30:00+05:30,3329.950000,3334.850000,3321.550000,3329.000000,359
2019-07-02T09:45:00+05:30,3329.000000,3331.850000,3328.000000,3330.000000,242
2019-07-02T10:00:00+05:30,3327.350000,3330.000000,3317.000000,3324.900000,293
2019-07-02T10:15:00+05:30,3324.900000,3324.900000,3320.550000,3321.600000,21
2019-07-02T10:30:00+05:30,3321.600000,3328.000000,3320.950000,3325.600000,16
2019-07-02T10:45:00+05:30,3325.600000,3329.850000,3311.800000,3311.800000,643
2019-07-02T11:00:00+05:30,3311.750000,3324.000000,3311.750000,3324.000000,460
2019-07-02T11:15:00+05:30,3324.000000,3329.850000,3322.000000,3329.850000,26
2019-07-02T11:30:00+05:30,3329.850000,3329.850000,3316.350000,3321.000000,128
2019-07-02T11:45:00+05:30,3321.000000,3321.000000,3308.000000,3314.300000,139
2019-07-02T12:00:00+05:30,3314.300000,3317.000000,3312.000000,3317.000000,36
2019-07-02T12:15:00+05:30,3317.950000,3317.950000,3312.800000,3316.750000,17
2019-07-02T12:30:00+05:30,3316.500000,3316.500000,3313.800000,3313.800000,3
2019-07-02T12:45:00+05:30,3313.800000,3313.800000,3305.000000,3305.050000,187
2019-07-02T13:00:00+05:30,3305.050000,3312.600000,3300.300000,3300.300000,333
2019-07-02T13:15:00+05:30,3300.200000,3314.300000,3300.200000,3309.150000,467
2019-07-02T13:30:00+05:30,3309.150000,3310.000000,3306.000000,3310.000000,64
2019-07-02T13:45:00+05:30,3310.000000,3310.000000,3306.000000,3310.000000,294
2019-07-02T14:00:00+05:30,3310.000000,3310.000000,3307.100000,3310.000000,88
2019-07-02T14:15:00+05:30,3313.950000,3313.950000,3305.850000,3307.000000,121
2019-07-02T14:30:00+05:30,3307.000000,3309.450000,3305.100000,3307.000000,44
2019-07-02T14:45:00+05:30,3307.000000,3309.150000,3301.050000,3302.950000,236
2019-07-02T15:00:00+05:30,3307.300000,3338.900000,3307.300000,3330.000000,1140
2019-07-02T15:15:00+05:30,3330.000000,3337.950000,3301.000000,3301.300000,1514
2019-07-03T09:15:00+05:30,3320.250000,3328.350000,3320.000000,3328.350000,73
2019-07-03T09:30:00+05:30,3328.350000,3328.350000,3322.250000,3322.250000,3
2019-07-03T09:45:00+05:30,3322.250000,3327.600000,3320.700000,3320.700000,48
2019-07-03T10:00:00+05:30,3320.550000,3328.450000,3319.950000,3328.300000,153
2019-07-03T10:15:00+05:30,3323.300000,3326.700000,3322.100000,3322.100000,28
2019-07-03T10:30:00+05:30,3322.100000,3328.300000,3322.100000,3328.300000,551
2019-07-03T10:45:00+05:30,3328.300000,3328.300000,3326.050000,3326.050000,1
2019-07-03T11:00:00+05:30,3326.050000,3328.150000,3311.050000,3328.150000,243
2019-07-03T11:15:00+05:30,3328.450000,3328.450000,3308.000000,3310.900000,204
2019-07-03T11:30:00+05:30,3310.900000,3317.300000,3307.600000,3310.000000,118
2019-07-03T11:45:00+05:30,3310.000000,3315.000000,3310.000000,3315.000000,54
2019-07-03T12:00:00+05:30,3315.000000,3317.950000,3312.800000,3317.950000,19
2019-07-03T12:15:00+05:30,3322.850000,3324.150000,3314.250000,3314.250000,17
2019-07-03T12:30:00+05:30,3320.500000,3326.950000,3320.500000,3321.550000,76
2019-07-03T12:45:00+05:30,3321.550000,3328.450000,3321.550000,3327.950000,42
2019-07-03T13:00:00+05:30,3327.950000,3344.000000,3327.950000,3343.900000,445
2019-07-03T13:15:00+05:30,3343.900000,3343.950000,3337.450000,3343.950000,91
2019-07-03T13:30:00+05:30,3343.950000,3345.750000,3332.600000,3338.300000,195
2019-07-03T13:45:00+05:30,3338.300000,3344.000000,3335.250000,3342.350000,263
2019-07-03T14:00:00+05:30,3342.350000,3344.900000,3341.000000,3341.650000,98
2019-07-03T14:15:00+05:30,3341.650000,3344.650000,3340.100000,3341.050000,155
2019-07-03T14:30:00+05:30,3341.050000,3373.000000,3341.050000,3370.400000,1999
2019-07-03T14:45:00+05:30,3370.400000,3375.000000,3353.600000,3355.200000,983
2019-07-03T15:00:00+05:30,3355.200000,3440.450000,3354.150000,3432.300000,5223
2019-07-03T15:15:00+05:30,3444.950000,3444.950000,3416.300000,3420.000000,2278
2019-07-04T09:15:00+05:30,3440.000000,3473.000000,3440.000000,3450.000000,1599
2019-07-04T09:30:00+05:30,3450.000000,3450.000000,3442.200000,3445.000000,1287
2019-07-04T09:45:00+05:30,3445.000000,3450.000000,3442.350000,3446.000000,519
2019-07-04T10:00:00+05:30,3445.400000,3450.000000,3442.100000,3445.900000,430
2019-07-04T10:15:00+05:30,3445.900000,3449.500000,3445.900000,3449.500000,65
2019-07-04T10:30:00+05:30,3446.000000,3455.500000,3446.000000,3447.550000,330
2019-07-04T10:45:00+05:30,3447.550000,3449.900000,3440.150000,3440.150000,93
2019-07-04T11:00:00+05:30,3440.150000,3444.900000,3440.150000,3440.600000,91
2019-07-04T11:15:00+05:30,3440.600000,3440.600000,3435.600000,3435.750000,77
2019-07-04T11:30:00+05:30,3435.750000,3439.700000,3435.700000,3436.000000,38
2019-07-04T11:45:00+05:30,3436.000000,3444.850000,3435.700000,3439.950000,199
2019-07-04T12:00:00+05:30,3444.800000,3449.100000,3427.000000,3427.000000,591
2019-07-04T12:15:00+05:30,3425.250000,3434.350000,3417.000000,3434.350000,250
2019-07-04T12:30:00+05:30,3434.350000,3448.850000,3433.000000,3438.050000,443
2019-07-04T12:45:00+05:30,3438.050000,3444.900000,3435.000000,3438.000000,81
2019-07-04T13:00:00+05:30,3438.000000,3438.000000,3435.050000,3435.050000,18
2019-07-04T13:15:00+05:30,3440.450000,3441.500000,3435.000000,3435.000000,92
2019-07-04T13:30:00+05:30,3435.000000,3449.500000,3435.000000,3440.000000,215
2019-07-04T13:45:00+05:30,3440.000000,3445.000000,3440.000000,3442.000000,49
2019-07-04T14:00:00+05:30,3441.750000,3444.050000,3441.500000,3441.800000,58
2019-07-04T14:15:00+05:30,3442.000000,3442.000000,3436.050000,3441.000000,179
2019-07-04T14:30:00+05:30,3441.000000,3452.150000,3421.600000,3435.500000,4817
2019-07-04T14:45:00+05:30,3435.500000,3438.450000,3421.600000,3422.050000,362
2019-07-04T15:00:00+05:30,3422.050000,3434.950000,3420.000000,3420.000000,758
2019-07-04T15:15:00+05:30,3420.000000,3440.000000,3399.050000,3434.000000,3185
2019-07-05T09:15:00+05:30,3443.450000,3443.450000,3423.850000,3431.400000,71
2019-07-05T09:30:00+05:30,3431.400000,3431.900000,3420.050000,3420.050000,56
2019-07-05T09:45:00+05:30,3420.050000,3420.050000,3412.000000,3419.450000,119
2019-07-05T10:00:00+05:30,3419.450000,3420.000000,3416.250000,3416.250000,58
2019-07-05T10:15:00+05:30,3416.250000,3416.350000,3401.000000,3404.500000,195
2019-07-05T10:30:00+05:30,3404.550000,3408.750000,3401.900000,3408.750000,131
2019-07-05T10:45:00+05:30,3408.750000,3410.200000,3402.000000,3402.450000,102
2019-07-05T11:00:00+05:30,3402.450000,3405.000000,3402.050000,3405.000000,22
2019-07-05T11:15:00+05:30,3405.000000,3408.950000,3405.000000,3405.500000,10
2019-07-05T11:30:00+05:30,3405.500000,3408.900000,3401.900000,3401.900000,45
2019-07-05T11:45:00+05:30,3401.900000,3407.100000,3401.900000,3405.000000,152
2019-07-05T12:00:00+05:30,3405.000000,3407.200000,3401.000000,3404.900000,42
2019-07-05T12:15:00+05:30,3404.900000,3405.000000,3390.000000,3400.000000,357
2019-07-05T12:30:00+05:30,3400.000000,3405.350000,3400.000000,3403.000000,64
2019-07-05T12:45:00+05:30,3403.000000,3405.400000,3390.100000,3391.900000,89
2019-07-05T13:00:00+05:30,3391.900000,3391.900000,3372.500000,3379.350000,214
2019-07-05T13:15:00+05:30,3379.350000,3390.000000,3373.000000,3379.850000,320
2019-07-05T13:30:00+05:30,3379.850000,3383.000000,3353.050000,3365.400000,680
2019-07-05T13:45:00+05:30,3368.650000,3378.000000,3365.000000,3378.000000,543
2019-07-05T14:00:00+05:30,3378.000000,3382.950000,3370.550000,3381.000000,190
2019-07-05T14:15:00+05:30,3381.000000,3382.800000,3374.050000,3376.300000,134
2019-07-05T14:30:00+05:30,3376.300000,3376.300000,3360.000000,3371.150000,582
2019-07-05T14:45:00+05:30,3371.150000,3378.700000,3363.300000,3373.200000,183
2019-07-05T15:00:00+05:30,3373.200000,3405.350000,3369.950000,3389.600000,1771
2019-07-05T15:15:00+05:30,3389.000000,3409.950000,3360.000000,3400.000000,1332
2019-07-08T09:15:00+05:30,3385.300000,3385.300000,3333.300000,3349.000000,241
2019-07-08T09:30:00+05:30,3348.050000,3348.050000,3317.050000,3331.550000,822
2019-07-08T09:45:00+05:30,3331.550000,3333.350000,3313.100000,3318.050000,970
2019-07-08T10:00:00+05:30,3318.000000,3324.900000,3313.600000,3313.600000,516
2019-07-08T10:15:00+05:30,3313.600000,3322.750000,3312.250000,3315.050000,212
2019-07-08T10:30:00+05:30,3315.050000,3317.450000,3314.100000,3317.450000,31
2019-07-08T10:45:00+05:30,3317.400000,3317.400000,3301.000000,3302.800000,946
2019-07-08T11:00:00+05:30,3302.800000,3310.000000,3279.150000,3284.000000,902
2019-07-08T11:15:00+05:30,3284.000000,3290.000000,3266.000000,3268.100000,887
2019-07-08T11:30:00+05:30,3275.000000,3283.100000,3266.000000,3277.200000,308
2019-07-08T11:45:00+05:30,3277.200000,3289.800000,3277.200000,3286.400000,179
2019-07-08T12:00:00+05:30,3283.250000,3286.150000,3275.050000,3280.100000,240
2019-07-08T12:15:00+05:30,3276.000000,3286.550000,3267.100000,3278.850000,341
2019-07-08T12:30:00+05:30,3278.850000,3278.850000,3267.600000,3274.950000,286
2019-07-08T12:45:00+05:30,3274.950000,3282.950000,3265.000000,3276.050000,460
2019-07-08T13:00:00+05:30,3275.950000,3278.000000,3275.950000,3278.000000,294
2019-07-08T13:15:00+05:30,3278.050000,3284.000000,3265.000000,3270.000000,483
2019-07-08T13:30:00+05:30,3270.000000,3275.950000,3255.000000,3256.600000,504
2019-07-08T13:45:00+05:30,3259.700000,3274.600000,3257.100000,3267.000000,609
2019-07-08T14:00:00+05:30,3267.000000,3274.550000,3263.600000,3266.550000,306
2019-07-08T14:15:00+05:30,3266.550000,3274.450000,3261.000000,3273.500000,430
2019-07-08T14:30:00+05:30,3273.500000,3274.600000,3268.900000,3273.750000,793
2019-07-08T14:45:00+05:30,3273.750000,3273.750000,3266.000000,3269.850000,1669
2019-07-08T15:00:00+05:30,3269.850000,3271.550000,3266.000000,3267.800000,536
2019-07-08T15:15:00+05:30,3267.800000,3293.450000,3267.800000,3287.000000,5314
2019-07-09T09:15:00+05:30,3255.050000,3268.750000,3235.100000,3241.000000,412
2019-07-09T09:30:00+05:30,3246.200000,3258.000000,3245.000000,3257.950000,412
2019-07-09T09:45:00+05:30,3257.950000,3257.950000,3242.200000,3244.000000,164
2019-07-09T10:00:00+05:30,3244.000000,3251.450000,3240.000000,3246.500000,282
2019-07-09T10:15:00+05:30,3246.500000,3250.700000,3245.000000,3248.000000,187
2019-07-09T10:30:00+05:30,3248.000000,3250.000000,3244.550000,3246.400000,165
2019-07-09T10:45:00+05:30,3245.600000,3256.000000,3245.600000,3248.500000,249
2019-07-09T11:00:00+05:30,3253.100000,3253.100000,3247.000000,3247.000000,74
2019-07-09T11:15:00+05:30,3247.000000,3250.000000,3244.550000,3248.900000,650
2019-07-09T11:30:00+05:30,3248.900000,3249.750000,3243.750000,3247.000000,218
2019-07-09T11:45:00+05:30,3247.000000,3254.300000,3247.000000,3253.850000,130
2019-07-09T12:00:00+05:30,3253.850000,3260.500000,3250.850000,3258.000000,150
2019-07-09T12:15:00+05:30,3258.000000,3258.400000,3248.000000,3253.950000,538
2019-07-09T12:30:00+05:30,3253.950000,3254.700000,3247.050000,3249.700000,428
2019-07-09T12:45:00+05:30,3249.700000,3250.000000,3248.600000,3248.600000,15
2019-07-09T13:00:00+05:30,3248.600000,3248.600000,3240.050000,3245.050000,252
2019-07-09T13:15:00+05:30,3245.050000,3249.200000,3245.000000,3246.950000,48
2019-07-09T13:30:00+05:30,3246.950000,3246.950000,3244.350000,3244.350000,33
2019-07-09T13:45:00+05:30,3247.050000,3260.000000,3247.050000,3250.000000,124
2019-07-09T14:00:00+05:30,3250.000000,3261.000000,3245.350000,3261.000000,160
2019-07-09T14:15:00+05:30,3261.000000,3267.950000,3252.000000,3257.100000,533
2019-07-09T14:30:00+05:30,3259.900000,3278.650000,3255.800000,3274.050000,722
2019-07-09T14:45:00+05:30,3274.050000,3299.900000,3273.900000,3291.800000,1222
2019-07-09T15:00:00+05:30,3291.800000,3293.900000,3261.750000,3281.950000,1022
2019-07-09T15:15:00+05:30,3276.400000,3326.900000,3265.250000,3276.000000,2073
2019-07-10T09:15:00+05:30,3280.000000,3300.000000,3256.800000,3257.050000,440
2019-07-10T09:30:00+05:30,3257.050000,3274.500000,3251.050000,3265.000000,691
2019-07-10T09:45:00+05:30,3265.000000,3270.000000,3252.150000,3256.150000,590
2019-07-10T10:00:00+05:30,3256.150000,3262.500000,3252.300000,3252.300000,111
2019-07-10T10:15:00+05:30,3252.300000,3259.750000,3252.300000,3259.750000,26
2019-07-10T10:30:00+05:30,3259.750000,3260.100000,3259.750000,3260.050000,41
2019-07-10T10:45:00+05:30,3260.050000,3263.650000,3252.500000,3260.150000,321
2019-07-10T11:00:00+05:30,3260.150000,3261.250000,3255.300000,3255.300000,9
2019-07-10T11:15:00+05:30,3255.300000,3264.700000,3255.300000,3257.000000,94
2019-07-10T11:30:00+05:30,3257.000000,3258.850000,3253.500000,3253.600000,187
2019-07-10T11:45:00+05:30,3253.600000,3259.200000,3253.600000,3255.100000,9
2019-07-10T12:00:00+05:30,3255.100000,3257.300000,3242.300000,3249.500000,414
2019-07-10T12:15:00+05:30,3245.000000,3249.950000,3245.000000,3245.400000,131
2019-07-10T12:30:00+05:30,3245.400000,3259.000000,3245.000000,3245.000000,230
2019-07-10T12:45:00+05:30,3245.050000,3252.300000,3244.100000,3250.400000,370
2019-07-10T13:00:00+05:30,3250.400000,3252.800000,3243.000000,3248.050000,271
2019-07-10T13:15:00+05:30,3249.100000,3249.100000,3240.000000,3245.050000,633
2019-07-10T13:30:00+05:30,3245.050000,3252.900000,3240.000000,3241.000000,552
2019-07-10T13:45:00+05:30,3241.000000,3245.000000,3237.000000,3240.800000,124
2019-07-10T14:00:00+05:30,3240.800000,3244.350000,3232.200000,3236.850000,463
2019-07-10T14:15:00+05:30,3236.850000,3242.300000,3232.200000,3238.800000,220
2019-07-10T14:30:00+05:30,3238.800000,3240.900000,3232.000000,3233.200000,470
2019-07-10T14:45:00+05:30,3233.200000,3247.000000,3231.300000,3234.000000,1520
2019-07-10T15:00:00+05:30,3234.000000,3247.700000,3221.250000,3221.300000,1377
2019-07-10T15:15:00+05:30,3221.300000,3229.450000,3170.000000,3176.000000,4840
2019-07-11T09:15:00+05:30,3213.350000,3213.350000,3181.300000,3195.000000,775
2019-07-11T09:30:00+05:30,3195.000000,3198.800000,3175.000000,3175.000000,389
2019-07-11T09:45:00+05:30,3181.100000,3190.000000,3161.600000,3162.100000,641
2019-07-11T10:00:00+05:30,3162.100000,3176.950000,3161.650000,3162.050000,316
2019-07-11T10:15:00+05:30,3162.050000,3166.050000,3156.000000,3160.450000,573
2019-07-11T10:30:00+05:30,3160.450000,3166.250000,3156.050000,3160.000000,641
2019-07-11T10:45:00+05:30,3160.000000,3161.700000,3157.250000,3161.350000,131
2019-07-11T11:00:00+05:30,3161.350000,3161.350000,3156.500000,3159.950000,230
2019-07-11T11:15:00+05:30,3159.950000,3159.950000,3157.400000,3158.950000,87
2019-07-11T11:30:00+05:30,3158.800000,3175.400000,3155.600000,3161.600000,1226
2019-07-11T11:45:00+05:30,3161.600000,3167.350000,3161.000000,3167.000000,160
2019-07-11T12:00:00+05:30,3167.000000,3168.000000,3163.550000,3163.550000,137
2019-07-11T12:15:00+05:30,3169.050000,3178.950000,3168.450000,3168.450000,448
2019-07-11T12:30:00+05:30,3168.450000,3170.000000,3167.250000,3167.250000,110
2019-07-11T12:45:00+05:30,3167.250000,3167.250000,3160.800000,3160.800000,375
2019-07-11T13:00:00+05:30,3160.800000,3170.000000,3160.800000,3170.000000,378
2019-07-11T13:15:00+05:30,3170.000000,3173.950000,3165.450000,3171.500000,911
2019-07-11T13:30:00+05:30,3171.500000,3171.500000,3165.600000,3165.700000,512
2019-07-11T13:45:00+05:30,3165.700000,3169.000000,3160.300000,3165.000000,500
2019-07-11T14:00:00+05:30,3165.000000,3170.000000,3160.000000,3160.000000,475
2019-07-11T14:15:00+05:30,3160.000000,3172.600000,3159.000000,3172.600000,571
2019-07-11T14:30:00+05:30,3172.600000,3172.600000,3159.000000,3161.800000,617
2019-07-11T14:45:00+05:30,3161.500000,3166.000000,3154.000000,3160.000000,1337
2019-07-11T15:00:00+05:30,3161.000000,3164.900000,3145.050000,3149.000000,2200
2019-07-11T15:15:00+05:30,3149.000000,3155.000000,3132.950000,3137.050000,3715
2019-07-12T09:15:00+05:30,3153.000000,3171.900000,3153.000000,3155.250000,497
2019-07-12T09:30:00+05:30,3155.250000,3158.800000,3154.000000,3154.000000,51
2019-07-12T09:45:00+05:30,3154.000000,3159.450000,3148.550000,3154.550000,443
2019-07-12T10:00:00+05:30,3154.550000,3155.000000,3148.200000,3154.000000,83
2019-07-12T10:15:00+05:30,3154.000000,3158.050000,3152.050000,3155.000000,88
2019-07-12T10:30:00+05:30,3155.000000,3175.800000,3152.050000,3175.800000,1148
2019-07-12T10:45:00+05:30,3175.800000,3195.000000,3175.200000,3186.650000,1358
2019-07-12T11:00:00+05:30,3186.650000,3186.650000,3177.950000,3179.850000,146
2019-07-12T11:15:00+05:30,3179.850000,3186.500000,3164.750000,3176.600000,675
2019-07-12T11:30:00+05:30,3176.600000,3176.950000,3166.550000,3168.050000,273
2019-07-12T11:45:00+05:30,3168.050000,3170.950000,3163.250000,3168.000000,139
2019-07-12T12:00:00+05:30,3168.000000,3168.000000,3148.350000,3151.850000,284
2019-07-12T12:15:00+05:30,3151.850000,3156.850000,3150.000000,3153.350000,234
2019-07-12T12:30:00+05:30,3154.700000,3154.700000,3153.250000,3154.700000,94
2019-07-12T12:45:00+05:30,3154.650000,3158.050000,3145.000000,3148.000000,419
2019-07-12T13:00:00+05:30,3146.050000,3156.750000,3145.000000,3148.000000,816
2019-07-12T13:15:00+05:30,3147.850000,3148.000000,3137.650000,3141.700000,832
2019-07-12T13:30:00+05:30,3141.700000,3163.950000,3132.950000,3163.450000,757
2019-07-12T13:45:00+05:30,3163.450000,3175.500000,3156.400000,3161.700000,1086
2019-07-12T14:00:00+05:30,3163.150000,3163.250000,3159.050000,3159.050000,641
2019-07-12T14:15:00+05:30,3159.050000,3161.800000,3155.100000,3159.950000,173
2019-07-12T14:30:00+05:30,3159.950000,3170.000000,3159.800000,3164.850000,262
2019-07-12T14:45:00+05:30,3164.850000,3164.850000,3151.550000,3155.100000,337
2019-07-12T15:00:00+05:30,3155.100000,3164.950000,3150.000000,3164.450000,1135
2019-07-12T15:15:00+05:30,3164.450000,3199.000000,3159.250000,3180.000000,1488
2019-07-15T09:15:00+05:30,3178.900000,3196.950000,3154.950000,3156.850000,407
2019-07-15T09:30:00+05:30,3156.850000,3157.750000,3151.550000,3151.550000,95
2019-07-15T09:45:00+05:30,3151.550000,3159.000000,3151.550000,3153.200000,252
2019-07-15T10:00:00+05:30,3153.200000,3153.350000,3140.000000,3141.200000,271
2019-07-15T10:15:00+05:30,3141.200000,3156.400000,3141.200000,3156.050000,321
2019-07-15T10:30:00+05:30,3156.050000,3156.050000,3144.100000,3144.800000,87
2019-07-15T10:45:00+05:30,3144.800000,3152.200000,3140.000000,3152.200000,243
2019-07-15T11:00:00+05:30,3152.200000,3152.200000,3141.150000,3145.600000,133
2019-07-15T11:15:00+05:30,3147.000000,3147.000000,3136.750000,3138.150000,115
2019-07-15T11:30:00+05:30,3138.150000,3145.000000,3136.750000,3142.650000,78
2019-07-15T11:45:00+05:30,3142.650000,3145.450000,3141.150000,3145.050000,8
2019-07-15T12:00:00+05:30,3145.600000,3145.600000,3136.100000,3136.100000,38
2019-07-15T12:15:00+05:30,3136.100000,3155.000000,3136.100000,3145.700000,84
2019-07-15T12:30:00+05:30,3145.700000,3149.850000,3140.250000,3143.650000,87
2019-07-15T12:45:00+05:30,3143.650000,3146.350000,3141.050000,3141.100000,125
2019-07-15T13:00:00+05:30,3141.100000,3144.500000,3141.050000,3143.500000,86
2019-07-15T13:15:00+05:30,3143.500000,3145.850000,3141.050000,3144.400000,82
2019-07-15T13:30:00+05:30,3144.400000,3147.950000,3138.400000,3140.850000,248
2019-07-15T13:45:00+05:30,3140.850000,3147.100000,3138.200000,3146.950000,156
2019-07-15T14:00:00+05:30,3146.950000,3155.000000,3140.050000,3155.000000,272
2019-07-15T14:15:00+05:30,3155.000000,3164.950000,3142.350000,3164.000000,477
2019-07-15T14:30:00+05:30,3163.950000,3166.000000,3159.100000,3164.900000,350
2019-07-15T14:45:00+05:30,3164.200000,3175.700000,3162.000000,3168.800000,304
2019-07-15T15:00:00+05:30,3168.800000,3179.000000,3165.900000,3172.000000,685
2019-07-15T15:15:00+05:30,3173.000000,3197.000000,3168.000000,3172.500000,1629
2019-07-16T09:15:00+05:30,3163.600000,3171.450000,3149.750000,3149.750000,377
2019-07-16T09:30:00+05:30,3150.000000,3157.350000,3145.050000,3145.050000,331
2019-07-16T09:45:00+05:30,3145.050000,3154.000000,3145.050000,3151.000000,201
2019-07-16T10:00:00+05:30,3149.700000,3151.000000,3149.050000,3150.400000,284
2019-07-16T10:15:00+05:30,3149.050000,3154.000000,3149.050000,3154.000000,389
2019-07-16T10:30:00+05:30,3154.000000,3156.950000,3149.200000,3151.650000,75
2019-07-16T10:45:00+05:30,3151.650000,3151.900000,3149.250000,3151.000000,71
2019-07-16T11:00:00+05:30,3152.300000,3152.300000,3149.050000,3151.750000,60
2019-07-16T11:15:00+05:30,3151.750000,3160.200000,3148.950000,3160.000000,155
2019-07-16T11:30:00+05:30,3160.000000,3160.000000,3155.050000,3155.050000,113
2019-07-16T11:45:00+05:30,3155.050000,3155.650000,3153.000000,3153.000000,118
2019-07-16T12:00:00+05:30,3153.100000,3154.800000,3153.100000,3153.350000,58
2019-07-16T12:15:00+05:30,3153.350000,3163.750000,3153.350000,3163.300000,73
2019-07-16T12:30:00+05:30,3163.300000,3163.450000,3160.000000,3161.000000,83
2019-07-16T12:45:00+05:30,3162.500000,3164.450000,3160.050000,3160.100000,106
2019-07-16T13:00:00+05:30,3160.100000,3165.000000,3160.100000,3165.000000,120
2019-07-16T13:15:00+05:30,3165.000000,3168.700000,3160.100000,3168.600000,98
2019-07-16T13:30:00+05:30,3168.600000,3171.000000,3164.850000,3170.000000,132
2019-07-16T13:45:00+05:30,3170.000000,3171.000000,3170.000000,3170.000000,119
2019-07-16T14:00:00+05:30,3170.000000,3189.800000,3170.000000,3180.000000,581
2019-07-16T14:15:00+05:30,3180.000000,3194.000000,3168.850000,3191.000000,335
2019-07-16T14:30:00+05:30,3192.000000,3255.000000,3189.000000,3238.000000,3020
2019-07-16T14:45:00+05:30,3238.000000,3247.300000,3224.100000,3239.000000,725
2019-07-16T15:00:00+05:30,3239.000000,3270.000000,3231.000000,3269.000000,1948
2019-07-16T15:15:00+05:30,3269.000000,3288.800000,3240.700000,3280.000000,3167
2019-07-17T09:15:00+05:30,3267.900000,3267.900000,3230.000000,3240.000000,582
2019-07-17T09:30:00+05:30,3240.000000,3240.000000,3236.000000,3239.000000,45
2019-07-17T09:45:00+05:30,3237.550000,3240.050000,3234.050000,3235.000000,214
2019-07-17T10:00:00+05:30,3234.150000,3237.450000,3210.050000,3213.800000,822
2019-07-17T10:15:00+05:30,3210.350000,3218.050000,3201.250000,3202.100000,994
2019-07-17T10:30:00+05:30,3202.000000,3226.900000,3202.000000,3216.700000,1539
2019-07-17T10:45:00+05:30,3216.700000,3225.000000,3210.000000,3225.000000,1010
2019-07-17T11:00:00+05:30,3225.000000,3230.450000,3220.000000,3220.000000,876
2019-07-17T11:15:00+05:30,3220.000000,3223.400000,3203.250000,3209.050000,775
2019-07-17T11:30:00+05:30,3209.050000,3211.900000,3202.100000,3202.150000,700
2019-07-17T11:45:00+05:30,3202.100000,3210.900000,3200.000000,3210.900000,660
2019-07-17T12:00:00+05:30,3204.550000,3211.700000,3200.000000,3200.000000,750
2019-07-17T12:15:00+05:30,3196.050000,3200.000000,3190.400000,3195.000000,410
2019-07-17T12:30:00+05:30,3195.000000,3207.850000,3195.000000,3206.400000,528
2019-07-17T12:45:00+05:30,3200.000000,3205.950000,3160.000000,3169.100000,3822
2019-07-17T13:00:00+05:30,3169.100000,3170.000000,3162.250000,3167.250000,947
2019-07-17T13:15:00+05:30,3167.250000,3184.900000,3162.500000,3169.950000,979
2019-07-17T13:30:00+05:30,3170.000000,3177.900000,3167.000000,3170.000000,652
2019-07-17T13:45:00+05:30,3170.000000,3184.800000,3170.000000,3182.000000,282
2019-07-17T14:00:00+05:30,3182.000000,3188.350000,3180.000000,3187.000000,349
2019-07-17T14:15:00+05:30,3187.000000,3189.000000,3182.000000,3186.050000,189
2019-07-17T14:30:00+05:30,3186.050000,3186.950000,3158.500000,3165.250000,1227
2019-07-17T14:45:00+05:30,3165.250000,3174.500000,3162.000000,3169.700000,215
2019-07-17T15:00:00+05:30,3169.700000,3194.000000,3160.000000,3190.050000,2298
2019-07-17T15:15:00+05:30,3189.950000,3213.950000,3181.250000,3184.000000,4922
2019-07-18T09:15:00+05:30,3166.000000,3184.900000,3160.000000,3162.050000,551
2019-07-18T09:30:00+05:30,3162.050000,3176.900000,3162.050000,3171.000000,31
2019-07-18T09:45:00+05:30,3171.000000,3180.000000,3171.000000,3179.450000,182
2019-07-18T10:00:00+05:30,3179.450000,3179.450000,3155.000000,3160.400000,440
2019-07-18T10:15:00+05:30,3160.400000,3168.750000,3160.400000,3168.750000,97
2019-07-18T10:30:00+05:30,3168.750000,3173.000000,3160.000000,3170.050000,167
2019-07-18T10:45:00+05:30,3170.050000,3170.050000,3160.050000,3160.050000,101
2019-07-18T11:00:00+05:30,3160.050000,3166.200000,3160.050000,3166.050000,217
2019-07-18T11:15:00+05:30,3166.050000,3166.050000,3160.050000,3160.050000,21
2019-07-18T11:30:00+05:30,3160.050000,3165.000000,3160.000000,3160.000000,173
2019-07-18T11:45:00+05:30,3160.000000,3164.800000,3160.000000,3160.100000,3
2019-07-18T12:00:00+05:30,3160.100000,3165.000000,3160.100000,3160.300000,76
2019-07-18T12:15:00+05:30,3165.000000,3165.000000,3157.000000,3160.000000,120
2019-07-18T12:30:00+05:30,3164.500000,3165.000000,3157.050000,3157.050000,125
2019-07-18T12:45:00+05:30,3157.050000,3161.950000,3155.550000,3155.550000,106
2019-07-18T13:00:00+05:30,3155.550000,3165.000000,3155.550000,3165.000000,105
2019-07-18T13:15:00+05:30,3165.000000,3178.450000,3164.950000,3170.050000,86
2019-07-18T13:30:00+05:30,3170.050000,3178.300000,3170.000000,3178.300000,116
2019-07-18T13:45:00+05:30,3178.300000,3178.300000,3168.500000,3168.500000,157
2019-07-18T14:00:00+05:30,3168.500000,3177.950000,3168.500000,3177.900000,187
2019-07-18T14:15:00+05:30,3177.900000,3191.000000,3177.900000,3187.450000,240
2019-07-18T14:30:00+05:30,3187.450000,3192.750000,3187.000000,3192.450000,103
2019-07-18T14:45:00+05:30,3192.450000,3198.750000,3180.000000,3183.150000,331
2019-07-18T15:00:00+05:30,3183.150000,3204.000000,3177.000000,3187.500000,1476
2019-07-18T15:15:00+05:30,3187.500000,3239.950000,3165.550000,3220.000000,1629
2019-07-19T09:15:00+05:30,3210.050000,3210.050000,3177.000000,3177.000000,677
2019-07-19T09:30:00+05:30,3177.000000,3177.000000,3160.000000,3160.000000,1024
2019-07-19T09:45:00+05:30,3160.000000,3165.300000,3160.000000,3161.700000,152
2019-07-19T10:00:00+05:30,3161.700000,3169.000000,3161.700000,3165.000000,73
2019-07-19T10:15:00+05:30,3165.000000,3179.950000,3165.000000,3175.000000,115
2019-07-19T10:30:00+05:30,3175.000000,3175.000000,3169.000000,3169.000000,65
2019-07-19T10:45:00+05:30,3172.000000,3172.000000,3172.000000,3172.000000,0
2019-07-19T11:00:00+05:30,3172.000000,3172.000000,3168.000000,3168.050000,158
2019-07-19T11:15:00+05:30,3168.050000,3168.050000,3165.000000,3167.700000,204
2019-07-19T11:30:00+05:30,3166.100000,3167.700000,3166.100000,3166.150000,6
2019-07-19T11:45:00+05:30,3166.150000,3168.950000,3166.100000,3166.100000,17
2019-07-19T12:00:00+05:30,3167.700000,3167.700000,3162.000000,3167.000000,96
2019-07-19T12:15:00+05:30,3167.000000,3167.700000,3151.700000,3151.700000,823
2019-07-19T12:30:00+05:30,3151.700000,3168.000000,3151.700000,3152.150000,689
2019-07-19T12:45:00+05:30,3152.150000,3167.450000,3150.400000,3166.000000,1030
2019-07-19T13:00:00+05:30,3166.000000,3166.000000,3163.900000,3163.900000,60
2019-07-19T13:15:00+05:30,3163.900000,3164.000000,3156.200000,3164.000000,107
2019-07-19T13:30:00+05:30,3163.950000,3163.950000,3156.000000,3161.950000,270
2019-07-19T13:45:00+05:30,3161.950000,3166.000000,3161.950000,3165.350000,125
2019-07-19T14:00:00+05:30,3165.350000,3170.000000,3164.000000,3169.750000,326
2019-07-19T14:15:00+05:30,3169.750000,3175.000000,3165.250000,3175.000000,650
2019-07-19T14:30:00+05:30,3175.000000,3185.000000,3172.850000,3185.000000,296
2019-07-19T14:45:00+05:30,3185.000000,3185.000000,3170.000000,3173.450000,149
2019-07-19T15:00:00+05:30,3173.450000,3188.950000,3160.000000,3160.000000,1990
2019-07-19T15:15:00+05:30,3160.000000,3175.550000,3160.000000,3165.050000,2229
2019-07-22T09:15:00+05:30,3158.000000,3172.350000,3158.000000,3160.000000,253
2019-07-22T09:30:00+05:30,3160.000000,3160.000000,3131.050000,3131.300000,432
2019-07-22T09:45:00+05:30,3132.550000,3138.900000,3125.600000,3135.050000,312
2019-07-22T10:00:00+05:30,3135.000000,3140.000000,3134.000000,3135.050000,342
2019-07-22T10:15:00+05:30,3135.050000,3138.850000,3130.000000,3132.050000,140
2019-07-22T10:30:00+05:30,3132.050000,3147.800000,3130.400000,3142.800000,250
2019-07-22T10:45:00+05:30,3142.650000,3142.650000,3138.050000,3138.050000,109
2019-07-22T11:00:00+05:30,3135.650000,3136.400000,3110.100000,3110.250000,698
2019-07-22T11:15:00+05:30,3115.850000,3122.100000,3103.000000,3104.000000,747
2019-07-22T11:30:00+05:30,3104.000000,3113.150000,3104.000000,3107.050000,139
2019-07-22T11:45:00+05:30,3107.050000,3109.000000,3100.000000,3100.250000,659
2019-07-22T12:00:00+05:30,3101.300000,3108.700000,3101.300000,3101.650000,468
2019-07-22T12:15:00+05:30,3101.650000,3107.200000,3101.500000,3103.750000,207
2019-07-22T12:30:00+05:30,3102.350000,3108.250000,3101.050000,3101.250000,286
2019-07-22T12:45:00+05:30,3101.250000,3108.750000,3101.250000,3105.000000,96
2019-07-22T13:00:00+05:30,3102.000000,3108.650000,3102.000000,3108.650000,119
2019-07-22T13:15:00+05:30,3105.550000,3112.000000,3105.550000,3106.600000,90
2019-07-22T13:30:00+05:30,3106.600000,3113.750000,3106.600000,3113.750000,103
2019-07-22T13:45:00+05:30,3113.750000,3118.450000,3112.850000,3112.850000,168
2019-07-22T14:00:00+05:30,3112.850000,3123.850000,3106.750000,3118.550000,235
2019-07-22T14:15:00+05:30,3118.550000,3131.000000,3116.650000,3127.000000,271
2019-07-22T14:30:00+05:30,3127.000000,3159.800000,3124.000000,3158.000000,2487
2019-07-22T14:45:00+05:30,3158.000000,3187.350000,3158.000000,3187.350000,2857
2019-07-22T15:00:00+05:30,3187.350000,3190.000000,3172.600000,3173.350000,1014
2019-07-22T15:15:00+05:30,3173.350000,3179.900000,3170.000000,3170.000000,1159
2019-07-23T09:15:00+05:30,3182.950000,3182.950000,3162.350000,3164.600000,64
2019-07-23T09:30:00+05:30,3164.600000,3164.600000,3146.100000,3149.950000,235
2019-07-23T09:45:00+05:30,3149.950000,3160.000000,3145.050000,3158.600000,329
2019-07-23T10:00:00+05:30,3158.600000,3165.000000,3157.550000,3164.950000,215
2019-07-23T10:15:00+05:30,3165.200000,3175.000000,3159.100000,3174.950000,213
2019-07-23T10:30:00+05:30,3174.950000,3178.900000,3170.000000,3175.900000,287
2019-07-23T10:45:00+05:30,3175.900000,3182.700000,3175.000000,3176.050000,128
2019-07-23T11:00:00+05:30,3176.050000,3179.500000,3176.050000,3179.500000,3
2019-07-23T11:15:00+05:30,3179.500000,3181.000000,3175.000000,3175.000000,341
2019-07-23T11:30:00+05:30,3175.000000,3175.050000,3165.800000,3172.600000,448
2019-07-23T11:45:00+05:30,3175.000000,3177.550000,3172.500000,3175.000000,213
2019-07-23T12:00:00+05:30,3175.000000,3190.000000,3175.000000,3179.200000,362
2019-07-23T12:15:00+05:30,3179.200000,3189.000000,3164.900000,3189.000000,744
2019-07-23T12:30:00+05:30,3189.000000,3190.000000,3184.950000,3184.950000,64
2019-07-23T12:45:00+05:30,3184.950000,3185.000000,3180.050000,3180.050000,161
2019-07-23T13:00:00+05:30,3180.050000,3187.950000,3180.050000,3187.950000,74
2019-07-23T13:15:00+05:30,3184.550000,3189.000000,3182.500000,3189.000000,115
2019-07-23T13:30:00+05:30,3189.000000,3189.000000,3186.000000,3186.000000,64
2019-07-23T13:45:00+05:30,3186.000000,3188.900000,3185.000000,3188.000000,329
2019-07-23T14:00:00+05:30,3188.000000,3218.950000,3188.000000,3195.950000,677
2019-07-23T14:15:00+05:30,3195.950000,3219.900000,3194.000000,3216.700000,356
2019-07-23T14:30:00+05:30,3216.700000,3216.700000,3201.000000,3203.900000,410
2019-07-23T14:45:00+05:30,3203.900000,3204.950000,3197.950000,3200.700000,218
2019-07-23T15:00:00+05:30,3200.000000,3229.000000,3199.950000,3214.500000,1723
2019-07-23T15:15:00+05:30,3214.500000,3227.000000,3202.700000,3220.000000,1886
2019-07-24T09:15:00+05:30,3239.000000,3240.000000,3221.050000,3221.750000,1060
2019-07-24T09:30:00+05:30,3221.750000,3222.600000,3193.050000,3204.950000,616
2019-07-24T09:45:00+05:30,3204.950000,3220.000000,3203.050000,3217.500000,318
2019-07-24T10:00:00+05:30,3217.500000,3217.500000,3201.100000,3205.450000,325
2019-07-24T10:15:00+05:30,3205.450000,3235.000000,3202.200000,3223.550000,1462
2019-07-24T10:30:00+05:30,3223.550000,3228.950000,3211.000000,3218.000000,294
2019-07-24T10:45:00+05:30,3218.000000,3218.000000,3212.100000,3212.100000,11
2019-07-24T11:00:00+05:30,3212.100000,3217.000000,3210.000000,3210.000000,400
2019-07-24T11:15:00+05:30,3210.000000,3210.000000,3155.000000,3156.000000,1415
2019-07-24T11:30:00+05:30,3156.000000,3174.850000,3145.000000,3170.150000,1257
2019-07-24T11:45:00+05:30,3170.150000,3182.350000,3170.000000,3172.300000,194
2019-07-24T12:00:00+05:30,3172.300000,3190.150000,3162.550000,3183.950000,1041
2019-07-24T12:15:00+05:30,3183.950000,3194.500000,3165.550000,3166.550000,599
2019-07-24T12:30:00+05:30,3166.550000,3175.550000,3166.550000,3170.050000,75
2019-07-24T12:45:00+05:30,3170.050000,3175.550000,3161.100000,3173.400000,485
2019-07-24T13:00:00+05:30,3173.400000,3178.900000,3161.300000,3168.700000,197
2019-07-24T13:15:00+05:30,3168.700000,3177.850000,3165.500000,3172.800000,354
2019-07-24T13:30:00+05:30,3172.800000,3176.900000,3168.000000,3176.900000,144
2019-07-24T13:45:00+05:30,3176.900000,3179.950000,3168.050000,3179.950000,125
2019-07-24T14:00:00+05:30,3175.950000,3187.000000,3175.950000,3176.050000,55
2019-07-24T14:15:00+05:30,3176.050000,3194.750000,3176.050000,3180.000000,464
2019-07-24T14:30:00+05:30,3180.000000,3187.950000,3176.000000,3187.850000,346
2019-07-24T14:45:00+05:30,3187.850000,3194.750000,3181.050000,3190.950000,318
2019-07-24T15:00:00+05:30,3190.950000,3190.950000,3177.200000,3178.000000,506
2019-07-24T15:15:00+05:30,3178.000000,3183.200000,3151.050000,3179.000000,2570
2019-07-25T09:15:00+05:30,3196.950000,3196.950000,3156.050000,3177.000000,507
2019-07-25T09:30:00+05:30,3177.000000,3184.000000,3173.950000,3173.950000,222
2019-07-25T09:45:00+05:30,3173.950000,3190.000000,3173.050000,3190.000000,411
2019-07-25T10:00:00+05:30,3190.000000,3194.650000,3175.900000,3180.100000,766
2019-07-25T10:15:00+05:30,3180.100000,3184.950000,3164.900000,3179.000000,1176
2019-07-25T10:30:00+05:30,3177.850000,3180.650000,3164.600000,3165.000000,406
2019-07-25T10:45:00+05:30,3165.000000,3175.350000,3163.050000,3174.500000,200
2019-07-25T11:00:00+05:30,3175.000000,3185.000000,3174.500000,3178.950000,506
2019-07-25T11:15:00+05:30,3178.950000,3183.100000,3177.950000,3179.200000,175
2019-07-25T11:30:00+05:30,3178.900000,3185.800000,3161.000000,3172.800000,594
2019-07-25T11:45:00+05:30,3173.200000,3190.000000,3173.200000,3182.600000,438
2019-07-25T12:00:00+05:30,3183.300000,3183.950000,3174.050000,3175.000000,225
2019-07-25T12:15:00+05:30,3175.000000,3180.000000,3172.550000,3179.950000,162
2019-07-25T12:30:00+05:30,3179.950000,3180.000000,3176.000000,3178.000000,195
2019-07-25T12:45:00+05:30,3178.000000,3178.000000,3167.000000,3170.000000,257
2019-07-25T13:00:00+05:30,3170.000000,3172.350000,3158.000000,3158.000000,384
2019-07-25T13:15:00+05:30,3158.000000,3163.450000,3157.100000,3159.000000,317
2019-07-25T13:30:00+05:30,3159.000000,3165.700000,3156.050000,3161.600000,441
2019-07-25T13:45:00+05:30,3163.000000,3172.000000,3147.700000,3162.300000,1055
2019-07-25T14:00:00+05:30,3161.000000,3170.000000,3155.650000,3170.000000,275
2019-07-25T14:15:00+05:30,3170.000000,3180.000000,3162.050000,3178.650000,406
2019-07-25T14:30:00+05:30,3178.650000,3179.000000,3173.950000,3179.000000,227
2019-07-25T14:45:00+05:30,3179.000000,3187.400000,3169.550000,3180.000000,848
2019-07-25T15:00:00+05:30,3179.300000,3180.000000,3174.050000,3178.950000,517
2019-07-25T15:15:00+05:30,3178.950000,3178.950000,3160.000000,3160.000000,759
2019-07-26T09:15:00+05:30,3166.950000,3177.100000,3163.500000,3171.100000,90
2019-07-26T09:30:00+05:30,3171.100000,3171.100000,3141.150000,3150.100000,1427
2019-07-26T09:45:00+05:30,3150.100000,3154.950000,3135.000000,3139.750000,576
2019-07-26T10:00:00+05:30,3139.750000,3154.950000,3136.150000,3143.150000,290
2019-07-26T10:15:00+05:30,3143.150000,3164.650000,3142.350000,3164.650000,291
2019-07-26T10:30:00+05:30,3164.650000,3164.650000,3158.000000,3158.100000,234
2019-07-26T10:45:00+05:30,3158.100000,3164.950000,3158.000000,3159.850000,246
2019-07-26T11:00:00+05:30,3163.450000,3167.400000,3155.050000,3158.050000,634
2019-07-26T11:15:00+05:30,3158.050000,3168.000000,3158.050000,3165.050000,163
2019-07-26T11:30:00+05:30,3165.050000,3170.000000,3161.000000,3161.100000,147
2019-07-26T11:45:00+05:30,3161.100000,3169.050000,3161.100000,3165.000000,132
2019-07-26T12:00:00+05:30,3166.000000,3169.000000,3161.050000,3166.800000,273
2019-07-26T12:15:00+05:30,3166.800000,3169.950000,3165.000000,3165.450000,119
2019-07-26T12:30:00+05:30,3165.000000,3165.150000,3161.100000,3164.450000,46
2019-07-26T12:45:00+05:30,3164.450000,3165.450000,3160.000000,3160.450000,111
2019-07-26T13:00:00+05:30,3160.450000,3165.000000,3160.000000,3160.300000,51
2019-07-26T13:15:00+05:30,3160.300000,3164.900000,3160.250000,3161.750000,82
2019-07-26T13:30:00+05:30,3162.250000,3164.800000,3159.200000,3162.800000,87
2019-07-26T13:45:00+05:30,3162.800000,3164.600000,3160.000000,3163.200000,61
2019-07-26T14:00:00+05:30,3164.100000,3168.000000,3160.050000,3161.100000,121
2019-07-26T14:15:00+05:30,3166.450000,3167.750000,3161.050000,3167.750000,254
2019-07-26T14:30:00+05:30,3167.750000,3178.500000,3167.600000,3169.450000,307
2019-07-26T14:45:00+05:30,3169.450000,3172.400000,3162.750000,3171.800000,246
2019-07-26T15:00:00+05:30,3166.600000,3174.000000,3164.550000,3169.450000,413
2019-07-26T15:15:00+05:30,3169.450000,3174.950000,3151.100000,3168.000000,806
2019-07-29T09:15:00+05:30,3175.000000,3195.000000,3160.550000,3179.500000,692
2019-07-29T09:30:00+05:30,3179.500000,3179.500000,3146.200000,3153.000000,948
2019-07-29T09:45:00+05:30,3153.000000,3159.700000,3146.000000,3152.000000,649
2019-07-29T10:00:00+05:30,3152.000000,3160.000000,3150.000000,3150.000000,565
2019-07-29T10:15:00+05:30,3150.000000,3156.500000,3150.000000,3156.500000,14
2019-07-29T10:30:00+05:30,3156.500000,3160.000000,3152.550000,3159.950000,266
2019-07-29T10:45:00+05:30,3159.950000,3159.950000,3152.000000,3152.000000,48
2019-07-29T11:00:00+05:30,3154.350000,3159.850000,3154.350000,3155.000000,48
2019-07-29T11:15:00+05:30,3155.000000,3158.950000,3154.350000,3154.350000,194
2019-07-29T11:30:00+05:30,3154.350000,3158.400000,3154.350000,3158.400000,256
2019-07-29T11:45:00+05:30,3158.300000,3158.350000,3148.300000,3150.000000,413
2019-07-29T12:00:00+05:30,3150.000000,3157.400000,3148.300000,3150.000000,160
2019-07-29T12:15:00+05:30,3150.000000,3151.000000,3150.000000,3150.000000,80
2019-07-29T12:30:00+05:30,3150.000000,3156.000000,3148.150000,3156.000000,399
2019-07-29T12:45:00+05:30,3156.000000,3156.000000,3146.500000,3150.000000,195
2019-07-29T13:00:00+05:30,3150.000000,3159.000000,3150.000000,3159.000000,171
2019-07-29T13:15:00+05:30,3156.050000,3165.000000,3156.050000,3164.850000,29
2019-07-29T13:30:00+05:30,3161.050000,3161.050000,3152.400000,3155.650000,76
2019-07-29T13:45:00+05:30,3155.650000,3160.000000,3155.650000,3160.000000,14
2019-07-29T14:00:00+05:30,3160.000000,3175.000000,3160.000000,3170.700000,291
2019-07-29T14:15:00+05:30,3170.700000,3170.900000,3165.000000,3165.000000,61
2019-07-29T14:30:00+05:30,3165.000000,3166.950000,3162.250000,3164.950000,36
2019-07-29T14:45:00+05:30,3164.950000,3168.950000,3162.100000,3165.000000,198
2019-07-29T15:00:00+05:30,3165.000000,3170.000000,3163.000000,3163.000000,435
2019-07-29T15:15:00+05:30,3163.000000,3165.000000,3140.000000,3148.500000,1116
2019-07-30T09:15:00+05:30,3225.000000,3225.000000,3172.700000,3187.050000,3750
2019-07-30T09:30:00+05:30,3187.050000,3193.450000,3186.800000,3186.800000,629
2019-07-30T09:45:00+05:30,3186.800000,3193.950000,3185.900000,3193.950000,534
2019-07-30T10:00:00+05:30,3193.950000,3193.950000,3191.000000,3191.050000,329
2019-07-30T10:15:00+05:30,3191.050000,3192.950000,3174.050000,3182.100000,1109
2019-07-30T10:30:00+05:30,3182.100000,3185.850000,3170.150000,3176.450000,561
2019-07-30T10:45:00+05:30,3176.450000,3180.000000,3175.050000,3180.000000,82
2019-07-30T11:00:00+05:30,3180.000000,3182.000000,3176.250000,3176.550000,127
2019-07-30T11:15:00+05:30,3176.550000,3184.950000,3176.050000,3183.000000,338
2019-07-30T11:30:00+05:30,3183.000000,3184.000000,3165.000000,3168.500000,428
2019-07-30T11:45:00+05:30,3170.000000,3179.950000,3170.000000,3179.950000,190
2019-07-30T12:00:00+05:30,3179.950000,3179.950000,3172.550000,3178.400000,63
2019-07-30T12:15:00+05:30,3179.100000,3182.000000,3177.150000,3181.750000,259
2019-07-30T12:30:00+05:30,3181.750000,3182.000000,3177.100000,3177.450000,165
2019-07-30T12:45:00+05:30,3177.450000,3179.000000,3177.000000,3177.000000,58
2019-07-30T13:00:00+05:30,3177.000000,3180.000000,3172.500000,3172.500000,139
2019-07-30T13:15:00+05:30,3172.500000,3175.750000,3168.000000,3175.750000,138
2019-07-30T13:30:00+05:30,3178.100000,3178.100000,3167.000000,3173.950000,181
2019-07-30T13:45:00+05:30,3173.950000,3174.000000,3170.250000,3173.950000,56
2019-07-30T14:00:00+05:30,3173.950000,3173.950000,3169.150000,3172.000000,163
2019-07-30T14:15:00+05:30,3172.000000,3172.000000,3160.550000,3166.100000,451
2019-07-30T14:30:00+05:30,3166.100000,3166.500000,3152.550000,3155.400000,473
2019-07-30T14:45:00+05:30,3155.400000,3165.000000,3151.050000,3156.600000,726
2019-07-30T15:00:00+05:30,3156.600000,3158.000000,3141.000000,3145.000000,880
2019-07-30T15:15:00+05:30,3145.000000,3159.850000,3144.000000,3144.000000,980
2019-07-31T09:15:00+05:30,3144.000000,3147.000000,3095.050000,3121.600000,1127
2019-07-31T09:30:00+05:30,3121.600000,3121.600000,3102.200000,3115.300000,435
2019-07-31T09:45:00+05:30,3117.750000,3124.750000,3115.000000,3119.900000,213
2019-07-31T10:00:00+05:30,3119.900000,3120.000000,3116.000000,3116.350000,236
2019-07-31T10:15:00+05:30,3116.100000,3117.000000,3095.050000,3097.000000,988
2019-07-31T10:30:00+05:30,3097.000000,3097.000000,3082.050000,3095.000000,836
2019-07-31T10:45:00+05:30,3095.000000,3100.000000,3088.000000,3100.000000,479
2019-07-31T11:00:00+05:30,3100.000000,3103.400000,3093.750000,3100.000000,698
2019-07-31T11:15:00+05:30,3100.000000,3100.150000,3098.000000,3100.000000,1082
2019-07-31T11:30:00+05:30,3099.950000,3101.950000,3091.500000,3100.000000,506
2019-07-31T11:45:00+05:30,3100.000000,3107.550000,3097.000000,3100.000000,708
2019-07-31T12:00:00+05:30,3099.950000,3100.550000,3098.000000,3098.000000,474
2019-07-31T12:15:00+05:30,3098.000000,3098.000000,3088.900000,3092.750000,132
2019-07-31T12:30:00+05:30,3092.800000,3092.800000,3087.000000,3092.300000,30
2019-07-31T12:45:00+05:30,3092.300000,3100.000000,3082.000000,3089.750000,954
2019-07-31T13:00:00+05:30,3089.750000,3094.900000,3088.000000,3091.800000,214
2019-07-31T13:15:00+05:30,3091.800000,3094.900000,3090.000000,3092.000000,53
2019-07-31T13:30:00+05:30,3092.000000,3100.500000,3092.000000,3095.100000,792
2019-07-31T13:45:00+05:30,3095.100000,3099.950000,3095.100000,3099.950000,37
2019-07-31T14:00:00+05:30,3099.950000,3100.950000,3095.000000,3098.950000,361
2019-07-31T14:15:00+05:30,3099.000000,3115.000000,3065.050000,3065.050000,4353
2019-07-31T14:30:00+05:30,3065.050000,3075.000000,3065.050000,3068.000000,2723
2019-07-31T14:45:00+05:30,3068.000000,3068.000000,3030.300000,3049.050000,4822
2019-07-31T15:00:00+05:30,3049.050000,3072.950000,3045.000000,3049.700000,4401
2019-07-31T15:15:00+05:30,3049.800000,3050.000000,2995.000000,2995.100000,8642
2019-08-01T09:15:00+05:30,3001.000000,3001.000000,2955.100000,2976.900000,1438
2019-08-01T09:30:00+05:30,2976.900000,2980.550000,2914.600000,2930.000000,2143
2019-08-01T09:45:00+05:30,2932.950000,2934.500000,2892.050000,2895.000000,2365
2019-08-01T10:00:00+05:30,2892.550000,2905.450000,2868.100000,2871.000000,3105
2019-08-01T10:15:00+05:30,2871.000000,2875.000000,2850.000000,2857.950000,4391
2019-08-01T10:30:00+05:30,2852.250000,2867.000000,2831.000000,2839.800000,3149
2019-08-01T10:45:00+05:30,2840.000000,2869.000000,2840.000000,2858.000000,6664
2019-08-01T11:00:00+05:30,2858.000000,2879.950000,2851.550000,2873.050000,4147
2019-08-01T11:15:00+05:30,2873.050000,2898.000000,2870.000000,2888.900000,2849
2019-08-01T11:30:00+05:30,2888.900000,2894.000000,2885.000000,2890.000000,886
2019-08-01T11:45:00+05:30,2890.000000,2896.000000,2875.000000,2875.000000,958
2019-08-01T12:00:00+05:30,2875.000000,2875.000000,2863.050000,2864.000000,650
2019-08-01T12:15:00+05:30,2864.000000,2888.000000,2863.000000,2880.450000,880
2019-08-01T12:30:00+05:30,2880.450000,2890.000000,2875.000000,2876.950000,543
2019-08-01T12:45:00+05:30,2876.950000,2876.950000,2862.000000,2867.200000,795
2019-08-01T13:00:00+05:30,2867.200000,2875.150000,2854.700000,2860.000000,1086
2019-08-01T13:15:00+05:30,2860.950000,2878.700000,2860.900000,2861.500000,835
2019-08-01T13:30:00+05:30,2861.500000,2861.500000,2850.500000,2854.650000,1146
2019-08-01T13:45:00+05:30,2854.650000,2855.950000,2840.000000,2843.000000,1190
2019-08-01T14:00:00+05:30,2843.000000,2844.000000,2837.000000,2839.000000,1489
2019-08-01T14:15:00+05:30,2839.000000,2873.700000,2837.150000,2870.000000,2310
2019-08-01T14:30:00+05:30,2870.000000,2919.500000,2856.000000,2919.400000,2813
2019-08-01T14:45:00+05:30,2919.400000,2951.900000,2890.550000,2951.900000,7708
2019-08-01T15:00:00+05:30,2953.850000,3008.400000,2950.000000,3006.100000,6385
2019-08-01T15:15:00+05:30,3006.150000,3040.050000,3000.000000,3015.600000,4695
2019-08-02T09:15:00+05:30,2998.750000,3020.000000,2931.100000,2954.950000,1974
2019-08-02T09:30:00+05:30,2951.300000,2977.450000,2940.000000,2965.000000,865
2019-08-02T09:45:00+05:30,2965.000000,2989.950000,2965.000000,2975.850000,593
2019-08-02T10:00:00+05:30,2975.850000,2975.850000,2961.600000,2968.400000,447
2019-08-02T10:15:00+05:30,2968.400000,2971.300000,2964.800000,2966.850000,147
2019-08-02T10:30:00+05:30,2966.850000,2984.950000,2966.000000,2984.950000,157
2019-08-02T10:45:00+05:30,2982.550000,2985.650000,2975.500000,2975.500000,65
2019-08-02T11:00:00+05:30,2975.500000,2985.000000,2975.500000,2978.700000,459
2019-08-02T11:15:00+05:30,2978.700000,2981.950000,2961.600000,2964.000000,926
2019-08-02T11:30:00+05:30,2964.000000,2994.800000,2962.200000,2994.800000,1555
2019-08-02T11:45:00+05:30,2994.800000,2994.800000,2987.000000,2990.550000,131
2019-08-02T12:00:00+05:30,2988.050000,2997.500000,2987.100000,2995.650000,226
2019-08-02T12:15:00+05:30,2995.650000,3030.000000,2991.150000,3029.850000,781
2019-08-02T12:30:00+05:30,3029.850000,3029.850000,3010.000000,3014.800000,808
2019-08-02T12:45:00+05:30,3020.150000,3020.150000,3010.000000,3014.650000,253
2019-08-02T13:00:00+05:30,3011.200000,3016.700000,3010.000000,3012.900000,150
2019-08-02T13:15:00+05:30,3012.900000,3024.100000,3012.900000,3022.900000,279
2019-08-02T13:30:00+05:30,3022.900000,3046.900000,3014.000000,3046.900000,664
2019-08-02T13:45:00+05:30,3046.900000,3048.000000,3031.750000,3033.950000,379
2019-08-02T14:00:00+05:30,3034.850000,3044.000000,3030.000000,3040.000000,369
2019-08-02T14:15:00+05:30,3040.000000,3049.700000,3037.100000,3040.000000,473
2019-08-02T14:30:00+05:30,3042.250000,3044.550000,3039.550000,3042.050000,352
2019-08-02T14:45:00+05:30,3042.050000,3045.000000,3040.000000,3042.000000,476
2019-08-02T15:00:00+05:30,3042.000000,3075.000000,3040.250000,3071.000000,1235
2019-08-02T15:15:00+05:30,3071.000000,3078.000000,3066.000000,3070.000000,2102
2019-08-05T09:15:00+05:30,3050.000000,3050.000000,2990.000000,2990.000000,719
2019-08-05T09:30:00+05:30,2990.000000,2990.850000,2960.050000,2960.050000,757
2019-08-05T09:45:00+05:30,2960.050000,2981.750000,2951.050000,2980.000000,646
2019-08-05T10:00:00+05:30,2980.000000,2985.000000,2961.450000,2985.000000,541
2019-08-05T10:15:00+05:30,2985.000000,2999.000000,2985.000000,2994.150000,260
2019-08-05T10:30:00+05:30,2994.150000,2997.700000,2987.550000,2989.950000,226
2019-08-05T10:45:00+05:30,2990.000000,2990.000000,2980.000000,2986.400000,326
2019-08-05T11:00:00+05:30,2986.400000,2988.550000,2975.000000,2975.000000,223
2019-08-05T11:15:00+05:30,2975.000000,2986.550000,2960.000000,2984.300000,272
2019-08-05T11:30:00+05:30,2984.300000,2990.000000,2981.450000,2987.000000,391
2019-08-05T11:45:00+05:30,2980.700000,2988.550000,2980.000000,2985.200000,189
2019-08-05T12:00:00+05:30,2985.200000,2987.900000,2981.350000,2984.950000,100
2019-08-05T12:15:00+05:30,2984.950000,2987.900000,2984.950000,2985.750000,144
2019-08-05T12:30:00+05:30,2985.750000,2996.950000,2985.000000,2994.050000,680
2019-08-05T12:45:00+05:30,2994.050000,3004.450000,2990.000000,2994.000000,795
2019-08-05T13:00:00+05:30,2994.000000,2994.000000,2985.000000,2988.950000,195
2019-08-05T13:15:00+05:30,2988.950000,2988.950000,2975.050000,2987.400000,234
2019-08-05T13:30:00+05:30,2987.400000,2987.400000,2977.850000,2983.600000,140
2019-08-05T13:45:00+05:30,2983.600000,2984.250000,2971.000000,2971.700000,206
2019-08-05T14:00:00+05:30,2971.700000,2989.950000,2971.700000,2989.900000,179
2019-08-05T14:15:00+05:30,2989.900000,2990.000000,2981.750000,2989.850000,155
2019-08-05T14:30:00+05:30,2989.850000,2989.900000,2980.000000,2988.550000,166
2019-08-05T14:45:00+05:30,2988.550000,2988.550000,2980.000000,2981.500000,144
2019-08-05T15:00:00+05:30,2981.500000,2985.000000,2958.150000,2964.600000,853
2019-08-05T15:15:00+05:30,2964.600000,2971.000000,2930.100000,2931.150000,2611
2019-08-06T09:15:00+05:30,2952.100000,2975.700000,2938.100000,2965.100000,818
2019-08-06T09:30:00+05:30,2965.100000,2978.900000,2960.850000,2963.050000,338
2019-08-06T09:45:00+05:30,2963.050000,2974.000000,2961.000000,2971.400000,166
2019-08-06T10:00:00+05:30,2971.400000,2974.000000,2968.000000,2973.950000,202
2019-08-06T10:15:00+05:30,2973.950000,2990.000000,2965.550000,2981.900000,1008
2019-08-06T10:30:00+05:30,2978.000000,2990.000000,2967.550000,2989.850000,1052
2019-08-06T10:45:00+05:30,2989.850000,2991.000000,2981.850000,2983.800000,717
2019-08-06T11:00:00+05:30,2983.800000,2990.000000,2976.250000,2981.550000,508
2019-08-06T11:15:00+05:30,2981.550000,2981.550000,2968.550000,2971.600000,211
2019-08-06T11:30:00+05:30,2971.600000,2975.000000,2964.050000,2967.350000,273
2019-08-06T11:45:00+05:30,2967.350000,2971.750000,2966.200000,2970.200000,146
2019-08-06T12:00:00+05:30,2970.200000,2970.400000,2965.000000,2965.000000,195
2019-08-06T12:15:00+05:30,2965.000000,2966.250000,2952.250000,2953.050000,310
2019-08-06T12:30:00+05:30,2953.000000,2960.350000,2953.000000,2953.000000,334
2019-08-06T12:45:00+05:30,2953.000000,2963.750000,2953.000000,2955.250000,199
2019-08-06T13:00:00+05:30,2955.250000,2960.700000,2953.000000,2957.350000,214
2019-08-06T13:15:00+05:30,2957.350000,2957.500000,2936.500000,2941.200000,615
2019-08-06T13:30:00+05:30,2941.200000,2950.000000,2937.450000,2939.550000,147
2019-08-06T13:45:00+05:30,2939.800000,2956.850000,2939.800000,2953.150000,242
2019-08-06T14:00:00+05:30,2953.150000,2965.000000,2950.000000,2956.800000,518
2019-08-06T14:15:00+05:30,2956.800000,2964.000000,2954.350000,2958.800000,435
2019-08-06T14:30:00+05:30,2958.800000,2965.000000,2950.200000,2956.900000,683
2019-08-06T14:45:00+05:30,2956.900000,2967.800000,2951.050000,2960.350000,680
2019-08-06T15:00:00+05:30,2960.350000,2969.000000,2951.350000,2954.100000,1375
2019-08-06T15:15:00+05:30,2960.350000,2963.500000,2935.100000,2948.000000,2170
2019-08-07T09:15:00+05:30,2958.000000,2966.750000,2934.500000,2948.350000,330
2019-08-07T09:30:00+05:30,2948.350000,2955.000000,2945.000000,2953.250000,207
2019-08-07T09:45:00+05:30,2953.250000,2955.000000,2942.900000,2946.450000,232
2019-08-07T10:00:00+05:30,2946.450000,2961.950000,2946.450000,2960.550000,822
2019-08-07T10:15:00+05:30,2960.550000,2980.050000,2957.250000,2980.050000,766
2019-08-07T10:30:00+05:30,2980.050000,2986.400000,2965.550000,2967.150000,1129
2019-08-07T10:45:00+05:30,2967.150000,2975.050000,2964.150000,2973.100000,559
2019-08-07T11:00:00+05:30,2973.100000,2990.000000,2970.000000,2974.600000,1099
2019-08-07T11:15:00+05:30,2974.600000,2974.600000,2958.050000,2959.400000,249
2019-08-07T11:30:00+05:30,2959.400000,2973.000000,2958.100000,2959.700000,252
2019-08-07T11:45:00+05:30,2965.000000,2979.300000,2960.550000,2965.900000,448
2019-08-07T12:00:00+05:30,2965.900000,2966.200000,2960.550000,2960.600000,158
2019-08-07T12:15:00+05:30,2960.600000,2963.950000,2958.000000,2960.550000,135
2019-08-07T12:30:00+05:30,2960.550000,2961.950000,2955.250000,2960.150000,132
2019-08-07T12:45:00+05:30,2960.150000,2964.000000,2955.250000,2959.100000,389
2019-08-07T13:00:00+05:30,2959.100000,2962.000000,2956.150000,2960.500000,156
2019-08-07T13:15:00+05:30,2960.500000,2968.100000,2950.000000,2963.850000,349
2019-08-07T13:30:00+05:30,2963.850000,2963.850000,2950.050000,2954.650000,227
2019-08-07T13:45:00+05:30,2954.650000,2959.900000,2946.450000,2959.050000,277
2019-08-07T14:00:00+05:30,2959.050000,2963.700000,2946.500000,2953.600000,183
2019-08-07T14:15:00+05:30,2953.600000,2960.000000,2950.000000,2950.000000,336
2019-08-07T14:30:00+05:30,2950.000000,2956.950000,2950.000000,2953.700000,215
2019-08-07T14:45:00+05:30,2953.700000,2955.600000,2946.000000,2946.000000,252
2019-08-07T15:00:00+05:30,2946.000000,2949.950000,2940.000000,2947.600000,890
2019-08-07T15:15:00+05:30,2947.600000,2950.000000,2921.050000,2922.200000,1225
2019-08-08T09:15:00+05:30,2939.900000,2948.900000,2925.050000,2944.000000,910
2019-08-08T09:30:00+05:30,2944.000000,2944.000000,2935.000000,2943.000000,121
2019-08-08T09:45:00+05:30,2943.000000,2943.000000,2922.800000,2922.800000,683
2019-08-08T10:00:00+05:30,2921.650000,2929.900000,2911.100000,2924.550000,474
2019-08-08T10:15:00+05:30,2924.550000,2924.800000,2916.000000,2924.700000,116
2019-08-08T10:30:00+05:30,2924.700000,2926.900000,2920.550000,2924.000000,51
2019-08-08T10:45:00+05:30,2924.000000,2924.800000,2919.250000,2923.000000,27
2019-08-08T11:00:00+05:30,2923.000000,2925.450000,2913.000000,2924.750000,112
2019-08-08T11:15:00+05:30,2923.150000,2924.700000,2915.850000,2924.700000,56
2019-08-08T11:30:00+05:30,2924.700000,2924.700000,2920.000000,2921.950000,30
2019-08-08T11:45:00+05:30,2921.950000,2930.000000,2917.450000,2927.950000,77
2019-08-08T12:00:00+05:30,2927.950000,2930.000000,2927.350000,2927.350000,63
2019-08-08T12:15:00+05:30,2927.350000,2927.350000,2922.050000,2924.750000,55
2019-08-08T12:30:00+05:30,2924.750000,2924.750000,2918.500000,2918.500000,79
2019-08-08T12:45:00+05:30,2918.500000,2921.150000,2910.000000,2911.550000,403
2019-08-08T13:00:00+05:30,2911.550000,2916.100000,2907.000000,2908.000000,196
2019-08-08T13:15:00+05:30,2908.000000,2908.000000,2898.600000,2900.500000,918
2019-08-08T13:30:00+05:30,2900.500000,2906.550000,2898.100000,2899.000000,373
2019-08-08T13:45:00+05:30,2900.000000,2902.300000,2894.500000,2895.000000,348
2019-08-08T14:00:00+05:30,2895.000000,2897.200000,2864.000000,2874.950000,1811
2019-08-08T14:15:00+05:30,2874.950000,2883.150000,2873.000000,2875.100000,1103
2019-08-08T14:30:00+05:30,2875.000000,2906.000000,2870.000000,2870.000000,5630
2019-08-08T14:45:00+05:30,2870.000000,2878.700000,2864.050000,2873.900000,31811
2019-08-08T15:00:00+05:30,2873.900000,2887.650000,2857.100000,2870.150000,2652
2019-08-08T15:15:00+05:30,2870.150000,2879.450000,2859.250000,2870.000000,2215
2019-08-09T09:15:00+05:30,2879.000000,2893.750000,2879.000000,2890.000000,871
2019-08-09T09:30:00+05:30,2890.000000,2899.000000,2881.100000,2887.900000,619
2019-08-09T09:45:00+05:30,2893.900000,2900.000000,2870.100000,2870.100000,762
2019-08-09T10:00:00+05:30,2870.100000,2878.000000,2865.250000,2869.900000,422
2019-08-09T10:15:00+05:30,2869.900000,2880.000000,2866.000000,2875.000000,321
2019-08-09T10:30:00+05:30,2874.950000,2875.000000,2870.050000,2875.000000,199
2019-08-09T10:45:00+05:30,2875.000000,2875.000000,2871.550000,2874.950000,235
2019-08-09T11:00:00+05:30,2874.950000,2875.000000,2865.500000,2874.900000,340
2019-08-09T11:15:00+05:30,2874.900000,2875.000000,2873.000000,2875.000000,366
2019-08-09T11:30:00+05:30,2875.000000,2875.000000,2873.000000,2875.000000,304
2019-08-09T11:45:00+05:30,2875.000000,2876.000000,2874.000000,2875.000000,181
2019-08-09T12:00:00+05:30,2875.000000,2875.000000,2868.300000,2868.300000,443
2019-08-09T12:15:00+05:30,2874.900000,2875.000000,2868.300000,2875.000000,358
2019-08-09T12:30:00+05:30,2875.000000,2879.000000,2870.000000,2879.000000,6635
2019-08-09T12:45:00+05:30,2875.050000,2919.950000,2872.250000,2907.350000,96984
2019-08-09T13:00:00+05:30,2913.900000,2936.000000,2895.300000,2906.000000,36297
2019-08-09T13:15:00+05:30,2906.050000,2910.000000,2900.000000,2903.500000,2716
2019-08-09T13:30:00+05:30,2903.500000,2904.900000,2900.000000,2902.950000,7716
2019-08-09T13:45:00+05:30,2902.950000,2904.950000,2900.000000,2900.100000,1552
2019-08-09T14:00:00+05:30,2900.100000,2910.000000,2900.100000,2903.100000,1201
2019-08-09T14:15:00+05:30,2903.100000,2908.300000,2900.250000,2908.300000,1075
2019-08-09T14:30:00+05:30,2908.300000,2919.000000,2905.000000,2918.800000,1737
2019-08-09T14:45:00+05:30,2918.750000,2937.000000,2911.200000,2930.000000,5513
2019-08-09T15:00:00+05:30,2930.000000,2964.000000,2927.050000,2960.000000,8061
2019-08-09T15:15:00+05:30,2960.000000,2998.050000,2955.000000,2998.050000,10776
2019-08-13T09:15:00+05:30,3025.000000,3025.000000,2946.050000,3001.450000,2249
2019-08-13T09:30:00+05:30,3001.450000,3035.950000,2995.400000,3035.950000,1849
2019-08-13T09:45:00+05:30,3034.900000,3079.000000,3023.950000,3079.000000,7021
2019-08-13T10:00:00+05:30,3079.000000,3095.650000,3042.000000,3059.950000,5506
2019-08-13T10:15:00+05:30,3059.950000,3065.000000,3055.250000,3060.000000,688
2019-08-13T10:30:00+05:30,3060.000000,3064.950000,3059.950000,3064.500000,355
2019-08-13T10:45:00+05:30,3064.500000,3064.750000,3051.050000,3058.100000,528
2019-08-13T11:00:00+05:30,3058.100000,3068.050000,3055.200000,3062.850000,500
2019-08-13T11:15:00+05:30,3062.850000,3068.000000,3060.000000,3067.950000,460
2019-08-13T11:30:00+05:30,3067.950000,3074.800000,3066.000000,3072.800000,794
2019-08-13T11:45:00+05:30,3072.800000,3074.950000,3065.000000,3065.200000,237
2019-08-13T12:00:00+05:30,3065.250000,3074.450000,3065.150000,3070.000000,399
2019-08-13T12:15:00+05:30,3070.000000,3074.250000,3065.300000,3069.000000,259
2019-08-13T12:30:00+05:30,3069.000000,3071.900000,3065.150000,3067.900000,189
2019-08-13T12:45:00+05:30,3067.950000,3072.000000,3065.000000,3070.000000,360
2019-08-13T13:00:00+05:30,3070.000000,3070.000000,3065.000000,3065.000000,253
2019-08-13T13:15:00+05:30,3065.000000,3068.300000,3065.000000,3066.050000,460
2019-08-13T13:30:00+05:30,3066.050000,3067.850000,3061.050000,3065.100000,365
2019-08-13T13:45:00+05:30,3065.100000,3072.050000,3065.050000,3070.000000,869
2019-08-13T14:00:00+05:30,3070.000000,3070.000000,3051.050000,3055.000000,814
2019-08-13T14:15:00+05:30,3055.000000,3059.850000,3051.050000,3051.500000,608
2019-08-13T14:30:00+05:30,3051.500000,3059.200000,3051.500000,3059.200000,656
2019-08-13T14:45:00+05:30,3059.200000,3059.950000,3053.550000,3056.550000,644
2019-08-13T15:00:00+05:30,3056.550000,3082.000000,3039.000000,3072.500000,2492
2019-08-13T15:15:00+05:30,3072.500000,3085.000000,3059.950000,3060.000000,1514
2019-08-14T09:15:00+05:30,3062.000000,3072.000000,3021.000000,3029.150000,2458
2019-08-14T09:30:00+05:30,3029.150000,3029.950000,3000.700000,3018.650000,1331
2019-08-14T09:45:00+05:30,3018.650000,3021.800000,3015.050000,3015.150000,201
2019-08-14T10:00:00+05:30,3017.550000,3018.000000,3011.200000,3014.550000,264
2019-08-14T10:15:00+05:30,3014.550000,3022.500000,3014.550000,3018.000000,295
2019-08-14T10:30:00+05:30,3018.000000,3026.100000,3015.000000,3024.950000,615
2019-08-14T10:45:00+05:30,3034.850000,3039.350000,3030.000000,3030.000000,391
2019-08-14T11:00:00+05:30,3030.000000,3037.450000,3030.000000,3036.850000,78
2019-08-14T11:15:00+05:30,3036.850000,3043.650000,3030.050000,3041.000000,375
2019-08-14T11:30:00+05:30,3041.000000,3059.800000,3038.750000,3053.000000,429
2019-08-14T11:45:00+05:30,3053.000000,3053.000000,3036.650000,3043.000000,936
2019-08-14T12:00:00+05:30,3043.000000,3044.850000,3030.000000,3030.100000,528
2019-08-14T12:15:00+05:30,3030.100000,3034.000000,3030.000000,3030.050000,197
2019-08-14T12:30:00+05:30,3030.050000,3033.000000,3021.100000,3022.950000,977
2019-08-14T12:45:00+05:30,3022.950000,3036.450000,3022.000000,3025.000000,560
2019-08-14T13:00:00+05:30,3025.000000,3025.000000,3020.050000,3021.200000,198
2019-08-14T13:15:00+05:30,3021.200000,3021.500000,3010.050000,3010.600000,292
2019-08-14T13:30:00+05:30,3010.600000,3025.000000,3010.600000,3021.000000,167
2019-08-14T13:45:00+05:30,3021.000000,3022.000000,3015.050000,3016.000000,172
2019-08-14T14:00:00+05:30,3016.000000,3018.250000,3006.000000,3010.000000,451
2019-08-14T14:15:00+05:30,3010.000000,3017.150000,3008.050000,3015.000000,174
2019-08-14T14:30:00+05:30,3015.000000,3017.600000,3002.350000,3002.350000,246
2019-08-14T14:45:00+05:30,3002.350000,3015.000000,2990.050000,3001.700000,1087
2019-08-14T15:00:00+05:30,3001.700000,3034.750000,3001.700000,3028.450000,1488
2019-08-14T15:15:00+05:30,3027.250000,3027.250000,2997.850000,3001.050000,1277
2019-08-16T09:15:00+05:30,3001.200000,3007.150000,2960.250000,2987.750000,1178
2019-08-16T09:30:00+05:30,2987.750000,2990.000000,2963.500000,2984.150000,701
2019-08-16T09:45:00+05:30,2984.200000,2987.900000,2975.000000,2979.300000,385
2019-08-16T10:00:00+05:30,2979.300000,2983.050000,2963.500000,2963.900000,956
2019-08-16T10:15:00+05:30,2963.900000,2972.950000,2952.100000,2956.950000,817
2019-08-16T10:30:00+05:30,2956.950000,2974.450000,2932.100000,2960.000000,2237
2019-08-16T10:45:00+05:30,2964.950000,2980.350000,2960.200000,2972.800000,842
2019-08-16T11:00:00+05:30,2972.850000,2984.950000,2970.100000,2977.400000,982
2019-08-16T11:15:00+05:30,2977.400000,2987.900000,2976.500000,2985.000000,508
2019-08-16T11:30:00+05:30,2985.000000,2998.050000,2983.100000,2994.900000,861
2019-08-16T11:45:00+05:30,2993.950000,3020.000000,2991.100000,3008.500000,1231
2019-08-16T12:00:00+05:30,3008.500000,3008.500000,3000.050000,3003.350000,329
2019-08-16T12:15:00+05:30,3003.350000,3007.850000,3000.000000,3000.000000,700
2019-08-16T12:30:00+05:30,3000.000000,3002.950000,2994.700000,3000.300000,510
2019-08-16T12:45:00+05:30,3000.300000,3001.000000,2995.600000,3000.450000,539
2019-08-16T13:00:00+05:30,3000.450000,3004.850000,3000.000000,3002.800000,171
2019-08-16T13:15:00+05:30,3002.800000,3009.500000,3001.100000,3005.900000,207
2019-08-16T13:30:00+05:30,3005.900000,3005.950000,3000.000000,3000.150000,260
2019-08-16T13:45:00+05:30,3000.150000,3003.900000,2994.100000,3003.700000,468
2019-08-16T14:00:00+05:30,3003.700000,3004.800000,3000.000000,3000.000000,401
2019-08-16T14:15:00+05:30,3000.000000,3003.050000,2995.750000,2999.800000,969
2019-08-16T14:30:00+05:30,2999.800000,3000.850000,2997.150000,3000.000000,941
2019-08-16T14:45:00+05:30,3000.000000,3000.850000,2990.000000,3000.850000,1272
2019-08-16T15:00:00+05:30,3000.850000,3006.200000,3000.000000,3000.250000,525
2019-08-16T15:15:00+05:30,3000.250000,3016.150000,3000.000000,3002.000000,715
2019-08-19T09:15:00+05:30,3002.600000,3030.600000,2999.900000,3018.100000,648
2019-08-19T09:30:00+05:30,3018.100000,3018.100000,3012.000000,3013.000000,166
2019-08-19T09:45:00+05:30,3019.400000,3035.000000,3016.250000,3017.100000,464
2019-08-19T10:00:00+05:30,3017.100000,3022.400000,3015.000000,3015.000000,48
2019-08-19T10:15:00+05:30,3019.400000,3024.900000,3019.400000,3024.900000,57
2019-08-19T10:30:00+05:30,3024.900000,3025.550000,3019.500000,3019.550000,128
2019-08-19T10:45:00+05:30,3019.550000,3024.950000,3017.000000,3023.900000,45
2019-08-19T11:00:00+05:30,3023.900000,3023.900000,3015.000000,3019.050000,108
2019-08-19T11:15:00+05:30,3019.050000,3024.950000,3019.050000,3024.600000,29
2019-08-19T11:30:00+05:30,3024.600000,3024.600000,3004.550000,3007.000000,457
2019-08-19T11:45:00+05:30,3007.400000,3013.900000,3001.700000,3008.000000,82
2019-08-19T12:00:00+05:30,3008.000000,3013.350000,3008.000000,3011.950000,47
2019-08-19T12:15:00+05:30,3011.950000,3015.000000,3011.950000,3015.000000,4
2019-08-19T12:30:00+05:30,3015.000000,3019.400000,3010.000000,3016.400000,56
2019-08-19T12:45:00+05:30,3016.400000,3016.450000,3016.400000,3016.450000,5
2019-08-19T13:00:00+05:30,3013.000000,3013.000000,3010.000000,3010.000000,46
2019-08-19T13:15:00+05:30,3010.000000,3010.000000,3000.100000,3000.100000,230
2019-08-19T13:30:00+05:30,3000.100000,3003.000000,3000.000000,3000.000000,125
2019-08-19T13:45:00+05:30,3000.000000,3003.000000,3000.000000,3002.950000,110
2019-08-19T14:00:00+05:30,3002.950000,3004.950000,3000.000000,3004.950000,24
2019-08-19T14:15:00+05:30,3004.950000,3005.000000,2980.000000,2980.050000,480
2019-08-19T14:30:00+05:30,2980.050000,2990.000000,2980.050000,2985.600000,55
2019-08-19T14:45:00+05:30,2986.000000,2990.000000,2980.000000,2982.300000,611
2019-08-19T15:00:00+05:30,2982.300000,3023.000000,2980.050000,3000.000000,1254
2019-08-19T15:15:00+05:30,2993.700000,3000.000000,2971.000000,2982.000000,1146
2019-08-20T09:15:00+05:30,2985.000000,2989.200000,2970.050000,2973.900000,153
2019-08-20T09:30:00+05:30,2973.900000,2973.900000,2955.000000,2959.900000,963
2019-08-20T09:45:00+05:30,2959.900000,2959.950000,2926.050000,2931.650000,2272
2019-08-20T10:00:00+05:30,2932.000000,2937.800000,2892.050000,2898.000000,6670
2019-08-20T10:15:00+05:30,2898.000000,2926.000000,2896.400000,2926.000000,3055
2019-08-20T10:30:00+05:30,2926.000000,2934.800000,2922.200000,2928.000000,825
2019-08-20T10:45:00+05:30,2928.000000,2929.100000,2916.150000,2920.250000,238
2019-08-20T11:00:00+05:30,2920.250000,2920.300000,2902.100000,2909.300000,925
2019-08-20T11:15:00+05:30,2909.300000,2911.950000,2903.300000,2905.000000,302
2019-08-20T11:30:00+05:30,2905.000000,2910.000000,2903.500000,2910.000000,288
2019-08-20T11:45:00+05:30,2910.000000,2910.900000,2905.000000,2909.650000,352
2019-08-20T12:00:00+05:30,2909.650000,2909.650000,2900.000000,2903.900000,697
2019-08-20T12:15:00+05:30,2901.550000,2904.450000,2900.000000,2904.450000,283
2019-08-20T12:30:00+05:30,2904.450000,2919.950000,2904.450000,2913.500000,495
2019-08-20T12:45:00+05:30,2913.500000,2918.450000,2910.000000,2910.650000,231
2019-08-20T13:00:00+05:30,2910.000000,2914.250000,2900.000000,2901.950000,785
2019-08-20T13:15:00+05:30,2901.950000,2911.000000,2900.200000,2901.150000,615
2019-08-20T13:30:00+05:30,2901.150000,2914.000000,2901.150000,2912.950000,366
2019-08-20T13:45:00+05:30,2910.500000,2918.000000,2910.000000,2910.200000,1416
2019-08-20T14:00:00+05:30,2910.200000,2915.000000,2910.200000,2912.850000,337
2019-08-20T14:15:00+05:30,2912.800000,2916.000000,2910.250000,2910.250000,346
2019-08-20T14:30:00+05:30,2910.350000,2915.000000,2910.300000,2911.650000,625
2019-08-20T14:45:00+05:30,2911.650000,2935.950000,2911.000000,2935.000000,1606
2019-08-20T15:00:00+05:30,2935.000000,2936.000000,2910.000000,2913.700000,3458
2019-08-20T15:15:00+05:30,2913.700000,2914.000000,2910.000000,2910.000000,5103
2019-08-21T09:15:00+05:30,2900.000000,2938.800000,2900.000000,2938.800000,943
2019-08-21T09:30:00+05:30,2938.800000,2938.800000,2910.300000,2915.100000,714
2019-08-21T09:45:00+05:30,2915.100000,2930.000000,2915.100000,2916.100000,389
2019-08-21T10:00:00+05:30,2916.100000,2932.000000,2916.100000,2917.000000,281
2019-08-21T10:15:00+05:30,2917.000000,2919.750000,2910.250000,2915.000000,367
2019-08-21T10:30:00+05:30,2915.000000,2938.900000,2911.050000,2932.450000,1200
2019-08-21T10:45:00+05:30,2932.450000,2945.000000,2930.000000,2945.000000,756
2019-08-21T11:00:00+05:30,2945.000000,2958.050000,2925.000000,2933.850000,1213
2019-08-21T11:15:00+05:30,2933.850000,2935.000000,2930.000000,2930.000000,384
2019-08-21T11:30:00+05:30,2930.000000,2934.900000,2930.000000,2930.250000,222
2019-08-21T11:45:00+05:30,2930.250000,2931.900000,2930.000000,2930.050000,224
2019-08-21T12:00:00+05:30,2930.050000,2934.800000,2930.000000,2930.000000,228
2019-08-21T12:15:00+05:30,2930.000000,2945.000000,2930.000000,2936.600000,392
2019-08-21T12:30:00+05:30,2936.600000,2944.000000,2910.000000,2912.050000,10970
2019-08-21T12:45:00+05:30,2912.050000,2915.000000,2910.000000,2910.050000,10580
2019-08-21T13:00:00+05:30,2910.050000,2914.000000,2902.000000,2904.300000,677
2019-08-21T13:15:00+05:30,2904.500000,2911.450000,2902.000000,2906.200000,344
2019-08-21T13:30:00+05:30,2906.200000,2915.000000,2905.000000,2908.100000,6579
2019-08-21T13:45:00+05:30,2908.100000,2910.950000,2906.100000,2906.200000,211
2019-08-21T14:00:00+05:30,2906.200000,2909.000000,2905.050000,2906.050000,159
2019-08-21T14:15:00+05:30,2906.050000,2910.000000,2905.300000,2905.300000,340
2019-08-21T14:30:00+05:30,2905.300000,2910.000000,2905.000000,2905.050000,1024
2019-08-21T14:45:00+05:30,2905.050000,2909.200000,2905.000000,2905.100000,399
2019-08-21T15:00:00+05:30,2905.100000,2908.400000,2905.000000,2905.000000,850
2019-08-21T15:15:00+05:30,2905.000000,2910.000000,2905.000000,2907.000000,2115
2019-08-22T09:15:00+05:30,2905.050000,2905.050000,2882.050000,2892.050000,510
2019-08-22T09:30:00+05:30,2892.050000,2900.000000,2876.050000,2889.400000,1236
2019-08-22T09:45:00+05:30,2889.400000,2890.000000,2876.050000,2877.600000,597
2019-08-22T10:00:00+05:30,2877.600000,2883.900000,2877.100000,2883.600000,173
2019-08-22T10:15:00+05:30,2883.600000,2883.800000,2878.150000,2878.150000,53
2019-08-22T10:30:00+05:30,2878.150000,2882.950000,2878.000000,2880.750000,120
2019-08-22T10:45:00+05:30,2880.750000,2882.900000,2875.050000,2876.500000,183
2019-08-22T11:00:00+05:30,2876.500000,2880.850000,2876.500000,2876.500000,163
2019-08-22T11:15:00+05:30,2876.500000,2880.000000,2860.050000,2866.350000,901
2019-08-22T11:30:00+05:30,2866.350000,2877.950000,2866.350000,2877.950000,773
2019-08-22T11:45:00+05:30,2877.950000,2894.000000,2877.950000,2894.000000,240
2019-08-22T12:00:00+05:30,2894.000000,2894.000000,2886.200000,2892.000000,76
2019-08-22T12:15:00+05:30,2892.000000,2892.250000,2886.200000,2892.250000,42
2019-08-22T12:30:00+05:30,2892.250000,2892.250000,2886.500000,2887.900000,140
2019-08-22T12:45:00+05:30,2887.900000,2896.700000,2887.900000,2890.850000,155
2019-08-22T13:00:00+05:30,2890.850000,2897.700000,2889.300000,2889.300000,24
2019-08-22T13:15:00+05:30,2889.300000,2892.000000,2886.600000,2892.000000,32
2019-08-22T13:30:00+05:30,2892.000000,2895.000000,2890.050000,2895.000000,50
2019-08-22T13:45:00+05:30,2895.000000,2897.900000,2877.000000,2879.850000,481
2019-08-22T14:00:00+05:30,2879.850000,2881.400000,2875.000000,2876.200000,802
2019-08-22T14:15:00+05:30,2880.650000,2880.700000,2875.100000,2875.650000,176
2019-08-22T14:30:00+05:30,2875.650000,2881.600000,2872.000000,2872.100000,815
2019-08-22T14:45:00+05:30,2872.950000,2882.000000,2872.400000,2875.250000,915
2019-08-22T15:00:00+05:30,2875.250000,2892.250000,2872.500000,2883.700000,1165
2019-08-22T15:15:00+05:30,2883.700000,2891.000000,2874.500000,2876.750000,602
2019-08-23T09:15:00+05:30,2856.000000,2857.700000,2810.000000,2817.400000,1495
2019-08-23T09:30:00+05:30,2817.400000,2817.400000,2792.250000,2810.000000,1213
2019-08-23T09:45:00+05:30,2810.000000,2820.200000,2805.800000,2815.200000,678
2019-08-23T10:00:00+05:30,2815.050000,2829.850000,2815.000000,2825.000000,413
2019-08-23T10:15:00+05:30,2825.000000,2825.950000,2815.300000,2825.950000,160
2019-08-23T10:30:00+05:30,2825.950000,2845.000000,2825.000000,2831.200000,572
2019-08-23T10:45:00+05:30,2831.200000,2831.200000,2820.950000,2830.000000,376
2019-08-23T11:00:00+05:30,2830.050000,2841.000000,2830.000000,2834.850000,411
2019-08-23T11:15:00+05:30,2834.850000,2842.000000,2834.850000,2842.000000,290
2019-08-23T11:30:00+05:30,2841.450000,2846.600000,2837.850000,2842.650000,841
2019-08-23T11:45:00+05:30,2842.650000,2846.050000,2842.000000,2842.750000,64
2019-08-23T12:00:00+05:30,2846.600000,2848.600000,2842.000000,2844.000000,273
2019-08-23T12:15:00+05:30,2844.000000,2860.000000,2843.500000,2850.100000,473
2019-08-23T12:30:00+05:30,2850.100000,2858.900000,2850.000000,2858.900000,237
2019-08-23T12:45:00+05:30,2858.900000,2862.700000,2850.000000,2862.650000,398
2019-08-23T13:00:00+05:30,2862.650000,2885.000000,2860.050000,2875.850000,588
2019-08-23T13:15:00+05:30,2875.850000,2881.500000,2874.850000,2875.050000,135
2019-08-23T13:30:00+05:30,2875.050000,2879.000000,2870.100000,2875.050000,301
2019-08-23T13:45:00+05:30,2875.050000,2882.200000,2874.050000,2875.000000,289
2019-08-23T14:00:00+05:30,2875.000000,2910.850000,2875.000000,2881.400000,603
2019-08-23T14:15:00+05:30,2881.400000,2881.500000,2875.000000,2875.000000,771
2019-08-23T14:30:00+05:30,2875.150000,2895.000000,2875.050000,2890.050000,209
2019-08-23T14:45:00+05:30,2890.050000,2902.450000,2885.700000,2900.450000,1027
2019-08-23T15:00:00+05:30,2900.450000,2910.000000,2898.050000,2898.150000,540
2019-08-23T15:15:00+05:30,2900.450000,2906.200000,2890.000000,2900.000000,1812
2019-08-26T09:15:00+05:30,2920.000000,2937.100000,2907.000000,2909.000000,538
2019-08-26T09:30:00+05:30,2909.000000,2909.000000,2876.100000,2880.150000,881
2019-08-26T09:45:00+05:30,2881.000000,2885.450000,2864.450000,2885.450000,817
2019-08-26T10:00:00+05:30,2885.450000,2917.400000,2879.950000,2909.150000,464
2019-08-26T10:15:00+05:30,2909.150000,2912.750000,2900.750000,2902.350000,257
2019-08-26T10:30:00+05:30,2902.350000,2914.350000,2900.000000,2910.050000,264
2019-08-26T10:45:00+05:30,2910.050000,2924.950000,2900.000000,2902.850000,508
2019-08-26T11:00:00+05:30,2902.000000,2909.000000,2900.000000,2909.000000,767
2019-08-26T11:15:00+05:30,2909.000000,2909.000000,2900.000000,2905.000000,228
2019-08-26T11:30:00+05:30,2905.000000,2909.000000,2900.000000,2905.350000,145
2019-08-26T11:45:00+05:30,2905.350000,2908.000000,2905.350000,2908.000000,13
2019-08-26T12:00:00+05:30,2908.000000,2914.450000,2905.250000,2907.450000,147
2019-08-26T12:15:00+05:30,2907.450000,2920.500000,2907.450000,2920.000000,280
2019-08-26T12:30:00+05:30,2921.950000,2925.000000,2909.350000,2917.550000,359
2019-08-26T12:45:00+05:30,2917.550000,2917.550000,2901.250000,2908.000000,170
2019-08-26T13:00:00+05:30,2908.000000,2913.000000,2906.000000,2907.100000,92
2019-08-26T13:15:00+05:30,2907.100000,2914.650000,2906.000000,2911.250000,184
2019-08-26T13:30:00+05:30,2906.000000,2911.250000,2900.000000,2902.450000,148
2019-08-26T13:45:00+05:30,2902.450000,2910.000000,2901.000000,2910.000000,120
2019-08-26T14:00:00+05:30,2912.000000,2915.950000,2901.000000,2915.950000,160
2019-08-26T14:15:00+05:30,2913.950000,2918.950000,2900.000000,2907.450000,1136
2019-08-26T14:30:00+05:30,2906.500000,2912.250000,2900.000000,2912.250000,764
2019-08-26T14:45:00+05:30,2912.000000,2915.000000,2902.250000,2908.650000,278
2019-08-26T15:00:00+05:30,2908.650000,2912.000000,2900.000000,2901.850000,700
2019-08-26T15:15:00+05:30,2901.900000,2910.950000,2898.250000,2900.000000,1146
2019-08-27T09:15:00+05:30,2924.000000,2924.000000,2900.000000,2903.050000,566
2019-08-27T09:30:00+05:30,2903.050000,2907.050000,2900.000000,2900.000000,463
2019-08-27T09:45:00+05:30,2900.000000,2918.300000,2900.000000,2914.500000,1074
2019-08-27T10:00:00+05:30,2914.500000,2917.250000,2907.100000,2917.250000,391
2019-08-27T10:15:00+05:30,2917.250000,2919.000000,2914.100000,2916.550000,37
2019-08-27T10:30:00+05:30,2916.550000,2948.000000,2916.500000,2948.000000,683
2019-08-27T10:45:00+05:30,2941.800000,2943.000000,2930.000000,2930.000000,515
2019-08-27T11:00:00+05:30,2930.000000,2933.000000,2927.700000,2927.700000,131
2019-08-27T11:15:00+05:30,2927.700000,2933.000000,2927.700000,2931.000000,65
2019-08-27T11:30:00+05:30,2928.000000,2934.650000,2927.000000,2927.000000,205
2019-08-27T11:45:00+05:30,2927.000000,2928.900000,2922.000000,2922.100000,321
2019-08-27T12:00:00+05:30,2926.350000,2929.900000,2911.450000,2929.900000,1040
2019-08-27T12:15:00+05:30,2929.900000,2929.900000,2910.000000,2910.350000,295
2019-08-27T12:30:00+05:30,2910.000000,2922.000000,2910.000000,2915.000000,325
2019-08-27T12:45:00+05:30,2915.000000,2915.000000,2910.200000,2912.000000,83
2019-08-27T13:00:00+05:30,2918.000000,2924.000000,2912.150000,2915.050000,96
2019-08-27T13:15:00+05:30,2915.050000,2920.100000,2913.050000,2919.400000,7
2019-08-27T13:30:00+05:30,2920.750000,2922.900000,2911.750000,2915.000000,229
2019-08-27T13:45:00+05:30,2915.000000,2921.950000,2903.000000,2908.100000,629
2019-08-27T14:00:00+05:30,2905.000000,2913.950000,2903.650000,2904.750000,448
2019-08-27T14:15:00+05:30,2904.750000,2906.850000,2904.000000,2906.000000,412
2019-08-27T14:30:00+05:30,2906.000000,2909.550000,2906.000000,2908.900000,287
2019-08-27T14:45:00+05:30,2906.000000,2908.450000,2904.100000,2905.000000,203
2019-08-27T15:00:00+05:30,2905.000000,2910.000000,2900.000000,2900.000000,3229
2019-08-27T15:15:00+05:30,2900.000000,2904.500000,2898.500000,2900.000000,4080
2019-08-28T09:15:00+05:30,2939.800000,2939.800000,2891.050000,2910.350000,617
2019-08-28T09:30:00+05:30,2910.350000,2910.350000,2899.950000,2901.150000,515
2019-08-28T09:45:00+05:30,2901.150000,2909.500000,2901.150000,2902.150000,323
2019-08-28T10:00:00+05:30,2902.150000,2904.650000,2899.950000,2900.400000,307
2019-08-28T10:15:00+05:30,2900.400000,2904.800000,2900.050000,2901.900000,139
2019-08-28T10:30:00+05:30,2901.900000,2902.200000,2896.050000,2901.900000,549
2019-08-28T10:45:00+05:30,2901.900000,2901.900000,2898.600000,2900.100000,170
2019-08-28T11:00:00+05:30,2900.100000,2905.000000,2900.050000,2900.200000,280
2019-08-28T11:15:00+05:30,2900.200000,2900.200000,2900.050000,2900.050000,110
2019-08-28T11:30:00+05:30,2900.050000,2904.650000,2900.000000,2900.000000,192
2019-08-28T11:45:00+05:30,2900.000000,2900.050000,2900.000000,2900.000000,96
2019-08-28T12:00:00+05:30,2900.000000,2904.650000,2899.950000,2903.350000,373
2019-08-28T12:15:00+05:30,2903.350000,2905.500000,2900.100000,2902.300000,126
2019-08-28T12:30:00+05:30,2902.300000,2902.300000,2900.050000,2900.500000,157
2019-08-28T12:45:00+05:30,2900.500000,2902.850000,2899.000000,2900.000000,455
2019-08-28T13:00:00+05:30,2900.450000,2900.450000,2900.000000,2900.000000,252
2019-08-28T13:15:00+05:30,2900.000000,2902.300000,2898.050000,2901.550000,286
2019-08-28T13:30:00+05:30,2901.550000,2905.450000,2898.550000,2900.000000,373
2019-08-28T13:45:00+05:30,2900.000000,2906.500000,2900.000000,2901.550000,169
2019-08-28T14:00:00+05:30,2901.550000,2904.600000,2901.050000,2901.050000,168
2019-08-28T14:15:00+05:30,2901.050000,2901.050000,2899.800000,2900.000000,347
2019-08-28T14:30:00+05:30,2900.000000,2903.050000,2900.000000,2900.050000,1082
2019-08-28T14:45:00+05:30,2902.250000,2902.350000,2900.000000,2900.000000,579
2019-08-28T15:00:00+05:30,2900.000000,2905.000000,2898.050000,2900.150000,1329
2019-08-28T15:15:00+05:30,2900.100000,2900.150000,2900.000000,2900.000000,1730
2019-08-29T09:15:00+05:30,2915.000000,2918.850000,2895.100000,2901.000000,338
2019-08-29T09:30:00+05:30,2901.000000,2902.950000,2901.000000,2902.950000,9
2019-08-29T09:45:00+05:30,2902.950000,2903.000000,2900.100000,2900.100000,113
2019-08-29T10:00:00+05:30,2900.100000,2904.550000,2900.100000,2904.000000,48
2019-08-29T10:15:00+05:30,2904.000000,2907.850000,2900.100000,2907.850000,142
2019-08-29T10:30:00+05:30,2907.850000,2909.600000,2900.300000,2905.900000,146
2019-08-29T10:45:00+05:30,2905.900000,2909.000000,2904.050000,2904.050000,55
2019-08-29T11:00:00+05:30,2904.050000,2906.700000,2900.300000,2906.700000,49
2019-08-29T11:15:00+05:30,2906.700000,2906.700000,2901.200000,2904.900000,26
2019-08-29T11:30:00+05:30,2904.900000,2904.900000,2901.650000,2904.550000,127
2019-08-29T11:45:00+05:30,2904.550000,2908.400000,2904.550000,2908.000000,105
2019-08-29T12:00:00+05:30,2908.000000,2908.400000,2900.550000,2900.650000,265
2019-08-29T12:15:00+05:30,2900.650000,2903.500000,2900.400000,2903.500000,196
2019-08-29T12:30:00+05:30,2903.500000,2903.500000,2900.400000,2903.050000,18
2019-08-29T12:45:00+05:30,2903.050000,2903.050000,2900.600000,2900.600000,14
2019-08-29T13:00:00+05:30,2900.600000,2903.500000,2900.600000,2901.050000,23
2019-08-29T13:15:00+05:30,2901.050000,2904.900000,2900.400000,2904.900000,228
2019-08-29T13:30:00+05:30,2904.900000,2904.900000,2900.000000,2900.000000,305
2019-08-29T13:45:00+05:30,2900.000000,2902.400000,2900.000000,2900.000000,1116
2019-08-29T14:00:00+05:30,2900.000000,2902.600000,2900.000000,2902.600000,21
2019-08-29T14:15:00+05:30,2902.600000,2905.550000,2900.250000,2904.500000,165
2019-08-29T14:30:00+05:30,2904.500000,2904.500000,2900.000000,2901.050000,166
2019-08-29T14:45:00+05:30,2901.050000,2904.250000,2900.000000,2901.550000,211
2019-08-29T15:00:00+05:30,2901.550000,2904.000000,2901.550000,2902.100000,157
2019-08-29T15:15:00+05:30,2902.100000,2912.250000,2876.000000,2912.250000,2826
2019-08-30T09:15:00+05:30,2914.800000,2914.850000,2900.000000,2905.900000,433
2019-08-30T09:30:00+05:30,2905.900000,2914.800000,2887.600000,2896.650000,1392
2019-08-30T09:45:00+05:30,2896.650000,2897.900000,2888.000000,2892.950000,632
2019-08-30T10:00:00+05:30,2892.950000,2897.950000,2880.000000,2880.450000,718
2019-08-30T10:15:00+05:30,2880.450000,2892.700000,2878.000000,2890.000000,901
2019-08-30T10:30:00+05:30,2890.000000,2890.000000,2879.700000,2882.400000,746
2019-08-30T10:45:00+05:30,2882.450000,2889.700000,2879.800000,2880.000000,865
2019-08-30T11:00:00+05:30,2880.000000,2889.950000,2872.000000,2879.850000,696
2019-08-30T11:15:00+05:30,2880.650000,2882.900000,2852.200000,2875.300000,1813
2019-08-30T11:30:00+05:30,2875.400000,2894.750000,2870.000000,2882.900000,733
2019-08-30T11:45:00+05:30,2882.900000,2898.400000,2882.900000,2897.950000,380
2019-08-30T12:00:00+05:30,2897.950000,2901.950000,2890.000000,2900.000000,458
2019-08-30T12:15:00+05:30,2900.000000,2901.850000,2891.450000,2900.000000,424
2019-08-30T12:30:00+05:30,2900.000000,2902.000000,2882.150000,2893.050000,482
2019-08-30T12:45:00+05:30,2893.050000,2900.000000,2893.050000,2898.850000,440
2019-08-30T13:00:00+05:30,2898.850000,2899.000000,2881.250000,2898.250000,574
2019-08-30T13:15:00+05:30,2898.950000,2900.000000,2896.000000,2900.000000,272
2019-08-30T13:30:00+05:30,2900.000000,2900.350000,2897.250000,2900.300000,448
2019-08-30T13:45:00+05:30,2900.300000,2900.400000,2897.000000,2899.950000,449
2019-08-30T14:00:00+05:30,2899.950000,2905.000000,2897.950000,2900.000000,386
2019-08-30T14:15:00+05:30,2900.000000,2900.300000,2899.950000,2900.300000,283
2019-08-30T14:30:00+05:30,2900.300000,2900.300000,2900.000000,2900.000000,478
2019-08-30T14:45:00+05:30,2900.000000,2910.000000,2900.000000,2907.400000,724
2019-08-30T15:00:00+05:30,2907.400000,2908.900000,2900.000000,2900.000000,602
2019-08-30T15:15:00+05:30,2900.000000,2948.000000,2900.000000,2947.000000,5239
2019-09-03T09:15:00+05:30,2926.100000,2926.100000,2905.050000,2917.000000,630
2019-09-03T09:30:00+05:30,2917.000000,2933.000000,2916.100000,2923.000000,223
2019-09-03T09:45:00+05:30,2923.000000,2932.950000,2922.000000,2929.050000,117
2019-09-03T10:00:00+05:30,2929.050000,2948.200000,2929.050000,2942.000000,204
2019-09-03T10:15:00+05:30,2942.000000,2948.050000,2940.300000,2942.000000,164
2019-09-03T10:30:00+05:30,2942.000000,2947.200000,2940.000000,2944.900000,44
2019-09-03T10:45:00+05:30,2944.900000,2949.300000,2939.000000,2945.900000,158
2019-09-03T11:00:00+05:30,2947.400000,2979.000000,2947.400000,2963.900000,781
2019-09-03T11:15:00+05:30,2963.900000,2964.100000,2955.000000,2957.350000,396
2019-09-03T11:30:00+05:30,2957.350000,2960.250000,2942.100000,2952.000000,175
2019-09-03T11:45:00+05:30,2952.000000,2952.000000,2945.050000,2950.300000,84
2019-09-03T12:00:00+05:30,2950.300000,2950.300000,2941.950000,2941.950000,45
2019-09-03T12:15:00+05:30,2941.950000,2941.950000,2935.000000,2935.000000,63
2019-09-03T12:30:00+05:30,2935.000000,2947.900000,2935.000000,2938.000000,217
2019-09-03T12:45:00+05:30,2938.000000,2938.000000,2920.650000,2929.050000,143
2019-09-03T13:00:00+05:30,2914.050000,2952.000000,2909.000000,2948.650000,785
2019-09-03T13:15:00+05:30,2957.350000,2957.350000,2940.100000,2940.100000,297
2019-09-03T13:30:00+05:30,2940.100000,2945.000000,2940.000000,2940.000000,661
2019-09-03T13:45:00+05:30,2940.000000,2940.000000,2925.000000,2933.900000,345
2019-09-03T14:00:00+05:30,2933.900000,2933.900000,2928.750000,2929.700000,131
2019-09-03T14:15:00+05:30,2929.700000,2954.950000,2925.000000,2950.000000,345
2019-09-03T14:30:00+05:30,2950.000000,2950.000000,2940.550000,2946.200000,25
2019-09-03T14:45:00+05:30,2946.200000,2946.200000,2937.550000,2937.550000,46
2019-09-03T15:00:00+05:30,2937.550000,2938.700000,2914.050000,2930.000000,423
2019-09-03T15:15:00+05:30,2930.000000,2939.800000,2930.000000,2930.000000,517
2019-09-04T09:15:00+05:30,2920.000000,2937.800000,2910.000000,2937.800000,348
2019-09-04T09:30:00+05:30,2937.800000,2943.000000,2931.050000,2941.200000,164
2019-09-04T09:45:00+05:30,2941.200000,2952.000000,2940.000000,2952.000000,150
2019-09-04T10:00:00+05:30,2952.000000,2952.000000,2942.150000,2948.000000,41
2019-09-04T10:15:00+05:30,2948.000000,2948.000000,2935.850000,2935.850000,147
2019-09-04T10:30:00+05:30,2935.850000,2953.200000,2935.850000,2940.000000,241
2019-09-04T10:45:00+05:30,2940.000000,2945.950000,2940.000000,2945.800000,30
2019-09-04T11:00:00+05:30,2945.800000,2945.800000,2945.800000,2945.800000,4
2019-09-04T11:15:00+05:30,2945.800000,2945.800000,2940.250000,2940.250000,10
2019-09-04T11:30:00+05:30,2940.250000,2945.500000,2940.250000,2940.650000,22
2019-09-04T11:45:00+05:30,2940.650000,2945.800000,2940.300000,2945.800000,98
2019-09-04T12:00:00+05:30,2945.800000,2945.800000,2940.050000,2944.900000,88
2019-09-04T12:15:00+05:30,2945.000000,2945.800000,2935.850000,2941.300000,284
2019-09-04T12:30:00+05:30,2941.300000,2947.000000,2939.000000,2945.050000,194
2019-09-04T12:45:00+05:30,2939.200000,2958.000000,2938.000000,2957.000000,223
2019-09-04T13:00:00+05:30,2957.000000,2970.000000,2955.000000,2965.000000,629
2019-09-04T13:15:00+05:30,2965.000000,2968.000000,2961.000000,2968.000000,90
2019-09-04T13:30:00+05:30,2968.000000,2968.000000,2962.550000,2962.550000,85
2019-09-04T13:45:00+05:30,2962.550000,2976.000000,2961.250000,2975.000000,713
2019-09-04T14:00:00+05:30,2975.000000,2976.000000,2969.000000,2969.000000,131
2019-09-04T14:15:00+05:30,2969.000000,2972.000000,2965.000000,2970.000000,182
2019-09-04T14:30:00+05:30,2970.000000,2972.000000,2966.350000,2967.500000,155
2019-09-04T14:45:00+05:30,2967.500000,2980.000000,2962.000000,2962.050000,997
2019-09-04T15:00:00+05:30,2962.050000,2970.550000,2955.050000,2960.000000,277
2019-09-04T15:15:00+05:30,2957.000000,2968.800000,2957.000000,2967.950000,392
2019-09-05T09:15:00+05:30,2950.050000,2966.900000,2950.050000,2963.050000,31
2019-09-05T09:30:00+05:30,2963.050000,2987.250000,2963.000000,2981.000000,529
2019-09-05T09:45:00+05:30,2984.050000,2989.300000,2975.400000,2980.000000,772
2019-09-05T10:00:00+05:30,2980.000000,2992.250000,2977.000000,2988.050000,2683
2019-09-05T10:15:00+05:30,2988.050000,3015.000000,2988.050000,3005.150000,1378
2019-09-05T10:30:00+05:30,3008.500000,3008.550000,2990.050000,3005.000000,700
2019-09-05T10:45:00+05:30,3005.000000,3005.000000,3000.000000,3000.000000,246
2019-09-05T11:00:00+05:30,3000.000000,3006.950000,3000.000000,3000.000000,441
2019-09-05T11:15:00+05:30,3000.000000,3004.400000,3000.000000,3000.050000,126
2019-09-05T11:30:00+05:30,3000.050000,3001.000000,2992.550000,2998.450000,279
2019-09-05T11:45:00+05:30,2998.450000,2999.950000,2990.000000,2997.000000,236
2019-09-05T12:00:00+05:30,2997.000000,3002.000000,2992.700000,2997.000000,299
2019-09-05T12:15:00+05:30,2997.000000,3005.000000,2995.000000,2999.950000,297
2019-09-05T12:30:00+05:30,2999.950000,3007.950000,2999.950000,3007.950000,519
2019-09-05T12:45:00+05:30,3007.950000,3008.350000,3002.000000,3008.350000,288
2019-09-05T13:00:00+05:30,3008.350000,3034.000000,3008.350000,3032.950000,1728
2019-09-05T13:15:00+05:30,3032.950000,3032.950000,3008.000000,3016.800000,357
2019-09-05T13:30:00+05:30,3016.800000,3025.050000,3008.000000,3025.050000,351
2019-09-05T13:45:00+05:30,3025.050000,3027.000000,3015.850000,3020.150000,187
2019-09-05T14:00:00+05:30,3020.150000,3020.150000,3010.250000,3010.550000,142
2019-09-05T14:15:00+05:30,3010.550000,3017.950000,3010.000000,3017.950000,191
2019-09-05T14:30:00+05:30,3017.950000,3019.500000,3013.600000,3013.650000,56
2019-09-05T14:45:00+05:30,3013.650000,3019.400000,3013.600000,3019.000000,200
2019-09-05T15:00:00+05:30,3019.000000,3023.700000,2983.100000,2994.950000,2393
2019-09-05T15:15:00+05:30,2994.950000,3000.000000,2974.000000,2975.000000,1945
2019-09-06T09:15:00+05:30,2995.800000,3016.850000,2982.050000,3010.000000,548
2019-09-06T09:30:00+05:30,3010.000000,3010.000000,2996.100000,3000.000000,357
2019-09-06T09:45:00+05:30,3000.000000,3008.800000,3000.000000,3008.800000,143
2019-09-06T10:00:00+05:30,3006.050000,3009.950000,3003.000000,3008.200000,164
2019-09-06T10:15:00+05:30,3008.200000,3008.200000,3001.550000,3007.250000,18
2019-09-06T10:30:00+05:30,3007.250000,3008.950000,3003.100000,3008.200000,36
2019-09-06T10:45:00+05:30,3008.200000,3008.200000,3000.250000,3000.250000,29
2019-09-06T11:00:00+05:30,3003.050000,3005.450000,3003.050000,3005.450000,60
2019-09-06T11:15:00+05:30,3005.450000,3005.550000,3003.100000,3003.100000,12
2019-09-06T11:30:00+05:30,3003.100000,3009.000000,3003.000000,3009.000000,90
2019-09-06T11:45:00+05:30,3009.000000,3017.000000,3000.100000,3005.200000,248
2019-09-06T12:00:00+05:30,3005.200000,3012.000000,3005.200000,3011.800000,388
2019-09-06T12:15:00+05:30,3011.800000,3012.000000,3007.050000,3011.900000,116
2019-09-06T12:30:00+05:30,3011.900000,3011.900000,3007.500000,3007.500000,19
2019-09-06T12:45:00+05:30,3007.500000,3012.000000,3004.000000,3011.000000,405
2019-09-06T13:00:00+05:30,3012.000000,3012.000000,3009.950000,3009.950000,231
2019-09-06T13:15:00+05:30,3009.950000,3016.400000,3009.950000,3014.950000,517
2019-09-06T13:30:00+05:30,3014.950000,3022.000000,3011.000000,3020.350000,615
2019-09-06T13:45:00+05:30,3020.950000,3020.950000,3010.000000,3017.600000,170
2019-09-06T14:00:00+05:30,3017.600000,3017.600000,3010.000000,3014.900000,124
2019-09-06T14:15:00+05:30,3014.900000,3015.850000,3011.000000,3012.050000,64
2019-09-06T14:30:00+05:30,3012.050000,3016.000000,3010.000000,3016.000000,1169
2019-09-06T14:45:00+05:30,3016.000000,3017.650000,3009.000000,3017.650000,1113
2019-09-06T15:00:00+05:30,3017.650000,3022.000000,3011.750000,3017.450000,551
2019-09-06T15:15:00+05:30,3017.450000,3030.000000,3011.000000,3023.900000,805
2019-09-09T09:15:00+05:30,3019.900000,3020.450000,2998.150000,3020.000000,235
2019-09-09T09:30:00+05:30,3020.000000,3060.050000,3018.000000,3060.050000,1416
2019-09-09T09:45:00+05:30,3060.050000,3060.050000,3044.050000,3050.000000,516
2019-09-09T10:00:00+05:30,3050.000000,3070.000000,3047.550000,3070.000000,881
2019-09-09T10:15:00+05:30,3070.000000,3072.000000,3057.100000,3069.000000,366
2019-09-09T10:30:00+05:30,3069.000000,3077.750000,3059.300000,3067.350000,499
2019-09-09T10:45:00+05:30,3067.350000,3080.000000,3065.000000,3074.900000,252
2019-09-09T11:00:00+05:30,3074.900000,3078.600000,3074.900000,3076.000000,162
2019-09-09T11:15:00+05:30,3076.000000,3076.900000,3067.700000,3067.700000,120
2019-09-09T11:30:00+05:30,3067.700000,3076.950000,3064.550000,3076.950000,579
2019-09-09T11:45:00+05:30,3076.900000,3077.000000,3066.000000,3070.000000,1432
2019-09-09T12:00:00+05:30,3070.000000,3070.000000,3066.100000,3066.500000,108
2019-09-09T12:15:00+05:30,3066.500000,3071.550000,3066.500000,3068.050000,244
2019-09-09T12:30:00+05:30,3068.400000,3075.000000,3066.500000,3070.750000,212
2019-09-09T12:45:00+05:30,3075.000000,3082.000000,3075.000000,3080.000000,759
2019-09-09T13:00:00+05:30,3080.000000,3100.000000,3080.000000,3085.050000,2553
2019-09-09T13:15:00+05:30,3085.050000,3095.650000,3080.500000,3091.250000,723
2019-09-09T13:30:00+05:30,3091.350000,3111.500000,3091.250000,3109.000000,1286
2019-09-09T13:45:00+05:30,3109.000000,3109.000000,3100.150000,3103.150000,124
2019-09-09T14:00:00+05:30,3103.150000,3109.000000,3100.000000,3105.000000,471
2019-09-09T14:15:00+05:30,3105.000000,3115.900000,3105.000000,3110.500000,643
2019-09-09T14:30:00+05:30,3110.500000,3173.900000,3110.500000,3157.050000,4411
2019-09-09T14:45:00+05:30,3157.050000,3169.000000,3152.000000,3164.050000,956
2019-09-09T15:00:00+05:30,3164.050000,3214.050000,3163.750000,3190.100000,5813
2019-09-09T15:15:00+05:30,3198.650000,3200.000000,3180.000000,3185.400000,2325
2019-09-11T09:15:00+05:30,3210.000000,3256.450000,3210.000000,3255.000000,1539
2019-09-11T09:30:00+05:30,3255.000000,3275.000000,3245.000000,3270.050000,4092
2019-09-11T09:45:00+05:30,3270.050000,3275.050000,3237.850000,3240.050000,2034
2019-09-11T10:00:00+05:30,3240.050000,3240.050000,3210.000000,3220.000000,2393
2019-09-11T10:15:00+05:30,3220.000000,3224.950000,3211.000000,3212.000000,1644
2019-09-11T10:30:00+05:30,3212.000000,3225.750000,3212.000000,3217.650000,2496
2019-09-11T10:45:00+05:30,3218.000000,3241.800000,3215.100000,3230.000000,5462
2019-09-11T11:00:00+05:30,3230.000000,3236.800000,3200.000000,3201.000000,1032
2019-09-11T11:15:00+05:30,3200.000000,3207.700000,3190.100000,3204.950000,799
2019-09-11T11:30:00+05:30,3202.100000,3209.000000,3197.000000,3197.000000,412
2019-09-11T11:45:00+05:30,3197.000000,3200.000000,3196.550000,3196.550000,308
2019-09-11T12:00:00+05:30,3196.550000,3199.000000,3195.000000,3199.000000,172
2019-09-11T12:15:00+05:30,3199.000000,3200.000000,3195.500000,3196.000000,154
2019-09-11T12:30:00+05:30,3196.000000,3200.000000,3195.600000,3199.950000,296
2019-09-11T12:45:00+05:30,3199.950000,3199.950000,3195.000000,3199.400000,28
2019-09-11T13:00:00+05:30,3199.400000,3205.000000,3195.350000,3202.600000,738
2019-09-11T13:15:00+05:30,3202.600000,3202.600000,3199.950000,3202.600000,62
2019-09-11T13:30:00+05:30,3202.600000,3202.600000,3199.950000,3199.950000,24
2019-09-11T13:45:00+05:30,3202.600000,3228.000000,3202.600000,3224.100000,901
2019-09-11T14:00:00+05:30,3224.100000,3227.000000,3219.000000,3219.000000,274
2019-09-11T14:15:00+05:30,3220.000000,3225.000000,3216.500000,3220.000000,241
2019-09-11T14:30:00+05:30,3220.000000,3220.000000,3210.000000,3217.000000,138
2019-09-11T14:45:00+05:30,3217.000000,3217.000000,3199.950000,3199.950000,457
2019-09-11T15:00:00+05:30,3200.000000,3213.550000,3185.000000,3190.050000,975
2019-09-11T15:15:00+05:30,3190.050000,3200.000000,3187.600000,3197.000000,1045
2019-09-12T09:15:00+05:30,3201.400000,3249.000000,3201.400000,3229.950000,829
2019-09-12T09:30:00+05:30,3229.950000,3242.000000,3206.000000,3224.950000,851
2019-09-12T09:45:00+05:30,3224.950000,3224.950000,3212.050000,3213.050000,429
2019-09-12T10:00:00+05:30,3218.900000,3218.900000,3208.300000,3210.000000,235
2019-09-12T10:15:00+05:30,3210.000000,3212.950000,3201.050000,3208.400000,348
2019-09-12T10:30:00+05:30,3208.400000,3214.900000,3201.550000,3207.100000,38
2019-09-12T10:45:00+05:30,3207.100000,3235.000000,3202.000000,3230.000000,972
2019-09-12T11:00:00+05:30,3230.000000,3250.000000,3225.350000,3250.000000,1624
2019-09-12T11:15:00+05:30,3250.000000,3308.100000,3247.000000,3290.000000,6283
2019-09-12T11:30:00+05:30,3290.000000,3324.000000,3286.000000,3312.700000,3460
2019-09-12T11:45:00+05:30,3312.700000,3320.000000,3295.000000,3295.000000,917
2019-09-12T12:00:00+05:30,3295.000000,3304.000000,3277.700000,3284.000000,1672
2019-09-12T12:15:00+05:30,3284.950000,3284.950000,3276.050000,3280.050000,153
2019-09-12T12:30:00+05:30,3280.050000,3284.350000,3270.000000,3270.000000,823
2019-09-12T12:45:00+05:30,3270.050000,3272.150000,3265.000000,3269.000000,1523
2019-09-12T13:00:00+05:30,3269.000000,3275.050000,3264.000000,3265.000000,806
2019-09-12T13:15:00+05:30,3265.000000,3265.000000,3263.000000,3264.000000,220
2019-09-12T13:30:00+05:30,3264.000000,3265.050000,3245.000000,3245.000000,606
2019-09-12T13:45:00+05:30,3245.000000,3255.000000,3240.250000,3240.500000,338
2019-09-12T14:00:00+05:30,3240.000000,3246.950000,3236.850000,3246.950000,247
2019-09-12T14:15:00+05:30,3242.000000,3250.350000,3240.000000,3247.000000,233
2019-09-12T14:30:00+05:30,3247.000000,3255.000000,3243.050000,3247.050000,232
2019-09-12T14:45:00+05:30,3247.050000,3252.000000,3246.000000,3252.000000,309
2019-09-12T15:00:00+05:30,3252.000000,3252.350000,3238.000000,3240.000000,977
2019-09-12T15:15:00+05:30,3240.000000,3258.650000,3234.000000,3250.000000,1197
2019-09-13T09:15:00+05:30,3318.000000,3344.000000,3297.050000,3307.000000,5020
2019-09-13T09:30:00+05:30,3305.850000,3317.950000,3300.000000,3306.000000,1821
2019-09-13T09:45:00+05:30,3306.050000,3316.000000,3300.000000,3315.850000,1812
2019-09-13T10:00:00+05:30,3315.850000,3317.350000,3305.050000,3305.050000,229
2019-09-13T10:15:00+05:30,3305.050000,3309.000000,3305.000000,3307.000000,181
2019-09-13T10:30:00+05:30,3308.900000,3308.900000,3300.000000,3307.350000,345
2019-09-13T10:45:00+05:30,3307.350000,3307.950000,3300.600000,3304.950000,218
2019-09-13T11:00:00+05:30,3300.650000,3304.900000,3270.050000,3274.650000,1236
2019-09-13T11:15:00+05:30,3272.400000,3285.000000,3265.000000,3279.000000,1202
2019-09-13T11:30:00+05:30,3280.000000,3309.000000,3279.000000,3294.000000,3271
2019-09-13T11:45:00+05:30,3292.600000,3299.000000,3291.050000,3292.500000,152
2019-09-13T12:00:00+05:30,3292.500000,3295.250000,3291.050000,3293.000000,58
2019-09-13T12:15:00+05:30,3295.000000,3295.000000,3291.050000,3291.100000,32
2019-09-13T12:30:00+05:30,3291.100000,3297.950000,3291.050000,3295.200000,151
2019-09-13T12:45:00+05:30,3295.200000,3307.450000,3292.000000,3298.000000,214
2019-09-13T13:00:00+05:30,3298.000000,3306.800000,3292.000000,3294.800000,271
2019-09-13T13:15:00+05:30,3294.800000,3294.800000,3279.600000,3283.300000,227
2019-09-13T13:30:00+05:30,3279.600000,3285.000000,3279.600000,3283.050000,38
2019-09-13T13:45:00+05:30,3283.050000,3294.000000,3280.000000,3290.000000,5397
2019-09-13T14:00:00+05:30,3290.000000,3294.000000,3285.500000,3285.750000,155
2019-09-13T14:15:00+05:30,3285.750000,3296.950000,3285.750000,3290.050000,153
2019-09-13T14:30:00+05:30,3290.050000,3292.000000,3285.550000,3286.100000,264
2019-09-13T14:45:00+05:30,3286.100000,3304.200000,3286.100000,3290.300000,1053
2019-09-13T15:00:00+05:30,3290.300000,3298.950000,3286.500000,3286.500000,578
2019-09-13T15:15:00+05:30,3289.550000,3296.950000,3285.000000,3295.000000,2507
2019-09-16T09:15:00+05:30,3287.200000,3344.000000,3275.150000,3330.000000,1537
2019-09-16T09:30:00+05:30,3330.000000,3344.950000,3320.000000,3334.000000,2236
2019-09-16T09:45:00+05:30,3334.000000,3349.000000,3334.000000,3345.400000,1237
2019-09-16T10:00:00+05:30,3344.200000,3344.200000,3321.150000,3321.150000,1505
2019-09-16T10:15:00+05:30,3321.150000,3335.400000,3321.150000,3335.050000,895
2019-09-16T10:30:00+05:30,3335.000000,3354.000000,3335.000000,3335.000000,2490
2019-09-16T10:45:00+05:30,3335.000000,3346.000000,3335.000000,3340.000000,1481
2019-09-16T11:00:00+05:30,3340.000000,3341.350000,3332.050000,3337.950000,230
2019-09-16T11:15:00+05:30,3332.150000,3335.000000,3332.050000,3335.000000,563
2019-09-16T11:30:00+05:30,3335.000000,3340.000000,3333.000000,3333.000000,159
2019-09-16T11:45:00+05:30,3334.950000,3349.000000,3332.050000,3349.000000,610
2019-09-16T12:00:00+05:30,3349.000000,3349.000000,3335.000000,3335.000000,313
2019-09-16T12:15:00+05:30,3335.000000,3343.700000,3330.500000,3337.200000,234
2019-09-16T12:30:00+05:30,3337.200000,3339.850000,3337.000000,3339.850000,29
2019-09-16T12:45:00+05:30,3334.000000,3338.950000,3331.150000,3333.500000,505
2019-09-16T13:00:00+05:30,3333.500000,3336.950000,3331.000000,3333.550000,90
2019-09-16T13:15:00+05:30,3333.550000,3333.550000,3330.000000,3331.000000,190
2019-09-16T13:30:00+05:30,3333.000000,3338.950000,3333.000000,3338.000000,45
2019-09-16T13:45:00+05:30,3338.000000,3338.000000,3333.850000,3335.000000,410
2019-09-16T14:00:00+05:30,3335.000000,3337.500000,3331.250000,3331.250000,347
2019-09-16T14:15:00+05:30,3331.250000,3339.000000,3331.250000,3338.500000,321
2019-09-16T14:30:00+05:30,3338.500000,3338.500000,3320.000000,3331.000000,639
2019-09-16T14:45:00+05:30,3331.000000,3337.000000,3311.000000,3315.050000,781
2019-09-16T15:00:00+05:30,3315.050000,3333.000000,3315.050000,3320.000000,1347
2019-09-16T15:15:00+05:30,3320.000000,3328.000000,3311.000000,3327.950000,1151
2019-09-17T09:15:00+05:30,3323.000000,3343.950000,3303.900000,3330.000000,334
2019-09-17T09:30:00+05:30,3330.000000,3337.450000,3310.050000,3337.450000,476
2019-09-17T09:45:00+05:30,3337.500000,3340.550000,3330.000000,3337.950000,356
2019-09-17T10:00:00+05:30,3337.950000,3344.350000,3310.150000,3317.000000,719
2019-09-17T10:15:00+05:30,3317.000000,3325.000000,3313.350000,3316.350000,177
2019-09-17T10:30:00+05:30,3316.100000,3320.000000,3310.050000,3314.500000,118
2019-09-17T10:45:00+05:30,3314.550000,3314.550000,3301.100000,3310.000000,190
2019-09-17T11:00:00+05:30,3310.000000,3310.000000,3307.000000,3307.500000,70
2019-09-17T11:15:00+05:30,3307.500000,3307.500000,3280.200000,3292.700000,1866
2019-09-17T11:30:00+05:30,3292.700000,3323.800000,3290.100000,3294.100000,2339
2019-09-17T11:45:00+05:30,3294.100000,3294.100000,3289.700000,3289.700000,41
2019-09-17T12:00:00+05:30,3289.700000,3290.000000,3285.050000,3288.750000,98
2019-09-17T12:15:00+05:30,3288.750000,3288.800000,3285.000000,3287.400000,68
2019-09-17T12:30:00+05:30,3287.400000,3291.000000,3282.250000,3282.250000,104
2019-09-17T12:45:00+05:30,3282.250000,3282.250000,3275.000000,3275.750000,303
2019-09-17T13:00:00+05:30,3279.000000,3282.000000,3275.200000,3279.250000,50
2019-09-17T13:15:00+05:30,3276.150000,3278.000000,3261.200000,3265.000000,497
2019-09-17T13:30:00+05:30,3265.000000,3281.200000,3261.200000,3279.200000,303
2019-09-17T13:45:00+05:30,3279.200000,3282.000000,3265.250000,3275.000000,194
2019-09-17T14:00:00+05:30,3275.000000,3275.000000,3265.450000,3265.600000,54
2019-09-17T14:15:00+05:30,3265.600000,3298.000000,3262.600000,3268.750000,3649
2019-09-17T14:30:00+05:30,3268.750000,3284.700000,3262.250000,3262.500000,512
2019-09-17T14:45:00+05:30,3262.500000,3265.800000,3254.000000,3254.000000,447
2019-09-17T15:00:00+05:30,3254.000000,3267.650000,3248.000000,3248.000000,3850
2019-09-17T15:15:00+05:30,3248.000000,3249.950000,3218.050000,3240.000000,1897
2019-09-18T09:15:00+05:30,3250.150000,3288.200000,3250.150000,3274.300000,286
2019-09-18T09:30:00+05:30,3274.300000,3286.000000,3266.450000,3280.350000,521
2019-09-18T09:45:00+05:30,3280.350000,3284.600000,3275.950000,3282.000000,291
2019-09-18T10:00:00+05:30,3282.000000,3282.000000,3265.650000,3272.600000,272
2019-09-18T10:15:00+05:30,3272.600000,3272.600000,3267.500000,3270.150000,27
2019-09-18T10:30:00+05:30,3270.150000,3277.450000,3255.050000,3260.700000,436
2019-09-18T10:45:00+05:30,3260.750000,3260.800000,3248.000000,3257.600000,621
2019-09-18T11:00:00+05:30,3257.600000,3264.750000,3257.100000,3264.750000,29
2019-09-18T11:15:00+05:30,3264.750000,3278.000000,3264.750000,3267.950000,293
2019-09-18T11:30:00+05:30,3267.950000,3267.950000,3260.000000,3263.550000,50
2019-09-18T11:45:00+05:30,3263.550000,3265.150000,3260.150000,3265.150000,205
2019-09-18T12:00:00+05:30,3265.150000,3275.050000,3265.150000,3272.050000,102
2019-09-18T12:15:00+05:30,3272.050000,3280.000000,3271.000000,3277.800000,88
2019-09-18T12:30:00+05:30,3277.800000,3295.000000,3277.800000,3295.000000,344
2019-09-18T12:45:00+05:30,3295.000000,3295.000000,3288.150000,3288.150000,80
2019-09-18T13:00:00+05:30,3288.150000,3294.000000,3285.350000,3288.800000,93
2019-09-18T13:15:00+05:30,3288.800000,3293.900000,3286.700000,3286.950000,137
2019-09-18T13:30:00+05:30,3286.950000,3292.250000,3284.000000,3288.700000,383
2019-09-18T13:45:00+05:30,3288.000000,3320.000000,3288.000000,3316.950000,615
2019-09-18T14:00:00+05:30,3316.950000,3317.000000,3310.000000,3310.050000,96
2019-09-18T14:15:00+05:30,3310.050000,3314.400000,3310.050000,3311.800000,55
2019-09-18T14:30:00+05:30,3311.800000,3314.000000,3305.050000,3305.050000,136
2019-09-18T14:45:00+05:30,3305.050000,3307.000000,3300.000000,3300.000000,104
2019-09-18T15:00:00+05:30,3300.000000,3300.000000,3288.100000,3300.000000,413
2019-09-18T15:15:00+05:30,3300.000000,3324.800000,3291.000000,3300.000000,1850
2019-09-19T09:15:00+05:30,3308.000000,3360.000000,3308.000000,3326.150000,1309
2019-09-19T09:30:00+05:30,3326.150000,3334.550000,3326.050000,3328.200000,353
2019-09-19T09:45:00+05:30,3328.200000,3334.000000,3293.550000,3300.400000,487
2019-09-19T10:00:00+05:30,3300.400000,3304.000000,3288.050000,3292.100000,199
2019-09-19T10:15:00+05:30,3292.100000,3300.450000,3292.100000,3298.000000,44
2019-09-19T10:30:00+05:30,3298.000000,3300.450000,3290.050000,3290.050000,145
2019-09-19T10:45:00+05:30,3290.050000,3298.700000,3290.000000,3292.050000,78
2019-09-19T11:00:00+05:30,3300.000000,3300.000000,3293.000000,3293.000000,103
2019-09-19T11:15:00+05:30,3293.000000,3296.300000,3284.100000,3284.100000,688
2019-09-19T11:30:00+05:30,3284.100000,3290.000000,3275.000000,3276.100000,450
2019-09-19T11:45:00+05:30,3276.100000,3280.000000,3275.000000,3278.850000,102
2019-09-19T12:00:00+05:30,3275.000000,3280.000000,3265.000000,3265.000000,258
2019-09-19T12:15:00+05:30,3265.000000,3278.800000,3264.000000,3264.000000,334
2019-09-19T12:30:00+05:30,3264.000000,3275.950000,3256.000000,3264.550000,194
2019-09-19T12:45:00+05:30,3264.550000,3270.700000,3260.000000,3270.350000,177
2019-09-19T13:00:00+05:30,3270.350000,3271.100000,3260.000000,3260.100000,170
2019-09-19T13:15:00+05:30,3260.100000,3267.800000,3260.100000,3267.250000,19
2019-09-19T13:30:00+05:30,3267.250000,3275.000000,3260.100000,3275.000000,86
2019-09-19T13:45:00+05:30,3275.000000,3275.050000,3263.000000,3263.000000,96
2019-09-19T14:00:00+05:30,3263.000000,3266.650000,3261.000000,3264.000000,65
2019-09-19T14:15:00+05:30,3264.000000,3270.000000,3261.100000,3268.000000,127
2019-09-19T14:30:00+05:30,3268.000000,3275.950000,3250.250000,3250.250000,512
2019-09-19T14:45:00+05:30,3250.250000,3250.250000,3232.900000,3243.850000,896
2019-09-19T15:00:00+05:30,3243.850000,3243.850000,3234.900000,3242.000000,346
2019-09-19T15:15:00+05:30,3242.000000,3250.000000,3236.000000,3241.050000,1768
2019-09-20T09:15:00+05:30,3250.000000,3290.000000,3250.000000,3269.550000,382
2019-09-20T09:30:00+05:30,3269.550000,3272.550000,3263.750000,3263.750000,176
2019-09-20T09:45:00+05:30,3263.750000,3266.950000,3262.000000,3262.000000,76
2019-09-20T10:00:00+05:30,3262.000000,3266.650000,3260.500000,3266.650000,51
2019-09-20T10:15:00+05:30,3266.650000,3266.650000,3254.000000,3254.000000,145
2019-09-20T10:30:00+05:30,3253.400000,3258.500000,3240.000000,3255.150000,613
2019-09-20T10:45:00+05:30,3255.150000,3298.000000,3255.150000,3274.400000,1295
2019-09-20T11:00:00+05:30,3274.350000,3318.950000,3271.150000,3295.350000,1616
2019-09-20T11:15:00+05:30,3294.800000,3302.950000,3270.050000,3274.100000,468
2019-09-20T11:30:00+05:30,3274.100000,3291.250000,3272.000000,3281.000000,479
2019-09-20T11:45:00+05:30,3281.050000,3307.400000,3281.000000,3291.400000,622
2019-09-20T12:00:00+05:30,3291.400000,3315.050000,3291.000000,3315.050000,1522
2019-09-20T12:15:00+05:30,3318.000000,3320.250000,3310.000000,3315.050000,1870
2019-09-20T12:30:00+05:30,3315.050000,3328.000000,3310.000000,3315.000000,1775
2019-09-20T12:45:00+05:30,3315.000000,3321.450000,3310.000000,3310.050000,1335
2019-09-20T13:00:00+05:30,3310.050000,3390.000000,3310.000000,3373.600000,8128
2019-09-20T13:15:00+05:30,3373.600000,3399.800000,3371.900000,3377.750000,3520
2019-09-20T13:30:00+05:30,3377.750000,3399.000000,3372.000000,3375.500000,1707
2019-09-20T13:45:00+05:30,3375.500000,3384.950000,3351.050000,3360.500000,3073
2019-09-20T14:00:00+05:30,3360.500000,3360.500000,3315.000000,3331.000000,2239
2019-09-20T14:15:00+05:30,3340.000000,3343.950000,3332.750000,3335.500000,1342
2019-09-20T14:30:00+05:30,3335.500000,3355.050000,3335.000000,3351.450000,4059
2019-09-20T14:45:00+05:30,3351.450000,3355.000000,3335.500000,3342.050000,2346
2019-09-20T15:00:00+05:30,3342.050000,3342.050000,3241.000000,3243.050000,8748
2019-09-20T15:15:00+05:30,3243.050000,3285.000000,3225.000000,3240.000000,7763
2019-09-23T09:15:00+05:30,3318.900000,3350.000000,3272.850000,3291.800000,2887
2019-09-23T09:30:00+05:30,3291.800000,3310.950000,3290.000000,3310.000000,586
2019-09-23T09:45:00+05:30,3310.000000,3317.600000,3310.000000,3310.050000,609
2019-09-23T10:00:00+05:30,3310.050000,3344.500000,3310.050000,3344.500000,1278
2019-09-23T10:15:00+05:30,3344.500000,3344.500000,3325.350000,3341.500000,658
2019-09-23T10:30:00+05:30,3341.500000,3365.000000,3332.750000,3365.000000,1629
2019-09-23T10:45:00+05:30,3365.000000,3400.100000,3350.000000,3375.050000,6371
2019-09-23T11:00:00+05:30,3375.050000,3387.100000,3355.850000,3361.050000,794
2019-09-23T11:15:00+05:30,3361.050000,3382.800000,3356.100000,3365.000000,1145
2019-09-23T11:30:00+05:30,3365.000000,3399.800000,3365.000000,3399.800000,1463
2019-09-23T11:45:00+05:30,3399.800000,3420.000000,3381.050000,3383.000000,2878
2019-09-23T12:00:00+05:30,3383.000000,3386.600000,3360.000000,3360.000000,837
2019-09-23T12:15:00+05:30,3360.000000,3382.150000,3355.000000,3361.750000,897
2019-09-23T12:30:00+05:30,3361.750000,3368.500000,3349.900000,3355.050000,1474
2019-09-23T12:45:00+05:30,3355.050000,3358.100000,3351.050000,3355.750000,855
2019-09-23T13:00:00+05:30,3355.750000,3358.850000,3353.000000,3354.250000,967
2019-09-23T13:15:00+05:30,3354.250000,3356.000000,3350.000000,3350.000000,1612
2019-09-23T13:30:00+05:30,3354.150000,3355.750000,3340.000000,3351.700000,1968
2019-09-23T13:45:00+05:30,3351.700000,3354.950000,3345.000000,3350.000000,1226
2019-09-23T14:00:00+05:30,3352.200000,3355.000000,3345.550000,3346.000000,1143
2019-09-23T14:15:00+05:30,3346.000000,3355.000000,3344.750000,3350.000000,1301
2019-09-23T14:30:00+05:30,3350.000000,3354.700000,3346.000000,3346.100000,1330
2019-09-23T14:45:00+05:30,3346.100000,3353.050000,3344.950000,3347.400000,2221
2019-09-23T15:00:00+05:30,3347.400000,3417.400000,3347.400000,3415.950000,5253
2019-09-23T15:15:00+05:30,3399.000000,3399.000000,3387.000000,3387.000000,3304
2019-09-24T09:15:00+05:30,3387.150000,3420.000000,3360.650000,3405.850000,1407
2019-09-24T09:30:00+05:30,3405.850000,3488.000000,3405.850000,3446.100000,5645
2019-09-24T09:45:00+05:30,3446.100000,3480.300000,3435.000000,3475.000000,3900
2019-09-24T10:00:00+05:30,3475.000000,3482.000000,3460.300000,3460.300000,2817
2019-09-24T10:15:00+05:30,3460.300000,3470.000000,3440.000000,3442.850000,2406
2019-09-24T10:30:00+05:30,3442.850000,3442.850000,3420.000000,3422.000000,2207
2019-09-24T10:45:00+05:30,3422.000000,3448.000000,3422.000000,3428.350000,2367
2019-09-24T11:00:00+05:30,3428.350000,3432.900000,3403.000000,3403.200000,2349
2019-09-24T11:15:00+05:30,3403.200000,3407.000000,3384.900000,3404.000000,1715
2019-09-24T11:30:00+05:30,3404.000000,3407.000000,3385.100000,3387.050000,3283
2019-09-24T11:45:00+05:30,3387.050000,3387.050000,3370.250000,3372.150000,2904
2019-09-24T12:00:00+05:30,3372.150000,3379.050000,3372.150000,3375.050000,1873
2019-09-24T12:15:00+05:30,3375.050000,3425.000000,3373.000000,3381.000000,6877
2019-09-24T12:30:00+05:30,3381.000000,3408.000000,3380.550000,3386.100000,1648
2019-09-24T12:45:00+05:30,3386.100000,3389.800000,3365.000000,3367.500000,1596
2019-09-24T13:00:00+05:30,3367.500000,3370.000000,3361.250000,3365.000000,1597
2019-09-24T13:15:00+05:30,3365.000000,3368.000000,3362.000000,3365.050000,1116
2019-09-24T13:30:00+05:30,3367.000000,3372.200000,3365.000000,3365.500000,1269
2019-09-24T13:45:00+05:30,3365.500000,3373.200000,3365.500000,3367.050000,1559
2019-09-24T14:00:00+05:30,3367.050000,3405.050000,3361.000000,3372.000000,5268
2019-09-24T14:15:00+05:30,3372.000000,3377.000000,3364.050000,3376.900000,1248
2019-09-24T14:30:00+05:30,3376.900000,3382.000000,3366.000000,3366.000000,1570
2019-09-24T14:45:00+05:30,3366.000000,3366.300000,3351.150000,3361.900000,1771
2019-09-24T15:00:00+05:30,3365.150000,3370.000000,3350.000000,3352.150000,2176
2019-09-24T15:15:00+05:30,3352.150000,3387.000000,3352.000000,3360.000000,3610
2019-09-25T09:15:00+05:30,3384.750000,3391.000000,3360.050000,3365.400000,738
2019-09-25T09:30:00+05:30,3365.400000,3366.500000,3335.000000,3336.000000,824
2019-09-25T09:45:00+05:30,3336.000000,3355.000000,3327.000000,3345.050000,1101
2019-09-25T10:00:00+05:30,3345.000000,3397.000000,3339.000000,3383.350000,1975
2019-09-25T10:15:00+05:30,3383.350000,3383.350000,3352.450000,3352.450000,1011
2019-09-25T10:30:00+05:30,3352.450000,3358.000000,3331.050000,3332.000000,717
2019-09-25T10:45:00+05:30,3332.000000,3339.950000,3330.250000,3330.250000,607
2019-09-25T11:00:00+05:30,3330.250000,3355.100000,3330.250000,3337.600000,1185
2019-09-25T11:15:00+05:30,3337.600000,3340.000000,3327.000000,3327.000000,846
2019-09-25T11:30:00+05:30,3327.000000,3333.750000,3321.000000,3326.050000,523
2019-09-25T11:45:00+05:30,3326.050000,3336.050000,3320.250000,3325.000000,857
2019-09-25T12:00:00+05:30,3325.000000,3330.000000,3321.000000,3321.000000,338
2019-09-25T12:15:00+05:30,3321.000000,3321.150000,3307.300000,3317.000000,568
2019-09-25T12:30:00+05:30,3317.000000,3344.950000,3317.000000,3334.950000,1825
2019-09-25T12:45:00+05:30,3332.750000,3334.000000,3313.850000,3320.900000,576
2019-09-25T13:00:00+05:30,3321.200000,3322.050000,3311.000000,3321.950000,1035
2019-09-25T13:15:00+05:30,3321.950000,3338.800000,3316.150000,3325.000000,1334
2019-09-25T13:30:00+05:30,3325.000000,3334.300000,3325.000000,3326.650000,614
2019-09-25T13:45:00+05:30,3326.650000,3333.950000,3325.500000,3327.250000,354
2019-09-25T14:00:00+05:30,3327.250000,3334.000000,3325.500000,3325.550000,319
2019-09-25T14:15:00+05:30,3325.550000,3329.800000,3317.000000,3317.000000,887
2019-09-25T14:30:00+05:30,3317.000000,3339.850000,3305.250000,3324.050000,1258
2019-09-25T14:45:00+05:30,3324.050000,3325.000000,3314.300000,3320.000000,25554
2019-09-25T15:00:00+05:30,3320.000000,3330.000000,3316.000000,3316.000000,1168
2019-09-25T15:15:00+05:30,3317.700000,3333.300000,3306.000000,3322.100000,3192
2019-09-26T09:15:00+05:30,3350.000000,3390.000000,3350.000000,3359.550000,1809
2019-09-26T09:30:00+05:30,3359.550000,3359.600000,3355.050000,3355.150000,473
2019-09-26T09:45:00+05:30,3355.150000,3358.650000,3340.650000,3351.800000,719
2019-09-26T10:00:00+05:30,3351.800000,3353.650000,3315.000000,3320.000000,1775
2019-09-26T10:15:00+05:30,3320.000000,3321.300000,3302.050000,3306.000000,1536
2019-09-26T10:30:00+05:30,3306.000000,3309.950000,3281.000000,3290.500000,1636
2019-09-26T10:45:00+05:30,3290.500000,3293.800000,3281.400000,3292.900000,894
2019-09-26T11:00:00+05:30,3292.900000,3294.050000,3284.050000,3290.500000,490
2019-09-26T11:15:00+05:30,3290.500000,3296.250000,3285.500000,3290.000000,485
2019-09-26T11:30:00+05:30,3290.000000,3290.000000,3269.950000,3276.350000,1119
2019-09-26T11:45:00+05:30,3276.350000,3292.950000,3276.350000,3282.000000,2831
2019-09-26T12:00:00+05:30,3282.000000,3285.000000,3267.000000,3273.950000,428
2019-09-26T12:15:00+05:30,3273.950000,3279.600000,3267.050000,3276.000000,325
2019-09-26T12:30:00+05:30,3276.000000,3279.600000,3266.300000,3269.700000,454
2019-09-26T12:45:00+05:30,3269.550000,3279.300000,3267.700000,3267.700000,25229
2019-09-26T13:00:00+05:30,3267.700000,3275.000000,3265.000000,3271.200000,29095
2019-09-26T13:15:00+05:30,3271.200000,3275.000000,3255.000000,3256.050000,1785
2019-09-26T13:30:00+05:30,3256.050000,3271.800000,3256.050000,3260.500000,1307
2019-09-26T13:45:00+05:30,3260.500000,3274.900000,3258.000000,3263.000000,1335
2019-09-26T14:00:00+05:30,3263.000000,3279.000000,3258.000000,3275.150000,2142
2019-09-26T14:15:00+05:30,3275.150000,3323.000000,3275.150000,3311.000000,4772
2019-09-26T14:30:00+05:30,3311.000000,3318.000000,3290.050000,3300.900000,3738
2019-09-26T14:45:00+05:30,3300.900000,3307.100000,3270.000000,3270.000000,1898
2019-09-26T15:00:00+05:30,3278.500000,3300.000000,3271.150000,3272.200000,1071
2019-09-26T15:15:00+05:30,3275.000000,3288.400000,3265.100000,3280.000000,1912
2019-09-27T09:15:00+05:30,3279.900000,3295.000000,3265.600000,3272.550000,462
2019-09-27T09:30:00+05:30,3272.550000,3285.000000,3272.550000,3275.000000,434
2019-09-27T09:45:00+05:30,3275.000000,3275.000000,3252.100000,3255.750000,1043
2019-09-27T10:00:00+05:30,3255.750000,3259.000000,3233.000000,3233.000000,1314
2019-09-27T10:15:00+05:30,3233.000000,3249.700000,3232.600000,3240.000000,564
2019-09-27T10:30:00+05:30,3239.950000,3249.450000,3239.950000,3244.050000,131
2019-09-27T10:45:00+05:30,3244.050000,3247.400000,3238.250000,3238.250000,306
2019-09-27T11:00:00+05:30,3238.250000,3246.100000,3236.000000,3236.150000,333
2019-09-27T11:15:00+05:30,3236.150000,3238.200000,3222.550000,3232.950000,1365
2019-09-27T11:30:00+05:30,3232.650000,3242.000000,3230.200000,3240.000000,398
2019-09-27T11:45:00+05:30,3240.000000,3245.000000,3239.000000,3240.550000,205
2019-09-27T12:00:00+05:30,3240.550000,3246.000000,3240.150000,3240.150000,21
2019-09-27T12:15:00+05:30,3240.150000,3245.000000,3239.000000,3240.100000,200
2019-09-27T12:30:00+05:30,3240.100000,3244.900000,3240.100000,3244.900000,165
2019-09-27T12:45:00+05:30,3244.900000,3250.000000,3241.250000,3247.850000,361
2019-09-27T13:00:00+05:30,3247.850000,3247.950000,3215.000000,3221.900000,2623
2019-09-27T13:15:00+05:30,3221.900000,3227.100000,3215.200000,3219.100000,447
2019-09-27T13:30:00+05:30,3219.100000,3232.600000,3219.100000,3230.350000,438
2019-09-27T13:45:00+05:30,3230.350000,3230.350000,3220.000000,3225.850000,765
2019-09-27T14:00:00+05:30,3225.850000,3243.950000,3220.050000,3235.000000,1112
2019-09-27T14:15:00+05:30,3235.000000,3235.750000,3220.000000,3223.150000,665
2019-09-27T14:30:00+05:30,3223.150000,3234.900000,3220.000000,3232.000000,671
2019-09-27T14:45:00+05:30,3232.000000,3263.950000,3220.000000,3255.550000,3602
2019-09-27T15:00:00+05:30,3255.550000,3267.900000,3245.000000,3252.000000,4078
2019-09-27T15:15:00+05:30,3252.000000,3316.800000,3226.500000,3275.500000,8473
2019-09-30T09:15:00+05:30,3300.000000,3300.000000,3262.000000,3275.000000,580
2019-09-30T09:30:00+05:30,3275.000000,3275.000000,3231.300000,3237.000000,1394
2019-09-30T09:45:00+05:30,3237.000000,3258.950000,3232.000000,3258.500000,876
2019-09-30T10:00:00+05:30,3258.500000,3258.500000,3246.450000,3249.950000,44
2019-09-30T10:15:00+05:30,3249.950000,3258.000000,3237.100000,3257.950000,394
2019-09-30T10:30:00+05:30,3257.950000,3269.450000,3250.050000,3269.450000,174
2019-09-30T10:45:00+05:30,3269.450000,3270.000000,3241.550000,3245.000000,220
2019-09-30T11:00:00+05:30,3245.000000,3255.000000,3245.000000,3249.200000,58
2019-09-30T11:15:00+05:30,3249.200000,3254.900000,3247.000000,3250.000000,38
2019-09-30T11:30:00+05:30,3250.000000,3263.250000,3248.100000,3260.000000,176
2019-09-30T11:45:00+05:30,3260.000000,3270.700000,3260.000000,3262.100000,108
2019-09-30T12:00:00+05:30,3262.100000,3262.100000,3250.450000,3259.700000,73
2019-09-30T12:15:00+05:30,3259.700000,3259.700000,3249.000000,3249.500000,111
2019-09-30T12:30:00+05:30,3249.500000,3253.850000,3249.500000,3249.650000,66
2019-09-30T12:45:00+05:30,3249.650000,3257.950000,3249.650000,3257.950000,133
2019-09-30T13:00:00+05:30,3257.950000,3263.700000,3256.800000,3263.700000,32
2019-09-30T13:15:00+05:30,3265.450000,3270.000000,3265.000000,3265.600000,51
2019-09-30T13:30:00+05:30,3265.550000,3268.000000,3262.000000,3268.000000,62
2019-09-30T13:45:00+05:30,3268.000000,3272.950000,3268.000000,3272.850000,33
2019-09-30T14:00:00+05:30,3272.800000,3275.000000,3266.000000,3270.650000,190
2019-09-30T14:15:00+05:30,3270.650000,3295.000000,3267.000000,3295.000000,757
2019-09-30T14:30:00+05:30,3295.000000,3295.000000,3272.850000,3282.450000,238
2019-09-30T14:45:00+05:30,3282.450000,3318.400000,3282.450000,3300.000000,1835
2019-09-30T15:00:00+05:30,3300.000000,3358.950000,3299.950000,3335.000000,6860
2019-09-30T15:15:00+05:30,3335.000000,3378.900000,3330.000000,3370.000000,9230
2019-10-01T09:15:00+05:30,3349.950000,3364.850000,3321.250000,3324.600000,403
2019-10-01T09:30:00+05:30,3324.850000,3338.400000,3300.000000,3313.350000,622
2019-10-01T09:45:00+05:30,3313.350000,3316.400000,3310.000000,3313.150000,85
2019-10-01T10:00:00+05:30,3313.150000,3319.000000,3281.100000,3307.000000,474
2019-10-01T10:15:00+05:30,3307.000000,3308.000000,3302.000000,3302.000000,82
2019-10-01T10:30:00+05:30,3302.000000,3314.950000,3300.000000,3311.600000,57
2019-10-01T10:45:00+05:30,3311.600000,3316.450000,3311.600000,3315.000000,70
2019-10-01T11:00:00+05:30,3316.400000,3332.850000,3315.000000,3330.000000,374
2019-10-01T11:15:00+05:30,3330.000000,3336.250000,3323.350000,3323.350000,102
2019-10-01T11:30:00+05:30,3323.350000,3331.000000,3321.500000,3331.000000,30
2019-10-01T11:45:00+05:30,3331.000000,3332.950000,3330.000000,3330.400000,42
2019-10-01T12:00:00+05:30,3325.400000,3330.100000,3301.300000,3301.300000,211
2019-10-01T12:15:00+05:30,3301.300000,3304.800000,3300.000000,3304.000000,141
2019-10-01T12:30:00+05:30,3304.000000,3313.000000,3304.000000,3312.550000,105
2019-10-01T12:45:00+05:30,3312.550000,3325.000000,3312.550000,3324.000000,140
2019-10-01T13:00:00+05:30,3324.000000,3329.300000,3320.800000,3326.150000,41
2019-10-01T13:15:00+05:30,3326.150000,3326.550000,3287.600000,3292.950000,187
2019-10-01T13:30:00+05:30,3292.950000,3303.000000,3281.000000,3287.300000,212
2019-10-01T13:45:00+05:30,3287.300000,3292.550000,3279.100000,3290.000000,598
2019-10-01T14:00:00+05:30,3290.000000,3290.000000,3265.050000,3280.000000,1225
2019-10-01T14:15:00+05:30,3280.000000,3286.750000,3266.550000,3284.000000,521
2019-10-01T14:30:00+05:30,3284.000000,3290.000000,3266.000000,3284.500000,427
2019-10-01T14:45:00+05:30,3284.500000,3310.000000,3270.050000,3286.800000,1371
2019-10-01T15:00:00+05:30,3281.650000,3291.350000,3253.000000,3266.850000,962
2019-10-01T15:15:00+05:30,3266.850000,3267.150000,3246.000000,3246.000000,1533
2019-10-03T09:15:00+05:30,3246.000000,3246.000000,3214.550000,3239.950000,592
2019-10-03T09:30:00+05:30,3239.950000,3252.000000,3223.000000,3246.700000,747
2019-10-03T09:45:00+05:30,3246.700000,3259.000000,3227.300000,3250.150000,907
2019-10-03T10:00:00+05:30,3250.150000,3250.150000,3240.000000,3246.250000,284
2019-10-03T10:15:00+05:30,3246.250000,3246.250000,3221.400000,3226.050000,891
2019-10-03T10:30:00+05:30,3226.050000,3235.450000,3226.050000,3227.150000,324
2019-10-03T10:45:00+05:30,3227.500000,3236.900000,3212.100000,3226.000000,1451
2019-10-03T11:00:00+05:30,3226.000000,3238.050000,3221.000000,3238.000000,324
2019-10-03T11:15:00+05:30,3235.050000,3238.000000,3230.200000,3230.200000,64
2019-10-03T11:30:00+05:30,3228.600000,3229.700000,3223.150000,3229.650000,240
2019-10-03T11:45:00+05:30,3224.150000,3228.600000,3224.000000,3224.000000,122
2019-10-03T12:00:00+05:30,3226.500000,3226.600000,3220.900000,3226.350000,560
2019-10-03T12:15:00+05:30,3224.600000,3227.150000,3221.700000,3227.150000,484
2019-10-03T12:30:00+05:30,3227.100000,3227.250000,3223.000000,3225.400000,331
2019-10-03T12:45:00+05:30,3223.000000,3224.650000,3212.200000,3214.500000,299
2019-10-03T13:00:00+05:30,3214.500000,3223.300000,3214.500000,3218.850000,203
2019-10-03T13:15:00+05:30,3218.850000,3223.850000,3215.050000,3223.850000,130
2019-10-03T13:30:00+05:30,3223.850000,3223.950000,3212.600000,3218.450000,143
2019-10-03T13:45:00+05:30,3218.450000,3223.950000,3216.100000,3223.850000,396
2019-10-03T14:00:00+05:30,3223.950000,3223.950000,3220.800000,3223.950000,66
2019-10-03T14:15:00+05:30,3223.950000,3225.050000,3218.450000,3225.050000,313
2019-10-03T14:30:00+05:30,3223.900000,3225.150000,3218.000000,3218.000000,267
2019-10-03T14:45:00+05:30,3218.000000,3220.650000,3214.000000,3214.050000,383
2019-10-03T15:00:00+05:30,3214.050000,3223.500000,3214.050000,3219.800000,495
2019-10-03T15:15:00+05:30,3215.500000,3224.600000,3204.500000,3217.000000,1775
2019-10-04T09:15:00+05:30,3239.500000,3239.500000,3207.050000,3207.050000,384
2019-10-04T09:30:00+05:30,3206.200000,3207.050000,3178.050000,3194.700000,1267
2019-10-04T09:45:00+05:30,3194.700000,3204.950000,3186.000000,3203.150000,510
2019-10-04T10:00:00+05:30,3203.150000,3207.550000,3185.150000,3194.800000,410
2019-10-04T10:15:00+05:30,3194.800000,3196.700000,3189.100000,3196.400000,185
2019-10-04T10:30:00+05:30,3196.400000,3205.450000,3190.400000,3194.600000,306
2019-10-04T10:45:00+05:30,3194.600000,3205.000000,3191.050000,3195.200000,248
2019-10-04T11:00:00+05:30,3198.950000,3199.000000,3190.100000,3190.300000,296
2019-10-04T11:15:00+05:30,3190.300000,3197.800000,3190.250000,3196.450000,226
2019-10-04T11:30:00+05:30,3194.000000,3203.150000,3192.000000,3195.350000,118
2019-10-04T11:45:00+05:30,3195.350000,3202.750000,3185.100000,3185.100000,620
2019-10-04T12:00:00+05:30,3185.100000,3185.100000,3161.000000,3173.900000,1989
2019-10-04T12:15:00+05:30,3173.900000,3179.100000,3170.000000,3170.100000,1033
2019-10-04T12:30:00+05:30,3170.100000,3188.400000,3169.100000,3177.650000,542
2019-10-04T12:45:00+05:30,3177.650000,3188.000000,3175.150000,3181.000000,321
2019-10-04T13:00:00+05:30,3181.000000,3188.900000,3175.100000,3186.000000,363
2019-10-04T13:15:00+05:30,3186.000000,3188.950000,3180.050000,3187.950000,96
2019-10-04T13:30:00+05:30,3187.950000,3188.000000,3177.050000,3183.900000,297
2019-10-04T13:45:00+05:30,3183.900000,3183.950000,3178.000000,3183.950000,144
2019-10-04T14:00:00+05:30,3183.950000,3190.000000,3180.000000,3184.000000,494
2019-10-04T14:15:00+05:30,3184.000000,3189.850000,3175.050000,3179.850000,206
2019-10-04T14:30:00+05:30,3179.850000,3179.850000,3140.000000,3159.950000,2198
2019-10-04T14:45:00+05:30,3155.200000,3169.900000,3151.000000,3159.050000,668
2019-10-04T15:00:00+05:30,3159.050000,3169.700000,3155.000000,3159.850000,357
2019-10-04T15:15:00+05:30,3159.850000,3200.050000,3125.000000,3160.000000,3695
2019-10-07T09:15:00+05:30,3158.400000,3179.000000,3134.250000,3135.000000,339
2019-10-07T09:30:00+05:30,3135.000000,3142.000000,3109.400000,3142.000000,719
2019-10-07T09:45:00+05:30,3142.000000,3149.900000,3122.000000,3140.450000,1380
2019-10-07T10:00:00+05:30,3140.450000,3162.150000,3138.050000,3160.000000,496
2019-10-07T10:15:00+05:30,3160.000000,3168.000000,3154.000000,3164.950000,185
2019-10-07T10:30:00+05:30,3164.950000,3169.850000,3140.000000,3140.000000,329
2019-10-07T10:45:00+05:30,3140.000000,3158.950000,3133.000000,3153.000000,234
2019-10-07T11:00:00+05:30,3153.000000,3153.000000,3150.000000,3153.000000,153
2019-10-07T11:15:00+05:30,3153.000000,3153.000000,3134.000000,3148.950000,323
2019-10-07T11:30:00+05:30,3148.150000,3154.350000,3148.150000,3152.000000,205
2019-10-07T11:45:00+05:30,3152.000000,3156.000000,3152.000000,3156.000000,64
2019-10-07T12:00:00+05:30,3156.000000,3156.000000,3152.000000,3153.850000,368
2019-10-07T12:15:00+05:30,3153.450000,3164.750000,3152.000000,3164.750000,268
2019-10-07T12:30:00+05:30,3164.750000,3165.000000,3162.650000,3165.000000,56
2019-10-07T12:45:00+05:30,3165.000000,3169.000000,3160.200000,3161.050000,143
2019-10-07T13:00:00+05:30,3166.400000,3166.450000,3160.350000,3166.000000,43
2019-10-07T13:15:00+05:30,3166.000000,3166.400000,3160.150000,3166.400000,213
2019-10-07T13:30:00+05:30,3166.400000,3173.000000,3160.200000,3173.000000,306
2019-10-07T13:45:00+05:30,3173.000000,3173.000000,3163.600000,3166.200000,319
2019-10-07T14:00:00+05:30,3166.200000,3181.050000,3165.050000,3175.000000,259
2019-10-07T14:15:00+05:30,3175.000000,3180.000000,3168.500000,3174.000000,373
2019-10-07T14:30:00+05:30,3174.000000,3177.950000,3169.550000,3169.650000,321
2019-10-07T14:45:00+05:30,3169.650000,3175.100000,3154.000000,3154.500000,1422
2019-10-07T15:00:00+05:30,3154.500000,3176.000000,3154.500000,3165.400000,892
2019-10-07T15:15:00+05:30,3165.400000,3170.000000,3157.000000,3159.700000,421
2019-10-09T09:15:00+05:30,3156.300000,3179.800000,3152.800000,3172.000000,405
2019-10-09T09:30:00+05:30,3172.000000,3172.000000,3160.000000,3160.050000,202
2019-10-09T09:45:00+05:30,3160.050000,3164.700000,3137.650000,3150.000000,977
2019-10-09T10:00:00+05:30,3150.000000,3153.050000,3141.000000,3150.100000,505
2019-10-09T10:15:00+05:30,3150.100000,3150.100000,3143.000000,3149.350000,174
2019-10-09T10:30:00+05:30,3149.350000,3163.450000,3149.350000,3161.250000,150
2019-10-09T10:45:00+05:30,3161.250000,3165.000000,3161.000000,3165.000000,14
2019-10-09T11:00:00+05:30,3160.400000,3166.000000,3160.000000,3166.000000,84
2019-10-09T11:15:00+05:30,3166.000000,3178.850000,3166.000000,3178.850000,111
2019-10-09T11:30:00+05:30,3178.850000,3183.500000,3168.950000,3176.800000,203
2019-10-09T11:45:00+05:30,3176.800000,3176.800000,3166.000000,3172.400000,136
2019-10-09T12:00:00+05:30,3172.400000,3178.300000,3172.250000,3178.300000,169
2019-10-09T12:15:00+05:30,3178.300000,3178.300000,3167.000000,3167.000000,260
2019-10-09T12:30:00+05:30,3167.000000,3170.900000,3167.000000,3168.200000,60
2019-10-09T12:45:00+05:30,3168.200000,3172.000000,3163.000000,3172.000000,178
2019-10-09T13:00:00+05:30,3172.000000,3179.400000,3172.000000,3174.650000,18
2019-10-09T13:15:00+05:30,3174.650000,3177.950000,3171.000000,3171.200000,54
2019-10-09T13:30:00+05:30,3171.200000,3175.400000,3165.000000,3169.450000,31
2019-10-09T13:45:00+05:30,3161.000000,3180.000000,3161.000000,3175.000000,583
2019-10-09T14:00:00+05:30,3175.000000,3188.900000,3175.000000,3184.150000,172
2019-10-09T14:15:00+05:30,3188.500000,3188.500000,3177.650000,3177.700000,82
2019-10-09T14:30:00+05:30,3177.700000,3183.950000,3175.000000,3183.950000,74
2019-10-09T14:45:00+05:30,3183.950000,3184.000000,3160.800000,3161.000000,139
2019-10-09T15:00:00+05:30,3161.000000,3161.300000,3145.150000,3151.000000,531
2019-10-09T15:15:00+05:30,3151.000000,3170.050000,3133.150000,3137.200000,1267
2019-10-10T09:15:00+05:30,3169.800000,3169.800000,3142.500000,3142.500000,394
2019-10-10T09:30:00+05:30,3142.500000,3153.100000,3134.000000,3134.000000,243
2019-10-10T09:45:00+05:30,3134.000000,3139.450000,3120.000000,3122.000000,344
2019-10-10T10:00:00+05:30,3122.000000,3127.550000,3105.550000,3120.000000,1385
2019-10-10T10:15:00+05:30,3120.000000,3120.000000,3097.050000,3101.750000,789
2019-10-10T10:30:00+05:30,3101.750000,3110.950000,3095.000000,3105.500000,877
2019-10-10T10:45:00+05:30,3105.500000,3111.000000,3096.450000,3111.000000,532
2019-10-10T11:00:00+05:30,3111.000000,3111.000000,3102.050000,3104.900000,283
2019-10-10T11:15:00+05:30,3104.900000,3107.900000,3097.050000,3107.900000,139
2019-10-10T11:30:00+05:30,3107.000000,3115.750000,3105.000000,3114.200000,887
2019-10-10T11:45:00+05:30,3114.200000,3125.000000,3114.150000,3125.000000,471
2019-10-10T12:00:00+05:30,3125.000000,3125.000000,3120.000000,3122.150000,235
2019-10-10T12:15:00+05:30,3122.150000,3127.450000,3121.700000,3127.100000,78
2019-10-10T12:30:00+05:30,3124.450000,3128.800000,3121.750000,3128.350000,44
2019-10-10T12:45:00+05:30,3128.350000,3128.350000,3121.000000,3125.950000,50
2019-10-10T13:00:00+05:30,3121.000000,3125.500000,3120.850000,3122.050000,361
2019-10-10T13:15:00+05:30,3122.050000,3125.000000,3121.000000,3123.500000,208
2019-10-10T13:30:00+05:30,3123.500000,3126.850000,3122.000000,3125.000000,118
2019-10-10T13:45:00+05:30,3125.000000,3129.900000,3124.950000,3129.900000,149
2019-10-10T14:00:00+05:30,3129.900000,3129.950000,3127.050000,3127.550000,55
2019-10-10T14:15:00+05:30,3127.500000,3135.650000,3110.050000,3125.150000,1429
2019-10-10T14:30:00+05:30,3125.150000,3130.000000,3125.000000,3126.900000,108
2019-10-10T14:45:00+05:30,3126.900000,3137.350000,3125.000000,3126.200000,489
2019-10-10T15:00:00+05:30,3126.200000,3129.700000,3120.000000,3124.900000,608
2019-10-10T15:15:00+05:30,3124.900000,3124.900000,3098.200000,3098.200000,843
2019-10-11T09:15:00+05:30,3113.000000,3129.900000,3113.000000,3121.400000,201
2019-10-11T09:30:00+05:30,3121.400000,3140.850000,3115.000000,3132.200000,377
2019-10-11T09:45:00+05:30,3132.200000,3132.200000,3115.550000,3120.000000,155
2019-10-11T10:00:00+05:30,3120.000000,3125.950000,3117.500000,3125.950000,14
2019-10-11T10:15:00+05:30,3125.950000,3130.000000,3120.250000,3127.000000,111
2019-10-11T10:30:00+05:30,3127.000000,3133.800000,3127.000000,3127.100000,726
2019-10-11T10:45:00+05:30,3127.100000,3139.800000,3127.100000,3139.800000,227
2019-10-11T11:00:00+05:30,3139.800000,3139.800000,3135.000000,3137.800000,76
2019-10-11T11:15:00+05:30,3137.800000,3138.000000,3135.000000,3138.000000,156
2019-10-11T11:30:00+05:30,3135.050000,3140.950000,3135.000000,3135.000000,136
2019-10-11T11:45:00+05:30,3131.200000,3135.350000,3130.000000,3130.000000,435
2019-10-11T12:00:00+05:30,3130.000000,3132.350000,3127.050000,3130.000000,69
2019-10-11T12:15:00+05:30,3127.050000,3132.000000,3127.050000,3130.000000,142
2019-10-11T12:30:00+05:30,3130.000000,3133.900000,3130.000000,3130.000000,588
2019-10-11T12:45:00+05:30,3130.000000,3137.950000,3130.000000,3131.000000,357
2019-10-11T13:00:00+05:30,3131.000000,3134.950000,3130.000000,3131.000000,76
2019-10-11T13:15:00+05:30,3134.900000,3135.950000,3130.000000,3131.050000,125
2019-10-11T13:30:00+05:30,3131.050000,3131.050000,3130.000000,3130.500000,230
2019-10-11T13:45:00+05:30,3130.000000,3132.000000,3130.000000,3132.000000,47
2019-10-11T14:00:00+05:30,3132.000000,3134.900000,3131.000000,3131.100000,22
2019-10-11T14:15:00+05:30,3131.100000,3138.000000,3131.100000,3133.950000,318
2019-10-11T14:30:00+05:30,3133.950000,3140.000000,3127.000000,3134.000000,19059
2019-10-11T14:45:00+05:30,3134.000000,3134.000000,3131.000000,3131.150000,543
2019-10-11T15:00:00+05:30,3131.150000,3140.250000,3131.000000,3135.500000,309
2019-10-11T15:15:00+05:30,3135.500000,3137.950000,3131.000000,3131.000000,1277
2019-10-14T09:15:00+05:30,3155.000000,3155.750000,3131.000000,3149.550000,527
2019-10-14T09:30:00+05:30,3149.550000,3150.000000,3131.050000,3146.900000,400
2019-10-14T09:45:00+05:30,3146.900000,3149.850000,3141.100000,3149.000000,123
2019-10-14T10:00:00+05:30,3147.000000,3147.000000,3135.000000,3140.400000,113
2019-10-14T10:15:00+05:30,3140.400000,3149.850000,3140.400000,3149.850000,97
2019-10-14T10:30:00+05:30,3149.850000,3149.850000,3144.100000,3144.100000,54
2019-10-14T10:45:00+05:30,3144.100000,3152.000000,3144.100000,3152.000000,101
2019-10-14T11:00:00+05:30,3152.000000,3180.000000,3150.050000,3162.000000,703
2019-10-14T11:15:00+05:30,3162.000000,3167.950000,3136.000000,3152.750000,986
2019-10-14T11:30:00+05:30,3152.000000,3156.000000,3146.000000,3146.000000,280
2019-10-14T11:45:00+05:30,3145.000000,3145.000000,3135.050000,3140.000000,226
2019-10-14T12:00:00+05:30,3140.000000,3146.450000,3140.000000,3142.900000,36
2019-10-14T12:15:00+05:30,3142.900000,3167.850000,3142.900000,3157.850000,625
2019-10-14T12:30:00+05:30,3157.850000,3162.600000,3157.850000,3160.100000,221
2019-10-14T12:45:00+05:30,3160.100000,3179.000000,3160.100000,3177.000000,428
2019-10-14T13:00:00+05:30,3177.000000,3182.000000,3172.000000,3175.000000,547
2019-10-14T13:15:00+05:30,3175.000000,3198.000000,3175.000000,3185.950000,963
2019-10-14T13:30:00+05:30,3184.950000,3185.950000,3175.000000,3176.300000,298
2019-10-14T13:45:00+05:30,3176.300000,3186.500000,3175.100000,3177.650000,104
2019-10-14T14:00:00+05:30,3177.650000,3179.800000,3175.500000,3176.150000,113
2019-10-14T14:15:00+05:30,3176.150000,3185.950000,3175.100000,3182.800000,116
2019-10-14T14:30:00+05:30,3182.800000,3187.050000,3177.550000,3180.150000,106
2019-10-14T14:45:00+05:30,3180.150000,3181.600000,3161.050000,3164.500000,344
2019-10-14T15:00:00+05:30,3164.500000,3184.000000,3161.100000,3161.100000,235
2019-10-14T15:15:00+05:30,3161.100000,3175.000000,3150.050000,3171.000000,4441
2019-10-15T09:15:00+05:30,3169.000000,3193.100000,3169.000000,3180.050000,427
2019-10-15T09:30:00+05:30,3180.050000,3186.750000,3180.000000,3185.950000,64
2019-10-15T09:45:00+05:30,3185.950000,3186.750000,3181.000000,3186.750000,136
2019-10-15T10:00:00+05:30,3186.750000,3189.850000,3162.100000,3184.550000,1007
2019-10-15T10:15:00+05:30,3184.550000,3184.950000,3153.150000,3165.200000,710
2019-10-15T10:30:00+05:30,3165.200000,3168.050000,3165.000000,3168.050000,40
2019-10-15T10:45:00+05:30,3168.050000,3187.750000,3166.000000,3166.000000,332
2019-10-15T11:00:00+05:30,3177.450000,3183.500000,3168.250000,3180.500000,205
2019-10-15T11:15:00+05:30,3180.500000,3184.050000,3179.000000,3179.000000,201
2019-10-15T11:30:00+05:30,3179.000000,3200.000000,3179.000000,3200.000000,462
2019-10-15T11:45:00+05:30,3200.000000,3211.750000,3180.700000,3192.350000,933
2019-10-15T12:00:00+05:30,3192.350000,3197.950000,3189.950000,3194.300000,82
2019-10-15T12:15:00+05:30,3194.300000,3195.500000,3191.050000,3191.050000,118
2019-10-15T12:30:00+05:30,3191.050000,3191.050000,3190.000000,3191.050000,64
2019-10-15T12:45:00+05:30,3191.050000,3192.000000,3182.200000,3185.050000,213
2019-10-15T13:00:00+05:30,3185.050000,3188.000000,3185.000000,3188.000000,102
2019-10-15T13:15:00+05:30,3188.000000,3190.100000,3185.000000,3190.100000,567
2019-10-15T13:30:00+05:30,3190.100000,3191.950000,3189.800000,3191.950000,41
2019-10-15T13:45:00+05:30,3194.000000,3198.000000,3188.900000,3190.800000,116
2019-10-15T14:00:00+05:30,3195.950000,3196.000000,3189.100000,3189.100000,29
2019-10-15T14:15:00+05:30,3189.100000,3194.450000,3189.100000,3190.550000,34
2019-10-15T14:30:00+05:30,3190.550000,3200.000000,3187.000000,3187.450000,637
2019-10-15T14:45:00+05:30,3187.450000,3200.000000,3187.450000,3200.000000,160
2019-10-15T15:00:00+05:30,3200.000000,3200.000000,3190.000000,3194.450000,620
2019-10-15T15:15:00+05:30,3194.450000,3199.000000,3185.000000,3185.000000,736
2019-10-16T09:15:00+05:30,3200.000000,3200.000000,3182.600000,3190.050000,409
2019-10-16T09:30:00+05:30,3190.050000,3198.000000,3190.050000,3198.000000,126
2019-10-16T09:45:00+05:30,3198.000000,3218.000000,3197.300000,3213.150000,467
2019-10-16T10:00:00+05:30,3213.150000,3213.150000,3205.000000,3205.100000,190
2019-10-16T10:15:00+05:30,3205.100000,3212.950000,3205.100000,3210.150000,210
2019-10-16T10:30:00+05:30,3210.150000,3212.000000,3205.150000,3208.800000,199
2019-10-16T10:45:00+05:30,3208.800000,3208.800000,3203.150000,3203.150000,80
2019-10-16T11:00:00+05:30,3203.100000,3205.000000,3194.800000,3194.800000,256
2019-10-16T11:15:00+05:30,3194.800000,3196.350000,3191.000000,3196.050000,35
2019-10-16T11:30:00+05:30,3196.050000,3208.150000,3180.000000,3207.650000,17653
2019-10-16T11:45:00+05:30,3207.650000,3207.850000,3201.300000,3205.000000,176
2019-10-16T12:00:00+05:30,3205.000000,3205.000000,3201.250000,3201.250000,183
2019-10-16T12:15:00+05:30,3201.250000,3202.000000,3201.250000,3201.250000,17
2019-10-16T12:30:00+05:30,3201.250000,3204.000000,3201.250000,3201.250000,39
2019-10-16T12:45:00+05:30,3201.250000,3218.000000,3201.250000,3216.900000,1209
2019-10-16T13:00:00+05:30,3216.900000,3216.900000,3195.900000,3199.950000,439
2019-10-16T13:15:00+05:30,3202.000000,3202.000000,3194.050000,3199.900000,150
2019-10-16T13:30:00+05:30,3200.000000,3209.700000,3200.000000,3208.950000,469
2019-10-16T13:45:00+05:30,3208.950000,3208.950000,3205.100000,3208.000000,189
2019-10-16T14:00:00+05:30,3207.900000,3210.000000,3200.550000,3200.550000,341
2019-10-16T14:15:00+05:30,3200.550000,3215.000000,3200.550000,3205.000000,772
2019-10-16T14:30:00+05:30,3205.000000,3215.000000,3203.750000,3214.000000,867
2019-10-16T14:45:00+05:30,3214.000000,3214.000000,3206.800000,3210.000000,259
2019-10-16T15:00:00+05:30,3210.000000,3210.750000,3185.200000,3185.200000,323
2019-10-16T15:15:00+05:30,3185.200000,3203.500000,3178.000000,3180.000000,870
2019-10-17T09:15:00+05:30,3190.000000,3212.700000,3182.750000,3205.050000,440
2019-10-17T09:30:00+05:30,3205.050000,3209.800000,3199.650000,3199.650000,76
2019-10-17T09:45:00+05:30,3199.650000,3199.700000,3190.150000,3192.000000,98
2019-10-17T10:00:00+05:30,3192.500000,3208.950000,3190.150000,3207.900000,864
2019-10-17T10:15:00+05:30,3207.900000,3207.900000,3205.000000,3205.050000,44
2019-10-17T10:30:00+05:30,3207.950000,3209.000000,3203.000000,3203.000000,190
2019-10-17T10:45:00+05:30,3203.000000,3206.650000,3200.800000,3201.000000,37
2019-10-17T11:00:00+05:30,3201.000000,3203.150000,3200.150000,3203.150000,29
2019-10-17T11:15:00+05:30,3203.150000,3203.150000,3200.100000,3201.750000,48
2019-10-17T11:30:00+05:30,3201.750000,3205.100000,3201.750000,3205.100000,133
2019-10-17T11:45:00+05:30,3205.100000,3205.100000,3204.800000,3204.800000,23
2019-10-17T12:00:00+05:30,3204.800000,3204.800000,3201.000000,3201.050000,17
2019-10-17T12:15:00+05:30,3201.050000,3202.850000,3200.050000,3200.050000,141
2019-10-17T12:30:00+05:30,3200.050000,3200.050000,3195.000000,3197.100000,79
2019-10-17T12:45:00+05:30,3197.100000,3205.000000,3197.100000,3203.000000,160
2019-10-17T13:00:00+05:30,3203.000000,3210.450000,3200.000000,3210.450000,1565
2019-10-17T13:15:00+05:30,3210.450000,3218.000000,3206.650000,3213.000000,1386
2019-10-17T13:30:00+05:30,3213.000000,3214.700000,3205.000000,3210.000000,411
2019-10-17T13:45:00+05:30,3210.000000,3214.700000,3210.000000,3210.000000,266
2019-10-17T14:00:00+05:30,3210.000000,3218.700000,3210.000000,3217.950000,201
2019-10-17T14:15:00+05:30,3217.950000,3217.950000,3210.000000,3213.950000,278
2019-10-17T14:30:00+05:30,3215.750000,3215.750000,3210.050000,3212.100000,103
2019-10-17T14:45:00+05:30,3212.100000,3212.100000,3207.100000,3210.000000,1521
2019-10-17T15:00:00+05:30,3210.000000,3210.000000,3183.000000,3199.150000,493
2019-10-17T15:15:00+05:30,3199.150000,3210.000000,3195.000000,3195.000000,1041
2019-10-18T09:15:00+05:30,3200.000000,3231.950000,3184.000000,3231.950000,426
2019-10-18T09:30:00+05:30,3231.950000,3231.950000,3219.350000,3225.500000,298
2019-10-18T09:45:00+05:30,3225.500000,3225.500000,3218.500000,3218.800000,231
2019-10-18T10:00:00+05:30,3218.800000,3224.000000,3214.950000,3220.450000,194
2019-10-18T10:15:00+05:30,3220.450000,3220.450000,3210.400000,3210.400000,62
2019-10-18T10:30:00+05:30,3210.400000,3220.000000,3210.400000,3220.000000,57
2019-10-18T10:45:00+05:30,3220.000000,3229.100000,3216.200000,3225.000000,498
2019-10-18T11:00:00+05:30,3225.000000,3229.050000,3220.550000,3220.550000,58
2019-10-18T11:15:00+05:30,3220.550000,3220.600000,3219.350000,3219.350000,26
2019-10-18T11:30:00+05:30,3219.350000,3220.600000,3210.000000,3214.750000,146
2019-10-18T11:45:00+05:30,3214.750000,3214.750000,3210.050000,3214.000000,43
2019-10-18T12:00:00+05:30,3214.000000,3215.300000,3213.000000,3215.250000,84
2019-10-18T12:15:00+05:30,3215.250000,3218.000000,3211.550000,3213.050000,1029
2019-10-18T12:30:00+05:30,3212.050000,3220.000000,3211.000000,3220.000000,1455
2019-10-18T12:45:00+05:30,3220.000000,3223.900000,3216.200000,3219.950000,192
2019-10-18T13:00:00+05:30,3219.950000,3219.950000,3212.000000,3215.000000,96
2019-10-18T13:15:00+05:30,3215.000000,3219.950000,3213.400000,3213.700000,66
2019-10-18T13:30:00+05:30,3213.700000,3220.000000,3213.700000,3214.450000,410
2019-10-18T13:45:00+05:30,3214.450000,3220.000000,3214.000000,3216.200000,177
2019-10-18T14:00:00+05:30,3218.900000,3219.950000,3216.200000,3219.950000,39
2019-10-18T14:15:00+05:30,3219.950000,3229.000000,3215.650000,3225.400000,499
2019-10-18T14:30:00+05:30,3228.800000,3228.850000,3220.000000,3222.000000,316
2019-10-18T14:45:00+05:30,3222.000000,3226.100000,3220.000000,3225.700000,688
2019-10-18T15:00:00+05:30,3225.700000,3225.700000,3220.000000,3221.950000,7219
2019-10-18T15:15:00+05:30,3220.000000,3222.500000,3220.000000,3220.000000,1436
2019-10-22T09:15:00+05:30,3215.250000,3229.000000,3210.300000,3219.300000,111
2019-10-22T09:30:00+05:30,3219.300000,3239.000000,3215.250000,3227.650000,349
2019-10-22T09:45:00+05:30,3227.650000,3246.850000,3225.250000,3242.000000,801
2019-10-22T10:00:00+05:30,3242.000000,3243.850000,3231.700000,3235.750000,372
2019-10-22T10:15:00+05:30,3235.750000,3237.850000,3231.050000,3235.450000,398
2019-10-22T10:30:00+05:30,3235.500000,3263.350000,3233.000000,3256.800000,543
2019-10-22T10:45:00+05:30,3256.800000,3265.400000,3248.000000,3265.400000,590
2019-10-22T11:00:00+05:30,3265.400000,3274.000000,3261.000000,3268.500000,512
2019-10-22T11:15:00+05:30,3268.500000,3270.000000,3262.550000,3269.500000,133
2019-10-22T11:30:00+05:30,3263.550000,3267.900000,3252.100000,3265.000000,372
2019-10-22T11:45:00+05:30,3261.100000,3266.500000,3260.000000,3264.900000,74
2019-10-22T12:00:00+05:30,3264.900000,3264.900000,3260.000000,3263.450000,201
2019-10-22T12:15:00+05:30,3263.450000,3269.000000,3260.000000,3264.550000,262
2019-10-22T12:30:00+05:30,3264.550000,3267.000000,3258.900000,3266.400000,132
2019-10-22T12:45:00+05:30,3261.100000,3266.050000,3261.000000,3264.000000,164
2019-10-22T13:00:00+05:30,3264.000000,3266.950000,3261.150000,3264.650000,29
2019-10-22T13:15:00+05:30,3261.150000,3269.650000,3261.000000,3266.900000,440
2019-10-22T13:30:00+05:30,3266.900000,3266.900000,3261.100000,3263.950000,52
2019-10-22T13:45:00+05:30,3263.950000,3266.450000,3261.150000,3265.900000,79
2019-10-22T14:00:00+05:30,3265.900000,3265.950000,3263.000000,3265.950000,103
2019-10-22T14:15:00+05:30,3265.950000,3267.950000,3261.250000,3263.650000,267
2019-10-22T14:30:00+05:30,3263.650000,3267.700000,3261.250000,3264.450000,221
2019-10-22T14:45:00+05:30,3262.900000,3267.000000,3254.150000,3261.000000,2483
2019-10-22T15:00:00+05:30,3261.000000,3266.600000,3254.350000,3264.300000,1834
2019-10-22T15:15:00+05:30,3264.300000,3268.000000,3250.000000,3254.600000,1169
2019-10-23T09:15:00+05:30,3241.000000,3287.000000,3241.000000,3270.000000,523
2019-10-23T09:30:00+05:30,3270.000000,3283.900000,3267.700000,3283.900000,447
2019-10-23T09:45:00+05:30,3283.900000,3294.000000,3280.000000,3286.950000,1366
2019-10-23T10:00:00+05:30,3286.950000,3296.650000,3282.850000,3295.000000,747
2019-10-23T10:15:00+05:30,3294.200000,3316.200000,3293.450000,3304.600000,1299
2019-10-23T10:30:00+05:30,3304.600000,3307.000000,3299.000000,3300.050000,529
2019-10-23T10:45:00+05:30,3300.050000,3301.150000,3297.100000,3298.300000,221
2019-10-23T11:00:00+05:30,3298.300000,3300.000000,3288.000000,3288.000000,466
2019-10-23T11:15:00+05:30,3288.000000,3297.500000,3280.000000,3280.000000,9614
2019-10-23T11:30:00+05:30,3280.000000,3293.100000,3280.000000,3286.050000,1314
2019-10-23T11:45:00+05:30,3281.050000,3296.950000,3281.050000,3288.000000,1369
2019-10-23T12:00:00+05:30,3288.000000,3295.100000,3288.000000,3290.050000,10336
2019-10-23T12:15:00+05:30,3290.050000,3290.050000,3288.350000,3288.400000,296
2019-10-23T12:30:00+05:30,3288.400000,3288.450000,3287.950000,3288.000000,116
2019-10-23T12:45:00+05:30,3287.550000,3298.150000,3285.000000,3294.800000,338
2019-10-23T13:00:00+05:30,3294.800000,3300.000000,3293.000000,3298.000000,740
2019-10-23T13:15:00+05:30,3298.000000,3298.000000,3284.450000,3287.900000,229
2019-10-23T13:30:00+05:30,3287.900000,3287.900000,3280.000000,3280.400000,375
2019-10-23T13:45:00+05:30,3280.400000,3284.350000,3279.950000,3281.800000,161
2019-10-23T14:00:00+05:30,3281.800000,3282.200000,3271.600000,3276.250000,474
2019-10-23T14:15:00+05:30,3276.250000,3298.150000,3276.250000,3298.150000,664
2019-10-23T14:30:00+05:30,3298.150000,3298.150000,3271.000000,3271.600000,470
2019-10-23T14:45:00+05:30,3271.600000,3285.000000,3265.100000,3277.500000,800
2019-10-23T15:00:00+05:30,3277.500000,3277.950000,3272.200000,3275.050000,264
2019-10-23T15:15:00+05:30,3275.050000,3280.000000,3264.950000,3280.000000,2112
2019-10-24T09:15:00+05:30,3279.450000,3285.000000,3270.000000,3274.050000,348
2019-10-24T09:30:00+05:30,3275.950000,3278.900000,3270.800000,3272.300000,106
2019-10-24T09:45:00+05:30,3272.300000,3308.750000,3267.250000,3299.200000,781
2019-10-24T10:00:00+05:30,3299.200000,3337.950000,3296.550000,3325.950000,2126
2019-10-24T10:15:00+05:30,3325.950000,3354.000000,3325.950000,3340.000000,3293
2019-10-24T10:30:00+05:30,3340.000000,3380.000000,3333.100000,3358.400000,5211
2019-10-24T10:45:00+05:30,3358.400000,3365.000000,3355.100000,3365.000000,2764
2019-10-24T11:00:00+05:30,3360.050000,3375.000000,3360.050000,3370.250000,2983
2019-10-24T11:15:00+05:30,3370.250000,3385.000000,3365.650000,3381.350000,4429
2019-10-24T11:30:00+05:30,3381.350000,3385.000000,3378.050000,3383.950000,2671
2019-10-24T11:45:00+05:30,3383.950000,3384.000000,3375.000000,3383.950000,1965
2019-10-24T12:00:00+05:30,3383.950000,3414.450000,3381.450000,3400.000000,6090
2019-10-24T12:15:00+05:30,3400.000000,3408.850000,3396.050000,3401.650000,1874
2019-10-24T12:30:00+05:30,3401.650000,3409.550000,3401.650000,3407.950000,1054
2019-10-24T12:45:00+05:30,3407.950000,3419.950000,3407.000000,3417.200000,3151
2019-10-24T13:00:00+05:30,3417.200000,3422.950000,3410.550000,3410.950000,2675
2019-10-24T13:15:00+05:30,3410.950000,3414.200000,3369.600000,3380.000000,4998
2019-10-24T13:30:00+05:30,3380.000000,3385.400000,3370.000000,3378.300000,542
2019-10-24T13:45:00+05:30,3380.000000,3397.500000,3372.900000,3395.000000,654
2019-10-24T14:00:00+05:30,3395.000000,3395.000000,3380.400000,3394.950000,730
2019-10-24T14:15:00+05:30,3394.950000,3395.000000,3386.200000,3388.650000,657
2019-10-24T14:30:00+05:30,3388.650000,3394.950000,3385.000000,3386.200000,824
2019-10-24T14:45:00+05:30,3388.000000,3390.000000,3385.000000,3386.350000,554
2019-10-24T15:00:00+05:30,3386.350000,3390.000000,3386.200000,3390.000000,1207
2019-10-24T15:15:00+05:30,3390.000000,3420.000000,3387.600000,3417.900000,3594
2019-10-25T09:15:00+05:30,3424.800000,3475.000000,3424.800000,3469.000000,3618
2019-10-25T09:30:00+05:30,3461.450000,3475.000000,3460.000000,3467.300000,1974
2019-10-25T09:45:00+05:30,3467.300000,3480.000000,3462.000000,3479.000000,2388
2019-10-25T10:00:00+05:30,3479.000000,3515.000000,3456.600000,3502.800000,7844
2019-10-25T10:15:00+05:30,3503.950000,3504.900000,3490.000000,3500.000000,1384
2019-10-25T10:30:00+05:30,3500.000000,3516.000000,3494.700000,3509.950000,26850
2019-10-25T10:45:00+05:30,3509.950000,3516.000000,3490.000000,3496.100000,2285
2019-10-25T11:00:00+05:30,3496.100000,3512.000000,3496.100000,3511.000000,684
2019-10-25T11:15:00+05:30,3511.000000,3535.000000,3509.000000,3527.000000,3246
2019-10-25T11:30:00+05:30,3528.000000,3532.000000,3505.350000,3513.200000,1600
2019-10-25T11:45:00+05:30,3513.200000,3519.000000,3510.000000,3512.850000,229
2019-10-25T12:00:00+05:30,3512.850000,3514.950000,3506.000000,3510.000000,587
2019-10-25T12:15:00+05:30,3509.950000,3510.000000,3502.000000,3502.100000,706
2019-10-25T12:30:00+05:30,3502.100000,3504.350000,3475.000000,3479.000000,2536
2019-10-25T12:45:00+05:30,3479.000000,3483.950000,3471.000000,3483.950000,778
2019-10-25T13:00:00+05:30,3483.950000,3490.000000,3475.000000,3475.000000,866
2019-10-25T13:15:00+05:30,3477.000000,3490.000000,3477.000000,3480.000000,360
2019-10-25T13:30:00+05:30,3480.000000,3497.000000,3480.000000,3497.000000,337
2019-10-25T13:45:00+05:30,3497.000000,3513.100000,3495.000000,3495.000000,1095
2019-10-25T14:00:00+05:30,3495.000000,3498.950000,3483.100000,3483.150000,610
2019-10-25T14:15:00+05:30,3483.150000,3495.000000,3483.150000,3495.000000,302
2019-10-25T14:30:00+05:30,3495.000000,3515.000000,3492.150000,3511.000000,969
2019-10-25T14:45:00+05:30,3511.000000,3530.000000,3485.000000,3491.950000,2871
2019-10-25T15:00:00+05:30,3491.950000,3494.000000,3480.000000,3488.100000,916
2019-10-25T15:15:00+05:30,3488.100000,3515.000000,3480.100000,3515.000000,2670
2019-10-27T18:15:00+05:30,3650.000000,3690.000000,3615.000000,3676.000000,26406
2019-10-27T18:30:00+05:30,3675.000000,3782.000000,3660.000000,3757.000000,52127
2019-10-27T18:45:00+05:30,3757.000000,3775.000000,3725.000000,3747.900000,24215
2019-10-27T19:00:00+05:30,3747.900000,3770.000000,3725.000000,3756.000000,17584
2019-10-29T09:15:00+05:30,3824.000000,3940.200000,3824.000000,3913.000000,47478
2019-10-29T09:30:00+05:30,3911.350000,3915.000000,3900.000000,3905.000000,13621
2019-10-29T09:45:00+05:30,3905.000000,3915.000000,3899.000000,3901.550000,7006
2019-10-29T10:00:00+05:30,3901.550000,3915.000000,3900.000000,3903.650000,5188
2019-10-29T10:15:00+05:30,3903.650000,3909.950000,3887.850000,3902.300000,4983
2019-10-29T10:30:00+05:30,3902.300000,3913.700000,3900.500000,3906.700000,3855
2019-10-29T10:45:00+05:30,3906.700000,3960.000000,3900.250000,3952.000000,18018
2019-10-29T11:00:00+05:30,3956.200000,3965.000000,3944.000000,3956.950000,9793
2019-10-29T11:15:00+05:30,3956.950000,3957.000000,3942.000000,3947.000000,3596
2019-10-29T11:30:00+05:30,3947.000000,3971.000000,3943.100000,3955.400000,7949
2019-10-29T11:45:00+05:30,3955.400000,3969.000000,3951.100000,3955.200000,3166
2019-10-29T12:00:00+05:30,3955.200000,3957.950000,3941.950000,3944.750000,1895
2019-10-29T12:15:00+05:30,3944.750000,3958.000000,3941.950000,3947.000000,1637
2019-10-29T12:30:00+05:30,3947.000000,3960.000000,3944.000000,3949.150000,1174
2019-10-29T12:45:00+05:30,3949.150000,3950.000000,3920.000000,3939.100000,2916
2019-10-29T13:00:00+05:30,3939.100000,3939.950000,3902.050000,3925.100000,5070
2019-10-29T13:15:00+05:30,3925.100000,3930.000000,3910.000000,3911.250000,2048
2019-10-29T13:30:00+05:30,3910.250000,3919.150000,3910.000000,3915.950000,1433
2019-10-29T13:45:00+05:30,3915.950000,3920.000000,3910.150000,3913.050000,1128
2019-10-29T14:00:00+05:30,3913.050000,3934.900000,3913.050000,3916.250000,1819
2019-10-29T14:15:00+05:30,3916.250000,3928.000000,3915.100000,3920.000000,1296
2019-10-29T14:30:00+05:30,3920.000000,3925.200000,3911.050000,3917.850000,1611
2019-10-29T14:45:00+05:30,3917.850000,3923.500000,3910.050000,3916.150000,2436
2019-10-29T15:00:00+05:30,3916.150000,3944.800000,3910.000000,3937.050000,6790
2019-10-29T15:15:00+05:30,3937.050000,3952.800000,3900.000000,3904.900000,8970
2019-10-30T09:15:00+05:30,3904.900000,3910.000000,3853.000000,3887.400000,6641
2019-10-30T09:30:00+05:30,3887.400000,3906.850000,3880.000000,3895.000000,4812
2019-10-30T09:45:00+05:30,3895.000000,3932.500000,3886.100000,3895.000000,4390
2019-10-30T10:00:00+05:30,3895.000000,3921.800000,3893.150000,3900.300000,2980
2019-10-30T10:15:00+05:30,3900.300000,3907.850000,3900.000000,3901.450000,1461
2019-10-30T10:30:00+05:30,3901.800000,3914.450000,3900.250000,3910.000000,1060
2019-10-30T10:45:00+05:30,3910.050000,3912.600000,3904.250000,3904.250000,1165
2019-10-30T11:00:00+05:30,3904.250000,3909.200000,3901.000000,3907.500000,624
2019-10-30T11:15:00+05:30,3907.500000,3912.250000,3902.000000,3903.300000,977
2019-10-30T11:30:00+05:30,3903.300000,3912.950000,3903.050000,3907.450000,959
2019-10-30T11:45:00+05:30,3907.450000,3907.450000,3902.000000,3905.150000,408
2019-10-30T12:00:00+05:30,3905.150000,3906.400000,3900.000000,3900.250000,1873
2019-10-30T12:15:00+05:30,3900.250000,3905.950000,3900.000000,3902.500000,500
2019-10-30T12:30:00+05:30,3902.500000,3903.100000,3900.050000,3901.800000,454
2019-10-30T12:45:00+05:30,3901.800000,3904.450000,3900.200000,3904.400000,570
2019-10-30T13:00:00+05:30,3904.400000,3909.950000,3900.000000,3907.400000,1230
2019-10-30T13:15:00+05:30,3907.400000,3915.000000,3903.000000,3906.000000,1742
2019-10-30T13:30:00+05:30,3906.000000,3909.950000,3900.250000,3902.050000,478
2019-10-30T13:45:00+05:30,3902.500000,3909.950000,3901.100000,3901.550000,470
2019-10-30T14:00:00+05:30,3901.550000,3903.700000,3900.000000,3901.950000,1464
2019-10-30T14:15:00+05:30,3901.000000,3907.950000,3900.000000,3900.000000,1878
2019-10-30T14:30:00+05:30,3900.000000,3902.400000,3900.000000,3900.000000,893
2019-10-30T14:45:00+05:30,3900.000000,3904.950000,3900.000000,3903.250000,1548
2019-10-30T15:00:00+05:30,3903.250000,3903.250000,3900.000000,3900.800000,2516
2019-10-30T15:15:00+05:30,3900.050000,3907.000000,3900.000000,3900.000000,4119
2019-10-31T09:15:00+05:30,3898.000000,3910.000000,3860.000000,3886.050000,2303
2019-10-31T09:30:00+05:30,3890.000000,3890.000000,3855.000000,3881.200000,1791
2019-10-31T09:45:00+05:30,3881.200000,3890.000000,3876.050000,3882.000000,825
2019-10-31T10:00:00+05:30,3882.000000,3940.000000,3882.000000,3940.000000,2901
2019-10-31T10:15:00+05:30,3940.000000,4112.000000,3925.400000,4079.750000,34779
2019-10-31T10:30:00+05:30,4075.200000,4125.000000,4068.000000,4108.000000,10014
2019-10-31T10:45:00+05:30,4108.000000,4136.000000,4090.000000,4122.950000,11158
2019-10-31T11:00:00+05:30,4122.950000,4123.000000,4081.700000,4111.350000,7941
2019-10-31T11:15:00+05:30,4111.350000,4119.000000,4100.000000,4100.050000,2774
2019-10-31T11:30:00+05:30,4100.050000,4105.000000,4085.350000,4091.950000,1875
2019-10-31T11:45:00+05:30,4091.950000,4094.000000,4062.000000,4072.000000,3514
2019-10-31T12:00:00+05:30,4072.000000,4072.000000,4044.000000,4045.050000,4231
2019-10-31T12:15:00+05:30,4045.050000,4062.450000,4045.050000,4050.000000,1678
2019-10-31T12:30:00+05:30,4050.000000,4080.500000,4050.000000,4074.900000,1310
2019-10-31T12:45:00+05:30,4074.900000,4078.000000,4050.000000,4063.100000,1295
2019-10-31T13:00:00+05:30,4063.100000,4070.000000,4056.050000,4065.800000,722
2019-10-31T13:15:00+05:30,4065.800000,4070.000000,4052.000000,4052.000000,752
2019-10-31T13:30:00+05:30,4052.000000,4072.100000,4037.350000,4040.050000,2867
2019-10-31T13:45:00+05:30,4040.050000,4051.950000,4033.350000,4039.700000,1955
2019-10-31T14:00:00+05:30,4039.700000,4039.700000,4012.150000,4016.000000,1905
2019-10-31T14:15:00+05:30,4016.000000,4020.000000,4015.000000,4018.850000,668
2019-10-31T14:30:00+05:30,4018.900000,4019.950000,4001.000000,4013.900000,2482
2019-10-31T14:45:00+05:30,4011.450000,4022.000000,4001.000000,4004.000000,2172
2019-10-31T15:00:00+05:30,4004.000000,4090.000000,4003.500000,4085.500000,7491
2019-10-31T15:15:00+05:30,4084.050000,4090.000000,4036.550000,4070.100000,5670
2019-11-01T09:15:00+05:30,4058.000000,4089.000000,4053.050000,4075.000000,2663
2019-11-01T09:30:00+05:30,4075.000000,4125.000000,4075.000000,4124.950000,4065
2019-11-01T09:45:00+05:30,4112.650000,4149.000000,4110.000000,4127.300000,5024
2019-11-01T10:00:00+05:30,4127.300000,4133.950000,4080.000000,4088.200000,3392
2019-11-01T10:15:00+05:30,4088.200000,4097.000000,4062.550000,4072.900000,3058
2019-11-01T10:30:00+05:30,4072.900000,4086.000000,4038.150000,4045.000000,2618
2019-11-01T10:45:00+05:30,4038.200000,4066.150000,4034.950000,4046.300000,2046
2019-11-01T11:00:00+05:30,4046.300000,4050.000000,4042.100000,4049.000000,2048
2019-11-01T11:15:00+05:30,4049.000000,4050.000000,4036.000000,4048.750000,1039
2019-11-01T11:30:00+05:30,4050.000000,4056.000000,4041.500000,4050.000000,872
2019-11-01T11:45:00+05:30,4050.000000,4050.000000,4044.200000,4050.000000,487
2019-11-01T12:00:00+05:30,4050.000000,4050.000000,4039.100000,4040.000000,719
2019-11-01T12:15:00+05:30,4044.500000,4050.000000,4039.100000,4040.000000,429
2019-11-01T12:30:00+05:30,4040.000000,4050.000000,4040.000000,4043.200000,415
2019-11-01T12:45:00+05:30,4043.200000,4047.950000,4025.000000,4025.050000,1143
2019-11-01T13:00:00+05:30,4025.050000,4040.100000,4020.000000,4032.050000,771
2019-11-01T13:15:00+05:30,4032.050000,4035.000000,4001.150000,4002.050000,2291
2019-11-01T13:30:00+05:30,4007.900000,4020.000000,4002.050000,4010.050000,740
2019-11-01T13:45:00+05:30,4010.050000,4018.950000,4002.050000,4013.800000,382
2019-11-01T14:00:00+05:30,4013.800000,4019.300000,4006.050000,4019.300000,448
2019-11-01T14:15:00+05:30,4020.000000,4030.000000,4010.950000,4013.000000,432
2019-11-01T14:30:00+05:30,4013.000000,4050.000000,4010.950000,4047.150000,3304
2019-11-01T14:45:00+05:30,4041.450000,4064.500000,4015.000000,4024.800000,3853
2019-11-01T15:00:00+05:30,4024.800000,4026.000000,4006.300000,4013.900000,1625
2019-11-01T15:15:00+05:30,4015.100000,4015.900000,4000.000000,4011.000000,4060
2019-11-04T09:15:00+05:30,4023.800000,4080.000000,4008.550000,4015.150000,2536
2019-11-04T09:30:00+05:30,4015.150000,4043.150000,4000.000000,4034.300000,2081
2019-11-04T09:45:00+05:30,4034.300000,4094.000000,4034.300000,4080.950000,3512
2019-11-04T10:00:00+05:30,4081.000000,4136.950000,4065.650000,4126.000000,7148
2019-11-04T10:15:00+05:30,4125.050000,4141.000000,4083.000000,4083.000000,3449
2019-11-04T10:30:00+05:30,4083.000000,4124.000000,4083.000000,4113.150000,2138
2019-11-04T10:45:00+05:30,4113.150000,4113.150000,4075.200000,4089.950000,1106
2019-11-04T11:00:00+05:30,4089.950000,4108.000000,4086.100000,4092.000000,981
2019-11-04T11:15:00+05:30,4092.000000,4092.000000,4077.100000,4078.000000,623
2019-11-04T11:30:00+05:30,4078.000000,4082.000000,4062.000000,4067.100000,771
2019-11-04T11:45:00+05:30,4067.100000,4070.000000,4050.150000,4069.950000,1261
2019-11-04T12:00:00+05:30,4069.950000,4082.350000,4060.000000,4082.350000,1454
2019-11-04T12:15:00+05:30,4082.350000,4090.000000,4067.000000,4088.550000,2001
2019-11-04T12:30:00+05:30,4088.650000,4092.750000,4071.550000,4074.450000,2774
2019-11-04T12:45:00+05:30,4074.450000,4079.950000,4067.000000,4073.550000,355
2019-11-04T13:00:00+05:30,4073.550000,4080.000000,4070.050000,4073.600000,671
2019-11-04T13:15:00+05:30,4073.600000,4080.000000,4070.550000,4071.250000,339
2019-11-04T13:30:00+05:30,4073.750000,4076.600000,4071.000000,4073.050000,458
2019-11-04T13:45:00+05:30,4073.050000,4089.900000,4073.000000,4077.150000,3558
2019-11-04T14:00:00+05:30,4077.150000,4084.250000,4077.000000,4079.400000,267
2019-11-04T14:15:00+05:30,4079.400000,4085.000000,4078.000000,4081.000000,437
2019-11-04T14:30:00+05:30,4081.000000,4083.750000,4074.100000,4079.000000,743
2019-11-04T14:45:00+05:30,4079.000000,4083.950000,4076.050000,4080.000000,646
2019-11-04T15:00:00+05:30,4078.100000,4083.050000,4078.000000,4078.050000,3123
2019-11-04T15:15:00+05:30,4078.600000,4080.000000,4050.000000,4059.000000,4392
2019-11-05T09:15:00+05:30,4073.900000,4099.950000,4040.400000,4054.150000,1806
2019-11-05T09:30:00+05:30,4054.150000,4089.450000,4052.000000,4080.150000,896
2019-11-05T09:45:00+05:30,4080.150000,4087.650000,4068.750000,4085.450000,334
2019-11-05T10:00:00+05:30,4085.450000,4085.450000,4050.000000,4050.000000,547
2019-11-05T10:15:00+05:30,4050.000000,4056.850000,4041.050000,4045.450000,213
2019-11-05T10:30:00+05:30,4045.450000,4056.250000,4042.000000,4042.000000,145
2019-11-05T10:45:00+05:30,4041.650000,4042.000000,4024.750000,4031.600000,410
2019-11-05T11:00:00+05:30,4031.600000,4049.500000,4031.100000,4049.500000,293
2019-11-05T11:15:00+05:30,4049.450000,4049.450000,4033.100000,4041.000000,182
2019-11-05T11:30:00+05:30,4041.000000,4049.400000,4033.900000,4044.000000,1520
2019-11-05T11:45:00+05:30,4044.000000,4050.000000,4044.000000,4045.050000,484
2019-11-05T12:00:00+05:30,4045.050000,4054.000000,4044.100000,4046.050000,1210
2019-11-05T12:15:00+05:30,4046.050000,4070.000000,4046.050000,4060.050000,764
2019-11-05T12:30:00+05:30,4060.050000,4070.050000,4055.100000,4065.000000,419
2019-11-05T12:45:00+05:30,4065.000000,4065.000000,4055.000000,4056.000000,274
2019-11-05T13:00:00+05:30,4056.000000,4064.550000,4051.600000,4051.600000,564
2019-11-05T13:15:00+05:30,4051.600000,4057.000000,4049.000000,4051.600000,907
2019-11-05T13:30:00+05:30,4050.000000,4051.950000,4044.600000,4050.000000,3502
2019-11-05T13:45:00+05:30,4050.000000,4052.000000,4045.300000,4046.050000,56
2019-11-05T14:00:00+05:30,4046.050000,4050.000000,4045.000000,4047.750000,357
2019-11-05T14:15:00+05:30,4047.750000,4051.950000,4045.000000,4045.700000,284
2019-11-05T14:30:00+05:30,4045.700000,4049.850000,4045.000000,4045.050000,339
2019-11-05T14:45:00+05:30,4045.050000,4052.000000,4045.050000,4050.350000,1174
2019-11-05T15:00:00+05:30,4050.350000,4054.000000,4046.600000,4050.050000,762
2019-11-05T15:15:00+05:30,4051.450000,4066.000000,4050.000000,4052.100000,2504
2019-11-06T09:15:00+05:30,4035.000000,4084.000000,4021.400000,4069.600000,1306
2019-11-06T09:30:00+05:30,4069.600000,4070.000000,4044.900000,4044.900000,364
2019-11-06T09:45:00+05:30,4044.900000,4045.000000,4031.000000,4032.900000,629
2019-11-06T10:00:00+05:30,4032.900000,4036.950000,4028.200000,4035.000000,611
2019-11-06T10:15:00+05:30,4035.000000,4063.000000,4033.850000,4040.100000,1264
2019-11-06T10:30:00+05:30,4040.100000,4043.550000,4039.650000,4043.500000,85
2019-11-06T10:45:00+05:30,4043.500000,4044.300000,4040.000000,4040.000000,84
2019-11-06T11:00:00+05:30,4040.000000,4045.000000,4033.850000,4044.000000,532
2019-11-06T11:15:00+05:30,4044.000000,4045.000000,4038.100000,4045.000000,552
2019-11-06T11:30:00+05:30,4045.000000,4053.900000,4044.000000,4047.000000,503
2019-11-06T11:45:00+05:30,4047.000000,4051.700000,4047.000000,4047.000000,227
2019-11-06T12:00:00+05:30,4047.000000,4066.000000,4047.000000,4051.050000,496
2019-11-06T12:15:00+05:30,4051.050000,4053.000000,4047.050000,4051.200000,255
2019-11-06T12:30:00+05:30,4051.200000,4058.000000,4050.000000,4054.700000,434
2019-11-06T12:45:00+05:30,4054.700000,4055.000000,4046.000000,4047.000000,299
2019-11-06T13:00:00+05:30,4047.000000,4047.000000,4015.000000,4020.150000,1049
2019-11-06T13:15:00+05:30,4020.150000,4035.000000,4020.150000,4034.550000,270
2019-11-06T13:30:00+05:30,4034.550000,4049.500000,4034.550000,4049.500000,568
2019-11-06T13:45:00+05:30,4049.500000,4049.500000,4035.000000,4037.500000,238
2019-11-06T14:00:00+05:30,4037.500000,4040.050000,4036.000000,4038.700000,129
2019-11-06T14:15:00+05:30,4038.700000,4038.700000,4031.200000,4031.200000,225
2019-11-06T14:30:00+05:30,4031.200000,4039.750000,4021.100000,4025.000000,609
2019-11-06T14:45:00+05:30,4025.000000,4025.000000,4017.500000,4024.750000,269
2019-11-06T15:00:00+05:30,4024.750000,4024.750000,4005.000000,4005.000000,1324
2019-11-06T15:15:00+05:30,4005.000000,4019.850000,3999.000000,4010.000000,2275
2019-11-07T09:15:00+05:30,4024.900000,4070.000000,4010.000000,4043.050000,1964
2019-11-07T09:30:00+05:30,4043.050000,4074.000000,4043.050000,4070.000000,1612
2019-11-07T09:45:00+05:30,4070.000000,4075.000000,4020.050000,4029.600000,2943
2019-11-07T10:00:00+05:30,4029.600000,4030.250000,4015.100000,4019.350000,1154
2019-11-07T10:15:00+05:30,4019.350000,4028.750000,4012.250000,4026.450000,690
2019-11-07T10:30:00+05:30,4038.350000,4038.350000,4022.150000,4030.750000,304
2019-11-07T10:45:00+05:30,4030.750000,4033.150000,4013.000000,4026.800000,320
2019-11-07T11:00:00+05:30,4026.800000,4029.950000,4020.050000,4027.300000,85
2019-11-07T11:15:00+05:30,4027.300000,4033.450000,4025.000000,4028.150000,98
2019-11-07T11:30:00+05:30,4028.150000,4033.500000,4026.050000,4031.000000,138
2019-11-07T11:45:00+05:30,4031.000000,4045.950000,4031.000000,4038.750000,142
2019-11-07T12:00:00+05:30,4038.750000,4045.000000,4035.000000,4037.450000,262
2019-11-07T12:15:00+05:30,4037.450000,4038.000000,4030.100000,4033.050000,178
2019-11-07T12:30:00+05:30,4033.050000,4037.950000,4025.250000,4033.300000,310
2019-11-07T12:45:00+05:30,4033.300000,4036.950000,4029.450000,4034.200000,139
2019-11-07T13:00:00+05:30,4034.200000,4036.950000,4021.200000,4025.900000,287
2019-11-07T13:15:00+05:30,4025.900000,4029.450000,4013.050000,4022.700000,493
2019-11-07T13:30:00+05:30,4022.700000,4029.950000,4022.150000,4024.000000,121
2019-11-07T13:45:00+05:30,4024.000000,4034.950000,4011.000000,4015.400000,391
2019-11-07T14:00:00+05:30,4015.400000,4035.000000,4015.200000,4032.800000,287
2019-11-07T14:15:00+05:30,4032.800000,4035.950000,4025.850000,4025.850000,463
2019-11-07T14:30:00+05:30,4025.850000,4035.100000,4025.850000,4030.350000,1983
2019-11-07T14:45:00+05:30,4030.350000,4036.000000,4026.700000,4033.900000,946
2019-11-07T15:00:00+05:30,4033.900000,4040.050000,4028.300000,4039.000000,3113
2019-11-07T15:15:00+05:30,4039.950000,4045.000000,4033.000000,4033.000000,3361
2019-11-08T09:15:00+05:30,4039.800000,4074.650000,4014.450000,4040.600000,1227
2019-11-08T09:30:00+05:30,4040.600000,4052.950000,4022.150000,4050.000000,324
2019-11-08T09:45:00+05:30,4050.000000,4055.000000,4005.000000,4005.300000,1269
2019-11-08T10:00:00+05:30,4005.300000,4010.000000,3996.650000,4002.250000,1849
2019-11-08T10:15:00+05:30,4002.250000,4024.900000,4001.950000,4021.500000,416
2019-11-08T10:30:00+05:30,4014.050000,4019.650000,3996.550000,4003.050000,1885
2019-11-08T10:45:00+05:30,4003.050000,4008.650000,4000.050000,4001.650000,147
2019-11-08T11:00:00+05:30,4005.850000,4009.750000,4001.000000,4005.550000,521
2019-11-08T11:15:00+05:30,4005.550000,4012.000000,4000.000000,4012.000000,316
2019-11-08T11:30:00+05:30,4012.000000,4015.600000,4010.000000,4010.000000,225
2019-11-08T11:45:00+05:30,4013.700000,4022.050000,4010.150000,4022.050000,261
2019-11-08T12:00:00+05:30,4022.050000,4028.000000,4021.700000,4025.000000,402
2019-11-08T12:15:00+05:30,4025.000000,4026.150000,4020.600000,4025.000000,251
2019-11-08T12:30:00+05:30,4025.000000,4026.000000,4022.200000,4022.200000,583
2019-11-08T12:45:00+05:30,4022.200000,4025.500000,4021.000000,4025.500000,386
2019-11-08T13:00:00+05:30,4025.000000,4025.900000,4019.000000,4025.000000,350
2019-11-08T13:15:00+05:30,4025.000000,4025.100000,4019.000000,4025.000000,626
2019-11-08T13:30:00+05:30,4025.000000,4025.100000,4019.000000,4024.900000,134
2019-11-08T13:45:00+05:30,4024.900000,4026.000000,4019.150000,4022.500000,1596
2019-11-08T14:00:00+05:30,4022.500000,4030.000000,4022.500000,4022.800000,526
2019-11-08T14:15:00+05:30,4022.800000,4025.750000,4022.150000,4025.050000,2543
2019-11-08T14:30:00+05:30,4025.050000,4030.000000,4025.000000,4027.500000,755
2019-11-08T14:45:00+05:30,4027.500000,4027.500000,4025.000000,4025.000000,660
2019-11-08T15:00:00+05:30,4025.000000,4029.350000,4025.000000,4025.000000,1498
2019-11-08T15:15:00+05:30,4025.000000,4029.950000,4025.000000,4025.300000,2922
2019-11-11T09:15:00+05:30,4000.050000,4020.000000,4000.050000,4014.750000,455
2019-11-11T09:30:00+05:30,4014.750000,4040.000000,4008.000000,4040.000000,468
2019-11-11T09:45:00+05:30,4040.000000,4045.000000,4026.000000,4035.600000,707
2019-11-11T10:00:00+05:30,4035.600000,4037.050000,4026.250000,4033.150000,189
2019-11-11T10:15:00+05:30,4033.150000,4039.900000,4028.050000,4032.100000,312
2019-11-11T10:30:00+05:30,4032.100000,4039.000000,4030.000000,4039.000000,326
2019-11-11T10:45:00+05:30,4039.000000,4039.800000,4034.800000,4035.350000,77
2019-11-11T11:00:00+05:30,4034.450000,4039.550000,4030.350000,4033.250000,204
2019-11-11T11:15:00+05:30,4033.250000,4033.250000,4016.650000,4016.650000,152
2019-11-11T11:30:00+05:30,4016.650000,4025.000000,4016.650000,4021.000000,59
2019-11-11T11:45:00+05:30,4021.000000,4025.300000,4019.000000,4022.950000,57
2019-11-11T12:00:00+05:30,4022.950000,4022.950000,4003.800000,4004.700000,8111
2019-11-11T12:15:00+05:30,4004.700000,4015.900000,4000.050000,4008.500000,2654
2019-11-11T12:30:00+05:30,4008.500000,4013.000000,4006.500000,4013.000000,63
2019-11-11T12:45:00+05:30,4013.000000,4014.000000,4005.000000,4009.700000,165
2019-11-11T13:00:00+05:30,4009.700000,4010.000000,3975.700000,3982.800000,1172
2019-11-11T13:15:00+05:30,3982.800000,3988.000000,3952.050000,3959.400000,869
2019-11-11T13:30:00+05:30,3959.400000,3971.950000,3956.000000,3959.850000,514
2019-11-11T13:45:00+05:30,3959.850000,3982.050000,3952.000000,3968.050000,548
2019-11-11T14:00:00+05:30,3966.050000,3979.000000,3960.000000,3978.000000,191
2019-11-11T14:15:00+05:30,3972.200000,3997.000000,3972.200000,3996.000000,491
2019-11-11T14:30:00+05:30,3996.000000,4000.000000,3985.200000,3990.500000,606
2019-11-11T14:45:00+05:30,3990.500000,3994.250000,3976.000000,3982.350000,509
2019-11-11T15:00:00+05:30,3983.300000,4010.000000,3982.300000,3999.550000,4057
2019-11-11T15:15:00+05:30,3999.850000,4000.000000,3990.000000,3995.000000,726
2019-11-13T09:15:00+05:30,3966.250000,4035.000000,3966.250000,4022.050000,2472
2019-11-13T09:30:00+05:30,4022.050000,4085.100000,4022.050000,4042.050000,3990
2019-11-13T09:45:00+05:30,4044.600000,4045.000000,4025.000000,4025.000000,1334
2019-11-13T10:00:00+05:30,4025.000000,4030.000000,4009.650000,4015.500000,860
2019-11-13T10:15:00+05:30,4015.500000,4025.000000,4010.050000,4010.850000,673
2019-11-13T10:30:00+05:30,4010.850000,4014.850000,4000.300000,4010.000000,993
2019-11-13T10:45:00+05:30,4010.000000,4015.250000,4000.550000,4002.550000,634
2019-11-13T11:00:00+05:30,4002.550000,4013.950000,4000.550000,4010.050000,232
2019-11-13T11:15:00+05:30,4017.950000,4017.950000,4000.150000,4004.950000,10388
2019-11-13T11:30:00+05:30,4005.000000,4007.150000,4003.300000,4005.050000,1489
2019-11-13T11:45:00+05:30,4005.050000,4009.300000,4002.250000,4005.000000,1593
2019-11-13T12:00:00+05:30,4005.000000,4010.000000,4005.000000,4005.950000,602
2019-11-13T12:15:00+05:30,4005.950000,4012.050000,4005.000000,4006.350000,191
2019-11-13T12:30:00+05:30,4006.350000,4009.550000,4005.100000,4006.300000,122
2019-11-13T12:45:00+05:30,4006.300000,4006.300000,4005.000000,4005.000000,12815
2019-11-13T13:00:00+05:30,4005.000000,4008.150000,4005.000000,4005.100000,335
2019-11-13T13:15:00+05:30,4005.100000,4009.350000,4000.000000,4000.050000,10389
2019-11-13T13:30:00+05:30,4000.000000,4002.350000,4000.000000,4000.100000,435
2019-11-13T13:45:00+05:30,4000.100000,4002.000000,4000.100000,4000.150000,165
2019-11-13T14:00:00+05:30,4000.150000,4010.000000,4000.100000,4007.500000,242
2019-11-13T14:15:00+05:30,4008.350000,4017.200000,4003.000000,4013.600000,244
2019-11-13T14:30:00+05:30,4013.600000,4013.600000,4003.000000,4003.000000,566
2019-11-13T14:45:00+05:30,4003.000000,4003.550000,4000.000000,4000.750000,2084
2019-11-13T15:00:00+05:30,4000.750000,4009.000000,4000.000000,4004.050000,743
2019-11-13T15:15:00+05:30,4004.450000,4017.000000,4000.000000,4017.000000,1214
2019-11-14T09:15:00+05:30,4017.000000,4041.950000,4000.000000,4003.450000,1050
2019-11-14T09:30:00+05:30,4003.450000,4016.950000,4000.000000,4013.000000,861
2019-11-14T09:45:00+05:30,4013.000000,4015.500000,4001.650000,4009.900000,149
2019-11-14T10:00:00+05:30,4009.900000,4015.000000,4002.150000,4005.250000,564
2019-11-14T10:15:00+05:30,4008.700000,4009.000000,4005.000000,4005.000000,357
2019-11-14T10:30:00+05:30,4005.000000,4008.900000,4000.000000,4003.150000,877
2019-11-14T10:45:00+05:30,4003.150000,4008.800000,4001.000000,4004.250000,187
2019-11-14T11:00:00+05:30,4004.250000,4007.950000,4000.550000,4000.600000,370
2019-11-14T11:15:00+05:30,4000.600000,4005.000000,4000.500000,4001.000000,144
2019-11-14T11:30:00+05:30,4001.000000,4003.800000,4000.900000,4003.800000,237
2019-11-14T11:45:00+05:30,4001.050000,4003.950000,4001.000000,4001.000000,66
2019-11-14T12:00:00+05:30,4001.000000,4003.750000,4001.000000,4003.700000,68
2019-11-14T12:15:00+05:30,4003.700000,4020.000000,4001.000000,4004.000000,3471
2019-11-14T12:30:00+05:30,4004.000000,4010.000000,4003.050000,4004.200000,264
2019-11-14T12:45:00+05:30,4004.200000,4009.950000,4004.200000,4007.900000,278
2019-11-14T13:00:00+05:30,4007.950000,4017.250000,4004.700000,4010.000000,1756
2019-11-14T13:15:00+05:30,4010.500000,4015.800000,4009.000000,4009.000000,226
2019-11-14T13:30:00+05:30,4009.000000,4015.000000,4009.000000,4009.000000,228
2019-11-14T13:45:00+05:30,4009.000000,4009.000000,4005.200000,4008.000000,137
2019-11-14T14:00:00+05:30,4008.000000,4013.850000,4008.000000,4008.000000,342
2019-11-14T14:15:00+05:30,4008.000000,4010.000000,4008.000000,4008.000000,130
2019-11-14T14:30:00+05:30,4008.000000,4012.000000,4008.000000,4011.950000,226
2019-11-14T14:45:00+05:30,4011.950000,4012.000000,4000.000000,4009.000000,1721
2019-11-14T15:00:00+05:30,4009.000000,4009.000000,4000.000000,4002.000000,2655
2019-11-14T15:15:00+05:30,4002.000000,4004.000000,4000.000000,4000.000000,1201
2019-11-15T09:15:00+05:30,4011.000000,4013.300000,4000.000000,4002.050000,867
2019-11-15T09:30:00+05:30,4002.050000,4010.000000,3990.100000,4004.000000,2195
2019-11-15T09:45:00+05:30,4004.000000,4004.750000,4000.000000,4000.000000,688
2019-11-15T10:00:00+05:30,4000.000000,4007.650000,3993.350000,4004.000000,2050
2019-11-15T10:15:00+05:30,4004.000000,4007.250000,3998.000000,4002.150000,2119
2019-11-15T10:30:00+05:30,4002.150000,4004.950000,4000.000000,4001.000000,431
2019-11-15T10:45:00+05:30,4001.000000,4001.000000,4000.000000,4000.000000,138
2019-11-15T11:00:00+05:30,4000.000000,4000.600000,4000.000000,4000.400000,388
2019-11-15T11:15:00+05:30,4000.400000,4003.950000,4000.000000,4001.250000,15937
2019-11-15T11:30:00+05:30,4001.250000,4001.250000,4000.000000,4001.250000,732
2019-11-15T11:45:00+05:30,4001.250000,4006.950000,3997.500000,4005.950000,2000
2019-11-15T12:00:00+05:30,4005.950000,4006.000000,4005.950000,4006.000000,370
2019-11-15T12:15:00+05:30,4006.000000,4006.000000,3999.600000,4001.250000,8071
2019-11-15T12:30:00+05:30,4001.250000,4001.250000,3997.750000,4000.650000,708
2019-11-15T12:45:00+05:30,4000.650000,4000.650000,4000.000000,4000.000000,456
2019-11-15T13:00:00+05:30,4000.000000,4000.000000,3975.000000,3975.400000,619
2019-11-15T13:15:00+05:30,3975.400000,3984.950000,3974.650000,3980.050000,887
2019-11-15T13:30:00+05:30,3980.050000,3985.800000,3980.000000,3985.800000,756
2019-11-15T13:45:00+05:30,3985.000000,3990.000000,3984.100000,3985.000000,461
2019-11-15T14:00:00+05:30,3985.000000,3993.100000,3985.000000,3992.000000,1022
2019-11-15T14:15:00+05:30,3992.000000,3996.900000,3990.000000,3990.050000,206
2019-11-15T14:30:00+05:30,3990.050000,3994.700000,3985.000000,3985.000000,700
2019-11-15T14:45:00+05:30,3985.000000,3992.000000,3985.000000,3988.500000,746
2019-11-15T15:00:00+05:30,3988.500000,3990.550000,3985.000000,3990.000000,999
2019-11-15T15:15:00+05:30,3990.000000,3990.550000,3975.000000,3979.350000,3373
2019-11-18T09:15:00+05:30,3980.000000,4009.450000,3980.000000,4000.000000,579
2019-11-18T09:30:00+05:30,3993.600000,3995.250000,3970.000000,3970.050000,1212
2019-11-18T09:45:00+05:30,3970.050000,3989.150000,3970.000000,3988.500000,241
2019-11-18T10:00:00+05:30,3983.550000,3993.200000,3971.000000,3979.200000,542
2019-11-18T10:15:00+05:30,3979.200000,3994.000000,3977.500000,3984.050000,200
2019-11-18T10:30:00+05:30,3984.050000,3987.750000,3969.000000,3970.000000,1081
2019-11-18T10:45:00+05:30,3971.000000,3973.550000,3969.750000,3970.700000,230
2019-11-18T11:00:00+05:30,3970.700000,3977.050000,3968.000000,3977.050000,25431
2019-11-18T11:15:00+05:30,3977.050000,3989.200000,3972.000000,3983.100000,707
2019-11-18T11:30:00+05:30,3980.300000,3996.000000,3980.000000,3985.000000,1402
2019-11-18T11:45:00+05:30,3985.000000,4120.850000,3985.000000,4065.000000,9405
2019-11-18T12:00:00+05:30,4067.000000,4078.300000,4051.150000,4060.000000,3048
2019-11-18T12:15:00+05:30,4060.000000,4064.000000,4052.000000,4056.550000,813
2019-11-18T12:30:00+05:30,4056.500000,4065.000000,4040.000000,4045.000000,2053
2019-11-18T12:45:00+05:30,4045.000000,4055.050000,4043.000000,4053.000000,890
2019-11-18T13:00:00+05:30,4054.800000,4054.800000,4030.100000,4035.000000,27723
2019-11-18T13:15:00+05:30,4035.000000,4048.950000,4031.900000,4044.000000,1140
2019-11-18T13:30:00+05:30,4044.000000,4049.950000,4030.100000,4032.100000,665
2019-11-18T13:45:00+05:30,4032.100000,4040.000000,4025.250000,4038.150000,811
2019-11-18T14:00:00+05:30,4038.150000,4040.000000,4030.150000,4039.000000,20409
2019-11-18T14:15:00+05:30,4039.000000,4040.000000,4012.000000,4028.300000,2364
2019-11-18T14:30:00+05:30,4028.300000,4063.900000,4027.000000,4061.000000,3994
2019-11-18T14:45:00+05:30,4061.000000,4100.000000,4055.250000,4094.950000,14239
2019-11-18T15:00:00+05:30,4094.950000,4094.950000,4035.000000,4035.000000,2484
2019-11-18T15:15:00+05:30,4035.950000,4085.100000,4032.350000,4069.000000,3094
2019-11-19T09:15:00+05:30,4105.000000,4119.800000,4052.050000,4062.750000,4280
2019-11-19T09:30:00+05:30,4062.750000,4096.450000,4061.450000,4081.000000,1051
2019-11-19T09:45:00+05:30,4081.000000,4085.000000,4064.800000,4070.000000,398
2019-11-19T10:00:00+05:30,4070.000000,4075.000000,4055.000000,4070.000000,324
2019-11-19T10:15:00+05:30,4070.200000,4082.000000,4065.000000,4070.900000,642
2019-11-19T10:30:00+05:30,4070.900000,4080.000000,4070.900000,4080.000000,159
2019-11-19T10:45:00+05:30,4079.950000,4093.900000,4075.050000,4082.000000,632
2019-11-19T11:00:00+05:30,4082.000000,4082.000000,4061.500000,4067.000000,339
2019-11-19T11:15:00+05:30,4067.000000,4068.900000,4056.000000,4056.000000,207
2019-11-19T11:30:00+05:30,4056.000000,4057.950000,4045.200000,4050.100000,1507
2019-11-19T11:45:00+05:30,4050.100000,4062.000000,4046.600000,4050.000000,690
2019-11-19T12:00:00+05:30,4050.000000,4055.000000,4049.100000,4050.100000,417
2019-11-19T12:15:00+05:30,4050.100000,4054.500000,4045.250000,4053.750000,205
2019-11-19T12:30:00+05:30,4053.750000,4061.950000,4050.000000,4058.650000,361
2019-11-19T12:45:00+05:30,4058.650000,4061.000000,4055.250000,4055.300000,109
2019-11-19T13:00:00+05:30,4055.250000,4060.500000,4050.600000,4060.000000,215
2019-11-19T13:15:00+05:30,4060.000000,4060.500000,4053.500000,4057.600000,134
2019-11-19T13:30:00+05:30,4057.600000,4062.000000,4057.600000,4061.600000,117
2019-11-19T13:45:00+05:30,4061.600000,4062.000000,4055.850000,4055.850000,172
2019-11-19T14:00:00+05:30,4055.850000,4061.900000,4055.600000,4058.000000,42
2019-11-19T14:15:00+05:30,4058.000000,4062.000000,4055.700000,4057.950000,165
2019-11-19T14:30:00+05:30,4057.950000,4063.500000,4050.000000,4058.600000,817
2019-11-19T14:45:00+05:30,4058.600000,4058.600000,4050.000000,4051.100000,765
2019-11-19T15:00:00+05:30,4051.100000,4058.350000,4051.100000,4051.350000,685
2019-11-19T15:15:00+05:30,4051.350000,4060.000000,4050.000000,4055.000000,1814
2019-11-20T09:15:00+05:30,4080.000000,4086.000000,4040.000000,4057.850000,1055
2019-11-20T09:30:00+05:30,4057.850000,4075.000000,4054.100000,4054.100000,481
2019-11-20T09:45:00+05:30,4052.550000,4077.000000,4052.550000,4077.000000,182
2019-11-20T10:00:00+05:30,4077.000000,4077.000000,4065.000000,4071.000000,144
2019-11-20T10:15:00+05:30,4071.900000,4080.750000,4062.350000,4075.200000,462
2019-11-20T10:30:00+05:30,4075.200000,4079.000000,4075.000000,4075.500000,135
2019-11-20T10:45:00+05:30,4075.500000,4099.000000,4075.500000,4088.850000,745
2019-11-20T11:00:00+05:30,4088.850000,4088.850000,4075.000000,4075.000000,381
2019-11-20T11:15:00+05:30,4075.000000,4080.950000,4075.000000,4075.150000,184
2019-11-20T11:30:00+05:30,4076.000000,4080.950000,4075.050000,4080.950000,60
2019-11-20T11:45:00+05:30,4080.950000,4081.850000,4072.450000,4077.850000,277
2019-11-20T12:00:00+05:30,4077.850000,4080.000000,4069.000000,4069.000000,1870
2019-11-20T12:15:00+05:30,4069.000000,4069.000000,4060.000000,4065.900000,200
2019-11-20T12:30:00+05:30,4065.900000,4070.000000,4058.750000,4058.750000,443
2019-11-20T12:45:00+05:30,4062.500000,4062.800000,4054.600000,4060.050000,86
2019-11-20T13:00:00+05:30,4060.050000,4066.950000,4060.000000,4062.900000,151
2019-11-20T13:15:00+05:30,4062.900000,4066.900000,4060.000000,4064.950000,243
2019-11-20T13:30:00+05:30,4064.950000,4068.000000,4060.000000,4068.000000,188
2019-11-20T13:45:00+05:30,4068.000000,4070.000000,4060.000000,4060.000000,113
2019-11-20T14:00:00+05:30,4060.000000,4065.750000,4060.000000,4065.750000,398
2019-11-20T14:15:00+05:30,4065.750000,4066.950000,4060.000000,4064.000000,2363
2019-11-20T14:30:00+05:30,4064.000000,4069.900000,4060.100000,4069.600000,59
2019-11-20T14:45:00+05:30,4069.600000,4074.900000,4062.800000,4068.050000,303
2019-11-20T15:00:00+05:30,4068.050000,4072.000000,4060.150000,4061.750000,468
2019-11-20T15:15:00+05:30,4061.750000,4068.100000,4060.200000,4065.000000,1784
2019-11-21T09:15:00+05:30,4087.500000,4087.500000,4043.000000,4046.200000,589
2019-11-21T09:30:00+05:30,4046.200000,4063.700000,4044.000000,4062.000000,272
2019-11-21T09:45:00+05:30,4062.000000,4100.000000,4052.300000,4096.700000,2320
2019-11-21T10:00:00+05:30,4096.750000,4100.000000,4078.000000,4080.050000,12115
2019-11-21T10:15:00+05:30,4080.050000,4090.350000,4080.050000,4088.900000,301
2019-11-21T10:30:00+05:30,4088.900000,4088.900000,4078.000000,4083.000000,412
2019-11-21T10:45:00+05:30,4083.000000,4090.000000,4080.000000,4084.000000,2667
2019-11-21T11:00:00+05:30,4084.000000,4085.000000,4080.000000,4083.950000,793
2019-11-21T11:15:00+05:30,4083.950000,4083.950000,4079.000000,4080.250000,464
2019-11-21T11:30:00+05:30,4080.250000,4081.000000,4079.000000,4081.000000,619
2019-11-21T11:45:00+05:30,4081.000000,4091.000000,4080.000000,4091.000000,1234
2019-11-21T12:00:00+05:30,4091.000000,4099.100000,4087.350000,4089.950000,828
2019-11-21T12:15:00+05:30,4088.950000,4090.000000,4080.350000,4085.500000,2699
2019-11-21T12:30:00+05:30,4085.500000,4089.950000,4084.250000,4089.700000,190
2019-11-21T12:45:00+05:30,4089.700000,4090.000000,4080.350000,4085.000000,628
2019-11-21T13:00:00+05:30,4080.350000,4089.900000,4080.350000,4085.000000,485
2019-11-21T13:15:00+05:30,4085.000000,4089.900000,4081.050000,4089.900000,267
2019-11-21T13:30:00+05:30,4089.900000,4100.000000,4086.650000,4097.000000,470
2019-11-21T13:45:00+05:30,4097.000000,4098.000000,4092.600000,4097.000000,213
2019-11-21T14:00:00+05:30,4097.000000,4098.750000,4093.350000,4096.400000,351
2019-11-21T14:15:00+05:30,4096.400000,4096.450000,4090.050000,4094.950000,397
2019-11-21T14:30:00+05:30,4094.850000,4118.850000,4089.750000,4118.000000,5974
2019-11-21T14:45:00+05:30,4118.000000,4138.950000,4101.050000,4117.500000,3502
2019-11-21T15:00:00+05:30,4117.500000,4130.000000,4113.000000,4130.000000,2233
2019-11-21T15:15:00+05:30,4126.000000,4140.000000,4120.000000,4133.000000,4422
2019-11-22T09:15:00+05:30,4150.000000,4184.450000,4141.100000,4174.450000,3353
2019-11-22T09:30:00+05:30,4174.450000,4198.000000,4118.650000,4130.000000,4925
2019-11-22T09:45:00+05:30,4129.950000,4133.200000,4092.250000,4125.000000,1967
2019-11-22T10:00:00+05:30,4125.000000,4143.550000,4116.100000,4132.850000,773
2019-11-22T10:15:00+05:30,4132.850000,4132.950000,4096.750000,4100.000000,2478
2019-11-22T10:30:00+05:30,4100.000000,4120.000000,4090.100000,4119.200000,1141
2019-11-22T10:45:00+05:30,4119.200000,4120.000000,4112.050000,4112.250000,264
2019-11-22T11:00:00+05:30,4112.250000,4120.000000,4108.200000,4108.200000,458
2019-11-22T11:15:00+05:30,4108.200000,4111.000000,4090.000000,4090.050000,858
2019-11-22T11:30:00+05:30,4095.800000,4095.800000,4072.300000,4087.650000,1392
2019-11-22T11:45:00+05:30,4087.650000,4095.800000,4080.450000,4088.000000,735
2019-11-22T12:00:00+05:30,4088.000000,4091.000000,4083.050000,4089.900000,237
2019-11-22T12:15:00+05:30,4089.900000,4090.000000,4080.000000,4080.000000,630
2019-11-22T12:30:00+05:30,4080.000000,4085.000000,4075.350000,4080.000000,374
2019-11-22T12:45:00+05:30,4080.000000,4088.950000,4075.000000,4080.150000,414
2019-11-22T13:00:00+05:30,4080.150000,4087.150000,4072.250000,4075.000000,231
2019-11-22T13:15:00+05:30,4075.000000,4078.900000,4072.700000,4078.700000,115
2019-11-22T13:30:00+05:30,4078.700000,4079.000000,4067.000000,4067.000000,628
2019-11-22T13:45:00+05:30,4067.000000,4074.000000,4055.000000,4059.200000,1384
2019-11-22T14:00:00+05:30,4059.200000,4065.000000,4049.950000,4065.000000,1740
2019-11-22T14:15:00+05:30,4065.000000,4074.000000,4064.000000,4068.950000,799
2019-11-22T14:30:00+05:30,4064.600000,4067.150000,4040.900000,4050.200000,1635
2019-11-22T14:45:00+05:30,4050.200000,4050.200000,4030.000000,4036.850000,1431
2019-11-22T15:00:00+05:30,4036.850000,4044.750000,4030.000000,4044.300000,1445
2019-11-22T15:15:00+05:30,4044.300000,4046.950000,4020.000000,4025.000000,2396
2019-11-25T09:15:00+05:30,4032.000000,4058.950000,4032.000000,4054.700000,408
2019-11-25T09:30:00+05:30,4054.700000,4054.950000,4045.250000,4045.250000,209
2019-11-25T09:45:00+05:30,4045.250000,4056.950000,4044.950000,4052.050000,362
2019-11-25T10:00:00+05:30,4053.000000,4056.900000,4035.100000,4036.550000,266
2019-11-25T10:15:00+05:30,4036.550000,4049.950000,4036.550000,4049.950000,242
2019-11-25T10:30:00+05:30,4049.950000,4049.950000,4045.050000,4049.950000,22
2019-11-25T10:45:00+05:30,4050.000000,4057.000000,4050.000000,4054.900000,223
2019-11-25T11:00:00+05:30,4055.500000,4056.950000,4051.150000,4053.000000,217
2019-11-25T11:15:00+05:30,4053.000000,4056.750000,4044.350000,4051.000000,196
2019-11-25T11:30:00+05:30,4054.900000,4078.800000,4050.100000,4064.850000,1424
2019-11-25T11:45:00+05:30,4064.850000,4064.900000,4058.000000,4060.000000,230
2019-11-25T12:00:00+05:30,4060.000000,4074.600000,4060.000000,4069.750000,273
2019-11-25T12:15:00+05:30,4069.750000,4069.950000,4060.000000,4060.000000,346
2019-11-25T12:30:00+05:30,4062.900000,4062.950000,4060.000000,4060.000000,645
2019-11-25T12:45:00+05:30,4060.000000,4064.000000,4060.000000,4061.000000,408
2019-11-25T13:00:00+05:30,4061.000000,4063.000000,4060.000000,4060.000000,308
2019-11-25T13:15:00+05:30,4060.000000,4061.000000,4058.000000,4059.000000,741
2019-11-25T13:30:00+05:30,4060.500000,4060.500000,4060.500000,4060.500000,118
2019-11-25T13:45:00+05:30,4060.000000,4061.000000,4059.000000,4060.000000,587
2019-11-25T14:00:00+05:30,4060.000000,4063.000000,4060.000000,4062.000000,283
2019-11-25T14:15:00+05:30,4062.000000,4073.550000,4060.050000,4065.000000,210
2019-11-25T14:30:00+05:30,4065.000000,4074.900000,4064.050000,4065.550000,364
2019-11-25T14:45:00+05:30,4065.000000,4069.900000,4062.000000,4068.100000,507
2019-11-25T15:00:00+05:30,4065.100000,4070.000000,4060.000000,4066.000000,1429
2019-11-25T15:15:00+05:30,4066.000000,4074.900000,4050.000000,4056.450000,1956
2019-11-26T09:15:00+05:30,4097.000000,4097.000000,4073.100000,4081.000000,352
2019-11-26T09:30:00+05:30,4081.000000,4087.900000,4040.050000,4043.550000,809
2019-11-26T09:45:00+05:30,4043.550000,4064.900000,4040.050000,4064.900000,686
2019-11-26T10:00:00+05:30,4064.900000,4064.900000,4055.000000,4056.700000,548
2019-11-26T10:15:00+05:30,4056.700000,4059.900000,4050.750000,4050.750000,83
2019-11-26T10:30:00+05:30,4050.750000,4054.450000,4039.300000,4039.300000,434
2019-11-26T10:45:00+05:30,4039.300000,4048.100000,4033.000000,4040.000000,352
2019-11-26T11:00:00+05:30,4040.000000,4045.950000,4036.000000,4036.500000,252
2019-11-26T11:15:00+05:30,4035.000000,4039.950000,4033.150000,4035.000000,373
2019-11-26T11:30:00+05:30,4035.000000,4039.700000,4035.000000,4036.000000,320
2019-11-26T11:45:00+05:30,4036.000000,4039.900000,4035.000000,4035.000000,266
2019-11-26T12:00:00+05:30,4035.000000,4043.400000,4035.000000,4040.000000,323
2019-11-26T12:15:00+05:30,4040.000000,4045.000000,4036.000000,4037.050000,629
2019-11-26T12:30:00+05:30,4037.050000,4039.900000,4035.000000,4035.500000,363
2019-11-26T12:45:00+05:30,4035.000000,4043.950000,4035.000000,4038.000000,207
2019-11-26T13:00:00+05:30,4038.000000,4042.900000,4035.500000,4035.500000,332
2019-11-26T13:15:00+05:30,4035.500000,4040.450000,4035.500000,4040.000000,448
2019-11-26T13:30:00+05:30,4040.000000,4040.400000,4040.000000,4040.000000,316
2019-11-26T13:45:00+05:30,4040.000000,4044.600000,4040.000000,4040.000000,213
2019-11-26T14:00:00+05:30,4040.000000,4041.950000,4040.000000,4040.000000,252
2019-11-26T14:15:00+05:30,4040.200000,4040.300000,4040.000000,4040.000000,552
2019-11-26T14:30:00+05:30,4040.000000,4043.800000,4034.700000,4036.000000,1642
2019-11-26T14:45:00+05:30,4036.000000,4041.000000,4035.750000,4036.000000,405
2019-11-26T15:00:00+05:30,4040.000000,4040.000000,4001.300000,4010.000000,2589
2019-11-26T15:15:00+05:30,4010.000000,4020.000000,4005.050000,4015.450000,2757
2019-11-27T09:15:00+05:30,4014.000000,4034.750000,3991.800000,4010.600000,779
2019-11-27T09:30:00+05:30,4010.600000,4019.950000,3990.000000,3993.000000,873
2019-11-27T09:45:00+05:30,3997.000000,3998.950000,3991.000000,3995.000000,339
2019-11-27T10:00:00+05:30,3995.000000,3995.000000,3976.050000,3980.000000,889
2019-11-27T10:15:00+05:30,3980.000000,3980.000000,3968.000000,3972.800000,2046
2019-11-27T10:30:00+05:30,3972.800000,3988.350000,3970.100000,3988.350000,346
2019-11-27T10:45:00+05:30,3988.350000,3988.350000,3982.000000,3982.000000,35
2019-11-27T11:00:00+05:30,3982.000000,3987.000000,3975.000000,3986.750000,186
2019-11-27T11:15:00+05:30,3986.750000,3986.750000,3975.000000,3975.000000,145
2019-11-27T11:30:00+05:30,3975.000000,3998.000000,3975.000000,3995.000000,169
2019-11-27T11:45:00+05:30,3995.000000,4004.950000,3994.500000,4000.000000,142
2019-11-27T12:00:00+05:30,3996.700000,4003.700000,3996.050000,3996.050000,80
2019-11-27T12:15:00+05:30,3996.050000,4003.800000,3995.000000,3998.500000,3725
2019-11-27T12:30:00+05:30,3998.500000,4010.050000,3998.000000,4009.950000,329
2019-11-27T12:45:00+05:30,4006.000000,4018.800000,4004.050000,4010.000000,174
2019-11-27T13:00:00+05:30,4010.000000,4024.000000,4009.500000,4015.600000,186
2019-11-27T13:15:00+05:30,4015.600000,4018.950000,4014.000000,4018.000000,71
2019-11-27T13:30:00+05:30,4018.000000,4018.000000,4005.000000,4005.000000,149
2019-11-27T13:45:00+05:30,4005.000000,4010.000000,4004.950000,4009.950000,243
2019-11-27T14:00:00+05:30,4005.000000,4007.600000,4001.000000,4001.000000,155
2019-11-27T14:15:00+05:30,4005.000000,4005.000000,4000.100000,4000.100000,205
2019-11-27T14:30:00+05:30,4000.100000,4006.300000,4000.100000,4005.950000,469
2019-11-27T14:45:00+05:30,4005.950000,4007.000000,4000.000000,4000.000000,384
2019-11-27T15:00:00+05:30,4000.000000,4005.050000,3985.850000,3987.650000,521
2019-11-27T15:15:00+05:30,3987.650000,3998.700000,3975.000000,3985.950000,781
2019-11-28T09:15:00+05:30,3990.000000,4084.000000,3968.000000,3970.100000,835
2019-11-28T09:30:00+05:30,3970.100000,3991.000000,3970.100000,3990.550000,344
2019-11-28T09:45:00+05:30,3990.550000,4012.050000,3989.050000,3995.600000,485
2019-11-28T10:00:00+05:30,3995.600000,3997.950000,3989.050000,3997.800000,410
2019-11-28T10:15:00+05:30,3997.800000,4005.000000,3992.500000,4000.000000,212
2019-11-28T10:30:00+05:30,4000.000000,4000.000000,3980.000000,3990.000000,344
2019-11-28T10:45:00+05:30,3990.000000,3990.200000,3970.250000,3977.000000,292
2019-11-28T11:00:00+05:30,3977.000000,3980.000000,3972.100000,3980.000000,616
2019-11-28T11:15:00+05:30,3982.900000,3989.650000,3980.950000,3982.500000,81
2019-11-28T11:30:00+05:30,3989.400000,3999.950000,3984.050000,3999.950000,230
2019-11-28T11:45:00+05:30,3999.950000,3999.950000,3985.000000,3985.000000,140
2019-11-28T12:00:00+05:30,3985.000000,3998.000000,3984.800000,3998.000000,847
2019-11-28T12:15:00+05:30,3998.000000,4005.000000,3991.550000,4005.000000,16784
2019-11-28T12:30:00+05:30,4005.000000,4008.850000,3995.000000,3995.000000,603
2019-11-28T12:45:00+05:30,3997.550000,4000.000000,3988.950000,3999.900000,10135
2019-11-28T13:00:00+05:30,3999.900000,3999.950000,3988.950000,3989.100000,415
2019-11-28T13:15:00+05:30,3989.100000,3989.100000,3975.000000,3980.000000,420
2019-11-28T13:30:00+05:30,3980.000000,3996.000000,3977.000000,3990.800000,242
2019-11-28T13:45:00+05:30,3990.800000,3994.500000,3985.000000,3987.000000,217
2019-11-28T14:00:00+05:30,3987.000000,3987.000000,3975.000000,3976.100000,792
2019-11-28T14:15:00+05:30,3975.000000,3987.650000,3970.000000,3987.650000,1106
2019-11-28T14:30:00+05:30,3987.650000,3999.000000,3980.000000,3992.350000,1860
2019-11-28T14:45:00+05:30,3992.350000,3996.400000,3980.950000,3980.950000,151
2019-11-28T15:00:00+05:30,3987.000000,4038.000000,3980.000000,4029.950000,7516
2019-11-28T15:15:00+05:30,4029.950000,4032.800000,4008.800000,4029.000000,3042
2019-11-29T09:15:00+05:30,4038.800000,4057.000000,4027.250000,4039.400000,403
2019-11-29T09:30:00+05:30,4033.550000,4039.500000,4020.000000,4024.050000,343
2019-11-29T09:45:00+05:30,4024.050000,4024.600000,4021.000000,4021.000000,90
2019-11-29T10:00:00+05:30,4020.000000,4024.000000,4008.400000,4008.400000,372
2019-11-29T10:15:00+05:30,4008.400000,4021.950000,3990.000000,4017.000000,1142
2019-11-29T10:30:00+05:30,4017.000000,4019.450000,4012.350000,4012.650000,157
2019-11-29T10:45:00+05:30,4019.300000,4022.000000,4011.750000,4019.350000,433
2019-11-29T11:00:00+05:30,4019.350000,4020.000000,4011.150000,4015.000000,53
2019-11-29T11:15:00+05:30,4015.000000,4015.000000,4010.200000,4010.200000,97
2019-11-29T11:30:00+05:30,4010.200000,4020.000000,4009.250000,4015.700000,268
2019-11-29T11:45:00+05:30,4015.700000,4015.700000,4004.100000,4010.000000,427
2019-11-29T12:00:00+05:30,4010.000000,4013.100000,4010.000000,4010.000000,35
2019-11-29T12:15:00+05:30,4010.000000,4012.000000,4010.000000,4010.000000,92
2019-11-29T12:30:00+05:30,4010.000000,4019.350000,4010.000000,4015.900000,240
2019-11-29T12:45:00+05:30,4015.900000,4015.900000,4010.000000,4011.800000,560
2019-11-29T13:00:00+05:30,4011.800000,4014.800000,4010.000000,4014.050000,637
2019-11-29T13:15:00+05:30,4014.050000,4014.900000,4010.000000,4010.050000,148
2019-11-29T13:30:00+05:30,4010.050000,4014.900000,4010.000000,4010.000000,398
2019-11-29T13:45:00+05:30,4010.000000,4014.000000,4010.000000,4012.950000,205
2019-11-29T14:00:00+05:30,4012.950000,4019.000000,4011.750000,4013.750000,126
2019-11-29T14:15:00+05:30,4013.750000,4020.000000,4010.150000,4019.000000,2355
2019-11-29T14:30:00+05:30,4019.000000,4055.000000,4013.150000,4049.900000,2846
2019-11-29T14:45:00+05:30,4049.900000,4073.200000,4045.000000,4060.000000,2731
2019-11-29T15:00:00+05:30,4060.000000,4168.000000,4060.000000,4150.000000,11458
2019-11-29T15:15:00+05:30,4150.000000,4198.000000,4119.600000,4145.000000,17115
2019-12-02T09:15:00+05:30,4175.000000,4195.000000,4148.450000,4195.000000,2955
2019-12-02T09:30:00+05:30,4193.750000,4258.950000,4176.000000,4254.000000,10675
2019-12-02T09:45:00+05:30,4252.700000,4260.000000,4204.050000,4212.300000,5112
2019-12-02T10:00:00+05:30,4212.300000,4217.000000,4185.100000,4200.050000,2000
2019-12-02T10:15:00+05:30,4200.050000,4229.350000,4200.000000,4217.550000,1326
2019-12-02T10:30:00+05:30,4217.550000,4225.000000,4204.000000,4214.550000,868
2019-12-02T10:45:00+05:30,4214.550000,4230.000000,4207.100000,4210.350000,1638
2019-12-02T11:00:00+05:30,4207.000000,4214.700000,4198.000000,4201.950000,965
2019-12-02T11:15:00+05:30,4201.950000,4209.350000,4195.000000,4205.600000,574
2019-12-02T11:30:00+05:30,4205.600000,4232.000000,4203.000000,4223.000000,1571
2019-12-02T11:45:00+05:30,4223.000000,4225.000000,4215.000000,4221.000000,557
2019-12-02T12:00:00+05:30,4221.950000,4222.000000,4210.050000,4216.850000,624
2019-12-02T12:15:00+05:30,4216.850000,4218.200000,4192.050000,4192.050000,1379
2019-12-02T12:30:00+05:30,4192.050000,4200.000000,4192.050000,4198.700000,635
2019-12-02T12:45:00+05:30,4198.700000,4200.000000,4194.550000,4198.900000,414
2019-12-02T13:00:00+05:30,4198.900000,4199.900000,4192.050000,4199.900000,628
2019-12-02T13:15:00+05:30,4199.900000,4200.000000,4186.600000,4190.000000,1177
2019-12-02T13:30:00+05:30,4190.000000,4195.000000,4185.000000,4194.500000,665
2019-12-02T13:45:00+05:30,4194.500000,4195.000000,4185.000000,4189.800000,379
2019-12-02T14:00:00+05:30,4189.800000,4195.000000,4186.000000,4186.000000,490
2019-12-02T14:15:00+05:30,4186.000000,4195.000000,4186.000000,4195.000000,844
2019-12-02T14:30:00+05:30,4192.550000,4195.000000,4185.300000,4190.000000,677
2019-12-02T14:45:00+05:30,4190.000000,4195.000000,4186.350000,4194.900000,997
2019-12-02T15:00:00+05:30,4194.900000,4199.500000,4188.050000,4190.000000,1076
2019-12-02T15:15:00+05:30,4190.000000,4199.900000,4188.000000,4188.100000,1966
2019-12-03T09:15:00+05:30,4222.800000,4239.700000,4212.050000,4238.000000,6034
2019-12-03T09:30:00+05:30,4236.400000,4297.850000,4236.400000,4275.000000,12373
2019-12-03T09:45:00+05:30,4273.150000,4369.850000,4272.550000,4338.550000,19487
2019-12-03T10:00:00+05:30,4335.400000,4388.550000,4325.850000,4373.550000,11087
2019-12-03T10:15:00+05:30,4373.700000,4377.850000,4346.500000,4349.950000,4621
2019-12-03T10:30:00+05:30,4349.000000,4365.000000,4338.100000,4347.850000,4253
2019-12-03T10:45:00+05:30,4346.500000,4350.000000,4336.600000,4338.150000,1953
2019-12-03T11:00:00+05:30,4338.150000,4340.000000,4320.050000,4321.050000,2801
2019-12-03T11:15:00+05:30,4321.000000,4331.000000,4315.000000,4327.900000,2384
2019-12-03T11:30:00+05:30,4327.900000,4330.000000,4301.500000,4304.200000,3204
2019-12-03T11:45:00+05:30,4302.050000,4330.000000,4302.050000,4315.000000,2585
2019-12-03T12:00:00+05:30,4314.000000,4329.000000,4308.800000,4322.000000,2284
2019-12-03T12:15:00+05:30,4320.050000,4325.000000,4314.000000,4314.450000,580
2019-12-03T12:30:00+05:30,4314.550000,4320.000000,4314.450000,4318.100000,431
2019-12-03T12:45:00+05:30,4318.100000,4329.050000,4318.100000,4329.000000,495
2019-12-03T13:00:00+05:30,4329.000000,4330.050000,4314.450000,4317.550000,1751
2019-12-03T13:15:00+05:30,4317.750000,4330.000000,4311.100000,4329.950000,2648
2019-12-03T13:30:00+05:30,4327.950000,4330.000000,4317.600000,4324.300000,839
2019-12-03T13:45:00+05:30,4320.850000,4328.000000,4320.850000,4322.050000,493
2019-12-03T14:00:00+05:30,4322.050000,4327.950000,4313.600000,4325.000000,943
2019-12-03T14:15:00+05:30,4325.350000,4327.400000,4315.000000,4315.000000,717
2019-12-03T14:30:00+05:30,4317.000000,4333.000000,4316.000000,4329.900000,2519
2019-12-03T14:45:00+05:30,4328.250000,4380.000000,4327.450000,4359.900000,11526
2019-12-03T15:00:00+05:30,4351.300000,4359.900000,4316.350000,4323.050000,6359
2019-12-03T15:15:00+05:30,4321.800000,4384.000000,4290.700000,4370.000000,12945
2019-12-04T09:15:00+05:30,4370.000000,4472.000000,4367.850000,4450.000000,18715
2019-12-04T09:30:00+05:30,4450.000000,4499.000000,4425.000000,4480.050000,15079
2019-12-04T09:45:00+05:30,4480.050000,4484.900000,4463.150000,4470.300000,5324
2019-12-04T10:00:00+05:30,4471.900000,4488.000000,4455.100000,4465.850000,3556
2019-12-04T10:15:00+05:30,4465.850000,4474.250000,4455.050000,4457.200000,2848
2019-12-04T10:30:00+05:30,4457.200000,4470.000000,4457.000000,4460.450000,3101
2019-12-04T10:45:00+05:30,4460.450000,4468.000000,4460.100000,4463.450000,1904
2019-12-04T11:00:00+05:30,4463.450000,4465.000000,4440.000000,4445.100000,5410
2019-12-04T11:15:00+05:30,4445.100000,4450.000000,4423.850000,4432.050000,2905
2019-12-04T11:30:00+05:30,4435.950000,4440.000000,4432.050000,4437.050000,925
2019-12-04T11:45:00+05:30,4437.050000,4437.050000,4415.000000,4430.000000,2081
2019-12-04T12:00:00+05:30,4427.600000,4434.950000,4418.000000,4427.000000,897
2019-12-04T12:15:00+05:30,4427.000000,4440.000000,4423.650000,4435.000000,1474
2019-12-04T12:30:00+05:30,4434.200000,4439.000000,4416.000000,4420.900000,1055
2019-12-04T12:45:00+05:30,4422.000000,4439.000000,4420.900000,4427.000000,760
2019-12-04T13:00:00+05:30,4427.000000,4434.000000,4422.150000,4427.950000,1263
2019-12-04T13:15:00+05:30,4427.950000,4429.250000,4411.000000,4413.150000,1143
2019-12-04T13:30:00+05:30,4413.150000,4428.000000,4410.400000,4425.000000,1480
2019-12-04T13:45:00+05:30,4425.000000,4425.000000,4375.500000,4386.350000,3484
2019-12-04T14:00:00+05:30,4386.350000,4410.000000,4381.550000,4400.000000,1053
2019-12-04T14:15:00+05:30,4400.000000,4404.100000,4392.050000,4396.900000,949
2019-12-04T14:30:00+05:30,4396.900000,4400.000000,4377.000000,4382.750000,1801
2019-12-04T14:45:00+05:30,4382.750000,4403.950000,4382.750000,4397.000000,1343
2019-12-04T15:00:00+05:30,4400.000000,4440.000000,4399.850000,4433.000000,4837
2019-12-04T15:15:00+05:30,4433.000000,4439.000000,4415.000000,4420.000000,4692
2019-12-05T09:15:00+05:30,4449.000000,4450.000000,4380.000000,4398.400000,1946
2019-12-05T09:30:00+05:30,4398.400000,4398.400000,4350.000000,4366.900000,913
2019-12-05T09:45:00+05:30,4366.900000,4368.950000,4353.000000,4358.150000,828
2019-12-05T10:00:00+05:30,4358.150000,4366.100000,4353.100000,4360.550000,445
2019-12-05T10:15:00+05:30,4360.500000,4388.850000,4360.500000,4379.450000,1099
2019-12-05T10:30:00+05:30,4380.100000,4390.150000,4374.000000,4383.000000,529
2019-12-05T10:45:00+05:30,4383.000000,4399.000000,4374.050000,4395.000000,570
2019-12-05T11:00:00+05:30,4397.350000,4400.000000,4384.000000,4384.000000,511
2019-12-05T11:15:00+05:30,4384.000000,4384.000000,4375.050000,4380.000000,425
2019-12-05T11:30:00+05:30,4380.000000,4381.950000,4370.000000,4373.900000,347
2019-12-05T11:45:00+05:30,4373.900000,4373.900000,4360.000000,4370.000000,447
2019-12-05T12:00:00+05:30,4370.000000,4375.000000,4369.000000,4375.000000,199
2019-12-05T12:15:00+05:30,4375.000000,4377.600000,4370.000000,4377.600000,170
2019-12-05T12:30:00+05:30,4372.650000,4375.900000,4368.000000,4368.000000,279
2019-12-05T12:45:00+05:30,4368.000000,4371.750000,4351.150000,4355.000000,596
2019-12-05T13:00:00+05:30,4355.000000,4366.000000,4355.000000,4366.000000,211
2019-12-05T13:15:00+05:30,4366.000000,4366.000000,4328.300000,4338.000000,1443
2019-12-05T13:30:00+05:30,4338.000000,4342.450000,4284.950000,4298.500000,2587
2019-12-05T13:45:00+05:30,4298.500000,4326.000000,4293.150000,4326.000000,665
2019-12-05T14:00:00+05:30,4326.000000,4329.000000,4290.300000,4305.050000,1148
2019-12-05T14:15:00+05:30,4305.050000,4317.250000,4305.050000,4317.250000,150
2019-12-05T14:30:00+05:30,4317.250000,4317.250000,4289.000000,4307.950000,777
2019-12-05T14:45:00+05:30,4307.950000,4307.950000,4295.200000,4300.000000,400
2019-12-05T15:00:00+05:30,4300.000000,4325.000000,4300.000000,4317.600000,1930
2019-12-05T15:15:00+05:30,4317.600000,4322.000000,4287.000000,4298.000000,1759
2019-12-06T09:15:00+05:30,4328.000000,4334.450000,4302.000000,4330.000000,907
2019-12-06T09:30:00+05:30,4332.650000,4392.600000,4328.500000,4391.650000,2761
2019-12-06T09:45:00+05:30,4391.650000,4391.650000,4368.000000,4382.500000,1490
2019-12-06T10:00:00+05:30,4383.350000,4389.900000,4370.000000,4370.000000,1367
2019-12-06T10:15:00+05:30,4370.000000,4375.000000,4331.000000,4340.050000,2826
2019-12-06T10:30:00+05:30,4340.050000,4347.000000,4336.000000,4342.250000,490
2019-12-06T10:45:00+05:30,4342.250000,4342.250000,4321.000000,4335.100000,1185
2019-12-06T11:00:00+05:30,4335.100000,4336.000000,4325.000000,4329.000000,185
2019-12-06T11:15:00+05:30,4329.000000,4337.950000,4328.450000,4332.000000,276
2019-12-06T11:30:00+05:30,4332.000000,4333.900000,4290.000000,4302.500000,2890
2019-12-06T11:45:00+05:30,4302.500000,4324.950000,4300.200000,4320.000000,621
2019-12-06T12:00:00+05:30,4320.000000,4322.000000,4301.600000,4308.950000,928
2019-12-06T12:15:00+05:30,4308.950000,4309.950000,4303.000000,4303.000000,555
2019-12-06T12:30:00+05:30,4302.000000,4309.950000,4300.100000,4303.000000,138
2019-12-06T12:45:00+05:30,4303.000000,4309.950000,4300.200000,4304.500000,240
2019-12-06T13:00:00+05:30,4304.500000,4309.000000,4295.750000,4303.400000,175
2019-12-06T13:15:00+05:30,4303.400000,4303.400000,4291.600000,4299.950000,336
2019-12-06T13:30:00+05:30,4299.950000,4311.900000,4296.050000,4311.900000,1385
2019-12-06T13:45:00+05:30,4311.900000,4311.900000,4275.100000,4283.000000,1198
2019-12-06T14:00:00+05:30,4283.000000,4314.950000,4277.650000,4290.600000,1267
2019-12-06T14:15:00+05:30,4290.600000,4297.900000,4279.900000,4292.000000,338
2019-12-06T14:30:00+05:30,4292.000000,4305.000000,4287.600000,4305.000000,392
2019-12-06T14:45:00+05:30,4305.000000,4309.950000,4295.750000,4309.950000,464
2019-12-06T15:00:00+05:30,4307.050000,4321.900000,4307.050000,4314.950000,893
2019-12-06T15:15:00+05:30,4314.950000,4332.550000,4282.900000,4332.550000,2221
2019-12-09T09:15:00+05:30,4359.800000,4394.700000,4325.000000,4342.200000,3217
2019-12-09T09:30:00+05:30,4342.200000,4390.000000,4342.200000,4372.900000,2591
2019-12-09T09:45:00+05:30,4372.900000,4374.950000,4342.000000,4348.650000,936
2019-12-09T10:00:00+05:30,4348.650000,4373.000000,4345.050000,4360.450000,791
2019-12-09T10:15:00+05:30,4360.400000,4379.950000,4359.550000,4365.100000,1278
2019-12-09T10:30:00+05:30,4365.050000,4365.250000,4352.400000,4352.400000,397
2019-12-09T10:45:00+05:30,4352.400000,4360.000000,4350.000000,4353.000000,451
2019-12-09T11:00:00+05:30,4351.200000,4359.000000,4346.000000,4348.000000,384
2019-12-09T11:15:00+05:30,4348.000000,4359.000000,4348.000000,4352.600000,183
2019-12-09T11:30:00+05:30,4352.600000,4354.000000,4350.050000,4350.050000,495
2019-12-09T11:45:00+05:30,4350.050000,4357.000000,4342.000000,4346.700000,422
2019-12-09T12:00:00+05:30,4346.700000,4350.000000,4340.000000,4340.150000,647
2019-12-09T12:15:00+05:30,4340.150000,4350.000000,4340.150000,4349.150000,170
2019-12-09T12:30:00+05:30,4349.150000,4350.000000,4342.700000,4344.900000,295
2019-12-09T12:45:00+05:30,4344.900000,4349.250000,4340.050000,4349.200000,215
2019-12-09T13:00:00+05:30,4349.200000,4350.000000,4344.000000,4345.500000,243
2019-12-09T13:15:00+05:30,4345.500000,4350.000000,4345.000000,4346.050000,339
2019-12-09T13:30:00+05:30,4346.050000,4350.100000,4346.050000,4346.850000,710
2019-12-09T13:45:00+05:30,4346.850000,4350.050000,4345.000000,4345.000000,907
2019-12-09T14:00:00+05:30,4345.000000,4350.200000,4312.050000,4315.000000,2173
2019-12-09T14:15:00+05:30,4315.000000,4323.750000,4280.200000,4281.650000,1957
2019-12-09T14:30:00+05:30,4281.650000,4306.350000,4281.650000,4292.000000,1020
2019-12-09T14:45:00+05:30,4292.000000,4302.100000,4280.250000,4289.800000,848
2019-12-09T15:00:00+05:30,4290.000000,4320.850000,4273.000000,4276.250000,1237
2019-12-09T15:15:00+05:30,4276.250000,4300.000000,4265.100000,4277.000000,2015
2019-12-10T09:15:00+05:30,4266.200000,4288.750000,4243.050000,4269.000000,1383
2019-12-10T09:30:00+05:30,4269.000000,4273.000000,4261.600000,4263.000000,193
2019-12-10T09:45:00+05:30,4263.000000,4268.000000,4246.150000,4252.650000,1144
2019-12-10T10:00:00+05:30,4252.650000,4267.950000,4235.050000,4262.700000,932
2019-12-10T10:15:00+05:30,4262.700000,4262.700000,4231.300000,4231.650000,625
2019-12-10T10:30:00+05:30,4231.650000,4242.100000,4222.600000,4227.300000,733
2019-12-10T10:45:00+05:30,4227.700000,4232.000000,4205.500000,4220.050000,1367
2019-12-10T11:00:00+05:30,4220.050000,4230.000000,4210.350000,4213.900000,367
2019-12-10T11:15:00+05:30,4211.250000,4213.800000,4207.000000,4210.050000,294
2019-12-10T11:30:00+05:30,4210.050000,4215.500000,4210.050000,4214.400000,153
2019-12-10T11:45:00+05:30,4214.400000,4215.000000,4209.100000,4213.250000,445
2019-12-10T12:00:00+05:30,4213.250000,4213.250000,4209.100000,4213.000000,128
2019-12-10T12:15:00+05:30,4213.000000,4213.000000,4203.000000,4203.000000,346
2019-12-10T12:30:00+05:30,4204.000000,4210.000000,4204.000000,4209.950000,182
2019-12-10T12:45:00+05:30,4210.000000,4214.000000,4205.200000,4209.750000,214
2019-12-10T13:00:00+05:30,4209.750000,4212.950000,4205.450000,4211.450000,173
2019-12-10T13:15:00+05:30,4211.450000,4213.350000,4206.500000,4212.500000,63
2019-12-10T13:30:00+05:30,4212.500000,4213.950000,4210.000000,4210.000000,164
2019-12-10T13:45:00+05:30,4211.350000,4212.950000,4205.050000,4211.000000,238
2019-12-10T14:00:00+05:30,4211.000000,4213.500000,4196.000000,4196.000000,888
2019-12-10T14:15:00+05:30,4196.000000,4196.000000,4171.100000,4175.000000,1178
2019-12-10T14:30:00+05:30,4175.000000,4194.500000,4171.100000,4190.500000,301
2019-12-10T14:45:00+05:30,4185.200000,4189.950000,4185.000000,4189.000000,811
2019-12-10T15:00:00+05:30,4189.000000,4240.000000,4181.300000,4234.950000,6030
2019-12-10T15:15:00+05:30,4234.900000,4245.000000,4200.000000,4207.300000,4171
2019-12-11T09:15:00+05:30,4238.000000,4249.300000,4194.550000,4201.550000,1064
2019-12-11T09:30:00+05:30,4201.550000,4257.100000,4196.650000,4210.750000,2001
2019-12-11T09:45:00+05:30,4213.050000,4217.000000,4199.250000,4200.000000,322
2019-12-11T10:00:00+05:30,4203.450000,4204.000000,4192.050000,4198.800000,287
2019-12-11T10:15:00+05:30,4198.800000,4204.000000,4190.250000,4203.550000,234
2019-12-11T10:30:00+05:30,4203.550000,4204.000000,4194.350000,4200.000000,211
2019-12-11T10:45:00+05:30,4200.000000,4224.000000,4200.000000,4222.850000,404
2019-12-11T11:00:00+05:30,4222.850000,4249.000000,4216.050000,4230.000000,734
2019-12-11T11:15:00+05:30,4230.000000,4230.050000,4220.000000,4226.750000,145
2019-12-11T11:30:00+05:30,4221.400000,4254.400000,4209.950000,4250.000000,1054
2019-12-11T11:45:00+05:30,4250.000000,4279.750000,4242.500000,4251.400000,1542
2019-12-11T12:00:00+05:30,4251.400000,4255.800000,4244.100000,4247.000000,2194
2019-12-11T12:15:00+05:30,4247.000000,4250.400000,4239.750000,4239.750000,429
2019-12-11T12:30:00+05:30,4239.500000,4243.700000,4239.000000,4241.700000,214
2019-12-11T12:45:00+05:30,4241.700000,4249.950000,4238.750000,4249.950000,164
2019-12-11T13:00:00+05:30,4249.950000,4249.950000,4238.500000,4238.500000,237
2019-12-11T13:15:00+05:30,4238.500000,4244.700000,4238.500000,4243.850000,15
2019-12-11T13:30:00+05:30,4243.850000,4246.450000,4239.550000,4246.450000,63
2019-12-11T13:45:00+05:30,4246.450000,4249.950000,4240.200000,4242.200000,167
2019-12-11T14:00:00+05:30,4242.200000,4248.000000,4240.200000,4246.450000,250
2019-12-11T14:15:00+05:30,4246.450000,4247.450000,4240.100000,4240.100000,336
2019-12-11T14:30:00+05:30,4240.100000,4245.000000,4240.050000,4241.800000,498
2019-12-11T14:45:00+05:30,4241.800000,4251.000000,4240.000000,4245.500000,708
2019-12-11T15:00:00+05:30,4245.500000,4248.500000,4238.000000,4240.200000,598
2019-12-11T15:15:00+05:30,4240.200000,4246.000000,4236.750000,4236.750000,839
2019-12-12T09:15:00+05:30,4246.800000,4343.000000,4242.100000,4332.900000,3896
2019-12-12T09:30:00+05:30,4332.900000,4340.000000,4301.300000,4305.900000,1350
2019-12-12T09:45:00+05:30,4305.900000,4336.700000,4302.100000,4305.000000,1280
2019-12-12T10:00:00+05:30,4305.000000,4325.000000,4302.100000,4320.000000,944
2019-12-12T10:15:00+05:30,4317.500000,4348.700000,4310.050000,4342.400000,1992
2019-12-12T10:30:00+05:30,4342.400000,4345.950000,4326.050000,4327.200000,1216
2019-12-12T10:45:00+05:30,4327.200000,4336.400000,4323.050000,4324.000000,524
2019-12-12T11:00:00+05:30,4323.050000,4329.950000,4322.050000,4325.050000,288
2019-12-12T11:15:00+05:30,4325.050000,4334.350000,4322.050000,4326.150000,1153
2019-12-12T11:30:00+05:30,4326.150000,4338.850000,4320.100000,4325.950000,973
2019-12-12T11:45:00+05:30,4325.950000,4328.250000,4320.100000,4322.000000,839
2019-12-12T12:00:00+05:30,4322.000000,4330.000000,4321.250000,4325.050000,394
2019-12-12T12:15:00+05:30,4325.050000,4328.000000,4322.050000,4322.600000,448
2019-12-12T12:30:00+05:30,4322.600000,4326.000000,4320.450000,4325.000000,214
2019-12-12T12:45:00+05:30,4325.000000,4325.000000,4321.000000,4325.000000,206
2019-12-12T13:00:00+05:30,4325.000000,4325.000000,4305.950000,4314.700000,1972
2019-12-12T13:15:00+05:30,4314.700000,4331.750000,4308.000000,4331.000000,3015
2019-12-12T13:30:00+05:30,4331.000000,4340.000000,4322.100000,4325.100000,1220
2019-12-12T13:45:00+05:30,4325.100000,4328.000000,4314.850000,4315.150000,934
2019-12-12T14:00:00+05:30,4315.150000,4324.950000,4315.050000,4319.900000,1045
2019-12-12T14:15:00+05:30,4320.000000,4321.350000,4317.000000,4320.000000,1694
2019-12-12T14:30:00+05:30,4320.000000,4320.000000,4316.000000,4319.000000,810
2019-12-12T14:45:00+05:30,4318.950000,4329.000000,4318.000000,4323.350000,1215
2019-12-12T15:00:00+05:30,4323.350000,4325.000000,4304.000000,4309.550000,2224
2019-12-12T15:15:00+05:30,4309.550000,4324.800000,4300.000000,4310.000000,2694
2019-12-13T09:15:00+05:30,4315.000000,4340.700000,4295.000000,4318.700000,404
2019-12-13T09:30:00+05:30,4315.950000,4318.000000,4300.000000,4300.750000,594
2019-12-13T09:45:00+05:30,4300.750000,4305.000000,4298.900000,4299.950000,422
2019-12-13T10:00:00+05:30,4299.950000,4305.000000,4299.100000,4301.300000,357
2019-12-13T10:15:00+05:30,4300.950000,4312.900000,4300.300000,4306.000000,606
2019-12-13T10:30:00+05:30,4306.000000,4310.000000,4301.100000,4305.450000,334
2019-12-13T10:45:00+05:30,4305.450000,4310.000000,4302.100000,4306.300000,280
2019-12-13T11:00:00+05:30,4306.300000,4310.000000,4305.100000,4306.700000,247
2019-12-13T11:15:00+05:30,4306.700000,4320.050000,4305.000000,4320.050000,449
2019-12-13T11:30:00+05:30,4321.550000,4360.000000,4320.750000,4343.100000,2277
2019-12-13T11:45:00+05:30,4343.750000,4350.000000,4335.000000,4340.000000,737
2019-12-13T12:00:00+05:30,4340.000000,4341.700000,4333.250000,4337.000000,138
2019-12-13T12:15:00+05:30,4337.000000,4350.000000,4336.000000,4344.000000,698
2019-12-13T12:30:00+05:30,4345.000000,4350.000000,4340.000000,4340.050000,467
2019-12-13T12:45:00+05:30,4340.050000,4344.000000,4331.550000,4331.550000,499
2019-12-13T13:00:00+05:30,4331.300000,4337.050000,4331.000000,4331.300000,68
2019-12-13T13:15:00+05:30,4331.350000,4335.000000,4330.000000,4331.750000,174
2019-12-13T13:30:00+05:30,4331.750000,4340.000000,4330.550000,4335.050000,387
2019-12-13T13:45:00+05:30,4335.000000,4340.000000,4325.000000,4331.900000,1016
2019-12-13T14:00:00+05:30,4331.900000,4333.550000,4325.050000,4330.050000,391
2019-12-13T14:15:00+05:30,4330.050000,4333.700000,4330.000000,4330.300000,190
2019-12-13T14:30:00+05:30,4330.300000,4333.000000,4317.050000,4319.000000,716
2019-12-13T14:45:00+05:30,4319.050000,4329.550000,4311.050000,4315.100000,500
2019-12-13T15:00:00+05:30,4315.100000,4320.000000,4311.250000,4311.550000,438
2019-12-13T15:15:00+05:30,4311.550000,4375.000000,4295.000000,4375.000000,7094
2019-12-16T09:15:00+05:30,4374.000000,4386.350000,4356.550000,4366.800000,1197
2019-12-16T09:30:00+05:30,4366.800000,4380.000000,4358.100000,4365.000000,922
2019-12-16T09:45:00+05:30,4365.000000,4379.000000,4365.000000,4371.000000,790
2019-12-16T10:00:00+05:30,4371.000000,4375.050000,4365.400000,4375.050000,214
2019-12-16T10:15:00+05:30,4375.000000,4380.000000,4370.800000,4373.950000,546
2019-12-16T10:30:00+05:30,4373.950000,4427.350000,4370.000000,4401.150000,4550
2019-12-16T10:45:00+05:30,4403.000000,4410.000000,4392.950000,4400.000000,1457
2019-12-16T11:00:00+05:30,4400.000000,4411.000000,4396.050000,4405.500000,691
2019-12-16T11:15:00+05:30,4405.500000,4408.700000,4383.400000,4390.750000,1152
2019-12-16T11:30:00+05:30,4390.750000,4393.800000,4388.100000,4388.100000,373
2019-12-16T11:45:00+05:30,4388.100000,4390.000000,4387.100000,4389.250000,196
2019-12-16T12:00:00+05:30,4389.250000,4390.000000,4385.100000,4386.000000,406
2019-12-16T12:15:00+05:30,4386.000000,4389.000000,4383.100000,4384.000000,243
2019-12-16T12:30:00+05:30,4384.000000,4389.000000,4383.400000,4387.350000,176
2019-12-16T12:45:00+05:30,4387.350000,4390.000000,4383.200000,4385.250000,502
2019-12-16T13:00:00+05:30,4385.250000,4389.950000,4383.850000,4384.850000,85
2019-12-16T13:15:00+05:30,4384.850000,4389.450000,4380.300000,4382.050000,445
2019-12-16T13:30:00+05:30,4382.050000,4390.500000,4382.050000,4385.250000,127
2019-12-16T13:45:00+05:30,4385.250000,4425.000000,4385.200000,4414.900000,2009
2019-12-16T14:00:00+05:30,4414.900000,4430.000000,4413.800000,4430.000000,1374
2019-12-16T14:15:00+05:30,4426.400000,4430.000000,4413.150000,4425.000000,1154
2019-12-16T14:30:00+05:30,4425.000000,4430.000000,4405.050000,4405.100000,720
2019-12-16T14:45:00+05:30,4405.100000,4411.000000,4389.050000,4391.500000,1079
2019-12-16T15:00:00+05:30,4391.500000,4396.400000,4371.100000,4378.000000,2108
2019-12-16T15:15:00+05:30,4378.000000,4389.200000,4365.250000,4365.250000,1894
2019-12-17T09:15:00+05:30,4377.450000,4417.000000,4377.450000,4394.000000,927
2019-12-17T09:30:00+05:30,4391.000000,4435.000000,4391.000000,4429.000000,2268
2019-12-17T09:45:00+05:30,4429.000000,4445.000000,4410.000000,4410.100000,1940
2019-12-17T10:00:00+05:30,4410.100000,4418.200000,4395.400000,4409.700000,1076
2019-12-17T10:15:00+05:30,4409.700000,4409.700000,4386.050000,4398.700000,554
2019-12-17T10:30:00+05:30,4398.700000,4417.800000,4398.000000,4412.700000,189
2019-12-17T10:45:00+05:30,4412.700000,4412.700000,4400.300000,4403.750000,196
2019-12-17T11:00:00+05:30,4403.550000,4406.000000,4400.400000,4401.450000,339
2019-12-17T11:15:00+05:30,4402.000000,4404.750000,4400.950000,4404.500000,272
2019-12-17T11:30:00+05:30,4404.500000,4404.500000,4385.000000,4386.000000,476
2019-12-17T11:45:00+05:30,4386.450000,4403.500000,4386.450000,4402.350000,226
2019-12-17T12:00:00+05:30,4402.350000,4404.500000,4389.700000,4399.950000,430
2019-12-17T12:15:00+05:30,4399.950000,4403.400000,4398.500000,4398.850000,73
2019-12-17T12:30:00+05:30,4398.850000,4401.450000,4393.600000,4398.800000,139
2019-12-17T12:45:00+05:30,4398.800000,4401.000000,4397.150000,4399.700000,51
2019-12-17T13:00:00+05:30,4399.700000,4400.000000,4389.700000,4389.700000,320
2019-12-17T13:15:00+05:30,4389.700000,4389.750000,4365.200000,4376.000000,951
2019-12-17T13:30:00+05:30,4378.000000,4395.500000,4378.000000,4382.650000,233
2019-12-17T13:45:00+05:30,4382.650000,4395.000000,4382.650000,4393.950000,157
2019-12-17T14:00:00+05:30,4393.950000,4394.000000,4388.250000,4388.350000,89
2019-12-17T14:15:00+05:30,4390.350000,4394.000000,4383.000000,4390.550000,819
2019-12-17T14:30:00+05:30,4390.550000,4393.950000,4383.350000,4390.000000,184
2019-12-17T14:45:00+05:30,4390.000000,4391.550000,4366.000000,4372.950000,808
2019-12-17T15:00:00+05:30,4372.950000,4390.000000,4370.150000,4376.500000,1609
2019-12-17T15:15:00+05:30,4376.500000,4385.000000,4357.000000,4360.000000,2077
2019-12-18T09:15:00+05:30,4361.200000,4400.000000,4360.000000,4391.700000,722
2019-12-18T09:30:00+05:30,4391.700000,4398.000000,4369.050000,4388.000000,761
2019-12-18T09:45:00+05:30,4388.000000,4393.650000,4380.100000,4384.700000,264
2019-12-18T10:00:00+05:30,4384.700000,4387.050000,4375.000000,4375.000000,260
2019-12-18T10:15:00+05:30,4375.000000,4399.000000,4371.000000,4393.750000,5719
2019-12-18T10:30:00+05:30,4393.750000,4394.000000,4372.550000,4380.150000,637
2019-12-18T10:45:00+05:30,4380.150000,4380.150000,4374.100000,4375.350000,108
2019-12-18T11:00:00+05:30,4375.350000,4380.300000,4370.100000,4371.000000,469
2019-12-18T11:15:00+05:30,4371.000000,4377.950000,4369.800000,4371.800000,510
2019-12-18T11:30:00+05:30,4371.800000,4375.800000,4341.150000,4347.650000,1883
2019-12-18T11:45:00+05:30,4347.650000,4352.450000,4330.000000,4335.500000,1023
2019-12-18T12:00:00+05:30,4335.500000,4341.000000,4321.000000,4330.000000,786
2019-12-18T12:15:00+05:30,4330.000000,4330.000000,4298.800000,4312.800000,964
2019-12-18T12:30:00+05:30,4313.450000,4328.000000,4309.550000,4309.550000,710
2019-12-18T12:45:00+05:30,4309.550000,4312.650000,4301.000000,4302.050000,458
2019-12-18T13:00:00+05:30,4302.050000,4313.700000,4301.600000,4309.950000,276
2019-12-18T13:15:00+05:30,4309.950000,4311.750000,4303.000000,4304.950000,331
2019-12-18T13:30:00+05:30,4304.950000,4318.000000,4304.950000,4316.150000,248
2019-12-18T13:45:00+05:30,4316.150000,4326.200000,4315.000000,4319.000000,264
2019-12-18T14:00:00+05:30,4319.000000,4320.700000,4306.150000,4311.850000,247
2019-12-18T14:15:00+05:30,4311.850000,4311.850000,4305.000000,4305.000000,96
2019-12-18T14:30:00+05:30,4307.400000,4316.800000,4303.000000,4309.300000,646
2019-12-18T14:45:00+05:30,4309.300000,4315.350000,4293.700000,4314.700000,1017
2019-12-18T15:00:00+05:30,4314.700000,4319.000000,4305.300000,4315.000000,865
2019-12-18T15:15:00+05:30,4315.000000,4315.000000,4293.100000,4299.100000,1433
2019-12-19T09:15:00+05:30,4290.000000,4317.950000,4290.000000,4317.950000,312
2019-12-19T09:30:00+05:30,4313.700000,4335.800000,4313.700000,4330.000000,297
2019-12-19T09:45:00+05:30,4330.000000,4335.000000,4305.100000,4307.050000,536
2019-12-19T10:00:00+05:30,4307.050000,4318.900000,4305.350000,4307.600000,332
2019-12-19T10:15:00+05:30,4307.600000,4317.000000,4307.600000,4310.050000,208
2019-12-19T10:30:00+05:30,4312.250000,4316.850000,4312.000000,4316.850000,101
2019-12-19T10:45:00+05:30,4316.900000,4321.750000,4312.450000,4314.350000,124
2019-12-19T11:00:00+05:30,4314.350000,4320.000000,4314.350000,4320.000000,93
2019-12-19T11:15:00+05:30,4320.000000,4320.000000,4315.200000,4315.200000,110
2019-12-19T11:30:00+05:30,4318.250000,4319.000000,4312.050000,4314.950000,83
2019-12-19T11:45:00+05:30,4314.950000,4318.100000,4310.350000,4313.050000,67
2019-12-19T12:00:00+05:30,4313.050000,4317.650000,4311.000000,4311.000000,72
2019-12-19T12:15:00+05:30,4311.000000,4314.000000,4310.000000,4314.000000,139
2019-12-19T12:30:00+05:30,4314.000000,4315.000000,4310.000000,4314.950000,26
2019-12-19T12:45:00+05:30,4312.000000,4315.000000,4307.200000,4315.000000,44
2019-12-19T13:00:00+05:30,4315.000000,4315.000000,4307.200000,4307.200000,23
2019-12-19T13:15:00+05:30,4307.200000,4315.000000,4304.750000,4304.750000,181
2019-12-19T13:30:00+05:30,4304.750000,4308.850000,4292.000000,4299.950000,673
2019-12-19T13:45:00+05:30,4299.950000,4300.000000,4292.750000,4300.000000,238
2019-12-19T14:00:00+05:30,4300.000000,4308.950000,4300.000000,4305.550000,44
2019-12-19T14:15:00+05:30,4305.550000,4309.150000,4299.850000,4306.950000,163
2019-12-19T14:30:00+05:30,4306.950000,4307.900000,4297.100000,4305.000000,390
2019-12-19T14:45:00+05:30,4305.000000,4305.000000,4297.850000,4304.300000,229
2019-12-19T15:00:00+05:30,4304.300000,4305.000000,4299.000000,4300.100000,270
2019-12-19T15:15:00+05:30,4300.100000,4301.350000,4280.050000,4285.000000,1040
2019-12-20T09:15:00+05:30,4289.550000,4313.150000,4272.000000,4307.050000,428
2019-12-20T09:30:00+05:30,4307.050000,4310.000000,4299.250000,4306.650000,419
2019-12-20T09:45:00+05:30,4306.650000,4306.650000,4291.000000,4295.000000,197
2019-12-20T10:00:00+05:30,4295.000000,4295.000000,4275.000000,4283.900000,371
2019-12-20T10:15:00+05:30,4283.900000,4283.900000,4276.150000,4277.000000,108
2019-12-20T10:30:00+05:30,4277.000000,4281.300000,4276.150000,4276.850000,152
2019-12-20T10:45:00+05:30,4276.850000,4280.000000,4276.150000,4280.000000,148
2019-12-20T11:00:00+05:30,4276.550000,4280.000000,4271.000000,4277.300000,625
2019-12-20T11:15:00+05:30,4277.300000,4347.950000,4277.300000,4317.750000,2024
2019-12-20T11:30:00+05:30,4317.750000,4317.750000,4295.050000,4299.950000,636
2019-12-20T11:45:00+05:30,4299.950000,4300.000000,4272.600000,4294.600000,778
2019-12-20T12:00:00+05:30,4294.600000,4294.600000,4286.000000,4287.200000,208
2019-12-20T12:15:00+05:30,4287.200000,4300.000000,4285.000000,4299.800000,217
2019-12-20T12:30:00+05:30,4299.800000,4300.000000,4285.000000,4285.000000,345
2019-12-20T12:45:00+05:30,4285.000000,4300.000000,4285.000000,4292.500000,167
2019-12-20T13:00:00+05:30,4292.500000,4292.500000,4286.200000,4289.950000,124
2019-12-20T13:15:00+05:30,4289.950000,4290.000000,4285.050000,4287.950000,88
2019-12-20T13:30:00+05:30,4287.950000,4291.300000,4279.200000,4290.000000,164
2019-12-20T13:45:00+05:30,4290.000000,4290.300000,4285.000000,4285.000000,94
2019-12-20T14:00:00+05:30,4285.000000,4290.650000,4280.000000,4289.850000,449
2019-12-20T14:15:00+05:30,4289.850000,4289.950000,4284.050000,4287.050000,68
2019-12-20T14:30:00+05:30,4287.050000,4293.750000,4280.000000,4292.750000,338
2019-12-20T14:45:00+05:30,4292.750000,4293.750000,4287.750000,4291.000000,241
2019-12-20T15:00:00+05:30,4291.000000,4293.000000,4259.550000,4259.550000,1615
2019-12-20T15:15:00+05:30,4259.550000,4263.000000,4235.000000,4235.000000,1344
2019-12-23T09:15:00+05:30,4259.000000,4292.900000,4246.400000,4282.400000,373
2019-12-23T09:30:00+05:30,4282.400000,4284.800000,4272.100000,4273.150000,237
2019-12-23T09:45:00+05:30,4273.150000,4277.600000,4270.000000,4275.000000,102
2019-12-23T10:00:00+05:30,4275.000000,4278.000000,4270.900000,4278.000000,90
2019-12-23T10:15:00+05:30,4278.000000,4284.300000,4260.000000,4269.250000,162
2019-12-23T10:30:00+05:30,4269.450000,4277.900000,4260.000000,4265.000000,149
2019-12-23T10:45:00+05:30,4265.000000,4268.000000,4254.400000,4263.350000,107
2019-12-23T11:00:00+05:30,4263.350000,4267.000000,4260.000000,4260.000000,32
2019-12-23T11:15:00+05:30,4260.000000,4260.000000,4230.000000,4235.000000,589
2019-12-23T11:30:00+05:30,4235.000000,4241.000000,4225.900000,4232.050000,804
2019-12-23T11:45:00+05:30,4232.050000,4237.000000,4222.300000,4224.950000,166
2019-12-23T12:00:00+05:30,4224.950000,4230.000000,4224.000000,4230.000000,151
2019-12-23T12:15:00+05:30,4230.000000,4244.800000,4222.400000,4244.800000,487
2019-12-23T12:30:00+05:30,4244.800000,4248.950000,4237.200000,4246.000000,58
2019-12-23T12:45:00+05:30,4246.000000,4246.000000,4240.000000,4242.000000,72
2019-12-23T13:00:00+05:30,4242.000000,4245.000000,4237.250000,4245.000000,86
2019-12-23T13:15:00+05:30,4245.000000,4245.000000,4230.000000,4239.900000,169
2019-12-23T13:30:00+05:30,4239.900000,4240.000000,4231.000000,4231.000000,91
2019-12-23T13:45:00+05:30,4231.000000,4240.000000,4231.000000,4239.900000,171
2019-12-23T14:00:00+05:30,4239.900000,4239.900000,4232.100000,4232.850000,99
2019-12-23T14:15:00+05:30,4232.450000,4232.450000,4210.450000,4229.950000,375
2019-12-23T14:30:00+05:30,4229.950000,4229.950000,4215.000000,4220.000000,337
2019-12-23T14:45:00+05:30,4220.000000,4224.000000,4217.150000,4223.000000,84
2019-12-23T15:00:00+05:30,4223.000000,4269.950000,4223.000000,4268.800000,2578
2019-12-23T15:15:00+05:30,4268.800000,4268.950000,4236.550000,4240.000000,1555
2019-12-24T09:15:00+05:30,4235.100000,4317.000000,4235.100000,4315.000000,1391
2019-12-24T09:30:00+05:30,4315.000000,4362.000000,4294.950000,4315.000000,6951
2019-12-24T09:45:00+05:30,4315.000000,4327.850000,4305.000000,4305.000000,2312
2019-12-24T10:00:00+05:30,4305.000000,4307.650000,4265.000000,4274.500000,2184
2019-12-24T10:15:00+05:30,4275.250000,4280.000000,4261.000000,4269.000000,609
2019-12-24T10:30:00+05:30,4269.000000,4273.500000,4260.000000,4261.500000,326
2019-12-24T10:45:00+05:30,4261.500000,4270.050000,4260.200000,4268.150000,333
2019-12-24T11:00:00+05:30,4260.200000,4265.950000,4251.000000,4261.000000,823
2019-12-24T11:15:00+05:30,4261.000000,4268.950000,4253.000000,4253.000000,321
2019-12-24T11:30:00+05:30,4253.000000,4257.850000,4242.000000,4253.650000,1845
2019-12-24T11:45:00+05:30,4253.650000,4254.900000,4248.850000,4254.900000,440
2019-12-24T12:00:00+05:30,4254.900000,4258.550000,4250.000000,4255.650000,354
2019-12-24T12:15:00+05:30,4255.650000,4255.650000,4245.000000,4246.050000,295
2019-12-24T12:30:00+05:30,4246.050000,4251.700000,4245.800000,4250.000000,21
2019-12-24T12:45:00+05:30,4250.000000,4250.000000,4246.050000,4250.000000,48
2019-12-24T13:00:00+05:30,4250.000000,4250.000000,4246.000000,4246.000000,102
2019-12-24T13:15:00+05:30,4246.050000,4249.550000,4241.350000,4242.000000,176
2019-12-24T13:30:00+05:30,4242.000000,4242.850000,4240.000000,4242.850000,317
2019-12-24T13:45:00+05:30,4242.850000,4242.850000,4237.000000,4241.950000,135
2019-12-24T14:00:00+05:30,4241.950000,4250.000000,4238.000000,4250.000000,441
2019-12-24T14:15:00+05:30,4250.000000,4250.000000,4240.000000,4240.000000,275
2019-12-24T14:30:00+05:30,4240.000000,4244.900000,4238.350000,4240.000000,227
2019-12-24T14:45:00+05:30,4240.000000,4244.600000,4220.200000,4228.000000,1031
2019-12-24T15:00:00+05:30,4229.700000,4241.500000,4220.150000,4226.000000,906
2019-12-24T15:15:00+05:30,4226.000000,4229.250000,4201.000000,4205.000000,2328
2019-12-26T09:15:00+05:30,4223.700000,4253.000000,4220.000000,4224.000000,454
2019-12-26T09:30:00+05:30,4224.000000,4235.250000,4222.100000,4234.650000,97
2019-12-26T09:45:00+05:30,4234.650000,4265.000000,4234.500000,4252.850000,458
2019-12-26T10:00:00+05:30,4252.850000,4260.000000,4246.250000,4251.050000,138
2019-12-26T10:15:00+05:30,4245.050000,4251.350000,4234.900000,4239.100000,159
2019-12-26T10:30:00+05:30,4239.150000,4242.000000,4235.000000,4241.950000,107
2019-12-26T10:45:00+05:30,4241.950000,4241.950000,4231.900000,4235.000000,209
2019-12-26T11:00:00+05:30,4235.000000,4235.000000,4225.250000,4225.250000,272
2019-12-26T11:15:00+05:30,4225.250000,4225.250000,4192.000000,4196.700000,455
2019-12-26T11:30:00+05:30,4196.700000,4205.900000,4186.000000,4205.900000,426
2019-12-26T11:45:00+05:30,4210.000000,4211.650000,4190.650000,4201.800000,307
2019-12-26T12:00:00+05:30,4201.800000,4206.150000,4193.000000,4205.450000,165
2019-12-26T12:15:00+05:30,4203.050000,4209.600000,4190.000000,4190.000000,197
2019-12-26T12:30:00+05:30,4190.000000,4214.700000,4187.050000,4190.000000,599
2019-12-26T12:45:00+05:30,4190.000000,4194.250000,4188.000000,4194.200000,323
2019-12-26T13:00:00+05:30,4194.200000,4198.000000,4191.100000,4191.150000,139
2019-12-26T13:15:00+05:30,4191.150000,4191.150000,4172.500000,4187.000000,1059
2019-12-26T13:30:00+05:30,4187.000000,4193.050000,4171.000000,4177.600000,365
2019-12-26T13:45:00+05:30,4177.600000,4185.000000,4172.000000,4184.800000,404
2019-12-26T14:00:00+05:30,4184.800000,4185.000000,4151.250000,4160.000000,1051
2019-12-26T14:15:00+05:30,4160.000000,4173.750000,4160.000000,4168.300000,132
2019-12-26T14:30:00+05:30,4169.250000,4190.000000,4162.800000,4180.000000,474
2019-12-26T14:45:00+05:30,4180.000000,4185.000000,4172.300000,4175.150000,319
2019-12-26T15:00:00+05:30,4175.150000,4175.150000,4161.550000,4161.550000,867
2019-12-26T15:15:00+05:30,4162.400000,4185.000000,4142.100000,4179.000000,3195
2019-12-27T09:15:00+05:30,4197.000000,4211.650000,4175.600000,4175.600000,710
2019-12-27T09:30:00+05:30,4175.600000,4189.950000,4175.600000,4180.000000,283
2019-12-27T09:45:00+05:30,4180.600000,4188.750000,4175.700000,4182.500000,148
2019-12-27T10:00:00+05:30,4182.500000,4209.850000,4182.500000,4197.000000,349
2019-12-27T10:15:00+05:30,4202.150000,4202.150000,4189.600000,4193.950000,95
2019-12-27T10:30:00+05:30,4193.900000,4193.900000,4183.750000,4183.750000,180
2019-12-27T10:45:00+05:30,4183.750000,4190.100000,4181.050000,4186.800000,70
2019-12-27T11:00:00+05:30,4186.800000,4190.000000,4182.050000,4190.000000,248
2019-12-27T11:15:00+05:30,4190.000000,4193.550000,4188.000000,4190.000000,75
2019-12-27T11:30:00+05:30,4190.000000,4191.000000,4181.450000,4181.450000,52
2019-12-27T11:45:00+05:30,4181.450000,4186.150000,4160.050000,4162.300000,593
2019-12-27T12:00:00+05:30,4160.500000,4170.000000,4160.050000,4163.850000,1202
2019-12-27T12:15:00+05:30,4163.850000,4170.000000,4160.300000,4160.300000,307
2019-12-27T12:30:00+05:30,4160.300000,4165.000000,4151.300000,4162.450000,257
2019-12-27T12:45:00+05:30,4162.450000,4170.000000,4158.150000,4165.100000,3848
2019-12-27T13:00:00+05:30,4165.100000,4170.000000,4152.000000,4155.450000,2541
2019-12-27T13:15:00+05:30,4155.450000,4165.000000,4155.450000,4164.500000,1681
2019-12-27T13:30:00+05:30,4165.000000,4175.000000,4165.000000,4170.000000,2591
2019-12-27T13:45:00+05:30,4170.000000,4175.000000,4163.450000,4169.650000,702
2019-12-27T14:00:00+05:30,4169.650000,4170.000000,4161.300000,4162.000000,336
2019-12-27T14:15:00+05:30,4162.000000,4166.000000,4162.000000,4165.000000,1496
2019-12-27T14:30:00+05:30,4165.000000,4165.000000,4160.000000,4160.000000,277
2019-12-27T14:45:00+05:30,4160.000000,4165.000000,4157.100000,4163.850000,1010
2019-12-27T15:00:00+05:30,4163.850000,4169.950000,4159.850000,4164.950000,58350
2019-12-27T15:15:00+05:30,4164.950000,4184.700000,4162.000000,4170.000000,3007
2019-12-30T09:15:00+05:30,4189.000000,4205.000000,4179.000000,4199.300000,1518
2019-12-30T09:30:00+05:30,4199.300000,4279.850000,4190.000000,4213.650000,43501
2019-12-30T09:45:00+05:30,4215.000000,4234.000000,4205.000000,4217.000000,3157
2019-12-30T10:00:00+05:30,4217.000000,4227.700000,4210.050000,4225.000000,730
2019-12-30T10:15:00+05:30,4225.000000,4232.200000,4220.300000,4226.000000,1073
2019-12-30T10:30:00+05:30,4229.000000,4239.950000,4226.150000,4235.050000,1888
2019-12-30T10:45:00+05:30,4235.050000,4237.800000,4210.000000,4211.000000,715
2019-12-30T11:00:00+05:30,4211.000000,4223.550000,4208.000000,4222.750000,1103
2019-12-30T11:15:00+05:30,4222.750000,4222.950000,4216.100000,4219.150000,505
2019-12-30T11:30:00+05:30,4219.150000,4220.550000,4209.000000,4213.100000,1577
2019-12-30T11:45:00+05:30,4212.000000,4216.000000,4206.600000,4206.600000,430
2019-12-30T12:00:00+05:30,4206.600000,4215.000000,4206.600000,4215.000000,189
2019-12-30T12:15:00+05:30,4215.000000,4215.000000,4202.000000,4205.000000,1274
2019-12-30T12:30:00+05:30,4205.000000,4208.000000,4200.050000,4203.200000,1100
2019-12-30T12:45:00+05:30,4203.200000,4215.000000,4203.200000,4215.000000,316
2019-12-30T13:00:00+05:30,4211.000000,4215.000000,4211.000000,4215.000000,613
2019-12-30T13:15:00+05:30,4215.000000,4215.000000,4206.700000,4213.900000,97
2019-12-30T13:30:00+05:30,4213.900000,4220.000000,4208.550000,4210.200000,1051
2019-12-30T13:45:00+05:30,4210.200000,4219.000000,4203.200000,4215.950000,2176
2019-12-30T14:00:00+05:30,4215.950000,4220.000000,4211.500000,4211.500000,992
2019-12-30T14:15:00+05:30,4211.500000,4220.000000,4211.500000,4218.050000,202
2019-12-30T14:30:00+05:30,4218.050000,4219.950000,4213.000000,4218.000000,332
2019-12-30T14:45:00+05:30,4217.900000,4218.000000,4210.000000,4216.000000,840
2019-12-30T15:00:00+05:30,4216.000000,4218.000000,4210.000000,4217.450000,2786
2019-12-30T15:15:00+05:30,4217.450000,4217.450000,4191.200000,4191.500000,4263
2019-12-31T09:15:00+05:30,4219.500000,4240.000000,4210.000000,4227.150000,1548
2019-12-31T09:30:00+05:30,4227.000000,4233.750000,4217.000000,4219.900000,824
2019-12-31T09:45:00+05:30,4220.000000,4229.000000,4217.400000,4221.050000,550
2019-12-31T10:00:00+05:30,4221.050000,4235.000000,4221.050000,4222.250000,329
2019-12-31T10:15:00+05:30,4222.250000,4226.700000,4220.000000,4222.900000,400
2019-12-31T10:30:00+05:30,4222.900000,4223.950000,4201.000000,4216.000000,801
2019-12-31T10:45:00+05:30,4216.000000,4217.150000,4206.800000,4210.000000,547
2019-12-31T11:00:00+05:30,4210.000000,4210.000000,4201.000000,4210.000000,738
2019-12-31T11:15:00+05:30,4206.100000,4210.000000,4203.850000,4209.900000,996
2019-12-31T11:30:00+05:30,4205.300000,4210.000000,4205.000000,4210.000000,172
2019-12-31T11:45:00+05:30,4210.000000,4210.050000,4205.000000,4207.250000,536
2019-12-31T12:00:00+05:30,4207.250000,4210.000000,4205.950000,4206.050000,245
2019-12-31T12:15:00+05:30,4206.050000,4210.250000,4206.050000,4208.700000,851
2019-12-31T12:30:00+05:30,4208.700000,4210.000000,4205.000000,4207.400000,202
2019-12-31T12:45:00+05:30,4209.400000,4213.950000,4206.050000,4208.850000,3672
2019-12-31T13:00:00+05:30,4208.300000,4214.100000,4208.000000,4210.000000,811
2019-12-31T13:15:00+05:30,4210.000000,4210.000000,4206.400000,4209.000000,329
2019-12-31T13:30:00+05:30,4209.000000,4209.000000,4206.350000,4209.000000,195
2019-12-31T13:45:00+05:30,4209.000000,4209.000000,4206.000000,4209.000000,235
2019-12-31T14:00:00+05:30,4209.000000,4209.000000,4206.250000,4209.000000,228
2019-12-31T14:15:00+05:30,4209.000000,4209.000000,4200.000000,4200.050000,652
2019-12-31T14:30:00+05:30,4200.050000,4205.000000,4186.500000,4202.000000,1106
2019-12-31T14:45:00+05:30,4202.000000,4240.000000,4190.150000,4238.300000,3044
2019-12-31T15:00:00+05:30,4238.300000,4248.900000,4226.750000,4230.000000,5102
2019-12-31T15:15:00+05:30,4230.000000,4230.000000,4197.200000,4208.900000,6965
2020-01-01T09:15:00+05:30,4225.000000,4236.950000,4215.350000,4230.050000,387
2020-01-01T09:30:00+05:30,4230.050000,4237.000000,4223.050000,4223.050000,232
2020-01-01T09:45:00+05:30,4230.000000,4230.000000,4221.950000,4221.950000,214
2020-01-01T10:00:00+05:30,4221.950000,4225.750000,4213.900000,4213.900000,192
2020-01-01T10:15:00+05:30,4210.000000,4210.000000,4200.000000,4206.450000,509
2020-01-01T10:30:00+05:30,4206.450000,4206.500000,4201.150000,4201.150000,121
2020-01-01T10:45:00+05:30,4200.600000,4206.600000,4200.000000,4204.700000,265
2020-01-01T11:00:00+05:30,4204.700000,4208.900000,4202.000000,4208.000000,46
2020-01-01T11:15:00+05:30,4208.000000,4225.000000,4208.000000,4225.000000,256
2020-01-01T11:30:00+05:30,4225.000000,4225.000000,4215.000000,4218.850000,169
2020-01-01T11:45:00+05:30,4218.850000,4220.000000,4218.850000,4219.950000,73
2020-01-01T12:00:00+05:30,4219.950000,4222.950000,4216.400000,4221.750000,5940
2020-01-01T12:15:00+05:30,4221.750000,4225.000000,4217.650000,4223.900000,207
2020-01-01T12:30:00+05:30,4223.900000,4237.850000,4215.000000,4225.000000,576
2020-01-01T12:45:00+05:30,4225.000000,4231.000000,4220.550000,4224.550000,369
2020-01-01T13:00:00+05:30,4224.550000,4234.750000,4223.050000,4228.200000,1437
2020-01-01T13:15:00+05:30,4228.200000,4234.000000,4215.500000,4220.000000,494
2020-01-01T13:30:00+05:30,4218.850000,4225.000000,4215.500000,4224.500000,350
2020-01-01T13:45:00+05:30,4224.500000,4232.000000,4208.000000,4220.700000,1612
2020-01-01T14:00:00+05:30,4220.700000,4225.000000,4220.000000,4224.800000,264
2020-01-01T14:15:00+05:30,4224.800000,4224.950000,4215.500000,4220.000000,277
2020-01-01T14:30:00+05:30,4220.000000,4224.950000,4218.000000,4224.500000,484
2020-01-01T14:45:00+05:30,4224.500000,4224.500000,4218.500000,4222.000000,665
2020-01-01T15:00:00+05:30,4220.800000,4250.000000,4220.000000,4228.000000,6829
2020-01-01T15:15:00+05:30,4228.000000,4245.000000,4223.000000,4245.000000,2629
2020-01-02T09:15:00+05:30,4243.200000,4246.750000,4215.100000,4218.500000,440
2020-01-02T09:30:00+05:30,4218.500000,4225.250000,4218.500000,4221.550000,179
2020-01-02T09:45:00+05:30,4218.500000,4240.000000,4218.500000,4233.100000,249
2020-01-02T10:00:00+05:30,4233.100000,4242.000000,4231.800000,4238.300000,233
2020-01-02T10:15:00+05:30,4238.300000,4238.300000,4230.000000,4234.700000,127
2020-01-02T10:30:00+05:30,4235.250000,4238.100000,4220.000000,4230.050000,566
2020-01-02T10:45:00+05:30,4230.050000,4230.050000,4221.950000,4223.550000,105
2020-01-02T11:00:00+05:30,4223.550000,4224.950000,4216.700000,4220.000000,215
2020-01-02T11:15:00+05:30,4220.000000,4233.950000,4215.000000,4215.000000,20459
2020-01-02T11:30:00+05:30,4215.000000,4226.000000,4215.000000,4222.000000,221
2020-01-02T11:45:00+05:30,4222.000000,4227.050000,4215.250000,4224.000000,772
2020-01-02T12:00:00+05:30,4224.000000,4228.000000,4215.000000,4228.000000,1220
2020-01-02T12:15:00+05:30,4228.000000,4228.950000,4216.050000,4225.000000,729
2020-01-02T12:30:00+05:30,4225.000000,4225.000000,4221.050000,4224.750000,45
2020-01-02T12:45:00+05:30,4220.700000,4227.250000,4220.700000,4221.000000,166
2020-01-02T13:00:00+05:30,4224.550000,4229.950000,4220.700000,4220.700000,192
2020-01-02T13:15:00+05:30,4220.700000,4227.750000,4220.000000,4223.550000,161
2020-01-02T13:30:00+05:30,4223.550000,4230.550000,4223.000000,4223.950000,291
2020-01-02T13:45:00+05:30,4223.950000,4226.650000,4223.950000,4224.000000,137
2020-01-02T14:00:00+05:30,4224.000000,4235.000000,4220.550000,4233.000000,514
2020-01-02T14:15:00+05:30,4233.000000,4244.950000,4231.000000,4238.000000,752
2020-01-02T14:30:00+05:30,4236.500000,4243.000000,4236.500000,4241.500000,847
2020-01-02T14:45:00+05:30,4241.500000,4242.000000,4235.350000,4240.750000,799
2020-01-02T15:00:00+05:30,4240.750000,4241.000000,4232.800000,4233.150000,707
2020-01-02T15:15:00+05:30,4233.150000,4237.000000,4220.000000,4220.550000,1613
2020-01-03T09:15:00+05:30,4237.900000,4237.900000,4214.000000,4224.500000,258
2020-01-03T09:30:00+05:30,4223.000000,4255.000000,4223.000000,4230.800000,701
2020-01-03T09:45:00+05:30,4230.800000,4239.800000,4225.000000,4225.000000,418
2020-01-03T10:00:00+05:30,4225.000000,4232.750000,4223.650000,4227.650000,278
2020-01-03T10:15:00+05:30,4227.650000,4234.800000,4224.000000,4229.300000,152
2020-01-03T10:30:00+05:30,4229.300000,4231.100000,4224.000000,4225.000000,55
2020-01-03T10:45:00+05:30,4225.000000,4227.000000,4220.000000,4226.500000,753
2020-01-03T11:00:00+05:30,4226.500000,4230.100000,4223.150000,4228.350000,456
2020-01-03T11:15:00+05:30,4228.350000,4230.000000,4221.000000,4221.000000,1594
2020-01-03T11:30:00+05:30,4221.000000,4224.850000,4218.000000,4219.850000,2270
2020-01-03T11:45:00+05:30,4219.850000,4219.850000,4215.000000,4219.000000,427
2020-01-03T12:00:00+05:30,4219.000000,4219.000000,4214.450000,4215.000000,238
2020-01-03T12:15:00+05:30,4215.000000,4215.000000,4198.000000,4209.000000,975
2020-01-03T12:30:00+05:30,4209.000000,4213.000000,4205.000000,4210.000000,179
2020-01-03T12:45:00+05:30,4210.000000,4212.800000,4205.000000,4207.100000,197
2020-01-03T13:00:00+05:30,4207.100000,4213.800000,4207.100000,4213.750000,67
2020-01-03T13:15:00+05:30,4213.750000,4214.000000,4206.950000,4214.000000,212
2020-01-03T13:30:00+05:30,4214.000000,4214.000000,4206.850000,4207.750000,182
2020-01-03T13:45:00+05:30,4207.750000,4213.500000,4207.750000,4211.000000,55
2020-01-03T14:00:00+05:30,4211.000000,4214.000000,4209.900000,4213.950000,638
2020-01-03T14:15:00+05:30,4213.950000,4215.000000,4207.150000,4207.950000,2638
2020-01-03T14:30:00+05:30,4207.800000,4215.000000,4192.100000,4192.500000,746
2020-01-03T14:45:00+05:30,4192.500000,4204.000000,4185.700000,4203.250000,471
2020-01-03T15:00:00+05:30,4204.000000,4215.000000,4186.250000,4199.150000,1796
2020-01-03T15:15:00+05:30,4199.150000,4206.900000,4180.000000,4183.000000,1549
2020-01-06T09:15:00+05:30,4184.000000,4184.000000,4135.000000,4144.600000,972
2020-01-06T09:30:00+05:30,4144.600000,4150.350000,4135.100000,4139.000000,938
2020-01-06T09:45:00+05:30,4139.000000,4155.000000,4138.050000,4147.350000,197
2020-01-06T10:00:00+05:30,4147.350000,4153.700000,4147.000000,4153.650000,225
2020-01-06T10:15:00+05:30,4153.650000,4153.800000,4149.000000,4150.000000,157
2020-01-06T10:30:00+05:30,4150.000000,4150.000000,4147.000000,4147.000000,116
2020-01-06T10:45:00+05:30,4147.000000,4149.300000,4144.700000,4144.700000,272
2020-01-06T11:00:00+05:30,4140.050000,4145.000000,4134.950000,4139.250000,186
2020-01-06T11:15:00+05:30,4139.250000,4139.250000,4126.000000,4127.950000,241
2020-01-06T11:30:00+05:30,4127.950000,4135.800000,4125.350000,4129.950000,319
2020-01-06T11:45:00+05:30,4130.000000,4130.000000,4113.250000,4120.000000,505
2020-01-06T12:00:00+05:30,4120.000000,4122.850000,4105.050000,4107.800000,625
2020-01-06T12:15:00+05:30,4107.800000,4122.000000,4107.800000,4115.950000,233
2020-01-06T12:30:00+05:30,4115.950000,4121.000000,4107.800000,4119.250000,742
2020-01-06T12:45:00+05:30,4119.250000,4119.850000,4108.050000,4111.200000,442
2020-01-06T13:00:00+05:30,4111.200000,4115.000000,4107.350000,4107.800000,57
2020-01-06T13:15:00+05:30,4107.800000,4114.750000,4091.100000,4092.450000,889
2020-01-06T13:30:00+05:30,4092.450000,4100.000000,4080.000000,4080.000000,570
2020-01-06T13:45:00+05:30,4080.000000,4088.050000,4074.100000,4075.050000,982
2020-01-06T14:00:00+05:30,4075.050000,4090.000000,4069.100000,4090.000000,2048
2020-01-06T14:15:00+05:30,4090.050000,4107.900000,4090.050000,4104.400000,846
2020-01-06T14:30:00+05:30,4104.400000,4109.000000,4092.100000,4095.000000,134
2020-01-06T14:45:00+05:30,4099.900000,4099.950000,4082.450000,4092.750000,563
2020-01-06T15:00:00+05:30,4092.750000,4093.850000,4081.050000,4084.000000,566
2020-01-06T15:15:00+05:30,4081.100000,4087.000000,4065.500000,4066.550000,1864
2020-01-07T09:15:00+05:30,4120.000000,4136.150000,4080.400000,4118.850000,1018
2020-01-07T09:30:00+05:30,4118.000000,4118.000000,4102.050000,4103.900000,461
2020-01-07T09:45:00+05:30,4103.900000,4123.750000,4103.900000,4115.950000,376
2020-01-07T10:00:00+05:30,4115.950000,4122.000000,4114.000000,4114.150000,189
2020-01-07T10:15:00+05:30,4114.150000,4119.800000,4112.050000,4113.750000,85
2020-01-07T10:30:00+05:30,4113.750000,4113.750000,4100.000000,4106.950000,368
2020-01-07T10:45:00+05:30,4106.950000,4124.650000,4106.950000,4120.400000,438
2020-01-07T11:00:00+05:30,4120.400000,4121.100000,4110.050000,4110.100000,110
2020-01-07T11:15:00+05:30,4110.100000,4110.100000,4102.100000,4107.000000,105
2020-01-07T11:30:00+05:30,4107.000000,4110.000000,4100.000000,4104.550000,293
2020-01-07T11:45:00+05:30,4104.550000,4104.550000,4089.000000,4096.000000,413
2020-01-07T12:00:00+05:30,4096.000000,4097.000000,4074.000000,4075.250000,909
2020-01-07T12:15:00+05:30,4078.000000,4079.900000,4070.000000,4077.000000,378
2020-01-07T12:30:00+05:30,4077.000000,4077.000000,4070.700000,4074.950000,181
2020-01-07T12:45:00+05:30,4074.950000,4075.000000,4071.000000,4073.900000,324
2020-01-07T13:00:00+05:30,4073.900000,4076.000000,4065.000000,4071.750000,410
2020-01-07T13:15:00+05:30,4071.750000,4082.400000,4063.250000,4079.000000,284
2020-01-07T13:30:00+05:30,4079.000000,4080.000000,4072.100000,4076.500000,118
2020-01-07T13:45:00+05:30,4076.500000,4077.000000,4070.000000,4070.450000,80
2020-01-07T14:00:00+05:30,4070.450000,4094.450000,4067.000000,4094.450000,247
2020-01-07T14:15:00+05:30,4094.450000,4097.950000,4090.000000,4090.000000,194
2020-01-07T14:30:00+05:30,4090.000000,4094.300000,4079.000000,4087.000000,132
2020-01-07T14:45:00+05:30,4087.000000,4097.250000,4080.000000,4090.000000,268
2020-01-07T15:00:00+05:30,4093.250000,4096.750000,4070.000000,4075.000000,1792
2020-01-07T15:15:00+05:30,4075.000000,4077.900000,4032.150000,4050.000000,3461
2020-01-08T09:15:00+05:30,4055.000000,4055.000000,4020.000000,4045.000000,1174
2020-01-08T09:30:00+05:30,4045.000000,4055.000000,4040.000000,4055.000000,371
2020-01-08T09:45:00+05:30,4055.000000,4060.000000,4045.050000,4054.200000,311
2020-01-08T10:00:00+05:30,4054.200000,4054.800000,4046.250000,4046.250000,68
2020-01-08T10:15:00+05:30,4046.000000,4046.000000,4030.000000,4035.700000,498
2020-01-08T10:30:00+05:30,4035.700000,4035.700000,4025.000000,4032.000000,244
2020-01-08T10:45:00+05:30,4032.000000,4038.850000,4030.000000,4035.050000,115
2020-01-08T11:00:00+05:30,4035.050000,4038.950000,4012.250000,4015.000000,719
2020-01-08T11:15:00+05:30,4015.000000,4028.600000,4010.000000,4019.950000,647
2020-01-08T11:30:00+05:30,4019.950000,4025.000000,4002.100000,4022.150000,632
2020-01-08T11:45:00+05:30,4022.150000,4027.000000,4020.000000,4020.000000,312
2020-01-08T12:00:00+05:30,4020.000000,4023.750000,4012.000000,4020.850000,748
2020-01-08T12:15:00+05:30,4020.850000,4022.500000,4011.950000,4020.000000,518
2020-01-08T12:30:00+05:30,4020.850000,4022.500000,4012.200000,4014.000000,1161
2020-01-08T12:45:00+05:30,4014.000000,4018.600000,4012.200000,4014.650000,70
2020-01-08T13:00:00+05:30,4014.650000,4026.000000,4013.550000,4022.050000,404
2020-01-08T13:15:00+05:30,4022.050000,4024.700000,4020.000000,4020.050000,87
2020-01-08T13:30:00+05:30,4023.950000,4024.000000,4015.600000,4015.600000,759
2020-01-08T13:45:00+05:30,4019.900000,4021.000000,4015.000000,4015.100000,256
2020-01-08T14:00:00+05:30,4015.100000,4022.000000,4015.050000,4019.050000,193
2020-01-08T14:15:00+05:30,4022.000000,4023.000000,4018.000000,4018.000000,208
2020-01-08T14:30:00+05:30,4019.700000,4025.000000,4015.000000,4016.100000,451
2020-01-08T14:45:00+05:30,4016.100000,4021.950000,4015.200000,4019.950000,493
2020-01-08T15:00:00+05:30,4020.000000,4025.000000,4015.950000,4019.050000,745
2020-01-08T15:15:00+05:30,4020.000000,4023.000000,4010.000000,4010.000000,1403
2020-01-09T09:15:00+05:30,4050.000000,4059.950000,4031.250000,4035.200000,885
2020-01-09T09:30:00+05:30,4035.200000,4038.750000,4026.050000,4029.600000,564
2020-01-09T09:45:00+05:30,4029.600000,4045.000000,4026.100000,4045.000000,412
2020-01-09T10:00:00+05:30,4045.000000,4046.000000,4026.450000,4032.000000,644
2020-01-09T10:15:00+05:30,4033.850000,4033.900000,4026.750000,4033.900000,203
2020-01-09T10:30:00+05:30,4033.900000,4035.000000,4027.900000,4028.100000,508
2020-01-09T10:45:00+05:30,4028.100000,4035.000000,4028.100000,4034.500000,246
2020-01-09T11:00:00+05:30,4034.500000,4035.000000,4030.000000,4034.900000,195
2020-01-09T11:15:00+05:30,4034.900000,4035.000000,4010.000000,4016.400000,1235
2020-01-09T11:30:00+05:30,4016.400000,4035.000000,4015.500000,4034.950000,16568
2020-01-09T11:45:00+05:30,4034.950000,4034.950000,4015.150000,4019.800000,9398
2020-01-09T12:00:00+05:30,4019.800000,4019.950000,4015.000000,4019.800000,450
2020-01-09T12:15:00+05:30,4019.800000,4020.000000,4015.350000,4020.000000,601
2020-01-09T12:30:00+05:30,4020.000000,4020.000000,4019.000000,4019.000000,316
2020-01-09T12:45:00+05:30,4019.000000,4019.000000,4015.200000,4015.650000,76
2020-01-09T13:00:00+05:30,4015.100000,4019.000000,3999.000000,4000.500000,1485
2020-01-09T13:15:00+05:30,4000.500000,4007.600000,3996.000000,3999.000000,548
2020-01-09T13:30:00+05:30,3999.000000,3999.000000,3972.100000,3978.850000,1112
2020-01-09T13:45:00+05:30,3978.850000,3994.950000,3977.100000,3986.600000,904
2020-01-09T14:00:00+05:30,3986.550000,3989.950000,3980.000000,3986.000000,791
2020-01-09T14:15:00+05:30,3986.000000,4009.000000,3986.000000,3998.000000,2113
2020-01-09T14:30:00+05:30,3998.000000,3998.000000,3993.000000,3994.350000,373
2020-01-09T14:45:00+05:30,3994.350000,4007.800000,3993.000000,3998.600000,591
2020-01-09T15:00:00+05:30,3995.250000,3999.700000,3986.000000,3987.000000,1233
2020-01-09T15:15:00+05:30,3986.650000,3990.000000,3945.250000,3945.250000,5678
2020-01-10T09:15:00+05:30,3971.800000,4010.950000,3971.800000,3995.000000,1975
2020-01-10T09:30:00+05:30,3995.000000,4002.000000,3978.150000,3980.250000,1251
2020-01-10T09:45:00+05:30,3980.250000,3990.000000,3979.500000,3985.500000,1927
2020-01-10T10:00:00+05:30,3985.500000,3990.500000,3981.550000,3982.450000,312
2020-01-10T10:15:00+05:30,3989.000000,3996.500000,3982.450000,3990.000000,1115
2020-01-10T10:30:00+05:30,3990.000000,3993.750000,3985.050000,3991.000000,381
2020-01-10T10:45:00+05:30,3991.000000,3998.900000,3991.000000,3997.000000,563
2020-01-10T11:00:00+05:30,3997.000000,4019.300000,3992.450000,4007.000000,1701
2020-01-10T11:15:00+05:30,4007.000000,4009.000000,4000.350000,4007.000000,349
2020-01-10T11:30:00+05:30,4007.000000,4007.000000,4000.300000,4004.950000,302
2020-01-10T11:45:00+05:30,4004.950000,4004.950000,4001.000000,4004.000000,105
2020-01-10T12:00:00+05:30,4004.000000,4004.000000,3985.050000,3994.150000,592
2020-01-10T12:15:00+05:30,3994.150000,3998.000000,3985.050000,3995.500000,175
2020-01-10T12:30:00+05:30,3995.500000,3998.000000,3980.150000,3993.150000,220
2020-01-10T12:45:00+05:30,3993.050000,4016.800000,3991.100000,3999.300000,1148
2020-01-10T13:00:00+05:30,3999.300000,4005.950000,3990.000000,4005.900000,371
2020-01-10T13:15:00+05:30,4005.900000,4007.900000,4000.150000,4002.100000,144
2020-01-10T13:30:00+05:30,4002.100000,4005.000000,3980.000000,3986.850000,418
2020-01-10T13:45:00+05:30,3986.850000,3993.100000,3980.100000,3982.500000,275
2020-01-10T14:00:00+05:30,3982.500000,3998.000000,3982.500000,3991.950000,314
2020-01-10T14:15:00+05:30,3991.950000,3991.950000,3980.250000,3982.650000,474
2020-01-10T14:30:00+05:30,3982.650000,3991.000000,3982.650000,3991.000000,209
2020-01-10T14:45:00+05:30,3990.000000,3996.950000,3986.950000,3992.000000,427
2020-01-10T15:00:00+05:30,3994.300000,4000.000000,3983.000000,3986.450000,770
2020-01-10T15:15:00+05:30,3986.450000,4000.050000,3983.000000,4000.000000,1388
2020-01-13T09:15:00+05:30,4024.000000,4030.000000,3976.000000,3980.000000,1563
2020-01-13T09:30:00+05:30,3980.000000,4007.800000,3980.000000,4000.000000,467
2020-01-13T09:45:00+05:30,4000.000000,4000.000000,3982.000000,3990.600000,409
2020-01-13T10:00:00+05:30,3990.600000,3995.100000,3977.000000,3981.950000,478
2020-01-13T10:15:00+05:30,3977.000000,3983.750000,3970.000000,3975.350000,565
2020-01-13T10:30:00+05:30,3970.200000,3984.900000,3970.200000,3976.100000,309
2020-01-13T10:45:00+05:30,3976.100000,3984.850000,3976.100000,3983.950000,162
2020-01-13T11:00:00+05:30,3983.950000,3994.000000,3982.800000,3983.050000,226
2020-01-13T11:15:00+05:30,3983.050000,3993.950000,3983.050000,3993.950000,356
2020-01-13T11:30:00+05:30,3993.950000,3997.900000,3989.000000,3992.550000,131
2020-01-13T11:45:00+05:30,3984.800000,3996.000000,3984.800000,3990.000000,374
2020-01-13T12:00:00+05:30,3987.600000,3989.950000,3984.100000,3987.950000,810
2020-01-13T12:15:00+05:30,3987.950000,3988.050000,3985.000000,3988.050000,166
2020-01-13T12:30:00+05:30,3985.000000,3988.050000,3980.000000,3987.800000,257
2020-01-13T12:45:00+05:30,3987.300000,3989.100000,3984.050000,3989.100000,669
2020-01-13T13:00:00+05:30,3989.100000,3995.900000,3989.100000,3994.850000,56
2020-01-13T13:15:00+05:30,3994.850000,4019.950000,3991.750000,4007.000000,1100
2020-01-13T13:30:00+05:30,4006.250000,4006.250000,4000.000000,4004.950000,44
2020-01-13T13:45:00+05:30,4004.950000,4007.000000,3998.750000,3998.750000,146
2020-01-13T14:00:00+05:30,3998.750000,4004.000000,3998.000000,4000.000000,192
2020-01-13T14:15:00+05:30,4000.000000,4003.950000,3989.100000,3989.350000,205
2020-01-13T14:30:00+05:30,3989.100000,3998.750000,3989.100000,3993.000000,243
2020-01-13T14:45:00+05:30,3993.000000,3994.850000,3985.000000,3987.950000,288
2020-01-13T15:00:00+05:30,3987.950000,3999.900000,3986.000000,3996.000000,261
2020-01-13T15:15:00+05:30,3996.000000,4018.000000,3996.000000,4010.000000,1319
2020-01-14T09:15:00+05:30,4024.000000,4024.000000,3988.050000,4017.300000,643
2020-01-14T09:30:00+05:30,4017.300000,4018.350000,3998.100000,3999.650000,425
2020-01-14T09:45:00+05:30,3999.650000,4016.750000,3994.600000,4014.700000,311
2020-01-14T10:00:00+05:30,4014.700000,4043.950000,4010.000000,4030.000000,861
2020-01-14T10:15:00+05:30,4032.850000,4098.000000,4027.950000,4090.400000,4218
2020-01-14T10:30:00+05:30,4092.050000,4121.950000,4080.000000,4104.400000,5757
2020-01-14T10:45:00+05:30,4104.400000,4109.900000,4100.000000,4105.000000,694
2020-01-14T11:00:00+05:30,4105.000000,4109.900000,4100.000000,4107.650000,435
2020-01-14T11:15:00+05:30,4107.650000,4107.650000,4090.000000,4090.000000,680
2020-01-14T11:30:00+05:30,4090.000000,4092.950000,4080.300000,4087.300000,355
2020-01-14T11:45:00+05:30,4087.300000,4093.000000,4071.000000,4071.000000,855
2020-01-14T12:00:00+05:30,4071.000000,4080.000000,4069.900000,4078.000000,584
2020-01-14T12:15:00+05:30,4078.000000,4080.000000,4073.800000,4080.000000,190
2020-01-14T12:30:00+05:30,4080.000000,4080.000000,4074.400000,4079.000000,237
2020-01-14T12:45:00+05:30,4079.000000,4080.000000,4075.000000,4077.000000,143
2020-01-14T13:00:00+05:30,4078.800000,4078.800000,4076.350000,4078.300000,41
2020-01-14T13:15:00+05:30,4078.300000,4080.000000,4076.550000,4080.000000,79
2020-01-14T13:30:00+05:30,4080.000000,4087.950000,4078.950000,4081.400000,298
2020-01-14T13:45:00+05:30,4081.400000,4081.400000,4062.200000,4062.250000,730
2020-01-14T14:00:00+05:30,4062.200000,4069.000000,4055.600000,4066.950000,302
2020-01-14T14:15:00+05:30,4066.950000,4074.600000,4065.000000,4074.600000,243
2020-01-14T14:30:00+05:30,4074.600000,4093.600000,4074.600000,4093.100000,467
2020-01-14T14:45:00+05:30,4093.100000,4093.850000,4083.000000,4084.450000,220
2020-01-14T15:00:00+05:30,4084.450000,4090.000000,4083.050000,4090.000000,378
2020-01-14T15:15:00+05:30,4090.000000,4100.000000,4053.000000,4095.000000,1403
2020-01-15T09:15:00+05:30,4100.000000,4144.900000,4093.100000,4125.500000,2756
2020-01-15T09:30:00+05:30,4124.500000,4128.700000,4117.050000,4121.200000,432
2020-01-15T09:45:00+05:30,4121.200000,4122.000000,4106.050000,4116.100000,496
2020-01-15T10:00:00+05:30,4116.100000,4116.100000,4100.050000,4100.050000,244
2020-01-15T10:15:00+05:30,4100.050000,4106.350000,4085.500000,4095.000000,1089
2020-01-15T10:30:00+05:30,4095.000000,4099.050000,4091.100000,4098.900000,306
2020-01-15T10:45:00+05:30,4098.900000,4098.900000,4088.100000,4095.000000,247
2020-01-15T11:00:00+05:30,4095.000000,4100.000000,4088.300000,4090.000000,877
2020-01-15T11:15:00+05:30,4090.000000,4095.000000,4080.000000,4091.900000,499
2020-01-15T11:30:00+05:30,4085.550000,4095.000000,4085.550000,4095.000000,195
2020-01-15T11:45:00+05:30,4095.000000,4095.000000,4088.600000,4089.650000,404
2020-01-15T12:00:00+05:30,4089.650000,4095.000000,4089.650000,4095.000000,77
2020-01-15T12:15:00+05:30,4095.000000,4095.000000,4074.000000,4074.000000,449
2020-01-15T12:30:00+05:30,4074.000000,4076.300000,4072.200000,4075.000000,260
2020-01-15T12:45:00+05:30,4075.000000,4077.500000,4072.750000,4073.250000,126
2020-01-15T13:00:00+05:30,4073.250000,4075.000000,4065.850000,4075.000000,319
2020-01-15T13:15:00+05:30,4075.000000,4077.500000,4070.000000,4077.500000,85
2020-01-15T13:30:00+05:30,4077.500000,4077.500000,4065.550000,4068.050000,183
2020-01-15T13:45:00+05:30,4068.050000,4074.000000,4068.050000,4073.150000,64
2020-01-15T14:00:00+05:30,4073.150000,4080.000000,4065.000000,4079.500000,903
2020-01-15T14:15:00+05:30,4079.500000,4080.000000,4066.650000,4069.850000,448
2020-01-15T14:30:00+05:30,4069.850000,4086.000000,4069.850000,4086.000000,265
2020-01-15T14:45:00+05:30,4086.000000,4086.000000,4080.000000,4084.900000,209
2020-01-15T15:00:00+05:30,4084.900000,4089.000000,4070.000000,4083.000000,625
2020-01-15T15:15:00+05:30,4083.000000,4085.000000,4055.600000,4060.100000,1700
2020-01-16T09:15:00+05:30,4098.000000,4098.000000,4052.000000,4068.000000,806
2020-01-16T09:30:00+05:30,4068.000000,4070.000000,4041.600000,4046.950000,941
2020-01-16T09:45:00+05:30,4046.950000,4059.900000,4044.000000,4059.900000,648
2020-01-16T10:00:00+05:30,4059.900000,4059.900000,4045.000000,4055.250000,345
2020-01-16T10:15:00+05:30,4055.250000,4067.950000,4048.000000,4060.050000,572
2020-01-16T10:30:00+05:30,4060.000000,4068.300000,4055.000000,4062.000000,745
2020-01-16T10:45:00+05:30,4062.000000,4067.200000,4059.450000,4062.550000,453
2020-01-16T11:00:00+05:30,4064.850000,4068.150000,4052.200000,4055.400000,318
2020-01-16T11:15:00+05:30,4052.200000,4061.500000,4052.200000,4061.500000,135
2020-01-16T11:30:00+05:30,4061.500000,4063.200000,4052.000000,4056.500000,249
2020-01-16T11:45:00+05:30,4056.500000,4058.200000,4044.000000,4045.800000,528
2020-01-16T12:00:00+05:30,4045.800000,4067.500000,4037.100000,4064.350000,1058
2020-01-16T12:15:00+05:30,4064.350000,4067.350000,4056.250000,4057.150000,158
2020-01-16T12:30:00+05:30,4057.150000,4061.450000,4056.400000,4057.450000,96
2020-01-16T12:45:00+05:30,4053.050000,4056.000000,4040.000000,4046.650000,259
2020-01-16T13:00:00+05:30,4046.650000,4061.000000,4046.650000,4052.100000,315
2020-01-16T13:15:00+05:30,4052.100000,4060.750000,4050.650000,4057.700000,32
2020-01-16T13:30:00+05:30,4057.700000,4063.750000,4035.000000,4041.000000,552
2020-01-16T13:45:00+05:30,4041.000000,4062.500000,4041.000000,4061.500000,237
2020-01-16T14:00:00+05:30,4061.500000,4063.500000,4055.200000,4058.300000,72
2020-01-16T14:15:00+05:30,4058.300000,4063.500000,4048.800000,4062.000000,280
2020-01-16T14:30:00+05:30,4061.550000,4087.950000,4060.000000,4083.850000,770
2020-01-16T14:45:00+05:30,4083.850000,4083.850000,4056.150000,4056.150000,297
2020-01-16T15:00:00+05:30,4056.150000,4072.000000,4053.000000,4061.000000,445
2020-01-16T15:15:00+05:30,4061.000000,4066.000000,4041.100000,4050.000000,820
2020-01-17T09:15:00+05:30,4055.950000,4079.350000,4013.900000,4049.050000,782
2020-01-17T09:30:00+05:30,4049.050000,4070.000000,4025.700000,4064.150000,680
2020-01-17T09:45:00+05:30,4064.150000,4068.000000,4060.000000,4065.000000,299
2020-01-17T10:00:00+05:30,4065.000000,4076.000000,4063.000000,4070.100000,352
2020-01-17T10:15:00+05:30,4070.100000,4074.000000,4061.550000,4061.550000,705
2020-01-17T10:30:00+05:30,4061.550000,4065.000000,4040.000000,4041.600000,1090
2020-01-17T10:45:00+05:30,4041.600000,4055.350000,4041.600000,4055.350000,298
2020-01-17T11:00:00+05:30,4055.350000,4065.000000,4050.300000,4065.000000,87
2020-01-17T11:15:00+05:30,4065.000000,4065.000000,4052.500000,4059.900000,164
2020-01-17T11:30:00+05:30,4059.900000,4064.500000,4049.900000,4049.900000,238
2020-01-17T11:45:00+05:30,4049.900000,4055.950000,4045.000000,4054.300000,190
2020-01-17T12:00:00+05:30,4054.300000,4059.300000,4054.300000,4058.500000,48
2020-01-17T12:15:00+05:30,4058.500000,4063.750000,4053.900000,4054.000000,223
2020-01-17T12:30:00+05:30,4054.000000,4054.000000,4045.900000,4053.950000,208
2020-01-17T12:45:00+05:30,4053.750000,4054.450000,4052.900000,4054.350000,122
2020-01-17T13:00:00+05:30,4053.950000,4054.000000,4045.350000,4050.800000,117
2020-01-17T13:15:00+05:30,4050.800000,4055.650000,4046.850000,4046.850000,112
2020-01-17T13:30:00+05:30,4046.850000,4049.200000,4044.050000,4047.000000,165
2020-01-17T13:45:00+05:30,4047.000000,4051.650000,4045.200000,4050.650000,77
2020-01-17T14:00:00+05:30,4050.650000,4054.000000,4045.000000,4048.000000,389
2020-01-17T14:15:00+05:30,4048.000000,4054.000000,4040.000000,4054.000000,462
2020-01-17T14:30:00+05:30,4054.000000,4060.000000,4045.000000,4060.000000,666
2020-01-17T14:45:00+05:30,4060.000000,4060.000000,4050.750000,4054.950000,505
2020-01-17T15:00:00+05:30,4054.950000,4055.000000,4050.450000,4053.550000,1080
2020-01-17T15:15:00+05:30,4053.550000,4054.000000,4036.200000,4047.000000,1520
2020-01-20T09:15:00+05:30,4042.000000,4055.400000,4020.000000,4020.000000,817
2020-01-20T09:30:00+05:30,4020.000000,4021.500000,3989.950000,4012.600000,1691
2020-01-20T09:45:00+05:30,4012.600000,4019.950000,4005.000000,4005.800000,239
2020-01-20T10:00:00+05:30,4005.800000,4011.750000,4005.000000,4011.700000,136
2020-01-20T10:15:00+05:30,4005.000000,4015.250000,4005.000000,4012.350000,168
2020-01-20T10:30:00+05:30,4012.350000,4016.650000,4012.350000,4012.500000,182
2020-01-20T10:45:00+05:30,4012.500000,4020.000000,4012.350000,4020.000000,209
2020-01-20T11:00:00+05:30,4024.900000,4027.100000,4020.150000,4020.150000,587
2020-01-20T11:15:00+05:30,4020.150000,4023.550000,4018.000000,4018.800000,50
2020-01-20T11:30:00+05:30,4018.800000,4018.900000,4000.350000,4005.400000,470
2020-01-20T11:45:00+05:30,4005.400000,4015.000000,4000.350000,4013.900000,450
2020-01-20T12:00:00+05:30,4013.900000,4013.900000,3997.550000,4007.650000,498
2020-01-20T12:15:00+05:30,4007.650000,4012.000000,4000.000000,4012.000000,197
2020-01-20T12:30:00+05:30,4012.000000,4012.000000,4000.000000,4003.300000,260
2020-01-20T12:45:00+05:30,4003.300000,4006.750000,4000.000000,4003.250000,141
2020-01-20T13:00:00+05:30,4003.250000,4009.950000,4000.000000,4009.950000,144
2020-01-20T13:15:00+05:30,4009.950000,4012.650000,4005.000000,4012.300000,279
2020-01-20T13:30:00+05:30,4012.300000,4013.000000,4005.000000,4005.000000,129
2020-01-20T13:45:00+05:30,4005.000000,4009.100000,4000.550000,4009.000000,78
2020-01-20T14:00:00+05:30,4009.000000,4012.950000,4007.000000,4010.000000,62
2020-01-20T14:15:00+05:30,4005.000000,4005.000000,3985.000000,3999.700000,1167
2020-01-20T14:30:00+05:30,3999.700000,4010.000000,3993.850000,4010.000000,154
2020-01-20T14:45:00+05:30,4010.000000,4020.000000,4005.700000,4013.800000,441
2020-01-20T15:00:00+05:30,4013.800000,4019.900000,4005.550000,4011.250000,553
2020-01-20T15:15:00+05:30,4011.250000,4011.250000,3992.000000,4005.000000,1164
2020-01-21T09:15:00+05:30,4024.800000,4024.800000,3993.000000,3994.350000,404
2020-01-21T09:30:00+05:30,3994.350000,3999.000000,3986.450000,3992.700000,382
2020-01-21T09:45:00+05:30,3992.700000,4002.750000,3990.000000,3999.000000,265
2020-01-21T10:00:00+05:30,3999.000000,4003.950000,3995.000000,3996.000000,124
2020-01-21T10:15:00+05:30,3996.000000,4018.000000,3994.000000,4001.250000,584
2020-01-21T10:30:00+05:30,4001.250000,4014.950000,4001.250000,4007.900000,120
2020-01-21T10:45:00+05:30,4011.600000,4011.600000,4000.000000,4003.450000,218
2020-01-21T11:00:00+05:30,4003.450000,4014.000000,4000.050000,4008.050000,145
2020-01-21T11:15:00+05:30,4008.050000,4019.000000,4008.050000,4018.550000,61
2020-01-21T11:30:00+05:30,4018.550000,4022.000000,4017.000000,4021.950000,212
2020-01-21T11:45:00+05:30,4021.950000,4021.950000,4016.150000,4016.550000,14
2020-01-21T12:00:00+05:30,4020.000000,4025.000000,4004.350000,4007.950000,797
2020-01-21T12:15:00+05:30,4007.950000,4015.500000,4007.600000,4014.650000,196
2020-01-21T12:30:00+05:30,4014.650000,4015.000000,4009.250000,4010.000000,98
2020-01-21T12:45:00+05:30,4010.000000,4014.150000,4005.200000,4009.050000,141
2020-01-21T13:00:00+05:30,4010.000000,4010.400000,4000.000000,4003.000000,785
2020-01-21T13:15:00+05:30,4003.000000,4005.000000,3999.900000,4003.400000,379
2020-01-21T13:30:00+05:30,4003.400000,4003.400000,3994.000000,4000.000000,148
2020-01-21T13:45:00+05:30,4000.000000,4020.000000,4000.000000,4020.000000,1233
2020-01-21T14:00:00+05:30,4020.000000,4020.000000,4013.000000,4013.000000,261
2020-01-21T14:15:00+05:30,4013.000000,4017.700000,4007.000000,4012.050000,678
2020-01-21T14:30:00+05:30,4012.050000,4012.900000,4007.700000,4012.700000,171
2020-01-21T14:45:00+05:30,4012.700000,4013.000000,4009.150000,4010.000000,111
2020-01-21T15:00:00+05:30,4010.000000,4011.900000,4008.000000,4009.000000,262
2020-01-21T15:15:00+05:30,4009.000000,4018.000000,4005.100000,4009.000000,1022
2020-01-22T09:15:00+05:30,4025.000000,4035.000000,4012.000000,4030.000000,297
2020-01-22T09:30:00+05:30,4030.000000,4074.000000,4029.100000,4048.350000,1163
2020-01-22T09:45:00+05:30,4048.350000,4056.150000,4040.050000,4041.000000,192
2020-01-22T10:00:00+05:30,4041.000000,4044.800000,4040.000000,4044.400000,86
2020-01-22T10:15:00+05:30,4039.300000,4044.100000,4020.000000,4024.100000,835
2020-01-22T10:30:00+05:30,4024.100000,4027.450000,4010.000000,4010.000000,1878
2020-01-22T10:45:00+05:30,4010.000000,4014.850000,4010.000000,4011.100000,240
2020-01-22T11:00:00+05:30,4011.100000,4014.500000,4004.000000,4007.450000,1052
2020-01-22T11:15:00+05:30,4007.450000,4009.000000,4005.850000,4006.900000,113
2020-01-22T11:30:00+05:30,4006.250000,4010.900000,4006.200000,4010.900000,152
2020-01-22T11:45:00+05:30,4010.000000,4010.950000,4006.850000,4006.850000,38
2020-01-22T12:00:00+05:30,4006.950000,4010.800000,4006.950000,4010.800000,58
2020-01-22T12:15:00+05:30,4010.800000,4010.950000,4008.100000,4008.100000,26
2020-01-22T12:30:00+05:30,4008.100000,4011.000000,4008.100000,4010.950000,164
2020-01-22T12:45:00+05:30,4010.950000,4010.950000,4006.800000,4007.150000,36
2020-01-22T13:00:00+05:30,4007.150000,4010.950000,4007.150000,4010.950000,70
2020-01-22T13:15:00+05:30,4010.950000,4010.950000,4010.950000,4010.950000,33
2020-01-22T13:30:00+05:30,4010.950000,4010.950000,4007.900000,4010.900000,132
2020-01-22T13:45:00+05:30,4010.900000,4010.900000,4010.800000,4010.800000,89
2020-01-22T14:00:00+05:30,4010.800000,4010.900000,4006.500000,4006.500000,73
2020-01-22T14:15:00+05:30,4009.000000,4009.800000,4005.350000,4009.000000,155
2020-01-22T14:30:00+05:30,4009.000000,4009.500000,4005.200000,4007.550000,47
2020-01-22T14:45:00+05:30,4007.550000,4008.200000,4005.000000,4007.000000,365
2020-01-22T15:00:00+05:30,4007.000000,4007.000000,4002.100000,4005.000000,173
2020-01-22T15:15:00+05:30,4005.000000,4005.450000,3970.650000,3985.000000,1788
2020-01-23T09:15:00+05:30,3990.000000,4035.000000,3990.000000,4028.750000,566
2020-01-23T09:30:00+05:30,4028.950000,4039.700000,4020.000000,4037.000000,613
2020-01-23T09:45:00+05:30,4039.750000,4039.950000,4030.100000,4038.750000,470
2020-01-23T10:00:00+05:30,4038.750000,4041.000000,4019.950000,4023.150000,798
2020-01-23T10:15:00+05:30,4023.150000,4027.600000,4013.650000,4016.550000,355
2020-01-23T10:30:00+05:30,4016.550000,4017.800000,4014.900000,4016.450000,196
2020-01-23T10:45:00+05:30,4016.450000,4023.850000,4013.650000,4022.450000,378
2020-01-23T11:00:00+05:30,4022.450000,4038.950000,4022.450000,4031.750000,398
2020-01-23T11:15:00+05:30,4031.750000,4035.350000,4027.050000,4034.900000,235
2020-01-23T11:30:00+05:30,4034.900000,4034.950000,4025.000000,4034.850000,448
2020-01-23T11:45:00+05:30,4034.850000,4048.000000,4027.100000,4046.000000,558
2020-01-23T12:00:00+05:30,4046.000000,4046.000000,4028.100000,4043.000000,678
2020-01-23T12:15:00+05:30,4043.000000,4045.000000,4040.000000,4044.900000,298
2020-01-23T12:30:00+05:30,4044.900000,4045.000000,4037.000000,4044.850000,642
2020-01-23T12:45:00+05:30,4044.850000,4045.000000,4035.150000,4041.000000,282
2020-01-23T13:00:00+05:30,4041.000000,4044.950000,4038.500000,4044.850000,432
2020-01-23T13:15:00+05:30,4044.850000,4045.000000,4036.400000,4044.750000,407
2020-01-23T13:30:00+05:30,4044.750000,4045.000000,4039.000000,4039.000000,410
2020-01-23T13:45:00+05:30,4039.000000,4040.000000,4034.850000,4040.000000,324
2020-01-23T14:00:00+05:30,4040.000000,4040.000000,4035.000000,4040.000000,306
2020-01-23T14:15:00+05:30,4040.000000,4040.000000,4036.200000,4040.000000,469
2020-01-23T14:30:00+05:30,4040.000000,4040.000000,4030.550000,4040.000000,803
2020-01-23T14:45:00+05:30,4040.000000,4069.850000,4039.850000,4059.000000,2495
2020-01-23T15:00:00+05:30,4059.000000,4060.000000,4052.950000,4055.300000,880
2020-01-23T15:15:00+05:30,4055.300000,4057.950000,4051.950000,4054.900000,1189
2020-01-24T09:15:00+05:30,4056.050000,4085.800000,4054.950000,4085.000000,1256
2020-01-24T09:30:00+05:30,4085.000000,4094.000000,4072.050000,4080.000000,782
2020-01-24T09:45:00+05:30,4080.000000,4095.000000,4080.000000,4094.000000,556
2020-01-24T10:00:00+05:30,4094.000000,4219.600000,4093.950000,4179.000000,10457
2020-01-24T10:15:00+05:30,4179.000000,4183.850000,4169.000000,4173.050000,1264
2020-01-24T10:30:00+05:30,4173.050000,4180.800000,4153.850000,4166.050000,1086
2020-01-24T10:45:00+05:30,4166.050000,4177.200000,4160.000000,4176.400000,858
2020-01-24T11:00:00+05:30,4176.000000,4200.000000,4176.000000,4188.000000,1422
2020-01-24T11:15:00+05:30,4188.000000,4200.000000,4187.000000,4191.900000,3514
2020-01-24T11:30:00+05:30,4191.900000,4191.950000,4185.000000,4189.900000,788
2020-01-24T11:45:00+05:30,4189.700000,4190.950000,4161.150000,4180.000000,1826
2020-01-24T12:00:00+05:30,4180.000000,4190.000000,4176.750000,4186.950000,498
2020-01-24T12:15:00+05:30,4186.950000,4190.050000,4180.600000,4185.250000,724
2020-01-24T12:30:00+05:30,4185.250000,4185.850000,4180.600000,4183.000000,431
2020-01-24T12:45:00+05:30,4183.000000,4185.750000,4181.000000,4184.300000,1552
2020-01-24T13:00:00+05:30,4185.500000,4185.500000,4175.600000,4175.600000,1257
2020-01-24T13:15:00+05:30,4175.600000,4183.000000,4175.600000,4180.850000,372
2020-01-24T13:30:00+05:30,4180.850000,4180.950000,4176.050000,4178.500000,280
2020-01-24T13:45:00+05:30,4178.500000,4180.000000,4171.150000,4178.000000,503
2020-01-24T14:00:00+05:30,4178.000000,4181.950000,4171.150000,4179.550000,421
2020-01-24T14:15:00+05:30,4179.550000,4181.450000,4178.050000,4179.500000,516
2020-01-24T14:30:00+05:30,4179.500000,4180.700000,4175.900000,4179.300000,508
2020-01-24T14:45:00+05:30,4179.300000,4182.000000,4171.450000,4174.250000,1836
2020-01-24T15:00:00+05:30,4174.250000,4175.000000,4165.050000,4169.850000,1550
2020-01-24T15:15:00+05:30,4169.850000,4173.000000,4150.000000,4151.100000,2628
2020-01-27T09:15:00+05:30,4166.950000,4249.000000,4166.950000,4201.000000,4459
2020-01-27T09:30:00+05:30,4201.000000,4245.000000,4197.000000,4238.000000,1877
2020-01-27T09:45:00+05:30,4237.950000,4248.000000,4227.000000,4244.500000,1218
2020-01-27T10:00:00+05:30,4244.500000,4244.900000,4203.000000,4233.850000,1295
2020-01-27T10:15:00+05:30,4233.850000,4239.900000,4229.950000,4239.650000,650
2020-01-27T10:30:00+05:30,4239.650000,4240.000000,4231.000000,4239.150000,731
2020-01-27T10:45:00+05:30,4239.150000,4239.650000,4230.600000,4239.650000,416
2020-01-27T11:00:00+05:30,4239.650000,4300.000000,4232.000000,4290.000000,14689
2020-01-27T11:15:00+05:30,4289.000000,4361.750000,4282.250000,4346.000000,19194
2020-01-27T11:30:00+05:30,4346.000000,4379.000000,4330.000000,4361.450000,7401
2020-01-27T11:45:00+05:30,4365.000000,4369.800000,4346.000000,4349.950000,1701
2020-01-27T12:00:00+05:30,4349.950000,4357.950000,4333.750000,4335.000000,2556
2020-01-27T12:15:00+05:30,4339.750000,4359.000000,4335.000000,4349.850000,1635
2020-01-27T12:30:00+05:30,4349.850000,4369.950000,4344.300000,4358.350000,1903
2020-01-27T12:45:00+05:30,4367.550000,4368.300000,4355.000000,4362.500000,1332
2020-01-27T13:00:00+05:30,4362.500000,4371.500000,4355.000000,4366.850000,1315
2020-01-27T13:15:00+05:30,4366.850000,4376.500000,4358.000000,4359.300000,1258
2020-01-27T13:30:00+05:30,4359.300000,4374.900000,4359.100000,4365.000000,1034
2020-01-27T13:45:00+05:30,4365.000000,4370.000000,4350.000000,4350.000000,1621
2020-01-27T14:00:00+05:30,4350.000000,4350.000000,4332.100000,4340.000000,3940
2020-01-27T14:15:00+05:30,4340.000000,4340.000000,4333.750000,4339.950000,1060
2020-01-27T14:30:00+05:30,4340.000000,4340.000000,4325.000000,4329.950000,1954
2020-01-27T14:45:00+05:30,4330.000000,4335.000000,4327.650000,4335.000000,2609
2020-01-27T15:00:00+05:30,4335.000000,4335.000000,4325.000000,4331.950000,5465
2020-01-27T15:15:00+05:30,4331.950000,4380.000000,4326.000000,4360.100000,8349
2020-01-28T09:15:00+05:30,4380.000000,4418.000000,4337.800000,4380.000000,5872
2020-01-28T09:30:00+05:30,4380.000000,4384.000000,4356.250000,4356.250000,1207
2020-01-28T09:45:00+05:30,4356.350000,4360.350000,4343.000000,4358.200000,1440
2020-01-28T10:00:00+05:30,4358.200000,4376.000000,4356.000000,4358.950000,827
2020-01-28T10:15:00+05:30,4358.950000,4379.800000,4357.450000,4368.450000,1176
2020-01-28T10:30:00+05:30,4367.950000,4367.950000,4350.100000,4360.900000,877
2020-01-28T10:45:00+05:30,4360.900000,4361.600000,4355.000000,4357.950000,212
2020-01-28T11:00:00+05:30,4357.950000,4359.700000,4350.100000,4354.850000,739
2020-01-28T11:15:00+05:30,4354.850000,4355.000000,4347.000000,4354.250000,626
2020-01-28T11:30:00+05:30,4354.250000,4357.900000,4352.800000,4357.650000,449
2020-01-28T11:45:00+05:30,4357.650000,4357.650000,4350.100000,4350.550000,1175
2020-01-28T12:00:00+05:30,4350.550000,4356.300000,4350.550000,4354.600000,93
2020-01-28T12:15:00+05:30,4354.600000,4357.650000,4350.100000,4357.400000,499
2020-01-28T12:30:00+05:30,4357.400000,4357.400000,4350.250000,4351.050000,331
2020-01-28T12:45:00+05:30,4351.050000,4356.950000,4350.450000,4355.000000,535
2020-01-28T13:00:00+05:30,4355.000000,4356.800000,4343.600000,4353.950000,723
2020-01-28T13:15:00+05:30,4353.950000,4355.450000,4350.200000,4352.950000,980
2020-01-28T13:30:00+05:30,4352.950000,4355.000000,4350.750000,4354.050000,457
2020-01-28T13:45:00+05:30,4354.050000,4355.950000,4325.550000,4332.000000,998
2020-01-28T14:00:00+05:30,4332.000000,4343.950000,4325.500000,4342.700000,436
2020-01-28T14:15:00+05:30,4342.700000,4343.100000,4334.000000,4339.950000,1367
2020-01-28T14:30:00+05:30,4339.950000,4339.950000,4325.000000,4327.000000,1118
2020-01-28T14:45:00+05:30,4327.000000,4327.000000,4291.800000,4298.550000,2775
2020-01-28T15:00:00+05:30,4298.550000,4335.000000,4292.300000,4332.200000,1732
2020-01-28T15:15:00+05:30,4332.200000,4359.950000,4327.700000,4348.900000,2169
2020-01-29T09:15:00+05:30,4364.000000,4395.000000,4354.000000,4358.700000,2178
2020-01-29T09:30:00+05:30,4358.700000,4362.700000,4320.000000,4335.550000,1666
2020-01-29T09:45:00+05:30,4340.000000,4349.850000,4335.550000,4344.950000,441
2020-01-29T10:00:00+05:30,4344.950000,4348.400000,4337.300000,4338.200000,348
2020-01-29T10:15:00+05:30,4338.200000,4345.000000,4336.000000,4341.000000,321
2020-01-29T10:30:00+05:30,4341.000000,4344.400000,4332.600000,4336.300000,676
2020-01-29T10:45:00+05:30,4336.300000,4345.000000,4336.300000,4339.600000,206
2020-01-29T11:00:00+05:30,4339.000000,4340.000000,4322.600000,4324.050000,1098
2020-01-29T11:15:00+05:30,4322.950000,4329.850000,4320.650000,4324.950000,346
2020-01-29T11:30:00+05:30,4324.950000,4329.850000,4320.500000,4325.000000,341
2020-01-29T11:45:00+05:30,4325.000000,4328.000000,4320.000000,4323.150000,667
2020-01-29T12:00:00+05:30,4325.000000,4329.000000,4323.000000,4328.500000,493
2020-01-29T12:15:00+05:30,4328.500000,4328.950000,4308.350000,4310.500000,1743
2020-01-29T12:30:00+05:30,4310.550000,4314.150000,4305.000000,4308.200000,1404
2020-01-29T12:45:00+05:30,4308.200000,4315.300000,4305.850000,4312.550000,782
2020-01-29T13:00:00+05:30,4309.650000,4315.300000,4306.900000,4308.350000,556
2020-01-29T13:15:00+05:30,4308.350000,4314.700000,4308.350000,4311.000000,707
2020-01-29T13:30:00+05:30,4311.000000,4314.500000,4308.450000,4310.900000,485
2020-01-29T13:45:00+05:30,4314.450000,4314.600000,4290.000000,4300.000000,2842
2020-01-29T14:00:00+05:30,4300.000000,4305.000000,4290.000000,4296.150000,677
2020-01-29T14:15:00+05:30,4296.150000,4307.600000,4292.550000,4306.450000,699
2020-01-29T14:30:00+05:30,4302.150000,4307.600000,4286.500000,4290.350000,626
2020-01-29T14:45:00+05:30,4286.800000,4295.000000,4286.100000,4291.600000,1121
2020-01-29T15:00:00+05:30,4294.950000,4349.000000,4291.650000,4333.650000,5559
2020-01-29T15:15:00+05:30,4333.700000,4345.000000,4310.000000,4335.000000,3034
2020-01-30T09:15:00+05:30,4349.000000,4349.000000,4284.000000,4286.000000,932
2020-01-30T09:30:00+05:30,4286.000000,4294.000000,4275.000000,4277.200000,1176
2020-01-30T09:45:00+05:30,4277.200000,4277.200000,4245.050000,4262.100000,1308
2020-01-30T10:00:00+05:30,4262.100000,4291.000000,4262.100000,4288.000000,813
2020-01-30T10:15:00+05:30,4288.000000,4296.000000,4273.550000,4279.950000,934
2020-01-30T10:30:00+05:30,4279.950000,4281.400000,4250.100000,4255.000000,1040
2020-01-30T10:45:00+05:30,4255.000000,4260.950000,4250.100000,4254.950000,423
2020-01-30T11:00:00+05:30,4255.000000,4255.000000,4250.000000,4250.000000,666
2020-01-30T11:15:00+05:30,4250.000000,4257.950000,4250.000000,4257.950000,116
2020-01-30T11:30:00+05:30,4257.950000,4263.300000,4255.150000,4260.000000,65
2020-01-30T11:45:00+05:30,4260.000000,4270.300000,4260.000000,4269.350000,106
2020-01-30T12:00:00+05:30,4269.350000,4270.000000,4264.000000,4265.000000,212
2020-01-30T12:15:00+05:30,4265.000000,4273.450000,4255.000000,4256.500000,444
2020-01-30T12:30:00+05:30,4256.050000,4265.000000,4256.050000,4265.000000,161
2020-01-30T12:45:00+05:30,4265.000000,4265.000000,4261.600000,4265.000000,99
2020-01-30T13:00:00+05:30,4265.000000,4265.000000,4255.600000,4255.600000,160
2020-01-30T13:15:00+05:30,4255.600000,4258.000000,4253.150000,4258.000000,137
2020-01-30T13:30:00+05:30,4258.000000,4261.650000,4253.100000,4261.650000,81
2020-01-30T13:45:00+05:30,4261.650000,4263.350000,4255.750000,4262.900000,52
2020-01-30T14:00:00+05:30,4262.900000,4263.000000,4256.150000,4256.150000,75
2020-01-30T14:15:00+05:30,4256.150000,4259.650000,4255.600000,4259.500000,80
2020-01-30T14:30:00+05:30,4259.500000,4267.250000,4255.600000,4265.000000,343
2020-01-30T14:45:00+05:30,4265.000000,4267.950000,4254.000000,4254.050000,503
2020-01-30T15:00:00+05:30,4254.050000,4261.200000,4228.000000,4230.200000,2093
2020-01-30T15:15:00+05:30,4233.350000,4233.350000,4203.500000,4203.500000,1789
2020-01-31T09:15:00+05:30,4259.400000,4259.400000,4220.000000,4231.200000,559
2020-01-31T09:30:00+05:30,4231.200000,4231.200000,4205.450000,4217.150000,691
2020-01-31T09:45:00+05:30,4217.150000,4224.000000,4214.000000,4214.000000,251
2020-01-31T10:00:00+05:30,4214.000000,4224.900000,4210.000000,4220.000000,314
2020-01-31T10:15:00+05:30,4220.000000,4220.000000,4210.000000,4215.000000,414
2020-01-31T10:30:00+05:30,4215.000000,4220.000000,4210.000000,4216.800000,507
2020-01-31T10:45:00+05:30,4216.850000,4217.000000,4211.050000,4216.600000,129
2020-01-31T11:00:00+05:30,4216.600000,4216.800000,4210.000000,4210.950000,171
2020-01-31T11:15:00+05:30,4210.300000,4217.350000,4203.100000,4214.950000,351
2020-01-31T11:30:00+05:30,4212.950000,4212.950000,4152.150000,4159.850000,1129
2020-01-31T11:45:00+05:30,4159.850000,4181.100000,4159.850000,4174.350000,406
2020-01-31T12:00:00+05:30,4174.350000,4174.350000,4152.150000,4158.900000,979
2020-01-31T12:15:00+05:30,4158.900000,4158.900000,4150.000000,4156.900000,410
2020-01-31T12:30:00+05:30,4156.900000,4165.000000,4135.950000,4162.600000,1350
2020-01-31T12:45:00+05:30,4162.600000,4175.000000,4162.400000,4175.000000,227
2020-01-31T13:00:00+05:30,4175.000000,4175.000000,4170.000000,4171.000000,210
2020-01-31T13:15:00+05:30,4171.000000,4175.000000,4165.000000,4174.750000,312
2020-01-31T13:30:00+05:30,4174.750000,4174.950000,4167.300000,4174.700000,61
2020-01-31T13:45:00+05:30,4174.700000,4175.000000,4170.000000,4170.000000,72
2020-01-31T14:00:00+05:30,4170.000000,4175.000000,4170.000000,4175.000000,360
2020-01-31T14:15:00+05:30,4175.000000,4175.000000,4170.000000,4174.600000,143
2020-01-31T14:30:00+05:30,4174.600000,4175.000000,4167.500000,4169.000000,357
2020-01-31T14:45:00+05:30,4169.000000,4174.600000,4167.500000,4169.900000,365
2020-01-31T15:00:00+05:30,4169.900000,4172.750000,4133.000000,4138.200000,1412
2020-01-31T15:15:00+05:30,4138.200000,4149.850000,4123.850000,4137.000000,1302
2020-02-01T09:15:00+05:30,4188.000000,4188.000000,4110.000000,4133.400000,563
2020-02-01T09:30:00+05:30,4133.400000,4133.850000,4128.000000,4133.850000,96
2020-02-01T09:45:00+05:30,4133.850000,4133.850000,4126.550000,4129.700000,61
2020-02-01T10:00:00+05:30,4125.400000,4129.700000,4120.000000,4128.500000,396
2020-02-01T10:15:00+05:30,4128.500000,4145.000000,4128.500000,4145.000000,173
2020-02-01T10:30:00+05:30,4145.000000,4197.900000,4145.000000,4180.000000,1898
2020-02-01T10:45:00+05:30,4180.000000,4193.900000,4174.000000,4189.950000,230
2020-02-01T11:00:00+05:30,4189.950000,4190.100000,4175.000000,4180.000000,391
2020-02-01T11:15:00+05:30,4180.000000,4183.000000,4170.000000,4174.650000,142
2020-02-01T11:30:00+05:30,4175.000000,4194.950000,4152.100000,4173.000000,1670
2020-02-01T11:45:00+05:30,4173.000000,4173.000000,4155.400000,4155.400000,156
2020-02-01T12:00:00+05:30,4155.400000,4158.900000,4152.100000,4156.000000,89
2020-02-01T12:15:00+05:30,4156.000000,4156.000000,4114.000000,4114.000000,706
2020-02-01T12:30:00+05:30,4114.000000,4129.000000,4114.000000,4115.150000,417
2020-02-01T12:45:00+05:30,4115.150000,4115.850000,4085.050000,4096.000000,1297
2020-02-01T13:00:00+05:30,4096.000000,4118.350000,4080.000000,4099.000000,756
2020-02-01T13:15:00+05:30,4099.000000,4118.950000,4071.000000,4081.650000,813
2020-02-01T13:30:00+05:30,4081.650000,4117.000000,4080.050000,4110.300000,265
2020-02-01T13:45:00+05:30,4110.300000,4122.000000,4072.800000,4122.000000,643
2020-02-01T14:00:00+05:30,4122.000000,4124.800000,4093.400000,4095.000000,1081
2020-02-01T14:15:00+05:30,4095.000000,4103.500000,4092.050000,4094.950000,655
2020-02-01T14:30:00+05:30,4095.000000,4101.800000,4092.200000,4094.050000,772
2020-02-01T14:45:00+05:30,4094.050000,4116.750000,4094.050000,4094.950000,702
2020-02-01T15:00:00+05:30,4094.900000,4094.900000,4077.000000,4080.000000,1693
2020-02-01T15:15:00+05:30,4082.650000,4099.900000,4039.950000,4057.700000,7828
2020-02-03T09:15:00+05:30,4050.000000,4088.000000,4030.000000,4080.500000,1235
2020-02-03T09:30:00+05:30,4080.500000,4085.600000,4054.450000,4067.450000,286
2020-02-03T09:45:00+05:30,4067.450000,4129.450000,4066.450000,4129.000000,1425
2020-02-03T10:00:00+05:30,4128.200000,4130.950000,4090.000000,4113.800000,1125
2020-02-03T10:15:00+05:30,4113.800000,4141.450000,4113.800000,4136.350000,856
2020-02-03T10:30:00+05:30,4136.350000,4137.000000,4128.450000,4133.950000,372
2020-02-03T10:45:00+05:30,4130.000000,4137.000000,4122.950000,4122.950000,465
2020-02-03T11:00:00+05:30,4122.950000,4174.500000,4122.750000,4159.900000,2158
2020-02-03T11:15:00+05:30,4159.900000,4159.900000,4104.300000,4112.700000,953
2020-02-03T11:30:00+05:30,4112.700000,4122.000000,4110.000000,4112.850000,829
2020-02-03T11:45:00+05:30,4112.850000,4121.000000,4110.850000,4116.950000,462
2020-02-03T12:00:00+05:30,4116.950000,4121.000000,4116.950000,4120.000000,495
2020-02-03T12:15:00+05:30,4120.000000,4122.000000,4119.150000,4122.000000,958
2020-02-03T12:30:00+05:30,4122.000000,4122.500000,4116.050000,4122.000000,698
2020-02-03T12:45:00+05:30,4122.000000,4123.900000,4119.000000,4119.000000,1279
2020-02-03T13:00:00+05:30,4119.900000,4121.950000,4115.450000,4117.400000,1286
2020-02-03T13:15:00+05:30,4120.000000,4123.850000,4116.000000,4118.900000,970
2020-02-03T13:30:00+05:30,4118.900000,4120.000000,4115.250000,4119.950000,476
2020-02-03T13:45:00+05:30,4120.000000,4120.000000,4115.100000,4119.550000,510
2020-02-03T14:00:00+05:30,4119.550000,4120.000000,4081.900000,4114.650000,1854
2020-02-03T14:15:00+05:30,4119.100000,4120.000000,4110.750000,4119.000000,493
2020-02-03T14:30:00+05:30,4119.000000,4123.900000,4115.150000,4119.950000,448
2020-02-03T14:45:00+05:30,4120.000000,4120.000000,4082.600000,4106.700000,1259
2020-02-03T15:00:00+05:30,4112.050000,4137.600000,4095.000000,4134.950000,1016
2020-02-03T15:15:00+05:30,4135.000000,4140.000000,4100.000000,4100.000000,1180
2020-02-04T09:15:00+05:30,4100.000000,4194.000000,4100.000000,4160.000000,1432
2020-02-04T09:30:00+05:30,4160.000000,4166.900000,4129.850000,4146.350000,441
2020-02-04T09:45:00+05:30,4146.350000,4150.000000,4125.000000,4146.800000,440
2020-02-04T10:00:00+05:30,4146.800000,4154.950000,4095.850000,4116.650000,944
2020-02-04T10:15:00+05:30,4116.650000,4132.250000,4100.000000,4130.000000,477
2020-02-04T10:30:00+05:30,4132.250000,4154.900000,4125.000000,4128.000000,767
2020-02-04T10:45:00+05:30,4128.000000,4132.250000,4115.000000,4131.950000,298
2020-02-04T11:00:00+05:30,4131.950000,4132.250000,4111.550000,4112.450000,338
2020-02-04T11:15:00+05:30,4112.450000,4130.000000,4108.000000,4120.500000,1054
2020-02-04T11:30:00+05:30,4120.500000,4135.000000,4117.000000,4122.000000,452
2020-02-04T11:45:00+05:30,4122.000000,4123.800000,4103.000000,4103.000000,698
2020-02-04T12:00:00+05:30,4103.000000,4110.000000,4082.050000,4098.600000,775
2020-02-04T12:15:00+05:30,4098.600000,4102.600000,4080.000000,4080.000000,580
2020-02-04T12:30:00+05:30,4080.000000,4089.650000,4080.000000,4085.000000,267
2020-02-04T12:45:00+05:30,4085.000000,4085.000000,4081.000000,4082.000000,685
2020-02-04T13:00:00+05:30,4082.000000,4104.700000,4070.000000,4100.000000,1699
2020-02-04T13:15:00+05:30,4100.000000,4115.000000,4080.000000,4086.050000,746
2020-02-04T13:30:00+05:30,4086.050000,4095.000000,4076.000000,4085.000000,710
2020-02-04T13:45:00+05:30,4085.000000,4095.000000,4080.000000,4081.050000,1058
2020-02-04T14:00:00+05:30,4081.050000,4084.000000,4072.100000,4079.000000,1233
2020-02-04T14:15:00+05:30,4079.000000,4081.550000,4075.050000,4079.450000,214
2020-02-04T14:30:00+05:30,4078.000000,4082.350000,4070.200000,4072.700000,477
2020-02-04T14:45:00+05:30,4072.700000,4090.000000,4071.500000,4086.500000,2843
2020-02-04T15:00:00+05:30,4086.500000,4111.750000,4080.000000,4090.900000,2048
2020-02-04T15:15:00+05:30,4090.900000,4102.800000,4072.050000,4080.000000,2595
2020-02-05T09:15:00+05:30,4119.950000,4148.900000,4108.050000,4140.000000,2510
2020-02-05T09:30:00+05:30,4142.650000,4143.750000,4122.000000,4135.750000,620
2020-02-05T09:45:00+05:30,4135.750000,4145.000000,4131.100000,4142.000000,675
2020-02-05T10:00:00+05:30,4142.000000,4166.250000,4140.050000,4166.250000,1924
2020-02-05T10:15:00+05:30,4166.250000,4168.850000,4150.000000,4150.000000,842
2020-02-05T10:30:00+05:30,4150.000000,4156.000000,4125.000000,4135.000000,1181
2020-02-05T10:45:00+05:30,4135.000000,4144.000000,4120.000000,4137.000000,810
2020-02-05T11:00:00+05:30,4137.000000,4137.000000,4108.000000,4120.000000,615
2020-02-05T11:15:00+05:30,4110.000000,4126.100000,4099.500000,4108.000000,1438
2020-02-05T11:30:00+05:30,4108.000000,4114.950000,4090.000000,4106.950000,701
2020-02-05T11:45:00+05:30,4106.950000,4115.000000,4100.000000,4111.200000,382
2020-02-05T12:00:00+05:30,4111.200000,4111.200000,4100.500000,4110.800000,260
2020-02-05T12:15:00+05:30,4107.250000,4112.800000,4105.000000,4111.800000,157
2020-02-05T12:30:00+05:30,4111.800000,4112.900000,4105.700000,4106.100000,134
2020-02-05T12:45:00+05:30,4110.100000,4110.250000,4106.250000,4110.250000,55
2020-02-05T13:00:00+05:30,4110.250000,4112.950000,4108.900000,4112.850000,138
2020-02-05T13:15:00+05:30,4112.850000,4112.850000,4108.900000,4110.100000,33
2020-02-05T13:30:00+05:30,4110.100000,4112.950000,4110.100000,4111.150000,58
2020-02-05T13:45:00+05:30,4111.150000,4112.950000,4104.000000,4104.500000,157
2020-02-05T14:00:00+05:30,4104.500000,4110.250000,4082.050000,4090.950000,571
2020-02-05T14:15:00+05:30,4090.950000,4105.000000,4082.000000,4100.000000,390
2020-02-05T14:30:00+05:30,4100.000000,4114.000000,4090.100000,4105.700000,904
2020-02-05T14:45:00+05:30,4105.700000,4112.250000,4100.050000,4100.050000,310
2020-02-05T15:00:00+05:30,4100.050000,4107.000000,4091.000000,4103.350000,398
2020-02-05T15:15:00+05:30,4103.350000,4109.800000,4084.300000,4087.000000,1805
2020-02-06T09:15:00+05:30,4120.000000,4133.700000,4103.000000,4110.800000,627
2020-02-06T09:30:00+05:30,4110.800000,4133.150000,4107.000000,4126.850000,1094
2020-02-06T09:45:00+05:30,4126.850000,4127.500000,4120.000000,4123.950000,92
2020-02-06T10:00:00+05:30,4123.950000,4129.150000,4119.300000,4126.950000,374
2020-02-06T10:15:00+05:30,4126.950000,4133.000000,4108.150000,4112.250000,253
2020-02-06T10:30:00+05:30,4110.000000,4130.000000,4110.000000,4130.000000,228
2020-02-06T10:45:00+05:30,4130.000000,4133.700000,4118.000000,4127.000000,326
2020-02-06T11:00:00+05:30,4127.000000,4127.000000,4109.050000,4117.400000,188
2020-02-06T11:15:00+05:30,4117.400000,4117.400000,4108.000000,4108.000000,604
2020-02-06T11:30:00+05:30,4108.000000,4110.000000,4105.900000,4109.000000,318
2020-02-06T11:45:00+05:30,4109.000000,4110.000000,4107.800000,4109.000000,221
2020-02-06T12:00:00+05:30,4109.000000,4109.000000,4100.000000,4106.650000,538
2020-02-06T12:15:00+05:30,4106.650000,4109.000000,4100.000000,4106.800000,323
2020-02-06T12:30:00+05:30,4106.800000,4109.000000,4100.000000,4100.200000,172
2020-02-06T12:45:00+05:30,4100.200000,4104.950000,4097.700000,4100.000000,796
2020-02-06T13:00:00+05:30,4100.000000,4100.000000,4098.000000,4098.000000,89
2020-02-06T13:15:00+05:30,4100.000000,4100.000000,4097.000000,4099.150000,188
2020-02-06T13:30:00+05:30,4099.950000,4100.000000,4090.600000,4090.600000,328
2020-02-06T13:45:00+05:30,4090.600000,4095.000000,4083.000000,4089.750000,316
2020-02-06T14:00:00+05:30,4089.750000,4095.000000,4085.000000,4085.000000,233
2020-02-06T14:15:00+05:30,4085.000000,4086.200000,4073.000000,4080.000000,663
2020-02-06T14:30:00+05:30,4080.000000,4090.000000,4065.400000,4065.500000,829
2020-02-06T14:45:00+05:30,4065.500000,4070.000000,4052.300000,4067.550000,645
2020-02-06T15:00:00+05:30,4067.550000,4074.950000,4054.100000,4069.950000,1604
2020-02-06T15:15:00+05:30,4069.550000,4070.000000,4054.000000,4060.000000,1225
2020-02-07T09:15:00+05:30,4085.000000,4098.250000,4077.000000,4089.250000,719
2020-02-07T09:30:00+05:30,4089.300000,4097.950000,4089.300000,4091.000000,134
2020-02-07T09:45:00+05:30,4091.000000,4098.000000,4085.000000,4085.500000,214
2020-02-07T10:00:00+05:30,4085.500000,4094.650000,4080.000000,4088.450000,336
2020-02-07T10:15:00+05:30,4088.450000,4092.400000,4075.000000,4086.250000,313
2020-02-07T10:30:00+05:30,4086.250000,4088.200000,4072.050000,4075.550000,188
2020-02-07T10:45:00+05:30,4075.550000,4080.150000,4070.000000,4070.000000,118
2020-02-07T11:00:00+05:30,4070.000000,4084.800000,4070.000000,4072.400000,149
2020-02-07T11:15:00+05:30,4072.400000,4080.800000,4071.000000,4071.000000,139
2020-02-07T11:30:00+05:30,4070.600000,4080.000000,4055.500000,4060.500000,529
2020-02-07T11:45:00+05:30,4060.500000,4063.900000,4056.000000,4056.050000,331
2020-02-07T12:00:00+05:30,4054.150000,4054.550000,4045.000000,4049.500000,316
2020-02-07T12:15:00+05:30,4049.500000,4055.000000,4017.250000,4030.000000,1443
2020-02-07T12:30:00+05:30,4030.000000,4037.000000,4026.050000,4036.900000,231
2020-02-07T12:45:00+05:30,4036.900000,4043.000000,4020.000000,4043.000000,392
2020-02-07T13:00:00+05:30,4043.000000,4049.950000,4043.000000,4048.000000,155
2020-02-07T13:15:00+05:30,4048.000000,4048.000000,4039.250000,4040.000000,208
2020-02-07T13:30:00+05:30,4040.000000,4040.000000,4025.250000,4033.900000,326
2020-02-07T13:45:00+05:30,4033.900000,4036.850000,4025.250000,4030.350000,253
2020-02-07T14:00:00+05:30,4030.350000,4060.000000,4030.350000,4057.600000,392
2020-02-07T14:15:00+05:30,4057.600000,4076.600000,4040.000000,4060.850000,1196
2020-02-07T14:30:00+05:30,4060.850000,4070.000000,4041.250000,4051.950000,2017
2020-02-07T14:45:00+05:30,4052.000000,4070.000000,4047.000000,4058.000000,1167
2020-02-07T15:00:00+05:30,4058.000000,4065.000000,4029.000000,4041.350000,6749
2020-02-07T15:15:00+05:30,4041.350000,4059.950000,4030.000000,4045.100000,2121
2020-02-10T09:15:00+05:30,4074.950000,4115.000000,4060.050000,4107.950000,3198
2020-02-10T09:30:00+05:30,4107.950000,4111.000000,4100.000000,4100.000000,1064
2020-02-10T09:45:00+05:30,4100.000000,4110.000000,4085.000000,4105.450000,870
2020-02-10T10:00:00+05:30,4105.450000,4150.000000,4085.900000,4149.950000,7161
2020-02-10T10:15:00+05:30,4149.950000,4150.000000,4132.750000,4134.650000,1138
2020-02-10T10:30:00+05:30,4134.650000,4138.250000,4130.000000,4130.050000,965
2020-02-10T10:45:00+05:30,4130.050000,4299.000000,4130.050000,4239.250000,12170
2020-02-10T11:00:00+05:30,4239.250000,4245.000000,4215.000000,4244.800000,4248
2020-02-10T11:15:00+05:30,4244.800000,4245.000000,4222.600000,4238.300000,1229
2020-02-10T11:30:00+05:30,4238.300000,4239.000000,4201.150000,4205.950000,1248
2020-02-10T11:45:00+05:30,4205.950000,4207.800000,4190.050000,4205.000000,1284
2020-02-10T12:00:00+05:30,4205.000000,4229.650000,4205.000000,4220.650000,585
2020-02-10T12:15:00+05:30,4220.650000,4224.000000,4211.500000,4224.000000,802
2020-02-10T12:30:00+05:30,4224.000000,4234.750000,4218.900000,4234.750000,459
2020-02-10T12:45:00+05:30,4235.000000,4242.000000,4222.900000,4226.000000,639
2020-02-10T13:00:00+05:30,4226.000000,4231.700000,4226.000000,4227.250000,207
2020-02-10T13:15:00+05:30,4227.250000,4259.000000,4227.000000,4250.000000,1829
2020-02-10T13:30:00+05:30,4250.000000,4262.950000,4230.000000,4238.600000,1638
2020-02-10T13:45:00+05:30,4242.650000,4257.950000,4235.000000,4257.950000,509
2020-02-10T14:00:00+05:30,4257.950000,4257.950000,4245.100000,4246.050000,747
2020-02-10T14:15:00+05:30,4246.050000,4254.100000,4242.500000,4246.600000,619
2020-02-10T14:30:00+05:30,4246.600000,4280.000000,4245.050000,4275.000000,3139
2020-02-10T14:45:00+05:30,4275.000000,4275.000000,4255.050000,4257.000000,1614
2020-02-10T15:00:00+05:30,4257.000000,4275.000000,4255.000000,4269.950000,2297
2020-02-10T15:15:00+05:30,4269.950000,4299.000000,4260.050000,4295.000000,5696
2020-02-11T09:15:00+05:30,4328.000000,4349.900000,4307.600000,4349.050000,4765
2020-02-11T09:30:00+05:30,4350.000000,4360.000000,4320.000000,4320.000000,3844
2020-02-11T09:45:00+05:30,4320.050000,4339.050000,4320.000000,4331.000000,2767
2020-02-11T10:00:00+05:30,4331.000000,4335.000000,4275.000000,4290.950000,2291
2020-02-11T10:15:00+05:30,4285.550000,4304.950000,4285.100000,4301.000000,707
2020-02-11T10:30:00+05:30,4301.000000,4308.650000,4301.000000,4306.000000,206
2020-02-11T10:45:00+05:30,4306.000000,4317.200000,4306.000000,4309.350000,503
2020-02-11T11:00:00+05:30,4309.350000,4323.900000,4308.150000,4319.950000,693
2020-02-11T11:15:00+05:30,4319.950000,4320.000000,4291.250000,4298.850000,741
2020-02-11T11:30:00+05:30,4298.850000,4309.450000,4275.000000,4279.000000,1027
2020-02-11T11:45:00+05:30,4279.000000,4288.200000,4279.000000,4286.000000,542
2020-02-11T12:00:00+05:30,4286.000000,4300.000000,4280.200000,4293.850000,378
2020-02-11T12:15:00+05:30,4293.850000,4299.850000,4284.050000,4295.150000,294
2020-02-11T12:30:00+05:30,4295.150000,4304.350000,4288.300000,4297.000000,1107
2020-02-11T12:45:00+05:30,4297.000000,4310.000000,4297.000000,4306.300000,510
2020-02-11T13:00:00+05:30,4306.300000,4309.000000,4305.000000,4305.000000,318
2020-02-11T13:15:00+05:30,4305.000000,4309.000000,4295.000000,4302.300000,343
2020-02-11T13:30:00+05:30,4302.300000,4315.600000,4300.250000,4312.300000,1509
2020-02-11T13:45:00+05:30,4312.200000,4312.200000,4296.900000,4298.150000,433
2020-02-11T14:00:00+05:30,4298.150000,4317.000000,4298.150000,4309.800000,519
2020-02-11T14:15:00+05:30,4309.800000,4330.000000,4309.800000,4315.000000,1073
2020-02-11T14:30:00+05:30,4319.000000,4321.250000,4305.000000,4321.250000,420
2020-02-11T14:45:00+05:30,4323.300000,4323.300000,4300.000000,4305.000000,702
2020-02-11T15:00:00+05:30,4304.900000,4324.000000,4300.000000,4301.550000,2196
2020-02-11T15:15:00+05:30,4301.550000,4306.250000,4290.000000,4300.000000,2656
2020-02-12T09:15:00+05:30,4292.000000,4354.000000,4292.000000,4339.900000,1912
2020-02-12T09:30:00+05:30,4339.900000,4385.000000,4329.750000,4368.950000,11577
2020-02-12T09:45:00+05:30,4368.900000,4369.000000,4340.350000,4340.850000,865
2020-02-12T10:00:00+05:30,4352.000000,4377.000000,4352.000000,4377.000000,2290
2020-02-12T10:15:00+05:30,4377.000000,4393.000000,4360.000000,4367.450000,1896
2020-02-12T10:30:00+05:30,4367.450000,4379.000000,4367.450000,4373.000000,527
2020-02-12T10:45:00+05:30,4373.000000,4374.000000,4350.000000,4350.000000,650
2020-02-12T11:00:00+05:30,4345.000000,4350.450000,4333.000000,4337.150000,826
2020-02-12T11:15:00+05:30,4337.150000,4337.150000,4325.000000,4334.000000,461
2020-02-12T11:30:00+05:30,4334.000000,4336.250000,4328.300000,4330.000000,197
2020-02-12T11:45:00+05:30,4330.000000,4344.250000,4325.000000,4344.250000,1083
2020-02-12T12:00:00+05:30,4343.400000,4345.250000,4325.000000,4336.050000,447
2020-02-12T12:15:00+05:30,4338.000000,4350.000000,4336.050000,4341.100000,538
2020-02-12T12:30:00+05:30,4341.100000,4347.850000,4339.900000,4339.900000,664
2020-02-12T12:45:00+05:30,4339.900000,4349.950000,4339.500000,4349.950000,1028
2020-02-12T13:00:00+05:30,4349.950000,4349.950000,4341.000000,4343.050000,100
2020-02-12T13:15:00+05:30,4343.050000,4353.800000,4343.000000,4343.000000,932
2020-02-12T13:30:00+05:30,4343.000000,4350.000000,4343.000000,4345.300000,182
2020-02-12T13:45:00+05:30,4345.300000,4375.000000,4345.200000,4367.000000,1033
2020-02-12T14:00:00+05:30,4367.000000,4369.750000,4344.000000,4350.500000,1218
2020-02-12T14:15:00+05:30,4350.500000,4360.000000,4350.000000,4356.950000,270
2020-02-12T14:30:00+05:30,4356.950000,4367.550000,4350.000000,4358.050000,777
2020-02-12T14:45:00+05:30,4361.400000,4380.000000,4350.000000,4376.000000,1563
2020-02-12T15:00:00+05:30,4376.000000,4490.000000,4373.550000,4477.000000,26745
2020-02-12T15:15:00+05:30,4480.450000,4494.000000,4460.000000,4490.000000,13314
2020-02-13T09:15:00+05:30,4530.000000,4624.000000,4520.000000,4555.000000,20712
2020-02-13T09:30:00+05:30,4555.000000,4574.000000,4525.000000,4557.800000,4766
2020-02-13T09:45:00+05:30,4557.800000,4570.000000,4543.500000,4548.850000,2003
2020-02-13T10:00:00+05:30,4548.550000,4595.000000,4542.000000,4592.000000,3083
2020-02-13T10:15:00+05:30,4592.000000,4592.000000,4562.400000,4567.000000,1231
2020-02-13T10:30:00+05:30,4567.000000,4570.000000,4550.400000,4551.750000,800
2020-02-13T10:45:00+05:30,4551.750000,4561.200000,4547.000000,4560.000000,1132
2020-02-13T11:00:00+05:30,4562.950000,4565.000000,4560.000000,4564.000000,840
2020-02-13T11:15:00+05:30,4564.000000,4564.000000,4551.000000,4551.850000,672
2020-02-13T11:30:00+05:30,4551.850000,4565.000000,4551.350000,4564.000000,867
2020-02-13T11:45:00+05:30,4562.950000,4565.000000,4560.000000,4561.150000,752
2020-02-13T12:00:00+05:30,4561.000000,4564.900000,4530.000000,4534.850000,1863
2020-02-13T12:15:00+05:30,4534.850000,4550.000000,4531.000000,4549.950000,661
2020-02-13T12:30:00+05:30,4549.950000,4559.850000,4544.950000,4544.950000,1101
2020-02-13T12:45:00+05:30,4544.950000,4546.000000,4515.150000,4520.000000,2276
2020-02-13T13:00:00+05:30,4520.000000,4533.950000,4517.000000,4520.000000,3297
2020-02-13T13:15:00+05:30,4519.950000,4525.900000,4515.850000,4520.000000,1417
2020-02-13T13:30:00+05:30,4520.000000,4536.000000,4515.850000,4530.000000,6316
2020-02-13T13:45:00+05:30,4530.000000,4530.000000,4516.000000,4520.000000,2098
2020-02-13T14:00:00+05:30,4520.000000,4528.950000,4518.000000,4519.200000,934
2020-02-13T14:15:00+05:30,4519.200000,4560.000000,4518.950000,4545.000000,3591
2020-02-13T14:30:00+05:30,4545.000000,4590.000000,4545.000000,4579.000000,4545
2020-02-13T14:45:00+05:30,4579.000000,4580.000000,4552.550000,4564.950000,2243
2020-02-13T15:00:00+05:30,4564.950000,4596.700000,4555.700000,4590.050000,5965
2020-02-13T15:15:00+05:30,4592.850000,4600.000000,4575.450000,4580.000000,7619
2020-02-14T09:15:00+05:30,4622.000000,4625.000000,4565.050000,4570.000000,9287
2020-02-14T09:30:00+05:30,4566.000000,4585.000000,4566.000000,4577.650000,1475
2020-02-14T09:45:00+05:30,4577.650000,4577.650000,4485.000000,4520.500000,3902
2020-02-14T10:00:00+05:30,4520.500000,4550.000000,4520.000000,4533.500000,1210
2020-02-14T10:15:00+05:30,4542.900000,4584.000000,4537.400000,4571.200000,2522
2020-02-14T10:30:00+05:30,4571.200000,4578.900000,4551.950000,4558.300000,796
2020-02-14T10:45:00+05:30,4562.400000,4575.000000,4544.150000,4545.800000,845
2020-02-14T11:00:00+05:30,4545.800000,4554.000000,4533.000000,4545.300000,993
2020-02-14T11:15:00+05:30,4545.300000,4550.000000,4511.250000,4542.150000,1159
2020-02-14T11:30:00+05:30,4542.150000,4551.000000,4530.000000,4551.000000,1288
2020-02-14T11:45:00+05:30,4550.700000,4580.000000,4550.000000,4576.200000,1744
2020-02-14T12:00:00+05:30,4576.200000,4579.950000,4552.900000,4556.900000,400
2020-02-14T12:15:00+05:30,4556.900000,4560.000000,4554.150000,4559.950000,232
2020-02-14T12:30:00+05:30,4559.950000,4560.000000,4548.000000,4555.700000,1171
2020-02-14T12:45:00+05:30,4555.700000,4557.100000,4540.100000,4552.400000,397
2020-02-14T13:00:00+05:30,4552.400000,4552.800000,4541.000000,4550.950000,617
2020-02-14T13:15:00+05:30,4550.950000,4552.000000,4536.250000,4549.650000,460
2020-02-14T13:30:00+05:30,4549.650000,4555.000000,4530.100000,4543.100000,1922
2020-02-14T13:45:00+05:30,4543.100000,4555.000000,4543.100000,4555.000000,1222
2020-02-14T14:00:00+05:30,4555.000000,4589.000000,4362.250000,4374.000000,46882
2020-02-14T14:15:00+05:30,4374.100000,4380.000000,4195.000000,4238.100000,48555
2020-02-14T14:30:00+05:30,4256.000000,4260.000000,4177.850000,4233.150000,29624
2020-02-14T14:45:00+05:30,4233.150000,4290.800000,4220.500000,4238.050000,24007
2020-02-14T15:00:00+05:30,4243.000000,4250.000000,4190.000000,4193.000000,17123
2020-02-14T15:15:00+05:30,4197.000000,4198.900000,4150.000000,4172.000000,18793
2020-02-17T09:15:00+05:30,4176.000000,4244.850000,4091.200000,4095.000000,12306
2020-02-17T09:30:00+05:30,4095.000000,4095.000000,4022.750000,4086.150000,11603
2020-02-17T09:45:00+05:30,4079.600000,4110.000000,4075.000000,4106.900000,2933
2020-02-17T10:00:00+05:30,4106.900000,4124.650000,4100.000000,4110.250000,1826
2020-02-17T10:15:00+05:30,4110.250000,4110.250000,4060.000000,4071.000000,2533
2020-02-17T10:30:00+05:30,4075.000000,4086.000000,4069.300000,4077.950000,2292
2020-02-17T10:45:00+05:30,4077.950000,4097.950000,4067.000000,4097.950000,824
2020-02-17T11:00:00+05:30,4097.950000,4148.000000,4092.000000,4125.000000,2814
2020-02-17T11:15:00+05:30,4125.000000,4125.000000,4090.200000,4104.000000,845
2020-02-17T11:30:00+05:30,4104.000000,4119.000000,4086.550000,4094.950000,892
2020-02-17T11:45:00+05:30,4094.950000,4097.000000,4075.000000,4079.500000,1053
2020-02-17T12:00:00+05:30,4079.500000,4099.900000,4076.250000,4090.000000,866
2020-02-17T12:15:00+05:30,4090.000000,4090.000000,4063.000000,4065.000000,1555
2020-02-17T12:30:00+05:30,4065.000000,4074.450000,4050.000000,4062.000000,3214
2020-02-17T12:45:00+05:30,4060.000000,4065.000000,4044.450000,4050.000000,1266
2020-02-17T13:00:00+05:30,4050.000000,4062.800000,4025.000000,4038.800000,4105
2020-02-17T13:15:00+05:30,4038.800000,4038.800000,4000.000000,4029.250000,6756
2020-02-17T13:30:00+05:30,4029.250000,4035.000000,4021.900000,4030.000000,1078
2020-02-17T13:45:00+05:30,4030.000000,4056.000000,4030.000000,4037.000000,1825
2020-02-17T14:00:00+05:30,4037.000000,4045.000000,4021.250000,4025.000000,893
2020-02-17T14:15:00+05:30,4025.000000,4045.000000,4020.000000,4037.150000,1611
2020-02-17T14:30:00+05:30,4037.150000,4041.750000,4027.100000,4030.000000,730
2020-02-17T14:45:00+05:30,4030.000000,4060.000000,4030.000000,4057.000000,1723
2020-02-17T15:00:00+05:30,4057.000000,4060.000000,4020.250000,4049.950000,2322
2020-02-17T15:15:00+05:30,4049.950000,4061.500000,4015.000000,4019.800000,5462
2020-02-18T09:15:00+05:30,4040.000000,4097.000000,4012.100000,4092.000000,4890
2020-02-18T09:30:00+05:30,4092.000000,4144.600000,4071.850000,4129.550000,9325
2020-02-18T09:45:00+05:30,4129.550000,4132.900000,4092.000000,4104.950000,3551
2020-02-18T10:00:00+05:30,4104.950000,4133.300000,4104.950000,4127.200000,1496
2020-02-18T10:15:00+05:30,4127.200000,4150.000000,4093.300000,4099.000000,3759
2020-02-18T10:30:00+05:30,4099.000000,4108.450000,4095.300000,4100.000000,668
2020-02-18T10:45:00+05:30,4096.000000,4103.000000,4092.300000,4093.900000,946
2020-02-18T11:00:00+05:30,4093.900000,4099.850000,4076.050000,4093.950000,2409
2020-02-18T11:15:00+05:30,4093.950000,4094.950000,4086.000000,4090.000000,1673
2020-02-18T11:30:00+05:30,4091.450000,4110.000000,4085.000000,4109.900000,1161
2020-02-18T11:45:00+05:30,4109.900000,4109.900000,4100.000000,4100.000000,693
2020-02-18T12:00:00+05:30,4100.000000,4109.900000,4100.000000,4101.950000,483
2020-02-18T12:15:00+05:30,4101.950000,4109.550000,4100.000000,4108.500000,321
2020-02-18T12:30:00+05:30,4108.950000,4109.000000,4100.000000,4109.000000,646
2020-02-18T12:45:00+05:30,4109.000000,4145.000000,4106.200000,4140.000000,2263
2020-02-18T13:00:00+05:30,4140.000000,4179.900000,4137.550000,4145.000000,4800
2020-02-18T13:15:00+05:30,4147.400000,4174.000000,4141.000000,4173.950000,2606
2020-02-18T13:30:00+05:30,4173.950000,4174.000000,4150.050000,4156.100000,2382
2020-02-18T13:45:00+05:30,4156.000000,4167.000000,4133.000000,4150.000000,1713
2020-02-18T14:00:00+05:30,4152.000000,4160.000000,4128.600000,4137.000000,1261
2020-02-18T14:15:00+05:30,4140.000000,4150.000000,4134.250000,4150.000000,634
2020-02-18T14:30:00+05:30,4149.750000,4170.000000,4140.000000,4143.050000,1891
2020-02-18T14:45:00+05:30,4143.050000,4164.900000,4135.550000,4156.000000,1141
2020-02-18T15:00:00+05:30,4156.000000,4156.400000,4111.550000,4114.900000,3475
2020-02-18T15:15:00+05:30,4114.900000,4145.000000,4112.400000,4140.000000,3753
2020-02-19T09:15:00+05:30,4178.800000,4199.000000,4154.100000,4186.000000,3484
2020-02-19T09:30:00+05:30,4188.000000,4188.000000,4160.450000,4161.950000,1918
2020-02-19T09:45:00+05:30,4161.950000,4188.000000,4161.950000,4185.000000,835
2020-02-19T10:00:00+05:30,4185.000000,4188.000000,4162.050000,4163.000000,1199
2020-02-19T10:15:00+05:30,4163.000000,4249.000000,4161.950000,4210.900000,6440
2020-02-19T10:30:00+05:30,4210.900000,4240.400000,4210.900000,4227.000000,1249
2020-02-19T10:45:00+05:30,4227.000000,4275.200000,4223.750000,4275.000000,9267
2020-02-19T11:00:00+05:30,4275.000000,4275.000000,4225.000000,4237.350000,1474
2020-02-19T11:15:00+05:30,4237.350000,4260.000000,4237.350000,4252.500000,845
2020-02-19T11:30:00+05:30,4252.500000,4258.350000,4237.000000,4239.800000,891
2020-02-19T11:45:00+05:30,4239.800000,4239.800000,4233.100000,4238.150000,327
2020-02-19T12:00:00+05:30,4234.550000,4250.100000,4233.000000,4248.100000,488
2020-02-19T12:15:00+05:30,4248.100000,4248.500000,4230.050000,4235.200000,475
2020-02-19T12:30:00+05:30,4235.200000,4238.350000,4231.000000,4231.000000,469
2020-02-19T12:45:00+05:30,4231.000000,4234.450000,4225.000000,4225.000000,719
2020-02-19T13:00:00+05:30,4225.000000,4225.000000,4188.000000,4188.000000,1811
2020-02-19T13:15:00+05:30,4188.000000,4222.950000,4185.000000,4203.400000,1438
2020-02-19T13:30:00+05:30,4203.400000,4208.750000,4195.000000,4205.100000,987
2020-02-19T13:45:00+05:30,4205.100000,4215.100000,4197.800000,4209.700000,1388
2020-02-19T14:00:00+05:30,4209.700000,4211.850000,4206.000000,4206.000000,429
2020-02-19T14:15:00+05:30,4206.000000,4212.300000,4206.000000,4212.000000,370
2020-02-19T14:30:00+05:30,4212.000000,4241.000000,4207.050000,4240.000000,2021
2020-02-19T14:45:00+05:30,4240.000000,4246.350000,4226.300000,4239.050000,1605
2020-02-19T15:00:00+05:30,4235.800000,4240.000000,4220.000000,4222.200000,1459
2020-02-19T15:15:00+05:30,4221.000000,4240.000000,4190.000000,4209.950000,3648
2020-02-20T09:15:00+05:30,4230.000000,4264.500000,4230.000000,4235.050000,2108
2020-02-20T09:30:00+05:30,4235.050000,4249.000000,4221.000000,4226.850000,1720
2020-02-20T09:45:00+05:30,4226.850000,4226.850000,4193.000000,4214.950000,1820
2020-02-20T10:00:00+05:30,4214.950000,4214.950000,4199.950000,4205.000000,800
2020-02-20T10:15:00+05:30,4205.000000,4205.000000,4196.800000,4196.800000,481
2020-02-20T10:30:00+05:30,4196.800000,4210.750000,4190.000000,4210.750000,827
2020-02-20T10:45:00+05:30,4210.750000,4236.000000,4210.000000,4236.000000,712
2020-02-20T11:00:00+05:30,4236.000000,4240.000000,4221.700000,4233.550000,303
2020-02-20T11:15:00+05:30,4233.550000,4233.550000,4215.600000,4227.250000,298
2020-02-20T11:30:00+05:30,4227.250000,4234.550000,4225.100000,4234.550000,380
2020-02-20T11:45:00+05:30,4234.550000,4236.850000,4228.850000,4229.550000,221
2020-02-20T12:00:00+05:30,4230.000000,4238.000000,4228.750000,4236.900000,463
2020-02-20T12:15:00+05:30,4236.900000,4236.900000,4228.850000,4228.850000,136
2020-02-20T12:30:00+05:30,4234.600000,4234.600000,4203.650000,4204.150000,725
2020-02-20T12:45:00+05:30,4204.150000,4215.100000,4200.000000,4200.000000,715
2020-02-20T13:00:00+05:30,4200.000000,4215.000000,4190.050000,4210.350000,354
2020-02-20T13:15:00+05:30,4210.350000,4210.750000,4195.000000,4199.000000,364
2020-02-20T13:30:00+05:30,4199.000000,4207.400000,4195.000000,4207.400000,66
2020-02-20T13:45:00+05:30,4207.400000,4207.400000,4198.000000,4203.750000,158
2020-02-20T14:00:00+05:30,4203.750000,4209.950000,4200.000000,4206.250000,145
2020-02-20T14:15:00+05:30,4199.300000,4209.900000,4199.300000,4202.400000,337
2020-02-20T14:30:00+05:30,4202.400000,4215.000000,4194.000000,4204.750000,402
2020-02-20T14:45:00+05:30,4204.750000,4210.000000,4177.000000,4181.100000,1034
2020-02-20T15:00:00+05:30,4180.650000,4200.000000,4175.000000,4183.000000,1920
2020-02-20T15:15:00+05:30,4183.000000,4200.000000,4180.000000,4192.000000,2215
2020-02-24T09:15:00+05:30,4180.000000,4180.000000,4126.000000,4144.000000,1950
2020-02-24T09:30:00+05:30,4144.000000,4161.800000,4140.000000,4158.350000,1352
2020-02-24T09:45:00+05:30,4158.350000,4162.350000,4140.950000,4155.850000,465
2020-02-24T10:00:00+05:30,4155.850000,4159.800000,4150.000000,4157.850000,217
2020-02-24T10:15:00+05:30,4157.850000,4157.900000,4150.000000,4154.400000,203
2020-02-24T10:30:00+05:30,4154.400000,4159.900000,4140.000000,4143.800000,985
2020-02-24T10:45:00+05:30,4143.800000,4151.000000,4140.050000,4147.150000,286
2020-02-24T11:00:00+05:30,4147.150000,4151.150000,4135.600000,4143.350000,270
2020-02-24T11:15:00+05:30,4143.900000,4158.700000,4136.650000,4158.700000,329
2020-02-24T11:30:00+05:30,4158.700000,4158.700000,4145.450000,4155.000000,5335
2020-02-24T11:45:00+05:30,4155.000000,4165.000000,4155.000000,4160.000000,387
2020-02-24T12:00:00+05:30,4160.000000,4165.000000,4160.000000,4165.000000,428
2020-02-24T12:15:00+05:30,4163.000000,4165.000000,4155.050000,4162.350000,221
2020-02-24T12:30:00+05:30,4162.350000,4164.800000,4153.700000,4158.000000,592
2020-02-24T12:45:00+05:30,4158.000000,4165.000000,4158.000000,4162.350000,184
2020-02-24T13:00:00+05:30,4162.350000,4166.200000,4159.650000,4165.900000,616
2020-02-24T13:15:00+05:30,4165.900000,4183.850000,4161.000000,4183.850000,922
2020-02-24T13:30:00+05:30,4183.850000,4214.950000,4160.000000,4167.000000,3294
2020-02-24T13:45:00+05:30,4167.000000,4173.150000,4164.950000,4170.000000,186
2020-02-24T14:00:00+05:30,4170.000000,4177.650000,4160.050000,4165.000000,189
2020-02-24T14:15:00+05:30,4165.000000,4169.500000,4150.200000,4169.500000,3999
2020-02-24T14:30:00+05:30,4169.500000,4196.400000,4160.000000,4181.050000,6678
2020-02-24T14:45:00+05:30,4181.050000,4182.950000,4162.000000,4162.200000,414
2020-02-24T15:00:00+05:30,4162.200000,4162.200000,4150.200000,4158.150000,2082
2020-02-24T15:15:00+05:30,4158.550000,4180.000000,4147.200000,4175.000000,3056
2020-02-25T09:15:00+05:30,4133.000000,4171.950000,4127.850000,4165.900000,1298
2020-02-25T09:30:00+05:30,4165.900000,4182.100000,4161.000000,4170.000000,1465
2020-02-25T09:45:00+05:30,4170.000000,4175.000000,4157.250000,4168.700000,5041
2020-02-25T10:00:00+05:30,4174.550000,4174.550000,4157.100000,4159.800000,276
2020-02-25T10:15:00+05:30,4159.800000,4170.400000,4158.750000,4170.400000,502
2020-02-25T10:30:00+05:30,4170.400000,4172.900000,4158.100000,4165.000000,272
2020-02-25T10:45:00+05:30,4168.000000,4170.000000,4159.050000,4161.100000,240
2020-02-25T11:00:00+05:30,4161.100000,4165.750000,4160.000000,4160.050000,100
2020-02-25T11:15:00+05:30,4160.050000,4165.250000,4159.050000,4165.250000,71
2020-02-25T11:30:00+05:30,4165.250000,4165.650000,4160.000000,4160.200000,77
2020-02-25T11:45:00+05:30,4160.200000,4172.750000,4159.050000,4166.200000,562
2020-02-25T12:00:00+05:30,4164.000000,4170.050000,4159.100000,4159.100000,1156
2020-02-25T12:15:00+05:30,4159.100000,4161.300000,4152.250000,4157.000000,678
2020-02-25T12:30:00+05:30,4157.000000,4161.850000,4156.450000,4160.000000,503
2020-02-25T12:45:00+05:30,4160.000000,4162.000000,4157.100000,4157.600000,496
2020-02-25T13:00:00+05:30,4157.600000,4161.500000,4157.600000,4158.750000,285
2020-02-25T13:15:00+05:30,4158.750000,4165.300000,4158.750000,4163.350000,144
2020-02-25T13:30:00+05:30,4163.350000,4165.000000,4158.750000,4160.600000,162
2020-02-25T13:45:00+05:30,4160.600000,4165.000000,4157.100000,4162.000000,301
2020-02-25T14:00:00+05:30,4162.000000,4162.950000,4157.150000,4160.000000,695
2020-02-25T14:15:00+05:30,4160.000000,4163.250000,4156.500000,4157.200000,306
2020-02-25T14:30:00+05:30,4157.200000,4160.550000,4156.150000,4158.350000,2184
2020-02-25T14:45:00+05:30,4160.000000,4163.250000,4156.350000,4160.000000,793
2020-02-25T15:00:00+05:30,4160.000000,4161.100000,4156.100000,4158.700000,1570
2020-02-25T15:15:00+05:30,4158.600000,4175.000000,4155.050000,4161.000000,2403
2020-02-26T09:15:00+05:30,4159.500000,4198.350000,4148.100000,4172.400000,2980
2020-02-26T09:30:00+05:30,4172.400000,4175.950000,4163.000000,4175.000000,954
2020-02-26T09:45:00+05:30,4168.050000,4173.500000,4162.000000,4162.000000,724
2020-02-26T10:00:00+05:30,4162.000000,4168.700000,4160.000000,4160.000000,631
2020-02-26T10:15:00+05:30,4160.000000,4219.000000,4160.000000,4203.000000,3743
2020-02-26T10:30:00+05:30,4203.000000,4220.050000,4195.500000,4199.800000,1211
2020-02-26T10:45:00+05:30,4199.800000,4217.850000,4196.100000,4217.800000,1059
2020-02-26T11:00:00+05:30,4217.800000,4260.000000,4214.500000,4251.450000,4102
2020-02-26T11:15:00+05:30,4256.800000,4257.300000,4240.050000,4250.000000,1919
2020-02-26T11:30:00+05:30,4250.000000,4269.950000,4233.050000,4240.000000,4599
2020-02-26T11:45:00+05:30,4234.750000,4247.500000,4234.750000,4241.050000,715
2020-02-26T12:00:00+05:30,4242.450000,4245.000000,4235.550000,4245.000000,691
2020-02-26T12:15:00+05:30,4245.000000,4261.700000,4242.850000,4261.700000,1372
2020-02-26T12:30:00+05:30,4261.700000,4287.000000,4261.000000,4273.400000,3854
2020-02-26T12:45:00+05:30,4273.400000,4273.400000,4252.050000,4257.000000,1542
2020-02-26T13:00:00+05:30,4260.000000,4269.000000,4257.000000,4265.000000,941
2020-02-26T13:15:00+05:30,4265.000000,4275.000000,4226.000000,4228.050000,1512
2020-02-26T13:30:00+05:30,4228.050000,4253.500000,4226.200000,4238.000000,1819
2020-02-26T13:45:00+05:30,4238.000000,4240.350000,4226.050000,4231.000000,430
2020-02-26T14:00:00+05:30,4231.000000,4235.000000,4181.000000,4192.000000,2400
2020-02-26T14:15:00+05:30,4192.000000,4206.000000,4186.000000,4191.000000,1610
2020-02-26T14:30:00+05:30,4190.050000,4190.500000,4168.350000,4184.000000,908
2020-02-26T14:45:00+05:30,4184.000000,4193.000000,4172.000000,4191.950000,839
2020-02-26T15:00:00+05:30,4191.950000,4193.000000,4160.000000,4190.000000,2049
2020-02-26T15:15:00+05:30,4190.000000,4209.000000,4172.200000,4200.000000,2335
2020-02-27T09:15:00+05:30,4203.000000,4244.000000,4203.000000,4214.200000,1787
2020-02-27T09:30:00+05:30,4214.200000,4220.000000,4199.000000,4199.000000,880
2020-02-27T09:45:00+05:30,4199.000000,4202.850000,4176.500000,4181.000000,1432
2020-02-27T10:00:00+05:30,4181.000000,4182.100000,4150.000000,4155.000000,1741
2020-02-27T10:15:00+05:30,4155.000000,4172.350000,4152.050000,4160.000000,688
2020-02-27T10:30:00+05:30,4160.000000,4163.900000,4130.000000,4151.700000,994
2020-02-27T10:45:00+05:30,4151.700000,4189.950000,4151.050000,4179.400000,1161
2020-02-27T11:00:00+05:30,4175.300000,4185.150000,4160.000000,4167.250000,436
2020-02-27T11:15:00+05:30,4167.250000,4198.000000,4162.000000,4191.600000,646
2020-02-27T11:30:00+05:30,4191.600000,4198.900000,4180.000000,4180.450000,427
2020-02-27T11:45:00+05:30,4182.300000,4199.000000,4182.300000,4184.150000,479
2020-02-27T12:00:00+05:30,4184.150000,4184.150000,4172.600000,4174.000000,7955
2020-02-27T12:15:00+05:30,4174.000000,4184.700000,4174.000000,4183.050000,156
2020-02-27T12:30:00+05:30,4183.050000,4184.750000,4170.000000,4178.550000,191
2020-02-27T12:45:00+05:30,4178.550000,4196.950000,4172.050000,4195.500000,347
2020-02-27T13:00:00+05:30,4195.500000,4197.000000,4188.850000,4194.850000,180
2020-02-27T13:15:00+05:30,4194.850000,4194.900000,4185.000000,4188.850000,152
2020-02-27T13:30:00+05:30,4188.850000,4190.000000,4184.000000,4188.550000,208
2020-02-27T13:45:00+05:30,4188.550000,4188.550000,4160.500000,4174.950000,353
2020-02-27T14:00:00+05:30,4174.950000,4179.950000,4163.200000,4164.550000,507
2020-02-27T14:15:00+05:30,4164.550000,4174.000000,4164.550000,4167.350000,197
2020-02-27T14:30:00+05:30,4167.350000,4184.000000,4167.350000,4172.000000,720
2020-02-27T14:45:00+05:30,4172.000000,4183.450000,4164.000000,4168.000000,653
2020-02-27T15:00:00+05:30,4168.000000,4170.800000,4160.000000,4166.050000,1146
2020-02-27T15:15:00+05:30,4166.050000,4183.000000,4135.000000,4155.000000,2111
2020-02-28T09:15:00+05:30,4110.000000,4147.150000,4100.000000,4120.300000,2243
2020-02-28T09:30:00+05:30,4120.300000,4146.700000,4111.000000,4125.000000,1102
2020-02-28T09:45:00+05:30,4125.000000,4126.850000,4095.350000,4100.700000,1648
2020-02-28T10:00:00+05:30,4100.600000,4130.000000,4088.050000,4129.550000,1091
2020-02-28T10:15:00+05:30,4129.550000,4132.450000,4115.500000,4125.150000,369
2020-02-28T10:30:00+05:30,4127.000000,4127.000000,4115.000000,4127.000000,381
2020-02-28T10:45:00+05:30,4127.000000,4127.000000,4119.250000,4124.800000,135
2020-02-28T11:00:00+05:30,4124.800000,4127.000000,4112.050000,4127.000000,563
2020-02-28T11:15:00+05:30,4122.300000,4135.000000,4110.000000,4135.000000,307
2020-02-28T11:30:00+05:30,4135.000000,4145.050000,4130.950000,4140.400000,476
2020-02-28T11:45:00+05:30,4135.600000,4144.050000,4125.000000,4130.000000,216
2020-02-28T12:00:00+05:30,4130.000000,4130.300000,4100.850000,4112.000000,980
2020-02-28T12:15:00+05:30,4112.000000,4117.100000,4100.400000,4109.950000,271
2020-02-28T12:30:00+05:30,4106.850000,4117.500000,4103.000000,4115.000000,389
2020-02-28T12:45:00+05:30,4115.000000,4117.500000,4104.850000,4111.900000,845
2020-02-28T13:00:00+05:30,4111.900000,4115.000000,4108.050000,4115.000000,379
2020-02-28T13:15:00+05:30,4115.000000,4115.000000,4109.700000,4114.750000,81
2020-02-28T13:30:00+05:30,4114.750000,4119.000000,4112.800000,4116.000000,254
2020-02-28T13:45:00+05:30,4116.000000,4130.150000,4112.050000,4129.250000,551
2020-02-28T14:00:00+05:30,4129.250000,4129.800000,4115.000000,4119.600000,998
2020-02-28T14:15:00+05:30,4119.600000,4119.600000,4055.800000,4076.800000,4877
2020-02-28T14:30:00+05:30,4076.800000,4095.950000,4057.000000,4091.600000,729
2020-02-28T14:45:00+05:30,4092.100000,4092.850000,4066.000000,4071.000000,968
2020-02-28T15:00:00+05:30,4070.500000,4198.400000,4070.500000,4198.400000,6211
2020-02-28T15:15:00+05:30,4198.800000,4244.750000,4198.800000,4225.000000,7136
2020-03-02T09:15:00+05:30,4195.000000,4249.550000,4195.000000,4239.200000,1870
2020-03-02T09:30:00+05:30,4239.200000,4290.000000,4230.850000,4257.900000,3143
2020-03-02T09:45:00+05:30,4258.250000,4265.000000,4230.000000,4256.700000,959
2020-03-02T10:00:00+05:30,4256.700000,4259.850000,4205.000000,4225.100000,1148
2020-03-02T10:15:00+05:30,4225.100000,4229.950000,4207.950000,4226.850000,421
2020-03-02T10:30:00+05:30,4215.000000,4237.550000,4215.000000,4230.550000,433
2020-03-02T10:45:00+05:30,4230.800000,4240.000000,4225.100000,4229.350000,525
2020-03-02T11:00:00+05:30,4229.350000,4237.700000,4226.600000,4226.650000,202
2020-03-02T11:15:00+05:30,4226.600000,4232.900000,4226.600000,4226.700000,315
2020-03-02T11:30:00+05:30,4226.700000,4231.050000,4226.650000,4226.800000,440
2020-03-02T11:45:00+05:30,4226.800000,4234.000000,4226.650000,4231.000000,505
2020-03-02T12:00:00+05:30,4231.000000,4236.000000,4226.650000,4233.000000,602
2020-03-02T12:15:00+05:30,4233.000000,4239.950000,4233.000000,4233.050000,1156
2020-03-02T12:30:00+05:30,4233.050000,4235.850000,4209.000000,4213.150000,654
2020-03-02T12:45:00+05:30,4213.150000,4219.950000,4205.200000,4209.150000,369
2020-03-02T13:00:00+05:30,4209.150000,4219.400000,4207.850000,4213.350000,297
2020-03-02T13:15:00+05:30,4213.350000,4224.300000,4212.600000,4220.100000,388
2020-03-02T13:30:00+05:30,4220.100000,4228.500000,4217.100000,4228.500000,195
2020-03-02T13:45:00+05:30,4228.500000,4229.000000,4215.450000,4222.350000,193
2020-03-02T14:00:00+05:30,4222.350000,4228.500000,4220.000000,4220.000000,347
2020-03-02T14:15:00+05:30,4220.000000,4235.950000,4220.000000,4220.500000,410
2020-03-02T14:30:00+05:30,4220.500000,4227.900000,4200.000000,4200.000000,780
2020-03-02T14:45:00+05:30,4188.050000,4205.900000,4180.250000,4190.000000,768
2020-03-02T15:00:00+05:30,4190.000000,4275.100000,4188.900000,4255.250000,5720
2020-03-02T15:15:00+05:30,4258.150000,4258.600000,4226.100000,4230.000000,4882
2020-03-03T09:15:00+05:30,4247.100000,4320.450000,4247.100000,4320.450000,4147
2020-03-03T09:30:00+05:30,4320.450000,4893.800000,4320.450000,4779.900000,252279
2020-03-03T09:45:00+05:30,4775.050000,4780.000000,4533.250000,4573.450000,120483
2020-03-03T10:00:00+05:30,4578.900000,4601.000000,4556.550000,4590.000000,23609
2020-03-03T10:15:00+05:30,4588.100000,4589.950000,4452.500000,4462.000000,32613
2020-03-03T10:30:00+05:30,4462.000000,4512.650000,4460.000000,4511.650000,15801
2020-03-03T10:45:00+05:30,4510.000000,4515.000000,4455.200000,4487.350000,8814
2020-03-03T11:00:00+05:30,4487.350000,4525.000000,4475.000000,4485.000000,7129
2020-03-03T11:15:00+05:30,4485.000000,4511.900000,4475.000000,4475.300000,4325
2020-03-03T11:30:00+05:30,4475.300000,4477.550000,4405.150000,4430.000000,13226
2020-03-03T11:45:00+05:30,4430.000000,4433.000000,4405.000000,4425.000000,6773
2020-03-03T12:00:00+05:30,4425.000000,4454.950000,4420.150000,4449.650000,5321
2020-03-03T12:15:00+05:30,4449.650000,4463.300000,4435.000000,4455.000000,3388
2020-03-03T12:30:00+05:30,4455.000000,4466.000000,4452.100000,4452.100000,3657
2020-03-03T12:45:00+05:30,4445.000000,4463.800000,4430.050000,4460.000000,3483
2020-03-03T13:00:00+05:30,4460.000000,4467.000000,4435.800000,4460.000000,3239
2020-03-03T13:15:00+05:30,4460.000000,4462.000000,4443.100000,4462.000000,1279
2020-03-03T13:30:00+05:30,4460.000000,4516.000000,4455.000000,4516.000000,9485
2020-03-03T13:45:00+05:30,4518.000000,4574.150000,4514.000000,4548.000000,16595
2020-03-03T14:00:00+05:30,4548.000000,4554.250000,4515.000000,4520.000000,7597
2020-03-03T14:15:00+05:30,4517.900000,4519.900000,4433.350000,4446.500000,11853
2020-03-03T14:30:00+05:30,4446.500000,4489.000000,4445.000000,4477.500000,4834
2020-03-03T14:45:00+05:30,4477.500000,4481.000000,4435.000000,4465.000000,7022
2020-03-03T15:00:00+05:30,4466.550000,4475.200000,4366.700000,4393.200000,16234
2020-03-03T15:15:00+05:30,4392.000000,4461.800000,4385.000000,4437.100000,16340
2020-03-04T09:15:00+05:30,4500.000000,4578.250000,4435.000000,4503.400000,27134
2020-03-04T09:30:00+05:30,4503.400000,4513.650000,4392.700000,4416.100000,13247
2020-03-04T09:45:00+05:30,4416.200000,4448.250000,4399.300000,4444.000000,6981
2020-03-04T10:00:00+05:30,4444.950000,4445.950000,4425.650000,4426.000000,2681
2020-03-04T10:15:00+05:30,4427.300000,4428.900000,4401.050000,4419.950000,3966
2020-03-04T10:30:00+05:30,4419.950000,4428.650000,4398.000000,4400.000000,2494
2020-03-04T10:45:00+05:30,4399.550000,4407.200000,4375.250000,4386.050000,4544
2020-03-04T11:00:00+05:30,4386.050000,4395.150000,4377.550000,4390.550000,1620
2020-03-04T11:15:00+05:30,4390.550000,4415.000000,4388.650000,4409.700000,2265
2020-03-04T11:30:00+05:30,4409.700000,4416.900000,4405.500000,4407.950000,1359
2020-03-04T11:45:00+05:30,4407.950000,4428.450000,4405.550000,4412.050000,2196
2020-03-04T12:00:00+05:30,4412.050000,4424.950000,4400.000000,4422.000000,31163
2020-03-04T12:15:00+05:30,4422.000000,4445.000000,4411.550000,4414.250000,2527
2020-03-04T12:30:00+05:30,4413.850000,4432.850000,4410.000000,4417.000000,1538
2020-03-04T12:45:00+05:30,4417.000000,4418.000000,4401.000000,4418.000000,1459
2020-03-04T13:00:00+05:30,4418.000000,4418.000000,4362.000000,4390.550000,2956
2020-03-04T13:15:00+05:30,4391.150000,4409.950000,4386.850000,4392.950000,4391
2020-03-04T13:30:00+05:30,4392.950000,4409.200000,4365.950000,4378.000000,3604
2020-03-04T13:45:00+05:30,4378.000000,4384.650000,4351.900000,4357.950000,2841
2020-03-04T14:00:00+05:30,4357.950000,4385.550000,4343.000000,4369.750000,4166
2020-03-04T14:15:00+05:30,4369.750000,4399.000000,4363.950000,4390.300000,2421
2020-03-04T14:30:00+05:30,4385.800000,4395.000000,4356.050000,4383.900000,2266
2020-03-04T14:45:00+05:30,4383.900000,4425.000000,4377.550000,4417.150000,6917
2020-03-04T15:00:00+05:30,4417.150000,4419.100000,4400.000000,4409.600000,4413
2020-03-04T15:15:00+05:30,4409.600000,4417.950000,4375.000000,4386.000000,10121
2020-03-05T09:15:00+05:30,4453.400000,4481.950000,4407.000000,4417.250000,6809
2020-03-05T09:30:00+05:30,4411.250000,4429.300000,4404.200000,4415.250000,2278
2020-03-05T09:45:00+05:30,4415.250000,4418.950000,4379.000000,4385.000000,3481
2020-03-05T10:00:00+05:30,4385.000000,4387.900000,4376.000000,4380.950000,1726
2020-03-05T10:15:00+05:30,4380.950000,4396.000000,4370.000000,4383.300000,1065
2020-03-05T10:30:00+05:30,4383.300000,4393.400000,4380.000000,4389.100000,759
2020-03-05T10:45:00+05:30,4389.100000,4432.600000,4384.250000,4422.800000,2915
2020-03-05T11:00:00+05:30,4419.050000,4436.950000,4406.650000,4432.750000,1609
2020-03-05T11:15:00+05:30,4432.800000,4433.700000,4424.000000,4433.000000,937
2020-03-05T11:30:00+05:30,4433.000000,4444.000000,4425.200000,4432.900000,1393
2020-03-05T11:45:00+05:30,4432.900000,4433.000000,4410.150000,4420.550000,655
2020-03-05T12:00:00+05:30,4420.550000,4434.500000,4415.000000,4428.850000,562
2020-03-05T12:15:00+05:30,4428.850000,4435.800000,4420.000000,4423.750000,971
2020-03-05T12:30:00+05:30,4423.750000,4429.950000,4404.000000,4413.700000,714
2020-03-05T12:45:00+05:30,4413.700000,4414.050000,4404.550000,4409.700000,372
2020-03-05T13:00:00+05:30,4409.950000,4424.100000,4405.300000,4420.450000,415
2020-03-05T13:15:00+05:30,4420.450000,4423.000000,4416.000000,4418.550000,388
2020-03-05T13:30:00+05:30,4418.550000,4421.600000,4371.800000,4379.800000,1769
2020-03-05T13:45:00+05:30,4379.800000,4404.600000,4370.500000,4397.000000,2773
2020-03-05T14:00:00+05:30,4397.000000,4399.050000,4391.500000,4396.000000,373
2020-03-05T14:15:00+05:30,4396.000000,4419.000000,4392.050000,4402.100000,1167
2020-03-05T14:30:00+05:30,4402.100000,4418.800000,4391.500000,4412.950000,1140
2020-03-05T14:45:00+05:30,4412.950000,4423.000000,4408.000000,4419.800000,839
2020-03-05T15:00:00+05:30,4420.000000,4424.800000,4404.000000,4411.000000,2331
2020-03-05T15:15:00+05:30,4411.000000,4424.000000,4381.700000,4392.000000,4006
2020-03-06T09:15:00+05:30,4380.000000,4380.750000,4211.000000,4310.550000,6062
2020-03-06T09:30:00+05:30,4310.550000,4343.150000,4301.250000,4325.000000,2897
2020-03-06T09:45:00+05:30,4325.000000,4347.250000,4320.000000,4320.750000,1629
2020-03-06T10:00:00+05:30,4320.800000,4358.750000,4320.800000,4345.350000,1946
2020-03-06T10:15:00+05:30,4345.350000,4345.350000,4319.000000,4326.150000,943
2020-03-06T10:30:00+05:30,4326.150000,4326.150000,4294.300000,4305.300000,1560
2020-03-06T10:45:00+05:30,4305.300000,4310.000000,4300.450000,4304.050000,538
2020-03-06T11:00:00+05:30,4304.050000,4321.700000,4303.600000,4307.900000,478
2020-03-06T11:15:00+05:30,4307.750000,4320.750000,4302.400000,4305.150000,596
2020-03-06T11:30:00+05:30,4305.150000,4325.000000,4298.000000,4300.200000,905
2020-03-06T11:45:00+05:30,4300.200000,4322.000000,4300.000000,4315.500000,416
2020-03-06T12:00:00+05:30,4315.500000,4333.000000,4311.400000,4318.700000,700
2020-03-06T12:15:00+05:30,4317.000000,4324.000000,4315.000000,4320.400000,199
2020-03-06T12:30:00+05:30,4320.400000,4333.000000,4320.400000,4322.800000,429
2020-03-06T12:45:00+05:30,4322.500000,4330.000000,4321.000000,4325.000000,328
2020-03-06T13:00:00+05:30,4325.000000,4329.950000,4315.000000,4324.400000,679
2020-03-06T13:15:00+05:30,4324.500000,4342.650000,4322.650000,4337.050000,1381
2020-03-06T13:30:00+05:30,4337.050000,4338.000000,4322.700000,4332.800000,635
2020-03-06T13:45:00+05:30,4332.800000,4339.950000,4325.000000,4339.950000,430
2020-03-06T14:00:00+05:30,4339.950000,4340.000000,4317.850000,4324.900000,1440
2020-03-06T14:15:00+05:30,4324.900000,4340.000000,4322.650000,4332.950000,1065
2020-03-06T14:30:00+05:30,4332.950000,4337.950000,4323.950000,4330.000000,1338
2020-03-06T14:45:00+05:30,4330.000000,4342.150000,4330.000000,4342.050000,482
2020-03-06T15:00:00+05:30,4342.100000,4427.900000,4342.100000,4378.850000,8240
2020-03-06T15:15:00+05:30,4380.200000,4470.000000,4378.100000,4450.000000,7714
2020-03-09T09:15:00+05:30,4401.000000,4439.850000,4370.900000,4393.100000,4282
2020-03-09T09:30:00+05:30,4393.100000,4396.500000,4351.100000,4352.100000,2495
2020-03-09T09:45:00+05:30,4356.400000,4358.950000,4275.000000,4328.000000,4335
2020-03-09T10:00:00+05:30,4328.000000,4339.000000,4292.800000,4330.300000,4152
2020-03-09T10:15:00+05:30,4324.100000,4335.150000,4297.450000,4312.850000,1442
2020-03-09T10:30:00+05:30,4319.300000,4319.300000,4290.100000,4290.100000,1694
2020-03-09T10:45:00+05:30,4293.400000,4310.000000,4275.000000,4305.350000,2735
2020-03-09T11:00:00+05:30,4300.500000,4338.700000,4300.000000,4326.100000,1518
2020-03-09T11:15:00+05:30,4326.100000,4338.000000,4320.000000,4333.850000,852
2020-03-09T11:30:00+05:30,4333.850000,4336.100000,4322.950000,4330.000000,822
2020-03-09T11:45:00+05:30,4330.000000,4332.950000,4319.800000,4326.000000,533
2020-03-09T12:00:00+05:30,4326.000000,4330.000000,4315.000000,4317.500000,592
2020-03-09T12:15:00+05:30,4317.500000,4329.500000,4317.300000,4325.550000,674
2020-03-09T12:30:00+05:30,4325.550000,4325.550000,4308.000000,4315.050000,1446
2020-03-09T12:45:00+05:30,4311.000000,4321.100000,4288.000000,4293.950000,2564
2020-03-09T13:00:00+05:30,4293.950000,4305.400000,4232.300000,4285.300000,4018
2020-03-09T13:15:00+05:30,4285.300000,4309.550000,4277.050000,4295.050000,1854
2020-03-09T13:30:00+05:30,4295.050000,4299.700000,4253.050000,4288.200000,3040
2020-03-09T13:45:00+05:30,4288.600000,4306.500000,4276.500000,4303.950000,2260
2020-03-09T14:00:00+05:30,4300.000000,4319.000000,4295.000000,4300.750000,1515
2020-03-09T14:15:00+05:30,4300.050000,4314.500000,4300.000000,4304.350000,801
2020-03-09T14:30:00+05:30,4303.950000,4308.500000,4300.000000,4303.400000,1002
2020-03-09T14:45:00+05:30,4303.400000,4334.250000,4292.750000,4328.250000,3576
2020-03-09T15:00:00+05:30,4327.300000,4333.500000,4300.000000,4311.000000,3125
2020-03-09T15:15:00+05:30,4311.000000,4311.000000,4296.000000,4300.000000,4366
2020-03-11T09:15:00+05:30,4333.900000,4370.000000,4307.200000,4362.000000,2506
2020-03-11T09:30:00+05:30,4362.000000,4364.850000,4285.000000,4289.950000,1997
2020-03-11T09:45:00+05:30,4289.950000,4298.000000,4260.000000,4267.950000,2250
2020-03-11T10:00:00+05:30,4268.150000,4279.950000,4252.700000,4255.000000,1323
2020-03-11T10:15:00+05:30,4255.000000,4273.700000,4245.000000,4257.550000,1196
2020-03-11T10:30:00+05:30,4262.350000,4262.800000,4230.050000,4243.000000,2876
2020-03-11T10:45:00+05:30,4243.050000,4279.900000,4236.950000,4268.200000,1323
2020-03-11T11:00:00+05:30,4268.200000,4276.950000,4254.000000,4264.850000,502
2020-03-11T11:15:00+05:30,4264.850000,4276.950000,4252.750000,4267.600000,505
2020-03-11T11:30:00+05:30,4267.600000,4288.750000,4251.250000,4278.200000,1070
2020-03-11T11:45:00+05:30,4278.200000,4304.900000,4276.800000,4285.000000,1654
2020-03-11T12:00:00+05:30,4289.900000,4295.650000,4268.050000,4270.250000,1547
2020-03-11T12:15:00+05:30,4270.250000,4278.000000,4263.700000,4272.750000,554
2020-03-11T12:30:00+05:30,4272.750000,4279.000000,4260.000000,4270.000000,783
2020-03-11T12:45:00+05:30,4271.950000,4293.000000,4270.000000,4292.750000,2850
2020-03-11T13:00:00+05:30,4291.750000,4298.000000,4279.650000,4293.050000,1370
2020-03-11T13:15:00+05:30,4293.050000,4297.000000,4273.250000,4295.950000,342
2020-03-11T13:30:00+05:30,4295.950000,4297.000000,4280.000000,4295.000000,427
2020-03-11T13:45:00+05:30,4295.000000,4295.000000,4280.050000,4293.000000,637
2020-03-11T14:00:00+05:30,4292.000000,4295.900000,4280.000000,4290.000000,730
2020-03-11T14:15:00+05:30,4290.000000,4336.950000,4280.050000,4324.900000,2197
2020-03-11T14:30:00+05:30,4322.100000,4324.900000,4300.950000,4323.950000,1375
2020-03-11T14:45:00+05:30,4323.950000,4323.950000,4268.000000,4315.000000,1399
2020-03-11T15:00:00+05:30,4313.400000,4317.300000,4251.250000,4277.950000,2055
2020-03-11T15:15:00+05:30,4274.000000,4285.600000,4250.000000,4269.000000,2882
2020-03-12T09:15:00+05:30,4149.000000,4179.950000,4071.100000,4109.950000,8089
2020-03-12T09:30:00+05:30,4109.950000,4115.650000,4089.850000,4103.750000,2301
2020-03-12T09:45:00+05:30,4103.750000,4108.000000,4066.150000,4087.050000,2469
2020-03-12T10:00:00+05:30,4087.050000,4088.000000,4051.350000,4070.550000,2933
2020-03-12T10:15:00+05:30,4070.550000,4080.000000,4062.000000,4064.950000,983
2020-03-12T10:30:00+05:30,4064.950000,4074.000000,4050.000000,4055.100000,2174
2020-03-12T10:45:00+05:30,4055.100000,4056.700000,4001.100000,4029.150000,2943
2020-03-12T11:00:00+05:30,4029.150000,4029.300000,3950.000000,4019.550000,6526
2020-03-12T11:15:00+05:30,4019.550000,4082.000000,4017.700000,4078.900000,3293
2020-03-12T11:30:00+05:30,4078.900000,4119.950000,4075.150000,4089.600000,3989
2020-03-12T11:45:00+05:30,4089.600000,4100.000000,4064.250000,4080.000000,1862
2020-03-12T12:00:00+05:30,4080.000000,4112.000000,4077.500000,4100.200000,1771
2020-03-12T12:15:00+05:30,4100.200000,4125.000000,4100.000000,4125.000000,3333
2020-03-12T12:30:00+05:30,4125.000000,4125.000000,4091.200000,4093.500000,1936
2020-03-12T12:45:00+05:30,4093.500000,4124.950000,4091.050000,4100.400000,1660
2020-03-12T13:00:00+05:30,4100.250000,4100.250000,4055.000000,4090.000000,2731
2020-03-12T13:15:00+05:30,4090.000000,4096.000000,4075.000000,4091.100000,1692
2020-03-12T13:30:00+05:30,4091.100000,4120.000000,4069.950000,4120.000000,1899
2020-03-12T13:45:00+05:30,4120.000000,4125.000000,4106.600000,4123.250000,1750
2020-03-12T14:00:00+05:30,4123.250000,4134.550000,4098.200000,4098.200000,3286
2020-03-12T14:15:00+05:30,4098.200000,4135.000000,4087.750000,4096.750000,4674
2020-03-12T14:30:00+05:30,4096.750000,4119.000000,4075.000000,4115.000000,3864
2020-03-12T14:45:00+05:30,4115.600000,4148.650000,4115.000000,4133.100000,5688
2020-03-12T15:00:00+05:30,4133.100000,4147.700000,4109.950000,4147.700000,3233
2020-03-12T15:15:00+05:30,4148.000000,4191.500000,4148.000000,4161.000000,5540
2020-03-13T09:15:00+05:30,3815.000000,4036.200000,3736.100000,3870.200000,4625
2020-03-13T10:15:00+05:30,3780.000000,3999.850000,3525.000000,3829.050000,8109
2020-03-13T10:30:00+05:30,3826.050000,4000.000000,3826.050000,3984.000000,6163
2020-03-13T10:45:00+05:30,3982.750000,4087.350000,3901.000000,3920.750000,4783
2020-03-13T11:00:00+05:30,3912.200000,4048.950000,3901.000000,3979.250000,3235
2020-03-13T11:15:00+05:30,3981.000000,4028.000000,3981.000000,4017.000000,2231
2020-03-13T11:30:00+05:30,4017.000000,4028.000000,3984.950000,4021.000000,2004
2020-03-13T11:45:00+05:30,4021.000000,4143.950000,4007.900000,4140.000000,3169
2020-03-13T12:00:00+05:30,4140.000000,4185.000000,4093.400000,4155.750000,3583
2020-03-13T12:15:00+05:30,4155.750000,4198.000000,4150.000000,4192.850000,2557
2020-03-13T12:30:00+05:30,4184.250000,4237.350000,4180.050000,4190.000000,3104
2020-03-13T12:45:00+05:30,4191.000000,4255.000000,4189.300000,4243.100000,3673
2020-03-13T13:00:00+05:30,4238.850000,4259.700000,4190.000000,4190.000000,2727
2020-03-13T13:15:00+05:30,4190.000000,4226.150000,4186.600000,4195.000000,2530
2020-03-13T13:30:00+05:30,4195.000000,4225.300000,4188.050000,4196.950000,1860
2020-03-13T13:45:00+05:30,4196.950000,4201.450000,4155.900000,4173.550000,1908
2020-03-13T14:00:00+05:30,4173.550000,4182.450000,4121.100000,4138.350000,1844
2020-03-13T14:15:00+05:30,4138.350000,4145.400000,4115.000000,4135.450000,1165
2020-03-13T14:30:00+05:30,4135.450000,4137.950000,4071.150000,4115.900000,1787
2020-03-13T14:45:00+05:30,4115.950000,4180.000000,4115.950000,4159.950000,2657
2020-03-13T15:00:00+05:30,4160.000000,4299.050000,4148.100000,4290.200000,5238
2020-03-13T15:15:00+05:30,4290.000000,4345.000000,4280.000000,4310.050000,6652
2020-03-16T09:15:00+05:30,4280.000000,4280.000000,4176.400000,4240.050000,2987
2020-03-16T09:30:00+05:30,4240.050000,4300.600000,4209.050000,4264.900000,4487
2020-03-16T09:45:00+05:30,4269.850000,4383.150000,4264.950000,4365.300000,6281
2020-03-16T10:00:00+05:30,4370.200000,4380.000000,4323.000000,4338.050000,2746
2020-03-16T10:15:00+05:30,4339.650000,4374.650000,4330.650000,4351.000000,2299
2020-03-16T10:30:00+05:30,4351.000000,4368.250000,4334.050000,4351.100000,1297
2020-03-16T10:45:00+05:30,4351.100000,4365.000000,4334.200000,4360.150000,1062
2020-03-16T11:00:00+05:30,4360.150000,4361.400000,4323.300000,4335.750000,1370
2020-03-16T11:15:00+05:30,4335.750000,4360.000000,4335.750000,4355.000000,1167
2020-03-16T11:30:00+05:30,4357.600000,4364.400000,4326.100000,4351.450000,2276
2020-03-16T11:45:00+05:30,4351.450000,4360.950000,4307.900000,4359.700000,1543
2020-03-16T12:00:00+05:30,4359.700000,4359.700000,4310.000000,4328.650000,1176
2020-03-16T12:15:00+05:30,4328.650000,4337.100000,4305.050000,4316.600000,902
2020-03-16T12:30:00+05:30,4316.600000,4317.600000,4283.200000,4313.750000,1449
2020-03-16T12:45:00+05:30,4313.750000,4350.800000,4305.550000,4339.000000,943
2020-03-16T13:00:00+05:30,4339.000000,4356.000000,4336.000000,4343.650000,1180
2020-03-16T13:15:00+05:30,4343.650000,4345.000000,4302.000000,4315.000000,2015
2020-03-16T13:30:00+05:30,4315.000000,4321.950000,4302.350000,4309.000000,548
2020-03-16T13:45:00+05:30,4309.000000,4311.000000,4271.000000,4300.000000,1324
2020-03-16T14:00:00+05:30,4300.000000,4321.350000,4272.000000,4274.950000,1391
2020-03-16T14:15:00+05:30,4275.000000,4299.550000,4272.000000,4291.950000,1119
2020-03-16T14:30:00+05:30,4290.000000,4310.000000,4270.000000,4273.450000,1699
2020-03-16T14:45:00+05:30,4273.450000,4285.000000,4266.000000,4279.950000,941
2020-03-16T15:00:00+05:30,4279.950000,4300.350000,4231.000000,4239.450000,2345
2020-03-16T15:15:00+05:30,4239.450000,4245.550000,4160.000000,4170.000000,3002
2020-03-17T09:15:00+05:30,4165.000000,4244.450000,4142.050000,4160.050000,2907
2020-03-17T09:30:00+05:30,4160.000000,4252.050000,4160.000000,4237.000000,2644
2020-03-17T09:45:00+05:30,4237.000000,4240.150000,4165.000000,4192.200000,2034
2020-03-17T10:00:00+05:30,4192.200000,4238.000000,4171.250000,4208.100000,5001
2020-03-17T10:15:00+05:30,4208.150000,4215.500000,4191.300000,4208.400000,1132
2020-03-17T10:30:00+05:30,4208.400000,4216.500000,4182.300000,4183.700000,1179
2020-03-17T10:45:00+05:30,4183.700000,4189.950000,4170.000000,4170.000000,1311
2020-03-17T11:00:00+05:30,4170.000000,4174.950000,4121.600000,4157.000000,2126
2020-03-17T11:15:00+05:30,4157.000000,4166.750000,4147.150000,4165.000000,513
2020-03-17T11:30:00+05:30,4166.750000,4175.950000,4149.950000,4157.550000,1678
2020-03-17T11:45:00+05:30,4157.550000,4179.850000,4153.250000,4178.500000,667
2020-03-17T12:00:00+05:30,4178.500000,4179.850000,4161.200000,4162.900000,408
2020-03-17T12:15:00+05:30,4161.200000,4173.000000,4136.250000,4140.000000,1000
2020-03-17T12:30:00+05:30,4140.000000,4171.100000,4117.050000,4117.950000,1746
2020-03-17T12:45:00+05:30,4117.950000,4157.000000,4117.950000,4148.150000,721
2020-03-17T13:00:00+05:30,4148.150000,4184.750000,4142.400000,4169.900000,659
2020-03-17T13:15:00+05:30,4169.900000,4173.150000,4160.000000,4168.000000,486
2020-03-17T13:30:00+05:30,4168.000000,4172.950000,4154.000000,4170.000000,402
2020-03-17T13:45:00+05:30,4162.000000,4173.000000,4157.250000,4172.900000,829
2020-03-17T14:00:00+05:30,4172.900000,4174.950000,4135.100000,4158.450000,920
2020-03-17T14:15:00+05:30,4158.450000,4169.500000,4135.100000,4144.600000,902
2020-03-17T14:30:00+05:30,4144.600000,4217.450000,4144.450000,4200.000000,2839
2020-03-17T14:45:00+05:30,4200.000000,4201.450000,4165.500000,4180.000000,1755
2020-03-17T15:00:00+05:30,4180.000000,4205.000000,4176.100000,4193.000000,1974
2020-03-17T15:15:00+05:30,4193.000000,4196.000000,4140.100000,4162.900000,2303
2020-03-18T09:15:00+05:30,4250.000000,4294.950000,4203.050000,4220.000000,3346
2020-03-18T09:30:00+05:30,4220.000000,4224.950000,4200.050000,4206.800000,1311
2020-03-18T09:45:00+05:30,4202.050000,4213.300000,4140.100000,4174.000000,2915
2020-03-18T10:00:00+05:30,4174.000000,4200.000000,4162.000000,4182.450000,594
2020-03-18T10:15:00+05:30,4182.450000,4200.000000,4153.400000,4176.050000,1400
2020-03-18T10:30:00+05:30,4176.050000,4199.650000,4165.000000,4194.250000,346
2020-03-18T10:45:00+05:30,4194.250000,4194.250000,4167.500000,4182.000000,260
2020-03-18T11:00:00+05:30,4182.000000,4186.500000,4164.000000,4174.750000,477
2020-03-18T11:15:00+05:30,4175.000000,4175.000000,4160.050000,4174.750000,358
2020-03-18T11:30:00+05:30,4174.750000,4177.450000,4170.000000,4175.000000,274
2020-03-18T11:45:00+05:30,4175.000000,4175.000000,4120.000000,4120.000000,1502
2020-03-18T12:00:00+05:30,4120.000000,4137.950000,4100.000000,4115.000000,1239
2020-03-18T12:15:00+05:30,4119.950000,4165.000000,4118.950000,4165.000000,855
2020-03-18T12:30:00+05:30,4159.850000,4168.000000,4110.000000,4130.000000,1476
2020-03-18T12:45:00+05:30,4130.000000,4159.900000,4115.000000,4118.850000,1262
2020-03-18T13:00:00+05:30,4115.000000,4144.000000,4065.500000,4134.550000,1459
2020-03-18T13:15:00+05:30,4140.750000,4153.000000,4134.100000,4148.000000,726
2020-03-18T13:30:00+05:30,4148.000000,4184.900000,4148.000000,4176.800000,1223
2020-03-18T13:45:00+05:30,4176.800000,4190.000000,4171.050000,4177.700000,1413
2020-03-18T14:00:00+05:30,4177.700000,4183.900000,4144.100000,4145.950000,790
2020-03-18T14:15:00+05:30,4150.000000,4150.000000,4100.050000,4123.100000,1736
2020-03-18T14:30:00+05:30,4123.100000,4125.000000,4080.000000,4103.900000,2081
2020-03-18T14:45:00+05:30,4103.900000,4103.900000,4051.050000,4051.050000,1115
2020-03-18T15:00:00+05:30,4051.000000,4070.000000,4010.950000,4024.950000,2656
2020-03-18T15:15:00+05:30,4024.950000,4025.000000,4000.000000,4009.050000,4119
2020-03-19T09:15:00+05:30,3985.000000,3985.000000,3744.300000,3754.550000,5589
2020-03-19T09:30:00+05:30,3754.550000,3840.000000,3701.000000,3840.000000,4543
2020-03-19T09:45:00+05:30,3834.400000,3856.000000,3758.000000,3790.400000,2462
2020-03-19T10:00:00+05:30,3790.400000,3813.950000,3745.150000,3790.700000,3364
2020-03-19T10:15:00+05:30,3790.700000,3840.000000,3780.700000,3810.000000,2270
2020-03-19T10:30:00+05:30,3810.000000,3815.200000,3732.150000,3752.000000,1888
2020-03-19T10:45:00+05:30,3752.000000,3782.100000,3744.600000,3780.000000,1467
2020-03-19T11:00:00+05:30,3780.000000,3812.200000,3761.600000,3790.000000,3177
2020-03-19T11:15:00+05:30,3790.000000,3819.150000,3758.050000,3787.950000,2957
2020-03-19T11:30:00+05:30,3787.950000,3795.000000,3771.050000,3780.050000,1251
2020-03-19T11:45:00+05:30,3780.050000,3839.950000,3780.050000,3812.200000,2066
2020-03-19T12:00:00+05:30,3809.100000,3895.000000,3800.050000,3880.000000,2410
2020-03-19T12:15:00+05:30,3880.050000,3920.000000,3880.000000,3909.650000,2393
2020-03-19T12:30:00+05:30,3909.650000,3940.000000,3880.350000,3931.850000,1916
2020-03-19T12:45:00+05:30,3939.700000,4095.000000,3932.200000,4086.450000,3813
2020-03-19T13:00:00+05:30,4086.450000,4093.100000,4054.450000,4057.000000,3420
2020-03-19T13:15:00+05:30,4054.300000,4067.100000,3966.900000,3978.750000,4091
2020-03-19T13:30:00+05:30,3980.000000,4025.000000,3954.050000,4011.200000,1674
2020-03-19T13:45:00+05:30,4011.200000,4028.500000,3990.850000,4024.300000,2674
2020-03-19T14:00:00+05:30,4028.400000,4028.400000,4000.100000,4024.600000,1628
2020-03-19T14:15:00+05:30,4024.600000,4028.350000,3982.300000,4004.600000,1589
2020-03-19T14:30:00+05:30,4004.600000,4025.000000,3965.050000,4024.000000,1383
2020-03-19T14:45:00+05:30,4025.250000,4028.250000,4004.050000,4004.050000,5333
2020-03-19T15:00:00+05:30,4004.050000,4029.850000,3979.150000,3989.550000,2577
2020-03-19T15:15:00+05:30,3989.550000,4025.000000,3970.100000,4009.000000,2550
2020-03-20T09:15:00+05:30,4035.300000,4147.100000,4032.250000,4063.050000,3145
2020-03-20T09:30:00+05:30,4063.050000,4067.950000,4019.500000,4057.000000,1302
2020-03-20T09:45:00+05:30,4057.000000,4069.000000,4025.200000,4050.000000,842
2020-03-20T10:00:00+05:30,4050.000000,4069.950000,4036.450000,4067.000000,1409
2020-03-20T10:15:00+05:30,4065.300000,4070.000000,4060.000000,4068.250000,522
2020-03-20T10:30:00+05:30,4068.250000,4070.000000,4030.000000,4034.250000,789
2020-03-20T10:45:00+05:30,4034.250000,4060.000000,4031.000000,4045.650000,517
2020-03-20T11:00:00+05:30,4045.650000,4060.400000,4041.800000,4050.750000,968
2020-03-20T11:15:00+05:30,4050.750000,4060.000000,4045.250000,4050.000000,910
2020-03-20T11:30:00+05:30,4048.000000,4055.600000,4035.000000,4051.200000,640
2020-03-20T11:45:00+05:30,4051.200000,4052.000000,4038.550000,4044.650000,624
2020-03-20T12:00:00+05:30,4044.650000,4060.000000,4030.050000,4044.000000,1838
2020-03-20T12:15:00+05:30,4045.000000,4075.000000,4041.550000,4046.050000,1885
2020-03-20T12:30:00+05:30,4046.050000,4054.250000,4040.000000,4045.250000,1327
2020-03-20T12:45:00+05:30,4045.250000,4062.000000,4044.000000,4060.050000,1343
2020-03-20T13:00:00+05:30,4060.000000,4069.150000,4052.000000,4064.900000,1459
2020-03-20T13:15:00+05:30,4064.900000,4070.000000,4030.000000,4041.400000,2323
2020-03-20T13:30:00+05:30,4041.400000,4058.700000,4028.750000,4046.200000,1410
2020-03-20T13:45:00+05:30,4046.200000,4054.450000,4007.400000,4019.900000,1800
2020-03-20T14:00:00+05:30,4019.900000,4031.950000,4000.200000,4008.000000,1500
2020-03-20T14:15:00+05:30,4008.000000,4022.000000,3966.450000,4022.000000,1478
2020-03-20T14:30:00+05:30,4020.750000,4046.600000,4012.000000,4046.000000,1204
2020-03-20T14:45:00+05:30,4046.300000,4050.000000,4015.000000,4034.950000,1180
2020-03-20T15:00:00+05:30,4034.950000,4034.950000,4000.000000,4000.000000,1915
2020-03-20T15:15:00+05:30,4001.250000,4050.000000,3995.050000,4010.000000,2820
2020-03-23T09:15:00+05:30,3575.000000,3916.000000,3575.000000,3830.450000,1771
2020-03-23T09:30:00+05:30,3830.450000,3831.500000,3792.050000,3825.950000,1419
2020-03-23T09:45:00+05:30,3836.350000,3875.000000,3830.050000,3870.000000,843
2020-03-23T10:45:00+05:30,3890.000000,3900.000000,3850.000000,3862.000000,244
2020-03-23T11:00:00+05:30,3853.000000,3862.000000,3750.000000,3758.750000,1846
2020-03-23T11:15:00+05:30,3750.000000,3762.950000,3666.050000,3675.700000,1438
2020-03-23T11:30:00+05:30,3675.700000,3732.300000,3664.950000,3729.950000,1024
2020-03-23T11:45:00+05:30,3729.950000,3732.650000,3700.050000,3720.200000,1377
2020-03-23T12:00:00+05:30,3707.500000,3721.100000,3650.000000,3685.350000,701
2020-03-23T12:15:00+05:30,3685.350000,3769.900000,3675.600000,3767.050000,807
2020-03-23T12:30:00+05:30,3764.100000,3817.950000,3712.850000,3816.900000,1038
2020-03-23T12:45:00+05:30,3817.900000,3840.000000,3763.100000,3763.100000,1324
2020-03-23T13:00:00+05:30,3763.100000,3835.000000,3763.100000,3835.000000,578
2020-03-23T13:15:00+05:30,3835.000000,3862.000000,3815.050000,3839.750000,849
2020-03-23T13:30:00+05:30,3839.750000,3843.850000,3800.000000,3806.900000,518
2020-03-23T13:45:00+05:30,3806.900000,3806.900000,3759.650000,3782.450000,395
2020-03-23T14:00:00+05:30,3782.450000,3782.450000,3660.000000,3665.000000,1128
2020-03-23T14:15:00+05:30,3665.000000,3732.650000,3665.000000,3732.650000,419
2020-03-23T14:30:00+05:30,3730.000000,3747.950000,3689.650000,3725.400000,914
2020-03-23T14:45:00+05:30,3725.400000,3739.950000,3718.300000,3730.000000,565
2020-03-23T15:00:00+05:30,3730.000000,3730.000000,3627.050000,3662.000000,1892
2020-03-23T15:15:00+05:30,3669.600000,3718.900000,3662.000000,3685.000000,1560
2020-03-24T09:15:00+05:30,3850.000000,3898.900000,3725.000000,3728.500000,1883
2020-03-24T09:30:00+05:30,3728.500000,3733.850000,3620.000000,3650.650000,2258
2020-03-24T09:45:00+05:30,3656.400000,3725.000000,3653.550000,3720.100000,1459
2020-03-24T10:00:00+05:30,3724.900000,3739.600000,3674.000000,3719.000000,535
2020-03-24T10:15:00+05:30,3719.250000,3740.000000,3663.150000,3670.000000,1167
2020-03-24T10:30:00+05:30,3670.000000,3725.100000,3649.100000,3701.050000,897
2020-03-24T10:45:00+05:30,3701.050000,3739.500000,3672.050000,3715.450000,647
2020-03-24T11:00:00+05:30,3715.450000,3728.950000,3700.000000,3720.050000,349
2020-03-24T11:15:00+05:30,3720.050000,3750.000000,3717.250000,3734.750000,694
2020-03-24T11:30:00+05:30,3734.750000,3749.950000,3733.550000,3743.250000,278
2020-03-24T11:45:00+05:30,3743.250000,3769.850000,3725.000000,3734.500000,451
2020-03-24T12:00:00+05:30,3734.500000,3760.000000,3734.500000,3756.600000,431
2020-03-24T12:15:00+05:30,3756.600000,3784.950000,3747.650000,3784.900000,585
2020-03-24T12:30:00+05:30,3784.900000,3815.000000,3766.850000,3808.100000,1127
2020-03-24T12:45:00+05:30,3808.100000,3845.000000,3787.000000,3800.100000,1528
2020-03-24T13:00:00+05:30,3800.100000,3805.000000,3771.100000,3782.250000,484
2020-03-24T13:15:00+05:30,3782.250000,3787.500000,3766.300000,3774.950000,523
2020-03-24T13:30:00+05:30,3774.950000,3800.000000,3774.950000,3785.050000,956
2020-03-24T13:45:00+05:30,3785.050000,3797.350000,3715.950000,3735.500000,943
2020-03-24T14:00:00+05:30,3735.500000,3750.000000,3710.000000,3737.550000,466
2020-03-24T14:15:00+05:30,3737.550000,3750.000000,3723.000000,3737.100000,652
2020-03-24T14:30:00+05:30,3737.100000,3743.950000,3691.750000,3712.050000,625
2020-03-24T14:45:00+05:30,3712.050000,3715.950000,3665.000000,3675.600000,1393
2020-03-24T15:00:00+05:30,3675.600000,3700.000000,3650.200000,3661.950000,1610
2020-03-24T15:15:00+05:30,3661.950000,3730.000000,3625.750000,3685.000000,5262
2020-03-25T09:15:00+05:30,3675.000000,3785.950000,3675.000000,3735.000000,1011
2020-03-25T09:30:00+05:30,3735.000000,3738.000000,3680.400000,3708.900000,719
2020-03-25T09:45:00+05:30,3708.900000,3708.950000,3690.600000,3691.050000,224
2020-03-25T10:00:00+05:30,3691.050000,3706.550000,3691.050000,3703.900000,381
2020-03-25T10:15:00+05:30,3703.900000,3710.900000,3693.250000,3701.350000,454
2020-03-25T10:30:00+05:30,3701.350000,3704.750000,3691.000000,3693.400000,467
2020-03-25T10:45:00+05:30,3693.400000,3704.950000,3693.000000,3704.950000,151
2020-03-25T11:00:00+05:30,3704.950000,3710.900000,3704.950000,3710.900000,98
2020-03-25T11:15:00+05:30,3710.900000,3724.250000,3710.200000,3720.000000,117
2020-03-25T11:30:00+05:30,3720.000000,3724.250000,3712.550000,3724.150000,178
2020-03-25T11:45:00+05:30,3724.150000,3724.150000,3668.600000,3698.000000,1246
2020-03-25T12:00:00+05:30,3698.000000,3700.000000,3685.050000,3690.000000,247
2020-03-25T12:15:00+05:30,3690.000000,3695.000000,3681.050000,3686.000000,224
2020-03-25T12:30:00+05:30,3686.000000,3695.000000,3686.000000,3695.000000,331
2020-03-25T12:45:00+05:30,3695.000000,3700.000000,3690.050000,3699.900000,743
2020-03-25T13:00:00+05:30,3699.900000,3720.500000,3692.650000,3701.050000,1273
2020-03-25T13:15:00+05:30,3701.050000,3715.000000,3701.050000,3715.000000,949
2020-03-25T13:30:00+05:30,3715.000000,3715.000000,3679.000000,3715.000000,634
2020-03-25T13:45:00+05:30,3715.000000,3715.000000,3696.000000,3710.150000,259
2020-03-25T14:00:00+05:30,3713.000000,3714.950000,3700.000000,3708.950000,500
2020-03-25T14:15:00+05:30,3708.950000,3715.000000,3696.050000,3698.150000,743
2020-03-25T14:30:00+05:30,3698.150000,3715.000000,3693.300000,3707.800000,467
2020-03-25T14:45:00+05:30,3707.800000,3713.600000,3695.150000,3701.250000,779
2020-03-25T15:00:00+05:30,3701.250000,3709.000000,3685.350000,3690.800000,1780
2020-03-25T15:15:00+05:30,3690.800000,3704.000000,3680.000000,3687.000000,1521
2020-03-26T09:15:00+05:30,3723.800000,3778.950000,3708.100000,3765.000000,1838
2020-03-26T09:30:00+05:30,3765.000000,3770.000000,3732.000000,3763.600000,793
2020-03-26T09:45:00+05:30,3763.600000,3862.400000,3755.900000,3847.300000,3493
2020-03-26T10:00:00+05:30,3847.000000,3885.150000,3847.000000,3869.900000,2282
2020-03-26T10:15:00+05:30,3869.950000,3900.000000,3850.000000,3888.350000,2128
2020-03-26T10:30:00+05:30,3888.350000,3888.950000,3810.050000,3817.000000,1331
2020-03-26T10:45:00+05:30,3817.000000,3841.600000,3814.050000,3837.700000,539
2020-03-26T11:00:00+05:30,3830.050000,3841.650000,3806.100000,3820.000000,662
2020-03-26T11:15:00+05:30,3820.000000,3828.000000,3783.100000,3800.400000,788
2020-03-26T11:30:00+05:30,3800.400000,3828.000000,3783.800000,3805.950000,674
2020-03-26T11:45:00+05:30,3805.950000,3830.000000,3800.150000,3829.950000,476
2020-03-26T12:00:00+05:30,3829.950000,3857.950000,3800.000000,3820.750000,576
2020-03-26T12:15:00+05:30,3812.150000,3821.900000,3800.000000,3814.900000,612
2020-03-26T12:30:00+05:30,3814.900000,3814.900000,3803.000000,3805.000000,297
2020-03-26T12:45:00+05:30,3805.000000,3822.250000,3800.000000,3822.000000,806
2020-03-26T13:00:00+05:30,3822.000000,3836.450000,3820.000000,3820.000000,647
2020-03-26T13:15:00+05:30,3820.000000,3832.700000,3818.250000,3824.000000,595
2020-03-26T13:30:00+05:30,3824.000000,3834.150000,3812.100000,3824.100000,1171
2020-03-26T13:45:00+05:30,3824.100000,3865.500000,3818.150000,3851.200000,1025
2020-03-26T14:00:00+05:30,3851.200000,3859.900000,3843.350000,3850.000000,1427
2020-03-26T14:15:00+05:30,3857.950000,3890.950000,3837.150000,3880.800000,1695
2020-03-26T14:30:00+05:30,3880.800000,3899.000000,3880.000000,3885.050000,832
2020-03-26T14:45:00+05:30,3885.000000,3950.000000,3885.000000,3910.000000,3347
2020-03-26T15:00:00+05:30,3910.000000,3919.950000,3888.050000,3901.550000,1924
2020-03-26T15:15:00+05:30,3901.600000,3910.950000,3892.500000,3900.000000,3546
2020-03-27T09:15:00+05:30,3950.000000,3994.000000,3931.950000,3931.950000,1437
2020-03-27T09:30:00+05:30,3931.950000,3948.050000,3856.050000,3902.700000,1763
2020-03-27T09:45:00+05:30,3902.700000,3923.100000,3871.700000,3875.000000,1199
2020-03-27T10:00:00+05:30,3875.000000,3888.100000,3840.000000,3846.000000,1169
2020-03-27T10:15:00+05:30,3845.350000,3872.200000,3800.000000,3821.300000,1886
2020-03-27T10:30:00+05:30,3817.200000,3821.300000,3802.000000,3804.850000,883
2020-03-27T10:45:00+05:30,3804.850000,3818.500000,3781.200000,3785.100000,2312
2020-03-27T11:00:00+05:30,3789.500000,3811.950000,3762.000000,3772.700000,1431
2020-03-27T11:15:00+05:30,3772.750000,3815.050000,3763.000000,3778.000000,2516
2020-03-27T11:30:00+05:30,3778.000000,3799.000000,3756.000000,3767.500000,1111
2020-03-27T11:45:00+05:30,3767.500000,3799.850000,3765.000000,3789.450000,936
2020-03-27T12:00:00+05:30,3789.450000,3794.950000,3765.000000,3779.850000,706
2020-03-27T12:15:00+05:30,3779.850000,3789.950000,3760.000000,3775.000000,737
2020-03-27T12:30:00+05:30,3775.000000,3780.650000,3756.000000,3756.050000,760
2020-03-27T12:45:00+05:30,3756.000000,3781.200000,3747.400000,3772.050000,1526
2020-03-27T13:00:00+05:30,3772.050000,3786.450000,3756.650000,3758.200000,802
2020-03-27T13:15:00+05:30,3758.200000,3784.650000,3732.250000,3781.850000,1243
2020-03-27T13:30:00+05:30,3780.000000,3783.700000,3751.550000,3760.350000,777
2020-03-27T13:45:00+05:30,3760.350000,3764.750000,3732.250000,3739.200000,1804
2020-03-27T14:00:00+05:30,3739.200000,3770.300000,3732.250000,3750.000000,1574
2020-03-27T14:15:00+05:30,3750.000000,3750.750000,3730.100000,3747.550000,1190
2020-03-27T14:30:00+05:30,3748.300000,3749.900000,3714.700000,3716.400000,1860
2020-03-27T14:45:00+05:30,3716.400000,3731.850000,3696.800000,3700.000000,3572
2020-03-27T15:00:00+05:30,3699.750000,3813.500000,3675.000000,3755.750000,5545
2020-03-27T15:15:00+05:30,3755.750000,3936.550000,3755.750000,3851.000000,6355
2020-03-30T09:15:00+05:30,3810.000000,3925.000000,3810.000000,3870.100000,3341
2020-03-30T09:30:00+05:30,3870.100000,3916.350000,3870.100000,3913.950000,1862
2020-03-30T09:45:00+05:30,3913.950000,3914.000000,3880.950000,3911.550000,1140
2020-03-30T10:00:00+05:30,3911.550000,3928.600000,3865.000000,3876.250000,1661
2020-03-30T10:15:00+05:30,3876.250000,3895.000000,3863.000000,3878.700000,721
2020-03-30T10:30:00+05:30,3878.700000,3897.950000,3878.700000,3895.600000,189
2020-03-30T10:45:00+05:30,3890.000000,3902.000000,3861.000000,3880.000000,744
2020-03-30T11:00:00+05:30,3880.000000,3881.450000,3861.350000,3876.000000,363
2020-03-30T11:15:00+05:30,3876.000000,3879.900000,3863.250000,3866.000000,516
2020-03-30T11:30:00+05:30,3866.000000,3866.000000,3850.050000,3856.650000,453
2020-03-30T11:45:00+05:30,3856.650000,3860.950000,3845.000000,3845.000000,501
2020-03-30T12:00:00+05:30,3845.000000,3849.000000,3811.000000,3815.200000,865
2020-03-30T12:15:00+05:30,3815.200000,3847.450000,3815.200000,3837.750000,569
2020-03-30T12:30:00+05:30,3837.750000,3860.950000,3834.600000,3851.200000,346
2020-03-30T12:45:00+05:30,3851.200000,3854.950000,3830.000000,3847.000000,285
2020-03-30T13:00:00+05:30,3847.000000,3850.000000,3833.950000,3836.650000,335
2020-03-30T13:15:00+05:30,3836.650000,3859.700000,3836.650000,3851.450000,353
2020-03-30T13:30:00+05:30,3851.450000,3860.950000,3850.050000,3855.250000,219
2020-03-30T13:45:00+05:30,3855.250000,3860.950000,3835.000000,3846.350000,367
2020-03-30T14:00:00+05:30,3846.350000,3889.950000,3840.250000,3870.000000,694
2020-03-30T14:15:00+05:30,3870.000000,3882.100000,3854.850000,3869.950000,585
2020-03-30T14:30:00+05:30,3869.950000,3874.150000,3862.250000,3869.650000,639
2020-03-30T14:45:00+05:30,3869.650000,3875.000000,3857.300000,3869.900000,2494
2020-03-30T15:00:00+05:30,3869.900000,3872.100000,3855.500000,3869.850000,1923
2020-03-30T15:15:00+05:30,3869.850000,3872.000000,3850.000000,3850.000000,3349
2020-03-31T09:15:00+05:30,3950.000000,3980.000000,3882.250000,3891.550000,1550
2020-03-31T09:30:00+05:30,3891.550000,3973.200000,3872.250000,3932.000000,1345
2020-03-31T09:45:00+05:30,3932.000000,3932.000000,3908.150000,3911.050000,673
2020-03-31T10:00:00+05:30,3911.050000,3935.050000,3911.050000,3932.000000,897
2020-03-31T10:15:00+05:30,3932.000000,3932.000000,3900.000000,3900.150000,519
2020-03-31T10:30:00+05:30,3900.150000,3927.700000,3900.000000,3909.800000,570
2020-03-31T10:45:00+05:30,3909.550000,3929.900000,3901.000000,3910.300000,790
2020-03-31T11:00:00+05:30,3910.300000,3910.300000,3876.000000,3890.000000,918
2020-03-31T11:15:00+05:30,3890.000000,3904.950000,3887.600000,3890.050000,297
2020-03-31T11:30:00+05:30,3890.050000,3900.000000,3885.750000,3892.050000,237
2020-03-31T11:45:00+05:30,3892.050000,3898.350000,3881.450000,3891.300000,273
2020-03-31T12:00:00+05:30,3891.300000,3897.100000,3883.100000,3884.900000,279
2020-03-31T12:15:00+05:30,3884.900000,3900.000000,3884.900000,3887.000000,375
2020-03-31T12:30:00+05:30,3887.000000,3898.950000,3886.000000,3898.600000,228
2020-03-31T12:45:00+05:30,3898.600000,3912.400000,3896.600000,3901.350000,507
2020-03-31T13:00:00+05:30,3901.350000,3910.000000,3892.000000,3900.000000,539
2020-03-31T13:15:00+05:30,3900.000000,3908.950000,3892.350000,3898.000000,787
2020-03-31T13:30:00+05:30,3898.000000,3907.750000,3897.400000,3901.650000,505
2020-03-31T13:45:00+05:30,3901.650000,3907.000000,3900.000000,3904.700000,475
2020-03-31T14:00:00+05:30,3904.700000,3908.500000,3900.000000,3900.000000,452
2020-03-31T14:15:00+05:30,3900.000000,3918.000000,3900.000000,3918.000000,557
2020-03-31T14:30:00+05:30,3918.000000,3930.000000,3900.000000,3907.050000,1332
2020-03-31T14:45:00+05:30,3907.050000,3996.950000,3904.250000,3993.950000,4502
2020-03-31T15:00:00+05:30,3994.000000,4050.000000,3975.000000,4017.600000,6611
2020-03-31T15:15:00+05:30,4024.050000,4067.100000,4005.200000,4050.050000,4523
2020-04-01T09:15:00+05:30,4020.000000,4020.000000,3906.000000,3990.000000,1693
2020-04-01T09:30:00+05:30,3990.000000,3990.000000,3971.150000,3978.650000,599
2020-04-01T09:45:00+05:30,3978.650000,3983.100000,3944.000000,3950.050000,977
2020-04-01T10:00:00+05:30,3950.050000,3960.000000,3867.000000,3875.000000,3656
2020-04-01T10:15:00+05:30,3875.000000,3923.350000,3867.050000,3870.050000,2879
2020-04-01T10:30:00+05:30,3875.000000,3909.000000,3869.650000,3885.400000,1648
2020-04-01T10:45:00+05:30,3885.400000,3909.000000,3885.400000,3900.150000,840
2020-04-01T11:00:00+05:30,3900.150000,3925.050000,3900.000000,3923.950000,962
2020-04-01T11:15:00+05:30,3916.000000,3939.900000,3911.750000,3939.900000,845
2020-04-01T11:30:00+05:30,3939.900000,3986.600000,3933.700000,3963.400000,2005
2020-04-01T11:45:00+05:30,3964.400000,3974.050000,3923.150000,3963.200000,986
2020-04-01T12:00:00+05:30,3963.200000,3974.050000,3940.600000,3940.900000,323
2020-04-01T12:15:00+05:30,3940.900000,3947.600000,3927.350000,3927.350000,456
2020-04-01T12:30:00+05:30,3936.600000,3938.600000,3920.050000,3929.500000,308
2020-04-01T12:45:00+05:30,3929.500000,3929.500000,3921.750000,3927.950000,229
2020-04-01T13:00:00+05:30,3928.000000,3949.600000,3926.100000,3947.950000,291
2020-04-01T13:15:00+05:30,3947.950000,3952.450000,3943.300000,3947.000000,146
2020-04-01T13:30:00+05:30,3947.000000,3960.000000,3930.000000,3950.300000,916
2020-04-01T13:45:00+05:30,3954.500000,3954.700000,3930.900000,3935.000000,474
2020-04-01T14:00:00+05:30,3935.000000,3936.300000,3827.050000,3936.300000,15425
2020-04-01T14:15:00+05:30,3949.300000,3974.000000,3902.000000,3928.950000,5940
2020-04-01T14:30:00+05:30,3928.350000,3970.000000,3896.200000,3951.700000,4666
2020-04-01T14:45:00+05:30,3951.700000,3952.000000,3903.000000,3946.750000,2334
2020-04-01T15:00:00+05:30,3946.750000,3966.000000,3942.150000,3958.050000,1724
2020-04-01T15:15:00+05:30,3958.050000,3999.800000,3931.250000,3990.000000,3226
2020-04-03T09:15:00+05:30,3990.000000,3990.000000,3860.450000,3940.000000,1602
2020-04-03T09:30:00+05:30,3940.000000,3940.000000,3916.800000,3924.650000,546
2020-04-03T09:45:00+05:30,3924.650000,3958.950000,3920.050000,3928.900000,646
2020-04-03T10:00:00+05:30,3928.900000,3928.900000,3906.450000,3920.750000,499
2020-04-03T10:15:00+05:30,3920.750000,3949.900000,3906.000000,3949.900000,473
2020-04-03T10:30:00+05:30,3949.900000,3984.800000,3941.000000,3974.750000,2005
2020-04-03T10:45:00+05:30,3974.750000,4024.150000,3955.000000,4010.000000,2319
2020-04-03T11:00:00+05:30,4010.000000,4035.250000,3988.600000,4034.100000,2751
2020-04-03T11:15:00+05:30,4034.100000,4040.000000,4004.050000,4004.050000,1008
2020-04-03T11:30:00+05:30,4004.050000,4119.000000,3986.250000,4072.000000,4525
2020-04-03T11:45:00+05:30,4072.000000,4087.900000,4050.000000,4057.950000,1078
2020-04-03T12:00:00+05:30,4050.000000,4080.000000,4050.000000,4062.000000,456
2020-04-03T12:15:00+05:30,4071.650000,4075.000000,4043.050000,4046.000000,450
2020-04-03T12:30:00+05:30,4046.000000,4069.650000,4012.300000,4059.800000,561
2020-04-03T12:45:00+05:30,4059.800000,4059.800000,4038.250000,4050.800000,485
2020-04-03T13:00:00+05:30,4050.800000,4055.950000,4045.250000,4053.100000,175
2020-04-03T13:15:00+05:30,4053.100000,4059.900000,4048.000000,4058.100000,333
2020-04-03T13:30:00+05:30,4058.100000,4059.900000,4031.000000,4054.000000,384
2020-04-03T13:45:00+05:30,4054.000000,4057.200000,4025.700000,4039.100000,351
2020-04-03T14:00:00+05:30,4039.100000,4044.000000,4011.300000,4015.500000,1009
2020-04-03T14:15:00+05:30,4013.700000,4028.300000,4012.000000,4027.350000,637
2020-04-03T14:30:00+05:30,4027.350000,4028.500000,3982.000000,3995.000000,1280
2020-04-03T14:45:00+05:30,3995.000000,4034.950000,3995.000000,4025.000000,851
2020-04-03T15:00:00+05:30,4025.100000,4029.000000,4000.000000,4021.000000,784
2020-04-03T15:15:00+05:30,4021.000000,4035.000000,4003.500000,4012.950000,1332
2020-04-07T09:15:00+05:30,4041.000000,4100.000000,4030.000000,4055.950000,2516
2020-04-07T09:30:00+05:30,4055.950000,4139.400000,4051.350000,4105.050000,3467
2020-04-07T09:45:00+05:30,4105.050000,4325.000000,4105.050000,4240.400000,9586
2020-04-07T10:00:00+05:30,4240.400000,4340.000000,4234.600000,4284.000000,11687
2020-04-07T10:15:00+05:30,4284.000000,4288.950000,4234.300000,4261.000000,3161
2020-04-07T10:30:00+05:30,4260.050000,4264.850000,4230.050000,4250.400000,1085
2020-04-07T10:45:00+05:30,4250.900000,4287.950000,4245.000000,4249.000000,976
2020-04-07T11:00:00+05:30,4249.000000,4284.450000,4241.300000,4284.450000,1152
2020-04-07T11:15:00+05:30,4284.450000,4331.950000,4276.000000,4297.000000,6523
2020-04-07T11:30:00+05:30,4297.000000,4333.000000,4291.700000,4312.050000,2108
2020-04-07T11:45:00+05:30,4312.050000,4318.900000,4290.000000,4299.950000,2614
2020-04-07T12:00:00+05:30,4299.700000,4300.000000,4292.150000,4298.400000,2370
2020-04-07T12:15:00+05:30,4298.400000,4305.000000,4287.500000,4295.350000,1971
2020-04-07T12:30:00+05:30,4295.350000,4300.000000,4295.350000,4300.000000,914
2020-04-07T12:45:00+05:30,4300.000000,4300.000000,4275.050000,4278.150000,2222
2020-04-07T13:00:00+05:30,4278.150000,4284.000000,4273.200000,4279.950000,1241
2020-04-07T13:15:00+05:30,4279.950000,4300.000000,4273.250000,4292.200000,2286
2020-04-07T13:30:00+05:30,4292.200000,4300.000000,4292.200000,4295.000000,1085
2020-04-07T13:45:00+05:30,4295.000000,4300.000000,4287.150000,4290.700000,772
2020-04-07T14:00:00+05:30,4290.700000,4300.000000,4230.000000,4275.000000,1668
2020-04-07T14:15:00+05:30,4275.000000,4298.950000,4260.000000,4292.400000,1298
2020-04-07T14:30:00+05:30,4292.400000,4300.000000,4285.250000,4295.700000,1598
2020-04-07T14:45:00+05:30,4295.700000,4324.950000,4290.500000,4303.200000,3552
2020-04-07T15:00:00+05:30,4303.200000,4310.000000,4250.000000,4262.250000,2097
2020-04-07T15:15:00+05:30,4262.250000,4280.000000,4234.000000,4259.000000,2599
2020-04-08T09:15:00+05:30,4295.000000,4360.000000,4279.300000,4339.400000,3597
2020-04-08T09:30:00+05:30,4339.400000,4399.000000,4339.400000,4399.000000,2627
2020-04-08T09:45:00+05:30,4399.900000,4421.550000,4377.050000,4389.400000,1788
2020-04-08T10:00:00+05:30,4389.400000,4390.000000,4355.000000,4381.000000,1305
2020-04-08T10:15:00+05:30,4381.000000,4383.800000,4350.000000,4357.900000,1337
2020-04-08T10:30:00+05:30,4357.900000,4370.000000,4327.000000,4345.950000,1705
2020-04-08T10:45:00+05:30,4345.950000,4358.250000,4329.650000,4350.000000,1399
2020-04-08T11:00:00+05:30,4349.950000,4350.000000,4330.000000,4343.400000,1136
2020-04-08T11:15:00+05:30,4343.400000,4362.450000,4332.900000,4359.800000,1065
2020-04-08T11:30:00+05:30,4359.600000,4360.000000,4331.900000,4335.000000,1106
2020-04-08T11:45:00+05:30,4334.950000,4334.950000,4300.000000,4325.950000,1548
2020-04-08T12:00:00+05:30,4325.950000,4333.000000,4300.000000,4305.100000,843
2020-04-08T12:15:00+05:30,4305.100000,4316.050000,4300.000000,4315.400000,718
2020-04-08T12:30:00+05:30,4315.400000,4315.650000,4264.000000,4268.000000,981
2020-04-08T12:45:00+05:30,4270.900000,4304.550000,4264.350000,4287.550000,780
2020-04-08T13:00:00+05:30,4287.550000,4320.000000,4270.000000,4293.200000,817
2020-04-08T13:15:00+05:30,4293.200000,4310.150000,4288.000000,4299.000000,455
2020-04-08T13:30:00+05:30,4299.000000,4308.550000,4288.000000,4288.850000,582
2020-04-08T13:45:00+05:30,4288.850000,4298.700000,4280.050000,4284.000000,614
2020-04-08T14:00:00+05:30,4284.000000,4290.000000,4231.450000,4239.350000,1620
2020-04-08T14:15:00+05:30,4239.350000,4281.850000,4239.350000,4260.700000,868
2020-04-08T14:30:00+05:30,4260.700000,4276.200000,4248.250000,4261.300000,913
2020-04-08T14:45:00+05:30,4261.300000,4279.950000,4221.000000,4279.650000,2579
2020-04-08T15:00:00+05:30,4279.650000,4279.650000,4232.050000,4250.000000,1169
2020-04-08T15:15:00+05:30,4250.000000,4266.950000,4236.000000,4241.900000,1625
2020-04-09T09:15:00+05:30,4319.950000,4375.000000,4302.300000,4367.950000,3759
2020-04-09T09:30:00+05:30,4365.000000,4458.000000,4350.200000,4428.500000,14725
2020-04-09T09:45:00+05:30,4428.500000,4440.000000,4373.000000,4373.000000,4023
2020-04-09T10:00:00+05:30,4373.000000,4399.950000,4372.100000,4386.150000,1040
2020-04-09T10:15:00+05:30,4386.150000,4433.000000,4381.200000,4420.000000,5121
2020-04-09T10:30:00+05:30,4420.000000,4424.300000,4401.500000,4401.650000,6120
2020-04-09T10:45:00+05:30,4401.650000,4410.000000,4380.000000,4390.000000,5815
2020-04-09T11:00:00+05:30,4390.000000,4395.000000,4382.050000,4389.000000,1119
2020-04-09T11:15:00+05:30,4389.000000,4396.450000,4383.500000,4396.450000,1596
2020-04-09T11:30:00+05:30,4396.450000,4420.000000,4392.700000,4416.100000,1039
2020-04-09T11:45:00+05:30,4415.000000,4420.000000,4410.150000,4415.000000,1423
2020-04-09T12:00:00+05:30,4415.000000,4420.000000,4410.550000,4417.000000,794
2020-04-09T12:15:00+05:30,4417.000000,4427.000000,4415.000000,4427.000000,1466
2020-04-09T12:30:00+05:30,4427.000000,4434.000000,4415.000000,4417.000000,741
2020-04-09T12:45:00+05:30,4417.000000,4423.400000,4410.000000,4415.050000,1808
2020-04-09T13:00:00+05:30,4415.050000,4422.100000,4412.700000,4420.000000,2464
2020-04-09T13:15:00+05:30,4420.000000,4421.000000,4413.500000,4417.000000,1215
2020-04-09T13:30:00+05:30,4417.000000,4417.000000,4353.300000,4374.600000,2017
2020-04-09T13:45:00+05:30,4374.600000,4387.900000,4364.550000,4371.450000,716
2020-04-09T14:00:00+05:30,4371.450000,4378.000000,4351.150000,4371.550000,659
2020-04-09T14:15:00+05:30,4371.550000,4400.000000,4367.650000,4380.000000,1614
2020-04-09T14:30:00+05:30,4380.000000,4420.000000,4378.250000,4393.050000,1790
2020-04-09T14:45:00+05:30,4393.050000,4405.000000,4387.000000,4403.000000,1388
2020-04-09T15:00:00+05:30,4403.000000,4414.950000,4400.000000,4407.200000,1668
2020-04-09T15:15:00+05:30,4407.200000,4421.000000,4404.000000,4412.000000,2998
2020-04-13T09:15:00+05:30,4510.000000,4510.000000,4411.000000,4421.250000,3586
2020-04-13T09:30:00+05:30,4420.000000,4436.000000,4400.050000,4403.450000,2794
2020-04-13T09:45:00+05:30,4401.000000,4423.950000,4370.050000,4400.000000,2936
2020-04-13T10:00:00+05:30,4400.000000,4447.750000,4400.000000,4439.750000,5402
2020-04-13T10:15:00+05:30,4439.750000,4454.400000,4415.000000,4450.000000,1363
2020-04-13T10:30:00+05:30,4453.800000,4549.850000,4450.000000,4545.000000,5514
2020-04-13T10:45:00+05:30,4545.000000,4547.000000,4480.000000,4522.000000,1933
2020-04-13T11:00:00+05:30,4527.000000,4547.000000,4506.150000,4538.000000,1761
2020-04-13T11:15:00+05:30,4543.950000,4550.000000,4512.300000,4526.000000,1428
2020-04-13T11:30:00+05:30,4526.000000,4550.000000,4525.000000,4540.900000,1102
2020-04-13T11:45:00+05:30,4540.900000,4550.000000,4510.100000,4519.700000,1883
2020-04-13T12:00:00+05:30,4519.700000,4521.900000,4490.000000,4498.350000,3912
2020-04-13T12:15:00+05:30,4498.350000,4503.550000,4490.000000,4493.000000,674
2020-04-13T12:30:00+05:30,4493.000000,4493.000000,4455.400000,4469.000000,2510
2020-04-13T12:45:00+05:30,4469.000000,4475.000000,4435.000000,4438.200000,1623
2020-04-13T13:00:00+05:30,4438.200000,4467.700000,4435.000000,4448.250000,844
2020-04-13T13:15:00+05:30,4444.850000,4467.700000,4444.850000,4463.000000,690
2020-04-13T13:30:00+05:30,4460.050000,4467.700000,4440.000000,4447.400000,661
2020-04-13T13:45:00+05:30,4447.400000,4458.650000,4442.000000,4443.000000,566
2020-04-13T14:00:00+05:30,4443.000000,4445.000000,4431.150000,4443.500000,274
2020-04-13T14:15:00+05:30,4443.500000,4450.000000,4439.450000,4440.000000,354
2020-04-13T14:30:00+05:30,4440.000000,4450.000000,4435.950000,4445.000000,742
2020-04-13T14:45:00+05:30,4445.000000,4450.000000,4425.850000,4445.000000,944
2020-04-13T15:00:00+05:30,4444.100000,4471.850000,4438.800000,4441.800000,1578
2020-04-13T15:15:00+05:30,4441.800000,4458.000000,4430.000000,4444.950000,1921
2020-04-15T09:15:00+05:30,4547.000000,4592.350000,4533.650000,4550.550000,5615
2020-04-15T09:30:00+05:30,4550.550000,4590.000000,4539.000000,4565.300000,4301
2020-04-15T09:45:00+05:30,4564.100000,4580.000000,4552.000000,4555.950000,2127
2020-04-15T10:00:00+05:30,4555.950000,4569.000000,4505.500000,4515.850000,3871
2020-04-15T10:15:00+05:30,4520.950000,4530.000000,4510.000000,4522.500000,1660
2020-04-15T10:30:00+05:30,4522.500000,4570.000000,4510.250000,4570.000000,4593
2020-04-15T10:45:00+05:30,4570.000000,4669.000000,4555.650000,4634.650000,11242
2020-04-15T11:00:00+05:30,4634.650000,4650.000000,4590.000000,4614.350000,4067
2020-04-15T11:15:00+05:30,4614.350000,4616.000000,4576.000000,4609.550000,2542
2020-04-15T11:30:00+05:30,4609.550000,4615.000000,4584.050000,4587.000000,1282
2020-04-15T11:45:00+05:30,4587.000000,4602.400000,4552.000000,4567.250000,2730
2020-04-15T12:00:00+05:30,4567.250000,4573.050000,4550.000000,4565.600000,1690
2020-04-15T12:15:00+05:30,4565.600000,4575.000000,4558.000000,4561.000000,2424
2020-04-15T12:30:00+05:30,4558.700000,4569.800000,4555.000000,4560.000000,1387
2020-04-15T12:45:00+05:30,4560.000000,4565.750000,4536.550000,4537.000000,2854
2020-04-15T13:00:00+05:30,4537.000000,4555.000000,4525.000000,4525.000000,1065
2020-04-15T13:15:00+05:30,4524.400000,4548.850000,4522.000000,4539.650000,1048
2020-04-15T13:30:00+05:30,4538.000000,4544.550000,4505.950000,4505.950000,2187
2020-04-15T13:45:00+05:30,4507.900000,4530.950000,4490.000000,4495.000000,3567
2020-04-15T14:00:00+05:30,4495.000000,4502.500000,4448.600000,4448.600000,3380
2020-04-15T14:15:00+05:30,4448.600000,4502.000000,4408.250000,4493.950000,3119
2020-04-15T14:30:00+05:30,4493.950000,4498.000000,4448.600000,4490.000000,1735
2020-04-15T14:45:00+05:30,4490.000000,4520.000000,4436.850000,4460.000000,3558
2020-04-15T15:00:00+05:30,4460.000000,4460.050000,4412.200000,4436.600000,2867
2020-04-15T15:15:00+05:30,4436.600000,4444.400000,4411.000000,4423.000000,4659
2020-04-16T09:15:00+05:30,4461.150000,4497.000000,4411.000000,4431.600000,1345
2020-04-16T09:30:00+05:30,4427.450000,4438.150000,4401.450000,4407.150000,2982
2020-04-16T09:45:00+05:30,4407.150000,4407.150000,4360.100000,4369.500000,2780
2020-04-16T10:00:00+05:30,4369.500000,4371.950000,4352.100000,4365.800000,2581
2020-04-16T10:15:00+05:30,4365.800000,4372.000000,4353.100000,4366.750000,2706
2020-04-16T10:30:00+05:30,4359.450000,4367.400000,4326.000000,4330.250000,2511
2020-04-16T10:45:00+05:30,4330.250000,4350.000000,4326.550000,4333.100000,1046
2020-04-16T11:00:00+05:30,4333.150000,4350.000000,4330.000000,4349.950000,1844
2020-04-16T11:15:00+05:30,4349.950000,4360.000000,4343.900000,4350.950000,4064
2020-04-16T11:30:00+05:30,4354.650000,4354.650000,4342.050000,4347.600000,1185
2020-04-16T11:45:00+05:30,4347.600000,4390.000000,4345.050000,4365.850000,1764
2020-04-16T12:00:00+05:30,4365.850000,4367.000000,4357.000000,4360.000000,1494
2020-04-16T12:15:00+05:30,4360.000000,4367.050000,4357.000000,4363.000000,2143
2020-04-16T12:30:00+05:30,4363.000000,4368.950000,4357.350000,4363.900000,1741
2020-04-16T12:45:00+05:30,4363.850000,4365.000000,4358.800000,4360.150000,1374
2020-04-16T13:00:00+05:30,4363.050000,4367.850000,4358.050000,4362.600000,1708
2020-04-16T13:15:00+05:30,4362.600000,4365.000000,4358.050000,4363.000000,1138
2020-04-16T13:30:00+05:30,4363.000000,4384.950000,4357.350000,4365.000000,1579
2020-04-16T13:45:00+05:30,4365.000000,4379.400000,4357.350000,4375.000000,1044
2020-04-16T14:00:00+05:30,4375.000000,4376.000000,4340.150000,4345.000000,1748
2020-04-16T14:15:00+05:30,4345.000000,4370.000000,4340.000000,4368.650000,2782
2020-04-16T14:30:00+05:30,4368.650000,4377.000000,4359.050000,4367.200000,12644
2020-04-16T14:45:00+05:30,4367.200000,4371.950000,4357.700000,4359.550000,1210
2020-04-16T15:00:00+05:30,4357.900000,4364.450000,4331.800000,4350.000000,2562
2020-04-16T15:15:00+05:30,4350.000000,4360.000000,4330.000000,4358.000000,3009
2020-04-17T09:15:00+05:30,4440.150000,4440.850000,4394.050000,4430.900000,4098
2020-04-17T09:30:00+05:30,4430.900000,4438.800000,4407.100000,4410.450000,3174
2020-04-17T09:45:00+05:30,4410.450000,4424.000000,4410.000000,4410.300000,1541
2020-04-17T10:00:00+05:30,4410.300000,4415.400000,4385.000000,4386.100000,2168
2020-04-17T10:15:00+05:30,4390.000000,4401.850000,4380.650000,4387.250000,1577
2020-04-17T10:30:00+05:30,4383.000000,4387.000000,4372.400000,4377.050000,1732
2020-04-17T10:45:00+05:30,4377.050000,4384.450000,4371.600000,4375.300000,1548
2020-04-17T11:00:00+05:30,4375.300000,4383.000000,4332.300000,4335.100000,2328
2020-04-17T11:15:00+05:30,4335.100000,4350.000000,4335.000000,4345.300000,1227
2020-04-17T11:30:00+05:30,4345.300000,4350.000000,4322.600000,4335.000000,719
2020-04-17T11:45:00+05:30,4335.000000,4345.000000,4330.000000,4330.100000,573
2020-04-17T12:00:00+05:30,4330.100000,4340.000000,4323.050000,4330.050000,1070
2020-04-17T12:15:00+05:30,4334.750000,4350.000000,4330.000000,4336.550000,785
2020-04-17T12:30:00+05:30,4336.550000,4339.900000,4326.800000,4327.050000,1096
2020-04-17T12:45:00+05:30,4327.000000,4332.350000,4321.850000,4325.050000,840
2020-04-17T13:00:00+05:30,4326.100000,4332.550000,4321.000000,4332.550000,599
2020-04-17T13:15:00+05:30,4332.550000,4344.150000,4323.250000,4324.100000,664
2020-04-17T13:30:00+05:30,4324.100000,4331.900000,4320.000000,4321.550000,1717
2020-04-17T13:45:00+05:30,4321.550000,4326.500000,4320.100000,4321.850000,452
2020-04-17T14:00:00+05:30,4321.850000,4331.950000,4317.650000,4327.350000,1342
2020-04-17T14:15:00+05:30,4327.250000,4331.950000,4322.250000,4324.050000,1629
2020-04-17T14:30:00+05:30,4324.050000,4327.450000,4310.000000,4310.950000,1361
2020-04-17T14:45:00+05:30,4310.950000,4324.800000,4302.050000,4315.000000,1841
2020-04-17T15:00:00+05:30,4315.000000,4320.000000,4300.000000,4305.000000,2810
2020-04-17T15:15:00+05:30,4305.000000,4321.400000,4305.000000,4315.000000,2946
2020-04-20T09:15:00+05:30,4350.000000,4374.050000,4250.000000,4330.650000,2444
2020-04-20T09:30:00+05:30,4330.650000,4350.000000,4291.550000,4303.500000,1107
2020-04-20T09:45:00+05:30,4303.500000,4303.600000,4292.150000,4297.850000,455
2020-04-20T10:00:00+05:30,4297.850000,4300.000000,4286.000000,4297.000000,831
2020-04-20T10:15:00+05:30,4297.000000,4303.400000,4288.050000,4298.450000,1437
2020-04-20T10:30:00+05:30,4298.450000,4303.400000,4290.000000,4292.850000,516
2020-04-20T10:45:00+05:30,4292.850000,4301.600000,4290.000000,4295.000000,731
2020-04-20T11:00:00+05:30,4295.000000,4295.950000,4290.000000,4290.550000,884
2020-04-20T11:15:00+05:30,4290.550000,4294.000000,4290.000000,4290.050000,575
2020-04-20T11:30:00+05:30,4290.050000,4294.950000,4290.000000,4290.750000,583
2020-04-20T11:45:00+05:30,4290.700000,4294.850000,4285.400000,4290.850000,3810
2020-04-20T12:00:00+05:30,4290.850000,4303.650000,4286.650000,4295.150000,1049
2020-04-20T12:15:00+05:30,4295.150000,4298.900000,4286.750000,4287.950000,2090
2020-04-20T12:30:00+05:30,4287.950000,4320.950000,4286.000000,4314.950000,1585
2020-04-20T12:45:00+05:30,4314.950000,4314.950000,4291.000000,4291.050000,542
2020-04-20T13:00:00+05:30,4291.050000,4298.250000,4289.000000,4298.250000,463
2020-04-20T13:15:00+05:30,4298.250000,4298.250000,4289.000000,4290.050000,1740
2020-04-20T13:30:00+05:30,4293.950000,4294.000000,4275.000000,4278.750000,2340
2020-04-20T13:45:00+05:30,4285.000000,4292.500000,4280.000000,4280.200000,762
2020-04-20T14:00:00+05:30,4280.200000,4291.950000,4280.100000,4285.300000,446
2020-04-20T14:15:00+05:30,4285.300000,4290.000000,4285.000000,4285.050000,414
2020-04-20T14:30:00+05:30,4288.800000,4289.950000,4275.150000,4278.000000,923
2020-04-20T14:45:00+05:30,4279.400000,4279.900000,4260.350000,4267.150000,906
2020-04-20T15:00:00+05:30,4267.150000,4285.000000,4253.000000,4256.350000,1456
2020-04-20T15:15:00+05:30,4256.350000,4268.950000,4253.000000,4268.950000,1481
2020-04-21T09:15:00+05:30,4259.000000,4260.000000,4202.000000,4216.950000,1331
2020-04-21T09:30:00+05:30,4217.000000,4262.900000,4207.000000,4260.050000,1366
2020-04-21T09:45:00+05:30,4260.050000,4333.300000,4251.200000,4277.000000,4675
2020-04-21T10:00:00+05:30,4277.000000,4306.950000,4277.000000,4290.850000,4844
2020-04-21T10:15:00+05:30,4290.850000,4306.850000,4280.000000,4298.550000,16081
2020-04-21T10:30:00+05:30,4298.550000,4301.000000,4285.000000,4289.200000,3813
2020-04-21T10:45:00+05:30,4289.200000,4300.000000,4270.750000,4279.500000,2783
2020-04-21T11:00:00+05:30,4283.100000,4295.400000,4273.600000,4295.400000,2311
2020-04-21T11:15:00+05:30,4295.000000,4295.000000,4280.900000,4283.100000,915
2020-04-21T11:30:00+05:30,4283.100000,4286.950000,4280.000000,4280.000000,864
2020-04-21T11:45:00+05:30,4280.000000,4284.600000,4260.050000,4270.100000,1507
2020-04-21T12:00:00+05:30,4270.100000,4286.600000,4265.000000,4265.100000,1721
2020-04-21T12:15:00+05:30,4265.050000,4269.000000,4251.050000,4255.050000,1640
2020-04-21T12:30:00+05:30,4255.050000,4257.000000,4226.000000,4251.700000,2013
2020-04-21T12:45:00+05:30,4251.700000,4255.550000,4230.350000,4240.100000,1128
2020-04-21T13:00:00+05:30,4240.100000,4245.000000,4211.000000,4244.700000,2234
2020-04-21T13:15:00+05:30,4244.700000,4246.250000,4200.000000,4202.900000,2172
2020-04-21T13:30:00+05:30,4202.800000,4227.050000,4190.000000,4211.300000,1584
2020-04-21T13:45:00+05:30,4211.000000,4220.000000,4208.000000,4216.950000,574
2020-04-21T14:00:00+05:30,4216.950000,4218.850000,4204.000000,4218.000000,817
2020-04-21T14:15:00+05:30,4220.000000,4243.050000,4218.000000,4226.000000,1209
2020-04-21T14:30:00+05:30,4226.000000,4237.600000,4215.000000,4215.100000,892
2020-04-21T14:45:00+05:30,4215.100000,4220.800000,4195.000000,4205.100000,1893
2020-04-21T15:00:00+05:30,4197.700000,4259.950000,4195.000000,4212.400000,4598
2020-04-21T15:15:00+05:30,4212.400000,4227.650000,4202.150000,4210.000000,2451
2020-04-22T09:15:00+05:30,4280.000000,4298.950000,4220.450000,4262.750000,2036
2020-04-22T09:30:00+05:30,4262.750000,4263.300000,4201.000000,4220.100000,2357
2020-04-22T09:45:00+05:30,4220.000000,4242.050000,4215.000000,4225.000000,817
2020-04-22T10:00:00+05:30,4225.000000,4238.500000,4211.250000,4231.050000,687
2020-04-22T10:15:00+05:30,4231.050000,4242.000000,4226.050000,4230.000000,1191
2020-04-22T10:30:00+05:30,4230.000000,4238.050000,4226.000000,4233.450000,514
2020-04-22T10:45:00+05:30,4233.450000,4240.000000,4225.000000,4225.000000,1090
2020-04-22T11:00:00+05:30,4225.000000,4228.550000,4210.000000,4228.000000,780
2020-04-22T11:15:00+05:30,4228.000000,4231.900000,4211.250000,4211.300000,430
2020-04-22T11:30:00+05:30,4211.300000,4230.250000,4205.000000,4205.000000,709
2020-04-22T11:45:00+05:30,4205.000000,4212.750000,4185.000000,4186.650000,1433
2020-04-22T12:00:00+05:30,4186.650000,4203.750000,4182.500000,4182.800000,1519
2020-04-22T12:15:00+05:30,4182.800000,4207.000000,4180.750000,4197.150000,1536
2020-04-22T12:30:00+05:30,4197.150000,4204.550000,4192.050000,4193.150000,1077
2020-04-22T12:45:00+05:30,4192.050000,4212.850000,4192.050000,4197.400000,1380
2020-04-22T13:00:00+05:30,4197.400000,4202.650000,4192.050000,4200.000000,635
2020-04-22T13:15:00+05:30,4200.000000,4212.600000,4198.000000,4199.000000,981
2020-04-22T13:30:00+05:30,4199.000000,4204.050000,4193.550000,4194.050000,626
2020-04-22T13:45:00+05:30,4194.050000,4215.000000,4192.050000,4210.050000,3055
2020-04-22T14:00:00+05:30,4210.050000,4213.200000,4192.050000,4193.650000,3153
2020-04-22T14:15:00+05:30,4193.550000,4198.900000,4172.100000,4172.100000,1953
2020-04-22T14:30:00+05:30,4174.550000,4189.700000,4171.250000,4180.000000,2821
2020-04-22T14:45:00+05:30,4181.850000,4193.900000,4176.000000,4185.000000,5284
2020-04-22T15:00:00+05:30,4189.750000,4192.000000,4180.000000,4180.000000,3803
2020-04-22T15:15:00+05:30,4180.000000,4181.950000,4165.550000,4178.900000,3243
2020-04-23T09:15:00+05:30,4260.000000,4320.950000,4211.000000,4295.000000,12665
2020-04-23T09:30:00+05:30,4296.000000,4465.000000,4281.100000,4415.150000,18833
2020-04-23T09:45:00+05:30,4419.600000,4541.000000,4415.150000,4462.000000,23251
2020-04-23T10:00:00+05:30,4456.300000,4489.000000,4444.000000,4445.500000,8150
2020-04-23T10:15:00+05:30,4445.500000,4467.250000,4444.000000,4445.350000,3958
2020-04-23T10:30:00+05:30,4445.350000,4457.950000,4415.000000,4446.800000,5175
2020-04-23T10:45:00+05:30,4442.350000,4446.800000,4422.000000,4430.000000,2338
2020-04-23T11:00:00+05:30,4430.000000,4450.000000,4424.000000,4442.000000,3044
2020-04-23T11:15:00+05:30,4441.050000,4454.900000,4432.050000,4435.000000,1658
2020-04-23T11:30:00+05:30,4435.000000,4436.950000,4425.500000,4425.500000,2015
2020-04-23T11:45:00+05:30,4425.500000,4430.600000,4410.000000,4425.000000,2248
2020-04-23T12:00:00+05:30,4425.000000,4425.950000,4386.150000,4398.250000,3543
2020-04-23T12:15:00+05:30,4389.600000,4400.000000,4386.450000,4397.850000,1731
2020-04-23T12:30:00+05:30,4392.800000,4400.000000,4392.550000,4395.000000,766
2020-04-23T12:45:00+05:30,4394.000000,4397.000000,4382.300000,4392.900000,1206
2020-04-23T13:00:00+05:30,4392.900000,4398.250000,4389.000000,4397.000000,1515
2020-04-23T13:15:00+05:30,4397.000000,4399.000000,4390.600000,4397.700000,902
2020-04-23T13:30:00+05:30,4397.700000,4400.000000,4392.000000,4400.000000,1299
2020-04-23T13:45:00+05:30,4400.000000,4485.000000,4397.000000,4449.950000,7953
2020-04-23T14:00:00+05:30,4449.950000,4449.950000,4432.800000,4443.500000,1706
2020-04-23T14:15:00+05:30,4443.500000,4449.950000,4412.200000,4419.250000,1965
2020-04-23T14:30:00+05:30,4415.050000,4440.000000,4405.500000,4434.000000,1759
2020-04-23T14:45:00+05:30,4434.700000,4445.000000,4422.650000,4442.000000,6683
2020-04-23T15:00:00+05:30,4438.550000,4445.000000,4402.000000,4409.250000,7692
2020-04-23T15:15:00+05:30,4409.250000,4418.250000,4386.000000,4412.850000,8417
2020-04-24T09:15:00+05:30,4444.000000,4450.000000,4410.000000,4429.600000,5653
2020-04-24T09:30:00+05:30,4429.600000,4483.000000,4412.050000,4481.950000,4619
2020-04-24T09:45:00+05:30,4485.000000,4485.000000,4423.150000,4430.150000,5200
2020-04-24T10:00:00+05:30,4430.150000,4455.000000,4425.150000,4449.900000,1894
2020-04-24T10:15:00+05:30,4449.900000,4454.900000,4435.700000,4435.700000,783
2020-04-24T10:30:00+05:30,4435.800000,4447.950000,4378.400000,4380.000000,2961
2020-04-24T10:45:00+05:30,4375.150000,4400.000000,4375.150000,4392.200000,2226
2020-04-24T11:00:00+05:30,4392.200000,4440.000000,4392.200000,4429.000000,2392
2020-04-24T11:15:00+05:30,4429.000000,4437.000000,4408.850000,4423.650000,951
2020-04-24T11:30:00+05:30,4423.650000,4433.250000,4402.000000,4403.650000,863
2020-04-24T11:45:00+05:30,4407.000000,4429.950000,4403.650000,4424.400000,1303
2020-04-24T12:00:00+05:30,4424.400000,4430.000000,4411.000000,4423.350000,488
2020-04-24T12:15:00+05:30,4423.350000,4450.000000,4419.250000,4445.800000,1466
2020-04-24T12:30:00+05:30,4445.800000,4460.000000,4440.050000,4444.000000,1127
2020-04-24T12:45:00+05:30,4444.000000,4459.950000,4440.300000,4451.950000,907
2020-04-24T13:00:00+05:30,4451.950000,4458.950000,4440.000000,4455.000000,914
2020-04-24T13:15:00+05:30,4455.000000,4459.000000,4436.900000,4442.600000,1517
2020-04-24T13:30:00+05:30,4442.600000,4449.250000,4425.000000,4435.000000,1045
2020-04-24T13:45:00+05:30,4438.750000,4450.000000,4426.250000,4431.950000,1569
2020-04-24T14:00:00+05:30,4431.950000,4461.000000,4413.700000,4424.650000,3543
2020-04-24T14:15:00+05:30,4424.650000,4424.650000,4401.050000,4410.000000,1759
2020-04-24T14:30:00+05:30,4410.000000,4417.000000,4403.050000,4415.450000,1359
2020-04-24T14:45:00+05:30,4418.000000,4424.950000,4400.000000,4402.900000,1530
2020-04-24T15:00:00+05:30,4402.900000,4409.350000,4395.000000,4397.350000,1921
2020-04-24T15:15:00+05:30,4402.000000,4425.000000,4379.100000,4380.000000,4334
2020-04-27T09:15:00+05:30,4498.600000,4523.900000,4454.950000,4520.000000,9772
2020-04-27T09:30:00+05:30,4520.000000,4525.000000,4470.000000,4478.000000,2797
2020-04-27T09:45:00+05:30,4483.700000,4508.000000,4475.000000,4504.000000,2675
2020-04-27T10:00:00+05:30,4504.000000,4512.000000,4485.000000,4493.800000,1557
2020-04-27T10:15:00+05:30,4493.800000,4499.000000,4485.050000,4495.550000,1126
2020-04-27T10:30:00+05:30,4495.400000,4499.000000,4485.100000,4490.550000,846
2020-04-27T10:45:00+05:30,4490.550000,4492.050000,4475.000000,4487.150000,1207
2020-04-27T11:00:00+05:30,4487.150000,4489.600000,4480.050000,4486.200000,503
2020-04-27T11:15:00+05:30,4486.200000,4490.000000,4477.050000,4477.350000,758
2020-04-27T11:30:00+05:30,4477.000000,4487.000000,4475.000000,4479.450000,15665
2020-04-27T11:45:00+05:30,4479.450000,4520.000000,4475.000000,4515.950000,4292
2020-04-27T12:00:00+05:30,4519.900000,4544.700000,4500.000000,4531.800000,5388
2020-04-27T12:15:00+05:30,4531.800000,4559.950000,4526.000000,4552.450000,5116
2020-04-27T12:30:00+05:30,4550.850000,4559.950000,4525.000000,4549.950000,3247
2020-04-27T12:45:00+05:30,4549.950000,4550.000000,4530.550000,4541.100000,648
2020-04-27T13:00:00+05:30,4541.100000,4541.100000,4505.000000,4511.000000,1934
2020-04-27T13:15:00+05:30,4511.000000,4547.000000,4510.000000,4545.000000,1802
2020-04-27T13:30:00+05:30,4545.000000,4554.000000,4526.400000,4552.850000,4165
2020-04-27T13:45:00+05:30,4552.850000,4775.950000,4546.850000,4752.000000,85605
2020-04-27T14:00:00+05:30,4751.000000,4843.000000,4706.000000,4752.850000,49395
2020-04-27T14:15:00+05:30,4755.750000,4797.250000,4711.000000,4753.000000,17360
2020-04-27T14:30:00+05:30,4753.000000,4815.000000,4747.000000,4760.800000,20009
2020-04-27T14:45:00+05:30,4760.800000,4790.000000,4760.000000,4779.900000,7996
2020-04-27T15:00:00+05:30,4779.900000,4849.000000,4760.800000,4817.800000,24201
2020-04-27T15:15:00+05:30,4819.250000,4920.000000,4802.550000,4920.000000,33632
2020-04-27T15:30:00+05:30,4916.000000,4916.000000,4916.000000,4916.000000,11
2020-04-28T09:15:00+05:30,4999.000000,5086.950000,4969.200000,5025.000000,41187
2020-04-28T09:30:00+05:30,5020.750000,5170.000000,5014.950000,5134.750000,43988
2020-04-28T09:45:00+05:30,5134.750000,5134.750000,5025.000000,5038.800000,19807
2020-04-28T10:00:00+05:30,5038.800000,5050.000000,4955.450000,4995.200000,12224
2020-04-28T10:15:00+05:30,5000.000000,5000.000000,4971.000000,4992.200000,6760
2020-04-28T10:30:00+05:30,4992.200000,4997.000000,4961.000000,4975.650000,7943
2020-04-28T10:45:00+05:30,4975.650000,4980.000000,4921.000000,4921.050000,9181
2020-04-28T11:00:00+05:30,4921.050000,4935.600000,4872.000000,4897.600000,16994
2020-04-28T11:15:00+05:30,4887.750000,4970.000000,4882.950000,4924.100000,7125
2020-04-28T11:30:00+05:30,4924.100000,4990.000000,4924.100000,4940.000000,6486
2020-04-28T11:45:00+05:30,4948.150000,4953.550000,4930.050000,4951.650000,3515
2020-04-28T12:00:00+05:30,4951.650000,4978.050000,4930.050000,4930.050000,3653
2020-04-28T12:15:00+05:30,4930.050000,4950.000000,4885.950000,4898.700000,5395
2020-04-28T12:30:00+05:30,4898.700000,4939.950000,4890.000000,4935.000000,4322
2020-04-28T12:45:00+05:30,4935.000000,4977.000000,4935.000000,4963.900000,6205
2020-04-28T13:00:00+05:30,4963.900000,4963.900000,4924.200000,4940.500000,3807
2020-04-28T13:15:00+05:30,4940.500000,4956.000000,4922.800000,4930.250000,2340
2020-04-28T13:30:00+05:30,4930.650000,4932.350000,4885.000000,4900.000000,5971
2020-04-28T13:45:00+05:30,4900.000000,4900.000000,4880.050000,4890.000000,3791
2020-04-28T14:00:00+05:30,4890.000000,4900.000000,4881.200000,4881.200000,2701
2020-04-28T14:15:00+05:30,4881.200000,4897.000000,4850.000000,4852.600000,9264
2020-04-28T14:30:00+05:30,4852.650000,4854.550000,4811.100000,4845.000000,9465
2020-04-28T14:45:00+05:30,4845.000000,4845.000000,4821.000000,4821.950000,4830
2020-04-28T15:00:00+05:30,4821.950000,4834.000000,4800.000000,4815.000000,11024
2020-04-28T15:15:00+05:30,4815.000000,4848.000000,4811.000000,4815.000000,11278
2020-04-29T09:15:00+05:30,4850.000000,4965.000000,4850.000000,4919.700000,17962
2020-04-29T09:30:00+05:30,4919.700000,4935.000000,4900.700000,4906.250000,4471
2020-04-29T09:45:00+05:30,4906.250000,4940.000000,4890.050000,4934.000000,5741
2020-04-29T10:00:00+05:30,4934.000000,4935.000000,4906.050000,4922.850000,1903
2020-04-29T10:15:00+05:30,4922.850000,4983.900000,4922.850000,4962.950000,9632
2020-04-29T10:30:00+05:30,4962.950000,4965.000000,4940.050000,4956.000000,3569
2020-04-29T10:45:00+05:30,4956.000000,4977.050000,4945.350000,4977.050000,2955
2020-04-29T11:00:00+05:30,4979.850000,4979.850000,4960.000000,4963.650000,3472
2020-04-29T11:15:00+05:30,4969.850000,4974.800000,4930.050000,4950.750000,5012
2020-04-29T11:30:00+05:30,4950.750000,4979.850000,4945.000000,4962.000000,2979
2020-04-29T11:45:00+05:30,4962.000000,4977.000000,4936.000000,4940.050000,3260
2020-04-29T12:00:00+05:30,4940.050000,4960.000000,4940.050000,4941.250000,2270
2020-04-29T12:15:00+05:30,4941.250000,4944.450000,4910.450000,4925.000000,5767
2020-04-29T12:30:00+05:30,4925.000000,4935.000000,4911.950000,4925.000000,4281
2020-04-29T12:45:00+05:30,4926.400000,4931.600000,4910.450000,4913.350000,3156
2020-04-29T13:00:00+05:30,4913.350000,4928.850000,4898.000000,4916.000000,5259
2020-04-29T13:15:00+05:30,4916.000000,4964.950000,4916.000000,4925.000000,11228
2020-04-29T13:30:00+05:30,4925.000000,4930.000000,4920.000000,4927.250000,9238
2020-04-29T13:45:00+05:30,4927.250000,4938.800000,4905.000000,4938.800000,4581
2020-04-29T14:00:00+05:30,4940.750000,4947.950000,4915.000000,4936.800000,2864
2020-04-29T14:15:00+05:30,4936.800000,4945.050000,4930.050000,4930.600000,3082
2020-04-29T14:30:00+05:30,4930.600000,4949.500000,4925.150000,4938.350000,2877
2020-04-29T14:45:00+05:30,4938.350000,4945.000000,4932.000000,4938.200000,5799
2020-04-29T15:00:00+05:30,4933.750000,4944.200000,4910.050000,4921.000000,10709
2020-04-29T15:15:00+05:30,4921.000000,4945.000000,4918.050000,4945.000000,9737
2020-04-30T09:15:00+05:30,5000.000000,5040.000000,4976.000000,4989.400000,11921
2020-04-30T09:30:00+05:30,4989.400000,5005.000000,4980.000000,4984.800000,4063
2020-04-30T09:45:00+05:30,4984.800000,4999.000000,4976.000000,4977.000000,2977
2020-04-30T10:00:00+05:30,4977.000000,5000.000000,4977.000000,4991.000000,2993
2020-04-30T10:15:00+05:30,4991.000000,4995.000000,4948.000000,4970.000000,6064
2020-04-30T10:30:00+05:30,4968.000000,4974.000000,4957.400000,4968.850000,2182
2020-04-30T10:45:00+05:30,4970.000000,4975.000000,4925.500000,4927.000000,3513
2020-04-30T11:00:00+05:30,4930.000000,4959.950000,4926.000000,4955.000000,1437
2020-04-30T11:15:00+05:30,4950.650000,4979.750000,4945.000000,4955.000000,2260
2020-04-30T11:30:00+05:30,4955.000000,4975.000000,4946.000000,4950.000000,2020
2020-04-30T11:45:00+05:30,4950.000000,4955.550000,4932.150000,4932.850000,2659
2020-04-30T12:00:00+05:30,4935.300000,4939.900000,4930.000000,4933.050000,1843
2020-04-30T12:15:00+05:30,4933.050000,4943.650000,4933.000000,4940.050000,1492
2020-04-30T12:30:00+05:30,4940.050000,4943.650000,4925.000000,4925.000000,3752
2020-04-30T12:45:00+05:30,4925.000000,4935.000000,4925.000000,4927.800000,2426
2020-04-30T13:00:00+05:30,4925.000000,4926.000000,4885.500000,4910.050000,7736
2020-04-30T13:15:00+05:30,4914.650000,4916.450000,4891.050000,4900.000000,3143
2020-04-30T13:30:00+05:30,4900.000000,4914.500000,4895.000000,4904.350000,2867
2020-04-30T13:45:00+05:30,4904.350000,4909.000000,4895.050000,4895.950000,8064
2020-04-30T14:00:00+05:30,4895.950000,4903.950000,4895.000000,4900.050000,3315
2020-04-30T14:15:00+05:30,4900.000000,4904.950000,4891.050000,4899.000000,4398
2020-04-30T14:30:00+05:30,4899.000000,4901.000000,4891.750000,4894.850000,3956
2020-04-30T14:45:00+05:30,4894.850000,4900.000000,4892.650000,4896.000000,4996
2020-04-30T15:00:00+05:30,4896.000000,4904.900000,4892.000000,4898.200000,5910
2020-04-30T15:15:00+05:30,4899.000000,4920.000000,4890.000000,4920.000000,9518
2020-05-04T09:15:00+05:30,4899.000000,4979.950000,4874.300000,4949.750000,13270
2020-05-04T09:30:00+05:30,4946.350000,4991.000000,4938.600000,4962.000000,10438
2020-05-04T09:45:00+05:30,4962.000000,4980.850000,4951.000000,4961.100000,4768
2020-05-04T10:00:00+05:30,4961.100000,4963.150000,4920.000000,4948.000000,10414
2020-05-04T10:15:00+05:30,4948.000000,4952.000000,4932.050000,4945.100000,3652
2020-05-04T10:30:00+05:30,4945.100000,4954.000000,4939.650000,4949.950000,1916
2020-05-04T10:45:00+05:30,4949.950000,4975.000000,4942.000000,4956.750000,4752
2020-05-04T11:00:00+05:30,4956.750000,4962.400000,4942.000000,4954.850000,1855
2020-05-04T11:15:00+05:30,4954.850000,4959.950000,4945.400000,4950.100000,2793
2020-05-04T11:30:00+05:30,4950.100000,4969.000000,4947.000000,4950.450000,3927
2020-05-04T11:45:00+05:30,4950.300000,4965.000000,4950.000000,4950.250000,2386
2020-05-04T12:00:00+05:30,4950.250000,4960.100000,4950.000000,4953.950000,2653
2020-05-04T12:15:00+05:30,4953.950000,4960.000000,4952.000000,4953.100000,1708
2020-05-04T12:30:00+05:30,4952.650000,4970.050000,4951.000000,4961.000000,3506
2020-05-04T12:45:00+05:30,4961.000000,4964.900000,4953.000000,4957.200000,1680
2020-05-04T13:00:00+05:30,4957.200000,4980.000000,4957.200000,4975.950000,4580
2020-05-04T13:15:00+05:30,4972.000000,4976.000000,4965.050000,4970.000000,2980
2020-05-04T13:30:00+05:30,4970.000000,4985.000000,4966.000000,4982.650000,4636
2020-05-04T13:45:00+05:30,4982.650000,4982.650000,4966.000000,4971.300000,2164
2020-05-04T14:00:00+05:30,4971.300000,4977.950000,4955.000000,4962.600000,3934
2020-05-04T14:15:00+05:30,4962.600000,4970.000000,4951.000000,4956.150000,3820
2020-05-04T14:30:00+05:30,4956.150000,4970.000000,4952.050000,4962.250000,1931
2020-05-04T14:45:00+05:30,4962.250000,4985.000000,4962.250000,4980.000000,6173
2020-05-04T15:00:00+05:30,4979.000000,4989.950000,4975.100000,4980.000000,6560
2020-05-04T15:15:00+05:30,4980.000000,5040.100000,4978.000000,5000.000000,26916
2020-05-05T09:15:00+05:30,5080.000000,5080.000000,5015.000000,5023.450000,12823
2020-05-05T09:30:00+05:30,5023.700000,5060.000000,5016.100000,5054.000000,7884
2020-05-05T09:45:00+05:30,5054.000000,5076.000000,5015.050000,5029.000000,9657
2020-05-05T10:00:00+05:30,5029.000000,5029.000000,4982.050000,4996.000000,5562
2020-05-05T10:15:00+05:30,4996.000000,5020.000000,4960.000000,4968.600000,6198
2020-05-05T10:30:00+05:30,4965.050000,4988.200000,4961.000000,4966.200000,6531
2020-05-05T10:45:00+05:30,4966.200000,4992.000000,4965.000000,4966.450000,2535
2020-05-05T11:00:00+05:30,4966.450000,4989.000000,4965.000000,4979.900000,2353
2020-05-05T11:15:00+05:30,4979.900000,4995.000000,4960.950000,4968.000000,3641
2020-05-05T11:30:00+05:30,4968.000000,4985.200000,4968.000000,4983.950000,1136
2020-05-05T11:45:00+05:30,4983.950000,4994.950000,4975.000000,4975.000000,2498
2020-05-05T12:00:00+05:30,4975.000000,4990.000000,4971.800000,4981.200000,2181
2020-05-05T12:15:00+05:30,4981.200000,4990.000000,4980.000000,4986.150000,1570
2020-05-05T12:30:00+05:30,4986.150000,5025.000000,4986.000000,5018.950000,4540
2020-05-05T12:45:00+05:30,5018.950000,5037.000000,5006.050000,5020.000000,8518
2020-05-05T13:00:00+05:30,5014.500000,5020.000000,4997.150000,5000.000000,5139
2020-05-05T13:15:00+05:30,5000.000000,5007.000000,4998.000000,5000.550000,1590
2020-05-05T13:30:00+05:30,5000.150000,5004.550000,4990.000000,4993.300000,2834
2020-05-05T13:45:00+05:30,4993.300000,5004.950000,4983.100000,5002.200000,2813
2020-05-05T14:00:00+05:30,5002.200000,5008.000000,4993.050000,5000.050000,2353
2020-05-05T14:15:00+05:30,5000.050000,5003.900000,4980.000000,4991.000000,2692
2020-05-05T14:30:00+05:30,4990.000000,4998.000000,4941.000000,4978.050000,7668
2020-05-05T14:45:00+05:30,4975.750000,4990.000000,4965.050000,4974.100000,4194
2020-05-05T15:00:00+05:30,4974.300000,4988.000000,4970.000000,4972.250000,3702
2020-05-05T15:15:00+05:30,4970.000000,4989.000000,4940.050000,4989.000000,11182
2020-05-06T09:15:00+05:30,4800.000000,4834.000000,4673.850000,4770.900000,23150
2020-05-06T09:30:00+05:30,4770.900000,4790.000000,4751.050000,4784.000000,4985
2020-05-06T09:45:00+05:30,4784.000000,4799.000000,4762.050000,4780.550000,4756
2020-05-06T10:00:00+05:30,4780.550000,4782.900000,4766.050000,4777.500000,3167
2020-05-06T10:15:00+05:30,4777.500000,4782.000000,4772.050000,4776.250000,1770
2020-05-06T10:30:00+05:30,4776.250000,4814.950000,4775.050000,4805.000000,4538
2020-05-06T10:45:00+05:30,4805.000000,4820.000000,4781.200000,4800.000000,3830
2020-05-06T11:00:00+05:30,4800.400000,4804.400000,4781.200000,4782.000000,2172
2020-05-06T11:15:00+05:30,4780.400000,4798.600000,4775.000000,4792.000000,1809
2020-05-06T11:30:00+05:30,4792.000000,4799.900000,4779.500000,4780.100000,1530
2020-05-06T11:45:00+05:30,4780.150000,4792.000000,4770.000000,4791.500000,1387
2020-05-06T12:00:00+05:30,4791.500000,4799.900000,4770.000000,4780.000000,2506
2020-05-06T12:15:00+05:30,4780.000000,4794.650000,4777.350000,4790.000000,1166
2020-05-06T12:30:00+05:30,4790.000000,4794.900000,4783.000000,4786.450000,865
2020-05-06T12:45:00+05:30,4786.450000,4794.900000,4783.750000,4787.300000,931
2020-05-06T13:00:00+05:30,4783.200000,4788.550000,4755.100000,4764.600000,3347
2020-05-06T13:15:00+05:30,4764.600000,4780.000000,4763.050000,4776.650000,823
2020-05-06T13:30:00+05:30,4776.650000,4783.950000,4770.000000,4780.000000,883
2020-05-06T13:45:00+05:30,4781.450000,4783.650000,4775.000000,4779.000000,610
2020-05-06T14:00:00+05:30,4779.000000,4781.000000,4774.350000,4779.550000,783
2020-05-06T14:15:00+05:30,4776.000000,4779.550000,4751.000000,4754.600000,2487
2020-05-06T14:30:00+05:30,4754.600000,4765.000000,4750.000000,4764.900000,2720
2020-05-06T14:45:00+05:30,4765.000000,4780.000000,4758.700000,4775.000000,2757
2020-05-06T15:00:00+05:30,4775.000000,4780.000000,4755.000000,4761.300000,3589
2020-05-06T15:15:00+05:30,4761.000000,4775.000000,4755.200000,4772.650000,4878
2020-05-07T09:15:00+05:30,4770.000000,4800.000000,4667.000000,4667.000000,7426
2020-05-07T09:30:00+05:30,4667.000000,4684.850000,4613.000000,4675.200000,5468
2020-05-07T09:45:00+05:30,4675.200000,4687.150000,4636.550000,4649.700000,7814
2020-05-07T10:00:00+05:30,4649.700000,4675.500000,4645.100000,4665.050000,1184
2020-05-07T10:15:00+05:30,4665.050000,4670.250000,4656.000000,4660.000000,956
2020-05-07T10:30:00+05:30,4660.000000,4666.000000,4652.850000,4654.000000,1073
2020-05-07T10:45:00+05:30,4654.000000,4659.950000,4648.050000,4648.050000,1522
2020-05-07T11:00:00+05:30,4646.050000,4652.650000,4625.000000,4639.700000,2990
2020-05-07T11:15:00+05:30,4639.000000,4649.000000,4636.500000,4638.000000,933
2020-05-07T11:30:00+05:30,4638.000000,4638.550000,4622.000000,4625.000000,2329
2020-05-07T11:45:00+05:30,4625.000000,4629.950000,4612.200000,4625.000000,3031
2020-05-07T12:00:00+05:30,4628.900000,4629.850000,4620.000000,4626.100000,1328
2020-05-07T12:15:00+05:30,4625.400000,4626.800000,4615.100000,4620.000000,1524
2020-05-07T12:30:00+05:30,4620.000000,4662.700000,4617.050000,4654.650000,3601
2020-05-07T12:45:00+05:30,4654.650000,4668.650000,4642.250000,4660.100000,1897
2020-05-07T13:00:00+05:30,4660.100000,4669.950000,4651.150000,4651.350000,1063
2020-05-07T13:15:00+05:30,4651.350000,4663.550000,4650.000000,4663.550000,1857
2020-05-07T13:30:00+05:30,4660.050000,4664.000000,4650.500000,4652.000000,1276
2020-05-07T13:45:00+05:30,4652.000000,4656.000000,4650.350000,4650.550000,513
2020-05-07T14:00:00+05:30,4650.550000,4660.000000,4632.050000,4659.850000,2268
2020-05-07T14:15:00+05:30,4659.800000,4659.800000,4650.050000,4650.050000,1007
2020-05-07T14:30:00+05:30,4650.050000,4661.000000,4650.050000,4660.000000,1540
2020-05-07T14:45:00+05:30,4660.000000,4660.000000,4650.000000,4654.000000,1159
2020-05-07T15:00:00+05:30,4656.850000,4664.000000,4615.000000,4619.750000,5640
2020-05-07T15:15:00+05:30,4619.800000,4646.250000,4601.000000,4632.000000,7459
2020-05-08T09:15:00+05:30,4632.000000,4674.950000,4603.700000,4606.400000,4955
2020-05-08T09:30:00+05:30,4606.400000,4630.000000,4581.100000,4597.800000,4746
2020-05-08T09:45:00+05:30,4597.800000,4625.000000,4596.500000,4609.550000,1809
2020-05-08T10:00:00+05:30,4606.000000,4619.150000,4606.000000,4618.150000,1327
2020-05-08T10:15:00+05:30,4618.150000,4647.950000,4612.100000,4636.250000,1838
2020-05-08T10:30:00+05:30,4635.950000,4647.000000,4632.350000,4647.000000,1446
2020-05-08T10:45:00+05:30,4647.000000,4655.500000,4642.050000,4650.050000,1010
2020-05-08T11:00:00+05:30,4652.000000,4655.000000,4625.000000,4629.800000,1313
2020-05-08T11:15:00+05:30,4629.800000,4651.700000,4628.000000,4644.000000,1888
2020-05-08T11:30:00+05:30,4644.000000,4664.950000,4642.000000,4642.000000,1892
2020-05-08T11:45:00+05:30,4642.000000,4648.950000,4632.050000,4632.050000,1055
2020-05-08T12:00:00+05:30,4632.050000,4639.300000,4626.050000,4628.000000,1509
2020-05-08T12:15:00+05:30,4633.600000,4638.000000,4626.000000,4627.000000,706
2020-05-08T12:30:00+05:30,4627.000000,4634.800000,4623.000000,4625.000000,591
2020-05-08T12:45:00+05:30,4625.000000,4627.000000,4620.000000,4621.350000,518
2020-05-08T13:00:00+05:30,4621.350000,4635.000000,4620.050000,4630.000000,579
2020-05-08T13:15:00+05:30,4630.000000,4633.900000,4605.000000,4615.000000,3266
2020-05-08T13:30:00+05:30,4615.000000,4615.000000,4600.500000,4611.700000,1079
2020-05-08T13:45:00+05:30,4611.700000,4611.700000,4585.000000,4590.000000,1535
2020-05-08T14:00:00+05:30,4590.000000,4609.500000,4586.200000,4592.250000,750
2020-05-08T14:15:00+05:30,4589.050000,4615.000000,4582.100000,4610.000000,2008
2020-05-08T14:30:00+05:30,4613.500000,4613.500000,4592.000000,4599.800000,1097
2020-05-08T14:45:00+05:30,4599.800000,4620.000000,4597.900000,4620.000000,1873
2020-05-08T15:00:00+05:30,4620.000000,4627.950000,4600.000000,4605.100000,1531
2020-05-08T15:15:00+05:30,4605.100000,4612.000000,4595.000000,4600.000000,3819
2020-05-11T09:15:00+05:30,4600.000000,4624.900000,4600.000000,4613.250000,3264
2020-05-11T09:30:00+05:30,4613.250000,4619.000000,4596.000000,4600.100000,2669
2020-05-11T09:45:00+05:30,4600.100000,4600.100000,4566.000000,4588.000000,6183
2020-05-11T10:00:00+05:30,4588.000000,4589.350000,4567.000000,4582.000000,2764
2020-05-11T10:15:00+05:30,4582.000000,4587.700000,4577.100000,4587.000000,1217
2020-05-11T10:30:00+05:30,4587.000000,4594.000000,4572.000000,4575.950000,1991
2020-05-11T10:45:00+05:30,4575.950000,4580.000000,4570.000000,4575.500000,1060
2020-05-11T11:00:00+05:30,4575.500000,4587.450000,4575.000000,4575.000000,455
2020-05-11T11:15:00+05:30,4575.000000,4578.000000,4570.000000,4570.200000,691
2020-05-11T11:30:00+05:30,4570.200000,4571.950000,4560.000000,4560.100000,1368
2020-05-11T11:45:00+05:30,4562.000000,4566.000000,4560.000000,4563.850000,1246
2020-05-11T12:00:00+05:30,4563.850000,4564.000000,4551.000000,4558.600000,1486
2020-05-11T12:15:00+05:30,4558.600000,4558.600000,4551.000000,4552.050000,535
2020-05-11T12:30:00+05:30,4552.050000,4556.850000,4551.000000,4551.000000,551
2020-05-11T12:45:00+05:30,4551.000000,4555.000000,4535.000000,4540.950000,2199
2020-05-11T13:00:00+05:30,4540.950000,4546.600000,4521.000000,4527.400000,3129
2020-05-11T13:15:00+05:30,4527.400000,4542.800000,4523.000000,4533.500000,1798
2020-05-11T13:30:00+05:30,4533.500000,4533.500000,4521.000000,4527.000000,602
2020-05-11T13:45:00+05:30,4527.000000,4534.950000,4524.000000,4525.000000,648
2020-05-11T14:00:00+05:30,4525.000000,4533.400000,4524.000000,4525.150000,828
2020-05-11T14:15:00+05:30,4525.150000,4528.900000,4515.000000,4523.900000,2187
2020-05-11T14:30:00+05:30,4523.900000,4523.900000,4500.000000,4502.000000,3166
2020-05-11T14:45:00+05:30,4502.000000,4542.000000,4502.000000,4536.550000,2582
2020-05-11T15:00:00+05:30,4536.550000,4540.000000,4515.000000,4515.100000,2238
2020-05-11T15:15:00+05:30,4515.100000,4518.150000,4500.000000,4505.000000,4676
2020-05-12T09:15:00+05:30,4498.500000,4498.850000,4404.000000,4448.000000,6929
2020-05-12T09:30:00+05:30,4449.600000,4460.350000,4417.450000,4420.100000,2905
2020-05-12T09:45:00+05:30,4420.100000,4424.250000,4405.000000,4406.000000,3518
2020-05-12T10:00:00+05:30,4406.000000,4423.900000,4385.400000,4413.000000,4618
2020-05-12T10:15:00+05:30,4413.000000,4414.750000,4394.000000,4395.250000,1741
2020-05-12T10:30:00+05:30,4395.250000,4401.000000,4390.050000,4392.000000,1660
2020-05-12T10:45:00+05:30,4392.000000,4403.000000,4381.000000,4390.600000,3185
2020-05-12T11:00:00+05:30,4393.000000,4399.450000,4380.800000,4382.000000,1823
2020-05-12T11:15:00+05:30,4382.000000,4384.750000,4360.050000,4361.000000,4464
2020-05-12T11:30:00+05:30,4361.000000,4368.850000,4350.000000,4360.050000,3183
2020-05-12T11:45:00+05:30,4360.050000,4363.950000,4352.000000,4352.050000,1631
2020-05-12T12:00:00+05:30,4352.050000,4370.300000,4352.000000,4365.650000,1465
2020-05-12T12:15:00+05:30,4365.650000,4381.000000,4355.150000,4374.500000,1867
2020-05-12T12:30:00+05:30,4374.500000,4384.050000,4366.550000,4366.550000,1655
2020-05-12T12:45:00+05:30,4366.550000,4377.000000,4354.000000,4354.000000,1321
2020-05-12T13:00:00+05:30,4354.000000,4369.800000,4354.000000,4363.000000,1263
2020-05-12T13:15:00+05:30,4363.000000,4364.700000,4352.100000,4355.550000,1222
2020-05-12T13:30:00+05:30,4355.550000,4358.950000,4338.050000,4344.500000,3188
2020-05-12T13:45:00+05:30,4344.500000,4361.600000,4337.000000,4350.400000,2281
2020-05-12T14:00:00+05:30,4350.400000,4360.000000,4342.050000,4342.450000,1586
2020-05-12T14:15:00+05:30,4342.450000,4365.000000,4342.300000,4352.000000,2205
2020-05-12T14:30:00+05:30,4352.000000,4379.000000,4350.000000,4369.950000,2822
2020-05-12T14:45:00+05:30,4369.950000,4384.000000,4355.000000,4378.000000,3029
2020-05-12T15:00:00+05:30,4378.000000,4382.450000,4351.050000,4357.050000,3747
2020-05-12T15:15:00+05:30,4355.000000,4364.950000,4350.100000,4363.550000,3895
2020-05-13T09:15:00+05:30,4429.000000,4429.000000,4321.200000,4343.400000,7252
2020-05-13T09:30:00+05:30,4340.350000,4354.300000,4290.050000,4312.950000,4909
2020-05-13T09:45:00+05:30,4312.950000,4337.300000,4310.150000,4335.000000,2169
2020-05-13T10:00:00+05:30,4335.000000,4338.000000,4316.000000,4323.000000,972
2020-05-13T10:15:00+05:30,4323.000000,4326.500000,4313.500000,4325.000000,785
2020-05-13T10:30:00+05:30,4325.000000,4329.850000,4316.000000,4320.950000,1051
2020-05-13T10:45:00+05:30,4320.950000,4349.950000,4313.750000,4345.000000,3327
2020-05-13T11:00:00+05:30,4345.000000,4358.900000,4325.150000,4341.550000,5715
2020-05-13T11:15:00+05:30,4341.550000,4353.700000,4332.250000,4341.000000,850
2020-05-13T11:30:00+05:30,4341.000000,4341.000000,4316.000000,4328.000000,1222
2020-05-13T11:45:00+05:30,4328.000000,4333.250000,4317.000000,4324.350000,433
2020-05-13T12:00:00+05:30,4333.450000,4335.100000,4321.100000,4331.950000,681
2020-05-13T12:15:00+05:30,4331.900000,4331.900000,4320.050000,4323.000000,286
2020-05-13T12:30:00+05:30,4323.000000,4331.900000,4323.000000,4327.000000,595
2020-05-13T12:45:00+05:30,4327.000000,4330.350000,4324.000000,4329.950000,502
2020-05-13T13:00:00+05:30,4329.950000,4330.800000,4325.150000,4330.000000,459
2020-05-13T13:15:00+05:30,4330.000000,4335.000000,4325.000000,4334.100000,393
2020-05-13T13:30:00+05:30,4334.100000,4359.900000,4334.100000,4356.950000,1500
2020-05-13T13:45:00+05:30,4355.000000,4415.000000,4354.900000,4400.000000,6675
2020-05-13T14:00:00+05:30,4400.000000,4408.000000,4385.750000,4385.850000,1923
2020-05-13T14:15:00+05:30,4389.000000,4389.850000,4372.050000,4381.900000,1330
2020-05-13T14:30:00+05:30,4381.900000,4390.950000,4375.000000,4385.200000,1198
2020-05-13T14:45:00+05:30,4385.200000,4405.000000,4384.500000,4400.000000,2203
2020-05-13T15:00:00+05:30,4400.000000,4400.000000,4375.000000,4384.950000,2240
2020-05-13T15:15:00+05:30,4384.950000,4397.000000,4375.000000,4375.000000,3059
2020-05-14T09:15:00+05:30,4350.000000,4443.950000,4329.500000,4413.300000,8564
2020-05-14T09:30:00+05:30,4413.300000,4434.900000,4391.000000,4428.100000,4697
2020-05-14T09:45:00+05:30,4428.100000,4463.150000,4415.100000,4462.950000,3257
2020-05-14T10:00:00+05:30,4462.950000,4470.000000,4450.000000,4460.000000,4357
2020-05-14T10:15:00+05:30,4460.000000,4463.000000,4440.000000,4450.000000,2294
2020-05-14T10:30:00+05:30,4450.000000,4516.850000,4447.500000,4508.000000,8174
2020-05-14T10:45:00+05:30,4508.000000,4516.000000,4485.150000,4493.250000,3035
2020-05-14T11:00:00+05:30,4493.250000,4503.000000,4480.000000,4480.450000,1898
2020-05-14T11:15:00+05:30,4480.450000,4500.000000,4471.000000,4478.500000,1571
2020-05-14T11:30:00+05:30,4478.500000,4485.000000,4445.000000,4470.150000,4391
2020-05-14T11:45:00+05:30,4470.150000,4470.150000,4450.000000,4457.000000,1307
2020-05-14T12:00:00+05:30,4457.000000,4475.000000,4455.100000,4455.100000,1219
2020-05-14T12:15:00+05:30,4455.100000,4458.000000,4442.300000,4448.300000,1916
2020-05-14T12:30:00+05:30,4451.700000,4458.000000,4442.900000,4446.450000,901
2020-05-14T12:45:00+05:30,4446.450000,4452.850000,4442.050000,4444.550000,1502
2020-05-14T13:00:00+05:30,4444.550000,4468.500000,4444.100000,4451.200000,1178
2020-05-14T13:15:00+05:30,4451.200000,4457.950000,4444.000000,4446.000000,1026
2020-05-14T13:30:00+05:30,4446.000000,4446.000000,4415.000000,4425.350000,3375
2020-05-14T13:45:00+05:30,4425.350000,4428.600000,4419.000000,4426.000000,868
2020-05-14T14:00:00+05:30,4426.000000,4429.600000,4415.050000,4421.000000,1731
2020-05-14T14:15:00+05:30,4421.000000,4427.000000,4416.550000,4416.650000,1005
2020-05-14T14:30:00+05:30,4416.650000,4428.900000,4410.100000,4423.950000,1281
2020-05-14T14:45:00+05:30,4423.950000,4440.000000,4411.100000,4415.000000,2030
2020-05-14T15:00:00+05:30,4415.000000,4420.000000,4410.000000,4410.000000,1588
2020-05-14T15:15:00+05:30,4410.000000,4425.000000,4405.000000,4415.000000,3244
2020-05-15T09:15:00+05:30,4401.000000,4437.800000,4333.000000,4382.400000,4592
2020-05-15T09:30:00+05:30,4382.400000,4387.950000,4363.300000,4387.000000,1478
2020-05-15T09:45:00+05:30,4387.000000,4388.000000,4365.000000,4365.000000,1164
2020-05-15T10:00:00+05:30,4365.000000,4376.150000,4364.000000,4365.500000,876
2020-05-15T10:15:00+05:30,4366.550000,4375.650000,4364.250000,4375.650000,651
2020-05-15T10:30:00+05:30,4370.250000,4375.650000,4365.000000,4365.000000,461
2020-05-15T10:45:00+05:30,4365.000000,4377.850000,4365.000000,4371.050000,489
2020-05-15T11:00:00+05:30,4374.600000,4374.600000,4364.100000,4364.500000,672
2020-05-15T11:15:00+05:30,4364.500000,4373.000000,4364.500000,4365.950000,924
2020-05-15T11:30:00+05:30,4365.950000,4368.550000,4363.100000,4367.900000,329
2020-05-15T11:45:00+05:30,4367.900000,4368.000000,4361.000000,4367.000000,1921
2020-05-15T12:00:00+05:30,4367.000000,4367.000000,4350.000000,4354.150000,728
2020-05-15T12:15:00+05:30,4354.150000,4365.850000,4351.150000,4365.850000,597
2020-05-15T12:30:00+05:30,4365.850000,4374.950000,4362.350000,4372.000000,522
2020-05-15T12:45:00+05:30,4374.000000,4374.000000,4357.100000,4360.050000,199
2020-05-15T13:00:00+05:30,4360.050000,4374.900000,4356.600000,4374.650000,969
2020-05-15T13:15:00+05:30,4374.650000,4374.650000,4360.000000,4363.250000,234
2020-05-15T13:30:00+05:30,4363.250000,4363.850000,4360.000000,4363.850000,123
2020-05-15T13:45:00+05:30,4363.850000,4370.100000,4353.000000,4364.700000,726
2020-05-15T14:00:00+05:30,4364.700000,4385.000000,4364.700000,4383.000000,663
2020-05-15T14:15:00+05:30,4383.000000,4383.000000,4365.150000,4370.000000,731
2020-05-15T14:30:00+05:30,4370.000000,4405.000000,4361.300000,4396.950000,3476
2020-05-15T14:45:00+05:30,4396.950000,4396.950000,4370.000000,4374.000000,1244
2020-05-15T15:00:00+05:30,4374.000000,4374.600000,4353.000000,4353.000000,3465
2020-05-15T15:15:00+05:30,4353.000000,4355.000000,4333.000000,4347.950000,4188
2020-05-18T09:15:00+05:30,4352.150000,4378.950000,4278.000000,4304.200000,3841
2020-05-18T09:30:00+05:30,4304.200000,4318.050000,4280.000000,4281.000000,2326
2020-05-18T09:45:00+05:30,4281.000000,4295.000000,4276.100000,4285.000000,2572
2020-05-18T10:00:00+05:30,4285.000000,4295.000000,4278.050000,4285.800000,1467
2020-05-18T10:15:00+05:30,4287.900000,4287.900000,4261.000000,4272.850000,1611
2020-05-18T10:30:00+05:30,4272.850000,4274.200000,4257.000000,4259.900000,1236
2020-05-18T10:45:00+05:30,4259.900000,4275.200000,4225.000000,4230.100000,2323
2020-05-18T11:00:00+05:30,4225.000000,4239.800000,4205.000000,4207.000000,1848
2020-05-18T11:15:00+05:30,4207.000000,4210.000000,4155.550000,4176.950000,5087
2020-05-18T11:30:00+05:30,4176.850000,4192.950000,4164.050000,4184.100000,1742
2020-05-18T11:45:00+05:30,4184.050000,4218.950000,4182.000000,4208.050000,1831
2020-05-18T12:00:00+05:30,4208.050000,4218.650000,4205.000000,4211.400000,1022
2020-05-18T12:15:00+05:30,4211.400000,4211.400000,4200.000000,4205.300000,919
2020-05-18T12:30:00+05:30,4205.300000,4215.000000,4200.000000,4212.000000,469
2020-05-18T12:45:00+05:30,4212.000000,4235.950000,4205.850000,4205.850000,948
2020-05-18T13:00:00+05:30,4208.050000,4216.000000,4197.000000,4197.350000,885
2020-05-18T13:15:00+05:30,4197.350000,4210.000000,4187.250000,4204.000000,747
2020-05-18T13:30:00+05:30,4209.350000,4209.350000,4193.800000,4195.050000,850
2020-05-18T13:45:00+05:30,4198.000000,4220.000000,4198.000000,4214.450000,1093
2020-05-18T14:00:00+05:30,4214.450000,4219.700000,4208.050000,4215.000000,995
2020-05-18T14:15:00+05:30,4215.000000,4215.000000,4190.100000,4204.150000,764
2020-05-18T14:30:00+05:30,4204.150000,4213.000000,4200.600000,4207.850000,662
2020-05-18T14:45:00+05:30,4207.850000,4220.000000,4203.000000,4212.300000,841
2020-05-18T15:00:00+05:30,4212.300000,4212.300000,4190.400000,4197.750000,1737
2020-05-18T15:15:00+05:30,4198.300000,4222.000000,4190.100000,4222.000000,18116
2020-05-19T09:15:00+05:30,4276.000000,4278.700000,4231.550000,4233.000000,2239
2020-05-19T09:30:00+05:30,4233.000000,4272.100000,4212.100000,4271.000000,3316
2020-05-19T09:45:00+05:30,4271.000000,4320.000000,4269.950000,4292.600000,4104
2020-05-19T10:00:00+05:30,4292.600000,4307.050000,4285.750000,4293.900000,1105
2020-05-19T10:15:00+05:30,4293.900000,4307.250000,4293.900000,4306.050000,610
2020-05-19T10:30:00+05:30,4308.400000,4308.400000,4285.000000,4288.550000,832
2020-05-19T10:45:00+05:30,4288.550000,4310.000000,4285.050000,4305.000000,1365
2020-05-19T11:00:00+05:30,4305.000000,4305.000000,4280.000000,4287.850000,717
2020-05-19T11:15:00+05:30,4287.850000,4298.650000,4287.850000,4295.850000,474
2020-05-19T11:30:00+05:30,4295.850000,4304.950000,4287.400000,4302.950000,640
2020-05-19T11:45:00+05:30,4302.950000,4307.850000,4298.050000,4302.750000,632
2020-05-19T12:00:00+05:30,4304.000000,4304.000000,4285.800000,4299.950000,241
2020-05-19T12:15:00+05:30,4297.600000,4300.000000,4297.400000,4297.650000,171
2020-05-19T12:30:00+05:30,4297.650000,4302.050000,4293.550000,4298.700000,717
2020-05-19T12:45:00+05:30,4298.700000,4303.850000,4280.000000,4280.050000,689
2020-05-19T13:00:00+05:30,4280.050000,4290.000000,4280.000000,4285.000000,799
2020-05-19T13:15:00+05:30,4285.000000,4285.000000,4280.350000,4284.250000,297
2020-05-19T13:30:00+05:30,4284.250000,4292.900000,4282.050000,4290.350000,1041
2020-05-19T13:45:00+05:30,4290.350000,4290.350000,4261.300000,4273.650000,900
2020-05-19T14:00:00+05:30,4273.650000,4279.000000,4266.550000,4270.550000,597
2020-05-19T14:15:00+05:30,4273.000000,4273.250000,4254.950000,4263.150000,1161
2020-05-19T14:30:00+05:30,4265.000000,4293.000000,4265.000000,4292.000000,1595
2020-05-19T14:45:00+05:30,4292.000000,4300.000000,4289.700000,4298.750000,681
2020-05-19T15:00:00+05:30,4300.000000,4320.000000,4291.300000,4296.750000,2907
2020-05-19T15:15:00+05:30,4293.300000,4315.000000,4291.000000,4311.000000,2584
2020-05-20T09:15:00+05:30,4285.200000,4304.550000,4254.000000,4271.900000,2488
2020-05-20T09:30:00+05:30,4271.900000,4280.000000,4253.050000,4269.950000,2094
2020-05-20T09:45:00+05:30,4269.950000,4277.000000,4260.050000,4269.750000,1742
2020-05-20T10:00:00+05:30,4269.750000,4277.000000,4266.250000,4270.000000,601
2020-05-20T10:15:00+05:30,4270.000000,4277.000000,4270.000000,4274.200000,516
2020-05-20T10:30:00+05:30,4274.200000,4290.000000,4270.000000,4290.000000,1091
2020-05-20T10:45:00+05:30,4294.100000,4330.000000,4290.000000,4300.000000,4065
2020-05-20T11:00:00+05:30,4300.000000,4300.000000,4265.800000,4284.800000,4136
2020-05-20T11:15:00+05:30,4284.950000,4289.900000,4272.900000,4283.350000,1134
2020-05-20T11:30:00+05:30,4283.650000,4284.700000,4275.050000,4280.000000,603
2020-05-20T11:45:00+05:30,4280.000000,4280.000000,4273.700000,4280.000000,426
2020-05-20T12:00:00+05:30,4280.000000,4290.000000,4265.000000,4290.000000,866
2020-05-20T12:15:00+05:30,4290.000000,4299.000000,4281.600000,4298.700000,1185
2020-05-20T12:30:00+05:30,4298.700000,4320.000000,4298.250000,4314.550000,1077
2020-05-20T12:45:00+05:30,4314.600000,4318.750000,4295.100000,4308.400000,973
2020-05-20T13:00:00+05:30,4308.400000,4326.450000,4304.300000,4323.900000,1028
2020-05-20T13:15:00+05:30,4323.900000,4324.950000,4313.900000,4323.950000,790
2020-05-20T13:30:00+05:30,4324.000000,4329.000000,4313.000000,4318.550000,1035
2020-05-20T13:45:00+05:30,4318.600000,4327.900000,4314.050000,4327.900000,1021
2020-05-20T14:00:00+05:30,4327.900000,4328.000000,4313.000000,4317.800000,1149
2020-05-20T14:15:00+05:30,4318.900000,4330.000000,4313.050000,4325.900000,1330
2020-05-20T14:30:00+05:30,4325.900000,4344.950000,4322.200000,4340.300000,1495
2020-05-20T14:45:00+05:30,4340.300000,4344.000000,4323.050000,4337.550000,1043
2020-05-20T15:00:00+05:30,4337.000000,4339.950000,4316.250000,4318.550000,1598
2020-05-20T15:15:00+05:30,4318.550000,4338.000000,4318.550000,4323.050000,2832
2020-05-21T09:15:00+05:30,4327.000000,4344.950000,4293.150000,4307.050000,1902
2020-05-21T09:30:00+05:30,4307.050000,4332.800000,4304.050000,4325.450000,1183
2020-05-21T09:45:00+05:30,4325.450000,4326.800000,4296.000000,4315.550000,1294
2020-05-21T10:00:00+05:30,4315.550000,4317.000000,4285.000000,4285.000000,1188
2020-05-21T10:15:00+05:30,4285.000000,4305.800000,4285.000000,4297.100000,874
2020-05-21T10:30:00+05:30,4297.100000,4317.000000,4296.050000,4317.000000,704
2020-05-21T10:45:00+05:30,4316.100000,4325.200000,4302.050000,4303.000000,719
2020-05-21T11:00:00+05:30,4303.000000,4311.950000,4293.000000,4308.500000,1783
2020-05-21T11:15:00+05:30,4308.500000,4308.500000,4300.400000,4301.000000,3217
2020-05-21T11:30:00+05:30,4301.000000,4309.000000,4299.000000,4304.000000,994
2020-05-21T11:45:00+05:30,4304.400000,4309.400000,4300.000000,4300.000000,1009
2020-05-21T12:00:00+05:30,4301.800000,4309.800000,4300.000000,4301.000000,1434
2020-05-21T12:15:00+05:30,4301.000000,4305.350000,4295.000000,4300.050000,3174
2020-05-21T12:30:00+05:30,4300.050000,4304.100000,4300.000000,4303.000000,491
2020-05-21T12:45:00+05:30,4303.000000,4306.500000,4295.250000,4295.300000,586
2020-05-21T13:00:00+05:30,4295.300000,4300.350000,4295.000000,4298.900000,500
2020-05-21T13:15:00+05:30,4298.900000,4298.900000,4292.100000,4292.100000,355
2020-05-21T13:30:00+05:30,4292.100000,4293.050000,4285.000000,4285.100000,851
2020-05-21T13:45:00+05:30,4285.100000,4299.850000,4280.000000,4299.850000,1002
2020-05-21T14:00:00+05:30,4299.850000,4299.850000,4278.850000,4282.450000,404
2020-05-21T14:15:00+05:30,4282.450000,4282.450000,4240.400000,4240.750000,3029
2020-05-21T14:30:00+05:30,4241.550000,4245.000000,4210.000000,4231.000000,3560
2020-05-21T14:45:00+05:30,4229.650000,4246.100000,4229.650000,4243.150000,1380
2020-05-21T15:00:00+05:30,4243.150000,4243.150000,4212.100000,4221.900000,3179
2020-05-21T15:15:00+05:30,4223.000000,4226.950000,4210.000000,4225.900000,4044
2020-05-22T09:15:00+05:30,4234.000000,4238.950000,4165.000000,4181.650000,5253
2020-05-22T09:30:00+05:30,4181.650000,4194.800000,4180.050000,4194.000000,2198
2020-05-22T09:45:00+05:30,4194.000000,4215.900000,4190.050000,4215.900000,2464
2020-05-22T10:00:00+05:30,4210.100000,4215.900000,4193.000000,4195.100000,1725
2020-05-22T10:15:00+05:30,4195.100000,4227.550000,4175.000000,4181.650000,5137
2020-05-22T10:30:00+05:30,4181.650000,4181.650000,4165.200000,4173.950000,1790
2020-05-22T10:45:00+05:30,4173.950000,4176.950000,4156.550000,4161.350000,3195
2020-05-22T11:00:00+05:30,4161.350000,4189.950000,4159.000000,4186.050000,1324
2020-05-22T11:15:00+05:30,4186.050000,4199.300000,4178.000000,4182.800000,1696
2020-05-22T11:30:00+05:30,4182.800000,4189.550000,4178.150000,4189.550000,534
2020-05-22T11:45:00+05:30,4189.550000,4191.700000,4180.000000,4180.000000,439
2020-05-22T12:00:00+05:30,4180.000000,4185.000000,4175.000000,4185.000000,1472
2020-05-22T12:15:00+05:30,4185.000000,4185.000000,4176.200000,4177.000000,561
2020-05-22T12:30:00+05:30,4177.000000,4185.000000,4177.000000,4184.000000,365
2020-05-22T12:45:00+05:30,4184.000000,4185.000000,4180.500000,4181.350000,174
2020-05-22T13:00:00+05:30,4181.350000,4184.000000,4168.200000,4170.100000,1081
2020-05-22T13:15:00+05:30,4170.100000,4175.500000,4168.200000,4171.050000,1524
2020-05-22T13:30:00+05:30,4171.050000,4184.000000,4168.200000,4182.950000,595
2020-05-22T13:45:00+05:30,4182.950000,4184.000000,4171.700000,4171.700000,655
2020-05-22T14:00:00+05:30,4171.700000,4193.450000,4171.050000,4190.950000,1170
2020-05-22T14:15:00+05:30,4190.950000,4194.950000,4176.400000,4176.400000,745
2020-05-22T14:30:00+05:30,4176.400000,4183.000000,4171.000000,4180.000000,659
2020-05-22T14:45:00+05:30,4180.000000,4189.450000,4173.000000,4177.300000,1184
2020-05-22T15:00:00+05:30,4177.300000,4179.900000,4170.500000,4177.700000,2182
2020-05-22T15:15:00+05:30,4180.000000,4190.000000,4175.000000,4182.000000,3198
2020-05-26T09:15:00+05:30,4200.000000,4224.900000,4156.550000,4163.350000,2648
2020-05-26T09:30:00+05:30,4166.500000,4230.000000,4163.650000,4194.750000,3805
2020-05-26T09:45:00+05:30,4194.750000,4225.000000,4194.750000,4201.550000,1283
2020-05-26T10:00:00+05:30,4201.550000,4269.100000,4200.000000,4253.100000,7016
2020-05-26T10:15:00+05:30,4253.100000,4255.750000,4211.450000,4224.000000,3507
2020-05-26T10:30:00+05:30,4224.000000,4244.900000,4200.050000,4201.800000,7264
2020-05-26T10:45:00+05:30,4201.800000,4210.350000,4180.700000,4204.000000,2221
2020-05-26T11:00:00+05:30,4203.500000,4220.000000,4196.500000,4210.000000,768
2020-05-26T11:15:00+05:30,4210.000000,4230.800000,4210.000000,4215.500000,854
2020-05-26T11:30:00+05:30,4215.500000,4218.750000,4200.000000,4215.650000,545
2020-05-26T11:45:00+05:30,4215.650000,4231.900000,4211.000000,4222.000000,1349
2020-05-26T12:00:00+05:30,4225.350000,4246.000000,4222.050000,4237.000000,948
2020-05-26T12:15:00+05:30,4237.000000,4245.850000,4231.850000,4236.350000,907
2020-05-26T12:30:00+05:30,4236.350000,4241.000000,4220.200000,4225.600000,466
2020-05-26T12:45:00+05:30,4225.600000,4241.000000,4221.600000,4230.100000,482
2020-05-26T13:00:00+05:30,4230.100000,4235.000000,4227.950000,4227.950000,209
2020-05-26T13:15:00+05:30,4227.950000,4235.750000,4227.150000,4234.750000,894
2020-05-26T13:30:00+05:30,4234.750000,4237.900000,4227.200000,4235.000000,771
2020-05-26T13:45:00+05:30,4233.650000,4241.000000,4230.600000,4235.700000,1886
2020-05-26T14:00:00+05:30,4235.700000,4240.400000,4230.300000,4240.000000,991
2020-05-26T14:15:00+05:30,4235.300000,4248.000000,4233.000000,4237.500000,1412
2020-05-26T14:30:00+05:30,4237.500000,4249.000000,4235.050000,4239.500000,946
2020-05-26T14:45:00+05:30,4238.800000,4257.850000,4238.800000,4252.200000,17556
2020-05-26T15:00:00+05:30,4252.150000,4256.700000,4181.050000,4185.000000,5861
2020-05-26T15:15:00+05:30,4185.000000,4203.950000,4185.000000,4200.100000,3831
2020-05-27T09:15:00+05:30,4205.250000,4226.050000,4183.400000,4206.000000,3041
2020-05-27T09:30:00+05:30,4206.000000,4210.950000,4181.250000,4194.200000,1332
2020-05-27T09:45:00+05:30,4194.200000,4211.950000,4194.000000,4195.000000,921
2020-05-27T10:00:00+05:30,4191.000000,4198.450000,4185.000000,4190.000000,1867
2020-05-27T10:15:00+05:30,4190.000000,4195.550000,4181.900000,4192.050000,951
2020-05-27T10:30:00+05:30,4198.150000,4218.950000,4197.000000,4214.150000,1098
2020-05-27T10:45:00+05:30,4218.200000,4225.000000,4197.000000,4200.000000,1403
2020-05-27T11:00:00+05:30,4200.000000,4213.600000,4197.050000,4212.950000,738
2020-05-27T11:15:00+05:30,4212.950000,4215.850000,4183.050000,4184.650000,2349
2020-05-27T11:30:00+05:30,4184.650000,4191.850000,4182.000000,4186.900000,852
2020-05-27T11:45:00+05:30,4186.900000,4199.950000,4186.900000,4199.950000,339
2020-05-27T12:00:00+05:30,4199.950000,4201.400000,4195.900000,4199.250000,281
2020-05-27T12:15:00+05:30,4199.250000,4200.000000,4182.950000,4189.900000,1119
2020-05-27T12:30:00+05:30,4189.750000,4196.350000,4186.000000,4190.000000,325
2020-05-27T12:45:00+05:30,4190.000000,4194.950000,4183.150000,4185.150000,315
2020-05-27T13:00:00+05:30,4185.150000,4200.000000,4183.200000,4195.500000,621
2020-05-27T13:15:00+05:30,4195.500000,4200.000000,4191.450000,4199.950000,452
2020-05-27T13:30:00+05:30,4199.950000,4199.950000,4186.000000,4190.000000,689
2020-05-27T13:45:00+05:30,4189.850000,4192.650000,4182.100000,4186.000000,974
2020-05-27T14:00:00+05:30,4186.000000,4191.900000,4183.850000,4188.250000,715
2020-05-27T14:15:00+05:30,4187.900000,4204.000000,4184.500000,4188.900000,1084
2020-05-27T14:30:00+05:30,4188.900000,4204.150000,4185.100000,4201.350000,1276
2020-05-27T14:45:00+05:30,4205.000000,4210.000000,4199.000000,4206.200000,722
2020-05-27T15:00:00+05:30,4206.200000,4220.000000,4202.000000,4203.550000,1170
2020-05-27T15:15:00+05:30,4205.000000,4229.000000,4185.050000,4226.800000,5322
2020-05-28T09:15:00+05:30,4221.300000,4241.900000,4202.000000,4221.950000,2241
2020-05-28T09:30:00+05:30,4221.950000,4233.000000,4221.600000,4228.800000,1423
2020-05-28T09:45:00+05:30,4228.800000,4228.800000,4215.000000,4216.850000,965
2020-05-28T10:00:00+05:30,4215.000000,4216.000000,4188.000000,4211.900000,1166
2020-05-28T10:15:00+05:30,4211.900000,4215.800000,4190.000000,4202.000000,1505
2020-05-28T10:30:00+05:30,4202.000000,4203.650000,4195.000000,4196.000000,627
2020-05-28T10:45:00+05:30,4196.000000,4205.350000,4195.000000,4205.150000,873
2020-05-28T11:00:00+05:30,4205.150000,4218.850000,4201.000000,4209.550000,1609
2020-05-28T11:15:00+05:30,4209.550000,4209.550000,4193.000000,4193.000000,1080
2020-05-28T11:30:00+05:30,4193.000000,4201.450000,4190.000000,4195.550000,607
2020-05-28T11:45:00+05:30,4195.550000,4201.150000,4195.550000,4198.100000,463
2020-05-28T12:00:00+05:30,4197.000000,4199.400000,4184.500000,4185.550000,2149
2020-05-28T12:15:00+05:30,4185.550000,4190.500000,4180.000000,4186.850000,943
2020-05-28T12:30:00+05:30,4186.850000,4193.100000,4182.100000,4188.400000,651
2020-05-28T12:45:00+05:30,4188.400000,4188.400000,4161.550000,4181.050000,1574
2020-05-28T13:00:00+05:30,4181.050000,4185.200000,4177.000000,4180.350000,611
2020-05-28T13:15:00+05:30,4180.350000,4185.000000,4178.000000,4180.400000,655
2020-05-28T13:30:00+05:30,4180.000000,4184.000000,4177.000000,4180.000000,1045
2020-05-28T13:45:00+05:30,4180.000000,4181.600000,4176.000000,4180.650000,568
2020-05-28T14:00:00+05:30,4180.600000,4180.600000,4175.100000,4179.200000,713
2020-05-28T14:15:00+05:30,4179.000000,4184.600000,4175.100000,4184.450000,772
2020-05-28T14:30:00+05:30,4184.450000,4188.550000,4177.000000,4181.000000,1132
2020-05-28T14:45:00+05:30,4184.500000,4184.500000,4176.550000,4180.900000,1551
2020-05-28T15:00:00+05:30,4180.900000,4181.600000,4177.250000,4180.500000,1263
2020-05-28T15:15:00+05:30,4180.500000,4194.850000,4175.000000,4180.000000,4262
2020-05-29T09:15:00+05:30,4189.000000,4215.000000,4180.350000,4200.000000,2754
2020-05-29T09:30:00+05:30,4200.000000,4203.000000,4170.000000,4184.000000,3412
2020-05-29T09:45:00+05:30,4184.000000,4189.000000,4171.000000,4177.000000,1824
2020-05-29T10:00:00+05:30,4177.000000,4195.950000,4172.050000,4189.000000,2418
2020-05-29T10:15:00+05:30,4189.000000,4190.000000,4174.000000,4180.000000,1650
2020-05-29T10:30:00+05:30,4180.000000,4194.950000,4172.000000,4190.000000,1349
2020-05-29T10:45:00+05:30,4190.000000,4204.150000,4176.000000,4178.500000,1186
2020-05-29T11:00:00+05:30,4178.500000,4195.000000,4178.500000,4190.000000,1123
2020-05-29T11:15:00+05:30,4190.000000,4195.450000,4188.500000,4188.500000,320
2020-05-29T11:30:00+05:30,4188.500000,4198.900000,4175.000000,4179.750000,4844
2020-05-29T11:45:00+05:30,4179.750000,4179.750000,4170.100000,4176.950000,863
2020-05-29T12:00:00+05:30,4176.950000,4179.700000,4170.050000,4176.900000,613
2020-05-29T12:15:00+05:30,4176.900000,4188.750000,4171.100000,4176.650000,557
2020-05-29T12:30:00+05:30,4176.650000,4183.550000,4175.050000,4175.200000,433
2020-05-29T12:45:00+05:30,4178.000000,4180.000000,4175.250000,4179.950000,555
2020-05-29T13:00:00+05:30,4179.950000,4182.100000,4176.000000,4179.000000,1127
2020-05-29T13:15:00+05:30,4179.000000,4182.000000,4177.000000,4180.950000,527
2020-05-29T13:30:00+05:30,4180.950000,4182.300000,4177.300000,4178.800000,752
2020-05-29T13:45:00+05:30,4178.800000,4188.000000,4176.050000,4179.850000,962
2020-05-29T14:00:00+05:30,4179.850000,4189.000000,4176.050000,4183.000000,1648
2020-05-29T14:15:00+05:30,4183.000000,4279.950000,4176.300000,4224.150000,118963
2020-05-29T14:30:00+05:30,4222.000000,4227.000000,4181.000000,4218.950000,30262
2020-05-29T14:45:00+05:30,4218.000000,4224.650000,4207.000000,4213.000000,8605
2020-05-29T15:00:00+05:30,4212.000000,4213.000000,4000.550000,4001.600000,86325
2020-05-29T15:15:00+05:30,4001.600000,4046.000000,3990.000000,4002.250000,119288
2020-06-01T09:15:00+05:30,4073.950000,4088.000000,4030.750000,4060.150000,23405
2020-06-01T09:30:00+05:30,4060.000000,4078.750000,4031.850000,4074.300000,10685
2020-06-01T09:45:00+05:30,4074.000000,4088.000000,4057.300000,4069.000000,6247
2020-06-01T10:00:00+05:30,4069.000000,4073.000000,4062.000000,4066.200000,4101
2020-06-01T10:15:00+05:30,4066.200000,4067.900000,4057.050000,4063.000000,3003
2020-06-01T10:30:00+05:30,4063.000000,4064.000000,4035.000000,4035.000000,5067
2020-06-01T10:45:00+05:30,4035.600000,4044.450000,4035.000000,4037.500000,3319
2020-06-01T11:00:00+05:30,4038.950000,4049.650000,4035.500000,4040.950000,3578
2020-06-01T11:15:00+05:30,4040.950000,4040.950000,4025.000000,4030.000000,4745
2020-06-01T11:30:00+05:30,4030.000000,4038.950000,4025.000000,4028.450000,8170
2020-06-01T11:45:00+05:30,4028.450000,4032.900000,4025.000000,4026.650000,3939
2020-06-01T12:00:00+05:30,4026.650000,4030.000000,4010.000000,4016.700000,5747
2020-06-01T12:15:00+05:30,4016.700000,4020.000000,4010.050000,4012.000000,3794
2020-06-01T12:30:00+05:30,4012.000000,4020.300000,4011.050000,4018.200000,2280
2020-06-01T12:45:00+05:30,4018.200000,4023.350000,4013.000000,4017.100000,3633
2020-06-01T13:00:00+05:30,4017.100000,4027.950000,4012.000000,4014.950000,4215
2020-06-01T13:15:00+05:30,4014.950000,4019.400000,4011.050000,4015.000000,3389
2020-06-01T13:30:00+05:30,4015.000000,4021.200000,4002.750000,4006.200000,5421
2020-06-01T13:45:00+05:30,4006.200000,4010.000000,4000.150000,4005.200000,4049
2020-06-01T14:00:00+05:30,4005.200000,4012.750000,4005.200000,4012.200000,2725
2020-06-01T14:15:00+05:30,4012.200000,4020.000000,4010.000000,4018.950000,2735
2020-06-01T14:30:00+05:30,4018.950000,4037.900000,4018.950000,4025.150000,6476
2020-06-01T14:45:00+05:30,4025.150000,4037.000000,4025.150000,4037.000000,3867
2020-06-01T15:00:00+05:30,4036.950000,4037.000000,4007.000000,4021.000000,7470
2020-06-01T15:15:00+05:30,4020.950000,4030.050000,4005.000000,4015.000000,11320
2020-06-02T09:15:00+05:30,4014.950000,4014.950000,3934.600000,3980.100000,25597
2020-06-02T09:30:00+05:30,3980.200000,3985.000000,3958.000000,3979.150000,7651
2020-06-02T09:45:00+05:30,3979.150000,3985.000000,3965.000000,3983.000000,6048
2020-06-02T10:00:00+05:30,3983.000000,3983.000000,3965.050000,3973.000000,4613
2020-06-02T10:15:00+05:30,3973.050000,3977.750000,3968.600000,3976.500000,3286
2020-06-02T10:30:00+05:30,3976.500000,3998.100000,3976.000000,3997.300000,6526
2020-06-02T10:45:00+05:30,3997.300000,4000.000000,3985.250000,3995.000000,5158
2020-06-02T11:00:00+05:30,3994.750000,3996.000000,3985.500000,3986.650000,6390
2020-06-02T11:15:00+05:30,3986.650000,3990.000000,3980.000000,3981.000000,2139
2020-06-02T11:30:00+05:30,3981.000000,3985.300000,3971.450000,3984.000000,2822
2020-06-02T11:45:00+05:30,3984.000000,3985.000000,3979.000000,3984.950000,3021
2020-06-02T12:00:00+05:30,3984.950000,3990.000000,3977.000000,3977.000000,3097
2020-06-02T12:15:00+05:30,3977.000000,3987.900000,3976.000000,3984.900000,8867
2020-06-02T12:30:00+05:30,3984.900000,3987.500000,3981.100000,3985.700000,4853
2020-06-02T12:45:00+05:30,3985.700000,3988.000000,3982.550000,3987.550000,2410
2020-06-02T13:00:00+05:30,3987.550000,4014.100000,3984.050000,4010.750000,12765
2020-06-02T13:15:00+05:30,4009.200000,4013.000000,3997.350000,4001.800000,9170
2020-06-02T13:30:00+05:30,4001.800000,4001.850000,3988.050000,3988.500000,2952
2020-06-02T13:45:00+05:30,3990.350000,4004.750000,3985.550000,4002.800000,3708
2020-06-02T14:00:00+05:30,4002.800000,4005.000000,4000.000000,4004.350000,1609
2020-06-02T14:15:00+05:30,4004.350000,4013.500000,4000.000000,4010.350000,3260
2020-06-02T14:30:00+05:30,4010.350000,4037.900000,4004.000000,4028.000000,11352
2020-06-02T14:45:00+05:30,4028.000000,4053.000000,4020.000000,4028.950000,10573
2020-06-02T15:00:00+05:30,4028.950000,4034.300000,4020.000000,4020.550000,4751
2020-06-02T15:15:00+05:30,4020.550000,4025.500000,4018.050000,4025.500000,13301
2020-06-03T09:15:00+05:30,4032.000000,4064.000000,4026.050000,4041.400000,8078
2020-06-03T09:30:00+05:30,4041.400000,4057.400000,4035.300000,4043.000000,4765
2020-06-03T09:45:00+05:30,4043.000000,4043.000000,4016.000000,4026.800000,5574
2020-06-03T10:00:00+05:30,4026.950000,4055.000000,4026.200000,4054.400000,4507
2020-06-03T10:15:00+05:30,4054.500000,4069.000000,4052.550000,4067.300000,7156
2020-06-03T10:30:00+05:30,4067.300000,4067.350000,4050.700000,4056.800000,2797
2020-06-03T10:45:00+05:30,4056.800000,4082.950000,4043.050000,4079.900000,6446
2020-06-03T11:00:00+05:30,4075.800000,4081.900000,4068.000000,4073.250000,3816
2020-06-03T11:15:00+05:30,4073.250000,4073.250000,4060.000000,4060.950000,2316
2020-06-03T11:30:00+05:30,4060.950000,4069.200000,4052.000000,4066.250000,3115
2020-06-03T11:45:00+05:30,4066.400000,4076.000000,4061.850000,4076.000000,2170
2020-06-03T12:00:00+05:30,4076.000000,4079.950000,4056.000000,4060.450000,3586
2020-06-03T12:15:00+05:30,4060.450000,4065.000000,4057.750000,4064.000000,1440
2020-06-03T12:30:00+05:30,4064.000000,4067.950000,4060.050000,4061.250000,1388
2020-06-03T12:45:00+05:30,4065.900000,4089.250000,4060.000000,4081.250000,5788
2020-06-03T13:00:00+05:30,4085.550000,4090.000000,4075.000000,4085.700000,3530
2020-06-03T13:15:00+05:30,4085.700000,4088.350000,4073.000000,4078.950000,2049
2020-06-03T13:30:00+05:30,4078.950000,4080.000000,4066.000000,4069.000000,1324
2020-06-03T13:45:00+05:30,4069.000000,4072.000000,4061.000000,4061.000000,2149
2020-06-03T14:00:00+05:30,4063.000000,4076.000000,4060.000000,4069.100000,2405
2020-06-03T14:15:00+05:30,4069.100000,4075.000000,4060.000000,4073.000000,3325
2020-06-03T14:30:00+05:30,4073.000000,4074.950000,4068.000000,4071.800000,2833
2020-06-03T14:45:00+05:30,4071.800000,4075.000000,4065.000000,4070.200000,3266
2020-06-03T15:00:00+05:30,4070.200000,4070.200000,4058.250000,4060.000000,5543
2020-06-03T15:15:00+05:30,4060.000000,4064.900000,4058.250000,4064.900000,7858
2020-06-04T09:15:00+05:30,4076.000000,4089.000000,4050.000000,4082.000000,4732
2020-06-04T09:30:00+05:30,4082.000000,4082.000000,4060.000000,4076.350000,4104
2020-06-04T09:45:00+05:30,4076.350000,4082.000000,4066.000000,4080.000000,2888
2020-06-04T10:00:00+05:30,4080.000000,4085.000000,4070.500000,4079.900000,3622
2020-06-04T10:15:00+05:30,4074.350000,4087.950000,4074.350000,4087.550000,4286
2020-06-04T10:30:00+05:30,4087.550000,4099.950000,4080.550000,4096.000000,12545
2020-06-04T10:45:00+05:30,4096.000000,4140.000000,4095.000000,4139.800000,14949
2020-06-04T11:00:00+05:30,4132.000000,4160.000000,4121.050000,4150.000000,10117
2020-06-04T11:15:00+05:30,4148.900000,4160.000000,4122.000000,4131.250000,7894
2020-06-04T11:30:00+05:30,4131.250000,4143.950000,4117.000000,4120.000000,4169
2020-06-04T11:45:00+05:30,4120.000000,4120.750000,4111.100000,4120.000000,2033
2020-06-04T12:00:00+05:30,4120.000000,4135.000000,4115.300000,4129.900000,2548
2020-06-04T12:15:00+05:30,4129.900000,4129.900000,4085.050000,4090.950000,3605
2020-06-04T12:30:00+05:30,4095.000000,4127.900000,4090.350000,4125.450000,3559
2020-06-04T12:45:00+05:30,4125.450000,4128.800000,4120.650000,4128.000000,1812
2020-06-04T13:00:00+05:30,4128.000000,4130.000000,4122.200000,4124.000000,1902
2020-06-04T13:15:00+05:30,4124.000000,4148.000000,4124.000000,4139.200000,2281
2020-06-04T13:30:00+05:30,4139.200000,4154.500000,4126.450000,4133.000000,3579
2020-06-04T13:45:00+05:30,4133.000000,4150.000000,4133.000000,4146.000000,1610
2020-06-04T14:00:00+05:30,4146.000000,4148.000000,4130.000000,4134.000000,1143
2020-06-04T14:15:00+05:30,4134.000000,4134.000000,4111.050000,4119.350000,3013
2020-06-04T14:30:00+05:30,4119.350000,4130.000000,4111.050000,4124.450000,1710
2020-06-04T14:45:00+05:30,4124.450000,4126.450000,4112.000000,4114.000000,1520
2020-06-04T15:00:00+05:30,4114.000000,4135.000000,4114.000000,4126.950000,3201
2020-06-04T15:15:00+05:30,4126.950000,4134.000000,4105.000000,4119.850000,5783
2020-06-05T09:15:00+05:30,4140.000000,4153.950000,4130.000000,4149.950000,6992
2020-06-05T09:30:00+05:30,4149.950000,4151.000000,4132.150000,4136.000000,3372
2020-06-05T09:45:00+05:30,4136.000000,4143.950000,4125.500000,4136.750000,2526
2020-06-05T10:00:00+05:30,4136.750000,4145.000000,4125.550000,4130.050000,1487
2020-06-05T10:15:00+05:30,4130.050000,4137.000000,4101.000000,4113.650000,4096
2020-06-05T10:30:00+05:30,4113.650000,4129.950000,4110.800000,4122.000000,1732
2020-06-05T10:45:00+05:30,4122.000000,4122.000000,4101.100000,4109.800000,2624
2020-06-05T11:00:00+05:30,4109.800000,4118.000000,4106.300000,4115.050000,1572
2020-06-05T11:15:00+05:30,4115.050000,4124.500000,4111.950000,4118.050000,1813
2020-06-05T11:30:00+05:30,4118.050000,4124.500000,4117.000000,4120.650000,1016
2020-06-05T11:45:00+05:30,4123.950000,4129.950000,4120.000000,4125.000000,1371
2020-06-05T12:00:00+05:30,4125.000000,4129.000000,4120.400000,4129.000000,323
2020-06-05T12:15:00+05:30,4129.000000,4144.950000,4116.500000,4116.500000,3816
2020-06-05T12:30:00+05:30,4116.650000,4138.700000,4113.150000,4133.950000,2872
2020-06-05T12:45:00+05:30,4133.950000,4144.950000,4120.000000,4125.000000,2280
2020-06-05T13:00:00+05:30,4125.000000,4125.000000,4114.000000,4123.800000,1529
2020-06-05T13:15:00+05:30,4123.800000,4126.000000,4115.300000,4124.900000,3821
2020-06-05T13:30:00+05:30,4124.900000,4130.000000,4120.000000,4125.000000,2985
2020-06-05T13:45:00+05:30,4125.000000,4125.000000,4120.000000,4124.900000,2170
2020-06-05T14:00:00+05:30,4124.900000,4125.000000,4120.100000,4124.650000,1644
2020-06-05T14:15:00+05:30,4124.650000,4124.950000,4115.050000,4120.950000,2051
2020-06-05T14:30:00+05:30,4120.900000,4123.900000,4110.000000,4112.950000,2725
2020-06-05T14:45:00+05:30,4111.000000,4117.950000,4102.200000,4114.000000,3535
2020-06-05T15:00:00+05:30,4110.000000,4126.000000,4095.100000,4103.600000,6343
2020-06-05T15:15:00+05:30,4103.900000,4106.000000,4086.000000,4099.000000,6687
2020-06-08T09:15:00+05:30,4150.000000,4160.000000,4105.000000,4116.850000,12098
2020-06-08T09:30:00+05:30,4116.850000,4145.000000,4112.050000,4142.000000,4653
2020-06-08T09:45:00+05:30,4140.900000,4149.000000,4122.050000,4139.200000,4434
2020-06-08T10:00:00+05:30,4139.550000,4139.550000,4120.000000,4124.450000,3581
2020-06-08T10:15:00+05:30,4123.000000,4130.000000,4115.000000,4115.550000,1894
2020-06-08T10:30:00+05:30,4115.550000,4124.950000,4113.000000,4119.750000,2248
2020-06-08T10:45:00+05:30,4119.750000,4122.050000,4092.000000,4099.100000,10074
2020-06-08T11:00:00+05:30,4099.100000,4124.950000,4095.050000,4123.150000,1942
2020-06-08T11:15:00+05:30,4123.150000,4124.000000,4105.000000,4110.000000,3079
2020-06-08T11:30:00+05:30,4110.000000,4125.000000,4100.000000,4122.500000,2718
2020-06-08T11:45:00+05:30,4122.500000,4122.500000,4112.150000,4115.000000,11935
2020-06-08T12:00:00+05:30,4115.900000,4121.500000,4111.200000,4120.150000,976
2020-06-08T12:15:00+05:30,4120.150000,4138.600000,4119.850000,4127.400000,2716
2020-06-08T12:30:00+05:30,4125.850000,4146.450000,4122.100000,4131.950000,3890
2020-06-08T12:45:00+05:30,4131.950000,4134.000000,4121.000000,4127.100000,1930
2020-06-08T13:00:00+05:30,4127.100000,4135.150000,4127.100000,4134.000000,1264
2020-06-08T13:15:00+05:30,4134.000000,4142.000000,4120.000000,4120.050000,5312
2020-06-08T13:30:00+05:30,4120.050000,4135.000000,4120.050000,4125.200000,5201
2020-06-08T13:45:00+05:30,4125.200000,4129.750000,4121.050000,4124.000000,1097
2020-06-08T14:00:00+05:30,4124.000000,4124.000000,4115.000000,4121.900000,1616
2020-06-08T14:15:00+05:30,4121.900000,4123.950000,4109.000000,4109.000000,1975
2020-06-08T14:30:00+05:30,4110.000000,4127.000000,4104.750000,4121.000000,2495
2020-06-08T14:45:00+05:30,4121.000000,4130.000000,4118.000000,4129.000000,4263
2020-06-08T15:00:00+05:30,4129.000000,4130.000000,4121.900000,4125.000000,3181
2020-06-08T15:15:00+05:30,4125.000000,4130.000000,4120.300000,4128.000000,6505
2020-06-09T09:15:00+05:30,4160.000000,4174.950000,4131.350000,4136.750000,12457
2020-06-09T09:30:00+05:30,4132.350000,4160.350000,4132.350000,4143.950000,5692
2020-06-09T09:45:00+05:30,4145.900000,4160.050000,4144.050000,4158.900000,3555
2020-06-09T10:00:00+05:30,4158.900000,4186.950000,4145.000000,4150.000000,9700
2020-06-09T10:15:00+05:30,4150.000000,4176.600000,4149.000000,4166.550000,3680
2020-06-09T10:30:00+05:30,4166.550000,4180.000000,4166.550000,4176.650000,9435
2020-06-09T10:45:00+05:30,4176.650000,4177.000000,4165.000000,4170.000000,2858
2020-06-09T11:00:00+05:30,4170.000000,4198.700000,4170.000000,4195.000000,11855
2020-06-09T11:15:00+05:30,4195.000000,4210.000000,4185.700000,4194.000000,10135
2020-06-09T11:30:00+05:30,4194.000000,4202.150000,4180.000000,4184.950000,4925
2020-06-09T11:45:00+05:30,4184.950000,4187.000000,4175.000000,4178.200000,7152
2020-06-09T12:00:00+05:30,4178.200000,4185.350000,4176.000000,4179.150000,2382
2020-06-09T12:15:00+05:30,4179.150000,4182.950000,4170.000000,4179.200000,2942
2020-06-09T12:30:00+05:30,4181.700000,4181.700000,4163.100000,4166.000000,4122
2020-06-09T12:45:00+05:30,4166.000000,4170.800000,4153.000000,4160.200000,3462
2020-06-09T13:00:00+05:30,4160.200000,4160.200000,4150.000000,4153.400000,2116
2020-06-09T13:15:00+05:30,4153.400000,4158.900000,4141.450000,4149.000000,4125
2020-06-09T13:30:00+05:30,4149.000000,4150.000000,4146.350000,4150.000000,1444
2020-06-09T13:45:00+05:30,4150.000000,4162.950000,4147.050000,4155.850000,1704
2020-06-09T14:00:00+05:30,4155.850000,4158.000000,4130.000000,4133.900000,4511
2020-06-09T14:15:00+05:30,4134.000000,4150.000000,4130.150000,4141.000000,2250
2020-06-09T14:30:00+05:30,4143.000000,4148.700000,4130.000000,4133.250000,2428
2020-06-09T14:45:00+05:30,4132.400000,4151.850000,4121.000000,4142.000000,4469
2020-06-09T15:00:00+05:30,4142.000000,4153.650000,4141.300000,4148.200000,3235
2020-06-09T15:15:00+05:30,4148.200000,4151.800000,4121.200000,4126.050000,5096
2020-06-10T09:15:00+05:30,4160.000000,4174.850000,4141.000000,4160.100000,5374
2020-06-10T09:30:00+05:30,4159.400000,4194.000000,4155.000000,4164.650000,4038
2020-06-10T09:45:00+05:30,4163.500000,4169.450000,4136.400000,4143.050000,3356
2020-06-10T10:00:00+05:30,4143.050000,4147.850000,4137.750000,4143.800000,1982
2020-06-10T10:15:00+05:30,4143.800000,4153.950000,4139.500000,4145.350000,2361
2020-06-10T10:30:00+05:30,4145.350000,4152.950000,4140.000000,4147.250000,1707
2020-06-10T10:45:00+05:30,4147.250000,4148.000000,4138.000000,4145.600000,1847
2020-06-10T11:00:00+05:30,4145.600000,4149.000000,4130.000000,4133.500000,2271
2020-06-10T11:15:00+05:30,4133.500000,4135.000000,4120.300000,4123.000000,2158
2020-06-10T11:30:00+05:30,4122.300000,4122.550000,4112.000000,4120.000000,1737
2020-06-10T11:45:00+05:30,4120.000000,4125.400000,4115.150000,4115.150000,2740
2020-06-10T12:00:00+05:30,4115.150000,4125.000000,4112.100000,4115.500000,4048
2020-06-10T12:15:00+05:30,4115.500000,4123.200000,4111.350000,4111.350000,1575
2020-06-10T12:30:00+05:30,4111.350000,4136.000000,4111.000000,4115.650000,3336
2020-06-10T12:45:00+05:30,4115.650000,4119.950000,4111.000000,4119.950000,1751
2020-06-10T13:00:00+05:30,4119.950000,4125.000000,4115.050000,4115.100000,1300
2020-06-10T13:15:00+05:30,4115.100000,4130.000000,4115.100000,4119.450000,4814
2020-06-10T13:30:00+05:30,4119.450000,4125.000000,4105.050000,4118.400000,3004
2020-06-10T13:45:00+05:30,4118.400000,4122.800000,4115.000000,4119.000000,553
2020-06-10T14:00:00+05:30,4119.000000,4119.950000,4111.000000,4111.000000,763
2020-06-10T14:15:00+05:30,4111.000000,4122.500000,4110.550000,4120.000000,1447
2020-06-10T14:30:00+05:30,4120.000000,4126.950000,4113.000000,4116.450000,2228
2020-06-10T14:45:00+05:30,4116.450000,4120.000000,4091.300000,4105.900000,3361
2020-06-10T15:00:00+05:30,4105.900000,4120.000000,4105.000000,4110.600000,1238
2020-06-10T15:15:00+05:30,4110.600000,4114.000000,4100.000000,4101.500000,4781
2020-06-11T09:15:00+05:30,4098.050000,4098.050000,4085.000000,4090.000000,3712
2020-06-11T09:30:00+05:30,4090.000000,4106.850000,4067.000000,4085.000000,5690
2020-06-11T09:45:00+05:30,4085.000000,4085.650000,4065.100000,4075.000000,3452
2020-06-11T10:00:00+05:30,4075.000000,4095.950000,4060.000000,4080.000000,4489
2020-06-11T10:15:00+05:30,4080.000000,4085.000000,4077.000000,4077.850000,1014
2020-06-11T10:30:00+05:30,4077.850000,4085.250000,4067.000000,4067.000000,1338
2020-06-11T10:45:00+05:30,4067.000000,4074.800000,4066.000000,4070.000000,1078
2020-06-11T11:00:00+05:30,4070.000000,4073.400000,4065.000000,4066.000000,837
2020-06-11T11:15:00+05:30,4068.250000,4070.000000,4062.000000,4065.250000,1172
2020-06-11T11:30:00+05:30,4065.250000,4070.950000,4050.000000,4060.250000,4717
2020-06-11T11:45:00+05:30,4060.250000,4066.700000,4059.000000,4061.500000,2245
2020-06-11T12:00:00+05:30,4061.500000,4079.000000,4060.550000,4074.000000,1880
2020-06-11T12:15:00+05:30,4074.000000,4078.000000,4061.150000,4062.050000,1020
2020-06-11T12:30:00+05:30,4062.050000,4072.100000,4060.000000,4070.000000,2380
2020-06-11T12:45:00+05:30,4070.000000,4073.750000,4063.150000,4073.750000,1193
2020-06-11T13:00:00+05:30,4073.750000,4078.000000,4070.000000,4070.000000,847
2020-06-11T13:15:00+05:30,4070.000000,4074.000000,4063.000000,4068.000000,440
2020-06-11T13:30:00+05:30,4068.000000,4069.950000,4060.000000,4069.000000,843
2020-06-11T13:45:00+05:30,4069.000000,4069.000000,4054.800000,4060.000000,2446
2020-06-11T14:00:00+05:30,4060.000000,4063.000000,4055.150000,4059.050000,1358
2020-06-11T14:15:00+05:30,4059.050000,4063.000000,4059.000000,4060.000000,4257
2020-06-11T14:30:00+05:30,4060.000000,4066.550000,4060.000000,4063.100000,1830
2020-06-11T14:45:00+05:30,4063.100000,4069.700000,4060.000000,4065.050000,1341
2020-06-11T15:00:00+05:30,4065.050000,4068.400000,4056.000000,4062.500000,2659
2020-06-11T15:15:00+05:30,4060.250000,4063.450000,4059.050000,4061.000000,3534
2020-06-12T09:15:00+05:30,3966.000000,4034.000000,3966.000000,4026.000000,11813
2020-06-12T09:30:00+05:30,4027.400000,4048.000000,4011.000000,4042.500000,4056
2020-06-12T09:45:00+05:30,4042.500000,4045.200000,4033.000000,4038.150000,2624
2020-06-12T10:00:00+05:30,4038.150000,4044.700000,4035.000000,4040.000000,1598
2020-06-12T10:15:00+05:30,4040.000000,4048.000000,4037.000000,4043.400000,1347
2020-06-12T10:30:00+05:30,4043.400000,4075.000000,4043.400000,4054.950000,2377
2020-06-12T10:45:00+05:30,4054.950000,4058.850000,4040.000000,4044.500000,1067
2020-06-12T11:00:00+05:30,4044.500000,4048.250000,4040.050000,4041.000000,785
2020-06-12T11:15:00+05:30,4041.000000,4063.300000,4040.000000,4053.000000,1888
2020-06-12T11:30:00+05:30,4053.000000,4063.900000,4048.000000,4060.000000,1309
2020-06-12T11:45:00+05:30,4060.000000,4071.550000,4055.050000,4070.000000,1535
2020-06-12T12:00:00+05:30,4070.000000,4089.550000,4061.250000,4061.250000,2506
2020-06-12T12:15:00+05:30,4065.850000,4065.850000,4060.000000,4063.000000,977
2020-06-12T12:30:00+05:30,4063.000000,4073.400000,4060.000000,4072.000000,556
2020-06-12T12:45:00+05:30,4064.500000,4075.000000,4064.500000,4068.900000,435
2020-06-12T13:00:00+05:30,4068.900000,4071.950000,4066.000000,4070.000000,453
2020-06-12T13:15:00+05:30,4070.650000,4084.950000,4068.300000,4078.900000,935
2020-06-12T13:30:00+05:30,4078.900000,4082.250000,4073.450000,4077.600000,459
2020-06-12T13:45:00+05:30,4077.600000,4077.600000,4063.100000,4067.950000,545
2020-06-12T14:00:00+05:30,4067.950000,4070.000000,4060.100000,4067.550000,1441
2020-06-12T14:15:00+05:30,4067.550000,4078.000000,4060.000000,4063.600000,1304
2020-06-12T14:30:00+05:30,4063.650000,4070.000000,4050.250000,4066.500000,1353
2020-06-12T14:45:00+05:30,4066.500000,4070.000000,4060.100000,4065.200000,1146
2020-06-12T15:00:00+05:30,4065.200000,4081.000000,4062.250000,4070.050000,1660
2020-06-12T15:15:00+05:30,4069.000000,4070.050000,4050.000000,4060.000000,3911
2020-06-15T09:15:00+05:30,4090.000000,4144.000000,4080.050000,4130.000000,8778
2020-06-15T09:30:00+05:30,4130.000000,4130.000000,4105.000000,4110.000000,3241
2020-06-15T09:45:00+05:30,4110.000000,4149.950000,4101.000000,4123.000000,8944
2020-06-15T10:00:00+05:30,4125.800000,4148.950000,4111.850000,4125.150000,3198
2020-06-15T10:15:00+05:30,4128.800000,4140.000000,4121.650000,4140.000000,2060
2020-06-15T10:30:00+05:30,4140.000000,4144.750000,4122.000000,4123.000000,2921
2020-06-15T10:45:00+05:30,4123.000000,4137.000000,4120.000000,4133.950000,2958
2020-06-15T11:00:00+05:30,4133.950000,4133.950000,4107.000000,4108.000000,2606
2020-06-15T11:15:00+05:30,4108.000000,4118.850000,4100.000000,4104.550000,3056
2020-06-15T11:30:00+05:30,4104.550000,4115.000000,4100.550000,4108.800000,942
2020-06-15T11:45:00+05:30,4108.850000,4110.600000,4090.850000,4096.950000,2971
2020-06-15T12:00:00+05:30,4096.950000,4120.000000,4080.000000,4113.850000,4236
2020-06-15T12:15:00+05:30,4113.850000,4114.000000,4110.050000,4113.650000,1045
2020-06-15T12:30:00+05:30,4113.600000,4114.000000,4110.100000,4114.000000,956
2020-06-15T12:45:00+05:30,4114.000000,4114.000000,4105.050000,4113.300000,1115
2020-06-15T13:00:00+05:30,4113.300000,4149.900000,4108.000000,4129.950000,5232
2020-06-15T13:15:00+05:30,4129.950000,4141.000000,4125.600000,4132.950000,1699
2020-06-15T13:30:00+05:30,4132.950000,4134.700000,4120.000000,4130.700000,967
2020-06-15T13:45:00+05:30,4130.600000,4141.000000,4122.000000,4128.500000,1322
2020-06-15T14:00:00+05:30,4129.950000,4131.000000,4126.000000,4126.450000,866
2020-06-15T14:15:00+05:30,4126.450000,4131.000000,4103.000000,4116.800000,3060
2020-06-15T14:30:00+05:30,4116.800000,4117.950000,4094.000000,4105.500000,3107
2020-06-15T14:45:00+05:30,4100.000000,4116.450000,4056.650000,4105.550000,8594
2020-06-15T15:00:00+05:30,4109.650000,4120.050000,4075.700000,4080.000000,25380
2020-06-15T15:15:00+05:30,4080.000000,4080.050000,4031.100000,4045.000000,15551
2020-06-16T09:15:00+05:30,4080.000000,4101.850000,4005.150000,4037.350000,9975
2020-06-16T09:30:00+05:30,4037.850000,4037.850000,4012.200000,4025.250000,4571
2020-06-16T09:45:00+05:30,4029.250000,4029.700000,4020.000000,4022.050000,1973
2020-06-16T10:00:00+05:30,4022.000000,4028.250000,4010.300000,4021.800000,3139
2020-06-16T10:15:00+05:30,4021.800000,4048.950000,4021.800000,4025.950000,3656
2020-06-16T10:30:00+05:30,4025.950000,4032.850000,4023.200000,4030.000000,1831
2020-06-16T10:45:00+05:30,4030.000000,4044.350000,4028.200000,4030.250000,2000
2020-06-16T11:00:00+05:30,4030.250000,4032.000000,4027.050000,4028.200000,1291
2020-06-16T11:15:00+05:30,4028.200000,4035.300000,4025.200000,4030.000000,1379
2020-06-16T11:30:00+05:30,4030.000000,4034.000000,4028.000000,4028.350000,1282
2020-06-16T11:45:00+05:30,4028.350000,4033.650000,4027.200000,4033.000000,713
2020-06-16T12:00:00+05:30,4033.000000,4033.000000,4029.250000,4030.000000,676
2020-06-16T12:15:00+05:30,4030.000000,4034.000000,4028.150000,4030.000000,1591
2020-06-16T12:30:00+05:30,4030.000000,4033.800000,4028.000000,4030.000000,1024
2020-06-16T12:45:00+05:30,4030.000000,4037.100000,4027.550000,4030.000000,1527
2020-06-16T13:00:00+05:30,4030.000000,4035.000000,4025.150000,4027.200000,3179
2020-06-16T13:15:00+05:30,4027.200000,4044.000000,4015.150000,4020.250000,5938
2020-06-16T13:30:00+05:30,4016.000000,4020.250000,4001.500000,4018.000000,5541
2020-06-16T13:45:00+05:30,4018.000000,4035.000000,4009.000000,4015.200000,2161
2020-06-16T14:00:00+05:30,4018.800000,4029.950000,4015.100000,4022.000000,1575
2020-06-16T14:15:00+05:30,4022.000000,4025.000000,4017.400000,4017.750000,1049
2020-06-16T14:30:00+05:30,4021.450000,4046.500000,4017.750000,4040.000000,4421
2020-06-16T14:45:00+05:30,4040.000000,4070.000000,4037.800000,4065.000000,4407
2020-06-16T15:00:00+05:30,4065.000000,4066.200000,4047.400000,4050.000000,2867
2020-06-16T15:15:00+05:30,4052.500000,4075.000000,4049.500000,4070.000000,6691
2020-06-17T09:15:00+05:30,4060.000000,4079.950000,4031.200000,4050.800000,2478
2020-06-17T09:30:00+05:30,4050.800000,4074.550000,4049.100000,4053.000000,2664
2020-06-17T09:45:00+05:30,4053.000000,4062.950000,4033.250000,4035.050000,1896
2020-06-17T10:00:00+05:30,4035.050000,4043.400000,4035.000000,4038.900000,1037
2020-06-17T10:15:00+05:30,4038.000000,4041.600000,4021.000000,4023.000000,1495
2020-06-17T10:30:00+05:30,4023.000000,4033.650000,4016.100000,4016.100000,4180
2020-06-17T10:45:00+05:30,4018.250000,4023.550000,4016.100000,4021.800000,868
2020-06-17T11:00:00+05:30,4021.950000,4025.700000,4018.050000,4018.050000,783
2020-06-17T11:15:00+05:30,4018.050000,4025.000000,4018.000000,4021.300000,679
2020-06-17T11:30:00+05:30,4022.100000,4050.000000,4018.750000,4040.350000,2898
2020-06-17T11:45:00+05:30,4040.350000,4048.450000,4040.000000,4040.100000,910
2020-06-17T12:00:00+05:30,4042.300000,4046.600000,4022.150000,4022.150000,1876
2020-06-17T12:15:00+05:30,4022.150000,4032.700000,4022.000000,4022.500000,1239
2020-06-17T12:30:00+05:30,4022.500000,4028.800000,4020.000000,4020.650000,1055
2020-06-17T12:45:00+05:30,4020.650000,4023.800000,4018.000000,4019.700000,1403
2020-06-17T13:00:00+05:30,4019.700000,4023.750000,4018.000000,4020.000000,945
2020-06-17T13:15:00+05:30,4020.000000,4024.000000,4012.200000,4018.550000,2914
2020-06-17T13:30:00+05:30,4018.550000,4018.550000,4013.000000,4018.000000,1122
2020-06-17T13:45:00+05:30,4018.000000,4028.000000,4016.250000,4025.000000,906
2020-06-17T14:00:00+05:30,4025.000000,4027.950000,4012.750000,4014.200000,2530
2020-06-17T14:15:00+05:30,4014.200000,4022.000000,4013.000000,4018.950000,1307
2020-06-17T14:30:00+05:30,4018.950000,4025.000000,4015.100000,4017.100000,4898
2020-06-17T14:45:00+05:30,4017.100000,4020.000000,4013.250000,4018.400000,2820
2020-06-17T15:00:00+05:30,4018.400000,4020.400000,4012.100000,4015.000000,6679
2020-06-17T15:15:00+05:30,4015.000000,4020.650000,4010.000000,4013.000000,7185
2020-06-18T09:15:00+05:30,4001.000000,4025.000000,4001.000000,4019.300000,1972
2020-06-18T09:30:00+05:30,4019.300000,4021.900000,4005.100000,4008.000000,1542
2020-06-18T09:45:00+05:30,4008.000000,4016.250000,4006.100000,4013.750000,830
2020-06-18T10:00:00+05:30,4016.000000,4016.000000,4004.000000,4006.900000,1341
2020-06-18T10:15:00+05:30,4006.900000,4013.950000,4001.100000,4006.450000,1019
2020-06-18T10:30:00+05:30,4006.450000,4009.800000,4002.100000,4009.000000,845
2020-06-18T10:45:00+05:30,4009.000000,4009.000000,4001.000000,4001.900000,1308
2020-06-18T11:00:00+05:30,4003.000000,4008.000000,4001.000000,4003.400000,923
2020-06-18T11:15:00+05:30,4003.200000,4008.950000,4003.000000,4003.000000,825
2020-06-18T11:30:00+05:30,4003.000000,4009.650000,4003.000000,4007.250000,738
2020-06-18T11:45:00+05:30,4008.850000,4010.000000,4003.000000,4004.700000,866
2020-06-18T12:00:00+05:30,4004.700000,4009.950000,4003.000000,4005.500000,776
2020-06-18T12:15:00+05:30,4005.400000,4009.950000,4000.250000,4001.050000,2117
2020-06-18T12:30:00+05:30,4001.050000,4005.950000,4000.500000,4002.600000,724
2020-06-18T12:45:00+05:30,4002.600000,4007.450000,4000.900000,4006.000000,926
2020-06-18T13:00:00+05:30,4006.000000,4006.450000,4002.000000,4002.000000,743
2020-06-18T13:15:00+05:30,4002.000000,4005.900000,4001.000000,4001.950000,659
2020-06-18T13:30:00+05:30,4001.950000,4004.550000,3995.600000,3995.800000,2765
2020-06-18T13:45:00+05:30,3995.800000,3999.950000,3990.200000,3995.250000,2507
2020-06-18T14:00:00+05:30,3995.250000,3998.000000,3992.000000,3994.100000,1123
2020-06-18T14:15:00+05:30,3994.100000,3997.800000,3990.000000,3990.100000,1795
2020-06-18T14:30:00+05:30,3990.000000,3998.000000,3987.000000,3993.550000,2884
2020-06-18T14:45:00+05:30,3993.550000,3997.950000,3992.000000,3994.400000,1699
2020-06-18T15:00:00+05:30,3996.750000,3998.000000,3990.000000,3993.450000,3272
2020-06-18T15:15:00+05:30,3993.450000,3993.500000,3985.000000,3993.000000,5369
2020-06-19T09:15:00+05:30,4000.000000,4030.000000,4000.000000,4024.750000,3156
2020-06-19T09:30:00+05:30,4022.050000,4022.150000,4002.200000,4002.200000,2306
2020-06-19T09:45:00+05:30,4002.200000,4017.050000,4001.100000,4015.200000,1809
2020-06-19T10:00:00+05:30,4015.200000,4016.550000,4010.000000,4010.550000,973
2020-06-19T10:15:00+05:30,4010.550000,4014.100000,4005.000000,4006.200000,872
2020-06-19T10:30:00+05:30,4005.500000,4010.050000,4005.000000,4006.100000,850
2020-06-19T10:45:00+05:30,4006.100000,4011.000000,4003.000000,4004.150000,1123
2020-06-19T11:00:00+05:30,4004.150000,4004.150000,3993.000000,3997.150000,3472
2020-06-19T11:15:00+05:30,3997.150000,4004.550000,3996.400000,4004.100000,1126
2020-06-19T11:30:00+05:30,4004.100000,4005.800000,4000.250000,4000.250000,740
2020-06-19T11:45:00+05:30,4000.250000,4009.450000,4000.050000,4006.650000,664
2020-06-19T12:00:00+05:30,4006.650000,4006.950000,3999.000000,3999.000000,823
2020-06-19T12:15:00+05:30,3999.000000,4001.900000,3993.000000,3995.800000,1204
2020-06-19T12:30:00+05:30,3995.800000,3998.950000,3985.000000,3986.000000,2453
2020-06-19T12:45:00+05:30,3990.500000,3993.500000,3981.100000,3990.050000,2323
2020-06-19T13:00:00+05:30,3990.050000,3994.100000,3982.650000,3986.050000,1417
2020-06-19T13:15:00+05:30,3986.050000,4005.100000,3986.000000,4000.000000,1176
2020-06-19T13:30:00+05:30,4000.000000,4002.000000,3993.000000,3993.600000,935
2020-06-19T13:45:00+05:30,3993.600000,4000.850000,3985.000000,3986.700000,1188
2020-06-19T14:00:00+05:30,3986.700000,3989.900000,3978.000000,3982.850000,2677
2020-06-19T14:15:00+05:30,3982.850000,3984.900000,3972.600000,3976.000000,2302
2020-06-19T14:30:00+05:30,3979.100000,3986.950000,3975.350000,3982.650000,1560
2020-06-19T14:45:00+05:30,3982.650000,3995.000000,3981.600000,3991.150000,2141
2020-06-19T15:00:00+05:30,3993.850000,3998.000000,3988.150000,3990.000000,4214
2020-06-19T15:15:00+05:30,3990.000000,4016.000000,3990.000000,3992.000000,6709
2020-06-22T09:15:00+05:30,4039.000000,4039.000000,3988.250000,4025.000000,4566
2020-06-22T09:30:00+05:30,4025.000000,4034.700000,4017.750000,4018.200000,2891
2020-06-22T09:45:00+05:30,4018.200000,4029.900000,4012.000000,4024.000000,2991
2020-06-22T10:00:00+05:30,4024.000000,4029.900000,4016.500000,4028.950000,2830
2020-06-22T10:15:00+05:30,4027.400000,4050.000000,4022.550000,4036.950000,6110
2020-06-22T10:30:00+05:30,4036.950000,4041.200000,4032.150000,4037.850000,1655
2020-06-22T10:45:00+05:30,4037.850000,4040.000000,4025.100000,4035.450000,3026
2020-06-22T11:00:00+05:30,4033.050000,4035.000000,4016.500000,4018.050000,1350
2020-06-22T11:15:00+05:30,4018.050000,4028.800000,4012.400000,4025.000000,1260
2020-06-22T11:30:00+05:30,4025.000000,4037.000000,4020.400000,4029.000000,1619
2020-06-22T11:45:00+05:30,4029.000000,4030.000000,4014.000000,4014.000000,1004
2020-06-22T12:00:00+05:30,4014.050000,4024.950000,4005.050000,4006.000000,4583
2020-06-22T12:15:00+05:30,4005.050000,4014.500000,3995.000000,3998.350000,3216
2020-06-22T12:30:00+05:30,3998.350000,4001.400000,3997.050000,3998.000000,1210
2020-06-22T12:45:00+05:30,3998.000000,4002.450000,3995.150000,3996.050000,1565
2020-06-22T13:00:00+05:30,3996.000000,4000.000000,3990.500000,3996.050000,1573
2020-06-22T13:15:00+05:30,3996.050000,4002.400000,3996.000000,3997.100000,3091
2020-06-22T13:30:00+05:30,3999.750000,4001.950000,3996.050000,4000.000000,1111
2020-06-22T13:45:00+05:30,4000.000000,4000.000000,3991.100000,3992.000000,1328
2020-06-22T14:00:00+05:30,3992.000000,3999.000000,3992.000000,3998.950000,891
2020-06-22T14:15:00+05:30,3998.950000,4003.550000,3991.000000,3992.000000,2381
2020-06-22T14:30:00+05:30,3992.000000,3994.000000,3988.000000,3988.000000,2811
2020-06-22T14:45:00+05:30,3988.000000,3999.950000,3980.000000,3990.000000,5548
2020-06-22T15:00:00+05:30,3990.000000,3990.000000,3973.000000,3975.500000,5979
2020-06-22T15:15:00+05:30,3975.500000,3987.950000,3970.000000,3980.000000,6009
2020-06-23T09:15:00+05:30,3981.000000,4011.000000,3981.000000,3997.750000,3471
2020-06-23T09:30:00+05:30,3997.750000,4001.900000,3987.450000,3990.050000,1873
2020-06-23T09:45:00+05:30,3990.000000,3990.000000,3975.000000,3980.500000,2661
2020-06-23T10:00:00+05:30,3980.500000,4000.000000,3980.500000,3986.450000,1703
2020-06-23T10:15:00+05:30,3986.450000,3995.000000,3983.000000,3989.800000,2429
2020-06-23T10:30:00+05:30,3985.200000,3992.950000,3983.150000,3990.000000,3484
2020-06-23T10:45:00+05:30,3990.000000,3992.000000,3983.000000,3983.000000,1029
2020-06-23T11:00:00+05:30,3983.000000,3988.450000,3981.450000,3982.950000,854
2020-06-23T11:15:00+05:30,3982.950000,3985.000000,3981.450000,3981.500000,1003
2020-06-23T11:30:00+05:30,3981.500000,3984.000000,3978.000000,3980.000000,1850
2020-06-23T11:45:00+05:30,3980.000000,3984.900000,3977.000000,3980.150000,1008
2020-06-23T12:00:00+05:30,3980.150000,3987.000000,3980.000000,3980.150000,875
2020-06-23T12:15:00+05:30,3980.150000,3994.850000,3978.000000,3990.000000,1223
2020-06-23T12:30:00+05:30,3988.300000,3998.300000,3988.250000,3993.050000,1460
2020-06-23T12:45:00+05:30,3993.050000,3996.700000,3985.000000,3992.050000,543
2020-06-23T13:00:00+05:30,3992.050000,3999.000000,3988.600000,3994.750000,2038
2020-06-23T13:15:00+05:30,3992.300000,3996.950000,3991.000000,3991.600000,1268
2020-06-23T13:30:00+05:30,3991.600000,3997.000000,3988.050000,3988.050000,747
2020-06-23T13:45:00+05:30,3988.050000,3998.350000,3983.000000,3994.900000,1111
2020-06-23T14:00:00+05:30,3994.900000,4006.000000,3994.900000,4000.450000,1800
2020-06-23T14:15:00+05:30,4004.000000,4004.000000,3995.050000,3999.000000,935
2020-06-23T14:30:00+05:30,3995.200000,3999.000000,3995.000000,3998.400000,686
2020-06-23T14:45:00+05:30,3995.200000,3999.800000,3990.000000,3990.000000,1820
2020-06-23T15:00:00+05:30,3989.000000,3995.050000,3983.000000,3988.300000,1263
2020-06-23T15:15:00+05:30,3988.300000,4005.000000,3985.000000,3995.000000,3340
2020-06-24T09:15:00+05:30,4004.000000,4033.550000,3993.850000,4026.000000,5939
2020-06-24T09:30:00+05:30,4026.000000,4028.900000,3995.150000,4004.150000,2768
2020-06-24T09:45:00+05:30,4004.150000,4030.000000,4002.900000,4015.350000,4140
2020-06-24T10:00:00+05:30,4015.350000,4020.150000,4001.300000,4012.950000,2301
2020-06-24T10:15:00+05:30,4012.950000,4015.550000,4007.000000,4015.550000,760
2020-06-24T10:30:00+05:30,4012.800000,4018.000000,4010.000000,4011.800000,763
2020-06-24T10:45:00+05:30,4011.000000,4013.000000,3994.000000,3997.900000,1587
2020-06-24T11:00:00+05:30,3997.900000,4008.050000,3990.000000,4000.000000,1739
2020-06-24T11:15:00+05:30,3998.000000,4004.000000,3991.700000,4003.450000,874
2020-06-24T11:30:00+05:30,4003.450000,4004.000000,3989.400000,3992.000000,925
2020-06-24T11:45:00+05:30,3992.000000,4001.500000,3990.000000,3995.050000,1024
2020-06-24T12:00:00+05:30,3995.050000,4017.650000,3995.000000,4014.650000,2012
2020-06-24T12:15:00+05:30,4014.650000,4015.000000,4010.000000,4011.050000,965
2020-06-24T12:30:00+05:30,4011.050000,4012.300000,4004.000000,4010.050000,940
2020-06-24T12:45:00+05:30,4010.050000,4011.900000,4005.000000,4005.000000,567
2020-06-24T13:00:00+05:30,4005.000000,4011.950000,4005.000000,4005.900000,1335
2020-06-24T13:15:00+05:30,4005.900000,4010.000000,4005.000000,4005.000000,1200
2020-06-24T13:30:00+05:30,4005.000000,4007.300000,4005.000000,4005.500000,1245
2020-06-24T13:45:00+05:30,4005.000000,4011.950000,3990.000000,4010.000000,2691
2020-06-24T14:00:00+05:30,4010.000000,4014.800000,4002.250000,4012.000000,2070
2020-06-24T14:15:00+05:30,4012.000000,4023.000000,4010.550000,4011.200000,2300
2020-06-24T14:30:00+05:30,4011.200000,4023.000000,4001.000000,4004.950000,2684
2020-06-24T14:45:00+05:30,4004.950000,4010.000000,4000.000000,4005.000000,1931
2020-06-24T15:00:00+05:30,4005.000000,4005.050000,3990.000000,3996.000000,2049
2020-06-24T15:15:00+05:30,3996.000000,3996.000000,3980.450000,3985.000000,2815
2020-06-25T09:15:00+05:30,3991.100000,4005.000000,3977.000000,4000.000000,2849
2020-06-25T09:30:00+05:30,4000.050000,4005.750000,3995.200000,4001.000000,1500
2020-06-25T09:45:00+05:30,4001.000000,4005.500000,3996.000000,3997.100000,857
2020-06-25T10:00:00+05:30,3997.100000,4000.000000,3991.700000,3997.950000,635
2020-06-25T10:15:00+05:30,3997.950000,4000.000000,3993.800000,3997.000000,349
2020-06-25T10:30:00+05:30,3996.200000,4000.000000,3991.700000,3997.550000,420
2020-06-25T10:45:00+05:30,3992.850000,3998.500000,3988.550000,3992.800000,536
2020-06-25T11:00:00+05:30,3992.800000,3999.900000,3992.800000,3995.000000,337
2020-06-25T11:15:00+05:30,3995.000000,3999.200000,3991.000000,3991.350000,403
2020-06-25T11:30:00+05:30,3991.350000,3999.900000,3991.350000,3994.300000,391
2020-06-25T11:45:00+05:30,3994.300000,3999.700000,3989.000000,3993.900000,564
2020-06-25T12:00:00+05:30,3990.600000,3993.900000,3984.250000,3991.800000,646
2020-06-25T12:15:00+05:30,3991.800000,3991.800000,3983.000000,3987.650000,316
2020-06-25T12:30:00+05:30,3987.650000,3997.200000,3985.050000,3997.200000,526
2020-06-25T12:45:00+05:30,3997.200000,3997.200000,3984.000000,3985.000000,522
2020-06-25T13:00:00+05:30,3985.000000,3985.000000,3974.050000,3985.000000,1904
2020-06-25T13:15:00+05:30,3985.000000,3990.000000,3980.050000,3981.950000,289
2020-06-25T13:30:00+05:30,3981.950000,3989.850000,3981.950000,3986.000000,184
2020-06-25T13:45:00+05:30,3986.000000,3991.500000,3976.000000,3979.550000,1258
2020-06-25T14:00:00+05:30,3979.550000,4044.200000,3978.000000,4032.000000,10758
2020-06-25T14:15:00+05:30,4035.500000,4100.000000,4033.250000,4074.050000,20855
2020-06-25T14:30:00+05:30,4074.050000,4083.950000,4056.300000,4081.000000,8149
2020-06-25T14:45:00+05:30,4081.000000,4112.000000,4074.000000,4108.300000,13394
2020-06-25T15:00:00+05:30,4105.000000,4108.750000,4081.250000,4096.600000,10845
2020-06-25T15:15:00+05:30,4098.000000,4098.000000,4082.150000,4095.000000,12596
2020-06-26T09:15:00+05:30,4121.000000,4133.000000,4092.300000,4114.500000,9103
2020-06-26T09:30:00+05:30,4114.500000,4161.100000,4102.350000,4150.000000,10245
2020-06-26T09:45:00+05:30,4150.100000,4151.950000,4126.050000,4137.400000,3073
2020-06-26T10:00:00+05:30,4137.400000,4150.000000,4132.500000,4146.050000,22894
2020-06-26T10:15:00+05:30,4146.050000,4149.950000,4130.100000,4142.000000,4257
2020-06-26T10:30:00+05:30,4142.000000,4167.000000,4140.000000,4163.000000,7019
2020-06-26T10:45:00+05:30,4160.800000,4163.000000,4140.000000,4144.900000,4309
2020-06-26T11:00:00+05:30,4141.100000,4154.650000,4135.000000,4139.000000,18412
2020-06-26T11:15:00+05:30,4139.000000,4142.000000,4117.000000,4129.850000,2210
2020-06-26T11:30:00+05:30,4129.850000,4130.000000,4116.550000,4117.200000,1632
2020-06-26T11:45:00+05:30,4117.200000,4120.950000,4114.000000,4117.950000,2033
2020-06-26T12:00:00+05:30,4115.500000,4119.000000,4105.000000,4113.000000,1732
2020-06-26T12:15:00+05:30,4113.000000,4113.000000,4098.750000,4098.750000,1920
2020-06-26T12:30:00+05:30,4099.150000,4105.000000,4096.900000,4104.150000,1094
2020-06-26T12:45:00+05:30,4104.150000,4104.850000,4080.500000,4087.300000,1877
2020-06-26T13:00:00+05:30,4087.300000,4099.900000,4085.000000,4091.000000,1062
2020-06-26T13:15:00+05:30,4090.000000,4108.700000,4088.050000,4103.000000,1175
2020-06-26T13:30:00+05:30,4103.000000,4110.000000,4080.100000,4089.500000,1458
2020-06-26T13:45:00+05:30,4089.500000,4118.700000,4086.050000,4100.000000,2949
2020-06-26T14:00:00+05:30,4100.000000,4105.000000,4093.200000,4097.350000,521
2020-06-26T14:15:00+05:30,4097.350000,4098.750000,4090.200000,4092.000000,593
2020-06-26T14:30:00+05:30,4092.000000,4099.000000,4087.850000,4099.000000,956
2020-06-26T14:45:00+05:30,4099.000000,4123.800000,4095.000000,4117.650000,2582
2020-06-26T15:00:00+05:30,4118.000000,4121.300000,4090.000000,4092.900000,3193
2020-06-26T15:15:00+05:30,4092.900000,4110.000000,4085.000000,4085.000000,5650
2020-06-29T09:15:00+05:30,4100.000000,4139.250000,4082.600000,4088.050000,4133
2020-06-29T09:30:00+05:30,4088.050000,4090.000000,4065.000000,4066.000000,3387
2020-06-29T09:45:00+05:30,4066.000000,4071.300000,4042.850000,4049.400000,3739
2020-06-29T10:00:00+05:30,4049.400000,4056.000000,4040.000000,4043.000000,2353
2020-06-29T10:15:00+05:30,4043.000000,4051.000000,4031.000000,4046.650000,1564
2020-06-29T10:30:00+05:30,4046.650000,4057.600000,4039.950000,4049.800000,854
2020-06-29T10:45:00+05:30,4049.800000,4053.000000,4034.150000,4039.700000,971
2020-06-29T11:00:00+05:30,4039.700000,4043.350000,4037.150000,4037.150000,326
2020-06-29T11:15:00+05:30,4037.150000,4042.900000,4031.650000,4033.400000,636
2020-06-29T11:30:00+05:30,4033.400000,4040.050000,4030.000000,4038.000000,768
2020-06-29T11:45:00+05:30,4038.000000,4050.000000,4035.350000,4050.000000,712
2020-06-29T12:00:00+05:30,4049.950000,4050.000000,4035.000000,4038.250000,482
2020-06-29T12:15:00+05:30,4038.250000,4042.000000,4032.000000,4038.000000,835
2020-06-29T12:30:00+05:30,4038.000000,4055.800000,4038.000000,4055.800000,1256
2020-06-29T12:45:00+05:30,4055.800000,4058.000000,4045.000000,4049.350000,1321
2020-06-29T13:00:00+05:30,4049.350000,4051.000000,4045.000000,4046.000000,724
2020-06-29T13:15:00+05:30,4046.000000,4049.000000,4042.450000,4045.000000,736
2020-06-29T13:30:00+05:30,4045.000000,4045.850000,4031.000000,4031.000000,713
2020-06-29T13:45:00+05:30,4031.000000,4048.950000,4030.100000,4041.300000,990
2020-06-29T14:00:00+05:30,4041.300000,4043.000000,4021.050000,4024.400000,1500
2020-06-29T14:15:00+05:30,4024.400000,4029.200000,4016.450000,4025.300000,1656
2020-06-29T14:30:00+05:30,4025.300000,4039.850000,4020.250000,4022.700000,1466
2020-06-29T14:45:00+05:30,4022.700000,4034.100000,4016.000000,4030.450000,1849
2020-06-29T15:00:00+05:30,4034.800000,4045.000000,4029.300000,4034.500000,3471
2020-06-29T15:15:00+05:30,4034.500000,4044.000000,4017.450000,4025.000000,3767
2020-06-30T09:15:00+05:30,4050.000000,4051.000000,4022.200000,4033.000000,1630
2020-06-30T09:30:00+05:30,4033.000000,4047.200000,4032.000000,4032.000000,744
2020-06-30T09:45:00+05:30,4035.600000,4039.850000,4020.000000,4032.500000,1614
2020-06-30T10:00:00+05:30,4032.500000,4044.850000,4030.000000,4032.500000,836
2020-06-30T10:15:00+05:30,4032.050000,4032.500000,4025.200000,4025.200000,874
2020-06-30T10:30:00+05:30,4025.200000,4031.600000,4021.000000,4025.000000,773
2020-06-30T10:45:00+05:30,4025.000000,4050.000000,4021.000000,4040.100000,1052
2020-06-30T11:00:00+05:30,4040.100000,4045.000000,4034.450000,4043.000000,967
2020-06-30T11:15:00+05:30,4043.000000,4043.350000,4030.000000,4034.550000,303
2020-06-30T11:30:00+05:30,4031.200000,4038.700000,4023.150000,4025.050000,1105
2020-06-30T11:45:00+05:30,4025.050000,4028.250000,4005.000000,4021.900000,1611
2020-06-30T12:00:00+05:30,4021.900000,4023.850000,4009.050000,4015.150000,822
2020-06-30T12:15:00+05:30,4015.150000,4019.600000,4009.500000,4011.850000,439
2020-06-30T12:30:00+05:30,4010.100000,4017.500000,4005.000000,4005.100000,898
2020-06-30T12:45:00+05:30,4005.100000,4015.950000,4005.100000,4012.500000,1392
2020-06-30T13:00:00+05:30,4012.500000,4017.950000,4010.000000,4012.000000,283
2020-06-30T13:15:00+05:30,4012.000000,4014.150000,4005.000000,4006.200000,726
2020-06-30T13:30:00+05:30,4006.200000,4014.700000,3990.500000,3992.000000,4520
2020-06-30T13:45:00+05:30,3992.000000,4002.000000,3991.000000,3992.550000,1423
2020-06-30T14:00:00+05:30,3992.550000,3997.750000,3990.000000,3993.600000,2881
2020-06-30T14:15:00+05:30,3993.600000,3997.600000,3982.000000,3982.000000,1749
2020-06-30T14:30:00+05:30,3982.000000,3987.900000,3971.750000,3974.950000,5487
2020-06-30T14:45:00+05:30,3973.000000,3976.000000,3960.000000,3960.150000,5909
2020-06-30T15:00:00+05:30,3960.150000,3979.900000,3955.000000,3965.050000,7774
2020-06-30T15:15:00+05:30,3965.050000,3973.000000,3958.500000,3965.000000,8452
2020-07-01T09:15:00+05:30,3988.800000,4000.000000,3965.400000,3986.000000,1783
2020-07-01T09:30:00+05:30,3986.000000,3987.000000,3977.500000,3978.050000,1269
2020-07-01T09:45:00+05:30,3978.050000,3984.050000,3972.500000,3978.050000,1403
2020-07-01T10:00:00+05:30,3978.000000,3985.000000,3970.700000,3983.850000,508
2020-07-01T10:15:00+05:30,3983.850000,3984.150000,3978.000000,3978.100000,308
2020-07-01T10:30:00+05:30,3980.000000,3980.000000,3971.050000,3972.000000,889
2020-07-01T10:45:00+05:30,3972.000000,3972.000000,3960.000000,3965.000000,1648
2020-07-01T11:00:00+05:30,3967.950000,3976.450000,3966.900000,3976.250000,339
2020-07-01T11:15:00+05:30,3976.000000,3979.150000,3972.050000,3976.000000,458
2020-07-01T11:30:00+05:30,3976.000000,3976.400000,3972.150000,3975.900000,125
2020-07-01T11:45:00+05:30,3975.900000,3984.000000,3972.300000,3980.000000,494
2020-07-01T12:00:00+05:30,3980.000000,3984.000000,3980.000000,3980.050000,230
2020-07-01T12:15:00+05:30,3980.050000,3983.000000,3979.950000,3980.000000,102
2020-07-01T12:30:00+05:30,3980.000000,3982.950000,3976.000000,3976.300000,207
2020-07-01T12:45:00+05:30,3976.300000,3985.000000,3975.000000,3980.950000,482
2020-07-01T13:00:00+05:30,3980.950000,3983.050000,3972.150000,3979.150000,429
2020-07-01T13:15:00+05:30,3979.150000,3987.400000,3976.650000,3983.250000,737
2020-07-01T13:30:00+05:30,3983.250000,3987.200000,3982.050000,3986.000000,282
2020-07-01T13:45:00+05:30,3986.000000,3988.050000,3980.000000,3980.000000,326
2020-07-01T14:00:00+05:30,3980.000000,3994.200000,3980.000000,3994.200000,814
2020-07-01T14:15:00+05:30,3994.200000,3995.000000,3988.750000,3992.000000,397
2020-07-01T14:30:00+05:30,3992.000000,3994.000000,3979.600000,3979.600000,439
2020-07-01T14:45:00+05:30,3979.600000,3983.850000,3970.050000,3973.850000,849
2020-07-01T15:00:00+05:30,3973.850000,3979.500000,3970.000000,3975.250000,1605
2020-07-01T15:15:00+05:30,3975.250000,3979.150000,3970.000000,3975.000000,1915
2020-07-02T09:15:00+05:30,4245.000000,4274.950000,4150.500000,4175.000000,85840
2020-07-02T09:30:00+05:30,4173.500000,4175.000000,4141.000000,4154.000000,29410
2020-07-02T09:45:00+05:30,4154.000000,4185.000000,4154.000000,4169.900000,16085
2020-07-02T10:00:00+05:30,4169.900000,4175.900000,4161.050000,4171.000000,6983
2020-07-02T10:15:00+05:30,4171.000000,4175.000000,4156.000000,4166.050000,5009
2020-07-02T10:30:00+05:30,4166.050000,4174.000000,4153.000000,4160.650000,5212
2020-07-02T10:45:00+05:30,4160.650000,4172.850000,4159.000000,4171.500000,3314
2020-07-02T11:00:00+05:30,4171.500000,4175.000000,4155.700000,4160.000000,3991
2020-07-02T11:15:00+05:30,4160.000000,4169.900000,4156.550000,4164.850000,1695
2020-07-02T11:30:00+05:30,4160.950000,4170.000000,4160.000000,4166.250000,1880
2020-07-02T11:45:00+05:30,4166.250000,4172.000000,4165.000000,4168.050000,2135
2020-07-02T12:00:00+05:30,4168.050000,4170.550000,4160.000000,4161.000000,2953
2020-07-02T12:15:00+05:30,4161.000000,4167.250000,4151.000000,4160.850000,5415
2020-07-02T12:30:00+05:30,4160.850000,4165.000000,4152.000000,4156.550000,3001
2020-07-02T12:45:00+05:30,4156.550000,4156.550000,4125.100000,4130.000000,9527
2020-07-02T13:00:00+05:30,4131.600000,4151.950000,4129.350000,4141.150000,7233
2020-07-02T13:15:00+05:30,4140.900000,4157.600000,4139.000000,4146.000000,3755
2020-07-02T13:30:00+05:30,4146.050000,4150.800000,4140.000000,4140.150000,2502
2020-07-02T13:45:00+05:30,4140.150000,4145.000000,4132.000000,4137.150000,4582
2020-07-02T14:00:00+05:30,4137.150000,4164.000000,4135.400000,4159.950000,5563
2020-07-02T14:15:00+05:30,4159.900000,4194.500000,4152.000000,4193.000000,22372
2020-07-02T14:30:00+05:30,4192.150000,4194.950000,4161.000000,4165.950000,14801
2020-07-02T14:45:00+05:30,4163.050000,4179.950000,4163.000000,4163.000000,3888
2020-07-02T15:00:00+05:30,4165.000000,4173.950000,4165.000000,4173.950000,5444
2020-07-02T15:15:00+05:30,4173.950000,4194.100000,4171.150000,4171.150000,25119
2020-07-03T09:15:00+05:30,4199.000000,4213.950000,4145.200000,4145.200000,8626
2020-07-03T09:30:00+05:30,4142.150000,4147.950000,4130.600000,4134.000000,4856
2020-07-03T09:45:00+05:30,4131.000000,4157.950000,4131.000000,4155.850000,2327
2020-07-03T10:00:00+05:30,4155.850000,4158.650000,4141.950000,4151.600000,3741
2020-07-03T10:15:00+05:30,4151.600000,4154.500000,4135.900000,4139.000000,1158
2020-07-03T10:30:00+05:30,4139.800000,4150.000000,4139.000000,4145.150000,600
2020-07-03T10:45:00+05:30,4145.150000,4150.500000,4144.800000,4146.150000,456
2020-07-03T11:00:00+05:30,4146.150000,4149.850000,4141.000000,4143.900000,1052
2020-07-03T11:15:00+05:30,4143.900000,4150.000000,4141.050000,4148.450000,914
2020-07-03T11:30:00+05:30,4148.450000,4160.000000,4145.000000,4150.000000,2057
2020-07-03T11:45:00+05:30,4150.000000,4158.100000,4145.450000,4157.000000,747
2020-07-03T12:00:00+05:30,4157.500000,4159.000000,4149.000000,4149.000000,682
2020-07-03T12:15:00+05:30,4149.000000,4149.000000,4135.000000,4136.100000,1352
2020-07-03T12:30:00+05:30,4136.100000,4144.000000,4136.000000,4141.000000,1224
2020-07-03T12:45:00+05:30,4141.000000,4149.000000,4137.250000,4139.000000,1349
2020-07-03T13:00:00+05:30,4139.000000,4146.800000,4137.350000,4137.350000,1156
2020-07-03T13:15:00+05:30,4137.350000,4140.500000,4137.350000,4140.000000,476
2020-07-03T13:30:00+05:30,4137.850000,4140.000000,4134.000000,4138.150000,1189
2020-07-03T13:45:00+05:30,4138.150000,4138.300000,4134.500000,4137.600000,615
2020-07-03T14:00:00+05:30,4137.600000,4137.600000,4133.100000,4135.000000,721
2020-07-03T14:15:00+05:30,4135.000000,4136.200000,4125.050000,4130.650000,2205
2020-07-03T14:30:00+05:30,4130.650000,4134.800000,4128.000000,4133.000000,723
2020-07-03T14:45:00+05:30,4133.000000,4135.000000,4121.000000,4127.150000,2523
2020-07-03T15:00:00+05:30,4127.150000,4130.000000,4117.450000,4120.250000,3250
2020-07-03T15:15:00+05:30,4120.250000,4130.000000,4118.000000,4123.000000,5218
2020-07-06T09:15:00+05:30,4150.000000,4150.000000,4112.000000,4115.850000,2431
2020-07-06T09:30:00+05:30,4115.850000,4117.000000,4085.000000,4104.900000,2876
2020-07-06T09:45:00+05:30,4104.900000,4112.000000,4095.000000,4104.000000,1391
2020-07-06T10:00:00+05:30,4104.000000,4113.400000,4095.350000,4098.000000,850
2020-07-06T10:15:00+05:30,4098.000000,4109.950000,4096.000000,4104.800000,909
2020-07-06T10:30:00+05:30,4104.800000,4108.000000,4095.750000,4100.000000,2114
2020-07-06T10:45:00+05:30,4098.150000,4102.000000,4090.000000,4097.000000,858
2020-07-06T11:00:00+05:30,4099.750000,4114.400000,4097.000000,4110.000000,777
2020-07-06T11:15:00+05:30,4110.000000,4113.950000,4104.250000,4112.000000,804
2020-07-06T11:30:00+05:30,4112.000000,4135.000000,4109.400000,4132.550000,1574
2020-07-06T11:45:00+05:30,4132.550000,4135.000000,4115.200000,4123.200000,1458
2020-07-06T12:00:00+05:30,4122.450000,4133.950000,4115.050000,4129.850000,857
2020-07-06T12:15:00+05:30,4129.850000,4132.950000,4112.550000,4119.600000,1288
2020-07-06T12:30:00+05:30,4119.600000,4127.550000,4119.600000,4120.700000,481
2020-07-06T12:45:00+05:30,4125.000000,4133.500000,4115.000000,4131.250000,21452
2020-07-06T13:00:00+05:30,4131.250000,4138.000000,4128.000000,4132.000000,1268
2020-07-06T13:15:00+05:30,4132.000000,4135.000000,4130.000000,4132.250000,799
2020-07-06T13:30:00+05:30,4132.250000,4155.000000,4127.950000,4137.250000,2110
2020-07-06T13:45:00+05:30,4137.250000,4138.150000,4126.750000,4130.000000,2034
2020-07-06T14:00:00+05:30,4130.000000,4131.650000,4115.350000,4120.250000,608
2020-07-06T14:15:00+05:30,4120.250000,4130.000000,4115.050000,4120.900000,1015
2020-07-06T14:30:00+05:30,4120.900000,4125.000000,4110.850000,4113.000000,789
2020-07-06T14:45:00+05:30,4111.000000,4119.000000,4108.050000,4113.000000,1086
2020-07-06T15:00:00+05:30,4116.400000,4116.550000,4100.150000,4108.000000,1589
2020-07-06T15:15:00+05:30,4108.000000,4115.000000,4101.000000,4106.600000,3135
2020-07-07T09:15:00+05:30,4100.850000,4107.400000,4086.000000,4096.000000,1863
2020-07-07T09:30:00+05:30,4096.000000,4121.500000,4091.350000,4117.850000,2715
2020-07-07T09:45:00+05:30,4116.000000,4124.950000,4111.400000,4120.100000,1325
2020-07-07T10:00:00+05:30,4120.100000,4129.950000,4116.000000,4124.150000,1257
2020-07-07T10:15:00+05:30,4126.950000,4140.000000,4124.000000,4125.000000,1366
2020-07-07T10:30:00+05:30,4125.000000,4126.200000,4114.850000,4114.850000,940
2020-07-07T10:45:00+05:30,4118.850000,4119.900000,4113.400000,4119.850000,928
2020-07-07T11:00:00+05:30,4119.850000,4120.000000,4106.900000,4114.250000,1049
2020-07-07T11:15:00+05:30,4118.900000,4124.900000,4111.700000,4122.900000,802
2020-07-07T11:30:00+05:30,4120.150000,4122.900000,4112.550000,4115.000000,505
2020-07-07T11:45:00+05:30,4115.000000,4124.650000,4112.800000,4118.000000,891
2020-07-07T12:00:00+05:30,4118.000000,4127.000000,4118.000000,4120.300000,1542
2020-07-07T12:15:00+05:30,4123.700000,4123.750000,4120.000000,4123.550000,782
2020-07-07T12:30:00+05:30,4123.750000,4124.000000,4116.600000,4124.000000,574
2020-07-07T12:45:00+05:30,4124.000000,4130.000000,4120.600000,4129.600000,645
2020-07-07T13:00:00+05:30,4125.750000,4129.900000,4124.350000,4129.500000,477
2020-07-07T13:15:00+05:30,4129.500000,4130.000000,4124.100000,4125.050000,702
2020-07-07T13:30:00+05:30,4125.050000,4129.950000,4124.000000,4126.800000,832
2020-07-07T13:45:00+05:30,4126.800000,4129.950000,4124.000000,4127.000000,891
2020-07-07T14:00:00+05:30,4127.000000,4127.000000,4123.100000,4125.000000,499
2020-07-07T14:15:00+05:30,4125.000000,4130.000000,4120.000000,4123.200000,1053
2020-07-07T14:30:00+05:30,4123.000000,4123.000000,4109.450000,4109.450000,874
2020-07-07T14:45:00+05:30,4109.450000,4120.850000,4101.250000,4115.450000,1628
2020-07-07T15:00:00+05:30,4115.450000,4120.000000,4113.000000,4114.950000,1432
2020-07-07T15:15:00+05:30,4114.950000,4119.650000,4101.000000,4107.450000,2424
2020-07-08T09:15:00+05:30,4110.000000,4125.000000,4090.050000,4102.000000,2177
2020-07-08T09:30:00+05:30,4102.000000,4118.000000,4094.000000,4107.150000,1599
2020-07-08T09:45:00+05:30,4107.150000,4115.600000,4101.050000,4107.850000,986
2020-07-08T10:00:00+05:30,4107.850000,4110.100000,4090.000000,4090.050000,2165
2020-07-08T10:15:00+05:30,4090.050000,4099.000000,4090.000000,4094.900000,697
2020-07-08T10:30:00+05:30,4094.900000,4097.900000,4086.750000,4088.050000,2419
2020-07-08T10:45:00+05:30,4088.000000,4096.300000,4086.800000,4096.000000,653
2020-07-08T11:00:00+05:30,4096.000000,4099.950000,4089.050000,4099.950000,617
2020-07-08T11:15:00+05:30,4099.950000,4111.750000,4096.650000,4106.150000,1005
2020-07-08T11:30:00+05:30,4111.000000,4111.000000,4098.150000,4103.900000,606
2020-07-08T11:45:00+05:30,4103.950000,4104.000000,4098.000000,4103.000000,707
2020-07-08T12:00:00+05:30,4098.250000,4104.000000,4098.250000,4099.800000,522
2020-07-08T12:15:00+05:30,4099.800000,4104.000000,4098.000000,4103.000000,715
2020-07-08T12:30:00+05:30,4103.000000,4103.950000,4099.250000,4103.000000,410
2020-07-08T12:45:00+05:30,4103.000000,4104.700000,4098.000000,4104.700000,1028
2020-07-08T13:00:00+05:30,4104.700000,4105.150000,4093.300000,4099.400000,1037
2020-07-08T13:15:00+05:30,4099.400000,4109.500000,4098.200000,4103.000000,1762
2020-07-08T13:30:00+05:30,4103.000000,4106.950000,4100.100000,4106.950000,514
2020-07-08T13:45:00+05:30,4106.950000,4113.000000,4103.250000,4111.900000,910
2020-07-08T14:00:00+05:30,4108.150000,4113.000000,4107.050000,4110.000000,470
2020-07-08T14:15:00+05:30,4110.000000,4111.900000,4106.000000,4107.700000,707
2020-07-08T14:30:00+05:30,4111.000000,4113.000000,4095.900000,4099.650000,1639
2020-07-08T14:45:00+05:30,4095.950000,4099.350000,4090.000000,4095.000000,1246
2020-07-08T15:00:00+05:30,4095.000000,4098.200000,4082.050000,4082.700000,1861
2020-07-08T15:15:00+05:30,4082.700000,4100.000000,4082.000000,4089.000000,2145
2020-07-09T09:15:00+05:30,4091.000000,4099.500000,4070.000000,4097.650000,1149
2020-07-09T09:30:00+05:30,4097.650000,4098.700000,4084.000000,4088.300000,844
2020-07-09T09:45:00+05:30,4088.300000,4093.750000,4080.050000,4085.050000,832
2020-07-09T10:00:00+05:30,4085.050000,4089.000000,4076.750000,4081.000000,559
2020-07-09T10:15:00+05:30,4081.000000,4083.500000,4076.000000,4082.050000,587
2020-07-09T10:30:00+05:30,4082.050000,4086.850000,4076.000000,4076.000000,599
2020-07-09T10:45:00+05:30,4076.000000,4079.000000,4075.000000,4075.000000,440
2020-07-09T11:00:00+05:30,4078.500000,4092.000000,4076.350000,4092.000000,815
2020-07-09T11:15:00+05:30,4092.000000,4097.000000,4086.400000,4086.400000,458
2020-07-09T11:30:00+05:30,4086.400000,4091.150000,4080.000000,4080.000000,350
2020-07-09T11:45:00+05:30,4080.000000,4087.000000,4080.000000,4082.350000,315
2020-07-09T12:00:00+05:30,4082.350000,4090.000000,4082.350000,4087.000000,341
2020-07-09T12:15:00+05:30,4087.000000,4098.000000,4085.100000,4098.000000,745
2020-07-09T12:30:00+05:30,4098.000000,4130.000000,4092.450000,4115.250000,4679
2020-07-09T12:45:00+05:30,4115.250000,4123.600000,4112.050000,4118.000000,775
2020-07-09T13:00:00+05:30,4118.000000,4119.300000,4096.150000,4097.400000,1865
2020-07-09T13:15:00+05:30,4097.400000,4128.000000,4097.000000,4120.100000,1769
2020-07-09T13:30:00+05:30,4120.100000,4149.000000,4113.400000,4115.050000,3545
2020-07-09T13:45:00+05:30,4115.050000,4132.450000,4112.900000,4121.050000,1605
2020-07-09T14:00:00+05:30,4121.050000,4132.000000,4110.050000,4117.100000,841
2020-07-09T14:15:00+05:30,4117.100000,4122.500000,4117.100000,4121.200000,1250
2020-07-09T14:30:00+05:30,4121.200000,4121.200000,4112.950000,4112.950000,1425
2020-07-09T14:45:00+05:30,4112.950000,4122.500000,4111.900000,4116.250000,615
2020-07-09T15:00:00+05:30,4116.250000,4125.000000,4113.800000,4122.150000,2169
2020-07-09T15:15:00+05:30,4122.150000,4125.000000,4110.000000,4115.000000,2969
2020-07-10T09:15:00+05:30,4100.000000,4130.200000,4100.000000,4130.200000,2434
2020-07-10T09:30:00+05:30,4130.200000,4147.000000,4122.600000,4134.150000,2339
2020-07-10T09:45:00+05:30,4134.150000,4134.150000,4104.050000,4110.000000,1648
2020-07-10T10:00:00+05:30,4110.000000,4115.000000,4104.400000,4110.000000,574
2020-07-10T10:15:00+05:30,4110.000000,4114.950000,4103.150000,4113.450000,877
2020-07-10T10:30:00+05:30,4113.600000,4124.900000,4109.400000,4117.700000,1178
2020-07-10T10:45:00+05:30,4117.700000,4117.700000,4088.000000,4101.900000,2720
2020-07-10T11:00:00+05:30,4102.000000,4102.850000,4091.800000,4099.650000,1209
2020-07-10T11:15:00+05:30,4094.600000,4102.000000,4093.100000,4098.700000,528
2020-07-10T11:30:00+05:30,4095.000000,4115.000000,4094.250000,4114.700000,988
2020-07-10T11:45:00+05:30,4114.700000,4114.700000,4095.100000,4102.200000,721
2020-07-10T12:00:00+05:30,4102.200000,4107.100000,4085.500000,4090.000000,1968
2020-07-10T12:15:00+05:30,4090.000000,4095.950000,4077.000000,4085.000000,2200
2020-07-10T12:30:00+05:30,4085.000000,4098.000000,4083.050000,4096.000000,1181
2020-07-10T12:45:00+05:30,4092.750000,4098.000000,4090.200000,4096.850000,527
2020-07-10T13:00:00+05:30,4092.500000,4108.000000,4087.850000,4103.450000,1510
2020-07-10T13:15:00+05:30,4103.450000,4104.900000,4099.350000,4104.900000,415
2020-07-10T13:30:00+05:30,4104.900000,4107.950000,4100.050000,4107.000000,461
2020-07-10T13:45:00+05:30,4107.000000,4107.000000,4096.000000,4099.900000,709
2020-07-10T14:00:00+05:30,4096.300000,4103.950000,4096.000000,4103.250000,1343
2020-07-10T14:15:00+05:30,4103.250000,4103.600000,4080.000000,4085.000000,2143
2020-07-10T14:30:00+05:30,4085.000000,4099.750000,4085.000000,4098.000000,505
2020-07-10T14:45:00+05:30,4098.000000,4109.000000,4092.950000,4093.100000,1742
2020-07-10T15:00:00+05:30,4092.850000,4104.000000,4086.200000,4098.700000,1476
2020-07-10T15:15:00+05:30,4098.700000,4098.700000,4078.000000,4080.050000,3056
2020-07-13T09:15:00+05:30,4099.950000,4116.000000,4081.500000,4095.400000,3046
2020-07-13T09:30:00+05:30,4095.400000,4148.950000,4090.000000,4101.050000,9269
2020-07-13T09:45:00+05:30,4116.000000,4116.000000,4095.000000,4104.900000,2359
2020-07-13T10:00:00+05:30,4104.900000,4106.200000,4099.950000,4102.500000,1244
2020-07-13T10:15:00+05:30,4102.500000,4118.950000,4102.500000,4107.300000,750
2020-07-13T10:30:00+05:30,4107.300000,4110.400000,4103.750000,4106.600000,712
2020-07-13T10:45:00+05:30,4106.600000,4112.300000,4106.600000,4111.900000,328
2020-07-13T11:00:00+05:30,4108.800000,4115.000000,4101.000000,4101.400000,1081
2020-07-13T11:15:00+05:30,4104.500000,4104.500000,4085.050000,4090.850000,1155
2020-07-13T11:30:00+05:30,4090.850000,4097.000000,4088.500000,4088.900000,505
2020-07-13T11:45:00+05:30,4088.900000,4096.050000,4080.100000,4090.850000,1751
2020-07-13T12:00:00+05:30,4090.850000,4095.000000,4088.000000,4089.750000,459
2020-07-13T12:15:00+05:30,4089.750000,4097.000000,4085.000000,4090.000000,506
2020-07-13T12:30:00+05:30,4092.700000,4097.650000,4088.700000,4091.350000,483
2020-07-13T12:45:00+05:30,4097.600000,4098.000000,4091.300000,4095.050000,295
2020-07-13T13:00:00+05:30,4095.050000,4100.000000,4092.750000,4096.000000,340
2020-07-13T13:15:00+05:30,4096.000000,4099.000000,4093.500000,4096.100000,313
2020-07-13T13:30:00+05:30,4096.100000,4117.850000,4096.100000,4110.000000,1936
2020-07-13T13:45:00+05:30,4114.650000,4135.500000,4111.100000,4135.500000,2500
2020-07-13T14:00:00+05:30,4134.950000,4135.500000,4120.050000,4126.850000,2147
2020-07-13T14:15:00+05:30,4126.900000,4136.550000,4121.000000,4127.000000,2054
2020-07-13T14:30:00+05:30,4127.000000,4131.900000,4122.100000,4127.000000,1083
2020-07-13T14:45:00+05:30,4127.000000,4141.000000,4122.450000,4139.950000,3465
2020-07-13T15:00:00+05:30,4139.950000,4141.050000,4122.000000,4128.050000,3227
2020-07-13T15:15:00+05:30,4127.100000,4128.000000,4110.050000,4120.000000,2650
2020-07-14T09:15:00+05:30,4190.000000,4225.000000,4177.000000,4192.450000,22573
2020-07-14T09:30:00+05:30,4193.000000,4215.000000,4181.300000,4205.700000,9195
2020-07-14T09:45:00+05:30,4209.950000,4214.700000,4185.000000,4213.500000,5035
2020-07-14T10:00:00+05:30,4213.500000,4236.000000,4205.000000,4212.400000,28770
2020-07-14T10:15:00+05:30,4212.400000,4224.000000,4193.000000,4206.950000,5702
2020-07-14T10:30:00+05:30,4206.950000,4208.950000,4182.100000,4199.650000,4137
2020-07-14T10:45:00+05:30,4199.650000,4224.100000,4195.000000,4199.000000,4572
2020-07-14T11:00:00+05:30,4199.000000,4199.000000,4185.000000,4189.050000,2413
2020-07-14T11:15:00+05:30,4189.050000,4194.900000,4185.000000,4190.000000,1542
2020-07-14T11:30:00+05:30,4192.800000,4192.800000,4173.800000,4176.650000,3854
2020-07-14T11:45:00+05:30,4176.650000,4194.000000,4173.800000,4188.000000,2466
2020-07-14T12:00:00+05:30,4188.000000,4194.900000,4185.050000,4194.800000,973
2020-07-14T12:15:00+05:30,4194.800000,4200.000000,4187.550000,4195.100000,1276
2020-07-14T12:30:00+05:30,4195.100000,4202.000000,4191.050000,4196.250000,1293
2020-07-14T12:45:00+05:30,4196.250000,4199.850000,4181.400000,4185.000000,2183
2020-07-14T13:00:00+05:30,4182.000000,4188.550000,4180.000000,4185.950000,1906
2020-07-14T13:15:00+05:30,4185.950000,4199.000000,4181.650000,4184.200000,3914
2020-07-14T13:30:00+05:30,4185.600000,4195.000000,4183.050000,4191.000000,1501
2020-07-14T13:45:00+05:30,4191.000000,4192.350000,4180.000000,4192.200000,1310
2020-07-14T14:00:00+05:30,4192.200000,4193.000000,4180.200000,4187.000000,838
2020-07-14T14:15:00+05:30,4187.000000,4189.900000,4180.050000,4183.650000,941
2020-07-14T14:30:00+05:30,4183.650000,4189.950000,4180.000000,4187.200000,1629
2020-07-14T14:45:00+05:30,4187.200000,4189.950000,4181.500000,4186.500000,1444
2020-07-14T15:00:00+05:30,4186.250000,4188.050000,4180.000000,4184.700000,4640
2020-07-14T15:15:00+05:30,4184.700000,4185.000000,4171.050000,4183.000000,11104
2020-07-15T09:15:00+05:30,4179.900000,4218.150000,4175.000000,4204.950000,4985
2020-07-15T09:30:00+05:30,4204.950000,4210.000000,4200.000000,4202.150000,2148
2020-07-15T09:45:00+05:30,4202.150000,4207.850000,4181.500000,4190.000000,1467
2020-07-15T10:00:00+05:30,4187.000000,4199.000000,4185.000000,4185.000000,922
2020-07-15T10:15:00+05:30,4185.000000,4188.950000,4180.000000,4186.100000,1346
2020-07-15T10:30:00+05:30,4186.100000,4189.000000,4180.000000,4184.100000,1241
2020-07-15T10:45:00+05:30,4184.100000,4187.600000,4176.000000,4181.700000,2468
2020-07-15T11:00:00+05:30,4181.700000,4182.950000,4176.100000,4180.000000,642
2020-07-15T11:15:00+05:30,4180.000000,4185.250000,4180.000000,4185.250000,895
2020-07-15T11:30:00+05:30,4185.250000,4194.850000,4181.000000,4190.000000,1187
2020-07-15T11:45:00+05:30,4190.000000,4195.000000,4181.500000,4185.000000,761
2020-07-15T12:00:00+05:30,4185.000000,4190.000000,4180.000000,4186.750000,865
2020-07-15T12:15:00+05:30,4186.750000,4188.200000,4177.000000,4180.950000,1093
2020-07-15T12:30:00+05:30,4181.250000,4187.450000,4180.000000,4183.600000,385
2020-07-15T12:45:00+05:30,4184.000000,4188.650000,4184.000000,4188.650000,306
2020-07-15T13:00:00+05:30,4189.600000,4189.600000,4181.500000,4184.050000,194
2020-07-15T13:15:00+05:30,4184.050000,4185.650000,4180.000000,4182.700000,283
2020-07-15T13:30:00+05:30,4183.000000,4191.200000,4182.700000,4187.000000,448
2020-07-15T13:45:00+05:30,4188.200000,4188.200000,4180.000000,4180.000000,291
2020-07-15T14:00:00+05:30,4180.000000,4191.200000,4180.000000,4183.700000,713
2020-07-15T14:15:00+05:30,4186.650000,4186.650000,4176.750000,4180.650000,1417
2020-07-15T14:30:00+05:30,4180.550000,4182.900000,4177.050000,4180.200000,1411
2020-07-15T14:45:00+05:30,4180.200000,4184.750000,4158.000000,4160.000000,1784
2020-07-15T15:00:00+05:30,4158.050000,4160.000000,4125.000000,4138.700000,2821
2020-07-15T15:15:00+05:30,4138.700000,4145.000000,4121.150000,4140.000000,3109
2020-07-16T09:15:00+05:30,4134.000000,4135.000000,4085.100000,4087.400000,3191
2020-07-16T09:30:00+05:30,4087.400000,4095.000000,4082.500000,4089.650000,2222
2020-07-16T09:45:00+05:30,4089.650000,4110.950000,4083.500000,4110.950000,1472
2020-07-16T10:00:00+05:30,4110.950000,4114.650000,4086.000000,4094.500000,1693
2020-07-16T10:15:00+05:30,4094.250000,4099.000000,4090.150000,4098.800000,324
2020-07-16T10:30:00+05:30,4098.800000,4103.950000,4094.750000,4097.750000,628
2020-07-16T10:45:00+05:30,4097.750000,4097.750000,4090.000000,4090.750000,170
2020-07-16T11:00:00+05:30,4094.000000,4094.000000,4088.000000,4090.000000,436
2020-07-16T11:15:00+05:30,4090.000000,4093.700000,4085.050000,4089.000000,426
2020-07-16T11:30:00+05:30,4089.000000,4092.800000,4088.000000,4092.050000,217
2020-07-16T11:45:00+05:30,4092.050000,4100.000000,4089.000000,4098.050000,857
2020-07-16T12:00:00+05:30,4098.050000,4100.000000,4098.000000,4099.950000,518
2020-07-16T12:15:00+05:30,4099.950000,4100.000000,4098.000000,4098.000000,385
2020-07-16T12:30:00+05:30,4098.000000,4106.950000,4098.000000,4100.000000,524
2020-07-16T12:45:00+05:30,4100.000000,4108.950000,4100.000000,4108.400000,554
2020-07-16T13:00:00+05:30,4108.400000,4108.400000,4103.050000,4103.050000,795
2020-07-16T13:15:00+05:30,4103.050000,4109.950000,4101.100000,4105.050000,713
2020-07-16T13:30:00+05:30,4105.050000,4119.000000,4103.750000,4115.000000,597
2020-07-16T13:45:00+05:30,4115.000000,4119.000000,4112.000000,4119.000000,485
2020-07-16T14:00:00+05:30,4119.000000,4124.950000,4111.700000,4113.100000,1033
2020-07-16T14:15:00+05:30,4113.100000,4123.000000,4112.050000,4115.000000,672
2020-07-16T14:30:00+05:30,4115.000000,4120.000000,4108.000000,4108.000000,621
2020-07-16T14:45:00+05:30,4108.000000,4114.100000,4101.300000,4107.450000,716
2020-07-16T15:00:00+05:30,4109.000000,4109.000000,4100.000000,4106.200000,1287
2020-07-16T15:15:00+05:30,4107.950000,4114.200000,4100.000000,4113.700000,2136
2020-07-17T09:15:00+05:30,4132.950000,4132.950000,4093.050000,4106.800000,1381
2020-07-17T09:30:00+05:30,4106.800000,4113.950000,4105.050000,4107.000000,528
2020-07-17T09:45:00+05:30,4107.000000,4113.200000,4103.450000,4103.450000,425
2020-07-17T10:00:00+05:30,4103.450000,4106.000000,4100.000000,4100.000000,1217
2020-07-17T10:15:00+05:30,4100.050000,4115.000000,4100.000000,4111.650000,691
2020-07-17T10:30:00+05:30,4111.650000,4118.000000,4110.000000,4114.950000,375
2020-07-17T10:45:00+05:30,4114.950000,4115.000000,4110.000000,4115.000000,337
2020-07-17T11:00:00+05:30,4115.000000,4125.000000,4113.550000,4120.000000,1246
2020-07-17T11:15:00+05:30,4120.000000,4121.900000,4113.150000,4115.200000,242
2020-07-17T11:30:00+05:30,4115.200000,4120.700000,4115.000000,4119.900000,108
2020-07-17T11:45:00+05:30,4119.900000,4122.450000,4116.100000,4118.650000,175
2020-07-17T12:00:00+05:30,4118.650000,4123.900000,4118.650000,4123.550000,391
2020-07-17T12:15:00+05:30,4123.550000,4148.000000,4120.850000,4126.000000,2093
2020-07-17T12:30:00+05:30,4126.000000,4131.700000,4125.000000,4130.000000,611
2020-07-17T12:45:00+05:30,4130.000000,4135.050000,4129.000000,4132.000000,513
2020-07-17T13:00:00+05:30,4132.000000,4135.100000,4130.000000,4135.100000,243
2020-07-17T13:15:00+05:30,4135.100000,4142.000000,4132.000000,4140.950000,832
2020-07-17T13:30:00+05:30,4140.950000,4145.000000,4134.400000,4140.000000,561
2020-07-17T13:45:00+05:30,4140.000000,4140.000000,4133.050000,4135.000000,415
2020-07-17T14:00:00+05:30,4135.000000,4147.000000,4132.550000,4140.000000,987
2020-07-17T14:15:00+05:30,4140.000000,4140.000000,4130.000000,4132.000000,485
2020-07-17T14:30:00+05:30,4132.000000,4137.150000,4130.000000,4135.800000,318
2020-07-17T14:45:00+05:30,4135.800000,4140.000000,4130.600000,4135.400000,1025
2020-07-17T15:00:00+05:30,4135.400000,4142.000000,4130.300000,4135.900000,1277
2020-07-17T15:15:00+05:30,4132.300000,4149.000000,4122.000000,4149.000000,2757
2020-07-20T09:15:00+05:30,4149.000000,4154.100000,4131.900000,4142.900000,2620
2020-07-20T09:30:00+05:30,4142.850000,4146.950000,4131.150000,4145.000000,877
2020-07-20T09:45:00+05:30,4145.000000,4147.800000,4131.000000,4134.800000,629
2020-07-20T10:00:00+05:30,4134.700000,4147.950000,4130.050000,4144.000000,1408
2020-07-20T10:15:00+05:30,4144.000000,4148.950000,4138.000000,4138.000000,338
2020-07-20T10:30:00+05:30,4138.000000,4139.700000,4135.000000,4139.700000,654
2020-07-20T10:45:00+05:30,4139.700000,4152.000000,4136.450000,4144.350000,1400
2020-07-20T11:00:00+05:30,4144.350000,4148.500000,4140.500000,4144.000000,366
2020-07-20T11:15:00+05:30,4144.000000,4147.450000,4141.800000,4142.500000,314
2020-07-20T11:30:00+05:30,4142.600000,4150.000000,4142.500000,4148.000000,508
2020-07-20T11:45:00+05:30,4148.000000,4172.050000,4142.500000,4168.000000,2381
2020-07-20T12:00:00+05:30,4168.000000,4168.400000,4155.000000,4162.000000,781
2020-07-20T12:15:00+05:30,4162.000000,4168.100000,4156.000000,4162.050000,549
2020-07-20T12:30:00+05:30,4162.050000,4174.950000,4150.050000,4174.950000,1783
2020-07-20T12:45:00+05:30,4173.000000,4184.900000,4151.200000,4167.450000,7904
2020-07-20T13:00:00+05:30,4167.450000,4167.450000,4150.000000,4153.850000,1315
2020-07-20T13:15:00+05:30,4153.850000,4159.950000,4151.550000,4155.500000,403
2020-07-20T13:30:00+05:30,4155.500000,4159.000000,4151.000000,4155.000000,701
2020-07-20T13:45:00+05:30,4155.000000,4157.150000,4151.200000,4156.250000,435
2020-07-20T14:00:00+05:30,4155.950000,4169.200000,4155.950000,4165.000000,592
2020-07-20T14:15:00+05:30,4165.000000,4165.000000,4150.000000,4154.000000,761
2020-07-20T14:30:00+05:30,4154.000000,4160.000000,4152.300000,4160.000000,9839
2020-07-20T14:45:00+05:30,4160.000000,4160.000000,4151.350000,4156.100000,745
2020-07-20T15:00:00+05:30,4156.050000,4166.650000,4156.050000,4166.650000,1575
2020-07-20T15:15:00+05:30,4167.000000,4169.950000,4148.000000,4160.000000,2597
2020-07-21T09:15:00+05:30,4209.950000,4219.000000,4190.050000,4207.000000,8599
2020-07-21T09:30:00+05:30,4205.050000,4215.000000,4200.000000,4208.050000,3431
2020-07-21T09:45:00+05:30,4208.050000,4208.050000,4192.150000,4199.950000,2263
2020-07-21T10:00:00+05:30,4196.050000,4198.950000,4180.000000,4182.850000,3407
2020-07-21T10:15:00+05:30,4180.150000,4208.000000,4180.100000,4189.000000,7509
2020-07-21T10:30:00+05:30,4189.000000,4199.000000,4182.100000,4193.050000,6008
2020-07-21T10:45:00+05:30,4188.000000,4199.000000,4188.000000,4198.100000,955
2020-07-21T11:00:00+05:30,4194.100000,4198.100000,4190.850000,4194.900000,1066
2020-07-21T11:15:00+05:30,4194.900000,4196.000000,4190.450000,4195.000000,525
2020-07-21T11:30:00+05:30,4195.000000,4195.850000,4188.000000,4190.000000,863
2020-07-21T11:45:00+05:30,4188.000000,4195.150000,4185.000000,4194.400000,615
2020-07-21T12:00:00+05:30,4194.400000,4194.600000,4186.050000,4190.600000,624
2020-07-21T12:15:00+05:30,4190.600000,4193.750000,4188.650000,4190.100000,391
2020-07-21T12:30:00+05:30,4190.100000,4194.000000,4190.000000,4192.850000,655
2020-07-21T12:45:00+05:30,4192.850000,4193.950000,4187.050000,4192.000000,582
2020-07-21T13:00:00+05:30,4190.000000,4193.000000,4188.450000,4193.000000,926
2020-07-21T13:15:00+05:30,4193.000000,4196.400000,4187.100000,4196.350000,2873
2020-07-21T13:30:00+05:30,4196.350000,4199.000000,4193.350000,4199.000000,920
2020-07-21T13:45:00+05:30,4199.000000,4210.000000,4197.000000,4201.000000,2175
2020-07-21T14:00:00+05:30,4201.000000,4203.000000,4195.200000,4199.950000,1231
2020-07-21T14:15:00+05:30,4199.950000,4203.000000,4195.550000,4200.000000,937
2020-07-21T14:30:00+05:30,4200.000000,4203.000000,4195.000000,4195.050000,1559
2020-07-21T14:45:00+05:30,4195.050000,4198.500000,4185.000000,4188.000000,2363
2020-07-21T15:00:00+05:30,4188.000000,4193.850000,4180.000000,4183.000000,3131
2020-07-21T15:15:00+05:30,4182.000000,4190.000000,4175.000000,4180.000000,3993
2020-07-22T09:15:00+05:30,4166.000000,4182.500000,4120.000000,4182.500000,2666
2020-07-22T09:30:00+05:30,4190.950000,4190.950000,4152.000000,4162.000000,1518
2020-07-22T09:45:00+05:30,4162.000000,4164.900000,4135.000000,4140.850000,1536
2020-07-22T10:00:00+05:30,4140.500000,4141.950000,4115.000000,4141.950000,3009
2020-07-22T10:15:00+05:30,4141.950000,4143.300000,4125.000000,4142.000000,736
2020-07-22T10:30:00+05:30,4142.000000,4147.250000,4130.500000,4135.000000,601
2020-07-22T10:45:00+05:30,4135.000000,4144.050000,4130.600000,4139.000000,664
2020-07-22T11:00:00+05:30,4139.400000,4144.800000,4136.000000,4141.050000,257
2020-07-22T11:15:00+05:30,4141.050000,4147.950000,4128.000000,4133.300000,537
2020-07-22T11:30:00+05:30,4133.300000,4144.000000,4133.300000,4140.600000,295
2020-07-22T11:45:00+05:30,4141.050000,4147.000000,4137.650000,4144.700000,510
2020-07-22T12:00:00+05:30,4144.700000,4175.000000,4142.400000,4174.900000,1007
2020-07-22T12:15:00+05:30,4174.900000,4181.000000,4169.700000,4178.950000,1263
2020-07-22T12:30:00+05:30,4178.950000,4179.900000,4164.200000,4176.000000,819
2020-07-22T12:45:00+05:30,4178.050000,4182.000000,4175.000000,4180.000000,692
2020-07-22T13:00:00+05:30,4181.650000,4181.650000,4166.150000,4166.550000,813
2020-07-22T13:15:00+05:30,4166.550000,4179.000000,4156.650000,4173.650000,5609
2020-07-22T13:30:00+05:30,4173.500000,4173.500000,4146.150000,4151.000000,1347
2020-07-22T13:45:00+05:30,4150.100000,4155.200000,4150.050000,4152.050000,171
2020-07-22T14:00:00+05:30,4152.050000,4156.000000,4140.900000,4144.000000,795
2020-07-22T14:15:00+05:30,4144.000000,4148.350000,4142.300000,4146.250000,252
2020-07-22T14:30:00+05:30,4146.250000,4153.350000,4132.000000,4132.000000,1526
2020-07-22T14:45:00+05:30,4132.000000,4150.800000,4127.000000,4147.400000,1314
2020-07-22T15:00:00+05:30,4147.400000,4160.000000,4147.400000,4150.000000,1437
2020-07-22T15:15:00+05:30,4150.000000,4179.300000,4140.900000,4175.000000,2622
2020-07-23T09:15:00+05:30,4298.000000,4318.950000,4265.400000,4285.000000,35536
2020-07-23T09:30:00+05:30,4290.000000,4293.000000,4277.000000,4282.000000,6795
2020-07-23T09:45:00+05:30,4282.000000,4282.000000,4252.000000,4266.400000,7837
2020-07-23T10:00:00+05:30,4266.400000,4281.950000,4264.000000,4275.000000,3192
2020-07-23T10:15:00+05:30,4276.950000,4295.000000,4276.950000,4282.600000,3700
2020-07-23T10:30:00+05:30,4282.600000,4284.950000,4275.000000,4281.900000,2925
2020-07-23T10:45:00+05:30,4281.900000,4283.000000,4271.200000,4280.000000,1984
2020-07-23T11:00:00+05:30,4278.950000,4286.450000,4275.000000,4286.000000,2744
2020-07-23T11:15:00+05:30,4286.000000,4308.100000,4282.200000,4302.050000,7875
2020-07-23T11:30:00+05:30,4302.150000,4306.000000,4299.050000,4301.500000,5831
2020-07-23T11:45:00+05:30,4301.500000,4307.000000,4299.050000,4305.000000,2745
2020-07-23T12:00:00+05:30,4306.050000,4318.000000,4305.000000,4317.850000,6501
2020-07-23T12:15:00+05:30,4315.050000,4325.000000,4311.450000,4317.500000,5059
2020-07-23T12:30:00+05:30,4316.000000,4340.000000,4313.550000,4324.350000,8908
2020-07-23T12:45:00+05:30,4324.350000,4332.000000,4317.000000,4330.850000,2931
2020-07-23T13:00:00+05:30,4330.850000,4332.000000,4310.000000,4310.000000,5332
2020-07-23T13:15:00+05:30,4311.250000,4325.000000,4300.000000,4313.000000,5033
2020-07-23T13:30:00+05:30,4313.000000,4323.750000,4310.200000,4311.050000,940
2020-07-23T13:45:00+05:30,4311.050000,4328.100000,4311.050000,4322.000000,2175
2020-07-23T14:00:00+05:30,4323.000000,4325.000000,4320.000000,4323.000000,828
2020-07-23T14:15:00+05:30,4323.000000,4330.000000,4302.100000,4307.000000,3007
2020-07-23T14:30:00+05:30,4307.000000,4319.000000,4305.000000,4312.400000,1419
2020-07-23T14:45:00+05:30,4312.400000,4316.150000,4275.000000,4276.200000,5301
2020-07-23T15:00:00+05:30,4276.000000,4295.000000,4271.050000,4281.150000,4237
2020-07-23T15:15:00+05:30,4281.150000,4281.150000,4270.050000,4277.000000,4848
2020-07-24T09:15:00+05:30,4270.000000,4270.000000,4236.000000,4242.650000,4265
2020-07-24T09:30:00+05:30,4242.550000,4251.950000,4238.450000,4245.000000,1655
2020-07-24T09:45:00+05:30,4245.000000,4245.950000,4223.250000,4230.900000,4186
2020-07-24T10:00:00+05:30,4230.900000,4256.000000,4224.050000,4255.000000,1750
2020-07-24T10:15:00+05:30,4255.000000,4255.000000,4226.000000,4234.550000,1497
2020-07-24T10:30:00+05:30,4234.550000,4248.600000,4226.150000,4226.150000,743
2020-07-24T10:45:00+05:30,4226.150000,4245.750000,4220.000000,4226.050000,1332
2020-07-24T11:00:00+05:30,4229.950000,4235.000000,4225.100000,4235.000000,951
2020-07-24T11:15:00+05:30,4235.000000,4245.000000,4234.950000,4242.900000,444
2020-07-24T11:30:00+05:30,4242.900000,4247.000000,4220.000000,4241.000000,1039
2020-07-24T11:45:00+05:30,4241.000000,4249.000000,4235.050000,4248.000000,708
2020-07-24T12:00:00+05:30,4248.000000,4249.900000,4242.350000,4249.900000,500
2020-07-24T12:15:00+05:30,4249.900000,4250.000000,4242.400000,4246.050000,456
2020-07-24T12:30:00+05:30,4246.050000,4260.000000,4238.400000,4258.000000,1278
2020-07-24T12:45:00+05:30,4258.000000,4258.000000,4241.050000,4247.000000,315
2020-07-24T13:00:00+05:30,4247.000000,4255.850000,4240.900000,4253.850000,664
2020-07-24T13:15:00+05:30,4253.850000,4256.700000,4247.400000,4253.950000,412
2020-07-24T13:30:00+05:30,4254.800000,4260.000000,4250.100000,4255.550000,526
2020-07-24T13:45:00+05:30,4260.000000,4328.800000,4260.000000,4324.200000,10221
2020-07-24T14:00:00+05:30,4327.950000,4378.750000,4324.200000,4373.000000,16455
2020-07-24T14:15:00+05:30,4373.000000,4378.000000,4351.350000,4352.200000,5736
2020-07-24T14:30:00+05:30,4356.000000,4360.000000,4327.000000,4360.000000,5524
2020-07-24T14:45:00+05:30,4360.000000,4369.000000,4340.000000,4355.000000,4168
2020-07-24T15:00:00+05:30,4352.600000,4356.000000,4337.100000,4342.050000,3946
2020-07-24T15:15:00+05:30,4342.050000,4346.450000,4331.000000,4345.000000,5486
2020-07-27T09:15:00+05:30,4415.000000,4415.000000,4355.000000,4355.000000,11338
2020-07-27T09:30:00+05:30,4355.000000,4370.700000,4351.550000,4370.550000,3795
2020-07-27T09:45:00+05:30,4370.550000,4373.900000,4345.000000,4370.550000,5318
2020-07-27T10:00:00+05:30,4370.550000,4385.000000,4369.600000,4385.000000,3234
2020-07-27T10:15:00+05:30,4385.000000,4400.000000,4380.100000,4395.050000,3864
2020-07-27T10:30:00+05:30,4395.050000,4398.000000,4355.000000,4356.000000,3234
2020-07-27T10:45:00+05:30,4356.000000,4379.500000,4351.000000,4362.000000,4426
2020-07-27T11:00:00+05:30,4362.000000,4370.000000,4360.000000,4370.000000,1078
2020-07-27T11:15:00+05:30,4370.000000,4370.000000,4358.000000,4367.500000,2549
2020-07-27T11:30:00+05:30,4367.500000,4410.000000,4360.200000,4405.000000,7479
2020-07-27T11:45:00+05:30,4405.000000,4445.000000,4383.000000,4440.000000,21036
2020-07-27T12:00:00+05:30,4440.000000,4445.000000,4412.800000,4439.950000,7649
2020-07-27T12:15:00+05:30,4439.950000,4445.000000,4428.250000,4432.000000,7299
2020-07-27T12:30:00+05:30,4432.000000,4439.900000,4420.100000,4435.650000,2936
2020-07-27T12:45:00+05:30,4435.650000,4440.000000,4431.600000,4432.000000,1439
2020-07-27T13:00:00+05:30,4432.000000,4444.900000,4422.750000,4439.050000,3117
2020-07-27T13:15:00+05:30,4439.050000,4442.000000,4400.000000,4427.000000,3787
2020-07-27T13:30:00+05:30,4427.000000,4435.000000,4420.550000,4425.100000,1735
2020-07-27T13:45:00+05:30,4425.100000,4440.000000,4402.250000,4425.000000,6086
2020-07-27T14:00:00+05:30,4425.000000,4435.000000,4418.000000,4423.450000,1403
2020-07-27T14:15:00+05:30,4423.450000,4428.000000,4382.000000,4411.200000,3948
2020-07-27T14:30:00+05:30,4411.200000,4420.000000,4403.050000,4412.450000,2461
2020-07-27T14:45:00+05:30,4409.950000,4412.450000,4375.250000,4375.250000,4515
2020-07-27T15:00:00+05:30,4375.250000,4381.000000,4352.000000,4353.900000,5555
2020-07-27T15:15:00+05:30,4353.900000,4390.000000,4352.650000,4388.800000,5593
2020-07-28T09:15:00+05:30,4425.000000,4449.950000,4371.000000,4371.000000,21958
2020-07-28T09:30:00+05:30,4371.000000,4410.000000,4371.000000,4388.000000,7547
2020-07-28T09:45:00+05:30,4388.000000,4396.450000,4371.300000,4383.850000,6124
2020-07-28T10:00:00+05:30,4381.800000,4381.950000,4354.000000,4372.000000,5893
2020-07-28T10:15:00+05:30,4372.000000,4395.000000,4370.000000,4392.800000,3120
2020-07-28T10:30:00+05:30,4393.300000,4396.000000,4380.500000,4390.850000,3457
2020-07-28T10:45:00+05:30,4390.850000,4394.550000,4368.200000,4368.400000,2151
2020-07-28T11:00:00+05:30,4368.400000,4379.950000,4360.000000,4360.000000,3200
2020-07-28T11:15:00+05:30,4360.000000,4365.000000,4325.000000,4330.000000,4835
2020-07-28T11:30:00+05:30,4330.000000,4349.800000,4327.050000,4349.800000,3383
2020-07-28T11:45:00+05:30,4349.800000,4355.000000,4337.500000,4341.800000,3712
2020-07-28T12:00:00+05:30,4341.800000,4354.000000,4341.800000,4347.450000,830
2020-07-28T12:15:00+05:30,4347.450000,4349.750000,4341.300000,4342.750000,660
2020-07-28T12:30:00+05:30,4342.750000,4354.450000,4340.000000,4347.000000,1113
2020-07-28T12:45:00+05:30,4347.000000,4347.000000,4336.050000,4340.800000,903
2020-07-28T13:00:00+05:30,4340.800000,4340.800000,4313.300000,4322.500000,2937
2020-07-28T13:15:00+05:30,4322.500000,4336.950000,4318.000000,4336.950000,1038
2020-07-28T13:30:00+05:30,4336.950000,4337.100000,4325.000000,4328.300000,1136
2020-07-28T13:45:00+05:30,4331.950000,4338.900000,4324.200000,4325.000000,1262
2020-07-28T14:00:00+05:30,4325.000000,4339.750000,4325.000000,4329.850000,1221
2020-07-28T14:15:00+05:30,4329.850000,4334.400000,4320.050000,4320.100000,1286
2020-07-28T14:30:00+05:30,4320.100000,4330.000000,4311.000000,4318.000000,2020
2020-07-28T14:45:00+05:30,4318.000000,4327.650000,4315.800000,4323.750000,1704
2020-07-28T15:00:00+05:30,4323.750000,4327.050000,4301.000000,4315.000000,5661
2020-07-28T15:15:00+05:30,4311.600000,4328.000000,4305.000000,4325.000000,8953
2020-07-29T09:15:00+05:30,4349.000000,4358.000000,4330.050000,4345.000000,6362
2020-07-29T09:30:00+05:30,4345.000000,4362.000000,4345.000000,4360.000000,5758
2020-07-29T09:45:00+05:30,4360.000000,4365.450000,4354.000000,4360.100000,2931
2020-07-29T10:00:00+05:30,4362.750000,4368.000000,4356.000000,4360.050000,2188
2020-07-29T10:15:00+05:30,4362.000000,4362.000000,4354.000000,4354.500000,1593
2020-07-29T10:30:00+05:30,4354.500000,4360.950000,4354.000000,4354.050000,1002
2020-07-29T10:45:00+05:30,4354.050000,4367.800000,4354.000000,4363.100000,1249
2020-07-29T11:00:00+05:30,4363.100000,4365.200000,4357.350000,4360.000000,5306
2020-07-29T11:15:00+05:30,4360.000000,4360.350000,4357.250000,4357.250000,347
2020-07-29T11:30:00+05:30,4357.000000,4364.000000,4355.250000,4360.350000,646
2020-07-29T11:45:00+05:30,4357.050000,4360.100000,4350.000000,4350.000000,1495
2020-07-29T12:00:00+05:30,4350.000000,4350.350000,4341.100000,4344.000000,562
2020-07-29T12:15:00+05:30,4346.550000,4350.000000,4337.800000,4337.800000,781
2020-07-29T12:30:00+05:30,4337.800000,4348.050000,4337.600000,4348.050000,477
2020-07-29T12:45:00+05:30,4342.000000,4344.900000,4337.000000,4339.750000,500
2020-07-29T13:00:00+05:30,4339.700000,4339.700000,4326.000000,4335.950000,1403
2020-07-29T13:15:00+05:30,4335.950000,4337.700000,4331.200000,4337.700000,401
2020-07-29T13:30:00+05:30,4337.700000,4343.550000,4326.000000,4329.000000,705
2020-07-29T13:45:00+05:30,4329.000000,4329.950000,4322.000000,4327.000000,620
2020-07-29T14:00:00+05:30,4327.000000,4331.650000,4321.000000,4321.000000,865
2020-07-29T14:15:00+05:30,4321.000000,4321.000000,4287.500000,4300.000000,3366
2020-07-29T14:30:00+05:30,4300.000000,4310.000000,4295.000000,4299.950000,1139
2020-07-29T14:45:00+05:30,4299.950000,4306.900000,4295.000000,4301.000000,1323
2020-07-29T15:00:00+05:30,4301.000000,4307.200000,4295.950000,4301.000000,1382
2020-07-29T15:15:00+05:30,4301.000000,4303.000000,4290.000000,4290.000000,2394
2020-07-30T09:15:00+05:30,4322.000000,4322.000000,4263.000000,4274.400000,3723
2020-07-30T09:30:00+05:30,4274.400000,4288.950000,4269.500000,4274.100000,1269
2020-07-30T09:45:00+05:30,4274.100000,4286.400000,4270.050000,4279.200000,2003
2020-07-30T10:00:00+05:30,4279.200000,4295.000000,4276.600000,4287.450000,1024
2020-07-30T10:15:00+05:30,4287.450000,4299.000000,4287.450000,4297.000000,1196
2020-07-30T10:30:00+05:30,4298.900000,4300.000000,4294.050000,4300.000000,824
2020-07-30T10:45:00+05:30,4299.950000,4305.000000,4292.000000,4295.150000,914
2020-07-30T11:00:00+05:30,4295.100000,4295.100000,4275.000000,4277.950000,1385
2020-07-30T11:15:00+05:30,4277.950000,4290.000000,4275.000000,4290.000000,374
2020-07-30T11:30:00+05:30,4290.000000,4300.000000,4285.450000,4296.000000,642
2020-07-30T11:45:00+05:30,4296.000000,4299.950000,4283.600000,4287.200000,864
2020-07-30T12:00:00+05:30,4287.200000,4289.650000,4280.000000,4287.000000,374
2020-07-30T12:15:00+05:30,4287.000000,4296.600000,4285.000000,4292.200000,381
2020-07-30T12:30:00+05:30,4292.200000,4292.200000,4270.200000,4281.450000,1501
2020-07-30T12:45:00+05:30,4281.450000,4281.450000,4266.100000,4270.000000,1121
2020-07-30T13:00:00+05:30,4267.950000,4271.550000,4261.900000,4271.550000,1340
2020-07-30T13:15:00+05:30,4271.550000,4275.000000,4270.000000,4275.000000,326
2020-07-30T13:30:00+05:30,4275.000000,4275.000000,4261.050000,4268.000000,373
2020-07-30T13:45:00+05:30,4267.950000,4269.100000,4261.000000,4266.000000,246
2020-07-30T14:00:00+05:30,4266.000000,4266.000000,4255.900000,4260.800000,1286
2020-07-30T14:15:00+05:30,4260.800000,4262.950000,4255.000000,4255.400000,1073
2020-07-30T14:30:00+05:30,4255.000000,4255.600000,4228.400000,4230.400000,3009
2020-07-30T14:45:00+05:30,4230.400000,4246.000000,4230.150000,4240.000000,1380
2020-07-30T15:00:00+05:30,4240.000000,4247.450000,4223.000000,4228.100000,1634
2020-07-30T15:15:00+05:30,4228.100000,4236.450000,4225.000000,4234.900000,2607
2020-07-31T09:15:00+05:30,4230.000000,4230.000000,4200.000000,4214.000000,3213
2020-07-31T09:30:00+05:30,4214.000000,4219.000000,4203.100000,4214.800000,1226
2020-07-31T09:45:00+05:30,4214.800000,4217.950000,4179.900000,4192.700000,4394
2020-07-31T10:00:00+05:30,4191.000000,4193.450000,4180.000000,4189.550000,2292
2020-07-31T10:15:00+05:30,4189.600000,4195.000000,4182.000000,4186.000000,1346
2020-07-31T10:30:00+05:30,4186.000000,4194.950000,4183.000000,4191.800000,1068
2020-07-31T10:45:00+05:30,4191.700000,4195.000000,4182.000000,4189.650000,1525
2020-07-31T11:00:00+05:30,4193.000000,4194.700000,4188.000000,4190.900000,712
2020-07-31T11:15:00+05:30,4190.950000,4221.200000,4190.350000,4201.200000,5333
2020-07-31T11:30:00+05:30,4201.200000,4201.200000,4191.600000,4197.000000,1355
2020-07-31T11:45:00+05:30,4198.950000,4207.000000,4193.550000,4202.850000,1292
2020-07-31T12:00:00+05:30,4202.850000,4218.000000,4201.000000,4210.000000,1045
2020-07-31T12:15:00+05:30,4210.000000,4212.000000,4205.400000,4208.050000,945
2020-07-31T12:30:00+05:30,4208.050000,4222.000000,4200.000000,4213.350000,5612
2020-07-31T12:45:00+05:30,4213.350000,4220.000000,4201.550000,4217.200000,1097
2020-07-31T13:00:00+05:30,4214.050000,4220.000000,4210.000000,4215.000000,873
2020-07-31T13:15:00+05:30,4215.000000,4252.050000,4210.400000,4248.400000,3673
2020-07-31T13:30:00+05:30,4252.050000,4252.050000,4228.000000,4233.000000,2424
2020-07-31T13:45:00+05:30,4233.000000,4323.000000,4228.000000,4292.050000,8433
2020-07-31T14:00:00+05:30,4291.600000,4308.600000,4270.550000,4307.000000,3816
2020-07-31T14:15:00+05:30,4307.000000,4320.000000,4282.000000,4286.600000,2259
2020-07-31T14:30:00+05:30,4286.600000,4315.000000,4286.600000,4295.000000,2016
2020-07-31T14:45:00+05:30,4295.000000,4320.000000,4285.000000,4296.000000,3600
2020-07-31T15:00:00+05:30,4296.000000,4296.000000,4262.900000,4265.000000,3011
2020-07-31T15:15:00+05:30,4263.000000,4290.000000,4260.000000,4270.000000,3850
2020-08-03T09:15:00+05:30,4295.000000,4355.000000,4295.000000,4328.350000,7719
2020-08-03T09:30:00+05:30,4328.750000,4330.000000,4298.350000,4330.000000,2665
2020-08-03T09:45:00+05:30,4332.750000,4364.000000,4318.800000,4360.000000,4849
2020-08-03T10:00:00+05:30,4363.000000,4378.000000,4348.450000,4370.000000,5322
2020-08-03T10:15:00+05:30,4366.450000,4390.000000,4365.000000,4390.000000,4174
2020-08-03T10:30:00+05:30,4390.000000,4397.000000,4371.150000,4378.350000,3647
2020-08-03T10:45:00+05:30,4378.350000,4390.200000,4365.000000,4373.950000,2969
2020-08-03T11:00:00+05:30,4373.950000,4379.800000,4365.100000,4366.050000,1875
2020-08-03T11:15:00+05:30,4366.050000,4385.000000,4365.000000,4377.100000,1246
2020-08-03T11:30:00+05:30,4377.100000,4387.000000,4365.000000,4387.000000,1961
2020-08-03T11:45:00+05:30,4387.000000,4395.000000,4381.200000,4394.000000,2310
2020-08-03T12:00:00+05:30,4390.000000,4398.000000,4390.000000,4390.000000,2916
2020-08-03T12:15:00+05:30,4390.000000,4400.000000,4370.050000,4375.000000,3287
2020-08-03T12:30:00+05:30,4375.000000,4384.350000,4355.450000,4363.600000,3735
2020-08-03T12:45:00+05:30,4363.600000,4389.700000,4356.850000,4375.600000,1255
2020-08-03T13:00:00+05:30,4375.600000,4380.000000,4361.050000,4373.200000,1154
2020-08-03T13:15:00+05:30,4373.200000,4376.000000,4365.000000,4367.000000,465
2020-08-03T13:30:00+05:30,4367.000000,4370.000000,4354.000000,4363.900000,767
2020-08-03T13:45:00+05:30,4358.350000,4379.550000,4358.350000,4362.000000,7283
2020-08-03T14:00:00+05:30,4367.500000,4371.550000,4355.000000,4360.000000,768
2020-08-03T14:15:00+05:30,4355.150000,4378.800000,4355.000000,4376.750000,1571
2020-08-03T14:30:00+05:30,4376.750000,4426.000000,4372.800000,4425.500000,17852
2020-08-03T14:45:00+05:30,4425.500000,4430.000000,4402.750000,4419.600000,9868
2020-08-03T15:00:00+05:30,4420.000000,4425.000000,4381.600000,4385.000000,7058
2020-08-03T15:15:00+05:30,4385.000000,4398.350000,4380.000000,4380.000000,4994
2020-08-04T09:15:00+05:30,4420.000000,4442.750000,4405.800000,4425.250000,5073
2020-08-04T09:30:00+05:30,4425.250000,4425.250000,4380.850000,4383.000000,2743
2020-08-04T09:45:00+05:30,4382.600000,4389.000000,4370.000000,4372.500000,1683
2020-08-04T10:00:00+05:30,4375.000000,4420.000000,4372.000000,4414.800000,1931
2020-08-04T10:15:00+05:30,4414.800000,4435.800000,4410.000000,4435.800000,2615
2020-08-04T10:30:00+05:30,4435.800000,4438.050000,4417.600000,4427.550000,3072
2020-08-04T10:45:00+05:30,4427.550000,4435.000000,4425.300000,4434.950000,1438
2020-08-04T11:00:00+05:30,4434.950000,4435.000000,4428.050000,4430.000000,1052
2020-08-04T11:15:00+05:30,4430.000000,4435.000000,4418.000000,4423.800000,1004
2020-08-04T11:30:00+05:30,4423.800000,4430.000000,4418.000000,4427.700000,927
2020-08-04T11:45:00+05:30,4427.700000,4429.100000,4417.550000,4418.300000,847
2020-08-04T12:00:00+05:30,4417.550000,4425.200000,4417.550000,4425.200000,770
2020-08-04T12:15:00+05:30,4425.200000,4428.000000,4416.000000,4419.900000,1304
2020-08-04T12:30:00+05:30,4419.900000,4423.850000,4393.000000,4393.000000,2259
2020-08-04T12:45:00+05:30,4395.050000,4395.050000,4377.900000,4383.000000,1904
2020-08-04T13:00:00+05:30,4383.000000,4386.400000,4380.150000,4383.000000,1034
2020-08-04T13:15:00+05:30,4383.000000,4386.000000,4381.000000,4386.000000,685
2020-08-04T13:30:00+05:30,4385.200000,4395.050000,4385.200000,4394.800000,847
2020-08-04T13:45:00+05:30,4394.800000,4401.950000,4390.400000,4398.800000,1118
2020-08-04T14:00:00+05:30,4398.800000,4403.350000,4396.000000,4397.850000,894
2020-08-04T14:15:00+05:30,4395.350000,4401.450000,4395.300000,4399.000000,1091
2020-08-04T14:30:00+05:30,4399.000000,4400.000000,4385.000000,4393.000000,1170
2020-08-04T14:45:00+05:30,4394.000000,4400.000000,4383.000000,4390.000000,1384
2020-08-04T15:00:00+05:30,4390.000000,4397.950000,4370.000000,4384.800000,3029
2020-08-04T15:15:00+05:30,4384.800000,4389.000000,4366.050000,4380.550000,4170
2020-08-05T09:15:00+05:30,4415.000000,4429.000000,4406.050000,4417.350000,2050
2020-08-05T09:30:00+05:30,4417.350000,4429.000000,4403.000000,4408.800000,1672
2020-08-05T09:45:00+05:30,4404.400000,4414.350000,4402.000000,4409.950000,1179
2020-08-05T10:00:00+05:30,4410.000000,4438.000000,4404.000000,4424.800000,3508
2020-08-05T10:15:00+05:30,4424.800000,4440.000000,4412.450000,4440.000000,2551
2020-08-05T10:30:00+05:30,4440.050000,4472.100000,4430.000000,4455.350000,14566
2020-08-05T10:45:00+05:30,4455.350000,4459.350000,4425.000000,4444.000000,3332
2020-08-05T11:00:00+05:30,4444.000000,4447.700000,4432.650000,4435.000000,1010
2020-08-05T11:15:00+05:30,4435.000000,4438.000000,4422.000000,4423.000000,1287
2020-08-05T11:30:00+05:30,4420.000000,4423.800000,4407.000000,4407.000000,1792
2020-08-05T11:45:00+05:30,4407.000000,4422.800000,4400.000000,4410.750000,2208
2020-08-05T12:00:00+05:30,4406.700000,4440.000000,4405.600000,4433.500000,1268
2020-08-05T12:15:00+05:30,4433.500000,4433.550000,4421.200000,4422.000000,287
2020-08-05T12:30:00+05:30,4422.000000,4434.800000,4420.000000,4429.950000,655
2020-08-05T12:45:00+05:30,4426.000000,4427.900000,4415.200000,4415.950000,527
2020-08-05T13:00:00+05:30,4415.950000,4429.900000,4413.850000,4420.850000,412
2020-08-05T13:15:00+05:30,4420.850000,4427.000000,4417.200000,4424.350000,433
2020-08-05T13:30:00+05:30,4424.350000,4424.350000,4411.700000,4419.600000,565
2020-08-05T13:45:00+05:30,4419.600000,4425.000000,4414.000000,4414.800000,813
2020-08-05T14:00:00+05:30,4414.800000,4422.800000,4410.000000,4418.100000,918
2020-08-05T14:15:00+05:30,4418.100000,4427.950000,4410.000000,4427.150000,1519
2020-08-05T14:30:00+05:30,4427.150000,4449.000000,4421.950000,4445.000000,1708
2020-08-05T14:45:00+05:30,4445.000000,4448.750000,4424.200000,4430.000000,1146
2020-08-05T15:00:00+05:30,4430.000000,4430.000000,4419.900000,4420.850000,1621
2020-08-05T15:15:00+05:30,4420.850000,4435.050000,4419.000000,4432.450000,3666
2020-08-06T09:15:00+05:30,4450.000000,4453.000000,4401.000000,4414.800000,2386
2020-08-06T09:30:00+05:30,4414.800000,4425.000000,4410.000000,4412.000000,1016
2020-08-06T09:45:00+05:30,4412.000000,4420.700000,4406.450000,4406.500000,1241
2020-08-06T10:00:00+05:30,4405.550000,4412.000000,4402.400000,4402.400000,1278
2020-08-06T10:15:00+05:30,4402.400000,4420.000000,4402.400000,4411.550000,1859
2020-08-06T10:30:00+05:30,4411.550000,4419.700000,4405.000000,4416.000000,825
2020-08-06T10:45:00+05:30,4416.000000,4419.400000,4412.000000,4413.000000,961
2020-08-06T11:00:00+05:30,4413.000000,4416.800000,4404.000000,4404.000000,441
2020-08-06T11:15:00+05:30,4404.000000,4414.400000,4402.400000,4406.100000,350
2020-08-06T11:30:00+05:30,4406.100000,4410.800000,4402.500000,4402.500000,248
2020-08-06T11:45:00+05:30,4402.500000,4413.600000,4400.250000,4411.950000,1232
2020-08-06T12:00:00+05:30,4411.950000,4413.250000,4402.050000,4410.250000,416
2020-08-06T12:15:00+05:30,4410.250000,4413.850000,4408.000000,4413.850000,153
2020-08-06T12:30:00+05:30,4411.500000,4418.000000,4409.000000,4416.000000,364
2020-08-06T12:45:00+05:30,4416.350000,4417.950000,4407.400000,4413.550000,396
2020-08-06T13:00:00+05:30,4413.550000,4415.000000,4410.700000,4410.700000,124
2020-08-06T13:15:00+05:30,4410.700000,4416.000000,4409.050000,4409.050000,344
2020-08-06T13:30:00+05:30,4409.050000,4425.000000,4405.000000,4415.000000,1728
2020-08-06T13:45:00+05:30,4414.450000,4420.000000,4402.000000,4409.600000,558
2020-08-06T14:00:00+05:30,4406.050000,4418.500000,4400.400000,4406.750000,834
2020-08-06T14:15:00+05:30,4406.750000,4407.600000,4385.000000,4389.900000,2079
2020-08-06T14:30:00+05:30,4389.900000,4400.000000,4385.000000,4395.300000,997
2020-08-06T14:45:00+05:30,4397.400000,4406.250000,4390.000000,4400.000000,1204
2020-08-06T15:00:00+05:30,4400.000000,4404.000000,4383.950000,4386.100000,1284
2020-08-06T15:15:00+05:30,4386.100000,4395.000000,4380.000000,4389.950000,1863
2020-08-07T09:15:00+05:30,4394.950000,4395.000000,4350.000000,4392.000000,2112
2020-08-07T09:30:00+05:30,4392.000000,4395.000000,4375.000000,4375.000000,934
2020-08-07T09:45:00+05:30,4375.000000,4388.000000,4360.000000,4385.000000,1632
2020-08-07T10:00:00+05:30,4385.000000,4387.500000,4370.000000,4375.150000,1100
2020-08-07T10:15:00+05:30,4375.150000,4380.050000,4365.000000,4372.850000,2184
2020-08-07T10:30:00+05:30,4372.850000,4385.000000,4372.850000,4378.000000,312
2020-08-07T10:45:00+05:30,4378.000000,4382.150000,4372.050000,4376.000000,321
2020-08-07T11:00:00+05:30,4376.000000,4383.850000,4376.000000,4377.750000,210
2020-08-07T11:15:00+05:30,4377.750000,4383.900000,4377.600000,4380.000000,342
2020-08-07T11:30:00+05:30,4380.000000,4383.000000,4374.350000,4383.000000,523
2020-08-07T11:45:00+05:30,4383.000000,4384.900000,4373.050000,4382.650000,330
2020-08-07T12:00:00+05:30,4382.650000,4384.400000,4375.000000,4378.750000,233
2020-08-07T12:15:00+05:30,4378.750000,4378.750000,4370.400000,4370.400000,165
2020-08-07T12:30:00+05:30,4370.400000,4379.000000,4370.250000,4375.550000,246
2020-08-07T12:45:00+05:30,4376.400000,4378.000000,4371.000000,4372.100000,205
2020-08-07T13:00:00+05:30,4372.100000,4378.000000,4370.900000,4378.000000,194
2020-08-07T13:15:00+05:30,4378.000000,4380.900000,4374.050000,4378.700000,139
2020-08-07T13:30:00+05:30,4378.700000,4391.050000,4376.100000,4385.300000,319
2020-08-07T13:45:00+05:30,4385.300000,4393.900000,4383.800000,4388.850000,941
2020-08-07T14:00:00+05:30,4388.850000,4394.000000,4386.150000,4394.000000,209
2020-08-07T14:15:00+05:30,4393.900000,4415.000000,4393.000000,4405.800000,1987
2020-08-07T14:30:00+05:30,4405.800000,4422.150000,4401.150000,4403.000000,2279
2020-08-07T14:45:00+05:30,4403.000000,4407.200000,4387.400000,4399.950000,1262
2020-08-07T15:00:00+05:30,4399.950000,4400.000000,4372.900000,4379.600000,1220
2020-08-07T15:15:00+05:30,4379.600000,4386.700000,4370.400000,4375.100000,1675
2020-08-10T09:15:00+05:30,4400.000000,4430.000000,4393.500000,4400.750000,4223
2020-08-10T09:30:00+05:30,4400.750000,4424.000000,4393.500000,4424.000000,1601
2020-08-10T09:45:00+05:30,4424.000000,4435.000000,4420.000000,4434.000000,2385
2020-08-10T10:00:00+05:30,4440.000000,4459.500000,4433.050000,4450.950000,3901
2020-08-10T10:15:00+05:30,4450.950000,4457.300000,4437.000000,4442.800000,2044
2020-08-10T10:30:00+05:30,4442.800000,4450.000000,4437.000000,4450.000000,1907
2020-08-10T10:45:00+05:30,4450.000000,4561.100000,4441.200000,4561.100000,25805
2020-08-10T11:00:00+05:30,4565.000000,4570.000000,4502.000000,4531.950000,11028
2020-08-10T11:15:00+05:30,4532.600000,4569.950000,4531.000000,4561.050000,6514
2020-08-10T11:30:00+05:30,4561.000000,4565.000000,4536.050000,4539.600000,4627
2020-08-10T11:45:00+05:30,4539.600000,4539.600000,4511.050000,4515.200000,4072
2020-08-10T12:00:00+05:30,4515.200000,4534.100000,4511.400000,4520.000000,2814
2020-08-10T12:15:00+05:30,4519.950000,4556.000000,4512.000000,4550.800000,4422
2020-08-10T12:30:00+05:30,4550.000000,4554.300000,4527.300000,4543.300000,3370
2020-08-10T12:45:00+05:30,4543.300000,4557.000000,4531.050000,4542.000000,36461
2020-08-10T13:00:00+05:30,4542.000000,4787.700000,4520.000000,4770.000000,68064
2020-08-10T13:15:00+05:30,4763.000000,4769.750000,4655.000000,4678.000000,18469
2020-08-10T13:30:00+05:30,4675.050000,4678.000000,4630.000000,4635.550000,8528
2020-08-10T13:45:00+05:30,4635.550000,4639.300000,4605.000000,4613.000000,3957
2020-08-10T14:00:00+05:30,4613.000000,4640.000000,4600.000000,4600.000000,2655
2020-08-10T14:15:00+05:30,4600.000000,4633.050000,4580.150000,4624.050000,4426
2020-08-10T14:30:00+05:30,4624.050000,4640.000000,4612.200000,4615.100000,2168
2020-08-10T14:45:00+05:30,4615.100000,4635.000000,4615.100000,4622.000000,1962
2020-08-10T15:00:00+05:30,4622.000000,4624.750000,4586.000000,4596.950000,3152
2020-08-10T15:15:00+05:30,4593.000000,4615.000000,4585.000000,4615.000000,6297
2020-08-11T09:15:00+05:30,4630.000000,4674.650000,4624.000000,4629.050000,5280
2020-08-11T09:30:00+05:30,4629.050000,4630.950000,4580.000000,4595.650000,6125
2020-08-11T09:45:00+05:30,4595.650000,4614.700000,4581.550000,4602.900000,2088
2020-08-11T10:00:00+05:30,4602.900000,4612.000000,4585.000000,4609.950000,1592
2020-08-11T10:15:00+05:30,4609.950000,4619.000000,4609.000000,4618.000000,1041
2020-08-11T10:30:00+05:30,4618.000000,4618.000000,4604.000000,4610.700000,843
2020-08-11T10:45:00+05:30,4606.350000,4610.500000,4590.150000,4597.800000,19807
2020-08-11T11:00:00+05:30,4593.050000,4597.400000,4584.550000,4590.000000,728
2020-08-11T11:15:00+05:30,4590.000000,4610.100000,4582.000000,4610.100000,1194
2020-08-11T11:30:00+05:30,4610.100000,4626.150000,4592.750000,4612.000000,3220
2020-08-11T11:45:00+05:30,4612.000000,4646.000000,4600.050000,4646.000000,2471
2020-08-11T12:00:00+05:30,4649.950000,4674.000000,4645.950000,4661.450000,5204
2020-08-11T12:15:00+05:30,4661.450000,4670.000000,4645.600000,4648.800000,4060
2020-08-11T12:30:00+05:30,4648.800000,4650.050000,4640.600000,4640.600000,1580
2020-08-11T12:45:00+05:30,4640.600000,4647.250000,4640.600000,4641.700000,932
2020-08-11T13:00:00+05:30,4641.700000,4645.000000,4633.000000,4641.100000,1568
2020-08-11T13:15:00+05:30,4641.100000,4647.500000,4635.550000,4638.950000,503
2020-08-11T13:30:00+05:30,4638.950000,4643.950000,4635.000000,4643.950000,910
2020-08-11T13:45:00+05:30,4643.950000,4645.000000,4632.600000,4634.650000,429
2020-08-11T14:00:00+05:30,4634.650000,4648.250000,4634.650000,4641.100000,1742
2020-08-11T14:15:00+05:30,4641.100000,4643.400000,4632.600000,4636.700000,554
2020-08-11T14:30:00+05:30,4636.700000,4640.000000,4628.600000,4636.150000,913
2020-08-11T14:45:00+05:30,4636.150000,4641.950000,4628.200000,4628.950000,2302
2020-08-11T15:00:00+05:30,4626.150000,4635.000000,4581.000000,4635.000000,3526
2020-08-11T15:15:00+05:30,4639.000000,4640.000000,4580.050000,4590.650000,3625
2020-08-12T09:15:00+05:30,4605.000000,4605.000000,4517.950000,4530.050000,4754
2020-08-12T09:30:00+05:30,4530.050000,4532.350000,4505.650000,4512.450000,4865
2020-08-12T09:45:00+05:30,4512.450000,4545.150000,4510.000000,4538.200000,2015
2020-08-12T10:00:00+05:30,4538.000000,4544.000000,4526.000000,4528.350000,1505
2020-08-12T10:15:00+05:30,4528.800000,4543.150000,4526.000000,4534.850000,636
2020-08-12T10:30:00+05:30,4534.850000,4548.800000,4531.150000,4541.650000,790
2020-08-12T10:45:00+05:30,4541.650000,4550.000000,4535.100000,4540.000000,1117
2020-08-12T11:00:00+05:30,4540.000000,4559.000000,4532.900000,4551.200000,695
2020-08-12T11:15:00+05:30,4551.200000,4560.000000,4550.600000,4558.350000,657
2020-08-12T11:30:00+05:30,4557.900000,4558.650000,4541.450000,4543.750000,515
2020-08-12T11:45:00+05:30,4543.750000,4552.550000,4524.100000,4552.000000,1225
2020-08-12T12:00:00+05:30,4552.000000,4554.000000,4528.300000,4535.000000,6033
2020-08-12T12:15:00+05:30,4535.000000,4557.450000,4532.900000,4552.050000,1987
2020-08-12T12:30:00+05:30,4552.050000,4585.500000,4550.150000,4578.700000,5486
2020-08-12T12:45:00+05:30,4578.700000,4586.950000,4575.000000,4579.800000,1245
2020-08-12T13:00:00+05:30,4579.800000,4601.700000,4575.050000,4584.350000,2819
2020-08-12T13:15:00+05:30,4584.350000,4584.350000,4555.000000,4555.000000,956
2020-08-12T13:30:00+05:30,4555.000000,4582.400000,4550.000000,4575.800000,3925
2020-08-12T13:45:00+05:30,4575.850000,4605.000000,4557.350000,4600.000000,7460
2020-08-12T14:00:00+05:30,4600.000000,4659.550000,4600.000000,4620.700000,6268
2020-08-12T14:15:00+05:30,4620.700000,4631.000000,4600.000000,4620.400000,3323
2020-08-12T14:30:00+05:30,4621.000000,4655.000000,4616.000000,4621.900000,4096
2020-08-12T14:45:00+05:30,4621.900000,4622.000000,4578.800000,4581.000000,4202
2020-08-12T15:00:00+05:30,4581.000000,4583.550000,4555.000000,4556.000000,3289
2020-08-12T15:15:00+05:30,4556.000000,4556.550000,4525.000000,4538.100000,5535
2020-08-13T09:15:00+05:30,4552.000000,4593.550000,4552.000000,4574.450000,1485
2020-08-13T09:30:00+05:30,4574.450000,4590.000000,4563.000000,4572.000000,1035
2020-08-13T09:45:00+05:30,4572.000000,4589.800000,4560.000000,4584.350000,1246
2020-08-13T10:00:00+05:30,4584.350000,4590.000000,4560.500000,4566.800000,812
2020-08-13T10:15:00+05:30,4566.800000,4624.650000,4560.400000,4608.800000,2517
2020-08-13T10:30:00+05:30,4606.000000,4612.000000,4575.250000,4580.000000,2076
2020-08-13T10:45:00+05:30,4583.150000,4585.000000,4575.050000,4585.000000,320
2020-08-13T11:00:00+05:30,4585.000000,4587.200000,4576.150000,4578.000000,419
2020-08-13T11:15:00+05:30,4578.000000,4582.000000,4576.150000,4579.600000,647
2020-08-13T11:30:00+05:30,4579.600000,4580.000000,4565.050000,4568.000000,746
2020-08-13T11:45:00+05:30,4568.000000,4570.850000,4560.000000,4561.000000,572
2020-08-13T12:00:00+05:30,4561.000000,4571.000000,4552.000000,4552.400000,689
2020-08-13T12:15:00+05:30,4552.400000,4552.700000,4540.000000,4546.000000,846
2020-08-13T12:30:00+05:30,4549.950000,4549.950000,4540.000000,4542.550000,434
2020-08-13T12:45:00+05:30,4542.550000,4545.000000,4540.000000,4540.050000,431
2020-08-13T13:00:00+05:30,4540.050000,4544.100000,4524.050000,4536.350000,1723
2020-08-13T13:15:00+05:30,4536.350000,4540.000000,4531.000000,4539.100000,300
2020-08-13T13:30:00+05:30,4536.400000,4550.000000,4536.000000,4543.600000,2341
2020-08-13T13:45:00+05:30,4543.600000,4557.550000,4538.700000,4553.600000,372
2020-08-13T14:00:00+05:30,4553.600000,4553.600000,4532.000000,4546.950000,778
2020-08-13T14:15:00+05:30,4546.950000,4548.000000,4530.400000,4534.600000,383
2020-08-13T14:30:00+05:30,4531.350000,4544.950000,4531.350000,4535.600000,301
2020-08-13T14:45:00+05:30,4535.600000,4540.950000,4530.450000,4533.050000,639
2020-08-13T15:00:00+05:30,4533.050000,4545.000000,4530.000000,4540.000000,1097
2020-08-13T15:15:00+05:30,4539.950000,4550.000000,4520.000000,4530.000000,2223
2020-08-14T09:15:00+05:30,4535.800000,4566.000000,4530.000000,4555.600000,1012
2020-08-14T09:30:00+05:30,4555.600000,4562.850000,4547.100000,4558.000000,694
2020-08-14T09:45:00+05:30,4558.000000,4587.950000,4552.250000,4574.000000,872
2020-08-14T10:00:00+05:30,4574.000000,4585.000000,4573.100000,4583.700000,709
2020-08-14T10:15:00+05:30,4583.700000,4586.550000,4569.050000,4570.500000,630
2020-08-14T10:30:00+05:30,4570.500000,4574.950000,4545.050000,4558.450000,1416
2020-08-14T10:45:00+05:30,4558.450000,4575.000000,4551.000000,4573.100000,909
2020-08-14T11:00:00+05:30,4573.100000,4575.000000,4566.200000,4569.950000,495
2020-08-14T11:15:00+05:30,4569.950000,4570.000000,4561.350000,4561.350000,447
2020-08-14T11:30:00+05:30,4561.350000,4570.000000,4550.000000,4564.950000,604
2020-08-14T11:45:00+05:30,4564.950000,4570.000000,4553.700000,4554.200000,714
2020-08-14T12:00:00+05:30,4554.200000,4563.050000,4550.000000,4559.550000,609
2020-08-14T12:15:00+05:30,4559.550000,4573.950000,4557.850000,4564.000000,589
2020-08-14T12:30:00+05:30,4564.000000,4570.050000,4556.150000,4560.150000,553
2020-08-14T12:45:00+05:30,4560.150000,4569.250000,4556.300000,4560.000000,397
2020-08-14T13:00:00+05:30,4560.000000,4564.000000,4559.700000,4562.000000,367
2020-08-14T13:15:00+05:30,4563.000000,4566.000000,4557.700000,4566.000000,1020
2020-08-14T13:30:00+05:30,4566.000000,4567.450000,4557.350000,4561.600000,696
2020-08-14T13:45:00+05:30,4563.000000,4563.000000,4526.850000,4528.000000,1423
2020-08-14T14:00:00+05:30,4528.000000,4532.500000,4503.000000,4509.550000,1641
2020-08-14T14:15:00+05:30,4509.550000,4514.350000,4490.600000,4490.600000,2279
2020-08-14T14:30:00+05:30,4490.600000,4497.000000,4480.000000,4494.400000,1734
2020-08-14T14:45:00+05:30,4494.400000,4495.150000,4484.550000,4492.300000,1016
2020-08-14T15:00:00+05:30,4492.300000,4499.950000,4484.550000,4499.900000,1531
2020-08-14T15:15:00+05:30,4499.900000,4499.900000,4460.000000,4468.050000,3429
2020-08-17T09:15:00+05:30,4499.000000,4532.150000,4485.550000,4517.950000,1543
2020-08-17T09:30:00+05:30,4517.950000,4528.000000,4493.000000,4500.300000,1027
2020-08-17T09:45:00+05:30,4500.300000,4525.000000,4484.950000,4519.950000,1189
2020-08-17T10:00:00+05:30,4519.950000,4519.950000,4504.050000,4505.000000,657
2020-08-17T10:15:00+05:30,4505.000000,4519.250000,4503.900000,4509.950000,1234
2020-08-17T10:30:00+05:30,4504.550000,4517.250000,4500.050000,4517.250000,471
2020-08-17T10:45:00+05:30,4517.250000,4518.350000,4508.050000,4516.850000,402
2020-08-17T11:00:00+05:30,4516.850000,4525.000000,4508.500000,4519.300000,518
2020-08-17T11:15:00+05:30,4519.300000,4525.000000,4509.350000,4517.550000,549
2020-08-17T11:30:00+05:30,4517.550000,4517.550000,4510.650000,4516.450000,165
2020-08-17T11:45:00+05:30,4516.450000,4526.300000,4511.000000,4525.300000,673
2020-08-17T12:00:00+05:30,4525.300000,4535.000000,4520.000000,4534.650000,1066
2020-08-17T12:15:00+05:30,4534.650000,4534.850000,4520.050000,4524.850000,239
2020-08-17T12:30:00+05:30,4524.900000,4535.000000,4515.250000,4515.700000,910
2020-08-17T12:45:00+05:30,4515.700000,4525.800000,4510.000000,4525.600000,455
2020-08-17T13:00:00+05:30,4525.600000,4529.350000,4521.000000,4523.000000,229
2020-08-17T13:15:00+05:30,4523.000000,4598.000000,4520.000000,4575.000000,8721
2020-08-17T13:30:00+05:30,4570.700000,4581.450000,4536.550000,4568.550000,2724
2020-08-17T13:45:00+05:30,4570.000000,4570.000000,4555.750000,4563.650000,849
2020-08-17T14:00:00+05:30,4563.600000,4581.800000,4529.050000,4544.000000,1741
2020-08-17T14:15:00+05:30,4536.500000,4563.000000,4535.350000,4547.950000,904
2020-08-17T14:30:00+05:30,4547.950000,4555.450000,4538.050000,4548.900000,381
2020-08-17T14:45:00+05:30,4540.050000,4546.150000,4526.000000,4538.650000,1093
2020-08-17T15:00:00+05:30,4538.650000,4549.000000,4533.200000,4546.700000,814
2020-08-17T15:15:00+05:30,4546.700000,4560.000000,4540.000000,4554.500000,2411
2020-08-18T09:15:00+05:30,4550.000000,4579.950000,4550.000000,4575.000000,1443
2020-08-18T09:30:00+05:30,4575.000000,4579.750000,4563.050000,4573.200000,1082
2020-08-18T09:45:00+05:30,4573.200000,4577.000000,4565.050000,4569.950000,485
2020-08-18T10:00:00+05:30,4565.600000,4574.550000,4565.000000,4570.000000,799
2020-08-18T10:15:00+05:30,4570.000000,4576.000000,4565.000000,4576.000000,878
2020-08-18T10:30:00+05:30,4576.000000,4577.900000,4567.000000,4577.900000,351
2020-08-18T10:45:00+05:30,4577.900000,4579.600000,4566.550000,4575.000000,820
2020-08-18T11:00:00+05:30,4575.000000,4579.750000,4556.050000,4556.050000,990
2020-08-18T11:15:00+05:30,4556.100000,4560.000000,4550.250000,4554.950000,1008
2020-08-18T11:30:00+05:30,4554.950000,4568.550000,4550.000000,4564.000000,1501
2020-08-18T11:45:00+05:30,4564.000000,4574.000000,4560.900000,4565.000000,902
2020-08-18T12:00:00+05:30,4565.000000,4569.950000,4552.600000,4566.250000,772
2020-08-18T12:15:00+05:30,4567.500000,4576.950000,4561.150000,4564.000000,951
2020-08-18T12:30:00+05:30,4564.000000,4572.900000,4561.050000,4565.600000,515
2020-08-18T12:45:00+05:30,4565.600000,4574.950000,4560.050000,4560.050000,1297
2020-08-18T13:00:00+05:30,4560.050000,4580.000000,4557.400000,4573.800000,1004
2020-08-18T13:15:00+05:30,4573.800000,4576.000000,4566.750000,4569.350000,594
2020-08-18T13:30:00+05:30,4569.350000,4570.000000,4565.050000,4565.250000,471
2020-08-18T13:45:00+05:30,4568.250000,4575.000000,4565.250000,4569.700000,478
2020-08-18T14:00:00+05:30,4569.700000,4574.850000,4569.000000,4570.000000,597
2020-08-18T14:15:00+05:30,4570.000000,4574.000000,4562.350000,4567.000000,1106
2020-08-18T14:30:00+05:30,4567.000000,4574.950000,4562.750000,4568.850000,917
2020-08-18T14:45:00+05:30,4568.850000,4579.000000,4566.000000,4575.000000,1430
2020-08-18T15:00:00+05:30,4575.000000,4578.950000,4572.200000,4575.000000,1698
2020-08-18T15:15:00+05:30,4575.050000,4577.000000,4557.100000,4557.100000,3126
2020-08-19T09:15:00+05:30,4571.700000,4600.000000,4571.700000,4586.500000,1188
2020-08-19T09:30:00+05:30,4587.000000,4598.950000,4585.000000,4587.400000,848
2020-08-19T09:45:00+05:30,4587.400000,4587.400000,4569.650000,4580.000000,1188
2020-08-19T10:00:00+05:30,4580.000000,4582.600000,4574.250000,4576.000000,353
2020-08-19T10:15:00+05:30,4576.000000,4577.000000,4570.000000,4575.750000,355
2020-08-19T10:30:00+05:30,4575.750000,4579.000000,4572.100000,4573.950000,277
2020-08-19T10:45:00+05:30,4573.950000,4574.000000,4559.000000,4560.000000,867
2020-08-19T11:00:00+05:30,4560.000000,4560.000000,4540.000000,4551.200000,2198
2020-08-19T11:15:00+05:30,4551.200000,4562.900000,4546.350000,4559.700000,542
2020-08-19T11:30:00+05:30,4559.700000,4562.050000,4553.300000,4553.300000,260
2020-08-19T11:45:00+05:30,4559.500000,4562.950000,4553.450000,4560.000000,869
2020-08-19T12:00:00+05:30,4560.000000,4565.000000,4560.000000,4561.400000,684
2020-08-19T12:15:00+05:30,4561.400000,4566.850000,4559.000000,4566.700000,219
2020-08-19T12:30:00+05:30,4566.700000,4580.000000,4560.000000,4580.000000,3102
2020-08-19T12:45:00+05:30,4580.000000,4587.150000,4575.000000,4586.950000,824
2020-08-19T13:00:00+05:30,4586.950000,4587.050000,4573.850000,4581.950000,478
2020-08-19T13:15:00+05:30,4581.950000,4581.950000,4570.050000,4579.350000,290
2020-08-19T13:30:00+05:30,4579.250000,4581.400000,4572.850000,4581.400000,423
2020-08-19T13:45:00+05:30,4581.400000,4582.850000,4575.000000,4582.050000,272
2020-08-19T14:00:00+05:30,4582.050000,4584.950000,4575.000000,4578.100000,4903
2020-08-19T14:15:00+05:30,4580.000000,4583.000000,4575.000000,4580.000000,206
2020-08-19T14:30:00+05:30,4580.000000,4583.650000,4580.000000,4580.000000,378
2020-08-19T14:45:00+05:30,4580.000000,4582.950000,4575.000000,4576.400000,714
2020-08-19T15:00:00+05:30,4576.400000,4586.300000,4571.300000,4575.100000,1265
2020-08-19T15:15:00+05:30,4575.050000,4587.200000,4570.000000,4570.000000,1807
2020-08-20T09:15:00+05:30,4570.000000,4570.000000,4535.100000,4556.550000,1573
2020-08-20T09:30:00+05:30,4556.550000,4570.000000,4555.600000,4569.950000,1002
2020-08-20T09:45:00+05:30,4569.950000,4569.950000,4548.950000,4554.800000,760
2020-08-20T10:00:00+05:30,4554.800000,4555.000000,4545.100000,4550.950000,375
2020-08-20T10:15:00+05:30,4550.950000,4556.000000,4545.000000,4556.000000,454
2020-08-20T10:30:00+05:30,4556.000000,4559.950000,4550.000000,4557.900000,343
2020-08-20T10:45:00+05:30,4557.900000,4562.000000,4555.000000,4555.000000,184
2020-08-20T11:00:00+05:30,4558.250000,4559.000000,4536.000000,4538.000000,1350
2020-08-20T11:15:00+05:30,4538.000000,4547.300000,4529.050000,4547.250000,1009
2020-08-20T11:30:00+05:30,4545.200000,4545.200000,4530.000000,4535.050000,355
2020-08-20T11:45:00+05:30,4535.050000,4548.550000,4530.000000,4541.250000,1106
2020-08-20T12:00:00+05:30,4541.250000,4559.000000,4536.000000,4550.150000,664
2020-08-20T12:15:00+05:30,4550.150000,4554.900000,4539.550000,4542.400000,438
2020-08-20T12:30:00+05:30,4542.400000,4547.550000,4536.000000,4536.000000,549
2020-08-20T12:45:00+05:30,4539.900000,4539.950000,4531.850000,4536.550000,462
2020-08-20T13:00:00+05:30,4536.550000,4536.850000,4528.250000,4533.000000,1141
2020-08-20T13:15:00+05:30,4533.000000,4535.500000,4518.050000,4525.000000,1075
2020-08-20T13:30:00+05:30,4525.000000,4525.700000,4516.050000,4520.700000,471
2020-08-20T13:45:00+05:30,4520.700000,4530.000000,4518.000000,4525.000000,363
2020-08-20T14:00:00+05:30,4525.000000,4530.000000,4522.350000,4525.450000,396
2020-08-20T14:15:00+05:30,4525.450000,4530.000000,4522.050000,4522.050000,687
2020-08-20T14:30:00+05:30,4522.050000,4525.000000,4515.050000,4520.600000,1207
2020-08-20T14:45:00+05:30,4520.600000,4527.000000,4514.250000,4527.000000,664
2020-08-20T15:00:00+05:30,4527.000000,4534.100000,4520.000000,4522.900000,663
2020-08-20T15:15:00+05:30,4522.000000,4527.250000,4520.000000,4525.000000,1549
2020-08-21T09:15:00+05:30,4558.000000,4568.950000,4544.300000,4561.900000,1028
2020-08-21T09:30:00+05:30,4561.900000,4574.000000,4552.600000,4558.850000,1760
2020-08-21T09:45:00+05:30,4558.850000,4569.100000,4550.000000,4550.000000,880
2020-08-21T10:00:00+05:30,4550.000000,4557.750000,4523.000000,4523.100000,1255
2020-08-21T10:15:00+05:30,4527.500000,4530.000000,4515.500000,4520.000000,1486
2020-08-21T10:30:00+05:30,4520.000000,4546.000000,4511.300000,4534.950000,26928
2020-08-21T10:45:00+05:30,4534.950000,4540.000000,4525.100000,4540.000000,665
2020-08-21T11:00:00+05:30,4540.000000,4540.000000,4531.800000,4540.000000,1117
2020-08-21T11:15:00+05:30,4540.000000,4544.900000,4532.500000,4540.000000,495
2020-08-21T11:30:00+05:30,4540.000000,4540.000000,4526.900000,4533.400000,496
2020-08-21T11:45:00+05:30,4529.550000,4539.950000,4523.550000,4539.850000,493
2020-08-21T12:00:00+05:30,4539.850000,4540.000000,4530.000000,4536.450000,497
2020-08-21T12:15:00+05:30,4536.450000,4540.000000,4531.000000,4537.100000,408
2020-08-21T12:30:00+05:30,4537.100000,4539.600000,4531.000000,4537.950000,411
2020-08-21T12:45:00+05:30,4537.950000,4540.000000,4535.050000,4535.850000,512
2020-08-21T13:00:00+05:30,4535.850000,4540.000000,4535.850000,4537.000000,401
2020-08-21T13:15:00+05:30,4537.000000,4568.000000,4537.000000,4567.900000,1861
2020-08-21T13:30:00+05:30,4567.900000,4580.000000,4560.000000,4580.000000,1811
2020-08-21T13:45:00+05:30,4581.000000,4618.500000,4581.000000,4592.900000,8676
2020-08-21T14:00:00+05:30,4592.900000,4592.950000,4565.150000,4580.500000,1859
2020-08-21T14:15:00+05:30,4580.500000,4582.100000,4560.000000,4560.500000,1094
2020-08-21T14:30:00+05:30,4556.150000,4592.950000,4552.400000,4590.000000,5943
2020-08-21T14:45:00+05:30,4590.000000,4593.900000,4570.000000,4573.800000,794
2020-08-21T15:00:00+05:30,4573.800000,4612.150000,4573.800000,4605.500000,7455
2020-08-21T15:15:00+05:30,4603.200000,4615.950000,4585.000000,4600.000000,7375
2020-08-24T09:15:00+05:30,4625.000000,4649.950000,4620.000000,4630.000000,2470
2020-08-24T09:30:00+05:30,4630.000000,4646.700000,4617.250000,4644.950000,2436
2020-08-24T09:45:00+05:30,4644.950000,4675.000000,4638.000000,4670.900000,2713
2020-08-24T10:00:00+05:30,4675.000000,4684.750000,4660.000000,4669.750000,2639
2020-08-24T10:15:00+05:30,4669.750000,4675.000000,4660.000000,4663.000000,1237
2020-08-24T10:30:00+05:30,4662.050000,4670.350000,4655.000000,4660.150000,976
2020-08-24T10:45:00+05:30,4660.150000,4665.000000,4652.750000,4656.150000,891
2020-08-24T11:00:00+05:30,4656.100000,4667.250000,4655.000000,4661.100000,673
2020-08-24T11:15:00+05:30,4661.100000,4667.250000,4651.000000,4659.950000,944
2020-08-24T11:30:00+05:30,4659.950000,4675.000000,4654.750000,4674.550000,1699
2020-08-24T11:45:00+05:30,4674.550000,4680.000000,4667.100000,4670.000000,1025
2020-08-24T12:00:00+05:30,4672.000000,4685.900000,4667.000000,4684.000000,1119
2020-08-24T12:15:00+05:30,4684.000000,4696.200000,4680.100000,4685.000000,1915
2020-08-24T12:30:00+05:30,4685.000000,4689.950000,4668.450000,4675.000000,1806
2020-08-24T12:45:00+05:30,4675.000000,4692.000000,4674.000000,4684.050000,15158
2020-08-24T13:00:00+05:30,4684.050000,4693.000000,4684.050000,4690.000000,1127
2020-08-24T13:15:00+05:30,4690.000000,4691.950000,4685.050000,4686.100000,490
2020-08-24T13:30:00+05:30,4686.100000,4710.500000,4685.000000,4702.200000,4850
2020-08-24T13:45:00+05:30,4702.200000,4707.550000,4695.700000,4699.950000,1828
2020-08-24T14:00:00+05:30,4699.950000,4703.350000,4697.600000,4699.800000,1563
2020-08-24T14:15:00+05:30,4699.800000,4732.000000,4698.250000,4731.950000,4428
2020-08-24T14:30:00+05:30,4729.950000,4775.000000,4722.000000,4774.900000,14659
2020-08-24T14:45:00+05:30,4772.550000,4867.700000,4761.450000,4809.100000,33463
2020-08-24T15:00:00+05:30,4809.100000,4850.000000,4800.000000,4830.500000,14507
2020-08-24T15:15:00+05:30,4830.100000,4830.100000,4795.000000,4818.000000,14161
2020-08-25T09:15:00+05:30,4868.000000,4918.000000,4865.000000,4890.750000,19015
2020-08-25T09:30:00+05:30,4890.750000,4895.000000,4849.000000,4865.200000,7038
2020-08-25T09:45:00+05:30,4865.200000,4886.700000,4856.000000,4858.000000,3692
2020-08-25T10:00:00+05:30,4858.000000,4871.000000,4830.000000,4840.250000,5473
2020-08-25T10:15:00+05:30,4840.250000,4848.050000,4830.000000,4831.450000,3978
2020-08-25T10:30:00+05:30,4831.450000,4835.200000,4761.350000,4809.000000,6828
2020-08-25T10:45:00+05:30,4806.350000,4819.650000,4767.700000,4772.300000,4237
2020-08-25T11:00:00+05:30,4769.750000,4798.000000,4765.000000,4787.350000,3075
2020-08-25T11:15:00+05:30,4788.000000,4818.000000,4778.000000,4818.000000,2196
2020-08-25T11:30:00+05:30,4818.000000,4860.950000,4816.350000,4840.000000,6275
2020-08-25T11:45:00+05:30,4840.000000,4850.000000,4835.850000,4838.000000,2150
2020-08-25T12:00:00+05:30,4838.000000,4842.500000,4830.600000,4831.000000,1517
2020-08-25T12:15:00+05:30,4831.000000,4843.000000,4810.200000,4839.000000,2068
2020-08-25T12:30:00+05:30,4839.000000,4842.950000,4826.450000,4833.750000,2161
2020-08-25T12:45:00+05:30,4833.750000,4835.000000,4806.000000,4822.000000,1988
2020-08-25T13:00:00+05:30,4822.000000,4824.950000,4781.550000,4792.450000,2758
2020-08-25T13:15:00+05:30,4787.700000,4829.550000,4785.050000,4820.250000,1728
2020-08-25T13:30:00+05:30,4820.250000,4825.900000,4795.000000,4809.400000,1560
2020-08-25T13:45:00+05:30,4809.400000,4812.950000,4800.000000,4800.100000,1467
2020-08-25T14:00:00+05:30,4800.100000,4809.950000,4781.000000,4783.000000,1518
2020-08-25T14:15:00+05:30,4783.000000,4796.000000,4775.050000,4781.850000,2621
2020-08-25T14:30:00+05:30,4781.850000,4789.900000,4775.600000,4779.800000,1633
2020-08-25T14:45:00+05:30,4781.950000,4789.450000,4775.000000,4784.400000,2936
2020-08-25T15:00:00+05:30,4786.700000,4804.950000,4781.350000,4804.000000,2627
2020-08-25T15:15:00+05:30,4804.000000,4825.950000,4790.450000,4803.000000,6217
2020-08-26T09:15:00+05:30,4850.000000,4854.950000,4755.000000,4765.500000,4473
2020-08-26T09:30:00+05:30,4765.500000,4803.200000,4765.500000,4790.000000,1708
2020-08-26T09:45:00+05:30,4790.000000,4820.950000,4789.000000,4809.250000,2187
2020-08-26T10:00:00+05:30,4809.250000,4809.250000,4792.600000,4805.800000,1064
2020-08-26T10:15:00+05:30,4805.800000,4814.000000,4790.000000,4795.000000,987
2020-08-26T10:30:00+05:30,4795.000000,4796.000000,4788.350000,4794.650000,910
2020-08-26T10:45:00+05:30,4794.650000,4798.150000,4786.000000,4792.950000,349
2020-08-26T11:00:00+05:30,4792.950000,4799.550000,4792.400000,4795.200000,613
2020-08-26T11:15:00+05:30,4795.200000,4812.000000,4794.450000,4805.000000,1773
2020-08-26T11:30:00+05:30,4805.000000,4805.000000,4795.200000,4802.900000,587
2020-08-26T11:45:00+05:30,4802.900000,4835.000000,4795.900000,4830.000000,2606
2020-08-26T12:00:00+05:30,4830.000000,4835.000000,4817.750000,4830.250000,1524
2020-08-26T12:15:00+05:30,4830.250000,4839.000000,4825.050000,4828.450000,968
2020-08-26T12:30:00+05:30,4833.450000,4833.450000,4820.000000,4822.200000,607
2020-08-26T12:45:00+05:30,4822.200000,4835.000000,4821.350000,4835.000000,571
2020-08-26T13:00:00+05:30,4835.000000,4835.000000,4812.950000,4821.950000,950
2020-08-26T13:15:00+05:30,4821.950000,4841.200000,4810.750000,4813.550000,1480
2020-08-26T13:30:00+05:30,4813.550000,4835.000000,4813.550000,4835.000000,595
2020-08-26T13:45:00+05:30,4836.000000,4848.000000,4828.300000,4834.950000,1391
2020-08-26T14:00:00+05:30,4834.950000,4882.000000,4830.950000,4882.000000,7189
2020-08-26T14:15:00+05:30,4882.000000,4905.000000,4860.050000,4872.150000,7546
2020-08-26T14:30:00+05:30,4872.150000,4897.000000,4865.750000,4870.000000,2400
2020-08-26T14:45:00+05:30,4870.050000,4870.050000,4855.000000,4858.550000,1732
2020-08-26T15:00:00+05:30,4862.950000,4869.400000,4842.950000,4842.950000,2751
2020-08-26T15:15:00+05:30,4842.950000,4860.000000,4830.000000,4830.000000,4455
2020-08-27T09:15:00+05:30,4848.000000,4848.000000,4810.650000,4830.000000,2306
2020-08-27T09:30:00+05:30,4830.000000,4842.000000,4827.300000,4838.000000,1345
2020-08-27T09:45:00+05:30,4838.000000,4842.000000,4832.650000,4842.000000,886
2020-08-27T10:00:00+05:30,4842.000000,4843.550000,4820.300000,4828.000000,1001
2020-08-27T10:15:00+05:30,4828.350000,4845.000000,4820.000000,4838.700000,1664
2020-08-27T10:30:00+05:30,4844.600000,4882.250000,4840.000000,4861.950000,3335
2020-08-27T10:45:00+05:30,4861.950000,4905.200000,4857.450000,4904.900000,4937
2020-08-27T11:00:00+05:30,4902.000000,4930.000000,4893.800000,4922.000000,5637
2020-08-27T11:15:00+05:30,4921.950000,4922.000000,4901.000000,4914.950000,2134
2020-08-27T11:30:00+05:30,4915.000000,4915.000000,4875.500000,4879.100000,1602
2020-08-27T11:45:00+05:30,4879.100000,4898.950000,4875.100000,4898.950000,1220
2020-08-27T12:00:00+05:30,4898.950000,4900.000000,4885.800000,4889.950000,2047
2020-08-27T12:15:00+05:30,4889.950000,4890.000000,4857.000000,4859.950000,1975
2020-08-27T12:30:00+05:30,4859.950000,4860.000000,4832.000000,4836.900000,2411
2020-08-27T12:45:00+05:30,4838.250000,4850.000000,4832.000000,4845.000000,1839
2020-08-27T13:00:00+05:30,4845.000000,4850.000000,4835.000000,4839.100000,1244
2020-08-27T13:15:00+05:30,4838.800000,4845.000000,4819.000000,4833.900000,2902
2020-08-27T13:30:00+05:30,4833.900000,4837.050000,4812.050000,4830.050000,5575
2020-08-27T13:45:00+05:30,4830.050000,4834.600000,4813.100000,4830.000000,2295
2020-08-27T14:00:00+05:30,4830.000000,4873.450000,4829.950000,4858.650000,2781
2020-08-27T14:15:00+05:30,4858.650000,4879.000000,4855.950000,4879.000000,1584
2020-08-27T14:30:00+05:30,4879.000000,4890.000000,4869.100000,4880.000000,1937
2020-08-27T14:45:00+05:30,4880.000000,4881.200000,4840.100000,4852.800000,2594
2020-08-27T15:00:00+05:30,4852.800000,4852.800000,4816.000000,4819.000000,1952
2020-08-27T15:15:00+05:30,4819.000000,4839.600000,4816.050000,4821.000000,2488
2020-08-28T09:15:00+05:30,4834.950000,4880.000000,4830.850000,4858.800000,1812
2020-08-28T09:30:00+05:30,4858.800000,4867.950000,4835.000000,4840.000000,1254
2020-08-28T09:45:00+05:30,4839.900000,4849.900000,4835.600000,4842.050000,791
2020-08-28T10:00:00+05:30,4840.300000,4849.000000,4828.000000,4842.450000,1124
2020-08-28T10:15:00+05:30,4842.450000,4849.400000,4835.000000,4840.100000,391
2020-08-28T10:30:00+05:30,4840.100000,4844.300000,4828.000000,4834.050000,1090
2020-08-28T10:45:00+05:30,4834.050000,4836.100000,4815.000000,4821.250000,1082
2020-08-28T11:00:00+05:30,4821.250000,4826.100000,4810.000000,4812.000000,870
2020-08-28T11:15:00+05:30,4810.700000,4820.000000,4801.000000,4805.000000,1234
2020-08-28T11:30:00+05:30,4805.000000,4814.000000,4792.500000,4792.800000,1506
2020-08-28T11:45:00+05:30,4792.800000,4797.800000,4782.000000,4788.000000,1143
2020-08-28T12:00:00+05:30,4791.600000,4797.200000,4786.300000,4790.000000,466
2020-08-28T12:15:00+05:30,4790.000000,4800.000000,4787.350000,4793.900000,949
2020-08-28T12:30:00+05:30,4793.900000,4799.400000,4786.650000,4799.400000,621
2020-08-28T12:45:00+05:30,4799.400000,4799.500000,4792.000000,4799.500000,222
2020-08-28T13:00:00+05:30,4799.500000,4799.500000,4785.250000,4794.800000,632
2020-08-28T13:15:00+05:30,4794.800000,4795.000000,4785.000000,4791.900000,405
2020-08-28T13:30:00+05:30,4791.900000,4793.250000,4757.550000,4777.450000,2296
2020-08-28T13:45:00+05:30,4777.450000,4788.300000,4765.000000,4782.500000,643
2020-08-28T14:00:00+05:30,4782.500000,4800.000000,4780.000000,4797.900000,1151
2020-08-28T14:15:00+05:30,4797.900000,4797.950000,4775.000000,4775.350000,588
2020-08-28T14:30:00+05:30,4775.350000,4786.200000,4775.100000,4778.050000,471
2020-08-28T14:45:00+05:30,4778.050000,4787.200000,4770.000000,4779.900000,1156
2020-08-28T15:00:00+05:30,4775.700000,4780.000000,4750.000000,4751.000000,3263
2020-08-28T15:15:00+05:30,4750.050000,4765.950000,4700.000000,4730.050000,7746
2020-08-31T09:15:00+05:30,4770.050000,4795.950000,4721.000000,4721.000000,2483
2020-08-31T09:30:00+05:30,4721.000000,4747.000000,4721.000000,4739.200000,1189
2020-08-31T09:45:00+05:30,4739.200000,4789.950000,4730.000000,4789.950000,1301
2020-08-31T10:00:00+05:30,4789.950000,4840.400000,4784.800000,4801.300000,7156
2020-08-31T10:15:00+05:30,4809.850000,4809.850000,4780.000000,4788.000000,1736
2020-08-31T10:30:00+05:30,4788.000000,4794.850000,4770.000000,4770.000000,573
2020-08-31T10:45:00+05:30,4770.000000,4770.000000,4738.850000,4740.000000,1612
2020-08-31T11:00:00+05:30,4740.000000,4761.500000,4740.000000,4752.450000,1040
2020-08-31T11:15:00+05:30,4752.450000,4752.450000,4664.850000,4670.000000,3297
2020-08-31T11:30:00+05:30,4670.000000,4678.100000,4553.950000,4580.750000,4316
2020-08-31T11:45:00+05:30,4580.750000,4629.100000,4545.200000,4598.000000,3875
2020-08-31T12:00:00+05:30,4597.250000,4600.000000,4575.000000,4577.000000,2210
2020-08-31T12:15:00+05:30,4577.000000,4613.650000,4563.000000,4583.050000,2654
2020-08-31T12:30:00+05:30,4583.050000,4629.950000,4581.050000,4614.150000,2280
2020-08-31T12:45:00+05:30,4614.150000,4616.200000,4560.000000,4566.950000,2663
2020-08-31T13:00:00+05:30,4566.950000,4582.300000,4547.000000,4556.500000,2487
2020-08-31T13:15:00+05:30,4556.500000,4578.650000,4525.000000,4548.500000,3562
2020-08-31T13:30:00+05:30,4548.500000,4550.000000,4520.000000,4543.950000,1993
2020-08-31T13:45:00+05:30,4543.950000,4543.950000,4501.100000,4510.000000,4888
2020-08-31T14:00:00+05:30,4510.000000,4531.200000,4466.600000,4490.500000,5948
2020-08-31T14:15:00+05:30,4490.500000,4503.650000,4480.000000,4503.550000,1654
2020-08-31T14:30:00+05:30,4504.000000,4559.600000,4500.050000,4557.850000,3582
2020-08-31T14:45:00+05:30,4548.750000,4578.000000,4540.000000,4540.000000,1917
2020-08-31T15:00:00+05:30,4540.000000,4615.000000,4524.050000,4600.000000,5301
2020-08-31T15:15:00+05:30,4600.000000,4624.950000,4600.000000,4603.000000,4143
2020-09-01T09:15:00+05:30,4596.200000,4640.950000,4596.200000,4615.200000,2129
2020-09-01T09:30:00+05:30,4615.200000,4622.000000,4600.000000,4600.200000,1451
2020-09-01T09:45:00+05:30,4600.200000,4605.750000,4540.500000,4566.850000,1358
2020-09-01T10:00:00+05:30,4568.700000,4572.800000,4530.700000,4538.800000,1266
2020-09-01T10:15:00+05:30,4548.800000,4561.650000,4532.200000,4553.700000,1818
2020-09-01T10:30:00+05:30,4553.700000,4566.000000,4550.700000,4559.100000,695
2020-09-01T10:45:00+05:30,4559.100000,4563.100000,4555.850000,4562.000000,355
2020-09-01T11:00:00+05:30,4562.000000,4573.650000,4555.000000,4573.000000,462
2020-09-01T11:15:00+05:30,4573.000000,4587.000000,4573.000000,4575.100000,527
2020-09-01T11:30:00+05:30,4575.100000,4575.100000,4551.050000,4559.350000,720
2020-09-01T11:45:00+05:30,4559.350000,4569.950000,4551.950000,4561.150000,643
2020-09-01T12:00:00+05:30,4561.150000,4575.100000,4545.100000,4545.150000,1852
2020-09-01T12:15:00+05:30,4545.100000,4546.900000,4537.250000,4542.700000,536
2020-09-01T12:30:00+05:30,4542.700000,4580.000000,4540.000000,4579.200000,890
2020-09-01T12:45:00+05:30,4579.200000,4593.750000,4571.150000,4589.550000,588
2020-09-01T13:00:00+05:30,4589.550000,4591.000000,4579.800000,4588.750000,467
2020-09-01T13:15:00+05:30,4588.750000,4597.850000,4580.450000,4597.100000,494
2020-09-01T13:30:00+05:30,4591.750000,4610.000000,4591.750000,4600.000000,6722
2020-09-01T13:45:00+05:30,4607.700000,4607.700000,4563.250000,4592.200000,1145
2020-09-01T14:00:00+05:30,4592.300000,4596.650000,4580.250000,4595.650000,242
2020-09-01T14:15:00+05:30,4595.650000,4603.000000,4585.000000,4603.000000,1075
2020-09-01T14:30:00+05:30,4603.000000,4630.000000,4600.000000,4625.000000,1399
2020-09-01T14:45:00+05:30,4625.000000,4634.150000,4620.000000,4633.000000,1434
2020-09-01T15:00:00+05:30,4633.000000,4660.000000,4633.000000,4650.050000,5120
2020-09-01T15:15:00+05:30,4650.000000,4659.000000,4637.800000,4658.900000,3831
2020-09-02T09:15:00+05:30,4650.000000,4672.000000,4615.000000,4662.700000,2548
2020-09-02T09:30:00+05:30,4662.700000,4668.850000,4632.800000,4668.800000,1422
2020-09-02T09:45:00+05:30,4668.800000,4696.000000,4668.800000,4694.150000,1069
2020-09-02T10:00:00+05:30,4694.150000,4696.000000,4656.450000,4656.450000,769
2020-09-02T10:15:00+05:30,4656.400000,4685.000000,4642.550000,4684.450000,891
2020-09-02T10:30:00+05:30,4684.450000,4689.000000,4675.000000,4683.000000,601
2020-09-02T10:45:00+05:30,4675.000000,4678.600000,4661.000000,4661.100000,636
2020-09-02T11:00:00+05:30,4661.100000,4686.200000,4661.000000,4677.750000,552
2020-09-02T11:15:00+05:30,4677.900000,4682.450000,4675.000000,4675.000000,270
2020-09-02T11:30:00+05:30,4675.000000,4675.000000,4636.000000,4638.000000,931
2020-09-02T11:45:00+05:30,4638.000000,4645.000000,4620.000000,4620.000000,576
2020-09-02T12:00:00+05:30,4620.000000,4653.850000,4618.100000,4646.350000,715
2020-09-02T12:15:00+05:30,4646.350000,4652.400000,4631.100000,4636.000000,394
2020-09-02T12:30:00+05:30,4636.000000,4642.150000,4620.550000,4636.650000,257
2020-09-02T12:45:00+05:30,4636.650000,4658.950000,4636.650000,4658.950000,168
2020-09-02T13:00:00+05:30,4658.950000,4667.500000,4655.000000,4655.000000,307
2020-09-02T13:15:00+05:30,4655.000000,4681.950000,4655.000000,4673.950000,648
2020-09-02T13:30:00+05:30,4673.950000,4673.950000,4655.050000,4664.750000,204
2020-09-02T13:45:00+05:30,4664.750000,4666.400000,4643.250000,4651.600000,259
2020-09-02T14:00:00+05:30,4651.600000,4676.050000,4651.600000,4672.000000,415
2020-09-02T14:15:00+05:30,4672.000000,4676.000000,4652.550000,4658.700000,366
2020-09-02T14:30:00+05:30,4658.700000,4661.250000,4651.000000,4651.300000,356
2020-09-02T14:45:00+05:30,4658.450000,4658.550000,4645.200000,4645.200000,634
2020-09-02T15:00:00+05:30,4645.200000,4661.450000,4645.200000,4657.050000,642
2020-09-02T15:15:00+05:30,4655.550000,4657.050000,4635.000000,4657.000000,897
2020-09-03T09:15:00+05:30,4651.000000,4718.000000,4651.000000,4713.500000,1647
2020-09-03T09:30:00+05:30,4713.500000,4734.950000,4699.450000,4730.100000,1453
2020-09-03T09:45:00+05:30,4730.100000,4737.450000,4699.450000,4724.950000,2809
2020-09-03T10:00:00+05:30,4724.950000,4725.000000,4705.000000,4705.000000,549
2020-09-03T10:15:00+05:30,4705.000000,4719.350000,4705.000000,4707.000000,490
2020-09-03T10:30:00+05:30,4707.000000,4710.400000,4699.900000,4700.000000,971
2020-09-03T10:45:00+05:30,4700.000000,4711.200000,4690.450000,4706.700000,336
2020-09-03T11:00:00+05:30,4706.700000,4714.500000,4700.000000,4712.400000,300
2020-09-03T11:15:00+05:30,4712.400000,4728.750000,4709.000000,4724.000000,1282
2020-09-03T11:30:00+05:30,4724.000000,4725.000000,4710.100000,4721.150000,682
2020-09-03T11:45:00+05:30,4721.150000,4725.000000,4713.800000,4724.300000,738
2020-09-03T12:00:00+05:30,4725.000000,4730.000000,4717.550000,4721.400000,1168
2020-09-03T12:15:00+05:30,4721.400000,4730.000000,4716.300000,4721.000000,972
2020-09-03T12:30:00+05:30,4721.000000,4725.000000,4718.050000,4724.400000,612
2020-09-03T12:45:00+05:30,4724.400000,4740.000000,4722.950000,4734.000000,1170
2020-09-03T13:00:00+05:30,4734.000000,4735.450000,4715.000000,4722.050000,315
2020-09-03T13:15:00+05:30,4720.000000,4725.850000,4715.050000,4718.250000,936
2020-09-03T13:30:00+05:30,4720.000000,4750.000000,4718.250000,4747.000000,1968
2020-09-03T13:45:00+05:30,4747.000000,4753.000000,4741.000000,4753.000000,2141
2020-09-03T14:00:00+05:30,4753.000000,4768.000000,4752.000000,4760.000000,1700
2020-09-03T14:15:00+05:30,4760.000000,4770.500000,4755.000000,4769.800000,1402
2020-09-03T14:30:00+05:30,4769.850000,4778.000000,4765.000000,4775.850000,916
2020-09-03T14:45:00+05:30,4775.850000,4780.000000,4760.000000,4760.000000,1529
2020-09-03T15:00:00+05:30,4760.000000,4771.000000,4745.100000,4765.350000,1729
2020-09-03T15:15:00+05:30,4765.350000,4770.000000,4745.000000,4770.000000,2024
2020-09-04T09:15:00+05:30,4740.000000,4740.000000,4650.100000,4709.450000,4248
2020-09-04T09:30:00+05:30,4709.450000,4754.950000,4709.450000,4754.950000,1643
2020-09-04T09:45:00+05:30,4755.000000,4799.900000,4755.000000,4760.000000,2629
2020-09-04T10:00:00+05:30,4760.000000,4770.000000,4751.850000,4770.000000,1374
2020-09-04T10:15:00+05:30,4770.000000,4849.900000,4769.300000,4827.300000,6261
2020-09-04T10:30:00+05:30,4827.300000,4834.000000,4810.000000,4822.950000,3250
2020-09-04T10:45:00+05:30,4822.950000,4822.950000,4790.000000,4802.800000,2033
2020-09-04T11:00:00+05:30,4802.800000,4822.950000,4792.100000,4805.000000,1333
2020-09-04T11:15:00+05:30,4807.000000,4839.000000,4805.000000,4822.000000,2883
2020-09-04T11:30:00+05:30,4822.000000,4825.600000,4806.800000,4820.000000,1295
2020-09-04T11:45:00+05:30,4820.000000,4830.950000,4809.000000,4809.450000,918
2020-09-04T12:00:00+05:30,4809.450000,4819.150000,4807.000000,4810.000000,266
2020-09-04T12:15:00+05:30,4810.000000,4815.000000,4807.000000,4811.050000,430
2020-09-04T12:30:00+05:30,4811.050000,4811.050000,4792.000000,4806.050000,940
2020-09-04T12:45:00+05:30,4806.050000,4813.000000,4802.550000,4802.600000,426
2020-09-04T13:00:00+05:30,4802.550000,4814.150000,4802.550000,4811.150000,479
2020-09-04T13:15:00+05:30,4814.300000,4815.000000,4805.000000,4811.950000,459
2020-09-04T13:30:00+05:30,4811.950000,4811.950000,4805.000000,4805.950000,503
2020-09-04T13:45:00+05:30,4805.000000,4806.000000,4780.000000,4786.700000,1578
2020-09-04T14:00:00+05:30,4786.700000,4790.000000,4782.000000,4784.550000,954
2020-09-04T14:15:00+05:30,4783.000000,4800.000000,4783.000000,4794.300000,612
2020-09-04T14:30:00+05:30,4794.300000,4794.300000,4760.000000,4776.250000,2050
2020-09-04T14:45:00+05:30,4776.250000,4788.550000,4750.100000,4776.900000,2055
2020-09-04T15:00:00+05:30,4776.450000,4795.000000,4760.000000,4784.000000,1942
2020-09-04T15:15:00+05:30,4784.000000,4790.000000,4763.950000,4772.050000,2370
2020-09-07T09:15:00+05:30,4800.000000,4840.000000,4774.600000,4796.200000,2002
2020-09-07T09:30:00+05:30,4796.200000,4800.000000,4758.000000,4759.950000,2365
2020-09-07T09:45:00+05:30,4759.950000,4792.900000,4750.000000,4782.500000,1341
2020-09-07T10:00:00+05:30,4782.500000,4796.050000,4767.300000,4789.000000,1117
2020-09-07T10:15:00+05:30,4789.000000,4800.000000,4775.000000,4799.700000,500
2020-09-07T10:30:00+05:30,4799.700000,4810.000000,4787.800000,4798.550000,1079
2020-09-07T10:45:00+05:30,4800.000000,4804.900000,4781.450000,4793.450000,1052
2020-09-07T11:00:00+05:30,4793.450000,4809.900000,4792.700000,4802.000000,973
2020-09-07T11:15:00+05:30,4805.750000,4815.000000,4802.750000,4814.450000,1752
2020-09-07T11:30:00+05:30,4814.450000,4827.000000,4810.000000,4816.000000,1540
2020-09-07T11:45:00+05:30,4816.000000,4820.000000,4814.050000,4819.350000,899
2020-09-07T12:00:00+05:30,4819.350000,4819.750000,4815.000000,4816.000000,518
2020-09-07T12:15:00+05:30,4816.000000,4818.850000,4812.650000,4817.000000,1023
2020-09-07T12:30:00+05:30,4817.000000,4819.450000,4790.000000,4790.000000,7262
2020-09-07T12:45:00+05:30,4790.000000,4812.000000,4780.100000,4809.950000,469
2020-09-07T13:00:00+05:30,4809.950000,4811.800000,4802.450000,4807.850000,398
2020-09-07T13:15:00+05:30,4807.950000,4809.900000,4800.000000,4800.750000,446
2020-09-07T13:30:00+05:30,4800.750000,4810.000000,4800.000000,4807.200000,1008
2020-09-07T13:45:00+05:30,4807.200000,4809.150000,4800.100000,4801.850000,455
2020-09-07T14:00:00+05:30,4801.850000,4818.000000,4796.300000,4810.950000,1228
2020-09-07T14:15:00+05:30,4810.950000,4814.900000,4800.050000,4800.050000,347
2020-09-07T14:30:00+05:30,4800.050000,4810.000000,4768.050000,4801.150000,1673
2020-09-07T14:45:00+05:30,4808.500000,4975.000000,4802.000000,4865.000000,36469
2020-09-07T15:00:00+05:30,4865.000000,5145.000000,4851.000000,5066.350000,70323
2020-09-07T15:15:00+05:30,5063.600000,5095.000000,4985.300000,5004.000000,55122
2020-09-08T09:15:00+05:30,5065.000000,5239.000000,5050.050000,5120.200000,79433
2020-09-08T09:30:00+05:30,5116.250000,5149.900000,5080.000000,5096.000000,22226
2020-09-08T09:45:00+05:30,5099.350000,5099.350000,5062.000000,5090.000000,8596
2020-09-08T10:00:00+05:30,5089.450000,5132.250000,5023.550000,5098.650000,31250
2020-09-08T10:15:00+05:30,5098.950000,5100.000000,5061.100000,5095.100000,5494
2020-09-08T10:30:00+05:30,5095.100000,5097.000000,5053.450000,5060.000000,6794
2020-09-08T10:45:00+05:30,5060.000000,5100.000000,5040.000000,5072.400000,7401
2020-09-08T11:00:00+05:30,5079.300000,5094.000000,5064.000000,5094.000000,22086
2020-09-08T11:15:00+05:30,5094.000000,5103.250000,5080.700000,5090.900000,3879
2020-09-08T11:30:00+05:30,5090.900000,5100.000000,5080.000000,5092.400000,3508
2020-09-08T11:45:00+05:30,5092.400000,5099.800000,5088.050000,5099.800000,2465
2020-09-08T12:00:00+05:30,5099.800000,5131.750000,5090.000000,5093.000000,6200
2020-09-08T12:15:00+05:30,5093.000000,5123.150000,5090.000000,5100.000000,3938
2020-09-08T12:30:00+05:30,5095.000000,5100.000000,5080.000000,5085.850000,5460
2020-09-08T12:45:00+05:30,5085.850000,5100.000000,5060.000000,5068.850000,4602
2020-09-08T13:00:00+05:30,5067.000000,5084.950000,5051.000000,5069.000000,3562
2020-09-08T13:15:00+05:30,5069.000000,5074.000000,5025.000000,5064.800000,6295
2020-09-08T13:30:00+05:30,5064.800000,5070.050000,5039.550000,5061.950000,3060
2020-09-08T13:45:00+05:30,5061.950000,5065.000000,5040.650000,5059.000000,2035
2020-09-08T14:00:00+05:30,5059.000000,5064.950000,5040.000000,5052.000000,2180
2020-09-08T14:15:00+05:30,5052.000000,5058.950000,5035.150000,5044.600000,2855
2020-09-08T14:30:00+05:30,5037.000000,5044.600000,4871.850000,4915.000000,20816
2020-09-08T14:45:00+05:30,4915.000000,4975.000000,4880.600000,4934.900000,10956
2020-09-08T15:00:00+05:30,4934.150000,5005.950000,4925.000000,4975.000000,9031
2020-09-08T15:15:00+05:30,4978.750000,4993.300000,4912.250000,4937.000000,9050
2020-09-09T09:15:00+05:30,4835.050000,4894.050000,4828.950000,4886.100000,10176
2020-09-09T09:30:00+05:30,4886.100000,4887.000000,4842.650000,4847.500000,5011
2020-09-09T09:45:00+05:30,4845.000000,4854.600000,4810.000000,4822.200000,2970
2020-09-09T10:00:00+05:30,4822.200000,4872.200000,4820.050000,4851.000000,2230
2020-09-09T10:15:00+05:30,4851.000000,4857.000000,4832.400000,4835.000000,1136
2020-09-09T10:30:00+05:30,4835.000000,4843.900000,4827.050000,4843.900000,2087
2020-09-09T10:45:00+05:30,4839.750000,4860.000000,4835.000000,4855.150000,1575
2020-09-09T11:00:00+05:30,4858.900000,4918.500000,4836.100000,4852.000000,7582
2020-09-09T11:15:00+05:30,4852.000000,4866.700000,4846.450000,4860.150000,628
2020-09-09T11:30:00+05:30,4860.150000,4863.400000,4841.000000,4843.100000,876
2020-09-09T11:45:00+05:30,4843.100000,4865.000000,4841.000000,4858.300000,822
2020-09-09T12:00:00+05:30,4858.300000,4866.900000,4856.600000,4861.950000,2327
2020-09-09T12:15:00+05:30,4861.250000,4873.150000,4861.250000,4865.150000,2078
2020-09-09T12:30:00+05:30,4865.150000,4899.000000,4865.000000,4890.300000,2231
2020-09-09T12:45:00+05:30,4890.300000,5000.000000,4890.000000,4944.400000,16882
2020-09-09T13:00:00+05:30,4944.400000,4994.850000,4939.500000,4988.550000,4853
2020-09-09T13:15:00+05:30,4988.550000,5037.100000,4978.000000,5000.000000,10289
2020-09-09T13:30:00+05:30,5005.000000,5006.700000,4992.000000,5000.000000,3569
2020-09-09T13:45:00+05:30,4996.350000,5000.000000,4993.750000,4998.000000,4290
2020-09-09T14:00:00+05:30,4995.650000,5000.000000,4981.500000,4990.650000,4616
2020-09-09T14:15:00+05:30,4990.650000,4999.850000,4960.000000,4999.850000,5258
2020-09-09T14:30:00+05:30,4999.850000,5004.250000,4990.950000,5000.000000,7087
2020-09-09T14:45:00+05:30,5000.000000,5000.000000,4993.750000,5000.000000,4968
2020-09-09T15:00:00+05:30,5000.000000,5000.000000,4986.000000,4997.000000,7624
2020-09-09T15:15:00+05:30,4995.000000,5000.000000,4991.000000,5000.000000,10250
2020-09-10T09:15:00+05:30,5025.000000,5025.000000,4970.000000,4972.500000,6912
2020-09-10T09:30:00+05:30,4972.500000,4989.850000,4965.000000,4970.000000,2134
2020-09-10T09:45:00+05:30,4969.300000,4998.000000,4965.050000,4994.050000,2104
2020-09-10T10:00:00+05:30,4994.050000,5000.000000,4960.400000,4961.050000,2584
2020-09-10T10:15:00+05:30,4961.050000,4975.000000,4961.000000,4969.000000,1426
2020-09-10T10:30:00+05:30,4969.000000,5000.000000,4969.000000,4993.000000,51076
2020-09-10T10:45:00+05:30,4993.000000,4994.500000,4977.000000,4980.000000,1032
2020-09-10T11:00:00+05:30,4981.000000,4994.000000,4980.700000,4985.100000,621
2020-09-10T11:15:00+05:30,4985.100000,4990.000000,4975.500000,4978.500000,414
2020-09-10T11:30:00+05:30,4981.000000,4990.850000,4975.000000,4975.000000,566
2020-09-10T11:45:00+05:30,4975.000000,4981.000000,4970.100000,4972.500000,656
2020-09-10T12:00:00+05:30,4970.000000,4974.450000,4965.500000,4973.100000,1651
2020-09-10T12:15:00+05:30,4972.000000,4977.600000,4972.000000,4976.000000,307
2020-09-10T12:30:00+05:30,4976.000000,4979.150000,4965.500000,4974.000000,727
2020-09-10T12:45:00+05:30,4974.000000,4974.000000,4930.000000,4937.200000,2745
2020-09-10T13:00:00+05:30,4937.200000,4965.000000,4930.050000,4961.950000,693
2020-09-10T13:15:00+05:30,4961.950000,4967.000000,4940.200000,4951.000000,527
2020-09-10T13:30:00+05:30,4951.000000,4955.000000,4935.000000,4939.000000,1306
2020-09-10T13:45:00+05:30,4939.000000,4953.000000,4900.000000,4947.350000,5896
2020-09-10T14:00:00+05:30,4947.350000,4951.000000,4935.000000,4939.000000,401
2020-09-10T14:15:00+05:30,4939.000000,4955.650000,4935.000000,4949.500000,595
2020-09-10T14:30:00+05:30,4951.350000,4951.450000,4938.000000,4947.450000,1583
2020-09-10T14:45:00+05:30,4947.450000,4947.450000,4930.000000,4930.000000,868
2020-09-10T15:00:00+05:30,4930.000000,4950.700000,4930.000000,4931.000000,3500
2020-09-10T15:15:00+05:30,4931.000000,4950.000000,4931.000000,4943.000000,5458
2020-09-11T09:15:00+05:30,4905.000000,5000.400000,4905.000000,4970.000000,8041
2020-09-11T09:30:00+05:30,4966.050000,4971.950000,4903.000000,4929.550000,2381
2020-09-11T09:45:00+05:30,4929.550000,4978.000000,4911.300000,4953.000000,3067
2020-09-11T10:00:00+05:30,4953.000000,4962.600000,4912.500000,4919.000000,2006
2020-09-11T10:15:00+05:30,4919.000000,4953.000000,4913.050000,4948.050000,1975
2020-09-11T10:30:00+05:30,4948.050000,4948.050000,4886.900000,4920.550000,4970
2020-09-11T10:45:00+05:30,4917.400000,4920.550000,4901.000000,4909.650000,815
2020-09-11T11:00:00+05:30,4914.200000,4916.200000,4900.000000,4900.300000,553
2020-09-11T11:15:00+05:30,4900.000000,4904.250000,4895.000000,4898.250000,886
2020-09-11T11:30:00+05:30,4898.250000,4899.500000,4880.000000,4889.200000,1062
2020-09-11T11:45:00+05:30,4885.000000,4900.000000,4881.050000,4890.050000,589
2020-09-11T12:00:00+05:30,4890.050000,4898.300000,4890.050000,4892.700000,208
2020-09-11T12:15:00+05:30,4892.700000,4899.350000,4892.700000,4898.500000,240
2020-09-11T12:30:00+05:30,4898.500000,4900.000000,4892.400000,4899.650000,611
2020-09-11T12:45:00+05:30,4899.650000,4900.000000,4894.850000,4899.400000,333
2020-09-11T13:00:00+05:30,4899.400000,4900.000000,4893.050000,4894.150000,500
2020-09-11T13:15:00+05:30,4894.150000,4898.000000,4880.000000,4880.350000,692
2020-09-11T13:30:00+05:30,4880.350000,4885.400000,4880.000000,4882.000000,526
2020-09-11T13:45:00+05:30,4882.950000,4887.000000,4881.000000,4882.100000,483
2020-09-11T14:00:00+05:30,4882.100000,4895.850000,4882.000000,4889.200000,657
2020-09-11T14:15:00+05:30,4888.900000,4890.700000,4880.000000,4884.950000,733
2020-09-11T14:30:00+05:30,4886.000000,4891.150000,4882.000000,4882.000000,1615
2020-09-11T14:45:00+05:30,4882.000000,4888.750000,4870.950000,4883.600000,2575
2020-09-11T15:00:00+05:30,4879.750000,4888.600000,4861.000000,4880.100000,3265
2020-09-11T15:15:00+05:30,4880.100000,4885.000000,4860.000000,4878.000000,4223
2020-09-14T09:15:00+05:30,4999.950000,5037.850000,4954.000000,4965.000000,18173
2020-09-14T09:30:00+05:30,4965.000000,4976.000000,4955.000000,4956.000000,3336
2020-09-14T09:45:00+05:30,4956.000000,4963.000000,4930.050000,4940.050000,5272
2020-09-14T10:00:00+05:30,4937.950000,4949.350000,4923.650000,4924.000000,2221
2020-09-14T10:15:00+05:30,4926.700000,4942.000000,4920.250000,4922.250000,2608
2020-09-14T10:30:00+05:30,4921.150000,4925.600000,4900.100000,4908.000000,2567
2020-09-14T10:45:00+05:30,4908.000000,4918.600000,4905.000000,4917.000000,1575
2020-09-14T11:00:00+05:30,4917.000000,4923.600000,4915.000000,4915.100000,1321
2020-09-14T11:15:00+05:30,4917.700000,4923.600000,4910.000000,4915.350000,1240
2020-09-14T11:30:00+05:30,4915.350000,4928.100000,4910.000000,4912.000000,1256
2020-09-14T11:45:00+05:30,4915.000000,4919.450000,4911.400000,4912.850000,1067
2020-09-14T12:00:00+05:30,4912.850000,4925.000000,4912.000000,4916.550000,1383
2020-09-14T12:15:00+05:30,4916.550000,4920.000000,4910.000000,4916.350000,849
2020-09-14T12:30:00+05:30,4916.400000,4917.100000,4901.000000,4904.450000,1093
2020-09-14T12:45:00+05:30,4904.450000,4909.950000,4889.000000,4903.350000,2059
2020-09-14T13:00:00+05:30,4903.350000,4915.500000,4903.350000,4908.750000,838
2020-09-14T13:15:00+05:30,4908.750000,4911.650000,4900.000000,4907.000000,879
2020-09-14T13:30:00+05:30,4907.000000,4919.600000,4907.000000,4911.000000,1176
2020-09-14T13:45:00+05:30,4914.100000,4921.000000,4911.000000,4917.150000,872
2020-09-14T14:00:00+05:30,4917.150000,4922.500000,4912.000000,4913.000000,1451
2020-09-14T14:15:00+05:30,4913.000000,4928.700000,4913.000000,4928.700000,2343
2020-09-14T14:30:00+05:30,4929.300000,4946.200000,4920.650000,4929.000000,1657
2020-09-14T14:45:00+05:30,4929.000000,4945.000000,4921.200000,4921.900000,1659
2020-09-14T15:00:00+05:30,4921.900000,4940.800000,4920.000000,4931.500000,3193
2020-09-14T15:15:00+05:30,4934.000000,4946.000000,4886.000000,4899.000000,5887
2020-09-15T09:15:00+05:30,4970.000000,5000.000000,4963.950000,4979.600000,6530
2020-09-15T09:30:00+05:30,4980.000000,5034.000000,4980.000000,5028.400000,25066
2020-09-15T09:45:00+05:30,5028.400000,5119.450000,5014.500000,5067.900000,20324
2020-09-15T10:00:00+05:30,5068.000000,5083.750000,5048.000000,5053.650000,16312
2020-09-15T10:15:00+05:30,5052.300000,5060.000000,5019.000000,5026.000000,9331
2020-09-15T10:30:00+05:30,5026.000000,5059.850000,5026.000000,5042.600000,3509
2020-09-15T10:45:00+05:30,5042.600000,5043.550000,5018.700000,5022.500000,4921
2020-09-15T11:00:00+05:30,5022.500000,5037.000000,5020.000000,5035.250000,3562
2020-09-15T11:15:00+05:30,5035.250000,5050.050000,5025.000000,5027.250000,2007
2020-09-15T11:30:00+05:30,5027.250000,5036.000000,5020.000000,5023.050000,1908
2020-09-15T11:45:00+05:30,5023.050000,5029.200000,5020.000000,5020.000000,2432
2020-09-15T12:00:00+05:30,5020.000000,5026.000000,4992.000000,4992.200000,4156
2020-09-15T12:15:00+05:30,4992.200000,5022.550000,4986.500000,4993.250000,2748
2020-09-15T12:30:00+05:30,4995.000000,5010.400000,4990.000000,4990.000000,1657
2020-09-15T12:45:00+05:30,4990.000000,4994.100000,4974.950000,4983.500000,2545
2020-09-15T13:00:00+05:30,4983.500000,4988.000000,4951.050000,4968.400000,3254
2020-09-15T13:15:00+05:30,4968.400000,4975.350000,4957.050000,4959.000000,2745
2020-09-15T13:30:00+05:30,4959.000000,4968.200000,4956.050000,4960.000000,1981
2020-09-15T13:45:00+05:30,4960.000000,4960.000000,4946.700000,4950.850000,2176
2020-09-15T14:00:00+05:30,4949.400000,4956.800000,4945.000000,4950.000000,2156
2020-09-15T14:15:00+05:30,4950.000000,4963.100000,4940.450000,4952.000000,2440
2020-09-15T14:30:00+05:30,4952.000000,4972.000000,4945.050000,4960.900000,2748
2020-09-15T14:45:00+05:30,4960.900000,4970.000000,4945.500000,4945.500000,3654
2020-09-15T15:00:00+05:30,4945.500000,4959.050000,4930.000000,4938.800000,4547
2020-09-15T15:15:00+05:30,4938.800000,4950.000000,4930.000000,4944.000000,5870
2020-09-16T09:15:00+05:30,4975.000000,5015.000000,4959.000000,4988.000000,4394
2020-09-16T09:30:00+05:30,4988.000000,4996.000000,4950.000000,4986.000000,3455
2020-09-16T09:45:00+05:30,4986.000000,4990.000000,4970.200000,4971.250000,1181
2020-09-16T10:00:00+05:30,4976.300000,5007.600000,4976.300000,4985.150000,2583
2020-09-16T10:15:00+05:30,4985.000000,4985.000000,4950.000000,4959.300000,2712
2020-09-16T10:30:00+05:30,4959.300000,4975.900000,4959.300000,4960.000000,444
2020-09-16T10:45:00+05:30,4960.000000,4970.000000,4951.000000,4963.100000,681
2020-09-16T11:00:00+05:30,4963.100000,4964.900000,4950.000000,4959.350000,1086
2020-09-16T11:15:00+05:30,4959.350000,4959.750000,4942.000000,4944.600000,825
2020-09-16T11:30:00+05:30,4948.200000,4956.200000,4944.200000,4947.800000,464
2020-09-16T11:45:00+05:30,4947.800000,4948.300000,4935.150000,4948.000000,1026
2020-09-16T12:00:00+05:30,4948.000000,4948.450000,4941.050000,4948.450000,330
2020-09-16T12:15:00+05:30,4948.450000,4959.800000,4941.000000,4947.000000,612
2020-09-16T12:30:00+05:30,4947.000000,4947.000000,4941.100000,4942.900000,133
2020-09-16T12:45:00+05:30,4942.900000,4950.000000,4920.300000,4925.850000,2034
2020-09-16T13:00:00+05:30,4925.850000,4935.000000,4920.000000,4935.000000,562
2020-09-16T13:15:00+05:30,4935.000000,4939.650000,4931.750000,4932.200000,290
2020-09-16T13:30:00+05:30,4932.200000,4934.000000,4920.000000,4922.000000,655
2020-09-16T13:45:00+05:30,4922.000000,4934.800000,4922.000000,4929.500000,444
2020-09-16T14:00:00+05:30,4929.500000,4966.200000,4924.050000,4962.950000,1715
2020-09-16T14:15:00+05:30,4962.950000,4966.050000,4955.200000,4965.350000,1212
2020-09-16T14:30:00+05:30,4965.350000,5019.800000,4962.650000,4991.900000,6644
2020-09-16T14:45:00+05:30,4995.000000,5008.850000,4966.000000,4998.000000,6041
2020-09-16T15:00:00+05:30,4998.000000,5005.000000,4995.000000,5000.000000,4095
2020-09-16T15:15:00+05:30,5000.000000,5020.000000,4982.050000,5015.000000,4865
2020-09-17T09:15:00+05:30,4991.000000,5020.000000,4971.150000,5011.000000,3079
2020-09-17T09:30:00+05:30,5011.000000,5020.000000,5000.100000,5017.500000,1915
2020-09-17T09:45:00+05:30,5014.600000,5018.550000,4990.000000,4991.250000,1137
2020-09-17T10:00:00+05:30,4991.250000,4997.150000,4959.000000,4990.400000,1723
2020-09-17T10:15:00+05:30,4990.400000,4994.250000,4976.100000,4986.600000,326
2020-09-17T10:30:00+05:30,4986.600000,5000.000000,4984.000000,4999.000000,338
2020-09-17T10:45:00+05:30,4999.000000,4999.000000,4986.100000,4990.000000,231
2020-09-17T11:00:00+05:30,4990.000000,4993.200000,4984.500000,4984.500000,463
2020-09-17T11:15:00+05:30,4984.500000,4989.450000,4977.650000,4986.000000,232
2020-09-17T11:30:00+05:30,4986.000000,4986.000000,4978.150000,4978.400000,381
2020-09-17T11:45:00+05:30,4982.100000,4982.100000,4961.000000,4961.050000,581
2020-09-17T12:00:00+05:30,4961.050000,4967.000000,4949.050000,4955.000000,1664
2020-09-17T12:15:00+05:30,4955.000000,4962.900000,4945.000000,4955.000000,1001
2020-09-17T12:30:00+05:30,4955.000000,4956.500000,4940.100000,4950.050000,865
2020-09-17T12:45:00+05:30,4950.050000,4963.100000,4948.750000,4960.000000,280
2020-09-17T13:00:00+05:30,4960.000000,4979.000000,4957.150000,4979.000000,391
2020-09-17T13:15:00+05:30,4978.950000,4983.200000,4966.000000,4976.700000,612
2020-09-17T13:30:00+05:30,4973.000000,5010.000000,4957.800000,4983.350000,4387
2020-09-17T13:45:00+05:30,4983.350000,5000.000000,4972.050000,4976.150000,2854
2020-09-17T14:00:00+05:30,4976.150000,4984.850000,4954.950000,4962.000000,1426
2020-09-17T14:15:00+05:30,4966.900000,4994.100000,4954.000000,4955.000000,1132
2020-09-17T14:30:00+05:30,4955.000000,4973.200000,4952.000000,4954.550000,874
2020-09-17T14:45:00+05:30,4961.250000,4964.000000,4941.000000,4950.500000,1244
2020-09-17T15:00:00+05:30,4950.500000,4963.350000,4945.050000,4950.050000,1434
2020-09-17T15:15:00+05:30,4954.600000,4963.950000,4946.100000,4947.100000,1822
2020-09-18T09:15:00+05:30,4995.000000,5024.000000,4974.600000,4998.900000,4900
2020-09-18T09:30:00+05:30,4998.850000,5006.550000,4990.150000,5000.000000,3291
2020-09-18T09:45:00+05:30,5000.000000,5004.000000,4990.100000,4992.350000,3431
2020-09-18T10:00:00+05:30,4992.550000,4999.850000,4992.550000,4995.850000,819
2020-09-18T10:15:00+05:30,4995.850000,5000.000000,4992.100000,4999.200000,1610
2020-09-18T10:30:00+05:30,4999.200000,5022.450000,4995.650000,5008.300000,5168
2020-09-18T10:45:00+05:30,5008.300000,5009.950000,5000.000000,5002.300000,1123
2020-09-18T11:00:00+05:30,5002.300000,5024.750000,5002.300000,5008.050000,3838
2020-09-18T11:15:00+05:30,5008.050000,5047.050000,4992.000000,5018.850000,11875
2020-09-18T11:30:00+05:30,5018.850000,5033.250000,5001.800000,5007.150000,4527
2020-09-18T11:45:00+05:30,5007.150000,5034.250000,5000.000000,5027.750000,3936
2020-09-18T12:00:00+05:30,5025.400000,5027.750000,5012.750000,5014.200000,1549
2020-09-18T12:15:00+05:30,5014.200000,5027.750000,5005.000000,5016.050000,1572
2020-09-18T12:30:00+05:30,5016.050000,5020.000000,5005.500000,5015.000000,1087
2020-09-18T12:45:00+05:30,5011.100000,5015.000000,5007.000000,5013.250000,894
2020-09-18T13:00:00+05:30,5013.250000,5017.150000,5008.600000,5010.800000,1199
2020-09-18T13:15:00+05:30,5010.800000,5014.250000,4995.000000,5002.000000,1844
2020-09-18T13:30:00+05:30,5002.000000,5017.800000,5000.000000,5017.000000,1058
2020-09-18T13:45:00+05:30,5017.000000,5025.000000,5000.050000,5006.900000,1802
2020-09-18T14:00:00+05:30,5006.900000,5027.700000,5001.000000,5027.000000,3233
2020-09-18T14:15:00+05:30,5027.000000,5027.000000,4995.000000,5020.000000,5600
2020-09-18T14:30:00+05:30,5020.000000,5020.000000,4995.300000,5003.250000,2983
2020-09-18T14:45:00+05:30,5003.250000,5019.800000,5000.000000,5012.250000,2627
2020-09-18T15:00:00+05:30,5012.000000,5012.000000,4990.100000,5000.800000,16536
2020-09-18T15:15:00+05:30,4993.800000,5010.100000,4940.000000,5009.000000,22123
2020-09-21T09:15:00+05:30,5031.050000,5088.000000,5009.000000,5067.700000,8469
2020-09-21T09:30:00+05:30,5067.700000,5069.000000,5025.000000,5029.250000,3592
2020-09-21T09:45:00+05:30,5029.250000,5043.850000,5025.150000,5037.650000,1835
2020-09-21T10:00:00+05:30,5030.000000,5035.000000,5014.000000,5015.000000,1885
2020-09-21T10:15:00+05:30,5015.000000,5019.050000,5000.000000,5009.950000,2370
2020-09-21T10:30:00+05:30,5009.550000,5021.000000,5004.000000,5010.000000,1216
2020-09-21T10:45:00+05:30,5014.000000,5014.000000,5004.250000,5009.000000,619
2020-09-21T11:00:00+05:30,5009.000000,5025.000000,5005.400000,5020.000000,1202
2020-09-21T11:15:00+05:30,5020.000000,5028.000000,5015.750000,5020.550000,1010
2020-09-21T11:30:00+05:30,5020.550000,5024.000000,5018.350000,5020.000000,590
2020-09-21T11:45:00+05:30,5020.000000,5024.950000,5019.600000,5019.600000,468
2020-09-21T12:00:00+05:30,5019.600000,5025.000000,5019.600000,5023.000000,887
2020-09-21T12:15:00+05:30,5023.000000,5023.850000,5019.400000,5019.900000,614
2020-09-21T12:30:00+05:30,5019.900000,5025.000000,5017.650000,5025.000000,796
2020-09-21T12:45:00+05:30,5025.000000,5025.000000,5015.000000,5020.350000,816
2020-09-21T13:00:00+05:30,5020.350000,5022.100000,5015.100000,5018.200000,1627
2020-09-21T13:15:00+05:30,5018.200000,5025.000000,4992.150000,4997.550000,3502
2020-09-21T13:30:00+05:30,4997.550000,4999.650000,4981.500000,4992.500000,1418
2020-09-21T13:45:00+05:30,4992.500000,5013.450000,4981.200000,4992.000000,1829
2020-09-21T14:00:00+05:30,4992.000000,4992.000000,4965.050000,4984.950000,2976
2020-09-21T14:15:00+05:30,4984.950000,4990.000000,4952.550000,4956.550000,43066
2020-09-21T14:30:00+05:30,4956.550000,4960.000000,4920.000000,4936.000000,4871
2020-09-21T14:45:00+05:30,4936.000000,4943.900000,4905.050000,4923.050000,2852
2020-09-21T15:00:00+05:30,4930.700000,4950.000000,4840.700000,4875.100000,8900
2020-09-21T15:15:00+05:30,4875.100000,4884.350000,4801.000000,4819.000000,7241
2020-09-22T09:15:00+05:30,4899.000000,4930.000000,4751.100000,4765.000000,7566
2020-09-22T09:30:00+05:30,4765.400000,4765.400000,4681.700000,4753.200000,5171
2020-09-22T09:45:00+05:30,4753.500000,4774.500000,4679.050000,4722.000000,6705
2020-09-22T10:00:00+05:30,4722.000000,4776.250000,4717.250000,4768.250000,4910
2020-09-22T10:15:00+05:30,4768.250000,4818.550000,4768.250000,4817.150000,3256
2020-09-22T10:30:00+05:30,4817.150000,4817.400000,4742.050000,4768.100000,3359
2020-09-22T10:45:00+05:30,4768.100000,4774.650000,4748.400000,4753.000000,2708
2020-09-22T11:00:00+05:30,4753.000000,4780.600000,4750.000000,4750.500000,2649
2020-09-22T11:15:00+05:30,4750.500000,4756.600000,4750.000000,4752.050000,1550
2020-09-22T11:30:00+05:30,4752.050000,4762.650000,4750.700000,4755.050000,948
2020-09-22T11:45:00+05:30,4755.050000,4765.750000,4752.200000,4752.700000,791
2020-09-22T12:00:00+05:30,4752.700000,4785.000000,4752.050000,4760.000000,1504
2020-09-22T12:15:00+05:30,4760.000000,4767.750000,4745.000000,4751.550000,2684
2020-09-22T12:30:00+05:30,4751.550000,4758.650000,4750.000000,4754.000000,1205
2020-09-22T12:45:00+05:30,4753.000000,4769.900000,4751.150000,4759.900000,839
2020-09-22T13:00:00+05:30,4759.300000,4775.000000,4754.700000,4768.400000,1791
2020-09-22T13:15:00+05:30,4764.600000,4774.950000,4757.650000,4774.250000,1445
2020-09-22T13:30:00+05:30,4772.000000,4794.750000,4770.000000,4789.850000,1998
2020-09-22T13:45:00+05:30,4789.850000,4790.000000,4770.000000,4780.800000,1683
2020-09-22T14:00:00+05:30,4780.800000,4782.400000,4770.000000,4770.000000,936
2020-09-22T14:15:00+05:30,4770.000000,4778.600000,4767.800000,4778.200000,1836
2020-09-22T14:30:00+05:30,4778.200000,4779.000000,4770.000000,4775.200000,892
2020-09-22T14:45:00+05:30,4775.200000,4780.850000,4767.700000,4774.300000,1833
2020-09-22T15:00:00+05:30,4774.300000,4798.200000,4770.000000,4794.000000,1883
2020-09-22T15:15:00+05:30,4794.000000,4794.000000,4770.000000,4776.000000,6691
2020-09-23T09:15:00+05:30,4840.000000,4860.000000,4812.050000,4845.000000,2960
2020-09-23T09:30:00+05:30,4845.000000,4856.450000,4830.000000,4853.950000,2000
2020-09-23T09:45:00+05:30,4853.950000,4874.000000,4824.950000,4862.000000,2294
2020-09-23T10:00:00+05:30,4861.950000,4861.950000,4811.150000,4813.000000,1083
2020-09-23T10:15:00+05:30,4817.750000,4866.200000,4813.450000,4858.700000,1571
2020-09-23T10:30:00+05:30,4859.000000,4864.550000,4850.400000,4853.050000,594
2020-09-23T10:45:00+05:30,4853.050000,4869.000000,4851.350000,4860.450000,1311
2020-09-23T11:00:00+05:30,4860.450000,4865.550000,4859.500000,4865.550000,695
2020-09-23T11:15:00+05:30,4867.000000,4880.000000,4860.000000,4865.450000,2022
2020-09-23T11:30:00+05:30,4869.900000,4869.900000,4855.250000,4866.150000,907
2020-09-23T11:45:00+05:30,4865.900000,4865.900000,4856.450000,4860.200000,1134
2020-09-23T12:00:00+05:30,4860.000000,4868.750000,4837.000000,4865.000000,2605
2020-09-23T12:15:00+05:30,4866.600000,4892.000000,4865.000000,4888.850000,2393
2020-09-23T12:30:00+05:30,4888.850000,4892.250000,4865.050000,4869.950000,1210
2020-09-23T12:45:00+05:30,4869.950000,4880.600000,4865.050000,4870.000000,2350
2020-09-23T13:00:00+05:30,4870.000000,4884.000000,4865.050000,4874.150000,1745
2020-09-23T13:15:00+05:30,4874.150000,4938.450000,4874.150000,4916.950000,4554
2020-09-23T13:30:00+05:30,4916.950000,4947.500000,4896.050000,4900.350000,5151
2020-09-23T13:45:00+05:30,4900.350000,4936.900000,4895.000000,4924.500000,3568
2020-09-23T14:00:00+05:30,4924.500000,4934.750000,4906.500000,4912.000000,2603
2020-09-23T14:15:00+05:30,4911.800000,4912.950000,4890.050000,4891.250000,2579
2020-09-23T14:30:00+05:30,4895.000000,4899.950000,4890.000000,4892.750000,3241
2020-09-23T14:45:00+05:30,4892.750000,4915.000000,4890.000000,4904.000000,2662
2020-09-23T15:00:00+05:30,4904.000000,4920.950000,4900.000000,4909.850000,3146
2020-09-23T15:15:00+05:30,4909.900000,4930.000000,4901.000000,4915.000000,4124
2020-09-24T09:15:00+05:30,4890.000000,4913.000000,4817.300000,4885.000000,4913
2020-09-24T09:30:00+05:30,4888.400000,4959.000000,4888.400000,4945.650000,6244
2020-09-24T09:45:00+05:30,4945.650000,4951.400000,4910.000000,4928.000000,4927
2020-09-24T10:00:00+05:30,4928.000000,4959.000000,4917.000000,4954.000000,2994
2020-09-24T10:15:00+05:30,4954.000000,4954.000000,4916.000000,4924.100000,1727
2020-09-24T10:30:00+05:30,4924.100000,4924.100000,4903.050000,4910.300000,2205
2020-09-24T10:45:00+05:30,4910.300000,4912.800000,4871.050000,4883.600000,2616
2020-09-24T11:00:00+05:30,4883.600000,4931.950000,4882.400000,4905.650000,1476
2020-09-24T11:15:00+05:30,4905.650000,4920.000000,4901.350000,4916.550000,247
2020-09-24T11:30:00+05:30,4916.550000,4924.400000,4902.000000,4908.050000,1249
2020-09-24T11:45:00+05:30,4908.050000,4913.450000,4900.000000,4910.000000,514
2020-09-24T12:00:00+05:30,4910.000000,4910.000000,4900.000000,4904.850000,481
2020-09-24T12:15:00+05:30,4904.850000,4905.550000,4880.000000,4893.750000,1077
2020-09-24T12:30:00+05:30,4893.750000,4941.100000,4893.750000,4925.000000,936
2020-09-24T12:45:00+05:30,4925.000000,4927.950000,4914.700000,4923.650000,662
2020-09-24T13:00:00+05:30,4923.650000,4944.150000,4922.850000,4942.000000,900
2020-09-24T13:15:00+05:30,4941.000000,4960.000000,4938.150000,4950.000000,2168
2020-09-24T13:30:00+05:30,4948.000000,4950.000000,4916.000000,4934.100000,1038
2020-09-24T13:45:00+05:30,4934.100000,4936.750000,4920.000000,4920.000000,827
2020-09-24T14:00:00+05:30,4920.000000,4933.000000,4920.000000,4927.300000,566
2020-09-24T14:15:00+05:30,4927.300000,4933.000000,4910.050000,4917.900000,1336
2020-09-24T14:30:00+05:30,4917.900000,4917.900000,4882.000000,4890.000000,2509
2020-09-24T14:45:00+05:30,4890.000000,4906.200000,4882.000000,4896.950000,1577
2020-09-24T15:00:00+05:30,4896.900000,4904.900000,4870.000000,4873.350000,2886
2020-09-24T15:15:00+05:30,4873.400000,4892.000000,4860.000000,4890.000000,3015
2020-09-25T09:15:00+05:30,4905.050000,4924.000000,4882.050000,4906.000000,2756
2020-09-25T09:30:00+05:30,4906.000000,4923.000000,4900.100000,4906.000000,1602
2020-09-25T09:45:00+05:30,4906.000000,4909.000000,4868.800000,4885.400000,797
2020-09-25T10:00:00+05:30,4885.400000,4895.050000,4881.000000,4893.300000,563
2020-09-25T10:15:00+05:30,4893.300000,4893.300000,4870.350000,4875.550000,926
2020-09-25T10:30:00+05:30,4875.550000,4900.450000,4875.550000,4899.000000,943
2020-09-25T10:45:00+05:30,4899.000000,4899.000000,4884.500000,4884.500000,465
2020-09-25T11:00:00+05:30,4884.500000,4895.100000,4882.550000,4890.050000,346
2020-09-25T11:15:00+05:30,4890.050000,4906.800000,4885.000000,4906.800000,255
2020-09-25T11:30:00+05:30,4906.800000,4908.950000,4900.000000,4908.000000,609
2020-09-25T11:45:00+05:30,4908.000000,4915.000000,4901.650000,4915.000000,341
2020-09-25T12:00:00+05:30,4915.000000,4915.000000,4904.000000,4905.700000,224
2020-09-25T12:15:00+05:30,4905.700000,4910.000000,4900.000000,4901.050000,453
2020-09-25T12:30:00+05:30,4905.950000,4912.000000,4893.800000,4912.000000,487
2020-09-25T12:45:00+05:30,4912.000000,4948.950000,4911.850000,4928.800000,1913
2020-09-25T13:00:00+05:30,4928.800000,4928.800000,4918.000000,4918.000000,347
2020-09-25T13:15:00+05:30,4918.000000,4923.000000,4915.000000,4919.950000,961
2020-09-25T13:30:00+05:30,4919.950000,4923.000000,4915.000000,4920.000000,536
2020-09-25T13:45:00+05:30,4920.000000,4924.700000,4915.000000,4917.150000,288
2020-09-25T14:00:00+05:30,4917.150000,4922.950000,4915.000000,4915.400000,393
2020-09-25T14:15:00+05:30,4915.400000,4920.650000,4912.000000,4913.800000,431
2020-09-25T14:30:00+05:30,4913.800000,4919.100000,4911.000000,4911.000000,346
2020-09-25T14:45:00+05:30,4910.800000,4916.600000,4894.000000,4907.550000,978
2020-09-25T15:00:00+05:30,4907.550000,4911.150000,4891.550000,4905.000000,782
2020-09-25T15:15:00+05:30,4905.000000,4942.350000,4900.000000,4940.000000,4170
2020-09-28T09:15:00+05:30,5100.000000,5149.900000,5032.650000,5044.200000,31990
2020-09-28T09:30:00+05:30,5044.200000,5060.000000,5025.000000,5050.800000,7371
2020-09-28T09:45:00+05:30,5050.600000,5053.450000,5005.050000,5013.200000,5814
2020-09-28T10:00:00+05:30,5013.200000,5034.950000,5001.000000,5019.900000,4541
2020-09-28T10:15:00+05:30,5019.900000,5025.450000,5011.200000,5017.100000,1647
2020-09-28T10:30:00+05:30,5017.100000,5025.000000,5011.000000,5011.000000,1772
2020-09-28T10:45:00+05:30,5011.000000,5039.950000,5010.000000,5028.050000,3177
2020-09-28T11:00:00+05:30,5028.050000,5032.800000,5005.800000,5019.750000,2025
2020-09-28T11:15:00+05:30,5019.750000,5030.250000,5003.000000,5010.450000,2654
2020-09-28T11:30:00+05:30,5010.450000,5025.000000,5005.100000,5019.800000,1095
2020-09-28T11:45:00+05:30,5019.800000,5025.000000,5010.000000,5017.500000,614
2020-09-28T12:00:00+05:30,5018.950000,5020.700000,5010.000000,5015.500000,2349
2020-09-28T12:15:00+05:30,5017.000000,5024.450000,5013.100000,5019.950000,1200
2020-09-28T12:30:00+05:30,5019.950000,5021.500000,5013.050000,5015.800000,911
2020-09-28T12:45:00+05:30,5015.800000,5020.000000,5011.000000,5011.000000,596
2020-09-28T13:00:00+05:30,5011.000000,5021.100000,5002.700000,5016.450000,2788
2020-09-28T13:15:00+05:30,5016.450000,5025.000000,5008.050000,5008.050000,770
2020-09-28T13:30:00+05:30,5008.050000,5012.200000,4990.050000,4997.350000,2577
2020-09-28T13:45:00+05:30,4997.350000,5016.000000,4993.000000,5013.550000,1423
2020-09-28T14:00:00+05:30,5013.550000,5013.550000,4999.950000,5001.050000,720
2020-09-28T14:15:00+05:30,5001.050000,5011.000000,5001.000000,5009.850000,948
2020-09-28T14:30:00+05:30,5009.850000,5020.000000,5009.850000,5012.500000,1167
2020-09-28T14:45:00+05:30,5012.500000,5025.000000,5010.000000,5015.000000,2653
2020-09-28T15:00:00+05:30,5015.000000,5024.000000,5010.050000,5012.250000,4659
2020-09-28T15:15:00+05:30,5012.250000,5020.000000,5005.100000,5019.000000,7749
2020-09-29T09:15:00+05:30,5047.400000,5050.000000,4965.000000,4972.800000,4299
2020-09-29T09:30:00+05:30,4972.800000,4992.900000,4955.100000,4988.000000,2425
2020-09-29T09:45:00+05:30,4990.000000,4999.000000,4966.000000,4969.000000,1263
2020-09-29T10:00:00+05:30,4969.000000,4980.000000,4966.150000,4975.950000,642
2020-09-29T10:15:00+05:30,4975.950000,4986.700000,4970.000000,4984.900000,414
2020-09-29T10:30:00+05:30,4984.900000,4984.900000,4972.400000,4983.950000,397
2020-09-29T10:45:00+05:30,4983.950000,4983.950000,4960.000000,4970.100000,613
2020-09-29T11:00:00+05:30,4970.100000,4971.000000,4960.200000,4970.000000,264
2020-09-29T11:15:00+05:30,4966.050000,4975.000000,4966.050000,4968.050000,405
2020-09-29T11:30:00+05:30,4968.050000,4973.000000,4965.550000,4972.950000,332
2020-09-29T11:45:00+05:30,4972.950000,4975.850000,4965.600000,4975.850000,250
2020-09-29T12:00:00+05:30,4975.850000,4984.400000,4972.050000,4984.400000,177
2020-09-29T12:15:00+05:30,4985.000000,4996.000000,4975.500000,4978.000000,608
2020-09-29T12:30:00+05:30,4978.000000,4994.300000,4974.500000,4980.000000,1850
2020-09-29T12:45:00+05:30,4980.000000,4989.950000,4976.200000,4980.000000,1104
2020-09-29T13:00:00+05:30,4980.000000,4987.600000,4980.000000,4980.000000,987
2020-09-29T13:15:00+05:30,4980.000000,4990.000000,4980.000000,4987.000000,917
2020-09-29T13:30:00+05:30,4987.000000,4995.900000,4960.050000,4962.800000,1885
2020-09-29T13:45:00+05:30,4962.800000,4968.850000,4951.050000,4955.000000,1567
2020-09-29T14:00:00+05:30,4951.050000,4951.050000,4920.000000,4923.050000,2314
2020-09-29T14:15:00+05:30,4923.050000,4941.650000,4915.000000,4915.000000,2616
2020-09-29T14:30:00+05:30,4915.000000,4945.000000,4915.000000,4938.100000,923
2020-09-29T14:45:00+05:30,4938.100000,4963.050000,4936.950000,4944.950000,1152
2020-09-29T15:00:00+05:30,4944.950000,4959.000000,4933.150000,4944.750000,6554
2020-09-29T15:15:00+05:30,4939.000000,4965.000000,4934.200000,4965.000000,5456
2020-09-30T09:15:00+05:30,4985.700000,5000.000000,4955.000000,4980.000000,3690
2020-09-30T09:30:00+05:30,4980.000000,4980.000000,4961.500000,4962.000000,1803
2020-09-30T09:45:00+05:30,4961.550000,4980.000000,4961.000000,4970.850000,1184
2020-09-30T10:00:00+05:30,4970.850000,4974.350000,4955.050000,4974.350000,897
2020-09-30T10:15:00+05:30,4974.350000,4992.150000,4968.000000,4982.000000,722
2020-09-30T10:30:00+05:30,4982.000000,4989.950000,4968.250000,4976.900000,503
2020-09-30T10:45:00+05:30,4976.900000,4980.000000,4970.350000,4973.500000,334
2020-09-30T11:00:00+05:30,4973.500000,4976.350000,4966.800000,4970.650000,547
2020-09-30T11:15:00+05:30,4970.650000,4970.650000,4955.000000,4955.000000,571
2020-09-30T11:30:00+05:30,4955.000000,4955.000000,4926.300000,4926.300000,1342
2020-09-30T11:45:00+05:30,4926.300000,4933.000000,4920.000000,4922.500000,696
2020-09-30T12:00:00+05:30,4922.500000,4928.150000,4920.000000,4924.000000,708
2020-09-30T12:15:00+05:30,4924.000000,4928.950000,4919.500000,4919.550000,800
2020-09-30T12:30:00+05:30,4919.550000,4925.100000,4915.000000,4920.000000,375
2020-09-30T12:45:00+05:30,4920.000000,4920.000000,4914.600000,4914.600000,410
2020-09-30T13:00:00+05:30,4914.600000,4918.550000,4912.050000,4915.000000,604
2020-09-30T13:15:00+05:30,4915.000000,4917.200000,4912.050000,4914.000000,369
2020-09-30T13:30:00+05:30,4914.000000,4923.300000,4903.000000,4915.600000,1286
2020-09-30T13:45:00+05:30,4915.600000,4919.800000,4905.000000,4906.700000,588
2020-09-30T14:00:00+05:30,4906.700000,4910.100000,4901.100000,4902.000000,1049
2020-09-30T14:15:00+05:30,4902.000000,4923.450000,4900.100000,4908.050000,1675
2020-09-30T14:30:00+05:30,4908.050000,4915.000000,4905.000000,4905.000000,1013
2020-09-30T14:45:00+05:30,4905.000000,4907.800000,4902.000000,4902.050000,881
2020-09-30T15:00:00+05:30,4902.050000,4905.750000,4900.550000,4900.550000,1892
2020-09-30T15:15:00+05:30,4900.550000,4906.000000,4890.050000,4905.000000,4076
2020-10-01T09:15:00+05:30,4910.000000,4932.000000,4885.300000,4900.150000,2670
2020-10-01T09:30:00+05:30,4900.150000,4905.300000,4864.400000,4867.050000,3672
2020-10-01T09:45:00+05:30,4867.050000,4874.700000,4862.100000,4867.000000,1286
2020-10-01T10:00:00+05:30,4867.000000,4874.000000,4860.000000,4862.050000,1139
2020-10-01T10:15:00+05:30,4862.050000,4868.000000,4860.000000,4863.000000,862
2020-10-01T10:30:00+05:30,4863.000000,4869.950000,4860.100000,4861.700000,1121
2020-10-01T10:45:00+05:30,4861.700000,4885.000000,4860.100000,4882.000000,1813
2020-10-01T11:00:00+05:30,4882.000000,4895.000000,4869.000000,4890.000000,1754
2020-10-01T11:15:00+05:30,4890.000000,4895.400000,4888.000000,4892.900000,1130
2020-10-01T11:30:00+05:30,4892.900000,4895.950000,4888.000000,4890.000000,1057
2020-10-01T11:45:00+05:30,4890.000000,4900.000000,4890.000000,4890.050000,1183
2020-10-01T12:00:00+05:30,4890.050000,4896.250000,4886.600000,4890.000000,657
2020-10-01T12:15:00+05:30,4890.000000,4898.600000,4890.000000,4890.000000,709
2020-10-01T12:30:00+05:30,4890.000000,4899.100000,4885.000000,4888.300000,1153
2020-10-01T12:45:00+05:30,4885.050000,4894.850000,4885.000000,4890.000000,574
2020-10-01T13:00:00+05:30,4890.100000,4894.650000,4885.000000,4890.000000,841
2020-10-01T13:15:00+05:30,4890.000000,4894.250000,4889.900000,4890.000000,695
2020-10-01T13:30:00+05:30,4890.000000,4898.700000,4867.050000,4890.000000,1778
2020-10-01T13:45:00+05:30,4890.000000,4893.550000,4889.950000,4891.150000,825
2020-10-01T14:00:00+05:30,4891.150000,4904.200000,4890.000000,4890.000000,991
2020-10-01T14:15:00+05:30,4890.000000,4896.000000,4887.050000,4890.000000,866
2020-10-01T14:30:00+05:30,4890.000000,4898.900000,4890.000000,4890.000000,662
2020-10-01T14:45:00+05:30,4890.000000,4895.000000,4885.000000,4890.500000,1998
2020-10-01T15:00:00+05:30,4890.550000,4907.000000,4890.050000,4901.800000,1694
2020-10-01T15:15:00+05:30,4901.800000,4919.250000,4890.000000,4919.250000,2040
2020-10-05T09:15:00+05:30,4929.000000,4945.000000,4902.000000,4913.000000,2058
2020-10-05T09:30:00+05:30,4913.000000,4934.950000,4908.450000,4929.050000,1406
2020-10-05T09:45:00+05:30,4929.050000,4934.750000,4902.000000,4915.500000,779
2020-10-05T10:00:00+05:30,4913.000000,4923.500000,4903.000000,4909.000000,467
2020-10-05T10:15:00+05:30,4909.000000,4920.000000,4906.500000,4915.100000,850
2020-10-05T10:30:00+05:30,4915.100000,4925.000000,4907.000000,4915.500000,630
2020-10-05T10:45:00+05:30,4910.400000,4911.700000,4875.000000,4875.550000,1464
2020-10-05T11:00:00+05:30,4875.550000,4881.000000,4863.550000,4869.500000,1308
2020-10-05T11:15:00+05:30,4869.900000,4898.950000,4863.050000,4898.000000,806
2020-10-05T11:30:00+05:30,4898.000000,4903.650000,4885.000000,4897.450000,972
2020-10-05T11:45:00+05:30,4897.450000,4914.750000,4885.050000,4912.000000,735
2020-10-05T12:00:00+05:30,4912.000000,4915.400000,4907.000000,4913.000000,428
2020-10-05T12:15:00+05:30,4913.000000,4913.550000,4905.000000,4905.050000,759
2020-10-05T12:30:00+05:30,4905.050000,4911.450000,4903.000000,4908.900000,638
2020-10-05T12:45:00+05:30,4910.500000,4915.000000,4905.200000,4905.200000,485
2020-10-05T13:00:00+05:30,4905.000000,4912.700000,4905.000000,4905.000000,613
2020-10-05T13:15:00+05:30,4905.000000,4911.100000,4903.050000,4911.100000,559
2020-10-05T13:30:00+05:30,4911.100000,4914.450000,4905.000000,4909.350000,304
2020-10-05T13:45:00+05:30,4909.350000,4914.500000,4905.250000,4905.950000,358
2020-10-05T14:00:00+05:30,4905.950000,4912.250000,4905.000000,4905.900000,16039
2020-10-05T14:15:00+05:30,4905.900000,4921.000000,4905.000000,4921.000000,588
2020-10-05T14:30:00+05:30,4921.000000,4927.350000,4916.000000,4927.350000,347
2020-10-05T14:45:00+05:30,4923.000000,4936.000000,4915.500000,4930.000000,824
2020-10-05T15:00:00+05:30,4926.500000,4932.000000,4920.000000,4920.000000,1669
2020-10-05T15:15:00+05:30,4920.000000,4930.000000,4908.150000,4930.000000,1769
2020-10-06T09:15:00+05:30,4940.000000,4940.000000,4885.050000,4929.600000,1534
2020-10-06T09:30:00+05:30,4929.600000,4934.050000,4909.100000,4925.300000,1128
2020-10-06T09:45:00+05:30,4924.850000,4930.250000,4905.000000,4915.150000,1504
2020-10-06T10:00:00+05:30,4915.150000,4918.800000,4905.000000,4905.250000,457
2020-10-06T10:15:00+05:30,4905.250000,4909.950000,4900.000000,4903.500000,1170
2020-10-06T10:30:00+05:30,4903.500000,4918.400000,4903.500000,4911.550000,808
2020-10-06T10:45:00+05:30,4911.550000,4917.550000,4906.750000,4913.850000,512
2020-10-06T11:00:00+05:30,4913.850000,4916.450000,4900.150000,4903.100000,451
2020-10-06T11:15:00+05:30,4903.100000,4912.000000,4903.000000,4907.250000,1095
2020-10-06T11:30:00+05:30,4907.250000,4911.650000,4905.000000,4905.000000,371
2020-10-06T11:45:00+05:30,4905.000000,4909.550000,4901.000000,4903.100000,304
2020-10-06T12:00:00+05:30,4903.100000,4906.950000,4901.000000,4901.000000,323
2020-10-06T12:15:00+05:30,4901.000000,4909.100000,4900.000000,4901.050000,551
2020-10-06T12:30:00+05:30,4901.050000,4905.850000,4895.000000,4904.100000,435
2020-10-06T12:45:00+05:30,4904.100000,4914.450000,4901.300000,4904.500000,511
2020-10-06T13:00:00+05:30,4904.500000,4919.850000,4904.500000,4915.350000,730
2020-10-06T13:15:00+05:30,4915.350000,4919.950000,4911.200000,4916.800000,266
2020-10-06T13:30:00+05:30,4916.800000,4916.800000,4905.000000,4909.250000,418
2020-10-06T13:45:00+05:30,4909.600000,4909.950000,4904.800000,4907.350000,249
2020-10-06T14:00:00+05:30,4907.350000,4912.950000,4907.350000,4912.600000,378
2020-10-06T14:15:00+05:30,4912.600000,4916.000000,4910.000000,4910.000000,296
2020-10-06T14:30:00+05:30,4913.500000,4914.700000,4908.050000,4909.300000,291
2020-10-06T14:45:00+05:30,4909.300000,4920.000000,4906.700000,4916.600000,627
2020-10-06T15:00:00+05:30,4916.600000,4920.000000,4902.350000,4915.100000,905
2020-10-06T15:15:00+05:30,4913.400000,4925.000000,4908.050000,4923.950000,2100
2020-10-07T09:15:00+05:30,4940.700000,4978.900000,4911.250000,4950.250000,4212
2020-10-07T09:30:00+05:30,4950.250000,4967.600000,4949.000000,4949.000000,1154
2020-10-07T09:45:00+05:30,4949.000000,4958.000000,4940.000000,4951.900000,725
2020-10-07T10:00:00+05:30,4951.900000,4957.000000,4925.300000,4931.150000,1061
2020-10-07T10:15:00+05:30,4931.150000,4942.100000,4922.500000,4932.300000,878
2020-10-07T10:30:00+05:30,4932.300000,4945.000000,4922.050000,4941.050000,691
2020-10-07T10:45:00+05:30,4941.050000,4970.000000,4941.000000,4955.000000,2947
2020-10-07T11:00:00+05:30,4955.000000,4969.350000,4940.400000,4940.800000,10854
2020-10-07T11:15:00+05:30,4940.800000,4955.000000,4940.000000,4940.000000,6254
2020-10-07T11:30:00+05:30,4940.000000,4960.000000,4940.000000,4950.000000,1435
2020-10-07T11:45:00+05:30,4948.550000,4959.900000,4942.250000,4959.900000,828
2020-10-07T12:00:00+05:30,4959.900000,4965.000000,4944.300000,4951.950000,440
2020-10-07T12:15:00+05:30,4951.950000,4960.000000,4946.700000,4952.150000,477
2020-10-07T12:30:00+05:30,4952.150000,4954.950000,4950.000000,4950.350000,548
2020-10-07T12:45:00+05:30,4950.350000,4954.900000,4950.000000,4953.000000,226
2020-10-07T13:00:00+05:30,4951.600000,4957.000000,4935.200000,4942.600000,1766
2020-10-07T13:15:00+05:30,4941.450000,4945.000000,4930.800000,4936.050000,304
2020-10-07T13:30:00+05:30,4936.050000,4972.000000,4936.000000,4966.400000,1173
2020-10-07T13:45:00+05:30,4966.400000,4969.450000,4960.000000,4960.000000,279
2020-10-07T14:00:00+05:30,4960.050000,4975.000000,4960.000000,4973.950000,725
2020-10-07T14:15:00+05:30,4973.950000,4974.500000,4966.250000,4974.100000,585
2020-10-07T14:30:00+05:30,4974.100000,4974.100000,4965.000000,4970.450000,512
2020-10-07T14:45:00+05:30,4970.450000,5000.000000,4957.350000,4960.000000,5131
2020-10-07T15:00:00+05:30,4960.000000,4969.950000,4950.000000,4961.200000,1958
2020-10-07T15:15:00+05:30,4961.200000,4973.000000,4941.000000,4968.000000,3109
2020-10-08T09:15:00+05:30,4970.000000,4988.950000,4955.750000,4965.200000,1104
2020-10-08T09:30:00+05:30,4965.200000,4988.800000,4956.000000,4975.400000,652
2020-10-08T09:45:00+05:30,4975.400000,4981.300000,4962.000000,4967.000000,526
2020-10-08T10:00:00+05:30,4967.000000,4971.950000,4935.050000,4945.350000,1154
2020-10-08T10:15:00+05:30,4945.350000,4951.000000,4934.150000,4940.700000,1839
2020-10-08T10:30:00+05:30,4940.700000,4957.950000,4940.700000,4947.350000,779
2020-10-08T10:45:00+05:30,4947.350000,4949.250000,4930.000000,4940.000000,1045
2020-10-08T11:00:00+05:30,4940.000000,4946.950000,4930.000000,4936.850000,767
2020-10-08T11:15:00+05:30,4936.850000,4950.450000,4930.000000,4950.450000,503
2020-10-08T11:30:00+05:30,4950.450000,4967.950000,4941.100000,4957.250000,16378
2020-10-08T11:45:00+05:30,4957.250000,4980.000000,4950.000000,4980.000000,901
2020-10-08T12:00:00+05:30,4980.000000,4997.000000,4963.000000,4989.450000,2969
2020-10-08T12:15:00+05:30,4989.450000,4989.450000,4977.000000,4979.100000,958
2020-10-08T12:30:00+05:30,4979.100000,4984.000000,4979.000000,4980.150000,870
2020-10-08T12:45:00+05:30,4980.150000,4991.850000,4979.850000,4979.850000,1038
2020-10-08T13:00:00+05:30,4979.850000,4990.000000,4979.500000,4979.500000,868
2020-10-08T13:15:00+05:30,4979.500000,4986.750000,4979.500000,4986.600000,311
2020-10-08T13:30:00+05:30,4986.600000,4986.600000,4979.050000,4979.500000,941
2020-10-08T13:45:00+05:30,4979.500000,4984.950000,4979.500000,4980.000000,718
2020-10-08T14:00:00+05:30,4980.000000,5020.000000,4979.850000,5007.350000,5151
2020-10-08T14:15:00+05:30,5007.350000,5007.450000,4980.000000,4987.000000,1670
2020-10-08T14:30:00+05:30,4985.600000,4987.300000,4956.100000,4973.850000,1926
2020-10-08T14:45:00+05:30,4973.850000,4998.000000,4962.000000,4981.000000,1085
2020-10-08T15:00:00+05:30,4981.000000,5019.000000,4981.000000,5004.000000,3101
2020-10-08T15:15:00+05:30,5004.000000,5013.300000,4985.350000,5004.000000,3077
2020-10-09T09:15:00+05:30,5008.800000,5022.000000,4986.450000,4995.000000,4522
2020-10-09T09:30:00+05:30,4995.000000,5000.000000,4972.050000,5000.000000,1255
2020-10-09T09:45:00+05:30,5000.000000,5000.000000,4977.100000,4992.400000,1135
2020-10-09T10:00:00+05:30,4992.400000,4995.300000,4980.550000,4983.500000,368
2020-10-09T10:15:00+05:30,4983.500000,4987.550000,4982.000000,4986.500000,297
2020-10-09T10:30:00+05:30,4986.500000,4994.000000,4981.000000,4992.400000,785
2020-10-09T10:45:00+05:30,4992.400000,5005.000000,4992.400000,4995.050000,489
2020-10-09T11:00:00+05:30,4995.050000,5000.000000,4990.800000,5000.000000,272
2020-10-09T11:15:00+05:30,5000.000000,5000.000000,4966.000000,4966.000000,883
2020-10-09T11:30:00+05:30,4966.000000,4991.000000,4966.000000,4991.000000,463
2020-10-09T11:45:00+05:30,4991.000000,5005.000000,4991.000000,5003.000000,1403
2020-10-09T12:00:00+05:30,5003.000000,5006.400000,5000.000000,5005.150000,1532
2020-10-09T12:15:00+05:30,5005.150000,5007.700000,4999.550000,5002.950000,756
2020-10-09T12:30:00+05:30,5002.950000,5010.000000,5000.000000,5002.000000,519
2020-10-09T12:45:00+05:30,5002.000000,5005.000000,5001.700000,5002.150000,101
2020-10-09T13:00:00+05:30,5002.150000,5005.600000,5000.000000,5000.000000,303
2020-10-09T13:15:00+05:30,5000.000000,5007.400000,5000.000000,5001.600000,563
2020-10-09T13:30:00+05:30,5001.600000,5007.150000,5001.050000,5001.050000,136
2020-10-09T13:45:00+05:30,5001.050000,5004.650000,5000.000000,5000.000000,578
2020-10-09T14:00:00+05:30,5000.000000,5010.000000,5000.000000,5004.850000,592
2020-10-09T14:15:00+05:30,5004.850000,5020.000000,5004.800000,5019.850000,909
2020-10-09T14:30:00+05:30,5019.850000,5020.000000,5010.000000,5016.250000,530
2020-10-09T14:45:00+05:30,5016.250000,5023.750000,5006.500000,5020.000000,4019
2020-10-09T15:00:00+05:30,5020.000000,5025.050000,5020.000000,5025.050000,3406
2020-10-09T15:15:00+05:30,5025.050000,5027.150000,5015.000000,5016.000000,7555
2020-10-12T09:15:00+05:30,5016.000000,5037.250000,4988.000000,4995.300000,2147
2020-10-12T09:30:00+05:30,4995.300000,5000.000000,4980.000000,4989.400000,815
2020-10-12T09:45:00+05:30,4989.400000,5005.350000,4978.100000,4980.000000,916
2020-10-12T10:00:00+05:30,4980.000000,4985.000000,4966.900000,4972.150000,548
2020-10-12T10:15:00+05:30,4972.150000,4977.000000,4966.000000,4971.050000,290
2020-10-12T10:30:00+05:30,4971.050000,4973.400000,4958.500000,4968.950000,515
2020-10-12T10:45:00+05:30,4968.950000,4975.000000,4965.900000,4967.850000,297
2020-10-12T11:00:00+05:30,4967.850000,4975.450000,4960.000000,4967.450000,502
2020-10-12T11:15:00+05:30,4967.450000,4967.550000,4956.000000,4965.000000,760
2020-10-12T11:30:00+05:30,4965.000000,4968.000000,4955.450000,4965.450000,516
2020-10-12T11:45:00+05:30,4965.450000,4967.350000,4956.100000,4960.000000,204
2020-10-12T12:00:00+05:30,4960.000000,4962.400000,4956.500000,4957.000000,135
2020-10-12T12:15:00+05:30,4957.000000,4960.000000,4922.900000,4930.400000,1453
2020-10-12T12:30:00+05:30,4930.400000,4954.900000,4927.000000,4954.900000,708
2020-10-12T12:45:00+05:30,4951.550000,4960.450000,4945.000000,4957.350000,493
2020-10-12T13:00:00+05:30,4957.350000,4962.250000,4948.000000,4960.250000,675
2020-10-12T13:15:00+05:30,4960.250000,4960.250000,4941.000000,4956.650000,278
2020-10-12T13:30:00+05:30,4956.650000,4956.650000,4949.250000,4956.000000,153
2020-10-12T13:45:00+05:30,4956.000000,4956.000000,4942.000000,4948.100000,533
2020-10-12T14:00:00+05:30,4948.100000,4955.550000,4946.000000,4946.000000,195
2020-10-12T14:15:00+05:30,4945.000000,4955.500000,4934.050000,4953.000000,611
2020-10-12T14:30:00+05:30,4953.000000,4953.050000,4947.000000,4952.550000,236
2020-10-12T14:45:00+05:30,4952.550000,5000.000000,4946.000000,5000.000000,2678
2020-10-12T15:00:00+05:30,5000.000000,5020.850000,4980.000000,4988.500000,3784
2020-10-12T15:15:00+05:30,4978.550000,4999.900000,4976.000000,4999.900000,1715
2020-10-13T09:15:00+05:30,4999.900000,5020.000000,4975.050000,5004.150000,1716
2020-10-13T09:30:00+05:30,5004.150000,5013.700000,4988.000000,4992.500000,723
2020-10-13T09:45:00+05:30,4994.000000,4994.000000,4959.000000,4967.000000,1356
2020-10-13T10:00:00+05:30,4967.000000,4970.000000,4958.000000,4961.300000,422
2020-10-13T10:15:00+05:30,4961.300000,4980.000000,4961.300000,4980.000000,283
2020-10-13T10:30:00+05:30,4976.500000,4980.000000,4960.000000,4960.000000,329
2020-10-13T10:45:00+05:30,4960.000000,4978.900000,4960.000000,4971.900000,334
2020-10-13T11:00:00+05:30,4974.450000,4980.950000,4965.000000,4980.950000,469
2020-10-13T11:15:00+05:30,4980.950000,4981.000000,4970.000000,4974.000000,160
2020-10-13T11:30:00+05:30,4974.000000,4974.000000,4960.150000,4964.000000,193
2020-10-13T11:45:00+05:30,4964.000000,4969.000000,4960.100000,4964.000000,204
2020-10-13T12:00:00+05:30,4964.000000,4964.000000,4957.900000,4963.000000,320
2020-10-13T12:15:00+05:30,4963.000000,4990.050000,4962.100000,4980.000000,490
2020-10-13T12:30:00+05:30,4980.000000,4999.600000,4980.000000,4985.000000,577
2020-10-13T12:45:00+05:30,4985.000000,4986.000000,4980.000000,4984.750000,322
2020-10-13T13:00:00+05:30,4984.750000,4989.000000,4980.000000,4983.050000,675
2020-10-13T13:15:00+05:30,4983.050000,4986.500000,4980.000000,4980.000000,576
2020-10-13T13:30:00+05:30,4980.000000,4987.100000,4980.000000,4987.100000,218
2020-10-13T13:45:00+05:30,4987.100000,4987.100000,4980.000000,4980.000000,385
2020-10-13T14:00:00+05:30,4980.000000,4987.000000,4980.000000,4981.000000,275
2020-10-13T14:15:00+05:30,4981.000000,4984.000000,4980.000000,4980.000000,269
2020-10-13T14:30:00+05:30,4980.000000,4984.000000,4980.000000,4980.050000,265
2020-10-13T14:45:00+05:30,4980.050000,4990.000000,4980.000000,4990.000000,346
2020-10-13T15:00:00+05:30,4990.000000,5008.000000,4967.600000,4982.800000,5802
2020-10-13T15:15:00+05:30,4982.800000,5010.000000,4971.050000,5000.050000,4283
2020-10-14T09:15:00+05:30,5010.000000,5010.000000,4959.000000,4980.200000,828
2020-10-14T09:30:00+05:30,4980.200000,4980.200000,4960.200000,4971.000000,529
2020-10-14T09:45:00+05:30,4971.000000,4973.600000,4961.050000,4965.000000,289
2020-10-14T10:00:00+05:30,4965.000000,4968.800000,4960.100000,4968.300000,164
2020-10-14T10:15:00+05:30,4968.300000,4973.900000,4951.100000,4958.950000,499
2020-10-14T10:30:00+05:30,4958.950000,4963.950000,4956.850000,4958.900000,81
2020-10-14T10:45:00+05:30,4958.900000,4965.150000,4952.100000,4961.550000,301
2020-10-14T11:00:00+05:30,4961.550000,4971.650000,4961.550000,4966.000000,61
2020-10-14T11:15:00+05:30,4966.000000,4973.450000,4966.000000,4973.300000,255
2020-10-14T11:30:00+05:30,4966.600000,4992.300000,4965.050000,4992.300000,815
2020-10-14T11:45:00+05:30,4992.300000,4995.950000,4987.000000,4991.000000,169
2020-10-14T12:00:00+05:30,4991.000000,4995.950000,4987.000000,4990.000000,360
2020-10-14T12:15:00+05:30,4990.000000,4998.950000,4988.300000,4992.600000,316
2020-10-14T12:30:00+05:30,4992.600000,4992.600000,4980.000000,4988.900000,543
2020-10-14T12:45:00+05:30,4988.900000,4996.950000,4985.650000,4989.550000,494
2020-10-14T13:00:00+05:30,4989.550000,4994.200000,4986.000000,4989.250000,157
2020-10-14T13:15:00+05:30,4989.250000,4994.000000,4984.450000,4986.700000,289
2020-10-14T13:30:00+05:30,4986.700000,4993.000000,4981.550000,4991.000000,221
2020-10-14T13:45:00+05:30,4991.000000,4995.000000,4984.550000,4990.650000,405
2020-10-14T14:00:00+05:30,4990.650000,4995.500000,4977.100000,4990.000000,923
2020-10-14T14:15:00+05:30,4990.000000,4994.000000,4989.150000,4993.950000,525
2020-10-14T14:30:00+05:30,4993.950000,4995.350000,4986.450000,4992.050000,345
2020-10-14T14:45:00+05:30,4992.050000,5007.450000,4986.450000,5007.450000,2283
2020-10-14T15:00:00+05:30,5004.150000,5020.000000,5000.000000,5008.900000,12902
2020-10-14T15:15:00+05:30,5008.900000,5010.000000,5000.000000,5006.000000,4856
2020-10-15T09:15:00+05:30,5002.150000,5004.000000,4970.000000,5004.000000,878
2020-10-15T09:30:00+05:30,5004.000000,5010.000000,4996.350000,5002.950000,547
2020-10-15T09:45:00+05:30,5002.950000,5005.200000,4977.050000,4978.100000,1006
2020-10-15T10:00:00+05:30,4978.100000,4994.000000,4978.100000,4985.000000,494
2020-10-15T10:15:00+05:30,4985.000000,4989.000000,4975.000000,4987.000000,851
2020-10-15T10:30:00+05:30,4987.000000,4987.000000,4963.000000,4965.000000,1551
2020-10-15T10:45:00+05:30,4965.000000,4987.000000,4954.000000,4980.550000,5730
2020-10-15T11:00:00+05:30,4980.550000,4994.150000,4980.000000,4983.000000,1683
2020-10-15T11:15:00+05:30,4983.000000,4990.000000,4975.050000,4982.600000,1103
2020-10-15T11:30:00+05:30,4982.600000,4988.500000,4980.000000,4982.450000,411
2020-10-15T11:45:00+05:30,4982.450000,4987.000000,4975.000000,4983.950000,1076
2020-10-15T12:00:00+05:30,4983.950000,4986.950000,4980.000000,4986.950000,374
2020-10-15T12:15:00+05:30,4986.950000,4987.000000,4980.000000,4987.000000,305
2020-10-15T12:30:00+05:30,4987.000000,4987.100000,4980.000000,4986.100000,275
2020-10-15T12:45:00+05:30,4986.100000,4989.200000,4981.000000,4986.950000,304
2020-10-15T13:00:00+05:30,4986.950000,4987.550000,4970.050000,4973.400000,1414
2020-10-15T13:15:00+05:30,4973.400000,5003.950000,4967.050000,4997.500000,6157
2020-10-15T13:30:00+05:30,4997.500000,5006.200000,4965.000000,4972.850000,3824
2020-10-15T13:45:00+05:30,4966.350000,4972.000000,4952.000000,4960.750000,959
2020-10-15T14:00:00+05:30,4960.750000,4961.400000,4930.000000,4952.400000,1733
2020-10-15T14:15:00+05:30,4952.400000,4972.000000,4951.100000,4972.000000,1451
2020-10-15T14:30:00+05:30,4972.000000,4973.100000,4953.400000,4964.950000,1340
2020-10-15T14:45:00+05:30,4964.950000,4970.650000,4957.700000,4970.400000,805
2020-10-15T15:00:00+05:30,4970.400000,4989.850000,4950.000000,4969.000000,2137
2020-10-15T15:15:00+05:30,4970.000000,4989.800000,4961.000000,4961.000000,2807
2020-10-16T09:15:00+05:30,4960.000000,4975.000000,4941.200000,4954.150000,1067
2020-10-16T09:30:00+05:30,4954.350000,4975.000000,4954.350000,4955.700000,611
2020-10-16T09:45:00+05:30,4955.700000,4957.950000,4945.000000,4953.500000,368
2020-10-16T10:00:00+05:30,4955.000000,4958.000000,4940.000000,4950.900000,492
2020-10-16T10:15:00+05:30,4950.900000,4964.500000,4950.900000,4953.200000,373
2020-10-16T10:30:00+05:30,4953.200000,4953.200000,4936.850000,4946.950000,449
2020-10-16T10:45:00+05:30,4946.950000,4956.450000,4935.300000,4943.050000,456
2020-10-16T11:00:00+05:30,4943.600000,4943.600000,4925.100000,4933.000000,1074
2020-10-16T11:15:00+05:30,4933.000000,4934.950000,4910.000000,4930.100000,1457
2020-10-16T11:30:00+05:30,4930.100000,4935.000000,4924.000000,4928.000000,336
2020-10-16T11:45:00+05:30,4928.000000,4935.000000,4920.000000,4928.400000,541
2020-10-16T12:00:00+05:30,4928.400000,4934.900000,4928.400000,4929.850000,106
2020-10-16T12:15:00+05:30,4929.850000,4932.250000,4919.000000,4925.350000,912
2020-10-16T12:30:00+05:30,4925.350000,4955.950000,4925.350000,4950.000000,670
2020-10-16T12:45:00+05:30,4950.000000,4956.000000,4940.050000,4944.000000,392
2020-10-16T13:00:00+05:30,4944.000000,4949.000000,4936.900000,4949.000000,339
2020-10-16T13:15:00+05:30,4949.000000,4951.000000,4942.000000,4949.800000,168
2020-10-16T13:30:00+05:30,4949.800000,4949.800000,4941.500000,4943.350000,74
2020-10-16T13:45:00+05:30,4943.350000,4947.000000,4940.950000,4947.000000,71
2020-10-16T14:00:00+05:30,4947.000000,4955.650000,4940.000000,4949.000000,450
2020-10-16T14:15:00+05:30,4949.000000,4963.000000,4947.650000,4959.950000,509
2020-10-16T14:30:00+05:30,4959.950000,4964.950000,4950.200000,4952.550000,557
2020-10-16T14:45:00+05:30,4952.500000,4969.000000,4952.500000,4960.000000,640
2020-10-16T15:00:00+05:30,4960.000000,4980.250000,4956.000000,4977.000000,3181
2020-10-16T15:15:00+05:30,4977.000000,4984.000000,4956.200000,4975.000000,1860
2020-10-19T09:15:00+05:30,5001.000000,5049.000000,4976.100000,4997.850000,4092
2020-10-19T09:30:00+05:30,4997.850000,5020.000000,4997.850000,5000.000000,1581
2020-10-19T09:45:00+05:30,5000.000000,5000.550000,4988.450000,4997.650000,544
2020-10-19T10:00:00+05:30,4997.500000,5002.000000,4992.800000,4992.800000,300
2020-10-19T10:15:00+05:30,4992.800000,5001.000000,4991.350000,4992.150000,624
2020-10-19T10:30:00+05:30,4992.150000,4996.600000,4990.000000,4994.250000,215
2020-10-19T10:45:00+05:30,4994.250000,5005.000000,4990.050000,5001.550000,2175
2020-10-19T11:00:00+05:30,5001.550000,5009.950000,5000.000000,5000.000000,874
2020-10-19T11:15:00+05:30,5000.000000,5008.500000,5000.000000,5002.550000,519
2020-10-19T11:30:00+05:30,5002.550000,5007.800000,5000.000000,5002.000000,556
2020-10-19T11:45:00+05:30,5002.000000,5006.850000,5000.000000,5004.050000,384
2020-10-19T12:00:00+05:30,5004.050000,5020.000000,5002.000000,5015.050000,782
2020-10-19T12:15:00+05:30,5015.050000,5028.250000,5005.000000,5009.400000,9205
2020-10-19T12:30:00+05:30,5009.400000,5039.050000,5005.100000,5031.500000,6555
2020-10-19T12:45:00+05:30,5031.500000,5033.950000,5020.000000,5024.000000,796
2020-10-19T13:00:00+05:30,5024.000000,5030.000000,5007.050000,5012.500000,1301
2020-10-19T13:15:00+05:30,5012.500000,5033.950000,5012.050000,5032.450000,2868
2020-10-19T13:30:00+05:30,5032.450000,5035.000000,5027.550000,5030.000000,1846
2020-10-19T13:45:00+05:30,5030.000000,5035.000000,5025.050000,5031.050000,1663
2020-10-19T14:00:00+05:30,5031.050000,5035.000000,5030.000000,5030.000000,1234
2020-10-19T14:15:00+05:30,5030.000000,5032.000000,5006.050000,5013.100000,1775
2020-10-19T14:30:00+05:30,5013.100000,5021.600000,5007.300000,5015.700000,182
2020-10-19T14:45:00+05:30,5015.700000,5015.700000,4995.000000,5000.000000,1733
2020-10-19T15:00:00+05:30,5000.000000,5010.000000,4994.350000,4994.350000,2235
2020-10-19T15:15:00+05:30,4994.350000,5000.000000,4979.000000,4985.000000,2433
2020-10-20T09:15:00+05:30,4996.150000,5020.000000,4989.950000,4996.600000,694
2020-10-20T09:30:00+05:30,4996.600000,5004.200000,4977.350000,4985.650000,793
2020-10-20T09:45:00+05:30,4987.250000,4999.000000,4979.000000,4988.100000,440
2020-10-20T10:00:00+05:30,4988.100000,4992.000000,4981.250000,4981.250000,180
2020-10-20T10:15:00+05:30,4988.950000,5020.000000,4975.500000,4976.100000,14588
2020-10-20T10:30:00+05:30,4978.550000,5015.500000,4960.000000,4994.000000,8009
2020-10-20T10:45:00+05:30,4994.000000,5004.750000,4993.250000,4999.150000,761
2020-10-20T11:00:00+05:30,4999.150000,5005.750000,4992.100000,5001.250000,7167
2020-10-20T11:15:00+05:30,5001.250000,5006.000000,5000.000000,5000.000000,300
2020-10-20T11:30:00+05:30,5000.000000,5003.900000,5000.000000,5002.100000,1051
2020-10-20T11:45:00+05:30,5002.100000,5004.800000,5000.000000,5000.000000,601
2020-10-20T12:00:00+05:30,5000.000000,5007.000000,5000.000000,5000.000000,333
2020-10-20T12:15:00+05:30,5000.000000,5004.950000,5000.000000,5000.350000,639
2020-10-20T12:30:00+05:30,5000.350000,5005.000000,5000.000000,5000.000000,1702
2020-10-20T12:45:00+05:30,5000.000000,5001.850000,4991.600000,4996.300000,2497
2020-10-20T13:00:00+05:30,4996.300000,5005.000000,4981.000000,5000.000000,3591
2020-10-20T13:15:00+05:30,5000.000000,5002.200000,4997.150000,5000.000000,1573
2020-10-20T13:30:00+05:30,5000.000000,5003.950000,5000.000000,5000.000000,130
2020-10-20T13:45:00+05:30,5000.000000,5002.500000,4992.800000,5000.000000,912
2020-10-20T14:00:00+05:30,5000.000000,5008.000000,4996.450000,5000.000000,477
2020-10-20T14:15:00+05:30,5000.000000,5006.000000,5000.000000,5000.000000,379
2020-10-20T14:30:00+05:30,5000.000000,5006.000000,4999.350000,5001.600000,921
2020-10-20T14:45:00+05:30,5001.600000,5006.000000,4999.050000,4999.700000,599
2020-10-20T15:00:00+05:30,4999.700000,5005.000000,4999.700000,5001.150000,1608
2020-10-20T15:15:00+05:30,5001.150000,5005.000000,4995.250000,5002.750000,3834
2020-10-21T09:15:00+05:30,5025.000000,5025.000000,4980.150000,5000.000000,1179
2020-10-21T09:30:00+05:30,5000.000000,5004.050000,4992.750000,4997.600000,446
2020-10-21T09:45:00+05:30,4997.600000,5008.000000,4988.950000,4997.000000,276
2020-10-21T10:00:00+05:30,4997.000000,4997.000000,4988.000000,4988.000000,166
2020-10-21T10:15:00+05:30,4988.000000,4996.850000,4987.050000,4993.000000,162
2020-10-21T10:30:00+05:30,4993.000000,4994.550000,4989.000000,4990.000000,162
2020-10-21T10:45:00+05:30,4989.000000,4990.000000,4985.050000,4986.000000,107
2020-10-21T11:00:00+05:30,4986.000000,4989.900000,4985.050000,4985.600000,253
2020-10-21T11:15:00+05:30,4985.600000,4987.850000,4980.000000,4983.800000,252
2020-10-21T11:30:00+05:30,4983.800000,4990.000000,4982.850000,4983.550000,103
2020-10-21T11:45:00+05:30,4983.550000,5005.000000,4983.550000,5000.000000,845
2020-10-21T12:00:00+05:30,5000.000000,5007.700000,4998.600000,5000.900000,295
2020-10-21T12:15:00+05:30,5000.900000,5006.850000,5000.000000,5006.000000,4899
2020-10-21T12:30:00+05:30,5006.000000,5017.600000,5003.050000,5010.850000,4334
2020-10-21T12:45:00+05:30,5010.850000,5014.750000,5010.000000,5014.750000,493
2020-10-21T13:00:00+05:30,5014.750000,5015.000000,5010.000000,5013.500000,322
2020-10-21T13:15:00+05:30,5013.500000,5013.500000,5010.000000,5012.000000,1123
2020-10-21T13:30:00+05:30,5012.000000,5020.000000,5006.850000,5010.350000,8104
2020-10-21T13:45:00+05:30,5010.350000,5048.950000,5010.000000,5030.000000,4507
2020-10-21T14:00:00+05:30,5030.000000,5030.000000,5016.150000,5028.000000,1936
2020-10-21T14:15:00+05:30,5028.000000,5030.000000,5006.000000,5006.050000,2295
2020-10-21T14:30:00+05:30,5006.050000,5017.300000,4996.650000,4996.650000,1127
2020-10-21T14:45:00+05:30,4996.650000,5009.350000,4991.150000,5007.000000,542
2020-10-21T15:00:00+05:30,5007.000000,5023.400000,5006.000000,5012.700000,1029
2020-10-21T15:15:00+05:30,5012.700000,5018.350000,4996.100000,4996.100000,1086
2020-10-22T09:15:00+05:30,5019.000000,5019.000000,4981.000000,4995.800000,710
2020-10-22T09:30:00+05:30,4995.800000,5012.000000,4987.600000,4988.900000,695
2020-10-22T09:45:00+05:30,4988.900000,4996.800000,4985.400000,4996.800000,310
2020-10-22T10:00:00+05:30,4996.800000,4997.950000,4986.250000,4986.300000,257
2020-10-22T10:15:00+05:30,4986.300000,4994.800000,4982.250000,4988.350000,286
2020-10-22T10:30:00+05:30,4988.350000,4988.350000,4971.550000,4975.500000,515
2020-10-22T10:45:00+05:30,4975.500000,5000.000000,4975.000000,4996.500000,881
2020-10-22T11:00:00+05:30,4996.500000,5004.950000,4995.000000,5004.950000,359
2020-10-22T11:15:00+05:30,5004.950000,5004.950000,4996.500000,5004.100000,570
2020-10-22T11:30:00+05:30,5004.100000,5004.100000,4997.000000,5004.000000,120
2020-10-22T11:45:00+05:30,5004.000000,5004.200000,4996.100000,5004.200000,306
2020-10-22T12:00:00+05:30,5004.200000,5004.200000,4998.000000,4998.000000,255
2020-10-22T12:15:00+05:30,4998.000000,5003.000000,4996.300000,4998.300000,694
2020-10-22T12:30:00+05:30,4998.300000,5001.650000,4997.750000,4999.000000,1199
2020-10-22T12:45:00+05:30,4999.000000,5003.850000,4999.000000,5000.100000,183
2020-10-22T13:00:00+05:30,5000.100000,5010.050000,4999.450000,5010.050000,1101
2020-10-22T13:15:00+05:30,5010.050000,5070.000000,5007.400000,5054.950000,5449
2020-10-22T13:30:00+05:30,5054.950000,5057.850000,5045.200000,5051.500000,3282
2020-10-22T13:45:00+05:30,5051.500000,5070.000000,5050.000000,5061.600000,1141
2020-10-22T14:00:00+05:30,5061.600000,5069.950000,5058.850000,5060.500000,1314
2020-10-22T14:15:00+05:30,5060.500000,5065.000000,5053.900000,5060.000000,2374
2020-10-22T14:30:00+05:30,5060.000000,5064.000000,5055.100000,5060.000000,1789
2020-10-22T14:45:00+05:30,5060.000000,5064.500000,5056.950000,5060.000000,1228
2020-10-22T15:00:00+05:30,5060.000000,5078.300000,5057.000000,5060.200000,3746
2020-10-22T15:15:00+05:30,5060.200000,5070.000000,5054.100000,5058.950000,3311
2020-10-23T09:15:00+05:30,5150.000000,5178.950000,5130.000000,5130.150000,11266
2020-10-23T09:30:00+05:30,5130.150000,5138.000000,5115.500000,5121.550000,3578
2020-10-23T09:45:00+05:30,5121.550000,5148.950000,5112.000000,5125.350000,3549
2020-10-23T10:00:00+05:30,5128.700000,5130.950000,5120.050000,5130.000000,754
2020-10-23T10:15:00+05:30,5130.000000,5134.950000,5088.800000,5100.000000,1994
2020-10-23T10:30:00+05:30,5100.000000,5117.850000,5092.300000,5109.200000,2221
2020-10-23T10:45:00+05:30,5109.200000,5118.000000,5107.350000,5114.000000,742
2020-10-23T11:00:00+05:30,5114.000000,5118.000000,5111.250000,5115.000000,228
2020-10-23T11:15:00+05:30,5115.000000,5117.800000,5108.050000,5116.950000,769
2020-10-23T11:30:00+05:30,5116.950000,5117.800000,5110.000000,5112.150000,754
2020-10-23T11:45:00+05:30,5112.150000,5117.150000,5105.500000,5110.000000,631
2020-10-23T12:00:00+05:30,5110.000000,5117.850000,5105.250000,5113.000000,697
2020-10-23T12:15:00+05:30,5113.000000,5129.000000,5113.000000,5117.200000,1074
2020-10-23T12:30:00+05:30,5117.200000,5120.000000,5110.050000,5112.000000,283
2020-10-23T12:45:00+05:30,5114.500000,5120.000000,5110.050000,5114.000000,1101
2020-10-23T13:00:00+05:30,5114.000000,5120.000000,5111.950000,5115.150000,410
2020-10-23T13:15:00+05:30,5115.150000,5124.000000,5113.100000,5122.000000,735
2020-10-23T13:30:00+05:30,5122.000000,5129.900000,5115.000000,5115.000000,1317
2020-10-23T13:45:00+05:30,5115.000000,5121.200000,5112.000000,5116.200000,372
2020-10-23T14:00:00+05:30,5116.200000,5116.200000,5101.050000,5105.750000,823
2020-10-23T14:15:00+05:30,5105.750000,5109.950000,5085.000000,5094.950000,741
2020-10-23T14:30:00+05:30,5094.950000,5107.500000,5075.550000,5100.000000,1396
2020-10-23T14:45:00+05:30,5100.000000,5122.700000,5098.550000,5120.000000,933
2020-10-23T15:00:00+05:30,5120.000000,5139.000000,5110.000000,5120.000000,3416
2020-10-23T15:15:00+05:30,5120.000000,5127.000000,5101.000000,5110.100000,3177
2020-10-26T09:15:00+05:30,5151.000000,5200.000000,5140.000000,5198.700000,6995
2020-10-26T09:30:00+05:30,5200.000000,5229.000000,5178.200000,5219.000000,8900
2020-10-26T09:45:00+05:30,5218.950000,5224.000000,5182.100000,5199.300000,4499
2020-10-26T10:00:00+05:30,5199.300000,5202.900000,5191.100000,5200.000000,3190
2020-10-26T10:15:00+05:30,5200.000000,5200.000000,5186.350000,5197.550000,1959
2020-10-26T10:30:00+05:30,5197.550000,5202.000000,5192.150000,5199.000000,2817
2020-10-26T10:45:00+05:30,5199.000000,5207.000000,5193.000000,5200.000000,2658
2020-10-26T11:00:00+05:30,5200.000000,5202.100000,5195.000000,5196.000000,1036
2020-10-26T11:15:00+05:30,5196.000000,5196.000000,5155.000000,5159.500000,3240
2020-10-26T11:30:00+05:30,5159.500000,5169.850000,5145.000000,5163.600000,1415
2020-10-26T11:45:00+05:30,5163.600000,5190.000000,5161.700000,5168.950000,856
2020-10-26T12:00:00+05:30,5168.950000,5176.900000,5166.800000,5172.200000,450
2020-10-26T12:15:00+05:30,5172.200000,5172.200000,5160.050000,5169.000000,717
2020-10-26T12:30:00+05:30,5169.000000,5169.000000,5151.300000,5157.350000,1145
2020-10-26T12:45:00+05:30,5157.350000,5178.600000,5157.350000,5178.200000,1027
2020-10-26T13:00:00+05:30,5178.200000,5178.200000,5158.000000,5173.750000,1021
2020-10-26T13:15:00+05:30,5173.750000,5178.000000,5166.750000,5168.300000,866
2020-10-26T13:30:00+05:30,5168.300000,5182.550000,5165.000000,5174.550000,1237
2020-10-26T13:45:00+05:30,5174.550000,5200.000000,5161.150000,5190.000000,3382
2020-10-26T14:00:00+05:30,5190.000000,5198.900000,5173.950000,5189.000000,1503
2020-10-26T14:15:00+05:30,5189.000000,5199.800000,5184.300000,5194.000000,2361
2020-10-26T14:30:00+05:30,5194.000000,5198.450000,5175.450000,5190.000000,1419
2020-10-26T14:45:00+05:30,5190.000000,5198.700000,5190.000000,5195.850000,1472
2020-10-26T15:00:00+05:30,5195.850000,5200.000000,5181.000000,5189.650000,4738
2020-10-26T15:15:00+05:30,5192.000000,5195.650000,5178.150000,5195.000000,3877
2020-10-27T09:15:00+05:30,5220.000000,5269.000000,5125.000000,5125.000000,14251
2020-10-27T09:30:00+05:30,5125.000000,5208.450000,5110.000000,5188.000000,4086
2020-10-27T09:45:00+05:30,5188.000000,5200.000000,5188.000000,5198.800000,2980
2020-10-27T10:00:00+05:30,5198.800000,5199.850000,5191.500000,5192.000000,818
2020-10-27T10:15:00+05:30,5192.000000,5198.550000,5169.200000,5192.950000,1379
2020-10-27T10:30:00+05:30,5192.950000,5192.950000,5181.300000,5183.000000,338
2020-10-27T10:45:00+05:30,5183.000000,5190.000000,5181.000000,5186.250000,438
2020-10-27T11:00:00+05:30,5186.250000,5192.800000,5181.500000,5191.950000,639
2020-10-27T11:15:00+05:30,5191.950000,5192.000000,5183.000000,5187.000000,358
2020-10-27T11:30:00+05:30,5187.000000,5191.950000,5172.400000,5175.750000,1309
2020-10-27T11:45:00+05:30,5175.750000,5188.000000,5171.000000,5177.600000,916
2020-10-27T12:00:00+05:30,5177.650000,5187.500000,5172.000000,5180.700000,360
2020-10-27T12:15:00+05:30,5180.700000,5185.000000,5175.000000,5176.200000,685
2020-10-27T12:30:00+05:30,5176.200000,5188.000000,5171.000000,5180.550000,605
2020-10-27T12:45:00+05:30,5180.550000,5192.000000,5180.550000,5190.000000,790
2020-10-27T13:00:00+05:30,5190.000000,5190.600000,5171.000000,5179.150000,1022
2020-10-27T13:15:00+05:30,5179.150000,5189.000000,5179.150000,5184.050000,175
2020-10-27T13:30:00+05:30,5184.050000,5187.950000,5170.000000,5173.400000,827
2020-10-27T13:45:00+05:30,5173.400000,5179.950000,5165.100000,5166.000000,781
2020-10-27T14:00:00+05:30,5166.000000,5190.000000,5165.150000,5186.500000,780
2020-10-27T14:15:00+05:30,5186.500000,5192.000000,5170.250000,5170.500000,1123
2020-10-27T14:30:00+05:30,5170.500000,5178.550000,5160.000000,5167.950000,1112
2020-10-27T14:45:00+05:30,5167.950000,5170.000000,5152.000000,5160.000000,1140
2020-10-27T15:00:00+05:30,5160.000000,5168.300000,5128.850000,5130.000000,6101
2020-10-27T15:15:00+05:30,5130.000000,5140.000000,5115.000000,5140.000000,5393
2020-10-28T09:15:00+05:30,5124.600000,5137.150000,5075.000000,5099.800000,2953
2020-10-28T09:30:00+05:30,5099.600000,5113.700000,5077.100000,5087.650000,2582
2020-10-28T09:45:00+05:30,5087.650000,5091.800000,5060.000000,5060.000000,2201
2020-10-28T10:00:00+05:30,5063.550000,5070.000000,4990.600000,5048.400000,7363
2020-10-28T10:15:00+05:30,5048.400000,5069.000000,5033.000000,5062.400000,1720
2020-10-28T10:30:00+05:30,5062.400000,5075.000000,5037.700000,5045.000000,1323
2020-10-28T10:45:00+05:30,5045.000000,5068.800000,5040.250000,5041.000000,757
2020-10-28T11:00:00+05:30,5047.950000,5055.600000,5041.000000,5054.000000,293
2020-10-28T11:15:00+05:30,5054.000000,5066.250000,5046.850000,5056.900000,622
2020-10-28T11:30:00+05:30,5056.900000,5074.850000,5049.050000,5074.850000,1148
2020-10-28T11:45:00+05:30,5074.850000,5076.900000,5065.050000,5072.300000,455
2020-10-28T12:00:00+05:30,5072.300000,5072.300000,5063.000000,5063.000000,74
2020-10-28T12:15:00+05:30,5063.000000,5065.900000,5058.950000,5060.000000,1837
2020-10-28T12:30:00+05:30,5060.000000,5078.000000,5052.650000,5060.000000,898
2020-10-28T12:45:00+05:30,5060.000000,5085.450000,5060.000000,5080.000000,1279
2020-10-28T13:00:00+05:30,5080.000000,5092.500000,5076.000000,5091.650000,1168
2020-10-28T13:15:00+05:30,5091.650000,5092.450000,5080.000000,5084.750000,442
2020-10-28T13:30:00+05:30,5084.700000,5089.550000,5080.000000,5082.000000,575
2020-10-28T13:45:00+05:30,5082.000000,5084.400000,5080.000000,5080.000000,434
2020-10-28T14:00:00+05:30,5080.000000,5083.300000,5080.000000,5081.000000,625
2020-10-28T14:15:00+05:30,5081.000000,5082.600000,5080.000000,5081.000000,699
2020-10-28T14:30:00+05:30,5081.000000,5083.900000,5079.300000,5080.000000,1571
2020-10-28T14:45:00+05:30,5080.000000,5087.300000,5080.000000,5084.050000,685
2020-10-28T15:00:00+05:30,5084.050000,5099.000000,5081.000000,5087.900000,1377
2020-10-28T15:15:00+05:30,5087.900000,5099.000000,5080.000000,5099.000000,3025
2020-10-29T09:15:00+05:30,5040.000000,5040.000000,4956.950000,4998.350000,4318
2020-10-29T09:30:00+05:30,4998.350000,5029.000000,4993.700000,5029.000000,2289
2020-10-29T09:45:00+05:30,5029.000000,5037.450000,5001.800000,5006.550000,1890
2020-10-29T10:00:00+05:30,5006.550000,5025.050000,5003.050000,5013.600000,758
2020-10-29T10:15:00+05:30,5013.600000,5017.000000,5005.300000,5014.500000,671
2020-10-29T10:30:00+05:30,5014.500000,5017.000000,5004.400000,5006.600000,671
2020-10-29T10:45:00+05:30,5006.600000,5012.400000,4985.300000,4987.000000,1314
2020-10-29T11:00:00+05:30,4987.000000,5001.900000,4970.650000,4998.000000,1121
2020-10-29T11:15:00+05:30,4998.000000,5000.000000,4993.050000,4999.950000,683
2020-10-29T11:30:00+05:30,4999.950000,5000.000000,4991.200000,5000.000000,523
2020-10-29T11:45:00+05:30,5000.000000,5017.000000,4991.200000,5009.000000,924
2020-10-29T12:00:00+05:30,5009.000000,5020.000000,5009.000000,5020.000000,723
2020-10-29T12:15:00+05:30,5020.000000,5046.850000,5016.950000,5040.000000,1405
2020-10-29T12:30:00+05:30,5040.000000,5040.000000,5020.000000,5021.000000,307
2020-10-29T12:45:00+05:30,5021.000000,5038.500000,5019.900000,5028.400000,458
2020-10-29T13:00:00+05:30,5032.000000,5035.000000,5021.000000,5026.800000,146
2020-10-29T13:15:00+05:30,5026.800000,5029.650000,5020.000000,5028.950000,119
2020-10-29T13:30:00+05:30,5028.950000,5032.400000,5022.700000,5032.400000,196
2020-10-29T13:45:00+05:30,5032.400000,5032.400000,5025.100000,5025.350000,231
2020-10-29T14:00:00+05:30,5025.350000,5034.800000,5025.100000,5031.750000,455
2020-10-29T14:15:00+05:30,5031.750000,5036.850000,5025.200000,5030.000000,452
2020-10-29T14:30:00+05:30,5030.000000,5038.000000,5030.000000,5035.500000,549
2020-10-29T14:45:00+05:30,5035.500000,5036.000000,5024.000000,5035.000000,1389
2020-10-29T15:00:00+05:30,5035.000000,5038.900000,5027.000000,5030.000000,998
2020-10-29T15:15:00+05:30,5030.000000,5050.000000,5030.000000,5046.250000,1972
2020-10-30T09:15:00+05:30,5019.000000,5080.000000,5015.000000,5034.000000,1575
2020-10-30T09:30:00+05:30,5034.000000,5060.000000,5034.000000,5042.850000,567
2020-10-30T09:45:00+05:30,5042.850000,5054.350000,5030.050000,5051.800000,834
2020-10-30T10:00:00+05:30,5051.800000,5064.900000,5045.000000,5059.500000,395
2020-10-30T10:15:00+05:30,5059.500000,5059.500000,5050.050000,5056.000000,194
2020-10-30T10:30:00+05:30,5056.000000,5058.550000,5045.400000,5049.900000,246
2020-10-30T10:45:00+05:30,5049.900000,5049.900000,5029.400000,5030.000000,638
2020-10-30T11:00:00+05:30,5030.000000,5035.200000,5017.500000,5017.500000,304
2020-10-30T11:15:00+05:30,5017.500000,5032.600000,5011.000000,5011.000000,327
2020-10-30T11:30:00+05:30,5011.000000,5019.450000,5001.100000,5005.000000,642
2020-10-30T11:45:00+05:30,5005.000000,5009.350000,4993.000000,5000.000000,697
2020-10-30T12:00:00+05:30,5000.000000,5005.950000,4993.000000,4993.000000,319
2020-10-30T12:15:00+05:30,4993.000000,5004.000000,4985.650000,4991.600000,489
2020-10-30T12:30:00+05:30,4991.450000,4995.250000,4988.650000,4990.500000,265
2020-10-30T12:45:00+05:30,4990.500000,4991.000000,4976.850000,4988.950000,503
2020-10-30T13:00:00+05:30,4988.950000,4990.000000,4985.050000,4989.050000,187
2020-10-30T13:15:00+05:30,4989.050000,4990.000000,4981.700000,4982.700000,1522
2020-10-30T13:30:00+05:30,4982.700000,4990.000000,4981.150000,4981.150000,464
2020-10-30T13:45:00+05:30,4981.150000,4990.000000,4981.150000,4987.850000,191
2020-10-30T14:00:00+05:30,4987.850000,4991.950000,4987.850000,4987.850000,750
2020-10-30T14:15:00+05:30,4987.850000,4989.950000,4986.150000,4989.000000,165
2020-10-30T14:30:00+05:30,4989.000000,4992.000000,4986.000000,4992.000000,335
2020-10-30T14:45:00+05:30,4992.000000,4992.000000,4990.000000,4990.000000,501
2020-10-30T15:00:00+05:30,4990.000000,4998.000000,4980.000000,4985.000000,1261
2020-10-30T15:15:00+05:30,4980.200000,4990.000000,4975.000000,4990.000000,1728
2020-11-02T09:15:00+05:30,5039.900000,5056.900000,4992.600000,5007.600000,2449
2020-11-02T09:30:00+05:30,5007.600000,5014.000000,4992.000000,5001.550000,1001
2020-11-02T09:45:00+05:30,5004.800000,5012.200000,4977.000000,4980.000000,917
2020-11-02T10:00:00+05:30,4976.200000,4985.000000,4962.600000,4971.850000,588
2020-11-02T10:15:00+05:30,4971.850000,4980.250000,4954.000000,4958.850000,1060
2020-11-02T10:30:00+05:30,4958.850000,4999.450000,4958.850000,4976.200000,679
2020-11-02T10:45:00+05:30,4976.200000,5037.000000,4970.000000,4988.200000,1294
2020-11-02T11:00:00+05:30,4988.200000,4988.200000,4970.000000,4970.000000,321
2020-11-02T11:15:00+05:30,4973.800000,4990.000000,4967.250000,4975.200000,165
2020-11-02T11:30:00+05:30,4977.750000,4990.000000,4970.500000,4974.350000,312
2020-11-02T11:45:00+05:30,4974.350000,4982.000000,4970.300000,4974.500000,102
2020-11-02T12:00:00+05:30,4972.000000,4975.700000,4965.000000,4971.550000,222
2020-11-02T12:15:00+05:30,4971.550000,4971.550000,4954.000000,4955.000000,313
2020-11-02T12:30:00+05:30,4955.000000,4971.050000,4955.000000,4970.500000,480
2020-11-02T12:45:00+05:30,4970.500000,4978.000000,4964.950000,4973.000000,748
2020-11-02T13:00:00+05:30,4973.000000,4977.650000,4970.000000,4972.000000,328
2020-11-02T13:15:00+05:30,4972.600000,4976.950000,4966.000000,4974.450000,1016
2020-11-02T13:30:00+05:30,4974.450000,4978.500000,4968.100000,4973.000000,218
2020-11-02T13:45:00+05:30,4973.000000,5030.200000,4969.950000,5019.600000,9197
2020-11-02T14:00:00+05:30,5022.950000,5031.600000,4956.000000,5010.500000,12991
2020-11-02T14:15:00+05:30,5010.500000,5013.950000,4978.050000,5004.000000,4857
2020-11-02T14:30:00+05:30,5004.000000,5015.000000,4990.000000,4993.900000,1183
2020-11-02T14:45:00+05:30,4990.950000,4995.550000,4988.000000,4992.100000,1664
2020-11-02T15:00:00+05:30,4992.100000,5000.000000,4990.000000,4999.800000,4346
2020-11-02T15:15:00+05:30,4999.800000,4999.900000,4947.600000,4956.000000,6674
2020-11-03T09:15:00+05:30,4985.000000,4998.950000,4950.000000,4959.350000,2771
2020-11-03T09:30:00+05:30,4959.350000,4961.350000,4936.100000,4942.050000,1703
2020-11-03T09:45:00+05:30,4941.850000,4948.300000,4938.150000,4945.950000,834
2020-11-03T10:00:00+05:30,4945.950000,4950.000000,4938.150000,4947.350000,652
2020-11-03T10:15:00+05:30,4947.350000,4947.350000,4938.000000,4938.000000,340
2020-11-03T10:30:00+05:30,4938.000000,4944.400000,4925.000000,4937.800000,1022
2020-11-03T10:45:00+05:30,4938.400000,4938.400000,4926.000000,4934.950000,493
2020-11-03T11:00:00+05:30,4934.950000,4938.400000,4925.000000,4929.700000,260
2020-11-03T11:15:00+05:30,4929.700000,4930.000000,4905.050000,4926.950000,5206
2020-11-03T11:30:00+05:30,4926.950000,4929.900000,4920.000000,4929.900000,1105
2020-11-03T11:45:00+05:30,4929.900000,4930.000000,4925.000000,4925.100000,834
2020-11-03T12:00:00+05:30,4925.100000,4934.750000,4925.100000,4928.250000,929
2020-11-03T12:15:00+05:30,4928.250000,4933.000000,4925.100000,4928.950000,814
2020-11-03T12:30:00+05:30,4928.950000,4932.500000,4925.250000,4927.450000,513
2020-11-03T12:45:00+05:30,4927.450000,4932.100000,4923.000000,4929.000000,887
2020-11-03T13:00:00+05:30,4929.000000,4929.000000,4923.100000,4924.400000,718
2020-11-03T13:15:00+05:30,4925.800000,4927.500000,4918.050000,4919.000000,1507
2020-11-03T13:30:00+05:30,4919.000000,4920.000000,4911.100000,4911.100000,1107
2020-11-03T13:45:00+05:30,4911.100000,4926.250000,4908.000000,4909.000000,1128
2020-11-03T14:00:00+05:30,4909.000000,4928.000000,4906.050000,4909.000000,1674
2020-11-03T14:15:00+05:30,4909.000000,4909.000000,4900.000000,4908.250000,1508
2020-11-03T14:30:00+05:30,4908.250000,4940.650000,4908.250000,4940.100000,3072
2020-11-03T14:45:00+05:30,4940.000000,4947.250000,4923.200000,4931.350000,1626
2020-11-03T15:00:00+05:30,4931.350000,4933.050000,4914.000000,4914.000000,1965
2020-11-03T15:15:00+05:30,4914.950000,4920.600000,4900.850000,4906.000000,2705
2020-11-04T09:15:00+05:30,4916.000000,4967.400000,4906.050000,4946.000000,713
2020-11-04T09:30:00+05:30,4946.000000,4950.000000,4919.600000,4920.000000,665
2020-11-04T09:45:00+05:30,4924.050000,4943.600000,4924.050000,4939.100000,559
2020-11-04T10:00:00+05:30,4939.100000,4943.950000,4915.500000,4916.500000,592
2020-11-04T10:15:00+05:30,4916.500000,4925.000000,4901.900000,4913.000000,736
2020-11-04T10:30:00+05:30,4913.000000,4920.100000,4908.050000,4911.050000,205
2020-11-04T10:45:00+05:30,4911.050000,4923.800000,4908.400000,4913.650000,388
2020-11-04T11:00:00+05:30,4913.650000,4919.300000,4910.000000,4914.950000,167
2020-11-04T11:15:00+05:30,4914.950000,4922.950000,4903.000000,4909.800000,765
2020-11-04T11:30:00+05:30,4909.800000,4913.900000,4908.000000,4909.800000,361
2020-11-04T11:45:00+05:30,4909.800000,4924.000000,4905.000000,4920.000000,571
2020-11-04T12:00:00+05:30,4920.000000,4927.350000,4918.650000,4923.000000,582
2020-11-04T12:15:00+05:30,4923.000000,4930.000000,4916.550000,4923.700000,1229
2020-11-04T12:30:00+05:30,4923.700000,4925.000000,4918.000000,4918.100000,688
2020-11-04T12:45:00+05:30,4923.800000,4923.800000,4915.000000,4921.900000,1081
2020-11-04T13:00:00+05:30,4921.900000,4934.800000,4915.000000,4932.950000,1119
2020-11-04T13:15:00+05:30,4932.950000,4934.000000,4924.150000,4930.000000,1009
2020-11-04T13:30:00+05:30,4930.000000,4934.950000,4922.850000,4930.000000,988
2020-11-04T13:45:00+05:30,4930.000000,4933.000000,4926.050000,4931.300000,498
2020-11-04T14:00:00+05:30,4931.300000,4931.300000,4911.000000,4923.100000,910
2020-11-04T14:15:00+05:30,4923.150000,4932.800000,4921.300000,4930.600000,1162
2020-11-04T14:30:00+05:30,4930.600000,4933.500000,4927.350000,4930.000000,533
2020-11-04T14:45:00+05:30,4930.000000,4935.800000,4928.400000,4935.800000,734
2020-11-04T15:00:00+05:30,4935.800000,4943.600000,4929.850000,4933.950000,1086
2020-11-04T15:15:00+05:30,4933.950000,4939.200000,4921.050000,4932.000000,1541
2020-11-05T09:15:00+05:30,4940.000000,4988.900000,4940.000000,4961.150000,703
2020-11-05T09:30:00+05:30,4961.150000,4979.400000,4947.050000,4947.050000,445
2020-11-05T09:45:00+05:30,4947.050000,4972.600000,4947.050000,4972.600000,417
2020-11-05T10:00:00+05:30,4962.150000,4974.000000,4959.500000,4965.950000,439
2020-11-05T10:15:00+05:30,4961.000000,4971.150000,4951.500000,4955.850000,372
2020-11-05T10:30:00+05:30,4955.850000,4998.000000,4955.850000,4993.150000,2163
2020-11-05T10:45:00+05:30,4993.150000,4993.150000,4965.750000,4965.750000,392
2020-11-05T11:00:00+05:30,4972.100000,4975.150000,4955.000000,4964.950000,332
2020-11-05T11:15:00+05:30,4964.950000,4964.950000,4950.000000,4954.850000,351
2020-11-05T11:30:00+05:30,4954.850000,4961.050000,4950.000000,4961.050000,124
2020-11-05T11:45:00+05:30,4962.800000,4962.800000,4950.000000,4950.000000,205
2020-11-05T12:00:00+05:30,4950.000000,4957.450000,4948.000000,4956.350000,141
2020-11-05T12:15:00+05:30,4956.350000,4956.500000,4952.050000,4956.400000,33
2020-11-05T12:30:00+05:30,4956.400000,4962.750000,4956.400000,4961.700000,155
2020-11-05T12:45:00+05:30,4961.700000,4962.700000,4946.000000,4952.000000,208
2020-11-05T13:00:00+05:30,4952.000000,4962.750000,4950.000000,4961.000000,170
2020-11-05T13:15:00+05:30,4959.200000,4959.600000,4950.550000,4950.650000,339
2020-11-05T13:30:00+05:30,4950.650000,4956.150000,4940.000000,4945.500000,410
2020-11-05T13:45:00+05:30,4945.500000,4947.750000,4935.000000,4939.300000,350
2020-11-05T14:00:00+05:30,4939.300000,4939.300000,4922.000000,4939.100000,506
2020-11-05T14:15:00+05:30,4939.100000,4949.350000,4935.350000,4941.850000,318
2020-11-05T14:30:00+05:30,4941.850000,4941.850000,4935.000000,4935.150000,210
2020-11-05T14:45:00+05:30,4935.150000,4940.000000,4929.950000,4939.650000,465
2020-11-05T15:00:00+05:30,4939.650000,4940.900000,4927.600000,4929.950000,1505
2020-11-05T15:15:00+05:30,4929.950000,4932.000000,4920.200000,4932.000000,1308
2020-11-06T09:15:00+05:30,4938.400000,4969.000000,4938.400000,4965.900000,606
2020-11-06T09:30:00+05:30,4965.900000,4966.000000,4955.000000,4959.900000,367
2020-11-06T09:45:00+05:30,4959.900000,4960.000000,4942.500000,4957.050000,441
2020-11-06T10:00:00+05:30,4957.050000,4957.050000,4944.800000,4944.800000,162
2020-11-06T10:15:00+05:30,4947.850000,4957.050000,4944.850000,4950.000000,284
2020-11-06T10:30:00+05:30,4947.500000,4956.900000,4945.000000,4951.500000,310
2020-11-06T10:45:00+05:30,4951.500000,4956.950000,4944.800000,4950.600000,203
2020-11-06T11:00:00+05:30,4950.600000,4950.600000,4923.100000,4939.500000,401
2020-11-06T11:15:00+05:30,4939.500000,4939.500000,4920.050000,4923.500000,432
2020-11-06T11:30:00+05:30,4923.500000,4925.900000,4914.850000,4916.050000,647
2020-11-06T11:45:00+05:30,4916.050000,4922.450000,4906.600000,4906.600000,862
2020-11-06T12:00:00+05:30,4906.600000,4922.500000,4906.500000,4919.050000,11561
2020-11-06T12:15:00+05:30,4919.050000,4924.000000,4915.500000,4920.000000,786
2020-11-06T12:30:00+05:30,4920.000000,4925.000000,4918.300000,4920.000000,682
2020-11-06T12:45:00+05:30,4920.000000,4923.500000,4920.000000,4920.000000,695
2020-11-06T13:00:00+05:30,4920.000000,4923.000000,4918.200000,4918.200000,672
2020-11-06T13:15:00+05:30,4918.200000,4918.200000,4912.000000,4915.000000,383
2020-11-06T13:30:00+05:30,4915.000000,4920.500000,4910.000000,4918.550000,589
2020-11-06T13:45:00+05:30,4920.000000,4924.000000,4911.200000,4920.000000,1042
2020-11-06T14:00:00+05:30,4920.000000,4924.950000,4916.400000,4920.000000,944
2020-11-06T14:15:00+05:30,4920.000000,4924.000000,4920.000000,4920.000000,792
2020-11-06T14:30:00+05:30,4920.000000,4923.000000,4920.000000,4920.000000,633
2020-11-06T14:45:00+05:30,4920.000000,4929.950000,4920.000000,4924.400000,541
2020-11-06T15:00:00+05:30,4924.400000,4945.000000,4922.000000,4926.350000,892
2020-11-06T15:15:00+05:30,4926.350000,4937.850000,4925.000000,4934.000000,1387
2020-11-09T09:15:00+05:30,4910.000000,4936.950000,4900.000000,4918.150000,3963
2020-11-09T09:30:00+05:30,4918.150000,4918.150000,4903.550000,4908.550000,1906
2020-11-09T09:45:00+05:30,4908.550000,4913.750000,4895.000000,4900.100000,2576
2020-11-09T10:00:00+05:30,4900.000000,4916.000000,4900.000000,4903.000000,1241
2020-11-09T10:15:00+05:30,4903.000000,4908.350000,4888.000000,4889.050000,1818
2020-11-09T10:30:00+05:30,4889.050000,4897.750000,4887.000000,4892.400000,1082
2020-11-09T10:45:00+05:30,4892.400000,4900.000000,4892.400000,4895.100000,229
2020-11-09T11:00:00+05:30,4895.100000,4904.800000,4888.000000,4888.000000,1934
2020-11-09T11:15:00+05:30,4888.000000,4893.000000,4887.000000,4887.150000,364
2020-11-09T11:30:00+05:30,4887.150000,4910.000000,4887.150000,4900.000000,978
2020-11-09T11:45:00+05:30,4900.000000,4905.250000,4900.000000,4900.000000,288
2020-11-09T12:00:00+05:30,4900.000000,4909.000000,4900.000000,4901.000000,446
2020-11-09T12:15:00+05:30,4901.000000,4906.150000,4900.000000,4901.000000,262
2020-11-09T12:30:00+05:30,4901.000000,4916.950000,4900.600000,4908.000000,446
2020-11-09T12:45:00+05:30,4908.000000,4908.650000,4897.000000,4905.800000,995
2020-11-09T13:00:00+05:30,4904.050000,4906.000000,4901.500000,4906.000000,140
2020-11-09T13:15:00+05:30,4907.100000,4926.200000,4906.000000,4922.000000,1138
2020-11-09T13:30:00+05:30,4922.000000,4924.800000,4920.000000,4921.050000,433
2020-11-09T13:45:00+05:30,4921.050000,4924.300000,4920.000000,4923.400000,134
2020-11-09T14:00:00+05:30,4923.400000,4924.000000,4920.000000,4923.000000,409
2020-11-09T14:15:00+05:30,4923.000000,4926.150000,4920.000000,4926.150000,785
2020-11-09T14:30:00+05:30,4926.150000,4926.950000,4920.000000,4924.650000,446
2020-11-09T14:45:00+05:30,4924.650000,4928.900000,4920.000000,4921.000000,463
2020-11-09T15:00:00+05:30,4924.000000,4932.700000,4903.150000,4926.000000,7186
2020-11-09T15:15:00+05:30,4926.000000,4950.000000,4925.050000,4940.000000,1898
2020-11-10T09:15:00+05:30,5900.000000,5900.000000,5522.950000,5593.000000,305199
2020-11-10T09:30:00+05:30,5594.100000,5600.000000,5280.050000,5288.800000,250302
2020-11-10T09:45:00+05:30,5288.350000,5345.000000,5181.150000,5293.700000,185170
2020-11-10T10:00:00+05:30,5285.600000,5340.000000,5276.700000,5292.300000,62173
2020-11-10T10:15:00+05:30,5292.300000,5298.800000,5215.000000,5239.700000,60611
2020-11-10T10:30:00+05:30,5239.350000,5289.500000,5232.000000,5286.000000,49107
2020-11-10T10:45:00+05:30,5286.000000,5300.000000,5268.400000,5299.000000,39028
2020-11-10T11:00:00+05:30,5299.000000,5305.000000,5263.450000,5274.000000,43519
2020-11-10T11:15:00+05:30,5275.950000,5280.000000,5251.000000,5255.000000,26266
2020-11-10T11:30:00+05:30,5253.250000,5265.000000,5250.000000,5254.000000,26634
2020-11-10T11:45:00+05:30,5253.000000,5257.950000,5168.500000,5192.400000,68123
2020-11-10T12:00:00+05:30,5194.700000,5196.900000,5080.000000,5088.100000,88504
2020-11-10T12:15:00+05:30,5088.500000,5193.600000,5082.000000,5175.000000,71826
2020-11-10T12:30:00+05:30,5174.950000,5229.950000,5168.550000,5223.000000,49959
2020-11-10T12:45:00+05:30,5220.700000,5227.750000,5125.100000,5161.050000,37078
2020-11-10T13:00:00+05:30,5161.100000,5180.000000,5144.000000,5160.000000,14723
2020-11-10T13:15:00+05:30,5160.000000,5178.950000,5154.000000,5165.550000,13261
2020-11-10T13:30:00+05:30,5165.550000,5174.900000,5160.000000,5171.000000,15238
2020-11-10T13:45:00+05:30,5171.000000,5174.900000,5120.000000,5159.450000,24077
2020-11-10T14:00:00+05:30,5159.450000,5159.450000,5120.000000,5127.000000,20275
2020-11-10T14:15:00+05:30,5124.000000,5150.000000,5120.200000,5135.100000,16630
2020-11-10T14:30:00+05:30,5135.100000,5138.000000,5100.100000,5119.450000,22574
2020-11-10T14:45:00+05:30,5117.100000,5129.350000,5086.100000,5118.650000,36517
2020-11-10T15:00:00+05:30,5118.850000,5120.000000,5066.300000,5078.050000,51379
2020-11-10T15:15:00+05:30,5079.300000,5085.000000,5000.000000,5055.000000,94262
2020-11-11T09:15:00+05:30,5119.950000,5235.000000,5101.750000,5193.000000,95168
2020-11-11T09:30:00+05:30,5193.000000,5200.000000,5160.000000,5166.000000,26740
2020-11-11T09:45:00+05:30,5169.950000,5197.900000,5162.000000,5195.550000,16270
2020-11-11T10:00:00+05:30,5191.000000,5194.500000,5180.000000,5184.000000,5500
2020-11-11T10:15:00+05:30,5184.000000,5184.900000,5165.000000,5180.550000,7842
2020-11-11T10:30:00+05:30,5180.550000,5185.000000,5150.000000,5165.000000,9638
2020-11-11T10:45:00+05:30,5165.000000,5168.000000,5132.050000,5160.000000,11387
2020-11-11T11:00:00+05:30,5160.000000,5174.000000,5156.650000,5162.500000,6732
2020-11-11T11:15:00+05:30,5166.900000,5235.000000,5158.600000,5221.000000,26561
2020-11-11T11:30:00+05:30,5225.000000,5225.000000,5178.000000,5180.100000,12401
2020-11-11T11:45:00+05:30,5180.100000,5186.800000,5166.850000,5173.450000,4739
2020-11-11T12:00:00+05:30,5173.450000,5212.000000,5170.000000,5201.950000,11258
2020-11-11T12:15:00+05:30,5201.950000,5210.000000,5181.550000,5189.200000,9650
2020-11-11T12:30:00+05:30,5189.200000,5194.050000,5185.000000,5193.450000,2487
2020-11-11T12:45:00+05:30,5193.500000,5199.650000,5186.050000,5194.000000,2143
2020-11-11T13:00:00+05:30,5194.000000,5197.000000,5190.000000,5190.100000,2114
2020-11-11T13:15:00+05:30,5190.100000,5196.650000,5180.000000,5193.050000,4895
2020-11-11T13:30:00+05:30,5193.250000,5205.950000,5191.000000,5205.000000,6418
2020-11-11T13:45:00+05:30,5205.000000,5231.000000,5196.100000,5209.600000,10398
2020-11-11T14:00:00+05:30,5210.000000,5249.000000,5201.000000,5221.000000,20172
2020-11-11T14:15:00+05:30,5221.000000,5221.000000,5205.950000,5219.000000,6587
2020-11-11T14:30:00+05:30,5219.000000,5219.000000,5182.850000,5185.050000,9830
2020-11-11T14:45:00+05:30,5184.050000,5208.000000,5166.000000,5191.900000,12454
2020-11-11T15:00:00+05:30,5191.900000,5206.000000,5185.000000,5200.000000,11123
2020-11-11T15:15:00+05:30,5199.700000,5215.000000,5195.100000,5205.000000,15562
2020-11-12T09:15:00+05:30,5202.000000,5208.450000,5096.000000,5167.000000,25274
2020-11-12T09:30:00+05:30,5167.000000,5173.750000,5129.000000,5159.000000,13888
2020-11-12T09:45:00+05:30,5159.000000,5170.000000,5141.850000,5156.250000,6114
2020-11-12T10:00:00+05:30,5156.250000,5161.950000,5145.000000,5149.850000,2572
2020-11-12T10:15:00+05:30,5148.000000,5158.200000,5141.450000,5143.500000,3578
2020-11-12T10:30:00+05:30,5143.500000,5152.950000,5143.500000,5145.600000,1420
2020-11-12T10:45:00+05:30,5145.600000,5150.000000,5142.000000,5148.000000,1766
2020-11-12T11:00:00+05:30,5146.000000,5149.500000,5131.000000,5132.000000,2460
2020-11-12T11:15:00+05:30,5132.000000,5138.600000,5107.000000,5109.950000,6270
2020-11-12T11:30:00+05:30,5109.950000,5133.650000,5090.700000,5129.900000,6338
2020-11-12T11:45:00+05:30,5129.900000,5148.000000,5128.000000,5137.450000,3346
2020-11-12T12:00:00+05:30,5137.450000,5138.950000,5126.100000,5126.100000,1018
2020-11-12T12:15:00+05:30,5126.100000,5138.050000,5126.100000,5135.400000,1459
2020-11-12T12:30:00+05:30,5135.400000,5140.050000,5130.000000,5135.000000,2273
2020-11-12T12:45:00+05:30,5137.800000,5140.950000,5127.300000,5136.000000,2161
2020-11-12T13:00:00+05:30,5136.000000,5152.650000,5130.100000,5145.900000,2705
2020-11-12T13:15:00+05:30,5145.900000,5150.000000,5121.000000,5122.000000,2269
2020-11-12T13:30:00+05:30,5122.000000,5154.000000,5122.000000,5135.000000,7023
2020-11-12T13:45:00+05:30,5136.400000,5161.600000,5130.000000,5151.000000,6117
2020-11-12T14:00:00+05:30,5154.450000,5157.550000,5150.000000,5150.000000,1462
2020-11-12T14:15:00+05:30,5150.000000,5157.950000,5147.050000,5150.000000,3522
2020-11-12T14:30:00+05:30,5150.000000,5157.450000,5148.050000,5151.550000,2452
2020-11-12T14:45:00+05:30,5151.550000,5155.500000,5148.500000,5149.800000,2183
2020-11-12T15:00:00+05:30,5149.800000,5158.000000,5131.100000,5152.550000,10917
2020-11-12T15:15:00+05:30,5152.550000,5159.000000,5110.000000,5159.000000,14442
2020-11-13T09:15:00+05:30,5155.000000,5165.050000,5125.250000,5132.100000,7425
2020-11-13T09:30:00+05:30,5136.950000,5138.900000,5110.700000,5117.200000,7374
2020-11-13T09:45:00+05:30,5123.300000,5129.000000,5111.000000,5119.650000,4481
2020-11-13T10:00:00+05:30,5119.650000,5125.600000,5111.000000,5123.000000,1839
2020-11-13T10:15:00+05:30,5123.000000,5129.000000,5115.000000,5126.950000,1788
2020-11-13T10:30:00+05:30,5126.950000,5128.750000,5120.150000,5127.800000,1284
2020-11-13T10:45:00+05:30,5127.800000,5127.800000,5120.000000,5123.900000,1188
2020-11-13T11:00:00+05:30,5123.900000,5125.000000,5121.000000,5121.500000,731
2020-11-13T11:15:00+05:30,5121.500000,5133.600000,5121.500000,5125.250000,1384
2020-11-13T11:30:00+05:30,5125.250000,5129.450000,5121.000000,5126.950000,678
2020-11-13T11:45:00+05:30,5124.500000,5128.450000,5121.000000,5123.950000,716
2020-11-13T12:00:00+05:30,5123.950000,5140.000000,5123.500000,5133.000000,1277
2020-11-13T12:15:00+05:30,5133.000000,5137.000000,5125.550000,5129.950000,1050
2020-11-13T12:30:00+05:30,5129.950000,5129.950000,5115.600000,5124.950000,986
2020-11-13T12:45:00+05:30,5124.950000,5128.450000,5122.000000,5122.650000,781
2020-11-13T13:00:00+05:30,5122.650000,5127.700000,5120.000000,5124.750000,333
2020-11-13T13:15:00+05:30,5124.750000,5124.750000,5120.000000,5122.650000,776
2020-11-13T13:30:00+05:30,5122.650000,5126.000000,5121.050000,5125.000000,407
2020-11-13T13:45:00+05:30,5125.000000,5126.000000,5119.500000,5122.950000,1115
2020-11-13T14:00:00+05:30,5122.950000,5130.000000,5120.050000,5126.000000,1936
2020-11-13T14:15:00+05:30,5126.000000,5129.700000,5121.000000,5126.950000,1028
2020-11-13T14:30:00+05:30,5126.950000,5126.950000,5121.000000,5121.200000,1176
2020-11-13T14:45:00+05:30,5121.200000,5125.000000,5121.000000,5124.000000,1648
2020-11-13T15:00:00+05:30,5124.000000,5131.000000,5120.000000,5124.450000,3417
2020-11-13T15:15:00+05:30,5124.350000,5128.000000,5100.000000,5109.750000,6814
2020-11-14T18:15:00+05:30,5149.000000,5149.100000,5125.000000,5140.000000,5931
2020-11-14T18:30:00+05:30,5140.000000,5142.000000,5135.100000,5139.450000,2869
2020-11-14T18:45:00+05:30,5139.750000,5140.000000,5135.000000,5139.650000,2325
2020-11-14T19:00:00+05:30,5139.900000,5140.000000,5135.000000,5135.000000,3416
2020-11-17T09:15:00+05:30,5137.850000,5147.250000,5012.900000,5044.000000,25057
2020-11-17T09:30:00+05:30,5044.000000,5055.000000,5030.100000,5050.000000,6878
2020-11-17T09:45:00+05:30,5050.000000,5065.000000,5046.500000,5046.550000,4266
2020-11-17T10:00:00+05:30,5046.550000,5056.000000,5045.050000,5050.000000,2254
2020-11-17T10:15:00+05:30,5046.050000,5054.000000,5030.000000,5032.000000,6022
2020-11-17T10:30:00+05:30,5032.000000,5034.350000,5016.450000,5024.800000,5436
2020-11-17T10:45:00+05:30,5024.800000,5029.500000,5020.000000,5020.000000,3293
2020-11-17T11:00:00+05:30,5021.850000,5029.500000,5013.000000,5013.450000,3894
2020-11-17T11:15:00+05:30,5013.450000,5024.700000,5013.450000,5020.000000,4228
2020-11-17T11:30:00+05:30,5020.000000,5020.000000,5012.000000,5012.550000,3917
2020-11-17T11:45:00+05:30,5012.550000,5018.000000,5006.200000,5009.000000,4806
2020-11-17T12:00:00+05:30,5009.000000,5014.500000,5008.050000,5012.000000,2060
2020-11-17T12:15:00+05:30,5012.000000,5012.750000,5006.850000,5009.500000,5322
2020-11-17T12:30:00+05:30,5009.550000,5009.750000,5007.550000,5007.900000,3473
2020-11-17T12:45:00+05:30,5009.000000,5010.000000,5007.050000,5009.550000,5325
2020-11-17T13:00:00+05:30,5009.550000,5009.900000,5000.000000,5000.950000,7677
2020-11-17T13:15:00+05:30,5000.950000,5001.000000,4982.000000,4992.150000,13714
2020-11-17T13:30:00+05:30,4992.150000,4995.000000,4982.000000,4983.250000,4852
2020-11-17T13:45:00+05:30,4983.550000,4987.500000,4966.900000,4967.950000,9329
2020-11-17T14:00:00+05:30,4967.950000,4980.000000,4963.000000,4965.000000,6544
2020-11-17T14:15:00+05:30,4965.000000,5001.000000,4951.000000,4964.900000,31184
2020-11-17T14:30:00+05:30,4964.250000,4970.000000,4957.900000,4961.000000,8788
2020-11-17T14:45:00+05:30,4961.000000,4965.000000,4957.500000,4963.000000,6334
2020-11-17T15:00:00+05:30,4963.000000,4965.000000,4955.050000,4955.050000,9330
2020-11-17T15:15:00+05:30,4958.900000,4959.700000,4932.000000,4949.950000,22603
2020-11-18T09:15:00+05:30,4960.000000,4997.850000,4940.550000,4967.950000,18593
2020-11-18T09:30:00+05:30,4964.500000,4966.150000,4941.050000,4954.000000,6509
2020-11-18T09:45:00+05:30,4954.000000,4956.000000,4940.000000,4945.950000,5322
2020-11-18T10:00:00+05:30,4945.800000,4949.750000,4930.000000,4931.350000,4121
2020-11-18T10:15:00+05:30,4931.350000,4938.400000,4910.000000,4921.500000,6726
2020-11-18T10:30:00+05:30,4920.000000,4935.000000,4914.350000,4921.000000,4115
2020-11-18T10:45:00+05:30,4921.000000,4925.000000,4905.000000,4910.000000,4971
2020-11-18T11:00:00+05:30,4910.000000,4913.150000,4905.050000,4906.950000,8264
2020-11-18T11:15:00+05:30,4905.550000,4916.000000,4905.000000,4910.750000,6064
2020-11-18T11:30:00+05:30,4910.000000,4914.600000,4910.000000,4913.350000,3739
2020-11-18T11:45:00+05:30,4913.350000,4915.200000,4910.000000,4910.050000,4689
2020-11-18T12:00:00+05:30,4910.050000,4914.600000,4910.000000,4910.450000,2972
2020-11-18T12:15:00+05:30,4910.000000,4914.350000,4910.000000,4910.200000,2492
2020-11-18T12:30:00+05:30,4910.200000,4912.900000,4901.050000,4905.500000,6106
2020-11-18T12:45:00+05:30,4905.200000,4909.450000,4900.050000,4907.600000,8740
2020-11-18T13:00:00+05:30,4906.000000,4908.900000,4904.000000,4907.400000,2246
2020-11-18T13:15:00+05:30,4907.400000,4911.550000,4903.100000,4906.400000,5373
2020-11-18T13:30:00+05:30,4906.100000,4910.000000,4905.000000,4909.500000,2320
2020-11-18T13:45:00+05:30,4909.500000,4909.500000,4905.000000,4905.000000,2563
2020-11-18T14:00:00+05:30,4905.000000,4914.100000,4905.000000,4911.000000,2759
2020-11-18T14:15:00+05:30,4911.000000,4912.000000,4908.000000,4908.200000,3211
2020-11-18T14:30:00+05:30,4908.000000,4910.500000,4905.000000,4905.550000,2694
2020-11-18T14:45:00+05:30,4905.500000,4911.000000,4905.000000,4908.650000,3196
2020-11-18T15:00:00+05:30,4908.200000,4912.000000,4905.000000,4906.000000,4965
2020-11-18T15:15:00+05:30,4906.500000,4911.950000,4902.500000,4905.050000,9186
2020-11-19T09:15:00+05:30,5215.000000,5215.000000,5064.900000,5082.700000,164272
2020-11-19T09:30:00+05:30,5084.750000,5110.000000,5080.100000,5105.350000,29586
2020-11-19T09:45:00+05:30,5105.350000,5107.000000,5082.000000,5090.000000,20193
2020-11-19T10:00:00+05:30,5091.500000,5092.750000,5066.400000,5071.000000,18230
2020-11-19T10:15:00+05:30,5071.000000,5088.450000,5053.300000,5076.900000,16548
2020-11-19T10:30:00+05:30,5076.900000,5105.000000,5071.000000,5081.800000,13935
2020-11-19T10:45:00+05:30,5081.800000,5087.250000,5070.000000,5083.000000,7585
2020-11-19T11:00:00+05:30,5083.200000,5099.950000,5082.500000,5096.250000,8798
2020-11-19T11:15:00+05:30,5096.250000,5098.200000,5089.750000,5095.350000,7747
2020-11-19T11:30:00+05:30,5095.600000,5105.000000,5093.000000,5100.850000,8560
2020-11-19T11:45:00+05:30,5100.850000,5105.000000,5093.000000,5096.000000,6055
2020-11-19T12:00:00+05:30,5096.000000,5097.500000,5094.000000,5094.250000,4408
2020-11-19T12:15:00+05:30,5094.250000,5098.000000,5094.000000,5097.000000,4311
2020-11-19T12:30:00+05:30,5097.000000,5098.000000,5081.550000,5081.550000,6578
2020-11-19T12:45:00+05:30,5081.550000,5091.650000,5070.250000,5084.950000,9715
2020-11-19T13:00:00+05:30,5084.950000,5093.400000,5075.000000,5086.200000,7591
2020-11-19T13:15:00+05:30,5086.200000,5089.450000,5083.050000,5085.000000,4412
2020-11-19T13:30:00+05:30,5084.100000,5090.000000,5075.000000,5076.750000,5953
2020-11-19T13:45:00+05:30,5078.500000,5088.000000,5075.000000,5082.500000,7021
2020-11-19T14:00:00+05:30,5082.500000,5086.600000,5080.000000,5082.200000,5791
2020-11-19T14:15:00+05:30,5082.200000,5082.700000,5056.500000,5060.000000,11816
2020-11-19T14:30:00+05:30,5060.000000,5088.950000,5056.000000,5068.100000,11547
2020-11-19T14:45:00+05:30,5068.100000,5075.050000,5060.000000,5066.200000,8240
2020-11-19T15:00:00+05:30,5063.300000,5074.950000,5057.000000,5057.000000,9330
2020-11-19T15:15:00+05:30,5062.000000,5066.000000,5042.000000,5059.000000,23211
2020-11-20T09:15:00+05:30,5070.000000,5090.000000,5058.900000,5064.000000,14680
2020-11-20T09:30:00+05:30,5064.000000,5073.900000,5051.000000,5068.000000,6746
2020-11-20T09:45:00+05:30,5064.500000,5068.000000,5042.450000,5046.500000,4849
2020-11-20T10:00:00+05:30,5046.500000,5050.450000,5025.000000,5030.000000,5463
2020-11-20T10:15:00+05:30,5030.000000,5039.600000,5026.400000,5035.050000,3001
2020-11-20T10:30:00+05:30,5035.050000,5044.000000,5026.500000,5027.050000,1918
2020-11-20T10:45:00+05:30,5027.050000,5035.000000,5022.000000,5030.000000,2217
2020-11-20T11:00:00+05:30,5030.000000,5031.000000,5015.000000,5016.000000,3188
2020-11-20T11:15:00+05:30,5016.000000,5031.950000,5011.600000,5030.400000,3479
2020-11-20T11:30:00+05:30,5030.400000,5033.850000,5025.000000,5032.000000,1348
2020-11-20T11:45:00+05:30,5032.000000,5075.000000,5025.300000,5070.000000,8077
2020-11-20T12:00:00+05:30,5070.000000,5116.900000,5041.000000,5094.900000,35120
2020-11-20T12:15:00+05:30,5094.900000,5098.000000,5061.200000,5090.000000,9584
2020-11-20T12:30:00+05:30,5090.000000,5090.000000,5069.000000,5071.700000,2053
2020-11-20T12:45:00+05:30,5071.700000,5077.000000,5067.100000,5071.900000,1274
2020-11-20T13:00:00+05:30,5069.550000,5078.200000,5066.000000,5074.900000,2900
2020-11-20T13:15:00+05:30,5074.900000,5084.800000,5070.000000,5075.000000,1529
2020-11-20T13:30:00+05:30,5075.000000,5075.000000,5066.500000,5069.100000,1573
2020-11-20T13:45:00+05:30,5069.100000,5073.900000,5067.000000,5069.550000,1533
2020-11-20T14:00:00+05:30,5069.550000,5085.000000,5069.250000,5082.050000,2706
2020-11-20T14:15:00+05:30,5082.050000,5082.050000,5055.100000,5057.000000,2163
2020-11-20T14:30:00+05:30,5057.000000,5072.100000,5043.000000,5056.300000,4912
2020-11-20T14:45:00+05:30,5056.300000,5061.000000,5048.050000,5058.000000,2133
2020-11-20T15:00:00+05:30,5058.000000,5068.250000,5055.000000,5058.000000,4538
2020-11-20T15:15:00+05:30,5058.000000,5075.000000,5050.050000,5064.900000,9234
2020-11-23T09:15:00+05:30,5120.000000,5120.000000,5091.750000,5105.650000,15925
2020-11-23T09:30:00+05:30,5105.650000,5116.000000,5100.000000,5103.100000,6367
2020-11-23T09:45:00+05:30,5103.100000,5118.000000,5094.050000,5113.900000,7089
2020-11-23T10:00:00+05:30,5113.900000,5124.000000,5107.000000,5115.000000,6782
2020-11-23T10:15:00+05:30,5115.000000,5149.000000,5111.050000,5133.250000,9823
2020-11-23T10:30:00+05:30,5133.250000,5147.950000,5128.200000,5147.400000,6466
2020-11-23T10:45:00+05:30,5145.000000,5147.000000,5120.000000,5133.600000,4766
2020-11-23T11:00:00+05:30,5133.600000,5148.000000,5128.000000,5136.150000,3648
2020-11-23T11:15:00+05:30,5140.950000,5145.000000,5135.000000,5141.000000,2439
2020-11-23T11:30:00+05:30,5141.000000,5145.000000,5120.100000,5123.000000,3890
2020-11-23T11:45:00+05:30,5123.000000,5139.800000,5121.450000,5139.000000,2027
2020-11-23T12:00:00+05:30,5139.000000,5139.800000,5133.600000,5137.000000,2555
2020-11-23T12:15:00+05:30,5137.000000,5138.000000,5130.000000,5136.000000,1113
2020-11-23T12:30:00+05:30,5136.000000,5137.000000,5130.000000,5130.200000,1261
2020-11-23T12:45:00+05:30,5130.200000,5135.000000,5123.100000,5127.050000,1560
2020-11-23T13:00:00+05:30,5127.050000,5136.050000,5124.800000,5135.000000,946
2020-11-23T13:15:00+05:30,5131.500000,5135.500000,5130.100000,5134.950000,1251
2020-11-23T13:30:00+05:30,5134.950000,5138.000000,5130.300000,5131.900000,1153
2020-11-23T13:45:00+05:30,5131.900000,5142.950000,5131.900000,5138.550000,2169
2020-11-23T14:00:00+05:30,5138.550000,5139.250000,5130.050000,5133.550000,1748
2020-11-23T14:15:00+05:30,5133.550000,5142.000000,5132.000000,5135.000000,2423
2020-11-23T14:30:00+05:30,5135.000000,5150.000000,5132.000000,5140.550000,5603
2020-11-23T14:45:00+05:30,5140.550000,5164.000000,5135.050000,5146.900000,9767
2020-11-23T15:00:00+05:30,5146.900000,5159.900000,5143.700000,5148.000000,4895
2020-11-23T15:15:00+05:30,5148.000000,5154.950000,5139.000000,5145.000000,10343
2020-11-24T09:15:00+05:30,5174.000000,5175.000000,5148.000000,5175.000000,10712
2020-11-24T09:30:00+05:30,5175.000000,5177.000000,5155.050000,5155.350000,5412
2020-11-24T09:45:00+05:30,5155.350000,5164.250000,5155.050000,5159.850000,3069
2020-11-24T10:00:00+05:30,5159.850000,5164.650000,5155.050000,5157.650000,2336
2020-11-24T10:15:00+05:30,5157.650000,5166.000000,5155.000000,5158.300000,1482
2020-11-24T10:30:00+05:30,5161.000000,5165.000000,5120.000000,5129.650000,5144
2020-11-24T10:45:00+05:30,5129.650000,5129.800000,5102.300000,5116.700000,3907
2020-11-24T11:00:00+05:30,5116.700000,5126.650000,5116.700000,5120.100000,1247
2020-11-24T11:15:00+05:30,5120.100000,5124.400000,5109.600000,5118.700000,1855
2020-11-24T11:30:00+05:30,5118.700000,5126.500000,5115.050000,5125.000000,1292
2020-11-24T11:45:00+05:30,5125.000000,5145.850000,5120.000000,5145.000000,1574
2020-11-24T12:00:00+05:30,5145.000000,5148.000000,5120.000000,5138.800000,1396
2020-11-24T12:15:00+05:30,5138.800000,5140.000000,5130.000000,5134.550000,1377
2020-11-24T12:30:00+05:30,5134.600000,5153.350000,5131.150000,5145.000000,2413
2020-11-24T12:45:00+05:30,5144.950000,5149.050000,5141.000000,5146.050000,1600
2020-11-24T13:00:00+05:30,5146.050000,5146.900000,5141.000000,5142.600000,1081
2020-11-24T13:15:00+05:30,5142.600000,5145.900000,5142.300000,5142.900000,1488
2020-11-24T13:30:00+05:30,5142.900000,5146.550000,5141.100000,5145.000000,1703
2020-11-24T13:45:00+05:30,5145.000000,5146.000000,5132.000000,5134.750000,1057
2020-11-24T14:00:00+05:30,5134.750000,5135.950000,5121.050000,5125.250000,1421
2020-11-24T14:15:00+05:30,5125.250000,5131.450000,5125.000000,5128.500000,1169
2020-11-24T14:30:00+05:30,5128.500000,5135.000000,5125.000000,5126.550000,1770
2020-11-24T14:45:00+05:30,5126.550000,5131.000000,5120.000000,5130.000000,1504
2020-11-24T15:00:00+05:30,5130.000000,5135.000000,5125.050000,5128.000000,2600
2020-11-24T15:15:00+05:30,5128.000000,5130.000000,5112.000000,5124.000000,5201
2020-11-25T09:15:00+05:30,5144.050000,5145.000000,5113.050000,5125.050000,7536
2020-11-25T09:30:00+05:30,5125.050000,5131.950000,5110.000000,5112.850000,3391
2020-11-25T09:45:00+05:30,5112.850000,5125.000000,5110.100000,5118.950000,2609
2020-11-25T10:00:00+05:30,5118.950000,5121.500000,5109.950000,5110.100000,3004
2020-11-25T10:15:00+05:30,5110.100000,5115.000000,5100.000000,5100.550000,2589
2020-11-25T10:30:00+05:30,5100.550000,5104.050000,5083.000000,5086.300000,3421
2020-11-25T10:45:00+05:30,5085.700000,5094.500000,5071.000000,5088.600000,3665
2020-11-25T11:00:00+05:30,5088.600000,5092.050000,5081.100000,5085.500000,1775
2020-11-25T11:15:00+05:30,5089.100000,5106.950000,5085.500000,5105.000000,2348
2020-11-25T11:30:00+05:30,5105.000000,5109.950000,5091.000000,5099.000000,1486
2020-11-25T11:45:00+05:30,5099.000000,5105.000000,5090.000000,5096.050000,1280
2020-11-25T12:00:00+05:30,5096.050000,5103.000000,5091.000000,5097.950000,858
2020-11-25T12:15:00+05:30,5097.950000,5098.000000,5093.350000,5098.000000,304
2020-11-25T12:30:00+05:30,5098.000000,5105.000000,5094.000000,5105.000000,556
2020-11-25T12:45:00+05:30,5105.000000,5110.000000,5099.000000,5108.000000,2070
2020-11-25T13:00:00+05:30,5108.000000,5110.000000,5105.100000,5107.000000,1526
2020-11-25T13:15:00+05:30,5107.000000,5112.950000,5105.800000,5106.050000,739
2020-11-25T13:30:00+05:30,5106.050000,5119.950000,5106.050000,5110.650000,1180
2020-11-25T13:45:00+05:30,5110.650000,5113.000000,5105.000000,5105.950000,1465
2020-11-25T14:00:00+05:30,5105.950000,5113.000000,5105.000000,5105.400000,2862
2020-11-25T14:15:00+05:30,5105.400000,5111.000000,5105.000000,5108.250000,1273
2020-11-25T14:30:00+05:30,5106.200000,5113.900000,5106.000000,5108.000000,1958
2020-11-25T14:45:00+05:30,5108.000000,5110.950000,5099.000000,5099.000000,1515
2020-11-25T15:00:00+05:30,5099.000000,5113.950000,5090.900000,5109.550000,5182
2020-11-25T15:15:00+05:30,5109.350000,5114.850000,5077.250000,5093.000000,4764
2020-11-26T09:15:00+05:30,5089.000000,5095.000000,5055.000000,5073.650000,5395
2020-11-26T09:30:00+05:30,5073.650000,5085.950000,5059.000000,5059.000000,3382
2020-11-26T09:45:00+05:30,5059.000000,5067.000000,5052.000000,5064.000000,2235
2020-11-26T10:00:00+05:30,5064.000000,5077.500000,5060.350000,5074.000000,1134
2020-11-26T10:15:00+05:30,5074.000000,5074.000000,5056.200000,5056.200000,2328
2020-11-26T10:30:00+05:30,5056.200000,5060.350000,5054.000000,5059.800000,1274
2020-11-26T10:45:00+05:30,5056.100000,5065.000000,5056.100000,5062.350000,1295
2020-11-26T11:00:00+05:30,5062.350000,5066.200000,5060.100000,5066.000000,455
2020-11-26T11:15:00+05:30,5066.000000,5066.150000,5056.100000,5060.000000,854
2020-11-26T11:30:00+05:30,5060.000000,5064.800000,5056.000000,5056.000000,771
2020-11-26T11:45:00+05:30,5056.000000,5064.850000,5056.000000,5061.550000,913
2020-11-26T12:00:00+05:30,5061.550000,5065.000000,5058.650000,5063.700000,881
2020-11-26T12:15:00+05:30,5063.700000,5064.650000,5059.000000,5059.500000,403
2020-11-26T12:30:00+05:30,5059.500000,5064.650000,5059.050000,5064.600000,534
2020-11-26T12:45:00+05:30,5064.600000,5074.750000,5063.050000,5071.000000,1310
2020-11-26T13:00:00+05:30,5074.550000,5074.750000,5066.000000,5068.050000,690
2020-11-26T13:15:00+05:30,5071.750000,5079.000000,5066.500000,5079.000000,657
2020-11-26T13:30:00+05:30,5079.000000,5115.400000,5071.000000,5096.650000,4323
2020-11-26T13:45:00+05:30,5096.650000,5110.000000,5095.350000,5100.000000,1943
2020-11-26T14:00:00+05:30,5100.000000,5108.650000,5097.000000,5103.450000,919
2020-11-26T14:15:00+05:30,5103.650000,5105.000000,5096.000000,5096.000000,753
2020-11-26T14:30:00+05:30,5096.000000,5103.000000,5096.000000,5100.000000,1495
2020-11-26T14:45:00+05:30,5100.000000,5101.000000,5090.000000,5098.700000,2244
2020-11-26T15:00:00+05:30,5098.700000,5124.000000,5095.000000,5121.000000,3633
2020-11-26T15:15:00+05:30,5121.000000,5129.700000,5115.000000,5121.000000,6642
2020-11-27T09:15:00+05:30,5099.950000,5115.000000,5060.000000,5100.000000,4398
2020-11-27T09:30:00+05:30,5100.000000,5124.150000,5100.000000,5106.000000,2699
2020-11-27T09:45:00+05:30,5100.550000,5120.000000,5100.050000,5109.750000,1378
2020-11-27T10:00:00+05:30,5109.750000,5112.600000,5094.500000,5096.150000,1644
2020-11-27T10:15:00+05:30,5096.150000,5101.550000,5085.100000,5093.450000,2170
2020-11-27T10:30:00+05:30,5093.450000,5099.500000,5085.000000,5087.000000,1597
2020-11-27T10:45:00+05:30,5087.000000,5095.700000,5087.000000,5095.500000,2280
2020-11-27T11:00:00+05:30,5095.500000,5098.000000,5090.400000,5098.000000,689
2020-11-27T11:15:00+05:30,5098.000000,5100.000000,5094.000000,5098.000000,803
2020-11-27T11:30:00+05:30,5098.000000,5116.400000,5092.600000,5110.000000,4862
2020-11-27T11:45:00+05:30,5110.000000,5115.750000,5105.450000,5111.000000,1077
2020-11-27T12:00:00+05:30,5110.000000,5112.750000,5092.150000,5102.000000,1389
2020-11-27T12:15:00+05:30,5102.000000,5108.000000,5098.650000,5106.000000,422
2020-11-27T12:30:00+05:30,5106.000000,5106.900000,5094.600000,5095.850000,932
2020-11-27T12:45:00+05:30,5095.850000,5101.250000,5093.650000,5100.000000,551
2020-11-27T13:00:00+05:30,5100.000000,5103.000000,5095.000000,5095.550000,485
2020-11-27T13:15:00+05:30,5098.650000,5101.300000,5093.000000,5099.950000,289
2020-11-27T13:30:00+05:30,5099.950000,5104.200000,5095.000000,5100.000000,569
2020-11-27T13:45:00+05:30,5100.000000,5103.700000,5089.000000,5094.100000,2578
2020-11-27T14:00:00+05:30,5094.350000,5097.750000,5087.000000,5093.000000,864
2020-11-27T14:15:00+05:30,5092.750000,5100.000000,5085.000000,5100.000000,1883
2020-11-27T14:30:00+05:30,5100.000000,5100.000000,5090.300000,5094.000000,1067
2020-11-27T14:45:00+05:30,5092.550000,5097.000000,5081.000000,5096.900000,2588
2020-11-27T15:00:00+05:30,5096.300000,5110.000000,5090.350000,5105.000000,3121
2020-11-27T15:15:00+05:30,5105.000000,5113.000000,5097.450000,5105.000000,3907
2020-12-01T09:15:00+05:30,5145.000000,5154.050000,5110.000000,5125.300000,8346
2020-12-01T09:30:00+05:30,5125.300000,5132.900000,5119.850000,5122.100000,3352
2020-12-01T09:45:00+05:30,5122.100000,5128.550000,5120.000000,5120.500000,1817
2020-12-01T10:00:00+05:30,5120.500000,5125.200000,5107.000000,5120.800000,2441
2020-12-01T10:15:00+05:30,5118.250000,5122.000000,5110.000000,5117.050000,1119
2020-12-01T10:30:00+05:30,5117.050000,5122.700000,5115.000000,5121.950000,972
2020-12-01T10:45:00+05:30,5121.950000,5121.950000,5112.000000,5120.000000,1182
2020-12-01T11:00:00+05:30,5120.000000,5125.000000,5115.600000,5120.450000,1065
2020-12-01T11:15:00+05:30,5120.450000,5120.450000,5107.500000,5114.150000,1013
2020-12-01T11:30:00+05:30,5114.150000,5124.000000,5111.100000,5123.900000,822
2020-12-01T11:45:00+05:30,5123.900000,5123.900000,5120.000000,5123.250000,525
2020-12-01T12:00:00+05:30,5120.950000,5125.000000,5111.950000,5119.250000,1514
2020-12-01T12:15:00+05:30,5119.250000,5125.600000,5116.000000,5120.000000,1066
2020-12-01T12:30:00+05:30,5120.000000,5122.750000,5116.000000,5122.750000,486
2020-12-01T12:45:00+05:30,5122.750000,5122.750000,5115.000000,5115.650000,492
2020-12-01T13:00:00+05:30,5115.650000,5120.000000,5115.000000,5116.000000,411
2020-12-01T13:15:00+05:30,5118.000000,5120.000000,5115.000000,5118.000000,479
2020-12-01T13:30:00+05:30,5118.000000,5121.850000,5115.000000,5117.450000,1186
2020-12-01T13:45:00+05:30,5117.450000,5120.000000,5115.000000,5120.000000,261
2020-12-01T14:00:00+05:30,5120.000000,5120.100000,5115.100000,5115.100000,609
2020-12-01T14:15:00+05:30,5115.100000,5120.000000,5115.050000,5119.900000,671
2020-12-01T14:30:00+05:30,5119.900000,5124.000000,5116.450000,5120.450000,1322
2020-12-01T14:45:00+05:30,5117.050000,5119.950000,5111.000000,5112.500000,1254
2020-12-01T15:00:00+05:30,5112.500000,5123.050000,5111.000000,5117.500000,2021
2020-12-01T15:15:00+05:30,5117.500000,5117.500000,5085.050000,5104.000000,5443
2020-12-02T09:15:00+05:30,5140.000000,5140.000000,5110.000000,5129.000000,6969
2020-12-02T09:30:00+05:30,5132.000000,5133.000000,5121.050000,5126.050000,3638
2020-12-02T09:45:00+05:30,5120.000000,5129.900000,5112.000000,5115.100000,1736
2020-12-02T10:00:00+05:30,5115.100000,5121.900000,5101.000000,5118.000000,1316
2020-12-02T10:15:00+05:30,5118.000000,5121.000000,5106.100000,5110.000000,1323
2020-12-02T10:30:00+05:30,5110.000000,5116.450000,5107.000000,5115.950000,807
2020-12-02T10:45:00+05:30,5115.950000,5125.000000,5111.100000,5124.000000,510
2020-12-02T11:00:00+05:30,5124.000000,5124.000000,5115.200000,5118.050000,221
2020-12-02T11:15:00+05:30,5118.100000,5123.600000,5100.000000,5104.450000,2347
2020-12-02T11:30:00+05:30,5104.450000,5119.500000,5096.050000,5100.000000,1629
2020-12-02T11:45:00+05:30,5100.000000,5107.400000,5090.000000,5098.650000,2105
2020-12-02T12:00:00+05:30,5098.650000,5104.600000,5096.550000,5099.900000,1083
2020-12-02T12:15:00+05:30,5099.900000,5119.000000,5094.000000,5115.000000,3259
2020-12-02T12:30:00+05:30,5115.000000,5384.950000,5111.750000,5347.550000,271572
2020-12-02T12:45:00+05:30,5345.000000,5347.150000,5286.800000,5333.000000,98028
2020-12-02T13:00:00+05:30,5334.000000,5343.850000,5303.000000,5318.850000,63554
2020-12-02T13:15:00+05:30,5318.600000,5325.250000,5285.950000,5303.050000,76266
2020-12-02T13:30:00+05:30,5303.000000,5327.000000,5302.000000,5315.150000,40416
2020-12-02T13:45:00+05:30,5315.200000,5380.000000,5233.900000,5247.000000,161998
2020-12-02T14:00:00+05:30,5250.000000,5289.800000,5225.000000,5285.000000,61921
2020-12-02T14:15:00+05:30,5285.000000,5297.000000,5250.000000,5263.700000,40143
2020-12-02T14:30:00+05:30,5264.550000,5273.000000,5182.000000,5240.000000,67574
2020-12-02T14:45:00+05:30,5240.000000,5258.000000,5221.000000,5237.050000,26163
2020-12-02T15:00:00+05:30,5237.650000,5265.900000,5235.000000,5247.000000,32099
2020-12-02T15:15:00+05:30,5247.000000,5247.950000,5175.000000,5225.000000,62105
2020-12-03T09:15:00+05:30,5350.000000,5436.600000,5315.200000,5383.150000,126128
2020-12-03T09:30:00+05:30,5380.050000,5420.000000,5371.300000,5390.950000,63290
2020-12-03T09:45:00+05:30,5390.000000,5400.000000,5355.000000,5375.300000,36631
2020-12-03T10:00:00+05:30,5375.300000,5398.000000,5365.000000,5380.000000,18571
2020-12-03T10:15:00+05:30,5379.550000,5390.400000,5370.000000,5385.550000,13182
2020-12-03T10:30:00+05:30,5385.550000,5387.000000,5362.000000,5365.000000,13635
2020-12-03T10:45:00+05:30,5365.000000,5370.000000,5340.000000,5345.000000,25913
2020-12-03T11:00:00+05:30,5345.000000,5358.950000,5341.850000,5352.000000,13343
2020-12-03T11:15:00+05:30,5352.000000,5355.900000,5320.000000,5327.000000,18442
2020-12-03T11:30:00+05:30,5327.000000,5336.000000,5301.000000,5332.000000,25862
2020-12-03T11:45:00+05:30,5332.000000,5340.000000,5325.000000,5338.200000,9043
2020-12-03T12:00:00+05:30,5338.200000,5345.000000,5333.000000,5336.000000,6734
2020-12-03T12:15:00+05:30,5336.000000,5344.000000,5310.000000,5333.000000,13740
2020-12-03T12:30:00+05:30,5333.000000,5335.000000,5316.000000,5331.000000,8083
2020-12-03T12:45:00+05:30,5331.000000,5344.000000,5325.000000,5330.950000,7632
2020-12-03T13:00:00+05:30,5330.950000,5340.000000,5326.000000,5337.900000,4082
2020-12-03T13:15:00+05:30,5337.900000,5342.000000,5328.000000,5332.000000,6666
2020-12-03T13:30:00+05:30,5332.000000,5336.450000,5325.000000,5334.800000,4266
2020-12-03T13:45:00+05:30,5334.800000,5340.000000,5327.350000,5338.000000,5217
2020-12-03T14:00:00+05:30,5338.000000,5340.000000,5330.000000,5336.750000,5648
2020-12-03T14:15:00+05:30,5336.750000,5339.350000,5326.000000,5330.000000,3900
2020-12-03T14:30:00+05:30,5330.000000,5355.000000,5329.150000,5336.000000,26400
2020-12-03T14:45:00+05:30,5336.000000,5342.850000,5321.650000,5326.000000,11390
2020-12-03T15:00:00+05:30,5326.000000,5343.000000,5325.500000,5333.400000,14325
2020-12-03T15:15:00+05:30,5336.450000,5339.150000,5279.050000,5320.000000,34045
2020-12-04T09:15:00+05:30,5335.000000,5335.000000,5265.000000,5267.000000,34521
2020-12-04T09:30:00+05:30,5267.900000,5279.250000,5264.450000,5274.100000,15383
2020-12-04T09:45:00+05:30,5274.100000,5279.000000,5270.000000,5274.000000,5432
2020-12-04T10:00:00+05:30,5274.000000,5275.000000,5236.400000,5245.950000,21060
2020-12-04T10:15:00+05:30,5245.950000,5258.800000,5235.000000,5241.950000,10528
2020-12-04T10:30:00+05:30,5241.950000,5250.000000,5235.000000,5245.000000,5932
2020-12-04T10:45:00+05:30,5247.450000,5247.450000,5238.100000,5242.500000,5123
2020-12-04T11:00:00+05:30,5242.500000,5250.000000,5242.500000,5247.500000,5320
2020-12-04T11:15:00+05:30,5247.500000,5256.000000,5247.000000,5250.000000,5079
2020-12-04T11:30:00+05:30,5250.000000,5253.900000,5245.000000,5250.000000,3104
2020-12-04T11:45:00+05:30,5250.000000,5258.950000,5248.100000,5258.000000,1941
2020-12-04T12:00:00+05:30,5258.000000,5269.950000,5255.000000,5268.000000,4111
2020-12-04T12:15:00+05:30,5268.000000,5268.800000,5257.100000,5261.000000,2979
2020-12-04T12:30:00+05:30,5262.000000,5265.000000,5259.000000,5259.000000,3380
2020-12-04T12:45:00+05:30,5259.000000,5264.100000,5259.000000,5259.000000,4575
2020-12-04T13:00:00+05:30,5259.000000,5263.000000,5250.000000,5252.800000,2318
2020-12-04T13:15:00+05:30,5252.800000,5259.750000,5252.800000,5255.000000,1737
2020-12-04T13:30:00+05:30,5255.000000,5264.950000,5255.000000,5260.050000,2995
2020-12-04T13:45:00+05:30,5263.700000,5264.700000,5260.000000,5260.300000,2695
2020-12-04T14:00:00+05:30,5260.050000,5270.950000,5260.000000,5264.450000,4533
2020-12-04T14:15:00+05:30,5264.450000,5269.650000,5260.000000,5260.850000,2888
2020-12-04T14:30:00+05:30,5260.850000,5264.000000,5260.000000,5261.100000,2117
2020-12-04T14:45:00+05:30,5261.100000,5268.950000,5261.050000,5262.000000,5023
2020-12-04T15:00:00+05:30,5262.000000,5265.300000,5255.000000,5255.600000,10235
2020-12-04T15:15:00+05:30,5255.750000,5260.000000,5235.000000,5259.000000,18090
2020-12-07T09:15:00+05:30,5386.950000,5386.950000,5333.000000,5355.600000,65579
2020-12-07T09:30:00+05:30,5355.600000,5380.000000,5350.000000,5366.250000,30184
2020-12-07T09:45:00+05:30,5366.250000,5371.550000,5351.000000,5358.000000,8690
2020-12-07T10:00:00+05:30,5358.000000,5363.950000,5350.000000,5363.000000,10705
2020-12-07T10:15:00+05:30,5362.600000,5365.500000,5354.800000,5357.600000,6772
2020-12-07T10:30:00+05:30,5357.600000,5360.900000,5350.000000,5350.400000,7469
2020-12-07T10:45:00+05:30,5354.200000,5355.000000,5345.000000,5346.000000,9314
2020-12-07T11:00:00+05:30,5346.000000,5355.000000,5345.000000,5353.950000,7570
2020-12-07T11:15:00+05:30,5353.950000,5359.000000,5351.050000,5356.350000,3456
2020-12-07T11:30:00+05:30,5356.350000,5358.000000,5348.450000,5352.400000,3677
2020-12-07T11:45:00+05:30,5354.550000,5359.000000,5352.550000,5358.000000,2576
2020-12-07T12:00:00+05:30,5358.000000,5360.000000,5353.850000,5359.500000,3412
2020-12-07T12:15:00+05:30,5359.950000,5362.500000,5355.200000,5362.000000,3951
2020-12-07T12:30:00+05:30,5362.000000,5375.000000,5356.250000,5363.000000,9443
2020-12-07T12:45:00+05:30,5361.400000,5365.000000,5345.000000,5351.300000,6469
2020-12-07T13:00:00+05:30,5351.300000,5354.400000,5348.000000,5348.050000,3984
2020-12-07T13:15:00+05:30,5348.050000,5356.750000,5345.100000,5351.300000,3620
2020-12-07T13:30:00+05:30,5351.450000,5358.450000,5345.000000,5349.800000,7134
2020-12-07T13:45:00+05:30,5346.100000,5354.000000,5345.000000,5347.250000,3540
2020-12-07T14:00:00+05:30,5347.250000,5354.850000,5335.350000,5344.000000,8678
2020-12-07T14:15:00+05:30,5344.000000,5345.000000,5330.200000,5342.750000,5651
2020-12-07T14:30:00+05:30,5342.750000,5344.000000,5335.050000,5340.000000,4569
2020-12-07T14:45:00+05:30,5340.000000,5352.000000,5336.000000,5342.000000,8542
2020-12-07T15:00:00+05:30,5342.000000,5349.900000,5333.050000,5335.000000,12541
2020-12-07T15:15:00+05:30,5341.350000,5347.700000,5324.100000,5347.000000,20694
2020-12-08T09:15:00+05:30,5376.000000,5399.000000,5355.800000,5361.000000,25703
2020-12-08T09:30:00+05:30,5361.000000,5372.000000,5360.000000,5366.800000,7423
2020-12-08T09:45:00+05:30,5366.800000,5370.000000,5364.000000,5365.350000,4696
2020-12-08T10:00:00+05:30,5365.350000,5369.000000,5360.000000,5365.000000,3919
2020-12-08T10:15:00+05:30,5365.000000,5369.000000,5360.000000,5360.800000,2384
2020-12-08T10:30:00+05:30,5363.000000,5364.450000,5356.000000,5356.000000,3833
2020-12-08T10:45:00+05:30,5355.950000,5362.450000,5353.000000,5361.800000,3029
2020-12-08T11:00:00+05:30,5362.000000,5362.000000,5335.000000,5340.000000,7725
2020-12-08T11:15:00+05:30,5341.000000,5351.650000,5339.300000,5340.000000,5182
2020-12-08T11:30:00+05:30,5343.500000,5349.950000,5321.000000,5338.050000,5837
2020-12-08T11:45:00+05:30,5338.050000,5344.550000,5323.000000,5323.000000,3578
2020-12-08T12:00:00+05:30,5323.000000,5332.600000,5312.100000,5319.000000,4378
2020-12-08T12:15:00+05:30,5316.900000,5322.000000,5316.000000,5320.000000,2651
2020-12-08T12:30:00+05:30,5320.000000,5320.050000,5316.550000,5320.000000,2903
2020-12-08T12:45:00+05:30,5320.000000,5324.000000,5318.000000,5320.000000,2413
2020-12-08T13:00:00+05:30,5320.000000,5320.050000,5316.550000,5319.000000,1837
2020-12-08T13:15:00+05:30,5319.000000,5320.050000,5318.000000,5318.500000,1261
2020-12-08T13:30:00+05:30,5318.500000,5320.050000,5318.000000,5320.000000,1849
2020-12-08T13:45:00+05:30,5320.000000,5320.050000,5318.000000,5320.000000,1593
2020-12-08T14:00:00+05:30,5320.000000,5320.000000,5315.550000,5319.900000,1560
2020-12-08T14:15:00+05:30,5319.900000,5320.000000,5315.000000,5320.000000,2339
2020-12-08T14:30:00+05:30,5318.000000,5320.300000,5302.000000,5315.000000,6424
2020-12-08T14:45:00+05:30,5315.000000,5336.000000,5310.000000,5325.850000,4895
2020-12-08T15:00:00+05:30,5325.900000,5327.850000,5310.600000,5316.950000,4629
2020-12-08T15:15:00+05:30,5316.950000,5320.050000,5300.050000,5320.000000,11399
2020-12-09T09:15:00+05:30,5424.900000,5427.900000,5382.000000,5399.500000,55276
2020-12-09T09:30:00+05:30,5398.700000,5410.000000,5389.450000,5402.500000,17207
2020-12-09T09:45:00+05:30,5402.500000,5408.900000,5390.000000,5393.000000,11161
2020-12-09T10:00:00+05:30,5393.000000,5394.000000,5386.000000,5389.050000,6648
2020-12-09T10:15:00+05:30,5389.050000,5405.000000,5387.750000,5399.900000,8791
2020-12-09T10:30:00+05:30,5399.900000,5405.050000,5396.750000,5400.250000,4992
2020-12-09T10:45:00+05:30,5400.250000,5403.850000,5396.000000,5397.800000,3773
2020-12-09T11:00:00+05:30,5397.800000,5399.850000,5392.500000,5393.750000,2987
2020-12-09T11:15:00+05:30,5393.300000,5403.650000,5393.200000,5395.000000,2590
2020-12-09T11:30:00+05:30,5395.000000,5403.900000,5393.250000,5397.100000,3017
2020-12-09T11:45:00+05:30,5397.100000,5403.150000,5392.000000,5397.000000,2886
2020-12-09T12:00:00+05:30,5397.000000,5399.950000,5393.100000,5396.850000,3921
2020-12-09T12:15:00+05:30,5396.850000,5398.000000,5393.200000,5393.400000,1681
2020-12-09T12:30:00+05:30,5393.400000,5397.000000,5361.100000,5383.100000,13320
2020-12-09T12:45:00+05:30,5385.450000,5389.700000,5379.300000,5385.000000,3422
2020-12-09T13:00:00+05:30,5385.000000,5389.000000,5385.000000,5387.950000,3183
2020-12-09T13:15:00+05:30,5387.950000,5387.950000,5379.900000,5379.950000,2325
2020-12-09T13:30:00+05:30,5379.950000,5379.950000,5368.550000,5369.900000,5121
2020-12-09T13:45:00+05:30,5370.600000,5375.000000,5365.000000,5374.500000,4976
2020-12-09T14:00:00+05:30,5374.500000,5375.000000,5371.050000,5371.700000,2447
2020-12-09T14:15:00+05:30,5371.700000,5375.000000,5361.000000,5368.300000,7512
2020-12-09T14:30:00+05:30,5368.300000,5369.000000,5341.050000,5345.100000,15311
2020-12-09T14:45:00+05:30,5345.100000,5362.700000,5320.000000,5322.550000,18174
2020-12-09T15:00:00+05:30,5325.000000,5342.850000,5310.000000,5325.000000,16411
2020-12-09T15:15:00+05:30,5325.000000,5343.300000,5289.000000,5298.500000,30560
2020-12-10T09:15:00+05:30,5289.000000,5289.000000,5120.050000,5234.450000,35736
2020-12-10T09:30:00+05:30,5231.650000,5232.000000,5207.700000,5216.900000,11124
2020-12-10T09:45:00+05:30,5216.900000,5228.000000,5213.000000,5222.750000,6651
2020-12-10T10:00:00+05:30,5222.750000,5222.750000,5211.000000,5215.050000,4515
2020-12-10T10:15:00+05:30,5215.650000,5220.000000,5183.000000,5202.800000,17535
2020-12-10T10:30:00+05:30,5202.450000,5212.000000,5192.200000,5203.950000,5086
2020-12-10T10:45:00+05:30,5203.950000,5220.000000,5200.500000,5219.000000,3380
2020-12-10T11:00:00+05:30,5219.000000,5235.000000,5215.000000,5218.100000,4823
2020-12-10T11:15:00+05:30,5218.100000,5223.950000,5211.000000,5219.000000,2243
2020-12-10T11:30:00+05:30,5219.000000,5230.000000,5215.400000,5225.000000,3615
2020-12-10T11:45:00+05:30,5225.000000,5230.000000,5223.900000,5225.550000,3961
2020-12-10T12:00:00+05:30,5225.550000,5228.700000,5193.400000,5199.950000,17342
2020-12-10T12:15:00+05:30,5199.950000,5214.650000,5197.100000,5210.100000,3977
2020-12-10T12:30:00+05:30,5210.100000,5218.000000,5203.050000,5209.900000,1886
2020-12-10T12:45:00+05:30,5209.900000,5211.750000,5205.500000,5208.000000,1417
2020-12-10T13:00:00+05:30,5208.000000,5211.950000,5205.000000,5206.050000,2169
2020-12-10T13:15:00+05:30,5206.000000,5210.000000,5201.000000,5201.850000,2631
2020-12-10T13:30:00+05:30,5201.850000,5207.700000,5200.000000,5200.000000,3877
2020-12-10T13:45:00+05:30,5200.000000,5205.000000,5200.000000,5200.000000,2679
2020-12-10T14:00:00+05:30,5200.000000,5204.800000,5200.000000,5200.650000,2409
2020-12-10T14:15:00+05:30,5200.650000,5206.000000,5200.000000,5205.050000,3124
2020-12-10T14:30:00+05:30,5205.050000,5218.000000,5201.600000,5212.550000,3496
2020-12-10T14:45:00+05:30,5212.550000,5214.000000,5202.000000,5206.900000,4379
2020-12-10T15:00:00+05:30,5206.900000,5209.600000,5200.000000,5202.550000,8951
2020-12-10T15:15:00+05:30,5203.000000,5219.000000,5200.000000,5219.000000,13455
2020-12-11T09:15:00+05:30,5231.150000,5269.950000,5227.000000,5248.000000,20993
2020-12-11T09:30:00+05:30,5245.000000,5252.600000,5239.000000,5242.500000,8052
2020-12-11T09:45:00+05:30,5242.500000,5252.600000,5240.000000,5249.800000,4318
2020-12-11T10:00:00+05:30,5249.800000,5249.800000,5239.000000,5245.000000,3584
2020-12-11T10:15:00+05:30,5245.000000,5245.050000,5239.000000,5243.000000,1213
2020-12-11T10:30:00+05:30,5243.000000,5244.350000,5230.000000,5239.700000,2938
2020-12-11T10:45:00+05:30,5239.700000,5243.600000,5227.550000,5227.550000,2783
2020-12-11T11:00:00+05:30,5227.550000,5237.550000,5227.500000,5236.000000,2038
2020-12-11T11:15:00+05:30,5236.000000,5239.800000,5230.100000,5235.350000,1035
2020-12-11T11:30:00+05:30,5235.350000,5241.450000,5234.000000,5237.800000,2384
2020-12-11T11:45:00+05:30,5237.800000,5245.700000,5235.000000,5244.000000,1578
2020-12-11T12:00:00+05:30,5244.000000,5245.000000,5233.900000,5235.050000,1615
2020-12-11T12:15:00+05:30,5239.900000,5251.500000,5238.100000,5251.500000,1733
2020-12-11T12:30:00+05:30,5251.500000,5257.400000,5249.400000,5253.900000,3410
2020-12-11T12:45:00+05:30,5254.000000,5320.000000,5250.000000,5302.550000,28256
2020-12-11T13:00:00+05:30,5300.250000,5304.800000,5262.400000,5266.850000,12209
2020-12-11T13:15:00+05:30,5266.850000,5275.400000,5250.000000,5260.000000,6149
2020-12-11T13:30:00+05:30,5257.800000,5270.550000,5257.800000,5266.700000,2403
2020-12-11T13:45:00+05:30,5266.700000,5267.000000,5255.000000,5257.950000,2361
2020-12-11T14:00:00+05:30,5257.950000,5261.050000,5251.000000,5252.350000,3972
2020-12-11T14:15:00+05:30,5252.350000,5258.600000,5249.000000,5255.000000,5381
2020-12-11T14:30:00+05:30,5255.000000,5278.950000,5255.000000,5267.000000,3919
2020-12-11T14:45:00+05:30,5266.000000,5277.750000,5266.000000,5270.000000,3944
2020-12-11T15:00:00+05:30,5270.000000,5288.000000,5268.500000,5286.500000,8922
2020-12-11T15:15:00+05:30,5286.950000,5290.000000,5268.000000,5272.050000,8162
2020-12-14T09:15:00+05:30,5398.000000,5398.000000,5353.000000,5357.950000,52780
2020-12-14T09:30:00+05:30,5354.500000,5369.950000,5354.000000,5360.000000,13672
2020-12-14T09:45:00+05:30,5360.000000,5362.300000,5341.000000,5347.200000,13432
2020-12-14T10:00:00+05:30,5347.200000,5355.000000,5335.500000,5344.750000,10567
2020-12-14T10:15:00+05:30,5344.750000,5349.850000,5336.000000,5347.400000,5799
2020-12-14T10:30:00+05:30,5347.400000,5354.000000,5345.250000,5346.650000,6010
2020-12-14T10:45:00+05:30,5346.650000,5350.000000,5342.250000,5345.300000,2680
2020-12-14T11:00:00+05:30,5348.850000,5350.000000,5337.000000,5337.250000,5093
2020-12-14T11:15:00+05:30,5337.000000,5348.150000,5336.050000,5339.000000,2759
2020-12-14T11:30:00+05:30,5339.000000,5346.500000,5336.050000,5346.000000,2545
2020-12-14T11:45:00+05:30,5346.000000,5348.950000,5342.200000,5343.050000,1277
2020-12-14T12:00:00+05:30,5346.900000,5347.350000,5341.000000,5342.100000,1422
2020-12-14T12:15:00+05:30,5344.000000,5345.000000,5341.050000,5344.450000,2124
2020-12-14T12:30:00+05:30,5344.450000,5346.350000,5342.150000,5346.250000,1412
2020-12-14T12:45:00+05:30,5345.000000,5347.250000,5340.950000,5341.250000,2226
2020-12-14T13:00:00+05:30,5341.250000,5344.900000,5338.650000,5344.900000,1584
2020-12-14T13:15:00+05:30,5344.900000,5345.000000,5340.400000,5343.000000,878
2020-12-14T13:30:00+05:30,5343.000000,5344.000000,5340.000000,5342.450000,2130
2020-12-14T13:45:00+05:30,5342.450000,5343.900000,5340.000000,5340.900000,2079
2020-12-14T14:00:00+05:30,5340.900000,5343.700000,5340.400000,5342.850000,1316
2020-12-14T14:15:00+05:30,5342.850000,5346.950000,5340.000000,5344.800000,5774
2020-12-14T14:30:00+05:30,5344.800000,5360.000000,5337.400000,5345.150000,12958
2020-12-14T14:45:00+05:30,5345.150000,5346.600000,5338.000000,5338.350000,6773
2020-12-14T15:00:00+05:30,5338.350000,5342.150000,5321.300000,5327.000000,11684
2020-12-14T15:15:00+05:30,5333.450000,5334.850000,5250.000000,5300.000000,23246
2020-12-15T09:15:00+05:30,5300.500000,5307.450000,5135.000000,5244.000000,30048
2020-12-15T09:30:00+05:30,5244.000000,5249.550000,5233.000000,5244.600000,5719
2020-12-15T09:45:00+05:30,5249.350000,5250.000000,5230.000000,5237.500000,3437
2020-12-15T10:00:00+05:30,5235.000000,5238.000000,5230.000000,5231.050000,2371
2020-12-15T10:15:00+05:30,5234.800000,5243.900000,5231.050000,5240.350000,2151
2020-12-15T10:30:00+05:30,5241.000000,5243.950000,5233.000000,5235.000000,1956
2020-12-15T10:45:00+05:30,5238.250000,5240.000000,5231.000000,5236.050000,1913
2020-12-15T11:00:00+05:30,5235.250000,5240.050000,5225.950000,5231.900000,2941
2020-12-15T11:15:00+05:30,5228.000000,5240.000000,5228.000000,5236.300000,2363
2020-12-15T11:30:00+05:30,5236.300000,5243.000000,5230.050000,5239.050000,2917
2020-12-15T11:45:00+05:30,5239.050000,5247.900000,5238.050000,5243.000000,3403
2020-12-15T12:00:00+05:30,5243.000000,5247.900000,5236.750000,5241.350000,2707
2020-12-15T12:15:00+05:30,5241.300000,5246.950000,5237.950000,5239.850000,2186
2020-12-15T12:30:00+05:30,5239.850000,5249.000000,5238.450000,5248.050000,3146
2020-12-15T12:45:00+05:30,5248.050000,5262.000000,5246.000000,5249.750000,4637
2020-12-15T13:00:00+05:30,5248.500000,5260.000000,5247.050000,5250.000000,1645
2020-12-15T13:15:00+05:30,5250.000000,5255.300000,5247.600000,5249.300000,1125
2020-12-15T13:30:00+05:30,5249.300000,5253.500000,5243.900000,5250.000000,2164
2020-12-15T13:45:00+05:30,5247.850000,5253.000000,5244.650000,5247.650000,1197
2020-12-15T14:00:00+05:30,5248.050000,5254.150000,5247.050000,5248.000000,1872
2020-12-15T14:15:00+05:30,5248.000000,5255.000000,5248.000000,5253.850000,2313
2020-12-15T14:30:00+05:30,5253.850000,5258.000000,5250.000000,5252.000000,2669
2020-12-15T14:45:00+05:30,5250.000000,5254.900000,5250.000000,5250.250000,2148
2020-12-15T15:00:00+05:30,5250.250000,5255.000000,5250.250000,5254.900000,4649
2020-12-15T15:15:00+05:30,5254.900000,5275.000000,5251.000000,5259.000000,11478
2020-12-16T09:15:00+05:30,5210.500000,5279.000000,5210.500000,5234.950000,11486
2020-12-16T09:30:00+05:30,5233.500000,5242.000000,5228.550000,5235.000000,3082
2020-12-16T09:45:00+05:30,5235.900000,5239.800000,5224.000000,5228.800000,3553
2020-12-16T10:00:00+05:30,5228.800000,5239.900000,5226.350000,5237.500000,2134
2020-12-16T10:15:00+05:30,5237.500000,5237.500000,5230.300000,5235.000000,890
2020-12-16T10:30:00+05:30,5235.000000,5237.500000,5230.000000,5233.350000,1693
2020-12-16T10:45:00+05:30,5233.050000,5245.000000,5233.050000,5240.000000,1794
2020-12-16T11:00:00+05:30,5240.000000,5242.700000,5235.100000,5239.000000,1242
2020-12-16T11:15:00+05:30,5239.000000,5240.550000,5235.000000,5239.000000,1332
2020-12-16T11:30:00+05:30,5239.000000,5248.000000,5235.000000,5240.550000,1657
2020-12-16T11:45:00+05:30,5240.550000,5253.800000,5240.000000,5253.000000,1689
2020-12-16T12:00:00+05:30,5253.050000,5253.650000,5245.100000,5250.800000,4307
2020-12-16T12:15:00+05:30,5250.000000,5252.950000,5240.000000,5240.950000,1429
2020-12-16T12:30:00+05:30,5240.950000,5246.600000,5235.000000,5242.100000,1592
2020-12-16T12:45:00+05:30,5242.000000,5251.000000,5238.000000,5250.000000,3159
2020-12-16T13:00:00+05:30,5249.050000,5255.000000,5249.000000,5250.050000,1657
2020-12-16T13:15:00+05:30,5250.050000,5253.650000,5249.500000,5250.000000,1756
2020-12-16T13:30:00+05:30,5250.000000,5255.000000,5248.500000,5250.000000,2723
2020-12-16T13:45:00+05:30,5250.000000,5250.500000,5240.000000,5242.250000,1114
2020-12-16T14:00:00+05:30,5242.250000,5251.000000,5240.000000,5250.000000,1003
2020-12-16T14:15:00+05:30,5250.000000,5254.650000,5247.000000,5252.100000,2904
2020-12-16T14:30:00+05:30,5252.100000,5254.000000,5248.700000,5250.250000,2175
2020-12-16T14:45:00+05:30,5250.250000,5253.950000,5245.000000,5245.250000,3164
2020-12-16T15:00:00+05:30,5245.250000,5264.000000,5245.250000,5260.000000,6474
2020-12-16T15:15:00+05:30,5260.100000,5265.000000,5236.250000,5257.500000,8574
2020-12-17T09:15:00+05:30,5240.000000,5265.000000,5230.000000,5244.950000,6506
2020-12-17T09:30:00+05:30,5247.950000,5254.000000,5240.000000,5249.900000,2640
2020-12-17T09:45:00+05:30,5249.900000,5265.000000,5247.850000,5260.000000,3261
2020-12-17T10:00:00+05:30,5258.000000,5260.000000,5245.600000,5252.000000,1815
2020-12-17T10:15:00+05:30,5252.000000,5253.750000,5245.000000,5251.800000,1766
2020-12-17T10:30:00+05:30,5251.800000,5251.800000,5236.850000,5240.000000,2415
2020-12-17T10:45:00+05:30,5240.000000,5240.000000,5220.000000,5235.000000,4204
2020-12-17T11:00:00+05:30,5235.000000,5239.000000,5225.650000,5235.050000,1609
2020-12-17T11:15:00+05:30,5235.050000,5240.000000,5231.000000,5234.050000,2217
2020-12-17T11:30:00+05:30,5234.050000,5244.000000,5233.100000,5242.650000,1239
2020-12-17T11:45:00+05:30,5242.650000,5254.600000,5233.050000,5252.200000,3751
2020-12-17T12:00:00+05:30,5252.200000,5255.000000,5248.250000,5250.100000,2189
2020-12-17T12:15:00+05:30,5250.100000,5255.800000,5248.300000,5250.000000,1382
2020-12-17T12:30:00+05:30,5250.000000,5255.000000,5250.000000,5250.000000,2578
2020-12-17T12:45:00+05:30,5250.000000,5253.150000,5248.000000,5251.900000,1322
2020-12-17T13:00:00+05:30,5251.900000,5253.000000,5248.050000,5252.400000,635
2020-12-17T13:15:00+05:30,5252.400000,5252.400000,5250.000000,5251.850000,1005
2020-12-17T13:30:00+05:30,5251.850000,5255.000000,5245.300000,5250.950000,1929
2020-12-17T13:45:00+05:30,5250.050000,5252.000000,5250.000000,5250.000000,1453
2020-12-17T14:00:00+05:30,5250.000000,5254.100000,5235.000000,5237.950000,1798
2020-12-17T14:15:00+05:30,5237.950000,5250.000000,5231.100000,5231.100000,2623
2020-12-17T14:30:00+05:30,5231.100000,5254.000000,5230.100000,5247.700000,3230
2020-12-17T14:45:00+05:30,5247.700000,5253.000000,5247.500000,5247.650000,1667
2020-12-17T15:00:00+05:30,5247.650000,5255.000000,5237.500000,5250.000000,5412
2020-12-17T15:15:00+05:30,5250.000000,5254.850000,5231.850000,5254.000000,6338
2020-12-18T09:15:00+05:30,5250.000000,5279.900000,5222.150000,5230.400000,5505
2020-12-18T09:30:00+05:30,5230.400000,5235.200000,5210.000000,5211.700000,4763
2020-12-18T09:45:00+05:30,5214.600000,5220.600000,5205.000000,5205.700000,3795
2020-12-18T10:00:00+05:30,5206.000000,5219.700000,5205.100000,5215.050000,2634
2020-12-18T10:15:00+05:30,5215.050000,5223.000000,5212.050000,5212.750000,1878
2020-12-18T10:30:00+05:30,5212.850000,5217.450000,5209.000000,5214.850000,927
2020-12-18T10:45:00+05:30,5216.500000,5224.100000,5212.750000,5219.900000,1471
2020-12-18T11:00:00+05:30,5219.900000,5226.150000,5219.900000,5221.800000,1601
2020-12-18T11:15:00+05:30,5225.150000,5227.000000,5221.200000,5222.200000,2464
2020-12-18T11:30:00+05:30,5222.050000,5227.000000,5222.050000,5223.300000,818
2020-12-18T11:45:00+05:30,5223.300000,5228.000000,5222.700000,5225.100000,1115
2020-12-18T12:00:00+05:30,5225.000000,5228.950000,5220.050000,5220.050000,4169
2020-12-18T12:15:00+05:30,5222.000000,5230.500000,5220.150000,5226.550000,2069
2020-12-18T12:30:00+05:30,5226.750000,5229.850000,5225.000000,5225.000000,718
2020-12-18T12:45:00+05:30,5225.150000,5229.950000,5225.000000,5225.000000,561
2020-12-18T13:00:00+05:30,5227.600000,5228.700000,5221.150000,5222.100000,718
2020-12-18T13:15:00+05:30,5221.200000,5225.400000,5219.500000,5224.200000,631
2020-12-18T13:30:00+05:30,5220.450000,5234.400000,5219.750000,5230.000000,1488
2020-12-18T13:45:00+05:30,5230.000000,5232.000000,5219.600000,5220.550000,829
2020-12-18T14:00:00+05:30,5220.550000,5227.350000,5219.500000,5221.900000,1490
2020-12-18T14:15:00+05:30,5219.900000,5225.000000,5219.900000,5220.100000,750
2020-12-18T14:30:00+05:30,5220.100000,5226.000000,5220.000000,5222.000000,835
2020-12-18T14:45:00+05:30,5222.000000,5224.950000,5210.000000,5210.500000,3178
2020-12-18T15:00:00+05:30,5208.950000,5208.950000,5200.000000,5200.000000,14850
2020-12-18T15:15:00+05:30,5200.000000,5225.000000,5175.000000,5220.000000,18281
2020-12-21T09:15:00+05:30,5215.150000,5215.150000,5125.000000,5150.000000,13440
2020-12-21T09:30:00+05:30,5150.000000,5165.000000,5148.050000,5162.700000,2715
2020-12-21T09:45:00+05:30,5162.700000,5178.000000,5150.100000,5176.700000,4059
2020-12-21T10:00:00+05:30,5177.000000,5184.000000,5168.000000,5172.150000,4008
2020-12-21T10:15:00+05:30,5172.000000,5245.000000,5153.000000,5172.000000,25851
2020-12-21T10:30:00+05:30,5172.000000,5189.750000,5170.000000,5180.000000,2509
2020-12-21T10:45:00+05:30,5180.000000,5190.850000,5178.000000,5185.750000,1793
2020-12-21T11:00:00+05:30,5185.750000,5194.000000,5185.000000,5189.600000,1448
2020-12-21T11:15:00+05:30,5189.600000,5220.000000,5189.600000,5209.950000,3579
2020-12-21T11:30:00+05:30,5209.950000,5215.000000,5190.400000,5207.950000,3050
2020-12-21T11:45:00+05:30,5202.100000,5209.200000,5200.000000,5209.200000,798
2020-12-21T12:00:00+05:30,5209.200000,5211.000000,5202.000000,5208.800000,680
2020-12-21T12:15:00+05:30,5208.800000,5209.900000,5201.100000,5201.100000,670
2020-12-21T12:30:00+05:30,5201.100000,5210.950000,5188.350000,5205.500000,9642
2020-12-21T12:45:00+05:30,5200.200000,5207.900000,5181.000000,5193.700000,3238
2020-12-21T13:00:00+05:30,5193.700000,5206.000000,5175.000000,5188.000000,1469
2020-12-21T13:15:00+05:30,5188.000000,5192.200000,5182.000000,5185.900000,796
2020-12-21T13:30:00+05:30,5185.900000,5200.450000,5182.000000,5196.950000,2503
2020-12-21T13:45:00+05:30,5196.950000,5196.950000,5181.700000,5190.000000,2704
2020-12-21T14:00:00+05:30,5190.000000,5199.850000,5187.000000,5194.000000,3083
2020-12-21T14:15:00+05:30,5194.000000,5194.800000,5180.000000,5188.000000,8485
2020-12-21T14:30:00+05:30,5188.000000,5194.950000,5180.000000,5182.100000,13510
2020-12-21T14:45:00+05:30,5182.300000,5190.000000,5170.000000,5182.000000,7952
2020-12-21T15:00:00+05:30,5182.000000,5205.000000,5182.000000,5197.000000,7549
2020-12-21T15:15:00+05:30,5197.000000,5201.000000,5020.750000,5182.000000,22195
2020-12-22T09:15:00+05:30,5183.000000,5280.000000,5150.000000,5150.300000,14073
2020-12-22T09:30:00+05:30,5152.000000,5185.100000,5126.000000,5126.000000,8952
2020-12-22T09:45:00+05:30,5130.000000,5141.600000,5100.000000,5117.750000,6574
2020-12-22T10:00:00+05:30,5117.750000,5147.050000,5113.200000,5139.700000,5482
2020-12-22T10:15:00+05:30,5139.700000,5154.350000,5125.000000,5150.000000,1688
2020-12-22T10:30:00+05:30,5150.000000,5157.350000,5125.700000,5154.900000,2648
2020-12-22T10:45:00+05:30,5151.650000,5159.850000,5151.050000,5156.000000,1064
2020-12-22T11:00:00+05:30,5156.000000,5170.000000,5154.000000,5161.850000,1260
2020-12-22T11:15:00+05:30,5161.850000,5162.800000,5152.300000,5155.350000,2173
2020-12-22T11:30:00+05:30,5155.350000,5164.000000,5153.000000,5155.000000,1132
2020-12-22T11:45:00+05:30,5155.000000,5174.750000,5155.000000,5160.000000,1303
2020-12-22T12:00:00+05:30,5160.000000,5163.300000,5150.950000,5160.200000,1255
2020-12-22T12:15:00+05:30,5160.200000,5165.500000,5153.050000,5156.000000,1390
2020-12-22T12:30:00+05:30,5156.000000,5162.000000,5155.000000,5159.050000,678
2020-12-22T12:45:00+05:30,5159.050000,5164.600000,5155.450000,5160.900000,847
2020-12-22T13:00:00+05:30,5160.900000,5165.000000,5155.100000,5161.000000,955
2020-12-22T13:15:00+05:30,5161.000000,5177.200000,5156.950000,5165.300000,1260
2020-12-22T13:30:00+05:30,5165.300000,5174.100000,5159.950000,5167.700000,845
2020-12-22T13:45:00+05:30,5167.700000,5172.700000,5162.000000,5170.950000,746
2020-12-22T14:00:00+05:30,5170.950000,5180.000000,5151.950000,5171.350000,1768
2020-12-22T14:15:00+05:30,5171.350000,5181.250000,5165.000000,5166.650000,1711
2020-12-22T14:30:00+05:30,5166.650000,5180.000000,5164.250000,5177.000000,6638
2020-12-22T14:45:00+05:30,5177.000000,5182.000000,5160.000000,5180.000000,6655
2020-12-22T15:00:00+05:30,5180.000000,5180.900000,5177.000000,5177.500000,5206
2020-12-22T15:15:00+05:30,5177.450000,5199.000000,5177.000000,5190.000000,5727
2020-12-23T09:15:00+05:30,5185.000000,5234.550000,5185.000000,5215.100000,8873
2020-12-23T09:30:00+05:30,5220.200000,5220.900000,5190.800000,5207.500000,4859
2020-12-23T09:45:00+05:30,5206.050000,5207.500000,5195.000000,5196.000000,2856
2020-12-23T10:00:00+05:30,5196.000000,5202.000000,5192.000000,5196.000000,4830
2020-12-23T10:15:00+05:30,5197.450000,5210.000000,5194.250000,5203.350000,9602
2020-12-23T10:30:00+05:30,5203.350000,5209.000000,5197.400000,5200.000000,1753
2020-12-23T10:45:00+05:30,5200.000000,5204.800000,5200.000000,5202.950000,859
2020-12-23T11:00:00+05:30,5200.150000,5202.950000,5199.500000,5200.000000,2606
2020-12-23T11:15:00+05:30,5200.000000,5219.900000,5200.000000,5211.400000,4474
2020-12-23T11:30:00+05:30,5210.000000,5214.000000,5210.000000,5210.000000,869
2020-12-23T11:45:00+05:30,5210.000000,5223.850000,5210.000000,5217.750000,783
2020-12-23T12:00:00+05:30,5217.750000,5223.400000,5210.000000,5210.000000,2535
2020-12-23T12:15:00+05:30,5210.000000,5219.300000,5210.000000,5210.650000,1011
2020-12-23T12:30:00+05:30,5210.650000,5218.150000,5210.000000,5215.000000,851
2020-12-23T12:45:00+05:30,5215.000000,5218.000000,5211.000000,5217.150000,487
2020-12-23T13:00:00+05:30,5217.150000,5225.950000,5213.250000,5224.250000,7305
2020-12-23T13:15:00+05:30,5224.250000,5225.500000,5224.000000,5224.000000,1959
2020-12-23T13:30:00+05:30,5224.000000,5229.900000,5223.450000,5224.050000,4158
2020-12-23T13:45:00+05:30,5224.050000,5227.950000,5224.000000,5224.000000,621
2020-12-23T14:00:00+05:30,5224.000000,5228.600000,5220.000000,5223.350000,1129
2020-12-23T14:15:00+05:30,5223.350000,5226.450000,5220.000000,5223.000000,1799
2020-12-23T14:30:00+05:30,5223.000000,5227.950000,5222.000000,5222.050000,1310
2020-12-23T14:45:00+05:30,5222.050000,5229.000000,5222.050000,5224.000000,1084
2020-12-23T15:00:00+05:30,5224.000000,5228.000000,5192.750000,5206.350000,8670
2020-12-23T15:15:00+05:30,5206.450000,5210.100000,5180.000000,5190.000000,12799
2020-12-24T09:15:00+05:30,5223.100000,5237.950000,5190.200000,5228.000000,6012
2020-12-24T09:30:00+05:30,5228.000000,5228.000000,5212.800000,5217.450000,1007
2020-12-24T09:45:00+05:30,5217.450000,5228.000000,5212.800000,5219.050000,1219
2020-12-24T10:00:00+05:30,5219.050000,5224.000000,5210.000000,5213.000000,801
2020-12-24T10:15:00+05:30,5213.000000,5223.550000,5201.000000,5215.000000,2238
2020-12-24T10:30:00+05:30,5215.000000,5221.000000,5214.850000,5215.100000,538
2020-12-24T10:45:00+05:30,5215.100000,5220.000000,5215.000000,5215.000000,667
2020-12-24T11:00:00+05:30,5215.000000,5218.200000,5215.000000,5215.000000,957
2020-12-24T11:15:00+05:30,5215.000000,5219.750000,5214.850000,5215.000000,1827
2020-12-24T11:30:00+05:30,5215.000000,5218.950000,5214.850000,5215.050000,1601
2020-12-24T11:45:00+05:30,5215.000000,5218.000000,5215.000000,5217.000000,628
2020-12-24T12:00:00+05:30,5215.000000,5222.800000,5215.000000,5219.350000,2121
2020-12-24T12:15:00+05:30,5215.300000,5222.700000,5215.000000,5216.550000,1203
2020-12-24T12:30:00+05:30,5216.550000,5223.950000,5215.550000,5216.600000,1032
2020-12-24T12:45:00+05:30,5216.600000,5222.550000,5216.600000,5217.150000,783
2020-12-24T13:00:00+05:30,5217.150000,5223.800000,5217.150000,5218.300000,942
2020-12-24T13:15:00+05:30,5218.300000,5223.700000,5217.700000,5217.700000,843
2020-12-24T13:30:00+05:30,5217.700000,5221.950000,5215.000000,5215.100000,801
2020-12-24T13:45:00+05:30,5215.100000,5222.000000,5215.100000,5220.000000,900
2020-12-24T14:00:00+05:30,5220.000000,5222.000000,5220.000000,5221.750000,843
2020-12-24T14:15:00+05:30,5221.750000,5222.000000,5200.000000,5207.750000,1298
2020-12-24T14:30:00+05:30,5207.750000,5218.050000,5206.800000,5213.750000,1932
2020-12-24T14:45:00+05:30,5213.750000,5220.950000,5211.300000,5220.000000,1131
2020-12-24T15:00:00+05:30,5220.000000,5227.000000,5220.000000,5226.000000,3634
2020-12-24T15:15:00+05:30,5226.000000,5231.950000,5225.000000,5229.000000,4426
2020-12-28T09:15:00+05:30,5230.000000,5250.000000,5175.450000,5193.050000,7068
2020-12-28T09:30:00+05:30,5193.700000,5216.950000,5191.900000,5210.000000,5465
2020-12-28T09:45:00+05:30,5210.000000,5223.900000,5208.400000,5213.350000,1570
2020-12-28T10:00:00+05:30,5213.350000,5218.750000,5210.000000,5218.350000,1283
2020-12-28T10:15:00+05:30,5218.350000,5223.900000,5213.000000,5213.000000,1180
2020-12-28T10:30:00+05:30,5213.000000,5223.900000,5203.350000,5223.800000,5339
2020-12-28T10:45:00+05:30,5223.850000,5223.850000,5219.000000,5223.750000,615
2020-12-28T11:00:00+05:30,5223.750000,5223.750000,5220.000000,5220.000000,1589
2020-12-28T11:15:00+05:30,5220.000000,5223.000000,5220.000000,5222.000000,1048
2020-12-28T11:30:00+05:30,5222.000000,5223.900000,5220.000000,5223.550000,1045
2020-12-28T11:45:00+05:30,5220.050000,5223.900000,5220.000000,5220.000000,1318
2020-12-28T12:00:00+05:30,5220.000000,5223.900000,5218.150000,5223.900000,625
2020-12-28T12:15:00+05:30,5223.900000,5223.900000,5220.000000,5223.000000,291
2020-12-28T12:30:00+05:30,5223.000000,5223.900000,5220.000000,5220.550000,527
2020-12-28T12:45:00+05:30,5220.550000,5223.850000,5220.000000,5220.000000,331
2020-12-28T13:00:00+05:30,5220.000000,5223.900000,5211.550000,5222.650000,1050
2020-12-28T13:15:00+05:30,5222.650000,5227.750000,5217.650000,5220.000000,1051
2020-12-28T13:30:00+05:30,5220.000000,5230.800000,5220.000000,5223.000000,556
2020-12-28T13:45:00+05:30,5223.000000,5227.700000,5220.000000,5227.000000,682
2020-12-28T14:00:00+05:30,5227.000000,5227.000000,5220.000000,5220.000000,1153
2020-12-28T14:15:00+05:30,5222.000000,5222.900000,5204.750000,5207.150000,1650
2020-12-28T14:30:00+05:30,5211.000000,5220.850000,5203.350000,5215.000000,2807
2020-12-28T14:45:00+05:30,5215.000000,5223.000000,5215.000000,5220.000000,3986
2020-12-28T15:00:00+05:30,5220.000000,5222.950000,5220.000000,5220.000000,3612
2020-12-28T15:15:00+05:30,5220.000000,5222.000000,5181.000000,5187.000000,6380
2020-12-29T09:15:00+05:30,5202.000000,5224.500000,5190.050000,5215.850000,5156
2020-12-29T09:30:00+05:30,5215.850000,5220.000000,5205.000000,5209.800000,2568
2020-12-29T09:45:00+05:30,5206.550000,5209.850000,5200.000000,5205.600000,1223
2020-12-29T10:00:00+05:30,5205.450000,5209.800000,5193.100000,5195.050000,1294
2020-12-29T10:15:00+05:30,5195.050000,5205.500000,5195.050000,5200.250000,1188
2020-12-29T10:30:00+05:30,5200.250000,5200.300000,5185.000000,5185.000000,3347
2020-12-29T10:45:00+05:30,5185.000000,5194.800000,5185.000000,5190.000000,1581
2020-12-29T11:00:00+05:30,5189.000000,5200.000000,5189.000000,5190.000000,2303
2020-12-29T11:15:00+05:30,5190.000000,5198.900000,5190.000000,5190.250000,910
2020-12-29T11:30:00+05:30,5190.250000,5196.000000,5189.000000,5189.050000,1288
2020-12-29T11:45:00+05:30,5190.450000,5197.150000,5189.050000,5195.400000,844
2020-12-29T12:00:00+05:30,5191.350000,5199.150000,5191.250000,5198.950000,786
2020-12-29T12:15:00+05:30,5195.550000,5198.950000,5190.000000,5192.600000,1073
2020-12-29T12:30:00+05:30,5192.600000,5199.850000,5190.000000,5195.550000,1570
2020-12-29T12:45:00+05:30,5192.100000,5197.950000,5192.050000,5194.000000,608
2020-12-29T13:00:00+05:30,5194.000000,5198.950000,5191.000000,5196.950000,926
2020-12-29T13:15:00+05:30,5193.850000,5199.000000,5193.000000,5195.000000,1340
2020-12-29T13:30:00+05:30,5195.000000,5198.150000,5194.000000,5194.000000,1872
2020-12-29T13:45:00+05:30,5194.000000,5198.850000,5194.000000,5194.000000,848
2020-12-29T14:00:00+05:30,5194.000000,5197.600000,5194.000000,5195.000000,627
2020-12-29T14:15:00+05:30,5195.000000,5198.000000,5190.350000,5198.000000,1617
2020-12-29T14:30:00+05:30,5197.500000,5199.250000,5193.000000,5195.000000,1616
2020-12-29T14:45:00+05:30,5195.000000,5197.000000,5188.000000,5188.000000,1732
2020-12-29T15:00:00+05:30,5189.700000,5190.750000,5185.000000,5185.000000,2816
2020-12-29T15:15:00+05:30,5185.000000,5190.400000,5103.000000,5123.000000,19438
2020-12-30T09:15:00+05:30,5159.950000,5159.950000,5123.000000,5132.000000,4737
2020-12-30T09:30:00+05:30,5132.000000,5140.000000,5106.650000,5115.000000,5620
2020-12-30T09:45:00+05:30,5115.000000,5146.200000,5111.450000,5132.600000,5151
2020-12-30T10:00:00+05:30,5132.600000,5144.450000,5130.000000,5133.550000,1644
2020-12-30T10:15:00+05:30,5133.550000,5137.950000,5120.000000,5120.000000,968
2020-12-30T10:30:00+05:30,5120.000000,5130.450000,5117.400000,5127.950000,593
2020-12-30T10:45:00+05:30,5122.950000,5134.350000,5121.250000,5134.350000,598
2020-12-30T11:00:00+05:30,5134.350000,5134.400000,5123.000000,5126.200000,724
2020-12-30T11:15:00+05:30,5126.200000,5129.450000,5121.000000,5121.000000,455
2020-12-30T11:30:00+05:30,5121.000000,5130.000000,5120.800000,5125.800000,510
2020-12-30T11:45:00+05:30,5125.800000,5130.000000,5121.750000,5122.150000,486
2020-12-30T12:00:00+05:30,5125.550000,5126.900000,5120.150000,5124.950000,318
2020-12-30T12:15:00+05:30,5121.000000,5126.000000,5120.000000,5124.400000,712
2020-12-30T12:30:00+05:30,5124.400000,5125.900000,5106.650000,5112.050000,3488
2020-12-30T12:45:00+05:30,5112.050000,5122.900000,5108.350000,5121.050000,1534
2020-12-30T13:00:00+05:30,5121.050000,5124.500000,5112.000000,5112.000000,1053
2020-12-30T13:15:00+05:30,5112.000000,5117.650000,5110.000000,5110.000000,1230
2020-12-30T13:30:00+05:30,5110.000000,5117.750000,5105.000000,5116.800000,1506
2020-12-30T13:45:00+05:30,5112.550000,5119.050000,5111.000000,5119.050000,754
2020-12-30T14:00:00+05:30,5119.050000,5119.050000,5111.000000,5115.000000,1119
2020-12-30T14:15:00+05:30,5115.000000,5123.900000,5113.000000,5118.000000,1338
2020-12-30T14:30:00+05:30,5118.000000,5122.000000,5112.000000,5117.000000,1115
2020-12-30T14:45:00+05:30,5114.550000,5118.950000,5110.000000,5114.650000,1297
2020-12-30T15:00:00+05:30,5114.650000,5117.950000,5110.000000,5113.000000,2307
2020-12-30T15:15:00+05:30,5113.000000,5115.950000,5108.800000,5115.000000,5546
2020-12-31T09:15:00+05:30,5120.000000,5134.450000,5100.000000,5129.550000,5504
2020-12-31T09:30:00+05:30,5129.550000,5149.000000,5116.000000,5148.500000,2967
2020-12-31T09:45:00+05:30,5148.500000,5175.000000,5143.600000,5148.650000,5315
2020-12-31T10:00:00+05:30,5146.000000,5155.700000,5125.200000,5128.750000,1764
2020-12-31T10:15:00+05:30,5128.750000,5155.000000,5128.400000,5151.850000,1322
2020-12-31T10:30:00+05:30,5151.850000,5153.950000,5143.800000,5153.400000,1838
2020-12-31T10:45:00+05:30,5153.400000,5153.500000,5132.500000,5136.350000,1204
2020-12-31T11:00:00+05:30,5136.350000,5138.800000,5130.000000,5138.800000,654
2020-12-31T11:15:00+05:30,5138.800000,5149.000000,5132.550000,5139.900000,653
2020-12-31T11:30:00+05:30,5139.900000,5147.050000,5130.100000,5130.950000,1155
2020-12-31T11:45:00+05:30,5130.950000,5142.850000,5130.750000,5138.700000,707
2020-12-31T12:00:00+05:30,5138.700000,5138.900000,5132.050000,5136.000000,506
2020-12-31T12:15:00+05:30,5136.000000,5142.650000,5131.000000,5137.050000,711
2020-12-31T12:30:00+05:30,5137.050000,5145.950000,5135.000000,5139.050000,471
2020-12-31T12:45:00+05:30,5139.050000,5144.200000,5125.050000,5133.450000,1734
2020-12-31T13:00:00+05:30,5133.450000,5139.050000,5125.050000,5133.100000,300
2020-12-31T13:15:00+05:30,5133.100000,5136.650000,5128.000000,5130.050000,564
2020-12-31T13:30:00+05:30,5130.050000,5134.800000,5128.850000,5130.050000,349
2020-12-31T13:45:00+05:30,5130.050000,5133.550000,5125.050000,5125.100000,676
2020-12-31T14:00:00+05:30,5125.100000,5129.000000,5125.050000,5128.600000,942
2020-12-31T14:15:00+05:30,5128.250000,5128.250000,5110.000000,5110.100000,2975
2020-12-31T14:30:00+05:30,5110.100000,5124.250000,5110.000000,5110.000000,1953
2020-12-31T14:45:00+05:30,5110.000000,5124.000000,5110.000000,5118.100000,1169
2020-12-31T15:00:00+05:30,5118.500000,5122.850000,5102.000000,5104.000000,3115
2020-12-31T15:15:00+05:30,5104.000000,5118.000000,5100.100000,5107.000000,5133
2021-01-01T09:15:00+05:30,5160.000000,5170.000000,5135.150000,5147.200000,7617
2021-01-01T09:30:00+05:30,5150.000000,5339.950000,5145.000000,5339.950000,62489
2021-01-01T09:45:00+05:30,5338.600000,5435.650000,5315.150000,5330.000000,233836
2021-01-01T10:00:00+05:30,5333.300000,5336.000000,5272.700000,5315.000000,43909
2021-01-01T10:15:00+05:30,5313.000000,5318.550000,5280.000000,5290.750000,24315
2021-01-01T10:30:00+05:30,5285.000000,5318.800000,5285.000000,5300.000000,18654
2021-01-01T10:45:00+05:30,5299.750000,5300.500000,5284.050000,5288.300000,11741
2021-01-01T11:00:00+05:30,5288.300000,5290.000000,5250.000000,5276.850000,33020
2021-01-01T11:15:00+05:30,5276.850000,5291.000000,5262.600000,5286.000000,18058
2021-01-01T11:30:00+05:30,5286.000000,5287.000000,5271.000000,5278.000000,5118
2021-01-01T11:45:00+05:30,5278.000000,5288.000000,5265.950000,5275.000000,5328
2021-01-01T12:00:00+05:30,5271.200000,5288.000000,5270.000000,5285.000000,5315
2021-01-01T12:15:00+05:30,5285.000000,5318.000000,5284.000000,5296.950000,18027
2021-01-01T12:30:00+05:30,5296.950000,5297.000000,5280.400000,5287.100000,4906
2021-01-01T12:45:00+05:30,5287.100000,5295.000000,5282.100000,5293.700000,2678
2021-01-01T13:00:00+05:30,5293.700000,5298.000000,5288.300000,5297.000000,3728
2021-01-01T13:15:00+05:30,5297.000000,5305.000000,5285.100000,5301.350000,5108
2021-01-01T13:30:00+05:30,5298.800000,5310.000000,5290.000000,5293.350000,6861
2021-01-01T13:45:00+05:30,5293.350000,5308.000000,5290.000000,5301.800000,5441
2021-01-01T14:00:00+05:30,5301.800000,5304.500000,5295.000000,5298.000000,3819
2021-01-01T14:15:00+05:30,5298.000000,5300.000000,5294.000000,5298.000000,3545
2021-01-01T14:30:00+05:30,5296.050000,5299.000000,5283.000000,5284.000000,8258
2021-01-01T14:45:00+05:30,5283.500000,5299.000000,5283.500000,5285.000000,9257
2021-01-01T15:00:00+05:30,5284.500000,5300.000000,5284.050000,5296.450000,20360
2021-01-01T15:15:00+05:30,5296.450000,5298.400000,5206.400000,5275.000000,36074
2021-01-04T09:15:00+05:30,5300.000000,5327.600000,5280.000000,5287.000000,23354
2021-01-04T09:30:00+05:30,5287.000000,5291.300000,5272.250000,5277.000000,7972
2021-01-04T09:45:00+05:30,5277.000000,5277.000000,5245.900000,5262.050000,11114
2021-01-04T10:00:00+05:30,5265.550000,5269.950000,5256.000000,5260.450000,5183
2021-01-04T10:15:00+05:30,5260.450000,5275.000000,5252.950000,5266.600000,4225
2021-01-04T10:30:00+05:30,5266.600000,5276.000000,5261.050000,5267.500000,3333
2021-01-04T10:45:00+05:30,5267.500000,5269.950000,5255.000000,5258.000000,2320
2021-01-04T11:00:00+05:30,5258.000000,5258.000000,5245.000000,5247.450000,5266
2021-01-04T11:15:00+05:30,5246.000000,5255.000000,5241.000000,5248.600000,1664
2021-01-04T11:30:00+05:30,5248.600000,5254.950000,5245.850000,5250.000000,2159
2021-01-04T11:45:00+05:30,5253.350000,5254.950000,5245.000000,5253.000000,1737
2021-01-04T12:00:00+05:30,5253.000000,5253.000000,5245.000000,5246.100000,1235
2021-01-04T12:15:00+05:30,5246.100000,5250.000000,5243.000000,5245.050000,1321
2021-01-04T12:30:00+05:30,5247.800000,5252.000000,5245.100000,5249.300000,639
2021-01-04T12:45:00+05:30,5249.300000,5250.000000,5241.150000,5243.950000,2111
2021-01-04T13:00:00+05:30,5243.950000,5247.650000,5236.000000,5241.000000,2663
2021-01-04T13:15:00+05:30,5241.000000,5265.000000,5237.100000,5262.000000,3705
2021-01-04T13:30:00+05:30,5262.000000,5275.000000,5260.000000,5260.050000,5052
2021-01-04T13:45:00+05:30,5260.050000,5266.000000,5260.000000,5260.000000,2113
2021-01-04T14:00:00+05:30,5260.000000,5263.450000,5252.000000,5255.100000,1829
2021-01-04T14:15:00+05:30,5255.100000,5272.000000,5255.000000,5265.200000,2456
2021-01-04T14:30:00+05:30,5265.200000,5268.800000,5260.000000,5260.750000,1354
2021-01-04T14:45:00+05:30,5260.700000,5265.000000,5250.600000,5257.250000,3576
2021-01-04T15:00:00+05:30,5257.250000,5263.000000,5252.300000,5258.450000,4453
2021-01-04T15:15:00+05:30,5262.950000,5271.900000,5102.000000,5240.000000,18963
2021-01-05T09:15:00+05:30,5225.300000,5225.300000,5180.400000,5205.000000,7435
2021-01-05T09:30:00+05:30,5205.450000,5209.700000,5185.000000,5191.050000,3334
2021-01-05T09:45:00+05:30,5191.050000,5202.450000,5188.000000,5190.000000,2428
2021-01-05T10:00:00+05:30,5190.000000,5192.350000,5181.050000,5181.050000,1891
2021-01-05T10:15:00+05:30,5181.100000,5204.000000,5175.000000,5192.000000,4208
2021-01-05T10:30:00+05:30,5192.000000,5197.800000,5180.400000,5191.450000,1126
2021-01-05T10:45:00+05:30,5192.000000,5199.500000,5190.850000,5190.850000,877
2021-01-05T11:00:00+05:30,5192.450000,5196.350000,5185.000000,5190.900000,1100
2021-01-05T11:15:00+05:30,5190.900000,5198.000000,5188.000000,5198.000000,853
2021-01-05T11:30:00+05:30,5198.000000,5199.500000,5188.000000,5197.550000,979
2021-01-05T11:45:00+05:30,5197.550000,5204.000000,5195.250000,5197.500000,1671
2021-01-05T12:00:00+05:30,5197.500000,5220.000000,5196.000000,5209.250000,3014
2021-01-05T12:15:00+05:30,5209.250000,5214.850000,5200.350000,5201.100000,1805
2021-01-05T12:30:00+05:30,5201.100000,5209.900000,5200.000000,5203.000000,1136
2021-01-05T12:45:00+05:30,5200.750000,5206.850000,5200.000000,5201.000000,1490
2021-01-05T13:00:00+05:30,5201.000000,5209.000000,5200.000000,5200.750000,1303
2021-01-05T13:15:00+05:30,5200.750000,5204.800000,5200.000000,5201.000000,837
2021-01-05T13:30:00+05:30,5200.050000,5205.000000,5200.000000,5200.800000,911
2021-01-05T13:45:00+05:30,5200.800000,5205.000000,5200.000000,5201.550000,461
2021-01-05T14:00:00+05:30,5201.550000,5205.000000,5200.000000,5202.900000,2300
2021-01-05T14:15:00+05:30,5202.750000,5205.000000,5200.000000,5202.650000,2864
2021-01-05T14:30:00+05:30,5202.050000,5213.850000,5202.000000,5209.000000,1944
2021-01-05T14:45:00+05:30,5209.000000,5213.000000,5200.700000,5204.000000,1270
2021-01-05T15:00:00+05:30,5204.000000,5208.550000,5201.000000,5205.000000,2951
2021-01-05T15:15:00+05:30,5205.000000,5229.900000,5203.000000,5210.950000,4900
2021-01-06T09:15:00+05:30,5207.400000,5224.550000,5181.000000,5197.200000,5782
2021-01-06T09:30:00+05:30,5197.200000,5200.700000,5180.000000,5192.150000,3964
2021-01-06T09:45:00+05:30,5192.150000,5192.750000,5180.000000,5185.700000,2968
2021-01-06T10:00:00+05:30,5185.700000,5187.850000,5172.350000,5176.050000,2975
2021-01-06T10:15:00+05:30,5176.050000,5180.000000,5171.100000,5178.000000,1371
2021-01-06T10:30:00+05:30,5178.000000,5182.000000,5175.000000,5176.050000,1200
2021-01-06T10:45:00+05:30,5176.050000,5182.450000,5171.100000,5179.350000,1325
2021-01-06T11:00:00+05:30,5176.650000,5182.500000,5171.000000,5173.100000,1095
2021-01-06T11:15:00+05:30,5173.100000,5181.700000,5172.050000,5175.000000,1093
2021-01-06T11:30:00+05:30,5175.000000,5181.700000,5162.000000,5163.000000,3738
2021-01-06T11:45:00+05:30,5163.000000,5168.900000,5160.050000,5165.000000,1652
2021-01-06T12:00:00+05:30,5165.000000,5169.850000,5160.100000,5164.000000,5715
2021-01-06T12:15:00+05:30,5164.000000,5165.000000,5160.100000,5162.000000,1095
2021-01-06T12:30:00+05:30,5162.000000,5169.000000,5160.100000,5165.050000,2013
2021-01-06T12:45:00+05:30,5165.050000,5170.000000,5165.000000,5166.050000,802
2021-01-06T13:00:00+05:30,5166.050000,5173.950000,5166.050000,5166.100000,1088
2021-01-06T13:15:00+05:30,5165.250000,5169.200000,5165.000000,5165.350000,1032
2021-01-06T13:30:00+05:30,5168.000000,5170.000000,5165.000000,5166.050000,1073
2021-01-06T13:45:00+05:30,5166.050000,5171.000000,5166.000000,5171.000000,1509
2021-01-06T14:00:00+05:30,5171.000000,5172.000000,5166.000000,5169.000000,2500
2021-01-06T14:15:00+05:30,5169.000000,5172.950000,5169.000000,5169.000000,1605
2021-01-06T14:30:00+05:30,5169.000000,5174.550000,5166.400000,5171.950000,2443
2021-01-06T14:45:00+05:30,5172.000000,5174.950000,5165.000000,5165.000000,938
2021-01-06T15:00:00+05:30,5165.000000,5175.000000,5164.500000,5170.050000,2860
2021-01-06T15:15:00+05:30,5170.000000,5172.750000,5155.000000,5169.950000,5836
2021-01-07T09:15:00+05:30,5180.000000,5195.000000,5170.000000,5176.100000,3304
2021-01-07T09:30:00+05:30,5176.100000,5184.500000,5164.000000,5178.250000,2344
2021-01-07T09:45:00+05:30,5178.250000,5184.250000,5170.350000,5172.650000,1043
2021-01-07T10:00:00+05:30,5172.650000,5179.050000,5161.500000,5165.000000,1353
2021-01-07T10:15:00+05:30,5165.000000,5165.000000,5156.450000,5157.000000,1027
2021-01-07T10:30:00+05:30,5157.000000,5159.950000,5142.000000,5148.000000,2354
2021-01-07T10:45:00+05:30,5148.000000,5154.000000,5144.500000,5147.550000,868
2021-01-07T11:00:00+05:30,5147.550000,5152.250000,5144.000000,5144.400000,602
2021-01-07T11:15:00+05:30,5144.400000,5157.400000,5144.000000,5154.000000,1845
2021-01-07T11:30:00+05:30,5156.700000,5159.350000,5152.400000,5153.100000,430
2021-01-07T11:45:00+05:30,5153.100000,5168.700000,5150.000000,5162.750000,1831
2021-01-07T12:00:00+05:30,5162.750000,5163.000000,5157.000000,5160.450000,851
2021-01-07T12:15:00+05:30,5160.450000,5165.000000,5159.050000,5161.000000,1482
2021-01-07T12:30:00+05:30,5161.000000,5168.400000,5160.000000,5164.550000,1342
2021-01-07T12:45:00+05:30,5164.550000,5165.700000,5151.250000,5155.100000,14278
2021-01-07T13:00:00+05:30,5155.100000,5160.000000,5151.500000,5151.500000,653
2021-01-07T13:15:00+05:30,5151.500000,5159.800000,5151.000000,5158.850000,293
2021-01-07T13:30:00+05:30,5158.850000,5160.000000,5145.000000,5145.000000,506
2021-01-07T13:45:00+05:30,5145.000000,5157.900000,5145.000000,5156.950000,348
2021-01-07T14:00:00+05:30,5156.950000,5159.650000,5147.750000,5152.800000,491
2021-01-07T14:15:00+05:30,5152.800000,5153.000000,5143.000000,5145.000000,552
2021-01-07T14:30:00+05:30,5145.000000,5151.000000,5142.000000,5150.450000,966
2021-01-07T14:45:00+05:30,5150.450000,5151.950000,5144.950000,5144.950000,1282
2021-01-07T15:00:00+05:30,5144.950000,5151.950000,5138.050000,5138.600000,2200
2021-01-07T15:15:00+05:30,5138.600000,5143.750000,5118.000000,5135.000000,4210
2021-01-08T09:15:00+05:30,5163.400000,5174.950000,5135.100000,5151.500000,2932
2021-01-08T09:30:00+05:30,5152.200000,5167.000000,5145.000000,5159.300000,2369
2021-01-08T09:45:00+05:30,5159.300000,5293.700000,5159.300000,5200.150000,28145
2021-01-08T10:00:00+05:30,5204.450000,5319.000000,5200.000000,5219.100000,67701
2021-01-08T10:15:00+05:30,5219.100000,5220.000000,5201.350000,5207.250000,6249
2021-01-08T10:30:00+05:30,5205.000000,5212.550000,5202.500000,5210.000000,2038
2021-01-08T10:45:00+05:30,5206.850000,5212.150000,5206.000000,5208.850000,912
2021-01-08T11:00:00+05:30,5206.000000,5210.000000,5201.000000,5205.000000,1704
2021-01-08T11:15:00+05:30,5202.100000,5206.400000,5170.200000,5181.200000,7190
2021-01-08T11:30:00+05:30,5184.950000,5197.550000,5160.000000,5194.500000,5689
2021-01-08T11:45:00+05:30,5194.500000,5199.850000,5190.000000,5195.300000,2405
2021-01-08T12:00:00+05:30,5195.300000,5198.000000,5190.000000,5192.500000,1555
2021-01-08T12:15:00+05:30,5192.500000,5202.850000,5190.000000,5195.200000,3972
2021-01-08T12:30:00+05:30,5195.200000,5220.000000,5191.450000,5202.100000,3917
2021-01-08T12:45:00+05:30,5202.100000,5210.700000,5202.100000,5210.000000,2747
2021-01-08T13:00:00+05:30,5210.000000,5215.000000,5205.800000,5208.250000,2002
2021-01-08T13:15:00+05:30,5208.000000,5214.800000,5202.000000,5211.150000,1566
2021-01-08T13:30:00+05:30,5211.150000,5213.950000,5210.000000,5210.000000,2107
2021-01-08T13:45:00+05:30,5210.000000,5213.400000,5207.850000,5210.150000,1696
2021-01-08T14:00:00+05:30,5213.400000,5214.900000,5180.050000,5200.000000,5608
2021-01-08T14:15:00+05:30,5200.000000,5206.850000,5172.000000,5175.000000,5058
2021-01-08T14:30:00+05:30,5173.000000,5188.800000,5164.600000,5165.950000,3119
2021-01-08T14:45:00+05:30,5169.950000,5172.000000,5130.000000,5130.000000,6264
2021-01-08T15:00:00+05:30,5132.000000,5150.000000,5125.000000,5130.000000,10940
2021-01-08T15:15:00+05:30,5130.000000,5140.000000,5115.000000,5124.000000,14555
2021-01-11T09:15:00+05:30,5150.000000,5170.600000,5136.200000,5142.000000,6681
2021-01-11T09:30:00+05:30,5142.000000,5160.000000,5142.000000,5146.650000,3030
2021-01-11T09:45:00+05:30,5146.650000,5152.400000,5132.800000,5134.350000,3255
2021-01-11T10:00:00+05:30,5134.350000,5139.500000,5131.000000,5131.150000,1919
2021-01-11T10:15:00+05:30,5131.150000,5135.000000,5125.000000,5126.850000,2219
2021-01-11T10:30:00+05:30,5126.850000,5160.000000,5125.000000,5150.850000,3113
2021-01-11T10:45:00+05:30,5148.050000,5158.300000,5132.000000,5138.300000,1548
2021-01-11T11:00:00+05:30,5138.300000,5142.000000,5130.000000,5140.500000,1518
2021-01-11T11:15:00+05:30,5140.500000,5147.850000,5131.300000,5145.000000,712
2021-01-11T11:30:00+05:30,5145.000000,5149.050000,5135.200000,5142.600000,1162
2021-01-11T11:45:00+05:30,5142.600000,5153.800000,5135.000000,5141.400000,1015
2021-01-11T12:00:00+05:30,5138.200000,5141.900000,5126.000000,5141.300000,2667
2021-01-11T12:15:00+05:30,5141.300000,5146.950000,5126.000000,5140.450000,2555
2021-01-11T12:30:00+05:30,5140.450000,5145.050000,5132.000000,5136.950000,1497
2021-01-11T12:45:00+05:30,5136.950000,5140.650000,5135.000000,5140.000000,304
2021-01-11T13:00:00+05:30,5140.000000,5146.000000,5135.000000,5144.000000,3238
2021-01-11T13:15:00+05:30,5144.000000,5145.000000,5136.250000,5145.000000,401
2021-01-11T13:30:00+05:30,5145.000000,5145.500000,5137.450000,5142.300000,414
2021-01-11T13:45:00+05:30,5142.300000,5145.100000,5135.950000,5138.050000,683
2021-01-11T14:00:00+05:30,5138.050000,5148.800000,5137.000000,5148.800000,2330
2021-01-11T14:15:00+05:30,5148.800000,5148.800000,5143.000000,5144.000000,1184
2021-01-11T14:30:00+05:30,5147.450000,5147.950000,5143.000000,5143.000000,1219
2021-01-11T14:45:00+05:30,5143.000000,5146.100000,5143.000000,5143.000000,935
2021-01-11T15:00:00+05:30,5143.000000,5155.000000,5143.000000,5152.650000,3171
2021-01-11T15:15:00+05:30,5150.000000,5155.000000,5145.050000,5150.000000,4061
2021-01-12T09:15:00+05:30,5149.000000,5167.900000,5138.950000,5151.200000,4238
2021-01-12T09:30:00+05:30,5150.050000,5164.900000,5145.150000,5159.300000,1773
2021-01-12T09:45:00+05:30,5158.500000,5172.000000,5152.250000,5167.650000,2479
2021-01-12T10:00:00+05:30,5167.650000,5169.900000,5159.550000,5164.000000,1663
2021-01-12T10:15:00+05:30,5164.000000,5170.000000,5160.450000,5168.500000,1686
2021-01-12T10:30:00+05:30,5168.500000,5169.500000,5161.700000,5165.950000,677
2021-01-12T10:45:00+05:30,5165.950000,5169.000000,5155.000000,5166.050000,2617
2021-01-12T11:00:00+05:30,5166.050000,5195.550000,5164.200000,5176.250000,4797
2021-01-12T11:15:00+05:30,5176.250000,5219.950000,5176.000000,5200.000000,8408
2021-01-12T11:30:00+05:30,5200.000000,5200.000000,5182.300000,5187.150000,4098
2021-01-12T11:45:00+05:30,5187.150000,5209.000000,5184.000000,5208.500000,3167
2021-01-12T12:00:00+05:30,5204.250000,5210.000000,5196.000000,5197.500000,1862
2021-01-12T12:15:00+05:30,5195.000000,5203.850000,5195.000000,5200.000000,3411
2021-01-12T12:30:00+05:30,5200.050000,5204.950000,5199.250000,5203.750000,4584
2021-01-12T12:45:00+05:30,5203.750000,5203.750000,5200.000000,5200.000000,2252
2021-01-12T13:00:00+05:30,5200.000000,5204.700000,5200.000000,5203.000000,1037
2021-01-12T13:15:00+05:30,5203.000000,5208.000000,5201.000000,5204.000000,1107
2021-01-12T13:30:00+05:30,5206.000000,5207.900000,5204.000000,5205.000000,1640
2021-01-12T13:45:00+05:30,5205.000000,5207.800000,5204.000000,5206.250000,861
2021-01-12T14:00:00+05:30,5206.250000,5214.000000,5204.950000,5209.100000,1372
2021-01-12T14:15:00+05:30,5209.100000,5212.000000,5207.000000,5208.050000,1340
2021-01-12T14:30:00+05:30,5208.050000,5219.000000,5207.000000,5210.200000,2079
2021-01-12T14:45:00+05:30,5210.200000,5214.900000,5210.000000,5211.950000,1595
2021-01-12T15:00:00+05:30,5211.950000,5218.000000,5210.000000,5214.300000,3149
2021-01-12T15:15:00+05:30,5214.300000,5218.700000,5214.000000,5215.000000,6564
2021-01-13T09:15:00+05:30,5200.000000,5211.200000,5180.100000,5193.900000,4761
2021-01-13T09:30:00+05:30,5193.900000,5204.000000,5185.000000,5201.950000,1291
2021-01-13T09:45:00+05:30,5200.000000,5200.000000,5185.100000,5185.600000,1304
2021-01-13T10:00:00+05:30,5185.600000,5190.000000,5180.500000,5187.900000,1609
2021-01-13T10:15:00+05:30,5187.750000,5187.750000,5180.100000,5186.400000,970
2021-01-13T10:30:00+05:30,5186.400000,5186.850000,5176.000000,5182.850000,1533
2021-01-13T10:45:00+05:30,5182.850000,5197.950000,5179.500000,5195.650000,2261
2021-01-13T11:00:00+05:30,5195.000000,5195.000000,5185.000000,5190.050000,2752
2021-01-13T11:15:00+05:30,5190.050000,5195.000000,5186.650000,5191.650000,868
2021-01-13T11:30:00+05:30,5191.650000,5194.850000,5187.000000,5188.300000,1212
2021-01-13T11:45:00+05:30,5188.300000,5195.000000,5188.000000,5191.950000,558
2021-01-13T12:00:00+05:30,5191.950000,5195.000000,5188.000000,5194.400000,825
2021-01-13T12:15:00+05:30,5194.400000,5195.000000,5188.000000,5188.000000,807
2021-01-13T12:30:00+05:30,5188.000000,5194.000000,5188.000000,5190.000000,1036
2021-01-13T12:45:00+05:30,5190.000000,5192.900000,5188.000000,5190.000000,487
2021-01-13T13:00:00+05:30,5190.000000,5192.000000,5188.000000,5191.900000,618
2021-01-13T13:15:00+05:30,5191.900000,5199.000000,5189.600000,5195.600000,1786
2021-01-13T13:30:00+05:30,5195.600000,5199.850000,5193.000000,5193.000000,1156
2021-01-13T13:45:00+05:30,5193.000000,5200.000000,5190.400000,5195.000000,1946
2021-01-13T14:00:00+05:30,5193.350000,5207.000000,5189.050000,5201.050000,4237
2021-01-13T14:15:00+05:30,5201.050000,5210.000000,5199.750000,5200.000000,3051
2021-01-13T14:30:00+05:30,5200.000000,5205.000000,5200.000000,5200.000000,2137
2021-01-13T14:45:00+05:30,5200.000000,5204.000000,5200.000000,5204.000000,2438
2021-01-13T15:00:00+05:30,5204.400000,5205.000000,5200.000000,5200.050000,5849
2021-01-13T15:15:00+05:30,5200.100000,5203.150000,5170.300000,5183.850000,6855
2021-01-14T09:15:00+05:30,5150.000000,5195.000000,5145.000000,5148.650000,4409
2021-01-14T09:30:00+05:30,5148.650000,5163.400000,5135.050000,5145.650000,2014
2021-01-14T09:45:00+05:30,5145.650000,5149.000000,5125.550000,5139.900000,2382
2021-01-14T10:00:00+05:30,5138.800000,5142.850000,5131.000000,5140.350000,884
2021-01-14T10:15:00+05:30,5140.350000,5142.000000,5128.100000,5132.600000,947
2021-01-14T10:30:00+05:30,5132.600000,5143.900000,5130.000000,5139.900000,1035
2021-01-14T10:45:00+05:30,5139.900000,5146.000000,5132.000000,5141.100000,1071
2021-01-14T11:00:00+05:30,5144.900000,5153.000000,5141.050000,5147.000000,1576
2021-01-14T11:15:00+05:30,5149.700000,5154.150000,5146.000000,5150.400000,1648
2021-01-14T11:30:00+05:30,5150.400000,5151.400000,5140.050000,5144.300000,783
2021-01-14T11:45:00+05:30,5144.300000,5149.800000,5144.000000,5147.950000,453
2021-01-14T12:00:00+05:30,5144.100000,5147.950000,5144.000000,5144.150000,834
2021-01-14T12:15:00+05:30,5144.000000,5153.650000,5144.000000,5153.650000,1124
2021-01-14T12:30:00+05:30,5153.650000,5157.000000,5149.000000,5152.300000,680
2021-01-14T12:45:00+05:30,5152.300000,5153.350000,5149.000000,5153.350000,853
2021-01-14T13:00:00+05:30,5153.350000,5155.000000,5151.500000,5153.000000,883
2021-01-14T13:15:00+05:30,5152.000000,5161.600000,5152.000000,5161.600000,668
2021-01-14T13:30:00+05:30,5161.600000,5161.600000,5152.000000,5152.000000,352
2021-01-14T13:45:00+05:30,5152.000000,5156.100000,5152.000000,5152.000000,323
2021-01-14T14:00:00+05:30,5153.800000,5154.950000,5144.850000,5150.550000,4039
2021-01-14T14:15:00+05:30,5150.550000,5156.900000,5150.550000,5152.000000,683
2021-01-14T14:30:00+05:30,5153.250000,5162.950000,5152.000000,5154.650000,933
2021-01-14T14:45:00+05:30,5154.650000,5156.600000,5152.000000,5152.600000,839
2021-01-14T15:00:00+05:30,5155.000000,5161.500000,5152.000000,5155.250000,1343
2021-01-14T15:15:00+05:30,5155.250000,5165.000000,5152.000000,5165.000000,3739
2021-01-15T09:15:00+05:30,5155.400000,5174.400000,5122.050000,5122.050000,3795
2021-01-15T09:30:00+05:30,5123.000000,5137.250000,5114.000000,5120.000000,3184
2021-01-15T09:45:00+05:30,5120.000000,5133.000000,5111.500000,5126.000000,2070
2021-01-15T10:00:00+05:30,5126.000000,5129.750000,5119.950000,5123.000000,1322
2021-01-15T10:15:00+05:30,5123.000000,5124.250000,5115.000000,5117.000000,1008
2021-01-15T10:30:00+05:30,5117.000000,5126.150000,5115.500000,5122.650000,1496
2021-01-15T10:45:00+05:30,5122.650000,5127.000000,5122.600000,5126.300000,639
2021-01-15T11:00:00+05:30,5123.100000,5127.000000,5122.600000,5122.600000,765
2021-01-15T11:15:00+05:30,5122.600000,5125.950000,5120.550000,5124.050000,1311
2021-01-15T11:30:00+05:30,5125.000000,5126.350000,5117.200000,5122.000000,2789
2021-01-15T11:45:00+05:30,5122.000000,5133.000000,5122.000000,5126.050000,3157
2021-01-15T12:00:00+05:30,5126.050000,5130.000000,5125.750000,5126.000000,2072
2021-01-15T12:15:00+05:30,5126.000000,5131.500000,5126.000000,5126.000000,1142
2021-01-15T12:30:00+05:30,5126.000000,5129.850000,5126.000000,5127.500000,576
2021-01-15T12:45:00+05:30,5127.500000,5130.000000,5126.000000,5127.950000,2655
2021-01-15T13:00:00+05:30,5127.950000,5128.900000,5126.000000,5128.650000,413
2021-01-15T13:15:00+05:30,5128.650000,5129.950000,5126.000000,5126.000000,458
2021-01-15T13:30:00+05:30,5126.000000,5130.000000,5126.000000,5129.000000,931
2021-01-15T13:45:00+05:30,5126.200000,5129.400000,5126.000000,5129.200000,857
2021-01-15T14:00:00+05:30,5129.300000,5140.000000,5126.000000,5136.450000,2250
2021-01-15T14:15:00+05:30,5136.450000,5140.000000,5128.000000,5128.000000,1170
2021-01-15T14:30:00+05:30,5128.000000,5132.950000,5126.000000,5126.000000,1687
2021-01-15T14:45:00+05:30,5127.950000,5127.950000,5125.000000,5126.000000,1334
2021-01-15T15:00:00+05:30,5126.000000,5137.350000,5118.000000,5122.200000,2214
2021-01-15T15:15:00+05:30,5122.200000,5127.000000,5103.000000,5112.000000,2544
2021-01-18T09:15:00+05:30,4965.000000,4998.300000,4965.000000,4970.800000,24462
2021-01-18T09:30:00+05:30,4970.050000,4990.000000,4957.050000,4982.600000,8883
2021-01-18T09:45:00+05:30,4982.600000,4988.650000,4960.000000,4972.650000,5053
2021-01-18T10:00:00+05:30,4972.650000,4972.650000,4956.350000,4960.000000,5067
2021-01-18T10:15:00+05:30,4959.850000,4962.800000,4950.000000,4951.250000,5462
2021-01-18T10:30:00+05:30,4951.250000,4953.000000,4930.000000,4943.000000,5357
2021-01-18T10:45:00+05:30,4943.000000,4943.000000,4930.650000,4939.300000,1832
2021-01-18T11:00:00+05:30,4936.000000,4950.000000,4931.000000,4948.800000,2095
2021-01-18T11:15:00+05:30,4950.000000,4965.200000,4950.000000,4956.800000,3103
2021-01-18T11:30:00+05:30,4956.800000,4961.700000,4951.000000,4957.000000,1276
2021-01-18T11:45:00+05:30,4957.000000,4965.000000,4953.000000,4960.150000,2334
2021-01-18T12:00:00+05:30,4960.150000,4964.000000,4958.000000,4959.000000,702
2021-01-18T12:15:00+05:30,4959.000000,4964.000000,4957.750000,4964.000000,3212
2021-01-18T12:30:00+05:30,4963.450000,4969.850000,4962.200000,4964.900000,871
2021-01-18T12:45:00+05:30,4964.900000,4980.000000,4964.900000,4974.000000,2248
2021-01-18T13:00:00+05:30,4974.000000,4976.000000,4970.050000,4976.000000,639
2021-01-18T13:15:00+05:30,4975.000000,4977.000000,4971.000000,4974.050000,1146
2021-01-18T13:30:00+05:30,4974.050000,4980.000000,4973.900000,4978.700000,1952
2021-01-18T13:45:00+05:30,4978.700000,4980.000000,4972.800000,4977.200000,808
2021-01-18T14:00:00+05:30,4977.200000,4980.000000,4975.000000,4979.200000,668
2021-01-18T14:15:00+05:30,4979.000000,4979.950000,4952.150000,4959.600000,1587
2021-01-18T14:30:00+05:30,4959.600000,4969.750000,4959.600000,4968.000000,1305
2021-01-18T14:45:00+05:30,4968.000000,4968.000000,4965.000000,4965.000000,1145
2021-01-18T15:00:00+05:30,4965.000000,4968.000000,4945.500000,4945.500000,3780
2021-01-18T15:15:00+05:30,4946.000000,4946.000000,4928.950000,4935.000000,8002
2021-01-19T09:15:00+05:30,4960.000000,4996.350000,4960.000000,4967.600000,4534
2021-01-19T09:30:00+05:30,4967.700000,4967.700000,4941.000000,4955.000000,2217
2021-01-19T09:45:00+05:30,4955.000000,4972.800000,4955.000000,4960.000000,1217
2021-01-19T10:00:00+05:30,4960.650000,4960.650000,4945.000000,4947.700000,1393
2021-01-19T10:15:00+05:30,4947.700000,4958.500000,4947.200000,4952.000000,864
2021-01-19T10:30:00+05:30,4952.000000,4957.850000,4950.000000,4957.750000,810
2021-01-19T10:45:00+05:30,4957.750000,4964.400000,4951.750000,4956.950000,853
2021-01-19T11:00:00+05:30,4956.950000,4962.500000,4955.250000,4955.450000,597
2021-01-19T11:15:00+05:30,4955.000000,4958.550000,4950.000000,4955.950000,431
2021-01-19T11:30:00+05:30,4955.950000,4961.850000,4948.000000,4961.850000,485
2021-01-19T11:45:00+05:30,4961.850000,4964.950000,4955.000000,4960.500000,689
2021-01-19T12:00:00+05:30,4960.500000,4968.000000,4960.500000,4967.000000,632
2021-01-19T12:15:00+05:30,4967.000000,4969.350000,4962.600000,4964.700000,680
2021-01-19T12:30:00+05:30,4969.000000,4970.000000,4964.550000,4965.100000,530
2021-01-19T12:45:00+05:30,4965.100000,4968.700000,4965.000000,4965.000000,277
2021-01-19T13:00:00+05:30,4966.000000,4969.750000,4965.000000,4969.050000,191
2021-01-19T13:15:00+05:30,4969.050000,4970.000000,4965.000000,4965.350000,598
2021-01-19T13:30:00+05:30,4965.350000,4969.550000,4965.000000,4969.000000,203
2021-01-19T13:45:00+05:30,4966.050000,4969.000000,4965.000000,4965.000000,305
2021-01-19T14:00:00+05:30,4965.000000,4969.000000,4965.000000,4969.000000,863
2021-01-19T14:15:00+05:30,4968.000000,4975.000000,4965.000000,4965.350000,1455
2021-01-19T14:30:00+05:30,4965.350000,4970.850000,4962.100000,4965.000000,537
2021-01-19T14:45:00+05:30,4962.300000,4970.800000,4961.400000,4970.000000,1051
2021-01-19T15:00:00+05:30,4970.000000,4971.950000,4958.000000,4971.000000,1511
2021-01-19T15:15:00+05:30,4970.950000,4974.350000,4962.000000,4970.200000,2812
2021-01-20T09:15:00+05:30,4970.000000,4989.950000,4928.900000,4938.550000,4494
2021-01-20T09:30:00+05:30,4932.250000,4946.550000,4914.000000,4923.000000,4137
2021-01-20T09:45:00+05:30,4923.000000,4924.900000,4902.100000,4908.000000,3288
2021-01-20T10:00:00+05:30,4908.000000,4914.500000,4907.000000,4910.600000,1330
2021-01-20T10:15:00+05:30,4910.600000,4915.300000,4905.000000,4909.500000,1899
2021-01-20T10:30:00+05:30,4909.500000,4920.000000,4906.250000,4915.000000,1445
2021-01-20T10:45:00+05:30,4915.000000,4930.000000,4913.100000,4927.850000,5658
2021-01-20T11:00:00+05:30,4927.850000,4936.750000,4927.850000,4933.000000,3067
2021-01-20T11:15:00+05:30,4933.000000,4939.000000,4930.000000,4934.100000,1540
2021-01-20T11:30:00+05:30,4934.100000,4936.950000,4930.000000,4935.400000,1096
2021-01-20T11:45:00+05:30,4935.400000,4942.400000,4932.050000,4942.400000,1619
2021-01-20T12:00:00+05:30,4942.400000,4945.500000,4935.000000,4937.850000,1123
2021-01-20T12:15:00+05:30,4937.850000,4945.000000,4935.000000,4940.400000,1133
2021-01-20T12:30:00+05:30,4940.400000,4940.400000,4934.050000,4936.700000,1635
2021-01-20T12:45:00+05:30,4936.700000,4945.000000,4935.000000,4942.800000,816
2021-01-20T13:00:00+05:30,4942.800000,4949.200000,4935.050000,4938.000000,1551
2021-01-20T13:15:00+05:30,4938.000000,4940.000000,4934.050000,4937.500000,2117
2021-01-20T13:30:00+05:30,4937.500000,4944.900000,4933.250000,4944.200000,2317
2021-01-20T13:45:00+05:30,4944.200000,4948.750000,4935.000000,4944.400000,1633
2021-01-20T14:00:00+05:30,4944.800000,4944.800000,4935.000000,4938.150000,1111
2021-01-20T14:15:00+05:30,4938.150000,4942.000000,4935.000000,4940.700000,992
2021-01-20T14:30:00+05:30,4940.700000,4940.750000,4920.000000,4927.000000,5708
2021-01-20T14:45:00+05:30,4927.000000,4939.500000,4923.000000,4932.050000,2276
2021-01-20T15:00:00+05:30,4934.950000,4946.000000,4918.000000,4927.500000,10399
2021-01-20T15:15:00+05:30,4927.500000,4932.000000,4907.000000,4931.000000,10367
2021-01-21T09:15:00+05:30,4935.000000,4954.950000,4916.000000,4925.900000,3048
2021-01-21T09:30:00+05:30,4925.900000,4937.900000,4916.000000,4917.000000,2323
2021-01-21T09:45:00+05:30,4917.000000,4929.800000,4907.750000,4929.000000,2528
2021-01-21T10:00:00+05:30,4929.000000,4929.000000,4911.000000,4915.000000,1355
2021-01-21T10:15:00+05:30,4915.000000,4918.950000,4907.750000,4911.000000,1598
2021-01-21T10:30:00+05:30,4911.000000,4919.250000,4907.000000,4915.050000,1895
2021-01-21T10:45:00+05:30,4915.050000,4929.900000,4913.250000,4925.000000,2509
2021-01-21T11:00:00+05:30,4925.000000,4928.950000,4919.000000,4925.000000,705
2021-01-21T11:15:00+05:30,4925.000000,4925.200000,4910.050000,4914.100000,1085
2021-01-21T11:30:00+05:30,4914.050000,4923.200000,4914.000000,4918.800000,778
2021-01-21T11:45:00+05:30,4918.800000,4921.450000,4916.250000,4918.000000,921
2021-01-21T12:00:00+05:30,4918.000000,4925.000000,4917.000000,4918.800000,817
2021-01-21T12:15:00+05:30,4918.800000,4920.000000,4917.000000,4920.000000,1498
2021-01-21T12:30:00+05:30,4918.400000,4925.000000,4918.000000,4919.000000,875
2021-01-21T12:45:00+05:30,4919.000000,4922.000000,4917.000000,4920.950000,1229
2021-01-21T13:00:00+05:30,4920.950000,4922.000000,4917.500000,4918.000000,1495
2021-01-21T13:15:00+05:30,4918.000000,4921.000000,4918.000000,4918.250000,1445
2021-01-21T13:30:00+05:30,4918.250000,4920.600000,4911.100000,4911.100000,1231
2021-01-21T13:45:00+05:30,4911.100000,4919.850000,4905.000000,4917.450000,2562
2021-01-21T14:00:00+05:30,4917.450000,4917.450000,4906.150000,4914.050000,1483
2021-01-21T14:15:00+05:30,4914.050000,4920.650000,4913.500000,4917.000000,1957
2021-01-21T14:30:00+05:30,4917.000000,4921.000000,4860.500000,4880.000000,10265
2021-01-21T14:45:00+05:30,4880.000000,4895.000000,4866.650000,4879.000000,4002
2021-01-21T15:00:00+05:30,4879.000000,4879.800000,4860.000000,4870.000000,3236
2021-01-21T15:15:00+05:30,4870.650000,4872.600000,4847.650000,4855.000000,5885
2021-01-22T09:15:00+05:30,4815.000000,4846.250000,4792.000000,4797.100000,7625
2021-01-22T09:30:00+05:30,4797.500000,4823.550000,4787.250000,4816.050000,3869
2021-01-22T09:45:00+05:30,4821.000000,4822.000000,4802.650000,4818.000000,1339
2021-01-22T10:00:00+05:30,4816.900000,4822.000000,4805.000000,4816.050000,1026
2021-01-22T10:15:00+05:30,4816.750000,4820.000000,4805.050000,4806.050000,873
2021-01-22T10:30:00+05:30,4806.050000,4814.100000,4806.000000,4810.100000,701
2021-01-22T10:45:00+05:30,4810.100000,4825.000000,4805.050000,4806.000000,1033
2021-01-22T11:00:00+05:30,4806.000000,4817.400000,4804.150000,4815.950000,963
2021-01-22T11:15:00+05:30,4815.950000,4817.300000,4809.700000,4817.250000,1273
2021-01-22T11:30:00+05:30,4812.550000,4817.650000,4811.000000,4814.800000,859
2021-01-22T11:45:00+05:30,4814.800000,4819.450000,4811.000000,4818.400000,664
2021-01-22T12:00:00+05:30,4818.400000,4818.400000,4808.500000,4814.950000,631
2021-01-22T12:15:00+05:30,4814.950000,4817.000000,4810.500000,4814.800000,1036
2021-01-22T12:30:00+05:30,4814.800000,4815.000000,4805.050000,4810.000000,1006
2021-01-22T12:45:00+05:30,4806.600000,4811.350000,4805.000000,4805.000000,2976
2021-01-22T13:00:00+05:30,4805.000000,4810.000000,4803.400000,4804.000000,1483
2021-01-22T13:15:00+05:30,4803.750000,4814.200000,4802.000000,4810.150000,1198
2021-01-22T13:30:00+05:30,4810.150000,4814.100000,4804.800000,4813.850000,1163
2021-01-22T13:45:00+05:30,4810.200000,4814.750000,4807.050000,4811.000000,870
2021-01-22T14:00:00+05:30,4812.300000,4823.100000,4809.000000,4823.100000,1812
2021-01-22T14:15:00+05:30,4823.100000,4828.050000,4815.000000,4820.550000,1370
2021-01-22T14:30:00+05:30,4820.550000,4827.450000,4819.350000,4823.950000,891
2021-01-22T14:45:00+05:30,4823.950000,4828.700000,4807.000000,4814.900000,4347
2021-01-22T15:00:00+05:30,4810.200000,4828.000000,4802.000000,4824.950000,3711
2021-01-22T15:15:00+05:30,4824.950000,4826.400000,4802.000000,4824.300000,2992
2021-01-25T09:15:00+05:30,4825.000000,4825.000000,4751.000000,4764.550000,5869
2021-01-25T09:30:00+05:30,4764.550000,4777.300000,4711.000000,4719.000000,4889
2021-01-25T09:45:00+05:30,4719.000000,4727.950000,4650.000000,4709.450000,10700
2021-01-25T10:00:00+05:30,4709.450000,4724.700000,4700.000000,4714.550000,2354
2021-01-25T10:15:00+05:30,4716.700000,4724.000000,4705.000000,4713.900000,1266
2021-01-25T10:30:00+05:30,4713.900000,4723.000000,4705.700000,4707.050000,1466
2021-01-25T10:45:00+05:30,4712.150000,4720.000000,4705.700000,4712.000000,1691
2021-01-25T11:00:00+05:30,4712.000000,4720.000000,4711.000000,4718.900000,666
2021-01-25T11:15:00+05:30,4718.900000,4718.900000,4710.000000,4713.000000,1126
2021-01-25T11:30:00+05:30,4713.000000,4723.650000,4709.100000,4716.950000,1081
2021-01-25T11:45:00+05:30,4716.950000,4716.950000,4700.000000,4704.800000,888
2021-01-25T12:00:00+05:30,4704.800000,4710.450000,4685.000000,4688.450000,2177
2021-01-25T12:15:00+05:30,4688.450000,4702.000000,4685.000000,4693.950000,841
2021-01-25T12:30:00+05:30,4693.950000,4706.150000,4690.000000,4706.000000,537
2021-01-25T12:45:00+05:30,4706.000000,4709.750000,4696.100000,4708.350000,621
2021-01-25T13:00:00+05:30,4708.350000,4717.000000,4702.000000,4709.950000,899
2021-01-25T13:15:00+05:30,4709.950000,4715.450000,4702.100000,4713.200000,353
2021-01-25T13:30:00+05:30,4713.600000,4714.000000,4705.050000,4712.400000,311
2021-01-25T13:45:00+05:30,4710.000000,4716.800000,4702.500000,4715.000000,769
2021-01-25T14:00:00+05:30,4716.800000,4717.000000,4705.000000,4716.850000,2304
2021-01-25T14:15:00+05:30,4713.000000,4719.950000,4712.700000,4717.100000,549
2021-01-25T14:30:00+05:30,4717.100000,4719.900000,4715.000000,4716.000000,583
2021-01-25T14:45:00+05:30,4716.000000,4719.000000,4715.000000,4715.000000,697
2021-01-25T15:00:00+05:30,4715.000000,4720.500000,4705.950000,4718.500000,2158
2021-01-25T15:15:00+05:30,4718.500000,4745.000000,4715.000000,4720.000000,6994
2021-01-27T09:15:00+05:30,4700.000000,4716.700000,4665.500000,4709.800000,4236
2021-01-27T09:30:00+05:30,4712.400000,4719.950000,4683.750000,4685.000000,3464
2021-01-27T09:45:00+05:30,4685.000000,4695.000000,4680.000000,4688.250000,1586
2021-01-27T10:00:00+05:30,4688.250000,4715.000000,4686.150000,4698.250000,2109
2021-01-27T10:15:00+05:30,4698.250000,4708.100000,4685.000000,4694.800000,1755
2021-01-27T10:30:00+05:30,4694.800000,4710.000000,4692.050000,4704.550000,1526
2021-01-27T10:45:00+05:30,4704.550000,4704.550000,4692.000000,4696.450000,781
2021-01-27T11:00:00+05:30,4696.450000,4700.000000,4692.200000,4699.600000,1182
2021-01-27T11:15:00+05:30,4699.600000,4699.600000,4690.000000,4696.750000,383
2021-01-27T11:30:00+05:30,4696.750000,4700.000000,4692.300000,4696.600000,433
2021-01-27T11:45:00+05:30,4696.600000,4697.350000,4688.050000,4697.350000,429
2021-01-27T12:00:00+05:30,4697.350000,4700.000000,4690.300000,4693.050000,864
2021-01-27T12:15:00+05:30,4693.050000,4698.350000,4690.400000,4696.200000,352
2021-01-27T12:30:00+05:30,4696.200000,4697.650000,4690.400000,4693.750000,180
2021-01-27T12:45:00+05:30,4693.750000,4696.550000,4691.000000,4696.550000,212
2021-01-27T13:00:00+05:30,4696.550000,4699.000000,4691.300000,4693.050000,6023
2021-01-27T13:15:00+05:30,4696.700000,4698.950000,4692.000000,4692.000000,299
2021-01-27T13:30:00+05:30,4692.000000,4695.550000,4687.100000,4687.100000,548
2021-01-27T13:45:00+05:30,4687.100000,4696.750000,4682.000000,4696.750000,570
2021-01-27T14:00:00+05:30,4696.750000,4704.950000,4695.000000,4699.900000,1080
2021-01-27T14:15:00+05:30,4699.900000,4700.000000,4685.000000,4690.000000,687
2021-01-27T14:30:00+05:30,4690.000000,4709.000000,4690.000000,4702.000000,1019
2021-01-27T14:45:00+05:30,4702.000000,4715.000000,4701.000000,4705.000000,1054
2021-01-27T15:00:00+05:30,4710.250000,4719.000000,4703.000000,4705.000000,5841
2021-01-27T15:15:00+05:30,4705.000000,4719.000000,4699.000000,4700.100000,5700
2021-01-28T09:15:00+05:30,4675.000000,4693.400000,4640.000000,4641.100000,4197
2021-01-28T09:30:00+05:30,4646.750000,4668.750000,4645.350000,4665.000000,1857
2021-01-28T09:45:00+05:30,4665.000000,4672.000000,4652.800000,4658.450000,1594
2021-01-28T10:00:00+05:30,4658.450000,4675.000000,4652.850000,4660.000000,1134
2021-01-28T10:15:00+05:30,4660.000000,4679.500000,4659.000000,4660.000000,1566
2021-01-28T10:30:00+05:30,4660.000000,4670.000000,4652.000000,4656.000000,899
2021-01-28T10:45:00+05:30,4656.000000,4664.000000,4654.100000,4663.000000,690
2021-01-28T11:00:00+05:30,4663.000000,4676.000000,4652.000000,4670.000000,1490
2021-01-28T11:15:00+05:30,4670.000000,4683.800000,4660.000000,4666.000000,1057
2021-01-28T11:30:00+05:30,4666.000000,4675.000000,4665.850000,4667.850000,689
2021-01-28T11:45:00+05:30,4668.550000,4669.550000,4660.000000,4664.000000,266
2021-01-28T12:00:00+05:30,4664.000000,4673.450000,4652.000000,4653.550000,711
2021-01-28T12:15:00+05:30,4656.000000,4660.000000,4650.100000,4654.800000,975
2021-01-28T12:30:00+05:30,4654.800000,4663.500000,4653.950000,4658.950000,226
2021-01-28T12:45:00+05:30,4658.950000,4662.900000,4655.650000,4659.550000,863
2021-01-28T13:00:00+05:30,4659.550000,4662.900000,4650.000000,4650.000000,484
2021-01-28T13:15:00+05:30,4650.000000,4673.000000,4650.000000,4670.800000,777
2021-01-28T13:30:00+05:30,4670.800000,4680.000000,4653.000000,4679.200000,620
2021-01-28T13:45:00+05:30,4679.200000,4679.800000,4670.000000,4671.300000,394
2021-01-28T14:00:00+05:30,4671.300000,4679.000000,4670.000000,4673.750000,539
2021-01-28T14:15:00+05:30,4673.750000,4678.800000,4670.000000,4673.500000,574
2021-01-28T14:30:00+05:30,4673.500000,4680.000000,4670.000000,4673.600000,1110
2021-01-28T14:45:00+05:30,4673.600000,4685.000000,4670.000000,4680.000000,1222
2021-01-28T15:00:00+05:30,4680.000000,4686.000000,4663.000000,4680.000000,5768
2021-01-28T15:15:00+05:30,4680.000000,4788.650000,4680.000000,4769.950000,11779
2021-01-29T09:15:00+05:30,4780.000000,4784.950000,4700.000000,4715.350000,5085
2021-01-29T09:30:00+05:30,4715.350000,4718.400000,4692.550000,4706.750000,2012
2021-01-29T09:45:00+05:30,4706.750000,4727.000000,4699.000000,4699.000000,1460
2021-01-29T10:00:00+05:30,4700.000000,4719.000000,4697.000000,4708.050000,880
2021-01-29T10:15:00+05:30,4708.050000,4720.200000,4683.000000,4687.900000,1782
2021-01-29T10:30:00+05:30,4687.900000,4708.600000,4683.000000,4701.750000,553
2021-01-29T10:45:00+05:30,4701.750000,4709.200000,4695.100000,4702.800000,335
2021-01-29T11:00:00+05:30,4702.800000,4715.000000,4695.000000,4713.600000,2071
2021-01-29T11:15:00+05:30,4713.600000,4716.700000,4701.350000,4711.100000,2219
2021-01-29T11:30:00+05:30,4711.100000,4714.800000,4703.900000,4710.000000,11172
2021-01-29T11:45:00+05:30,4710.000000,4710.000000,4685.150000,4697.700000,604
2021-01-29T12:00:00+05:30,4697.700000,4704.400000,4672.100000,4682.550000,3070
2021-01-29T12:15:00+05:30,4682.550000,4708.800000,4678.250000,4700.150000,1341
2021-01-29T12:30:00+05:30,4700.150000,4718.000000,4680.050000,4684.000000,10030
2021-01-29T12:45:00+05:30,4684.000000,4706.400000,4681.050000,4689.700000,984
2021-01-29T13:00:00+05:30,4690.000000,4707.450000,4678.100000,4691.500000,1107
2021-01-29T13:15:00+05:30,4691.500000,4710.000000,4690.000000,4703.250000,1248
2021-01-29T13:30:00+05:30,4705.700000,4707.250000,4690.000000,4696.050000,863
2021-01-29T13:45:00+05:30,4696.050000,4703.050000,4682.100000,4684.100000,919
2021-01-29T14:00:00+05:30,4684.100000,4695.000000,4670.450000,4677.400000,1401
2021-01-29T14:15:00+05:30,4677.400000,4691.550000,4670.100000,4682.200000,886
2021-01-29T14:30:00+05:30,4682.200000,4687.000000,4646.000000,4655.250000,3570
2021-01-29T14:45:00+05:30,4658.650000,4659.450000,4645.000000,4650.000000,1529
2021-01-29T15:00:00+05:30,4650.000000,4652.350000,4631.000000,4638.000000,2804
2021-01-29T15:15:00+05:30,4638.000000,4643.150000,4620.000000,4634.250000,2967
2021-02-01T09:15:00+05:30,4649.950000,4662.650000,4605.400000,4624.050000,2569
2021-02-01T09:30:00+05:30,4624.050000,4624.050000,4592.000000,4592.000000,1955
2021-02-01T09:45:00+05:30,4595.600000,4603.400000,4582.150000,4599.700000,1578
2021-02-01T10:00:00+05:30,4599.700000,4605.150000,4590.000000,4593.350000,1373
2021-02-01T10:15:00+05:30,4593.350000,4600.650000,4584.000000,4584.650000,2092
2021-02-01T10:30:00+05:30,4584.650000,4596.700000,4582.000000,4582.450000,641
2021-02-01T10:45:00+05:30,4582.450000,4600.000000,4582.450000,4595.050000,693
2021-02-01T11:00:00+05:30,4595.050000,4597.700000,4583.050000,4593.400000,625
2021-02-01T11:15:00+05:30,4593.100000,4605.400000,4582.900000,4595.550000,1884
2021-02-01T11:30:00+05:30,4595.550000,4597.050000,4580.000000,4580.000000,971
2021-02-01T11:45:00+05:30,4580.000000,4590.000000,4580.000000,4590.000000,763
2021-02-01T12:00:00+05:30,4590.000000,4599.950000,4588.500000,4591.000000,1161
2021-02-01T12:15:00+05:30,4591.000000,4599.000000,4590.050000,4597.750000,1751
2021-02-01T12:30:00+05:30,4597.750000,4598.850000,4591.000000,4593.500000,560
2021-02-01T12:45:00+05:30,4593.500000,4602.000000,4591.000000,4597.900000,632
2021-02-01T13:00:00+05:30,4597.900000,4609.800000,4593.600000,4602.100000,673
2021-02-01T13:15:00+05:30,4602.100000,4607.200000,4581.050000,4587.600000,4643
2021-02-01T13:30:00+05:30,4587.600000,4587.850000,4563.050000,4585.000000,2199
2021-02-01T13:45:00+05:30,4585.000000,4587.750000,4558.950000,4559.000000,2285
2021-02-01T14:00:00+05:30,4559.000000,4570.000000,4545.050000,4557.050000,2267
2021-02-01T14:15:00+05:30,4557.050000,4557.050000,4540.100000,4549.100000,2492
2021-02-01T14:30:00+05:30,4549.100000,4557.550000,4543.400000,4551.000000,1859
2021-02-01T14:45:00+05:30,4551.000000,4551.000000,4542.900000,4545.550000,1209
2021-02-01T15:00:00+05:30,4545.550000,4558.900000,4544.000000,4544.000000,2265
2021-02-01T15:15:00+05:30,4544.000000,4545.000000,4516.950000,4538.000000,6407
2021-02-02T09:15:00+05:30,4582.550000,4585.000000,4538.000000,4570.050000,5757
2021-02-02T09:30:00+05:30,4570.050000,4577.900000,4556.050000,4556.050000,2096
2021-02-02T09:45:00+05:30,4556.050000,4575.000000,4544.000000,4546.050000,2837
2021-02-02T10:00:00+05:30,4548.550000,4553.000000,4545.000000,4546.000000,1985
2021-02-02T10:15:00+05:30,4546.000000,4549.950000,4538.000000,4545.000000,1716
2021-02-02T10:30:00+05:30,4545.000000,4550.000000,4502.350000,4507.650000,3660
2021-02-02T10:45:00+05:30,4507.650000,4535.000000,4507.650000,4529.350000,2443
2021-02-02T11:00:00+05:30,4529.350000,4535.000000,4509.900000,4515.000000,1602
2021-02-02T11:15:00+05:30,4515.000000,4523.900000,4503.650000,4507.000000,988
2021-02-02T11:30:00+05:30,4507.000000,4517.350000,4502.250000,4514.000000,1174
2021-02-02T11:45:00+05:30,4513.950000,4518.000000,4507.000000,4515.000000,676
2021-02-02T12:00:00+05:30,4515.000000,4520.000000,4507.850000,4514.400000,1118
2021-02-02T12:15:00+05:30,4514.400000,4515.000000,4507.000000,4507.000000,883
2021-02-02T12:30:00+05:30,4507.000000,4510.000000,4488.150000,4491.800000,6021
2021-02-02T12:45:00+05:30,4490.000000,4509.500000,4485.000000,4500.000000,1445
2021-02-02T13:00:00+05:30,4500.000000,4509.000000,4495.000000,4502.150000,1139
2021-02-02T13:15:00+05:30,4502.150000,4512.000000,4492.000000,4508.650000,773
2021-02-02T13:30:00+05:30,4508.650000,4508.650000,4496.600000,4500.000000,1007
2021-02-02T13:45:00+05:30,4500.000000,4504.950000,4483.000000,4490.000000,3987
2021-02-02T14:00:00+05:30,4490.000000,4493.950000,4483.000000,4488.300000,1507
2021-02-02T14:15:00+05:30,4485.000000,4491.400000,4480.000000,4480.000000,2489
2021-02-02T14:30:00+05:30,4480.000000,4484.900000,4425.300000,4473.000000,8416
2021-02-02T14:45:00+05:30,4473.000000,4476.000000,4470.000000,4473.000000,1942
2021-02-02T15:00:00+05:30,4473.000000,4478.000000,4465.000000,4468.100000,2676
2021-02-02T15:15:00+05:30,4468.100000,4475.000000,4455.000000,4470.000000,4230
2021-02-03T09:15:00+05:30,4475.000000,4563.850000,4475.000000,4548.100000,10093
2021-02-03T09:30:00+05:30,4548.100000,4558.000000,4520.000000,4524.150000,4877
2021-02-03T09:45:00+05:30,4520.000000,4530.000000,4500.000000,4522.050000,6578
2021-02-03T10:00:00+05:30,4522.050000,4526.000000,4503.250000,4511.350000,2943
2021-02-03T10:15:00+05:30,4511.350000,4516.350000,4501.200000,4506.250000,2120
2021-02-03T10:30:00+05:30,4506.250000,4519.700000,4505.000000,4515.050000,1896
2021-02-03T10:45:00+05:30,4511.700000,4524.850000,4509.700000,4512.000000,2348
2021-02-03T11:00:00+05:30,4512.000000,4525.000000,4506.700000,4517.550000,2742
2021-02-03T11:15:00+05:30,4516.050000,4527.000000,4516.050000,4520.250000,1732
2021-02-03T11:30:00+05:30,4520.200000,4523.450000,4510.000000,4515.400000,1316
2021-02-03T11:45:00+05:30,4515.350000,4518.850000,4491.400000,4499.350000,3377
2021-02-03T12:00:00+05:30,4501.150000,4508.950000,4499.450000,4503.000000,1023
2021-02-03T12:15:00+05:30,4503.000000,4512.250000,4501.100000,4509.000000,1460
2021-02-03T12:30:00+05:30,4509.000000,4510.900000,4497.200000,4499.950000,1901
2021-02-03T12:45:00+05:30,4499.950000,4509.500000,4463.500000,4467.750000,14535
2021-02-03T13:00:00+05:30,4467.750000,4498.950000,4453.050000,4492.100000,3637
2021-02-03T13:15:00+05:30,4492.100000,4497.600000,4477.650000,4478.950000,1691
2021-02-03T13:30:00+05:30,4478.000000,4496.000000,4477.050000,4486.650000,1344
2021-02-03T13:45:00+05:30,4486.650000,4491.400000,4480.000000,4486.750000,1674
2021-02-03T14:00:00+05:30,4486.750000,4497.650000,4483.000000,4492.650000,960
2021-02-03T14:15:00+05:30,4492.650000,4508.000000,4486.000000,4497.100000,1347
2021-02-03T14:30:00+05:30,4497.100000,4504.000000,4492.250000,4498.050000,1035
2021-02-03T14:45:00+05:30,4498.050000,4503.000000,4493.650000,4494.450000,1750
2021-02-03T15:00:00+05:30,4496.100000,4502.900000,4490.000000,4495.050000,7472
2021-02-03T15:15:00+05:30,4495.050000,4498.000000,4463.000000,4490.000000,9966
2021-02-04T09:15:00+05:30,4524.000000,4550.000000,4507.050000,4542.200000,6719
2021-02-04T09:30:00+05:30,4540.400000,4575.800000,4536.000000,4565.300000,5873
2021-02-04T09:45:00+05:30,4565.200000,4580.000000,4565.000000,4565.000000,3760
2021-02-04T10:00:00+05:30,4565.950000,4571.950000,4542.150000,4567.800000,2690
2021-02-04T10:15:00+05:30,4567.800000,4595.000000,4563.550000,4585.400000,4343
2021-02-04T10:30:00+05:30,4585.200000,4595.000000,4567.400000,4575.000000,3153
2021-02-04T10:45:00+05:30,4575.000000,4584.950000,4575.000000,4577.950000,1328
2021-02-04T11:00:00+05:30,4577.950000,4577.950000,4566.000000,4570.350000,834
2021-02-04T11:15:00+05:30,4570.350000,4577.000000,4568.050000,4574.900000,697
2021-02-04T11:30:00+05:30,4574.900000,4577.950000,4570.050000,4573.000000,653
2021-02-04T11:45:00+05:30,4573.000000,4579.600000,4568.000000,4579.600000,1108
2021-02-04T12:00:00+05:30,4579.950000,4580.000000,4568.750000,4573.400000,1063
2021-02-04T12:15:00+05:30,4573.400000,4576.950000,4549.050000,4553.050000,2323
2021-02-04T12:30:00+05:30,4552.450000,4557.000000,4502.000000,4510.000000,10338
2021-02-04T12:45:00+05:30,4510.000000,4511.000000,4490.000000,4498.000000,5363
2021-02-04T13:00:00+05:30,4498.000000,4500.000000,4495.650000,4500.000000,1801
2021-02-04T13:15:00+05:30,4500.000000,4503.500000,4497.000000,4499.000000,1852
2021-02-04T13:30:00+05:30,4499.000000,4502.950000,4496.300000,4500.000000,843
2021-02-04T13:45:00+05:30,4500.000000,4503.550000,4498.000000,4500.000000,1707
2021-02-04T14:00:00+05:30,4500.000000,4503.850000,4499.600000,4500.000000,2333
2021-02-04T14:15:00+05:30,4500.050000,4502.900000,4495.400000,4500.000000,1686
2021-02-04T14:30:00+05:30,4500.000000,4503.150000,4498.000000,4500.000000,1442
2021-02-04T14:45:00+05:30,4500.000000,4503.000000,4496.000000,4500.000000,1405
2021-02-04T15:00:00+05:30,4500.000000,4500.000000,4498.500000,4499.500000,1976
2021-02-04T15:15:00+05:30,4498.550000,4500.000000,4490.100000,4500.000000,5793
2021-02-05T09:15:00+05:30,4515.000000,4564.000000,4515.000000,4548.000000,8352
2021-02-05T09:30:00+05:30,4548.900000,4550.000000,4531.000000,4549.750000,2782
2021-02-05T09:45:00+05:30,4549.750000,4555.000000,4540.250000,4547.000000,3533
2021-02-05T10:00:00+05:30,4547.000000,4555.450000,4542.000000,4545.500000,1175
2021-02-05T10:15:00+05:30,4545.500000,4554.350000,4541.900000,4546.950000,1762
2021-02-05T10:30:00+05:30,4549.000000,4556.000000,4483.250000,4503.250000,8373
2021-02-05T10:45:00+05:30,4503.250000,4525.000000,4482.000000,4517.100000,11390
2021-02-05T11:00:00+05:30,4517.100000,4535.000000,4507.100000,4528.050000,4540
2021-02-05T11:15:00+05:30,4528.050000,4544.900000,4522.800000,4533.250000,2130
2021-02-05T11:30:00+05:30,4533.250000,4539.600000,4495.450000,4518.150000,5567
2021-02-05T11:45:00+05:30,4516.450000,4524.700000,4508.000000,4521.000000,1983
2021-02-05T12:00:00+05:30,4521.000000,4542.850000,4520.050000,4530.750000,3443
2021-02-05T12:15:00+05:30,4530.750000,4560.000000,4518.050000,4555.950000,3819
2021-02-05T12:30:00+05:30,4558.900000,4566.000000,4545.000000,4566.000000,3879
2021-02-05T12:45:00+05:30,4566.550000,4590.000000,4548.800000,4565.000000,6498
2021-02-05T13:00:00+05:30,4565.000000,4575.000000,4535.050000,4564.500000,8893
2021-02-05T13:15:00+05:30,4564.600000,4569.200000,4552.600000,4562.150000,2093
2021-02-05T13:30:00+05:30,4562.000000,4569.000000,4555.000000,4558.700000,3340
2021-02-05T13:45:00+05:30,4558.700000,4585.000000,4558.700000,4578.000000,5426
2021-02-05T14:00:00+05:30,4578.000000,4578.000000,4560.000000,4560.050000,1029
2021-02-05T14:15:00+05:30,4560.050000,4572.000000,4555.000000,4562.500000,1748
2021-02-05T14:30:00+05:30,4562.500000,4563.700000,4549.700000,4554.100000,4070
2021-02-05T14:45:00+05:30,4557.950000,4589.950000,4525.000000,4541.700000,9130
2021-02-05T15:00:00+05:30,4541.700000,4550.000000,4526.100000,4531.000000,3331
2021-02-05T15:15:00+05:30,4531.000000,4537.100000,4482.700000,4506.000000,10029
2021-02-08T09:15:00+05:30,4579.000000,4586.200000,4542.000000,4544.000000,11836
2021-02-08T09:30:00+05:30,4542.000000,4550.000000,4533.000000,4544.600000,5649
2021-02-08T09:45:00+05:30,4548.000000,4570.000000,4545.150000,4565.000000,5087
2021-02-08T10:00:00+05:30,4565.000000,4567.500000,4550.000000,4557.200000,1875
2021-02-08T10:15:00+05:30,4554.250000,4564.000000,4550.000000,4560.150000,2249
2021-02-08T10:30:00+05:30,4560.150000,4561.750000,4548.000000,4552.400000,3422
2021-02-08T10:45:00+05:30,4552.400000,4556.950000,4550.550000,4553.550000,897
2021-02-08T11:00:00+05:30,4553.550000,4555.000000,4538.050000,4542.500000,1312
2021-02-08T11:15:00+05:30,4542.500000,4546.050000,4536.200000,4536.200000,1255
2021-02-08T11:30:00+05:30,4536.200000,4549.200000,4535.000000,4548.500000,927
2021-02-08T11:45:00+05:30,4548.500000,4550.000000,4543.000000,4548.500000,533
2021-02-08T12:00:00+05:30,4548.500000,4548.500000,4538.000000,4541.000000,641
2021-02-08T12:15:00+05:30,4541.000000,4543.450000,4536.000000,4536.000000,579
2021-02-08T12:30:00+05:30,4536.000000,4538.450000,4530.800000,4534.000000,1072
2021-02-08T12:45:00+05:30,4534.000000,4540.000000,4526.200000,4531.000000,1691
2021-02-08T13:00:00+05:30,4531.000000,4538.000000,4526.600000,4538.000000,753
2021-02-08T13:15:00+05:30,4538.000000,4539.000000,4530.050000,4532.150000,640
2021-02-08T13:30:00+05:30,4532.150000,4538.000000,4529.050000,4532.950000,584
2021-02-08T13:45:00+05:30,4533.000000,4538.000000,4528.000000,4535.500000,959
2021-02-08T14:00:00+05:30,4535.500000,4537.700000,4525.000000,4531.000000,1132
2021-02-08T14:15:00+05:30,4531.000000,4535.000000,4520.200000,4520.200000,1345
2021-02-08T14:30:00+05:30,4520.200000,4524.950000,4509.950000,4510.150000,3379
2021-02-08T14:45:00+05:30,4510.150000,4514.600000,4488.000000,4489.000000,5433
2021-02-08T15:00:00+05:30,4489.000000,4514.000000,4486.000000,4499.900000,6152
2021-02-08T15:15:00+05:30,4503.950000,4505.000000,4480.400000,4491.000000,6219
2021-02-09T09:15:00+05:30,4491.000000,4510.000000,4471.050000,4485.100000,5913
2021-02-09T09:30:00+05:30,4485.050000,4495.950000,4482.000000,4482.050000,2613
2021-02-09T09:45:00+05:30,4482.050000,4490.250000,4473.000000,4485.550000,2011
2021-02-09T10:00:00+05:30,4485.550000,4494.950000,4474.650000,4489.800000,1221
2021-02-09T10:15:00+05:30,4489.800000,4519.000000,4486.200000,4511.850000,3372
2021-02-09T10:30:00+05:30,4518.900000,4523.100000,4500.250000,4505.200000,2073
2021-02-09T10:45:00+05:30,4505.200000,4505.200000,4490.000000,4499.750000,1479
2021-02-09T11:00:00+05:30,4499.750000,4511.950000,4496.100000,4509.000000,789
2021-02-09T11:15:00+05:30,4509.000000,4516.000000,4496.750000,4504.000000,1909
2021-02-09T11:30:00+05:30,4504.000000,4504.000000,4490.300000,4493.000000,538
2021-02-09T11:45:00+05:30,4493.000000,4504.000000,4492.100000,4504.000000,756
2021-02-09T12:00:00+05:30,4505.000000,4510.000000,4500.000000,4504.700000,713
2021-02-09T12:15:00+05:30,4504.700000,4504.850000,4496.000000,4499.600000,395
2021-02-09T12:30:00+05:30,4504.500000,4506.400000,4500.750000,4502.250000,450
2021-02-09T12:45:00+05:30,4502.250000,4506.900000,4496.500000,4502.950000,564
2021-02-09T13:00:00+05:30,4502.950000,4505.500000,4486.950000,4499.400000,1715
2021-02-09T13:15:00+05:30,4500.000000,4517.000000,4500.000000,4503.850000,2028
2021-02-09T13:30:00+05:30,4503.850000,4511.950000,4501.950000,4501.950000,430
2021-02-09T13:45:00+05:30,4501.950000,4508.500000,4494.450000,4500.800000,1111
2021-02-09T14:00:00+05:30,4500.800000,4505.750000,4487.000000,4499.950000,8079
2021-02-09T14:15:00+05:30,4499.950000,4500.000000,4475.000000,4482.300000,1892
2021-02-09T14:30:00+05:30,4482.300000,4493.950000,4471.000000,4483.900000,1710
2021-02-09T14:45:00+05:30,4483.700000,4488.300000,4465.100000,4481.400000,3053
2021-02-09T15:00:00+05:30,4481.400000,4486.400000,4450.000000,4453.700000,6191
2021-02-09T15:15:00+05:30,4453.700000,4465.950000,4450.000000,4463.900000,5408
2021-02-10T09:15:00+05:30,4458.150000,4479.700000,4455.800000,4466.000000,2802
2021-02-10T09:30:00+05:30,4469.000000,4475.000000,4463.350000,4470.000000,803
2021-02-10T09:45:00+05:30,4470.000000,4474.950000,4461.950000,4468.250000,692
2021-02-10T10:00:00+05:30,4473.700000,4473.700000,4462.100000,4462.100000,841
2021-02-10T10:15:00+05:30,4462.100000,4462.100000,4402.700000,4412.300000,7489
2021-02-10T10:30:00+05:30,4415.000000,4459.150000,4415.000000,4445.450000,5277
2021-02-10T10:45:00+05:30,4446.650000,4452.100000,4427.000000,4428.750000,1357
2021-02-10T11:00:00+05:30,4428.750000,4444.950000,4428.750000,4442.200000,243
2021-02-10T11:15:00+05:30,4442.200000,4444.900000,4430.300000,4435.400000,691
2021-02-10T11:30:00+05:30,4435.400000,4440.250000,4428.850000,4434.650000,669
2021-02-10T11:45:00+05:30,4430.200000,4445.000000,4430.150000,4445.000000,474
2021-02-10T12:00:00+05:30,4445.000000,4445.000000,4430.250000,4441.900000,426
2021-02-10T12:15:00+05:30,4441.900000,4445.000000,4432.650000,4440.000000,298
2021-02-10T12:30:00+05:30,4440.000000,4444.000000,4438.050000,4441.350000,271
2021-02-10T12:45:00+05:30,4441.350000,4444.350000,4432.650000,4440.500000,542
2021-02-10T13:00:00+05:30,4440.500000,4442.200000,4421.950000,4435.650000,1752
2021-02-10T13:15:00+05:30,4435.650000,4443.950000,4427.500000,4443.850000,1559
2021-02-10T13:30:00+05:30,4443.850000,4448.900000,4429.000000,4430.000000,1081
2021-02-10T13:45:00+05:30,4430.000000,4442.950000,4426.050000,4438.350000,344
2021-02-10T14:00:00+05:30,4438.350000,4439.850000,4425.050000,4426.100000,772
2021-02-10T14:15:00+05:30,4426.100000,4432.000000,4423.600000,4432.000000,700
2021-02-10T14:30:00+05:30,4430.000000,4440.000000,4430.000000,4432.650000,883
2021-02-10T14:45:00+05:30,4432.650000,4437.000000,4413.150000,4414.650000,1638
2021-02-10T15:00:00+05:30,4412.050000,4429.500000,4412.050000,4414.100000,1764
2021-02-10T15:15:00+05:30,4414.100000,4425.000000,4405.000000,4413.950000,4762
2021-02-11T09:15:00+05:30,4422.250000,4456.150000,4417.200000,4445.300000,2619
2021-02-11T09:30:00+05:30,4445.300000,4449.000000,4433.000000,4433.000000,1038
2021-02-11T09:45:00+05:30,4432.750000,4440.650000,4418.350000,4425.150000,1162
2021-02-11T10:00:00+05:30,4425.150000,4429.400000,4423.050000,4425.200000,361
2021-02-11T10:15:00+05:30,4425.050000,4429.000000,4418.000000,4427.400000,1031
2021-02-11T10:30:00+05:30,4427.400000,4428.000000,4422.450000,4428.000000,463
2021-02-11T10:45:00+05:30,4430.050000,4445.950000,4430.050000,4444.850000,1008
2021-02-11T11:00:00+05:30,4444.850000,4446.000000,4435.250000,4445.900000,978
2021-02-11T11:15:00+05:30,4445.900000,4445.900000,4430.350000,4437.450000,474
2021-02-11T11:30:00+05:30,4437.450000,4439.600000,4427.000000,4433.250000,659
2021-02-11T11:45:00+05:30,4433.250000,4437.850000,4432.000000,4435.000000,155
2021-02-11T12:00:00+05:30,4427.350000,4439.700000,4425.000000,4438.750000,404
2021-02-11T12:15:00+05:30,4438.750000,4443.700000,4435.300000,4440.750000,289
2021-02-11T12:30:00+05:30,4440.750000,4445.850000,4435.300000,4445.550000,341
2021-02-11T12:45:00+05:30,4445.550000,4445.550000,4419.800000,4422.000000,1734
2021-02-11T13:00:00+05:30,4422.000000,4427.950000,4417.200000,4425.250000,948
2021-02-11T13:15:00+05:30,4425.250000,4428.000000,4422.050000,4426.300000,258
2021-02-11T13:30:00+05:30,4426.300000,4427.500000,4422.000000,4424.500000,171
2021-02-11T13:45:00+05:30,4425.000000,4428.000000,4421.400000,4428.000000,263
2021-02-11T14:00:00+05:30,4428.000000,4429.000000,4422.550000,4427.000000,366
2021-02-11T14:15:00+05:30,4427.000000,4431.150000,4420.350000,4431.150000,468
2021-02-11T14:30:00+05:30,4429.100000,4434.200000,4422.050000,4434.100000,920
2021-02-11T14:45:00+05:30,4434.100000,4434.450000,4420.350000,4431.150000,735
2021-02-11T15:00:00+05:30,4431.150000,4438.000000,4426.200000,4436.950000,1055
2021-02-11T15:15:00+05:30,4436.950000,4450.000000,4432.000000,4450.000000,3151
2021-02-12T09:15:00+05:30,4445.000000,4466.250000,4445.000000,4460.000000,2488
2021-02-12T09:30:00+05:30,4461.000000,4500.000000,4458.150000,4480.000000,5157
2021-02-12T09:45:00+05:30,4480.000000,4493.000000,4475.000000,4483.300000,1772
2021-02-12T10:00:00+05:30,4483.300000,4486.650000,4475.000000,4483.800000,884
2021-02-12T10:15:00+05:30,4483.800000,4490.000000,4480.000000,4485.000000,999
2021-02-12T10:30:00+05:30,4485.000000,4490.000000,4478.500000,4490.000000,1605
2021-02-12T10:45:00+05:30,4490.000000,4490.000000,4480.050000,4489.700000,878
2021-02-12T11:00:00+05:30,4489.700000,4498.000000,4484.500000,4494.950000,1131
2021-02-12T11:15:00+05:30,4499.000000,4499.000000,4482.000000,4482.150000,1563
2021-02-12T11:30:00+05:30,4482.150000,4485.350000,4470.850000,4474.700000,1193
2021-02-12T11:45:00+05:30,4474.700000,4476.150000,4471.000000,4473.000000,704
2021-02-12T12:00:00+05:30,4473.000000,4475.000000,4470.600000,4474.900000,285
2021-02-12T12:15:00+05:30,4474.900000,4475.000000,4471.100000,4475.000000,324
2021-02-12T12:30:00+05:30,4476.800000,4476.800000,4466.000000,4471.050000,1021
2021-02-12T12:45:00+05:30,4471.050000,4475.000000,4466.800000,4475.000000,356
2021-02-12T13:00:00+05:30,4475.000000,4476.850000,4459.000000,4460.050000,1082
2021-02-12T13:15:00+05:30,4460.050000,4464.400000,4455.000000,4455.000000,981
2021-02-12T13:30:00+05:30,4455.000000,4464.950000,4455.000000,4456.050000,816
2021-02-12T13:45:00+05:30,4456.050000,4459.200000,4450.000000,4451.800000,1015
2021-02-12T14:00:00+05:30,4451.800000,4454.950000,4446.000000,4447.500000,1095
2021-02-12T14:15:00+05:30,4447.500000,4455.000000,4442.000000,4442.000000,1128
2021-02-12T14:30:00+05:30,4441.650000,4449.300000,4440.750000,4447.550000,966
2021-02-12T14:45:00+05:30,4444.100000,4449.350000,4423.000000,4424.050000,2812
2021-02-12T15:00:00+05:30,4424.050000,4427.850000,4420.000000,4422.850000,2886
2021-02-12T15:15:00+05:30,4422.850000,4433.100000,4395.000000,4427.000000,6832
2021-02-15T09:15:00+05:30,4469.000000,4473.950000,4450.000000,4460.050000,4563
2021-02-15T09:30:00+05:30,4461.000000,4479.000000,4456.050000,4471.000000,2414
2021-02-15T09:45:00+05:30,4472.000000,4489.550000,4470.000000,4483.000000,2244
2021-02-15T10:00:00+05:30,4483.000000,4491.000000,4480.000000,4485.150000,2291
2021-02-15T10:15:00+05:30,4482.150000,4519.000000,4480.150000,4519.000000,4915
2021-02-15T10:30:00+05:30,4519.000000,4525.000000,4500.000000,4505.850000,3943
2021-02-15T10:45:00+05:30,4505.850000,4524.000000,4503.750000,4516.300000,2311
2021-02-15T11:00:00+05:30,4516.300000,4520.000000,4507.200000,4518.950000,1663
2021-02-15T11:15:00+05:30,4518.950000,4518.950000,4502.800000,4515.050000,3533
2021-02-15T11:30:00+05:30,4515.050000,4518.750000,4502.000000,4511.250000,1297
2021-02-15T11:45:00+05:30,4511.250000,4514.000000,4506.400000,4510.000000,866
2021-02-15T12:00:00+05:30,4510.000000,4514.900000,4509.000000,4510.250000,2208
2021-02-15T12:15:00+05:30,4510.250000,4522.000000,4509.700000,4522.000000,1261
2021-02-15T12:30:00+05:30,4522.000000,4524.900000,4518.450000,4523.950000,1202
2021-02-15T12:45:00+05:30,4523.950000,4545.000000,4522.000000,4545.000000,5621
2021-02-15T13:00:00+05:30,4545.000000,4575.000000,4542.050000,4571.500000,9937
2021-02-15T13:15:00+05:30,4570.150000,4570.150000,4550.000000,4552.000000,3475
2021-02-15T13:30:00+05:30,4554.600000,4575.000000,4544.000000,4567.650000,3911
2021-02-15T13:45:00+05:30,4571.500000,4572.000000,4552.000000,4557.000000,1639
2021-02-15T14:00:00+05:30,4557.000000,4558.000000,4536.000000,4538.150000,2463
2021-02-15T14:15:00+05:30,4539.400000,4540.000000,4536.500000,4539.700000,1949
2021-02-15T14:30:00+05:30,4539.700000,4549.750000,4537.000000,4542.700000,1407
2021-02-15T14:45:00+05:30,4542.700000,4554.000000,4542.700000,4547.000000,1529
2021-02-15T15:00:00+05:30,4547.000000,4571.900000,4546.000000,4565.500000,4403
2021-02-15T15:15:00+05:30,4564.000000,4575.000000,4546.000000,4554.000000,7342
2021-02-16T09:15:00+05:30,4580.900000,4624.000000,4575.000000,4603.000000,11004
2021-02-16T09:30:00+05:30,4603.000000,4607.900000,4581.000000,4590.000000,3070
2021-02-16T09:45:00+05:30,4590.000000,4600.000000,4585.000000,4585.100000,2036
2021-02-16T10:00:00+05:30,4585.100000,4600.000000,4585.000000,4592.000000,2333
2021-02-16T10:15:00+05:30,4592.000000,4600.000000,4586.350000,4599.100000,1752
2021-02-16T10:30:00+05:30,4599.100000,4599.100000,4593.050000,4595.000000,891
2021-02-16T10:45:00+05:30,4595.000000,4598.950000,4586.350000,4598.950000,1273
2021-02-16T11:00:00+05:30,4598.950000,4599.000000,4591.300000,4592.000000,565
2021-02-16T11:15:00+05:30,4592.000000,4595.800000,4585.000000,4585.000000,651
2021-02-16T11:30:00+05:30,4585.000000,4594.000000,4585.000000,4588.450000,811
2021-02-16T11:45:00+05:30,4588.450000,4590.200000,4581.000000,4584.050000,637
2021-02-16T12:00:00+05:30,4584.050000,4588.000000,4575.000000,4580.700000,1752
2021-02-16T12:15:00+05:30,4580.700000,4592.800000,4577.700000,4591.300000,1942
2021-02-16T12:30:00+05:30,4591.300000,4591.350000,4576.000000,4576.200000,671
2021-02-16T12:45:00+05:30,4576.200000,4587.750000,4575.000000,4587.050000,627
2021-02-16T13:00:00+05:30,4587.050000,4587.900000,4575.000000,4585.000000,1527
2021-02-16T13:15:00+05:30,4585.000000,4590.300000,4582.000000,4590.000000,1106
2021-02-16T13:30:00+05:30,4590.000000,4599.000000,4588.000000,4599.000000,3113
2021-02-16T13:45:00+05:30,4598.000000,4599.000000,4595.600000,4595.600000,868
2021-02-16T14:00:00+05:30,4596.000000,4598.600000,4584.000000,4590.050000,1359
2021-02-16T14:15:00+05:30,4590.050000,4596.700000,4590.000000,4591.550000,471
2021-02-16T14:30:00+05:30,4592.000000,4601.900000,4591.550000,4601.900000,1799
2021-02-16T14:45:00+05:30,4601.900000,4606.500000,4596.050000,4604.150000,1243
2021-02-16T15:00:00+05:30,4604.150000,4619.000000,4600.000000,4607.500000,3803
2021-02-16T15:15:00+05:30,4607.500000,4609.950000,4600.000000,4603.000000,3443
2021-02-17T09:15:00+05:30,4620.000000,4624.500000,4576.650000,4600.000000,4307
2021-02-17T09:30:00+05:30,4593.150000,4597.200000,4567.800000,4580.000000,1922
2021-02-17T09:45:00+05:30,4580.000000,4580.000000,4567.800000,4573.500000,1181
2021-02-17T10:00:00+05:30,4569.400000,4575.000000,4565.000000,4575.000000,655
2021-02-17T10:15:00+05:30,4575.000000,4580.000000,4572.950000,4578.600000,419
2021-02-17T10:30:00+05:30,4578.600000,4578.600000,4568.350000,4574.650000,331
2021-02-17T10:45:00+05:30,4572.050000,4579.350000,4566.500000,4575.000000,840
2021-02-17T11:00:00+05:30,4575.000000,4579.750000,4572.000000,4576.000000,764
2021-02-17T11:15:00+05:30,4576.000000,4580.000000,4575.000000,4576.650000,384
2021-02-17T11:30:00+05:30,4576.650000,4579.300000,4575.000000,4578.650000,875
2021-02-17T11:45:00+05:30,4578.650000,4585.000000,4575.000000,4583.000000,1245
2021-02-17T12:00:00+05:30,4583.000000,4588.800000,4581.400000,4588.250000,217
2021-02-17T12:15:00+05:30,4587.950000,4589.900000,4578.150000,4588.350000,461
2021-02-17T12:30:00+05:30,4588.350000,4590.000000,4584.000000,4589.300000,693
2021-02-17T12:45:00+05:30,4584.500000,4590.000000,4583.050000,4589.500000,1293
2021-02-17T13:00:00+05:30,4589.000000,4590.000000,4588.850000,4590.000000,1060
2021-02-17T13:15:00+05:30,4590.000000,4590.000000,4589.000000,4590.000000,746
2021-02-17T13:30:00+05:30,4590.000000,4590.900000,4589.000000,4589.000000,1103
2021-02-17T13:45:00+05:30,4589.000000,4594.950000,4589.000000,4594.750000,2301
2021-02-17T14:00:00+05:30,4594.750000,4598.900000,4589.200000,4597.650000,527
2021-02-17T14:15:00+05:30,4597.950000,4608.000000,4597.950000,4604.000000,1783
2021-02-17T14:30:00+05:30,4604.000000,4673.850000,4599.950000,4610.000000,20232
2021-02-17T14:45:00+05:30,4610.000000,4616.000000,4600.000000,4615.900000,1817
2021-02-17T15:00:00+05:30,4619.000000,4624.800000,4610.000000,4618.400000,3319
2021-02-17T15:15:00+05:30,4618.400000,4620.000000,4610.000000,4612.500000,3481
2021-02-18T09:15:00+05:30,4613.000000,4613.550000,4566.450000,4597.500000,2653
2021-02-18T09:30:00+05:30,4597.500000,4607.350000,4594.300000,4600.000000,1294
2021-02-18T09:45:00+05:30,4600.000000,4604.500000,4585.000000,4597.650000,1009
2021-02-18T10:00:00+05:30,4597.650000,4597.950000,4584.900000,4585.000000,399
2021-02-18T10:15:00+05:30,4584.000000,4594.050000,4458.800000,4558.000000,6803
2021-02-18T10:30:00+05:30,4558.000000,4579.750000,4550.950000,4566.650000,1465
2021-02-18T10:45:00+05:30,4566.650000,4575.000000,4561.100000,4570.750000,661
2021-02-18T11:00:00+05:30,4567.400000,4579.800000,4567.000000,4568.500000,672
2021-02-18T11:15:00+05:30,4567.000000,4570.000000,4553.850000,4557.150000,1097
2021-02-18T11:30:00+05:30,4557.150000,4558.350000,4551.000000,4556.550000,644
2021-02-18T11:45:00+05:30,4556.550000,4562.600000,4539.950000,4552.150000,945
2021-02-18T12:00:00+05:30,4552.150000,4568.500000,4547.150000,4562.350000,3082
2021-02-18T12:15:00+05:30,4562.350000,4567.000000,4561.000000,4562.100000,1193
2021-02-18T12:30:00+05:30,4562.000000,4565.900000,4561.800000,4565.650000,1094
2021-02-18T12:45:00+05:30,4562.000000,4568.950000,4562.000000,4565.200000,5126
2021-02-18T13:00:00+05:30,4562.000000,4565.700000,4561.350000,4564.900000,597
2021-02-18T13:15:00+05:30,4562.000000,4569.000000,4561.900000,4562.450000,1282
2021-02-18T13:30:00+05:30,4562.450000,4565.100000,4543.000000,4548.450000,2292
2021-02-18T13:45:00+05:30,4545.000000,4557.200000,4541.300000,4553.000000,493
2021-02-18T14:00:00+05:30,4553.000000,4565.050000,4543.000000,4547.600000,9427
2021-02-18T14:15:00+05:30,4547.600000,4550.000000,4542.800000,4549.000000,542
2021-02-18T14:30:00+05:30,4549.000000,4552.000000,4542.200000,4544.500000,1841
2021-02-18T14:45:00+05:30,4544.500000,4556.000000,4541.000000,4555.000000,1355
2021-02-18T15:00:00+05:30,4550.100000,4554.450000,4515.000000,4525.800000,2386
2021-02-18T15:15:00+05:30,4525.800000,4525.850000,4505.000000,4519.950000,3733
2021-02-19T09:15:00+05:30,4540.000000,4547.850000,4496.550000,4530.600000,1749
2021-02-19T09:30:00+05:30,4530.600000,4558.250000,4530.000000,4555.000000,1424
2021-02-19T09:45:00+05:30,4555.000000,4559.100000,4536.950000,4540.750000,1059
2021-02-19T10:00:00+05:30,4540.800000,4540.800000,4530.100000,4533.150000,416
2021-02-19T10:15:00+05:30,4533.150000,4543.750000,4530.000000,4540.000000,631
2021-02-19T10:30:00+05:30,4540.000000,4549.300000,4536.400000,4539.950000,1343
2021-02-19T10:45:00+05:30,4543.650000,4544.050000,4535.900000,4541.800000,593
2021-02-19T11:00:00+05:30,4541.800000,4545.000000,4535.200000,4543.950000,443
2021-02-19T11:15:00+05:30,4543.950000,4544.250000,4536.200000,4542.300000,239
2021-02-19T11:30:00+05:30,4538.200000,4547.000000,4537.650000,4546.400000,182
2021-02-19T11:45:00+05:30,4546.400000,4550.000000,4544.000000,4549.900000,817
2021-02-19T12:00:00+05:30,4549.900000,4550.000000,4543.600000,4550.000000,416
2021-02-19T12:15:00+05:30,4550.000000,4554.000000,4544.050000,4554.000000,510
2021-02-19T12:30:00+05:30,4551.900000,4555.000000,4544.000000,4554.100000,248
2021-02-19T12:45:00+05:30,4554.100000,4554.750000,4545.950000,4551.600000,456
2021-02-19T13:00:00+05:30,4552.950000,4554.000000,4547.650000,4551.250000,150
2021-02-19T13:15:00+05:30,4551.250000,4554.000000,4544.000000,4546.250000,275
2021-02-19T13:30:00+05:30,4546.250000,4550.000000,4540.450000,4547.250000,431
2021-02-19T13:45:00+05:30,4547.250000,4549.300000,4540.700000,4544.950000,589
2021-02-19T14:00:00+05:30,4544.950000,4560.000000,4534.350000,4536.800000,2365
2021-02-19T14:15:00+05:30,4537.900000,4537.900000,4521.850000,4529.400000,1324
2021-02-19T14:30:00+05:30,4529.400000,4530.000000,4516.000000,4520.000000,1322
2021-02-19T14:45:00+05:30,4520.000000,4528.350000,4510.050000,4523.750000,1202
2021-02-19T15:00:00+05:30,4523.750000,4535.000000,4518.200000,4531.050000,1720
2021-02-19T15:15:00+05:30,4525.900000,4535.000000,4500.000000,4522.900000,2986
2021-02-22T09:15:00+05:30,4562.900000,4589.750000,4525.000000,4553.550000,3755
2021-02-22T09:30:00+05:30,4553.550000,4556.450000,4511.050000,4533.900000,1725
2021-02-22T09:45:00+05:30,4533.900000,4540.000000,4497.000000,4507.750000,2000
2021-02-22T10:00:00+05:30,4511.050000,4515.950000,4501.400000,4504.450000,1113
2021-02-22T10:15:00+05:30,4504.450000,4504.450000,4475.000000,4487.200000,1970
2021-02-22T10:30:00+05:30,4485.200000,4496.000000,4480.000000,4490.900000,1044
2021-02-22T10:45:00+05:30,4490.500000,4496.900000,4480.000000,4496.150000,3768
2021-02-22T11:00:00+05:30,4496.150000,4516.600000,4490.000000,4507.000000,1553
2021-02-22T11:15:00+05:30,4507.000000,4514.750000,4495.000000,4511.000000,937
2021-02-22T11:30:00+05:30,4512.500000,4515.000000,4505.000000,4510.000000,1093
2021-02-22T11:45:00+05:30,4510.000000,4514.200000,4508.000000,4509.900000,351
2021-02-22T12:00:00+05:30,4509.900000,4514.000000,4505.500000,4512.000000,551
2021-02-22T12:15:00+05:30,4512.000000,4528.050000,4508.000000,4511.850000,1659
2021-02-22T12:30:00+05:30,4511.850000,4520.850000,4508.000000,4511.000000,929
2021-02-22T12:45:00+05:30,4511.000000,4515.000000,4507.900000,4508.000000,933
2021-02-22T13:00:00+05:30,4509.600000,4518.050000,4508.000000,4513.700000,845
2021-02-22T13:15:00+05:30,4513.700000,4517.950000,4510.000000,4510.550000,1388
2021-02-22T13:30:00+05:30,4515.050000,4515.850000,4506.100000,4508.000000,1300
2021-02-22T13:45:00+05:30,4508.000000,4519.600000,4507.900000,4515.050000,1923
2021-02-22T14:00:00+05:30,4515.000000,4523.000000,4513.250000,4514.050000,2477
2021-02-22T14:15:00+05:30,4514.050000,4517.200000,4504.650000,4510.900000,1551
2021-02-22T14:30:00+05:30,4510.900000,4530.100000,4505.050000,4530.000000,4828
2021-02-22T14:45:00+05:30,4530.000000,4535.000000,4523.750000,4529.400000,1830
2021-02-22T15:00:00+05:30,4529.400000,4552.800000,4520.700000,4547.050000,3628
2021-02-22T15:15:00+05:30,4547.000000,4559.000000,4500.000000,4509.950000,3439
2021-02-23T09:15:00+05:30,4515.200000,4537.000000,4470.000000,4478.050000,4598
2021-02-23T09:30:00+05:30,4478.050000,4481.000000,4444.000000,4451.650000,5110
2021-02-23T09:45:00+05:30,4451.650000,4468.750000,4441.200000,4468.650000,2319
2021-02-23T10:00:00+05:30,4468.650000,4478.000000,4457.750000,4473.300000,1421
2021-02-23T10:15:00+05:30,4473.300000,4478.000000,4457.000000,4470.500000,1234
2021-02-23T10:30:00+05:30,4470.500000,4534.200000,4466.900000,4473.300000,6218
2021-02-23T10:45:00+05:30,4473.300000,4496.700000,4473.300000,4490.000000,1314
2021-02-23T11:00:00+05:30,4490.000000,4498.050000,4490.000000,4490.800000,711
2021-02-23T11:15:00+05:30,4490.800000,4496.000000,4490.000000,4490.250000,665
2021-02-23T11:30:00+05:30,4493.000000,4497.700000,4489.900000,4490.000000,983
2021-02-23T11:45:00+05:30,4490.000000,4509.100000,4489.300000,4504.300000,1767
2021-02-23T12:00:00+05:30,4504.300000,4509.750000,4502.000000,4507.500000,557
2021-02-23T12:15:00+05:30,4507.500000,4509.050000,4502.050000,4505.000000,375
2021-02-23T12:30:00+05:30,4505.000000,4514.100000,4502.900000,4510.000000,1041
2021-02-23T12:45:00+05:30,4510.000000,4514.050000,4505.500000,4510.000000,457
2021-02-23T13:00:00+05:30,4510.000000,4513.950000,4509.000000,4511.050000,542
2021-02-23T13:15:00+05:30,4511.050000,4518.050000,4509.000000,4509.000000,718
2021-02-23T13:30:00+05:30,4509.000000,4517.950000,4508.000000,4510.750000,615
2021-02-23T13:45:00+05:30,4510.750000,4524.000000,4510.000000,4517.650000,674
2021-02-23T14:00:00+05:30,4517.650000,4524.000000,4511.900000,4513.800000,643
2021-02-23T14:15:00+05:30,4513.800000,4519.950000,4510.000000,4512.000000,1345
2021-02-23T14:30:00+05:30,4512.000000,4519.900000,4476.600000,4476.600000,4941
2021-02-23T14:45:00+05:30,4476.600000,4555.100000,4461.000000,4462.000000,7154
2021-02-23T15:00:00+05:30,4462.050000,4470.750000,4450.000000,4458.900000,4242
2021-02-23T15:15:00+05:30,4459.000000,4467.000000,4459.000000,4464.950000,3697
2021-02-24T09:15:00+05:30,4530.000000,4582.400000,4505.850000,4513.000000,10846
2021-02-24T09:30:00+05:30,4513.000000,4515.000000,4452.550000,4454.000000,9040
2021-02-24T09:45:00+05:30,4454.000000,4480.000000,4452.550000,4461.750000,4901
2021-02-24T10:00:00+05:30,4461.750000,4464.200000,4452.000000,4455.500000,1880
2021-02-24T10:15:00+05:30,4455.450000,4458.250000,4442.600000,4450.000000,2732
2021-02-24T10:30:00+05:30,4452.750000,4455.000000,4444.000000,4452.700000,1556
2021-02-24T10:45:00+05:30,4452.700000,4454.000000,4447.250000,4449.150000,548
2021-02-24T11:00:00+05:30,4452.200000,4453.750000,4442.000000,4448.550000,1953
2021-02-24T11:15:00+05:30,4448.550000,4452.950000,4444.850000,4451.500000,528
2021-02-24T11:30:00+05:30,4451.500000,4472.000000,4445.000000,4467.400000,1191
2021-02-24T15:45:00+05:30,4485.000000,4485.000000,4432.000000,4464.000000,749
2021-02-24T16:00:00+05:30,4464.000000,4465.000000,4458.000000,4464.900000,396
2021-02-24T16:15:00+05:30,4464.900000,4474.250000,4460.000000,4468.000000,631
2021-02-24T16:30:00+05:30,4468.000000,4484.950000,4465.000000,4466.200000,1546
2021-02-24T16:45:00+05:30,4466.400000,4489.900000,4410.000000,4488.000000,4356
2021-02-25T09:15:00+05:30,4499.000000,4544.500000,4485.100000,4505.050000,8437
2021-02-25T09:30:00+05:30,4505.050000,4517.150000,4492.400000,4509.350000,7060
2021-02-25T09:45:00+05:30,4509.350000,4534.300000,4501.600000,4520.000000,2355
2021-02-25T10:00:00+05:30,4521.700000,4523.000000,4507.000000,4510.350000,925
2021-02-25T10:15:00+05:30,4510.350000,4565.450000,4505.000000,4565.000000,5030
2021-02-25T10:30:00+05:30,4563.250000,4563.950000,4531.100000,4555.000000,5688
2021-02-25T10:45:00+05:30,4555.000000,4556.000000,4544.200000,4550.000000,4143
2021-02-25T11:00:00+05:30,4550.000000,4555.000000,4544.900000,4552.800000,3834
2021-02-25T11:15:00+05:30,4547.300000,4555.300000,4546.700000,4550.050000,1083
2021-02-25T11:30:00+05:30,4550.050000,4554.300000,4548.200000,4550.000000,938
2021-02-25T11:45:00+05:30,4550.000000,4554.000000,4548.000000,4552.800000,1050
2021-02-25T12:00:00+05:30,4552.800000,4555.000000,4548.050000,4550.000000,872
2021-02-25T12:15:00+05:30,4550.000000,4554.900000,4548.000000,4548.050000,1075
2021-02-25T12:30:00+05:30,4548.050000,4556.000000,4548.050000,4550.700000,6834
2021-02-25T12:45:00+05:30,4551.000000,4554.250000,4548.200000,4552.650000,3516
2021-02-25T13:00:00+05:30,4552.650000,4553.100000,4548.200000,4551.900000,681
2021-02-25T13:15:00+05:30,4551.900000,4551.900000,4530.050000,4544.600000,3113
2021-02-25T13:30:00+05:30,4547.000000,4548.450000,4525.000000,4525.500000,1234
2021-02-25T13:45:00+05:30,4525.500000,4529.650000,4523.000000,4527.650000,297
2021-02-25T14:00:00+05:30,4527.650000,4548.450000,4523.850000,4544.000000,1624
2021-02-25T14:15:00+05:30,4544.200000,4551.100000,4538.100000,4547.850000,902
2021-02-25T14:30:00+05:30,4547.850000,4548.500000,4538.100000,4547.650000,1121
2021-02-25T14:45:00+05:30,4547.650000,4550.950000,4540.000000,4541.050000,727
2021-02-25T15:00:00+05:30,4541.050000,4595.850000,4541.050000,4549.950000,16919
2021-02-25T15:15:00+05:30,4549.950000,4557.250000,4535.000000,4542.000000,4653
2021-02-26T09:15:00+05:30,4500.000000,4539.000000,4478.800000,4538.000000,3355
2021-02-26T09:30:00+05:30,4538.000000,4550.000000,4520.750000,4540.900000,2550
2021-02-26T09:45:00+05:30,4540.900000,4559.250000,4525.300000,4548.850000,5970
2021-02-26T10:00:00+05:30,4548.850000,4548.850000,4536.450000,4547.100000,1097
2021-02-26T10:15:00+05:30,4546.100000,4549.350000,4533.350000,4539.950000,792
2021-02-26T10:30:00+05:30,4542.800000,4546.050000,4532.800000,4539.950000,1083
2021-02-26T10:45:00+05:30,4539.950000,4540.000000,4497.400000,4500.000000,5711
2021-02-26T11:00:00+05:30,4499.950000,4500.100000,4491.000000,4499.000000,1412
2021-02-26T11:15:00+05:30,4499.000000,4500.000000,4491.200000,4498.000000,1721
2021-02-26T11:30:00+05:30,4498.000000,4512.000000,4498.000000,4509.900000,4074
2021-02-26T11:45:00+05:30,4509.900000,4524.000000,4504.600000,4524.000000,893
2021-02-26T12:00:00+05:30,4524.000000,4525.000000,4517.800000,4521.900000,997
2021-02-26T12:15:00+05:30,4521.900000,4534.900000,4521.900000,4525.000000,1951
2021-02-26T12:30:00+05:30,4525.000000,4538.050000,4525.000000,4526.400000,957
2021-02-26T12:45:00+05:30,4526.500000,4538.050000,4525.000000,4526.300000,368
2021-02-26T13:00:00+05:30,4526.300000,4531.950000,4525.000000,4525.000000,1344
2021-02-26T13:15:00+05:30,4525.000000,4536.700000,4525.000000,4525.000000,695
2021-02-26T13:30:00+05:30,4525.400000,4531.600000,4510.250000,4522.000000,1144
2021-02-26T13:45:00+05:30,4522.000000,4524.950000,4505.850000,4520.200000,1271
2021-02-26T14:00:00+05:30,4519.600000,4545.000000,4510.000000,4535.800000,1747
2021-02-26T14:15:00+05:30,4535.800000,4540.000000,4514.100000,4526.400000,1310
2021-02-26T14:30:00+05:30,4527.900000,4536.650000,4520.050000,4530.300000,1116
2021-02-26T14:45:00+05:30,4530.300000,4540.000000,4525.500000,4539.900000,987
2021-02-26T15:00:00+05:30,4539.850000,4552.650000,4533.000000,4547.450000,2974
2021-02-26T15:15:00+05:30,4547.450000,4566.000000,4547.450000,4557.150000,4296
2021-03-01T09:15:00+05:30,4560.000000,4590.000000,4534.150000,4549.400000,2106
2021-03-01T09:30:00+05:30,4543.500000,4550.000000,4531.550000,4546.700000,1818
2021-03-01T09:45:00+05:30,4542.650000,4550.000000,4535.800000,4544.050000,3500
2021-03-01T10:00:00+05:30,4544.000000,4558.750000,4541.600000,4548.000000,3098
2021-03-01T10:15:00+05:30,4548.000000,4556.250000,4548.000000,4554.750000,1238
2021-03-01T10:30:00+05:30,4554.750000,4560.000000,4550.150000,4556.050000,2074
2021-03-01T10:45:00+05:30,4556.100000,4580.000000,4556.100000,4575.050000,6176
2021-03-01T11:00:00+05:30,4575.050000,4579.950000,4573.100000,4576.300000,1848
2021-03-01T11:15:00+05:30,4575.550000,4644.000000,4575.000000,4642.900000,13110
2021-03-01T11:30:00+05:30,4642.900000,4650.000000,4615.000000,4615.000000,7992
2021-03-01T11:45:00+05:30,4617.600000,4617.600000,4595.900000,4602.100000,5120
2021-03-01T12:00:00+05:30,4605.700000,4620.000000,4590.000000,4618.000000,2300
2021-03-01T12:15:00+05:30,4618.000000,4638.950000,4616.500000,4625.050000,3150
2021-03-01T12:30:00+05:30,4625.050000,4630.950000,4618.750000,4625.000000,4594
2021-03-01T12:45:00+05:30,4625.000000,4629.950000,4618.750000,4622.000000,1886
2021-03-01T13:00:00+05:30,4619.900000,4622.000000,4606.000000,4617.100000,1882
2021-03-01T13:15:00+05:30,4617.100000,4620.000000,4609.500000,4616.250000,646
2021-03-01T13:30:00+05:30,4616.250000,4619.950000,4605.050000,4614.900000,982
2021-03-01T13:45:00+05:30,4614.900000,4618.450000,4607.000000,4607.000000,5372
2021-03-01T14:00:00+05:30,4605.050000,4616.050000,4605.000000,4609.900000,1460
2021-03-01T14:15:00+05:30,4609.900000,4613.000000,4607.000000,4613.000000,1286
2021-03-01T14:30:00+05:30,4613.000000,4619.000000,4608.750000,4617.450000,1534
2021-03-01T14:45:00+05:30,4617.450000,4620.300000,4610.900000,4614.500000,1846
2021-03-01T15:00:00+05:30,4614.500000,4633.000000,4614.100000,4628.400000,7504
2021-03-01T15:15:00+05:30,4634.000000,4649.000000,4625.150000,4642.000000,11154
2021-03-02T09:15:00+05:30,4670.000000,4678.000000,4650.000000,4665.650000,4815
2021-03-02T09:30:00+05:30,4663.100000,4670.000000,4640.000000,4669.550000,3594
2021-03-02T09:45:00+05:30,4669.550000,4673.000000,4641.000000,4643.750000,1715
2021-03-02T10:00:00+05:30,4644.450000,4653.100000,4620.050000,4638.750000,1800
2021-03-02T10:15:00+05:30,4638.750000,4648.000000,4635.800000,4644.700000,990
2021-03-02T10:30:00+05:30,4644.700000,4650.000000,4631.000000,4644.050000,975
2021-03-02T10:45:00+05:30,4647.300000,4651.950000,4641.600000,4645.550000,1206
2021-03-02T11:00:00+05:30,4645.900000,4651.300000,4639.650000,4646.500000,2379
2021-03-02T11:15:00+05:30,4646.500000,4655.950000,4638.400000,4648.850000,3086
2021-03-02T11:30:00+05:30,4648.000000,4657.150000,4643.500000,4650.000000,1322
2021-03-02T11:45:00+05:30,4650.000000,4657.150000,4650.000000,4655.100000,734
2021-03-02T12:00:00+05:30,4655.100000,4655.100000,4641.100000,4648.250000,418
2021-03-02T12:15:00+05:30,4648.250000,4654.000000,4644.950000,4650.100000,486
2021-03-02T12:30:00+05:30,4650.100000,4653.800000,4650.000000,4650.100000,1692
2021-03-02T12:45:00+05:30,4650.000000,4655.850000,4650.000000,4651.400000,574
2021-03-02T13:00:00+05:30,4651.400000,4669.850000,4650.000000,4651.700000,2000
2021-03-02T13:15:00+05:30,4651.700000,4663.950000,4650.000000,4654.000000,959
2021-03-02T13:30:00+05:30,4653.850000,4670.000000,4652.000000,4661.800000,2232
2021-03-02T13:45:00+05:30,4657.900000,4664.000000,4657.000000,4661.250000,612
2021-03-02T14:00:00+05:30,4661.250000,4671.000000,4653.150000,4667.950000,1200
2021-03-02T14:15:00+05:30,4667.950000,4670.150000,4650.000000,4651.450000,849
2021-03-02T14:30:00+05:30,4656.550000,4656.550000,4650.000000,4650.150000,912
2021-03-02T14:45:00+05:30,4650.150000,4654.950000,4650.000000,4650.350000,567
2021-03-02T15:00:00+05:30,4650.350000,4660.000000,4643.800000,4650.000000,2561
2021-03-02T15:15:00+05:30,4650.000000,4668.000000,4650.000000,4651.050000,4114
2021-03-03T09:15:00+05:30,4651.700000,4685.000000,4640.900000,4646.450000,4369
2021-03-03T09:30:00+05:30,4646.450000,4654.450000,4641.000000,4645.000000,1595
2021-03-03T09:45:00+05:30,4645.000000,4665.000000,4644.050000,4654.000000,1267
2021-03-03T10:00:00+05:30,4654.000000,4662.400000,4642.300000,4643.950000,1429
2021-03-03T10:15:00+05:30,4643.950000,4648.450000,4626.700000,4628.200000,1631
2021-03-03T10:30:00+05:30,4628.150000,4628.150000,4591.150000,4614.400000,7182
2021-03-03T10:45:00+05:30,4614.350000,4615.950000,4590.100000,4593.100000,3022
2021-03-03T11:00:00+05:30,4593.100000,4613.450000,4593.100000,4609.900000,1881
2021-03-03T11:15:00+05:30,4609.900000,4627.950000,4609.000000,4611.050000,1077
2021-03-03T11:30:00+05:30,4613.450000,4625.000000,4610.000000,4610.000000,1253
2021-03-03T11:45:00+05:30,4610.000000,4624.900000,4610.000000,4620.100000,701
2021-03-03T12:00:00+05:30,4620.100000,4626.000000,4616.650000,4617.500000,1798
2021-03-03T12:15:00+05:30,4620.450000,4635.800000,4616.000000,4617.800000,2111
2021-03-03T12:30:00+05:30,4617.800000,4621.600000,4611.550000,4614.550000,1036
2021-03-03T12:45:00+05:30,4614.550000,4624.100000,4610.800000,4616.300000,936
2021-03-03T13:00:00+05:30,4616.300000,4622.800000,4612.500000,4618.250000,554
2021-03-03T13:15:00+05:30,4618.250000,4629.400000,4618.250000,4628.000000,1298
2021-03-03T13:30:00+05:30,4628.000000,4628.000000,4620.000000,4625.000000,1212
2021-03-03T13:45:00+05:30,4625.000000,4626.900000,4620.300000,4623.250000,1214
2021-03-03T14:00:00+05:30,4623.250000,4626.850000,4622.350000,4624.600000,1045
2021-03-03T14:15:00+05:30,4624.600000,4631.750000,4624.200000,4627.450000,936
2021-03-03T14:30:00+05:30,4627.450000,4642.250000,4627.450000,4636.250000,4154
2021-03-03T14:45:00+05:30,4636.250000,4641.000000,4633.450000,4635.000000,3431
2021-03-03T15:00:00+05:30,4636.250000,4655.450000,4622.150000,4650.150000,9571
2021-03-03T15:15:00+05:30,4650.150000,4660.000000,4650.000000,4650.000000,8627
2021-03-04T09:15:00+05:30,4637.900000,4650.000000,4611.050000,4637.350000,2344
2021-03-04T09:30:00+05:30,4637.350000,4637.350000,4600.050000,4607.500000,1687
2021-03-04T09:45:00+05:30,4602.500000,4608.350000,4591.150000,4594.500000,1344
2021-03-04T10:00:00+05:30,4593.000000,4600.250000,4580.000000,4597.150000,2502
2021-03-04T10:15:00+05:30,4597.150000,4597.150000,4588.900000,4591.950000,803
2021-03-04T10:30:00+05:30,4591.950000,4618.050000,4591.950000,4604.750000,1625
2021-03-04T10:45:00+05:30,4604.750000,4610.450000,4603.950000,4607.950000,371
2021-03-04T11:00:00+05:30,4607.950000,4614.600000,4604.550000,4612.100000,711
2021-03-04T11:15:00+05:30,4612.100000,4616.800000,4610.000000,4612.050000,1268
2021-03-04T11:30:00+05:30,4612.050000,4619.000000,4612.050000,4619.000000,518
2021-03-04T11:45:00+05:30,4619.000000,4619.000000,4610.500000,4614.500000,266
2021-03-04T12:00:00+05:30,4614.500000,4616.950000,4611.250000,4615.000000,305
2021-03-04T12:15:00+05:30,4615.000000,4618.700000,4610.000000,4610.950000,503
2021-03-04T12:30:00+05:30,4610.950000,4616.000000,4610.000000,4610.500000,391
2021-03-04T12:45:00+05:30,4610.500000,4617.350000,4610.300000,4611.350000,438
2021-03-04T13:00:00+05:30,4611.350000,4621.500000,4610.000000,4616.150000,3423
2021-03-04T13:15:00+05:30,4616.150000,4625.000000,4604.000000,4612.500000,1056
2021-03-04T13:30:00+05:30,4612.500000,4617.200000,4605.050000,4617.200000,1112
2021-03-04T13:45:00+05:30,4617.200000,4617.200000,4610.000000,4614.000000,393
2021-03-04T14:00:00+05:30,4614.000000,4615.550000,4609.500000,4610.150000,667
2021-03-04T14:15:00+05:30,4610.150000,4620.000000,4610.150000,4610.900000,452
2021-03-04T14:30:00+05:30,4610.850000,4613.750000,4601.000000,4601.000000,6228
2021-03-04T14:45:00+05:30,4601.000000,4615.850000,4599.350000,4612.650000,7545
2021-03-04T15:00:00+05:30,4613.800000,4618.950000,4610.000000,4613.500000,1589
2021-03-04T15:15:00+05:30,4613.500000,4613.500000,4610.000000,4612.850000,4350
2021-03-05T09:15:00+05:30,4620.150000,4635.000000,4600.200000,4614.900000,2500
2021-03-05T09:30:00+05:30,4610.400000,4615.000000,4604.450000,4611.100000,1429
2021-03-05T09:45:00+05:30,4611.100000,4619.000000,4601.150000,4604.950000,1420
2021-03-05T10:00:00+05:30,4604.950000,4605.000000,4595.000000,4595.100000,868
2021-03-05T10:15:00+05:30,4595.100000,4600.600000,4592.150000,4599.900000,849
2021-03-05T10:30:00+05:30,4599.900000,4600.850000,4591.500000,4600.000000,1014
2021-03-05T10:45:00+05:30,4600.000000,4600.550000,4597.000000,4600.000000,457
2021-03-05T11:00:00+05:30,4600.000000,4604.100000,4588.050000,4600.000000,2489
2021-03-05T11:15:00+05:30,4600.000000,4607.500000,4600.000000,4604.450000,1091
2021-03-05T11:30:00+05:30,4604.450000,4604.950000,4600.000000,4603.900000,451
2021-03-05T11:45:00+05:30,4601.250000,4606.800000,4600.000000,4605.000000,857
2021-03-05T12:00:00+05:30,4605.000000,4610.000000,4605.000000,4605.000000,789
2021-03-05T12:15:00+05:30,4605.000000,4614.600000,4605.000000,4614.600000,589
2021-03-05T12:30:00+05:30,4614.600000,4614.600000,4605.000000,4611.000000,357
2021-03-05T12:45:00+05:30,4611.000000,4616.850000,4603.150000,4616.850000,763
2021-03-05T13:00:00+05:30,4616.850000,4616.850000,4611.850000,4615.750000,715
2021-03-05T13:15:00+05:30,4615.750000,4619.050000,4608.500000,4614.150000,857
2021-03-05T13:30:00+05:30,4614.150000,4616.000000,4612.000000,4613.050000,658
2021-03-05T13:45:00+05:30,4613.050000,4616.000000,4611.200000,4612.900000,874
2021-03-05T14:00:00+05:30,4612.800000,4619.950000,4607.300000,4611.600000,1669
2021-03-05T14:15:00+05:30,4611.600000,4631.250000,4611.100000,4629.900000,1726
2021-03-05T14:30:00+05:30,4629.650000,4638.250000,4625.000000,4631.350000,2339
2021-03-05T14:45:00+05:30,4631.350000,4636.000000,4625.000000,4633.400000,3918
2021-03-05T15:00:00+05:30,4628.300000,4634.000000,4627.050000,4631.700000,3357
2021-03-05T15:15:00+05:30,4631.700000,4644.000000,4630.000000,4643.000000,6586
2021-03-08T09:15:00+05:30,4650.000000,4679.950000,4638.150000,4647.950000,2500
2021-03-08T09:30:00+05:30,4647.950000,4651.500000,4635.000000,4636.200000,1696
2021-03-08T09:45:00+05:30,4637.950000,4648.600000,4636.200000,4647.150000,758
2021-03-08T10:00:00+05:30,4647.150000,4652.300000,4645.000000,4647.500000,933
2021-03-08T10:15:00+05:30,4647.500000,4657.500000,4636.050000,4653.000000,2931
2021-03-08T10:30:00+05:30,4653.000000,4653.000000,4635.000000,4635.000000,651
2021-03-08T10:45:00+05:30,4635.000000,4647.100000,4630.000000,4644.850000,3306
2021-03-08T11:00:00+05:30,4644.850000,4645.750000,4638.050000,4645.550000,820
2021-03-08T11:15:00+05:30,4645.550000,4645.700000,4642.650000,4645.350000,290
2021-03-08T11:30:00+05:30,4645.350000,4649.800000,4638.800000,4647.500000,854
2021-03-08T11:45:00+05:30,4647.500000,4653.900000,4642.500000,4650.150000,675
2021-03-08T12:00:00+05:30,4650.150000,4668.800000,4650.150000,4664.000000,1851
2021-03-08T12:15:00+05:30,4666.450000,4735.000000,4666.450000,4720.000000,21821
2021-03-08T12:30:00+05:30,4720.000000,4758.550000,4715.500000,4743.600000,15693
2021-03-08T12:45:00+05:30,4743.050000,4754.900000,4736.000000,4736.000000,7462
2021-03-08T13:00:00+05:30,4736.000000,4743.800000,4717.800000,4737.500000,3782
2021-03-08T13:15:00+05:30,4737.500000,4742.400000,4723.000000,4725.000000,2516
2021-03-08T13:30:00+05:30,4725.000000,4728.000000,4695.300000,4698.000000,3342
2021-03-08T13:45:00+05:30,4695.200000,4714.700000,4695.000000,4702.100000,2477
2021-03-08T14:00:00+05:30,4702.100000,4702.550000,4690.000000,4693.950000,1349
2021-03-08T14:15:00+05:30,4693.950000,4707.850000,4693.950000,4706.100000,1759
2021-03-08T14:30:00+05:30,4706.100000,4716.350000,4698.000000,4701.000000,1593
2021-03-08T14:45:00+05:30,4701.000000,4703.600000,4689.900000,4689.900000,1581
2021-03-08T15:00:00+05:30,4689.900000,4692.200000,4635.000000,4635.000000,9365
2021-03-08T15:15:00+05:30,4635.000000,4658.900000,4631.000000,4651.300000,4985
2021-03-09T09:15:00+05:30,4670.000000,4706.400000,4651.300000,4662.000000,3226
2021-03-09T09:30:00+05:30,4662.000000,4662.000000,4651.000000,4658.600000,750
2021-03-09T09:45:00+05:30,4658.600000,4659.950000,4651.000000,4658.000000,832
2021-03-09T10:00:00+05:30,4658.000000,4663.500000,4651.050000,4651.050000,661
2021-03-09T10:15:00+05:30,4650.000000,4650.000000,4633.000000,4641.050000,1318
2021-03-09T10:30:00+05:30,4641.050000,4644.800000,4626.000000,4633.450000,1115
2021-03-09T10:45:00+05:30,4633.450000,4634.950000,4625.000000,4625.000000,636
2021-03-09T11:00:00+05:30,4625.000000,4633.350000,4622.700000,4628.950000,9625
2021-03-09T11:15:00+05:30,4628.950000,4631.000000,4622.750000,4631.000000,16506
2021-03-09T11:30:00+05:30,4631.100000,4635.000000,4626.400000,4633.000000,732
2021-03-09T11:45:00+05:30,4633.000000,4642.450000,4632.800000,4640.750000,632
2021-03-09T12:00:00+05:30,4640.750000,4646.000000,4638.000000,4642.150000,288
2021-03-09T12:15:00+05:30,4642.150000,4645.850000,4641.000000,4641.250000,334
2021-03-09T12:30:00+05:30,4641.250000,4642.500000,4634.050000,4642.400000,453
2021-03-09T12:45:00+05:30,4642.400000,4645.050000,4642.000000,4642.650000,230
2021-03-09T13:00:00+05:30,4642.650000,4645.000000,4639.650000,4642.050000,1290
2021-03-09T13:15:00+05:30,4642.050000,4644.200000,4641.200000,4641.200000,784
2021-03-09T13:30:00+05:30,4641.200000,4646.250000,4641.050000,4643.000000,497
2021-03-09T13:45:00+05:30,4643.000000,4646.950000,4642.150000,4644.000000,1014
2021-03-09T14:00:00+05:30,4644.000000,4656.200000,4644.000000,4649.950000,651
2021-03-09T14:15:00+05:30,4649.850000,4649.850000,4644.000000,4645.000000,397
2021-03-09T14:30:00+05:30,4645.000000,4657.150000,4641.050000,4656.900000,739
2021-03-09T14:45:00+05:30,4656.900000,4662.900000,4650.200000,4653.350000,1281
2021-03-09T15:00:00+05:30,4653.350000,4662.000000,4650.500000,4659.450000,1275
2021-03-09T15:15:00+05:30,4659.450000,4675.000000,4651.000000,4670.000000,4007
2021-03-10T09:15:00+05:30,4687.000000,4715.150000,4652.200000,4702.400000,2497
2021-03-10T09:30:00+05:30,4702.400000,4706.000000,4680.000000,4685.000000,1682
2021-03-10T09:45:00+05:30,4685.000000,4689.800000,4675.000000,4679.150000,597
2021-03-10T10:00:00+05:30,4678.100000,4679.950000,4670.000000,4673.700000,1913
2021-03-10T10:15:00+05:30,4673.700000,4682.950000,4655.800000,4661.000000,805
2021-03-10T10:30:00+05:30,4661.000000,4676.500000,4645.000000,4661.600000,1556
2021-03-10T10:45:00+05:30,4661.600000,4667.000000,4650.200000,4659.350000,386
2021-03-10T11:00:00+05:30,4659.350000,4671.950000,4659.350000,4663.700000,365
2021-03-10T11:15:00+05:30,4663.700000,4667.400000,4658.850000,4661.950000,220
2021-03-10T11:30:00+05:30,4661.900000,4666.200000,4646.000000,4652.150000,478
2021-03-10T11:45:00+05:30,4652.150000,4659.100000,4646.400000,4654.000000,297
2021-03-10T12:00:00+05:30,4654.000000,4654.000000,4646.100000,4654.000000,305
2021-03-10T12:15:00+05:30,4654.000000,4657.200000,4650.000000,4650.000000,470
2021-03-10T12:30:00+05:30,4650.000000,4667.800000,4650.000000,4652.150000,606
2021-03-10T12:45:00+05:30,4650.100000,4655.000000,4646.350000,4650.150000,29147
2021-03-10T13:00:00+05:30,4650.150000,4652.200000,4646.100000,4647.000000,629
2021-03-10T13:15:00+05:30,4647.000000,4651.950000,4621.550000,4640.000000,2186
2021-03-10T13:30:00+05:30,4640.000000,4644.850000,4634.850000,4638.500000,307
2021-03-10T13:45:00+05:30,4638.500000,4648.750000,4638.500000,4646.600000,96
2021-03-10T14:00:00+05:30,4646.600000,4648.650000,4638.050000,4644.000000,506
2021-03-10T14:15:00+05:30,4642.950000,4653.600000,4642.950000,4649.000000,727
2021-03-10T14:30:00+05:30,4645.650000,4653.950000,4645.650000,4652.900000,260
2021-03-10T14:45:00+05:30,4650.000000,4652.950000,4634.850000,4639.600000,1457
2021-03-10T15:00:00+05:30,4640.000000,4640.000000,4629.850000,4638.200000,2841
2021-03-10T15:15:00+05:30,4638.200000,4640.000000,4630.000000,4630.000000,2689
2021-03-12T09:15:00+05:30,4700.000000,4743.000000,4669.550000,4732.000000,9093
2021-03-12T09:30:00+05:30,4734.000000,4740.000000,4711.000000,4721.350000,5074
2021-03-12T09:45:00+05:30,4721.350000,4730.000000,4710.000000,4721.300000,4308
2021-03-12T10:00:00+05:30,4721.300000,4731.000000,4710.000000,4730.000000,2949
2021-03-12T10:15:00+05:30,4730.000000,4770.000000,4730.000000,4740.000000,13523
2021-03-12T10:30:00+05:30,4743.750000,4754.950000,4740.000000,4746.000000,2869
2021-03-12T10:45:00+05:30,4746.000000,4748.900000,4730.000000,4734.150000,2231
2021-03-12T11:00:00+05:30,4734.150000,4739.650000,4725.050000,4730.000000,2096
2021-03-12T11:15:00+05:30,4730.000000,4739.650000,4720.000000,4724.100000,2504
2021-03-12T11:30:00+05:30,4724.100000,4728.750000,4718.000000,4718.050000,1607
2021-03-12T11:45:00+05:30,4718.050000,4718.050000,4680.400000,4698.950000,4616
2021-03-12T12:00:00+05:30,4698.950000,4704.900000,4695.250000,4699.200000,1328
2021-03-12T12:15:00+05:30,4696.000000,4702.400000,4696.000000,4701.900000,376
2021-03-12T12:30:00+05:30,4701.900000,4702.900000,4690.000000,4690.300000,807
2021-03-12T12:45:00+05:30,4690.300000,4700.000000,4690.000000,4690.550000,1564
2021-03-12T13:00:00+05:30,4690.550000,4696.000000,4680.000000,4688.000000,1989
2021-03-12T13:15:00+05:30,4690.400000,4696.000000,4685.150000,4696.000000,731
2021-03-12T13:30:00+05:30,4696.000000,4696.000000,4670.300000,4670.350000,2497
2021-03-12T13:45:00+05:30,4670.350000,4678.000000,4670.300000,4671.000000,1183
2021-03-12T14:00:00+05:30,4671.000000,4674.500000,4651.000000,4651.000000,1663
2021-03-12T14:15:00+05:30,4655.150000,4659.600000,4646.450000,4650.100000,6836
2021-03-12T14:30:00+05:30,4650.000000,4672.000000,4650.000000,4667.500000,2293
2021-03-12T14:45:00+05:30,4667.500000,4671.200000,4652.100000,4659.300000,1180
2021-03-12T15:00:00+05:30,4659.300000,4661.000000,4647.800000,4650.000000,2978
2021-03-12T15:15:00+05:30,4650.000000,4666.000000,4649.100000,4663.000000,5726
2021-03-15T09:15:00+05:30,4689.600000,4689.600000,4635.000000,4641.050000,3052
2021-03-15T09:30:00+05:30,4646.200000,4646.200000,4560.000000,4574.100000,3475
2021-03-15T09:45:00+05:30,4574.100000,4607.450000,4571.050000,4592.550000,3282
2021-03-15T10:00:00+05:30,4592.550000,4596.550000,4590.000000,4590.050000,409
2021-03-15T10:15:00+05:30,4590.050000,4604.900000,4590.050000,4604.000000,639
2021-03-15T10:30:00+05:30,4604.000000,4605.000000,4600.000000,4603.750000,627
2021-03-15T10:45:00+05:30,4603.750000,4605.000000,4600.000000,4600.000000,496
2021-03-15T11:00:00+05:30,4600.000000,4604.950000,4600.000000,4601.000000,742
2021-03-15T11:15:00+05:30,4601.000000,4601.200000,4598.000000,4600.000000,882
2021-03-15T11:30:00+05:30,4600.000000,4603.950000,4594.850000,4602.350000,3016
2021-03-15T11:45:00+05:30,4602.350000,4618.750000,4592.500000,4607.000000,1930
2021-03-15T12:00:00+05:30,4607.800000,4618.500000,4600.000000,4602.000000,1124
2021-03-15T12:15:00+05:30,4602.000000,4604.350000,4600.000000,4604.350000,759
2021-03-15T12:30:00+05:30,4603.000000,4612.950000,4588.000000,4588.350000,1054
2021-03-15T12:45:00+05:30,4588.350000,4591.900000,4564.800000,4571.650000,3221
2021-03-15T13:00:00+05:30,4571.650000,4576.100000,4569.050000,4574.950000,580
2021-03-15T13:15:00+05:30,4574.950000,4577.450000,4549.600000,4554.700000,2357
2021-03-15T13:30:00+05:30,4554.700000,4572.300000,4548.800000,4571.700000,1765
2021-03-15T13:45:00+05:30,4571.700000,4575.500000,4563.050000,4570.000000,632
2021-03-15T14:00:00+05:30,4570.000000,4574.750000,4556.200000,4565.350000,1077
2021-03-15T14:15:00+05:30,4570.400000,4571.450000,4558.000000,4567.500000,1339
2021-03-15T14:30:00+05:30,4567.500000,4576.000000,4566.800000,4573.450000,1118
2021-03-15T14:45:00+05:30,4574.500000,4577.450000,4570.100000,4575.800000,1778
2021-03-15T15:00:00+05:30,4575.800000,4609.000000,4575.800000,4600.050000,6918
2021-03-15T15:15:00+05:30,4600.050000,4605.000000,4575.650000,4586.000000,4041
2021-03-16T09:15:00+05:30,4600.000000,4638.750000,4557.450000,4629.900000,2308
2021-03-16T09:30:00+05:30,4629.900000,4634.900000,4611.300000,4612.500000,1432
2021-03-16T09:45:00+05:30,4610.150000,4622.050000,4605.000000,4619.500000,1381
2021-03-16T10:00:00+05:30,4619.500000,4624.950000,4612.700000,4621.000000,474
2021-03-16T10:15:00+05:30,4621.000000,4623.000000,4614.000000,4614.000000,365
2021-03-16T10:30:00+05:30,4612.650000,4623.000000,4606.550000,4620.000000,713
2021-03-16T10:45:00+05:30,4620.000000,4633.750000,4620.000000,4626.300000,588
2021-03-16T11:00:00+05:30,4629.750000,4633.500000,4624.050000,4625.450000,409
2021-03-16T11:15:00+05:30,4625.450000,4629.900000,4625.000000,4629.000000,493
2021-03-16T11:30:00+05:30,4629.000000,4632.400000,4625.000000,4626.400000,315
2021-03-16T11:45:00+05:30,4626.400000,4629.400000,4623.800000,4626.250000,91
2021-03-16T12:00:00+05:30,4626.250000,4629.950000,4622.250000,4622.250000,453
2021-03-16T12:15:00+05:30,4622.250000,4628.950000,4620.000000,4624.800000,489
2021-03-16T12:30:00+05:30,4624.800000,4635.000000,4620.100000,4634.300000,757
2021-03-16T12:45:00+05:30,4634.300000,4651.000000,4618.750000,4631.100000,2697
2021-03-16T13:00:00+05:30,4631.100000,4635.000000,4622.050000,4622.050000,710
2021-03-16T13:15:00+05:30,4622.050000,4629.350000,4619.650000,4629.350000,721
2021-03-16T13:30:00+05:30,4629.350000,4629.350000,4617.000000,4617.000000,320
2021-03-16T13:45:00+05:30,4617.000000,4624.950000,4615.050000,4618.850000,1046
2021-03-16T14:00:00+05:30,4618.850000,4622.800000,4618.850000,4619.100000,136
2021-03-16T14:15:00+05:30,4619.100000,4624.000000,4619.100000,4621.250000,216
2021-03-16T14:30:00+05:30,4621.250000,4621.250000,4602.000000,4605.950000,1068
2021-03-16T14:45:00+05:30,4605.950000,4620.000000,4601.000000,4620.000000,1820
2021-03-16T15:00:00+05:30,4620.000000,4621.000000,4600.000000,4606.150000,2634
2021-03-16T15:15:00+05:30,4606.150000,4649.000000,4600.000000,4614.650000,3325
2021-03-17T09:15:00+05:30,4645.000000,4645.000000,4571.000000,4594.550000,1854
2021-03-17T09:30:00+05:30,4594.550000,4611.500000,4593.150000,4596.750000,729
2021-03-17T09:45:00+05:30,4596.750000,4600.000000,4580.000000,4580.550000,863
2021-03-17T10:00:00+05:30,4580.550000,4588.700000,4561.100000,4565.000000,1592
2021-03-17T10:15:00+05:30,4565.000000,4569.450000,4551.150000,4561.950000,1380
2021-03-17T10:30:00+05:30,4557.600000,4570.000000,4557.550000,4565.000000,1084
2021-03-17T10:45:00+05:30,4565.000000,4590.000000,4565.000000,4574.700000,1243
2021-03-17T11:00:00+05:30,4574.700000,4579.800000,4570.600000,4575.700000,654
2021-03-17T11:15:00+05:30,4575.700000,4583.000000,4570.600000,4579.550000,811
2021-03-17T11:30:00+05:30,4579.550000,4582.750000,4571.050000,4575.000000,765
2021-03-17T11:45:00+05:30,4575.000000,4584.900000,4566.300000,4566.300000,1019
2021-03-17T12:00:00+05:30,4566.300000,4567.800000,4534.100000,4535.100000,3524
2021-03-17T12:15:00+05:30,4535.000000,4535.000000,4516.000000,4525.000000,2520
2021-03-17T12:30:00+05:30,4525.000000,4525.000000,4519.000000,4524.950000,1447
2021-03-17T12:45:00+05:30,4524.950000,4525.000000,4518.000000,4518.250000,1427
2021-03-17T13:00:00+05:30,4518.250000,4523.500000,4515.000000,4517.000000,1421
2021-03-17T13:15:00+05:30,4517.000000,4521.500000,4505.300000,4506.000000,2108
2021-03-17T13:30:00+05:30,4506.000000,4511.500000,4506.000000,4507.900000,960
2021-03-17T13:45:00+05:30,4507.900000,4511.450000,4506.050000,4507.050000,1031
2021-03-17T14:00:00+05:30,4507.050000,4519.000000,4503.000000,4507.100000,2514
2021-03-17T14:15:00+05:30,4507.100000,4511.400000,4501.000000,4506.400000,1685
2021-03-17T14:30:00+05:30,4506.850000,4512.050000,4498.100000,4508.050000,2371
2021-03-17T14:45:00+05:30,4508.050000,4512.950000,4501.500000,4503.450000,1678
2021-03-17T15:00:00+05:30,4503.500000,4509.700000,4492.000000,4492.900000,2778
2021-03-17T15:15:00+05:30,4496.750000,4496.750000,4480.000000,4486.000000,3460
2021-03-18T09:15:00+05:30,4500.000000,4520.000000,4499.600000,4503.100000,3422
2021-03-18T09:30:00+05:30,4503.100000,4505.000000,4493.400000,4503.500000,1921
2021-03-18T09:45:00+05:30,4503.500000,4508.900000,4495.050000,4502.250000,955
2021-03-18T10:00:00+05:30,4502.250000,4505.000000,4497.850000,4500.000000,662
2021-03-18T10:15:00+05:30,4500.000000,4505.000000,4496.350000,4504.950000,582
2021-03-18T10:30:00+05:30,4504.950000,4505.000000,4490.000000,4490.000000,1149
2021-03-18T10:45:00+05:30,4490.000000,4507.650000,4490.000000,4498.000000,724
2021-03-18T11:00:00+05:30,4498.000000,4498.000000,4495.000000,4497.000000,239
2021-03-18T11:15:00+05:30,4497.000000,4497.000000,4490.000000,4493.350000,564
2021-03-18T11:30:00+05:30,4493.350000,4497.550000,4488.800000,4489.850000,446
2021-03-18T11:45:00+05:30,4489.850000,4497.650000,4489.500000,4493.700000,272
2021-03-18T12:00:00+05:30,4493.700000,4497.350000,4493.700000,4495.000000,42
2021-03-18T12:15:00+05:30,4495.000000,4496.600000,4490.200000,4492.000000,319
2021-03-18T12:30:00+05:30,4492.000000,4492.000000,4485.050000,4487.050000,678
2021-03-18T12:45:00+05:30,4487.050000,4490.000000,4485.050000,4490.000000,154
2021-03-18T13:00:00+05:30,4490.000000,4491.000000,4470.000000,4471.800000,905
2021-03-18T13:15:00+05:30,4471.800000,4473.100000,4450.000000,4452.500000,1388
2021-03-18T13:30:00+05:30,4452.500000,4455.000000,4438.000000,4449.500000,1543
2021-03-18T13:45:00+05:30,4449.500000,4460.000000,4449.500000,4454.000000,826
2021-03-18T14:00:00+05:30,4454.000000,4460.000000,4440.700000,4444.000000,1090
2021-03-18T14:15:00+05:30,4444.000000,4448.100000,4418.000000,4418.200000,1412
2021-03-18T14:30:00+05:30,4418.200000,4445.000000,4418.200000,4433.300000,1090
2021-03-18T14:45:00+05:30,4433.300000,4445.000000,4432.450000,4437.100000,437
2021-03-18T15:00:00+05:30,4437.100000,4443.000000,4430.050000,4440.650000,1240
2021-03-18T15:15:00+05:30,4440.650000,4462.000000,4417.850000,4460.000000,6429
2021-03-19T09:15:00+05:30,4415.000000,4450.000000,4360.000000,4360.050000,4599
2021-03-19T09:30:00+05:30,4360.500000,4379.000000,4330.050000,4364.250000,5409
2021-03-19T09:45:00+05:30,4367.050000,4369.450000,4354.600000,4369.450000,1603
2021-03-19T10:00:00+05:30,4369.450000,4378.150000,4360.400000,4373.350000,2275
2021-03-19T10:15:00+05:30,4373.350000,4389.350000,4373.000000,4384.250000,1006
2021-03-19T10:30:00+05:30,4384.250000,4393.650000,4384.000000,4388.200000,843
2021-03-19T10:45:00+05:30,4392.600000,4420.000000,4384.000000,4419.950000,1419
2021-03-19T11:00:00+05:30,4419.950000,4447.250000,4418.000000,4435.200000,2059
2021-03-19T11:15:00+05:30,4435.200000,4437.000000,4404.400000,4422.350000,1573
2021-03-19T11:30:00+05:30,4422.350000,4422.350000,4402.950000,4407.000000,457
2021-03-19T11:45:00+05:30,4407.000000,4420.000000,4404.500000,4418.700000,744
2021-03-19T12:00:00+05:30,4418.700000,4420.000000,4401.650000,4418.400000,913
2021-03-19T12:15:00+05:30,4418.400000,4420.000000,4408.550000,4409.700000,436
2021-03-19T12:30:00+05:30,4409.700000,4409.700000,4400.000000,4403.300000,732
2021-03-19T12:45:00+05:30,4403.300000,4409.400000,4403.300000,4408.000000,322
2021-03-19T13:00:00+05:30,4408.000000,4412.600000,4404.150000,4406.500000,1048
2021-03-19T13:15:00+05:30,4409.000000,4420.000000,4405.550000,4417.600000,587
2021-03-19T13:30:00+05:30,4417.350000,4420.000000,4413.250000,4413.500000,256
2021-03-19T13:45:00+05:30,4413.500000,4419.650000,4412.800000,4419.550000,229
2021-03-19T14:00:00+05:30,4419.550000,4480.300000,4415.700000,4480.300000,2135
2021-03-19T14:15:00+05:30,4484.600000,4484.750000,4454.550000,4454.700000,3409
2021-03-19T14:30:00+05:30,4454.650000,4462.400000,4448.250000,4451.750000,813
2021-03-19T14:45:00+05:30,4451.750000,4463.800000,4440.050000,4440.900000,1197
2021-03-19T15:00:00+05:30,4442.850000,4442.850000,4379.150000,4380.000000,12177
2021-03-19T15:15:00+05:30,4379.150000,4390.700000,4365.200000,4390.700000,13723
2021-03-22T09:15:00+05:30,4395.000000,4410.000000,4376.300000,4394.950000,1355
2021-03-22T09:30:00+05:30,4394.950000,4411.200000,4389.300000,4404.850000,1894
2021-03-22T09:45:00+05:30,4401.350000,4412.450000,4401.350000,4407.800000,860
2021-03-22T10:00:00+05:30,4408.000000,4425.100000,4393.900000,4422.000000,3544
2021-03-22T10:15:00+05:30,4422.000000,4424.950000,4409.200000,4415.000000,878
2021-03-22T10:30:00+05:30,4415.000000,4418.300000,4410.000000,4410.000000,439
2021-03-22T10:45:00+05:30,4410.000000,4410.000000,4396.000000,4397.150000,1196
2021-03-22T11:00:00+05:30,4397.150000,4397.150000,4380.650000,4389.900000,2048
2021-03-22T11:15:00+05:30,4389.900000,4393.700000,4387.000000,4391.500000,974
2021-03-22T11:30:00+05:30,4391.500000,4393.500000,4386.150000,4393.500000,462
2021-03-22T11:45:00+05:30,4393.500000,4396.300000,4390.900000,4395.000000,388
2021-03-22T12:00:00+05:30,4395.000000,4396.350000,4389.050000,4394.100000,327
2021-03-22T12:15:00+05:30,4394.100000,4394.900000,4383.750000,4391.800000,353
2021-03-22T12:30:00+05:30,4391.800000,4394.800000,4382.800000,4394.150000,765
2021-03-22T12:45:00+05:30,4394.150000,4395.000000,4390.000000,4394.100000,366
2021-03-22T13:00:00+05:30,4394.100000,4394.100000,4383.050000,4387.850000,419
2021-03-22T13:15:00+05:30,4387.850000,4388.000000,4381.000000,4385.000000,410
2021-03-22T13:30:00+05:30,4385.000000,4386.050000,4377.000000,4383.800000,820
2021-03-22T13:45:00+05:30,4383.800000,4387.500000,4379.200000,4385.100000,309
2021-03-22T14:00:00+05:30,4385.100000,4387.100000,4383.050000,4386.950000,278
2021-03-22T14:15:00+05:30,4386.950000,4389.000000,4381.700000,4385.000000,935
2021-03-22T14:30:00+05:30,4389.000000,4410.900000,4388.850000,4409.750000,1987
2021-03-22T14:45:00+05:30,4412.100000,4412.100000,4394.400000,4402.750000,1473
2021-03-22T15:00:00+05:30,4402.750000,4410.000000,4394.400000,4407.950000,1904
2021-03-22T15:15:00+05:30,4407.950000,4434.200000,4401.150000,4428.000000,6314
2021-03-23T09:15:00+05:30,4425.000000,4449.000000,4420.050000,4438.850000,1538
2021-03-23T09:30:00+05:30,4438.000000,4439.000000,4422.500000,4425.000000,994
2021-03-23T09:45:00+05:30,4425.000000,4431.900000,4425.000000,4429.050000,283
2021-03-23T10:00:00+05:30,4429.050000,4429.050000,4419.000000,4421.700000,425
2021-03-23T10:15:00+05:30,4421.700000,4424.900000,4420.000000,4420.000000,312
2021-03-23T10:30:00+05:30,4420.000000,4428.950000,4420.000000,4424.650000,631
2021-03-23T10:45:00+05:30,4425.000000,4432.150000,4423.300000,4427.550000,694
2021-03-23T11:00:00+05:30,4427.550000,4433.950000,4422.600000,4426.000000,678
2021-03-23T11:15:00+05:30,4426.000000,4426.000000,4420.000000,4424.000000,714
2021-03-23T11:30:00+05:30,4424.000000,4425.000000,4420.000000,4423.000000,349
2021-03-23T11:45:00+05:30,4423.000000,4423.000000,4408.500000,4414.550000,1840
2021-03-23T12:00:00+05:30,4414.550000,4415.000000,4408.550000,4413.450000,272
2021-03-23T12:15:00+05:30,4413.450000,4415.000000,4408.800000,4415.000000,399
2021-03-23T12:30:00+05:30,4415.000000,4415.000000,4410.400000,4414.000000,263
2021-03-23T12:45:00+05:30,4414.000000,4414.700000,4411.000000,4414.000000,435
2021-03-23T13:00:00+05:30,4414.000000,4414.700000,4408.000000,4413.300000,476
2021-03-23T13:15:00+05:30,4408.800000,4417.400000,4408.750000,4416.200000,278
2021-03-23T13:30:00+05:30,4416.200000,4417.000000,4410.000000,4416.100000,349
2021-03-23T13:45:00+05:30,4416.100000,4417.000000,4411.300000,4416.100000,376
2021-03-23T14:00:00+05:30,4416.100000,4420.000000,4410.100000,4419.400000,345
2021-03-23T14:15:00+05:30,4419.400000,4439.850000,4417.150000,4433.000000,1683
2021-03-23T14:30:00+05:30,4433.000000,4442.000000,4426.350000,4440.000000,1574
2021-03-23T14:45:00+05:30,4440.000000,4464.800000,4438.550000,4461.250000,3604
2021-03-23T15:00:00+05:30,4456.100000,4543.900000,4456.050000,4537.000000,25472
2021-03-23T15:15:00+05:30,4530.000000,4535.000000,4503.650000,4511.600000,7407
2021-03-24T09:15:00+05:30,4510.000000,4575.000000,4508.900000,4548.100000,13259
2021-03-24T09:30:00+05:30,4543.650000,4550.000000,4512.600000,4522.700000,6575
2021-03-24T09:45:00+05:30,4522.700000,4526.900000,4500.200000,4510.000000,2990
2021-03-24T10:00:00+05:30,4510.000000,4515.000000,4495.550000,4505.300000,3338
2021-03-24T10:15:00+05:30,4505.300000,4510.800000,4497.050000,4508.350000,1679
2021-03-24T10:30:00+05:30,4508.350000,4516.400000,4502.000000,4509.000000,1321
2021-03-24T10:45:00+05:30,4509.000000,4515.400000,4505.000000,4507.250000,1674
2021-03-24T11:00:00+05:30,4507.250000,4512.300000,4500.000000,4502.100000,692
2021-03-24T11:15:00+05:30,4502.100000,4507.100000,4500.000000,4501.100000,478
2021-03-24T11:30:00+05:30,4501.100000,4508.100000,4501.000000,4502.050000,655
2021-03-24T11:45:00+05:30,4502.050000,4507.000000,4501.950000,4503.950000,363
2021-03-24T12:00:00+05:30,4508.700000,4508.850000,4500.200000,4503.950000,558
2021-03-24T12:15:00+05:30,4503.950000,4510.000000,4502.800000,4506.100000,530
2021-03-24T12:30:00+05:30,4506.100000,4522.000000,4506.100000,4517.400000,953
2021-03-24T12:45:00+05:30,4517.400000,4518.750000,4486.050000,4496.700000,2671
2021-03-24T13:00:00+05:30,4496.700000,4504.000000,4482.450000,4492.150000,1619
2021-03-24T13:15:00+05:30,4492.150000,4492.150000,4478.000000,4480.000000,1595
2021-03-24T13:30:00+05:30,4480.000000,4486.100000,4475.150000,4481.000000,1266
2021-03-24T13:45:00+05:30,4484.650000,4502.400000,4481.000000,4494.000000,1818
2021-03-24T14:00:00+05:30,4494.000000,4502.600000,4485.000000,4493.400000,1273
2021-03-24T14:15:00+05:30,4493.400000,4493.950000,4480.000000,4481.100000,809
2021-03-24T14:30:00+05:30,4481.100000,4510.000000,4481.100000,4510.000000,3417
2021-03-24T14:45:00+05:30,4509.600000,4510.000000,4462.100000,4462.300000,3381
2021-03-24T15:00:00+05:30,4462.300000,4475.200000,4444.000000,4474.850000,5818
2021-03-24T15:15:00+05:30,4474.800000,4495.000000,4465.500000,4486.000000,5621
2021-03-25T09:15:00+05:30,4460.000000,4475.000000,4421.000000,4424.000000,3176
2021-03-25T09:30:00+05:30,4424.000000,4462.950000,4421.000000,4457.050000,3065
2021-03-25T09:45:00+05:30,4457.050000,4457.050000,4431.700000,4433.050000,1342
2021-03-25T10:00:00+05:30,4433.050000,4440.300000,4425.950000,4440.300000,623
2021-03-25T10:15:00+05:30,4440.300000,4440.750000,4421.000000,4422.900000,800
2021-03-25T10:30:00+05:30,4422.950000,4427.800000,4421.000000,4425.000000,777
2021-03-25T10:45:00+05:30,4425.000000,4427.800000,4411.050000,4420.100000,980
2021-03-25T11:00:00+05:30,4420.100000,4424.550000,4412.000000,4416.750000,776
2021-03-25T11:15:00+05:30,4416.750000,4422.900000,4412.850000,4422.900000,326
2021-03-25T11:30:00+05:30,4422.900000,4428.900000,4420.750000,4420.750000,496
2021-03-25T11:45:00+05:30,4420.750000,4423.650000,4412.650000,4418.000000,609
2021-03-25T12:00:00+05:30,4418.000000,4419.950000,4400.750000,4408.200000,1225
2021-03-25T12:15:00+05:30,4408.200000,4415.000000,4400.750000,4408.450000,770
2021-03-25T12:30:00+05:30,4408.450000,4421.800000,4407.450000,4420.850000,547
2021-03-25T12:45:00+05:30,4420.850000,4423.900000,4417.000000,4420.000000,412
2021-03-25T13:00:00+05:30,4420.000000,4420.000000,4405.000000,4412.000000,1852
2021-03-25T13:15:00+05:30,4412.000000,4413.500000,4400.000000,4401.100000,829
2021-03-25T13:30:00+05:30,4401.100000,4406.350000,4400.000000,4401.000000,914
2021-03-25T13:45:00+05:30,4401.000000,4414.900000,4401.000000,4401.750000,1318
2021-03-25T14:00:00+05:30,4401.750000,4412.650000,4400.000000,4412.650000,1206
2021-03-25T14:15:00+05:30,4412.650000,4412.650000,4397.900000,4400.500000,1675
2021-03-25T14:30:00+05:30,4398.050000,4406.900000,4391.350000,4400.050000,3266
2021-03-25T14:45:00+05:30,4400.050000,4408.700000,4390.000000,4399.850000,6533
2021-03-25T15:00:00+05:30,4401.000000,4419.000000,4396.750000,4401.000000,4016
2021-03-25T15:15:00+05:30,4401.000000,4409.850000,4390.000000,4390.050000,4316
2021-03-26T09:15:00+05:30,4426.850000,4439.650000,4400.000000,4411.000000,2108
2021-03-26T09:30:00+05:30,4411.000000,4412.000000,4395.850000,4396.650000,1049
2021-03-26T09:45:00+05:30,4396.650000,4404.350000,4395.000000,4404.100000,792
2021-03-26T10:00:00+05:30,4404.100000,4406.000000,4400.000000,4400.550000,349
2021-03-26T10:15:00+05:30,4400.550000,4404.950000,4390.250000,4391.000000,1032
2021-03-26T10:30:00+05:30,4391.000000,4399.000000,4390.200000,4395.100000,409
2021-03-26T10:45:00+05:30,4394.000000,4396.000000,4385.150000,4390.000000,1446
2021-03-26T11:00:00+05:30,4390.000000,4395.000000,4386.000000,4386.650000,892
2021-03-26T11:15:00+05:30,4386.650000,4389.950000,4385.150000,4389.500000,588
2021-03-26T11:30:00+05:30,4386.800000,4396.200000,4386.800000,4395.250000,660
2021-03-26T11:45:00+05:30,4392.050000,4397.250000,4390.000000,4393.200000,680
2021-03-26T12:00:00+05:30,4396.600000,4398.000000,4391.000000,4391.050000,544
2021-03-26T12:15:00+05:30,4391.050000,4396.250000,4386.500000,4391.400000,623
2021-03-26T12:30:00+05:30,4392.300000,4392.950000,4383.450000,4386.100000,1264
2021-03-26T12:45:00+05:30,4386.100000,4391.500000,4386.000000,4387.000000,893
2021-03-26T13:00:00+05:30,4387.000000,4391.950000,4385.050000,4387.050000,919
2021-03-26T13:15:00+05:30,4387.050000,4392.700000,4386.000000,4387.100000,1330
2021-03-26T13:30:00+05:30,4387.100000,4391.150000,4385.000000,4385.150000,1026
2021-03-26T13:45:00+05:30,4385.150000,4388.700000,4361.250000,4373.150000,2967
2021-03-26T14:00:00+05:30,4373.150000,4373.650000,4366.750000,4372.150000,2199
2021-03-26T14:15:00+05:30,4372.150000,4372.600000,4367.000000,4368.500000,1422
2021-03-26T14:30:00+05:30,4368.500000,4369.850000,4365.000000,4365.150000,736
2021-03-26T14:45:00+05:30,4365.150000,4375.000000,4360.000000,4370.150000,2950
2021-03-26T15:00:00+05:30,4370.150000,4380.950000,4365.150000,4365.150000,3568
2021-03-26T15:15:00+05:30,4365.150000,4370.900000,4365.000000,4368.850000,6197
2021-03-30T09:15:00+05:30,4405.000000,4424.900000,4385.000000,4417.550000,3146
2021-03-30T09:30:00+05:30,4417.550000,4423.950000,4412.250000,4413.700000,1495
2021-03-30T09:45:00+05:30,4413.700000,4420.500000,4412.200000,4416.000000,939
2021-03-30T10:00:00+05:30,4416.000000,4416.000000,4400.000000,4409.300000,871
2021-03-30T10:15:00+05:30,4407.000000,4419.850000,4400.000000,4408.050000,1477
2021-03-30T10:30:00+05:30,4408.050000,4414.000000,4400.450000,4410.000000,760
2021-03-30T10:45:00+05:30,4407.850000,4412.000000,4401.050000,4409.900000,1054
2021-03-30T11:00:00+05:30,4409.900000,4412.250000,4408.200000,4412.250000,814
2021-03-30T11:15:00+05:30,4412.250000,4416.100000,4410.000000,4416.050000,800
2021-03-30T11:30:00+05:30,4416.050000,4419.900000,4412.000000,4415.000000,772
2021-03-30T11:45:00+05:30,4415.000000,4420.000000,4411.050000,4416.750000,422
2021-03-30T12:00:00+05:30,4416.750000,4420.000000,4404.100000,4409.750000,835
2021-03-30T12:15:00+05:30,4409.750000,4418.000000,4406.500000,4416.950000,296
2021-03-30T12:30:00+05:30,4416.950000,4419.850000,4410.000000,4412.200000,580
2021-03-30T12:45:00+05:30,4412.100000,4416.000000,4409.000000,4414.250000,527
2021-03-30T13:00:00+05:30,4414.250000,4417.000000,4409.000000,4410.150000,434
2021-03-30T13:15:00+05:30,4409.000000,4416.600000,4409.000000,4412.600000,353
2021-03-30T13:30:00+05:30,4412.600000,4414.550000,4409.000000,4409.750000,403
2021-03-30T13:45:00+05:30,4409.750000,4413.900000,4406.850000,4409.000000,420
2021-03-30T14:00:00+05:30,4409.000000,4411.950000,4408.600000,4410.000000,437
2021-03-30T14:15:00+05:30,4410.000000,4417.000000,4409.000000,4416.450000,526
2021-03-30T14:30:00+05:30,4416.450000,4448.950000,4412.250000,4442.850000,3596
2021-03-30T14:45:00+05:30,4442.850000,4460.000000,4436.000000,4459.900000,3606
2021-03-30T15:00:00+05:30,4459.900000,4475.000000,4439.850000,4450.900000,5030
2021-03-30T15:15:00+05:30,4450.900000,4490.950000,4445.400000,4470.000000,6342
2021-03-31T09:15:00+05:30,4480.000000,4483.000000,4441.200000,4468.800000,2663
2021-03-31T09:30:00+05:30,4468.800000,4495.000000,4463.000000,4483.550000,1725
2021-03-31T09:45:00+05:30,4483.550000,4504.350000,4483.550000,4490.000000,2191
2021-03-31T10:00:00+05:30,4480.100000,4487.200000,4470.050000,4483.150000,1398
2021-03-31T10:15:00+05:30,4483.150000,4483.150000,4464.950000,4467.150000,700
2021-03-31T10:30:00+05:30,4467.150000,4477.650000,4459.000000,4464.750000,669
2021-03-31T10:45:00+05:30,4464.750000,4471.950000,4459.000000,4461.000000,498
2021-03-31T11:00:00+05:30,4461.000000,4496.000000,4459.050000,4490.900000,1004
2021-03-31T11:15:00+05:30,4490.900000,4495.000000,4479.050000,4490.400000,865
2021-03-31T11:30:00+05:30,4490.500000,4496.000000,4482.100000,4482.100000,575
2021-03-31T11:45:00+05:30,4482.100000,4486.700000,4471.200000,4474.800000,343
2021-03-31T12:00:00+05:30,4474.800000,4479.900000,4465.550000,4469.950000,746
2021-03-31T12:15:00+05:30,4469.950000,4469.950000,4455.500000,4460.500000,527
2021-03-31T12:30:00+05:30,4463.000000,4484.400000,4460.350000,4478.300000,1326
2021-03-31T12:45:00+05:30,4478.300000,4478.300000,4470.000000,4471.800000,109
2021-03-31T13:00:00+05:30,4471.800000,4477.150000,4471.000000,4471.000000,177
2021-03-31T13:15:00+05:30,4471.000000,4476.850000,4469.300000,4473.600000,384
2021-03-31T13:30:00+05:30,4473.600000,4473.600000,4460.000000,4464.000000,379
2021-03-31T13:45:00+05:30,4464.000000,4467.000000,4457.400000,4460.850000,557
2021-03-31T14:00:00+05:30,4460.850000,4469.750000,4460.800000,4468.750000,447
2021-03-31T14:15:00+05:30,4468.750000,4468.750000,4460.000000,4463.900000,260
2021-03-31T14:30:00+05:30,4463.900000,4465.000000,4456.700000,4459.200000,581
2021-03-31T14:45:00+05:30,4459.200000,4524.950000,4459.200000,4516.950000,7646
2021-03-31T15:00:00+05:30,4516.950000,4530.000000,4505.000000,4522.750000,5335
2021-03-31T15:15:00+05:30,4522.750000,4535.000000,4496.700000,4510.050000,5537
2021-04-01T09:15:00+05:30,4512.000000,4537.850000,4512.000000,4535.000000,1690
2021-04-01T09:30:00+05:30,4535.000000,4552.050000,4535.000000,4546.500000,2415
2021-04-01T09:45:00+05:30,4546.500000,4575.000000,4544.300000,4564.200000,2676
2021-04-01T10:00:00+05:30,4564.200000,4570.000000,4552.500000,4559.050000,2209
2021-04-01T10:15:00+05:30,4559.050000,4587.600000,4556.150000,4575.000000,4151
2021-04-01T10:30:00+05:30,4575.000000,4589.000000,4570.000000,4578.850000,2986
2021-04-01T10:45:00+05:30,4578.850000,4585.000000,4562.000000,4562.000000,2263
2021-04-01T11:00:00+05:30,4562.000000,4578.350000,4551.300000,4564.900000,5209
2021-04-01T11:15:00+05:30,4564.900000,4570.000000,4561.050000,4565.000000,1313
2021-04-01T11:30:00+05:30,4565.700000,4582.000000,4562.100000,4580.000000,31768
2021-04-01T11:45:00+05:30,4580.000000,4581.400000,4570.000000,4572.000000,1754
2021-04-01T12:00:00+05:30,4572.000000,4572.900000,4565.000000,4565.100000,806
2021-04-01T12:15:00+05:30,4570.000000,4573.500000,4554.050000,4556.750000,1215
2021-04-01T12:30:00+05:30,4556.750000,4559.700000,4551.000000,4553.500000,1045
2021-04-01T12:45:00+05:30,4551.300000,4557.250000,4540.600000,4544.000000,1631
2021-04-01T13:00:00+05:30,4544.000000,4549.000000,4542.000000,4542.700000,548
2021-04-01T13:15:00+05:30,4543.000000,4548.200000,4536.100000,4544.100000,1385
2021-04-01T13:30:00+05:30,4544.100000,4561.100000,4540.450000,4540.450000,1334
2021-04-01T13:45:00+05:30,4540.450000,4546.950000,4535.000000,4535.100000,817
2021-04-01T14:00:00+05:30,4535.100000,4541.000000,4527.000000,4533.300000,828
2021-04-01T14:15:00+05:30,4533.450000,4541.000000,4510.000000,4516.200000,1695
2021-04-01T14:30:00+05:30,4516.200000,4546.050000,4513.000000,4520.500000,1462
2021-04-01T14:45:00+05:30,4520.350000,4538.000000,4520.050000,4530.550000,1412
2021-04-01T15:00:00+05:30,4530.550000,4550.000000,4528.100000,4549.000000,2454
2021-04-01T15:15:00+05:30,4549.100000,4570.000000,4532.000000,4559.950000,5170
2021-04-05T09:15:00+05:30,4575.000000,4594.800000,4553.550000,4591.000000,4398
2021-04-05T09:30:00+05:30,4591.000000,4630.000000,4586.300000,4602.050000,6967
2021-04-05T09:45:00+05:30,4602.050000,4614.900000,4593.050000,4593.200000,2026
2021-04-05T10:00:00+05:30,4593.200000,4603.950000,4555.000000,4589.350000,3638
2021-04-05T10:15:00+05:30,4582.700000,4625.000000,4577.100000,4620.000000,2674
2021-04-05T10:30:00+05:30,4620.050000,4621.950000,4587.900000,4593.650000,1568
2021-04-05T10:45:00+05:30,4593.650000,4600.000000,4562.550000,4579.650000,1446
2021-04-05T11:00:00+05:30,4579.650000,4585.000000,4570.000000,4572.450000,1158
2021-04-05T11:15:00+05:30,4572.450000,4578.000000,4554.300000,4566.000000,1967
2021-04-05T11:30:00+05:30,4566.000000,4573.850000,4560.050000,4572.350000,1039
2021-04-05T11:45:00+05:30,4572.350000,4579.950000,4566.000000,4579.950000,630
2021-04-05T12:00:00+05:30,4579.950000,4580.000000,4571.150000,4577.800000,618
2021-04-05T12:15:00+05:30,4577.800000,4578.000000,4555.000000,4562.050000,1605
2021-04-05T12:30:00+05:30,4562.050000,4584.900000,4562.000000,4583.800000,734
2021-04-05T12:45:00+05:30,4583.800000,4585.450000,4568.450000,4575.900000,806
2021-04-05T13:00:00+05:30,4575.900000,4583.700000,4568.000000,4572.300000,389
2021-04-05T13:15:00+05:30,4572.300000,4579.950000,4570.050000,4577.650000,345
2021-04-05T13:30:00+05:30,4577.600000,4579.900000,4570.000000,4577.750000,689
2021-04-05T13:45:00+05:30,4577.750000,4578.000000,4567.550000,4570.000000,400
2021-04-05T14:00:00+05:30,4573.750000,4576.900000,4567.000000,4576.800000,446
2021-04-05T14:15:00+05:30,4576.800000,4582.150000,4572.000000,4576.250000,482
2021-04-05T14:30:00+05:30,4576.250000,4578.650000,4567.400000,4577.750000,916
2021-04-05T14:45:00+05:30,4578.000000,4588.950000,4575.050000,4587.350000,562
2021-04-05T15:00:00+05:30,4587.350000,4610.000000,4580.550000,4606.150000,3963
2021-04-05T15:15:00+05:30,4606.150000,4609.000000,4580.250000,4599.000000,3432
2021-04-06T09:15:00+05:30,4610.000000,4615.000000,4553.000000,4573.650000,2417
2021-04-06T09:30:00+05:30,4573.650000,4578.400000,4550.000000,4573.500000,2164
2021-04-06T09:45:00+05:30,4573.500000,4579.800000,4570.000000,4577.950000,715
2021-04-06T10:00:00+05:30,4577.950000,4586.400000,4575.500000,4585.000000,851
2021-04-06T10:15:00+05:30,4585.000000,4588.200000,4577.050000,4582.350000,637
2021-04-06T10:30:00+05:30,4582.350000,4584.950000,4576.650000,4584.000000,457
2021-04-06T10:45:00+05:30,4584.000000,4596.100000,4580.400000,4594.000000,766
2021-04-06T11:00:00+05:30,4594.000000,4594.950000,4586.950000,4587.200000,183
2021-04-06T11:15:00+05:30,4587.200000,4591.550000,4584.000000,4589.000000,403
2021-04-06T11:30:00+05:30,4589.000000,4592.950000,4587.200000,4588.050000,632
2021-04-06T11:45:00+05:30,4588.050000,4591.800000,4588.050000,4590.200000,459
2021-04-06T12:00:00+05:30,4590.200000,4597.000000,4589.000000,4591.000000,637
2021-04-06T12:15:00+05:30,4591.000000,4605.800000,4588.650000,4605.800000,762
2021-04-06T12:30:00+05:30,4605.800000,4622.000000,4583.000000,4583.000000,3591
2021-04-06T12:45:00+05:30,4583.000000,4614.050000,4578.800000,4606.000000,963
2021-04-06T13:00:00+05:30,4606.000000,4608.450000,4599.000000,4608.450000,436
2021-04-06T13:15:00+05:30,4608.450000,4608.450000,4589.250000,4593.450000,502
2021-04-06T13:30:00+05:30,4593.450000,4602.000000,4578.400000,4587.950000,931
2021-04-06T13:45:00+05:30,4587.950000,4587.950000,4571.200000,4576.300000,422
2021-04-06T14:00:00+05:30,4576.300000,4582.000000,4573.100000,4582.000000,397
2021-04-06T14:15:00+05:30,4582.000000,4586.300000,4576.050000,4580.350000,302
2021-04-06T14:30:00+05:30,4580.350000,4597.000000,4580.100000,4592.000000,1018
2021-04-06T14:45:00+05:30,4592.000000,4596.200000,4589.400000,4591.050000,627
2021-04-06T15:00:00+05:30,4591.050000,4609.200000,4591.050000,4605.000000,1837
2021-04-06T15:15:00+05:30,4605.000000,4609.000000,4581.000000,4591.700000,2416
2021-04-07T09:15:00+05:30,4610.000000,4625.000000,4590.000000,4597.250000,2856
2021-04-07T09:30:00+05:30,4592.850000,4611.950000,4592.850000,4605.000000,544
2021-04-07T09:45:00+05:30,4605.000000,4612.750000,4605.000000,4610.000000,249
2021-04-07T10:00:00+05:30,4610.000000,4614.950000,4604.000000,4610.400000,549
2021-04-07T10:15:00+05:30,4610.400000,4611.050000,4598.000000,4598.000000,413
2021-04-07T10:30:00+05:30,4598.000000,4605.000000,4595.000000,4604.400000,453
2021-04-07T10:45:00+05:30,4604.400000,4608.050000,4596.350000,4604.400000,381
2021-04-07T11:00:00+05:30,4604.400000,4608.000000,4603.200000,4604.800000,215
2021-04-07T11:15:00+05:30,4604.800000,4608.000000,4602.950000,4605.550000,212
2021-04-07T11:30:00+05:30,4605.550000,4606.000000,4600.000000,4606.000000,218
2021-04-07T11:45:00+05:30,4606.000000,4607.450000,4594.000000,4599.000000,925
2021-04-07T12:00:00+05:30,4599.000000,4603.150000,4595.000000,4598.500000,364
2021-04-07T12:15:00+05:30,4598.500000,4600.000000,4595.050000,4600.000000,197
2021-04-07T12:30:00+05:30,4600.000000,4600.000000,4592.400000,4596.750000,293
2021-04-07T12:45:00+05:30,4596.750000,4604.350000,4593.900000,4602.600000,391
2021-04-07T13:00:00+05:30,4602.600000,4603.550000,4592.200000,4598.750000,528
2021-04-07T13:15:00+05:30,4598.750000,4598.750000,4587.600000,4592.000000,770
2021-04-07T13:30:00+05:30,4592.000000,4596.400000,4592.000000,4592.600000,111
2021-04-07T13:45:00+05:30,4592.600000,4600.450000,4592.600000,4593.050000,162
2021-04-07T14:00:00+05:30,4598.350000,4663.000000,4593.050000,4640.000000,7901
2021-04-07T14:15:00+05:30,4640.000000,4642.450000,4625.000000,4631.700000,1744
2021-04-07T14:30:00+05:30,4631.700000,4632.000000,4625.000000,4628.050000,592
2021-04-07T14:45:00+05:30,4628.050000,4629.900000,4624.450000,4625.200000,1030
2021-04-07T15:00:00+05:30,4625.200000,4630.000000,4624.000000,4628.350000,1116
2021-04-07T15:15:00+05:30,4628.350000,4629.250000,4611.000000,4622.000000,7568
2021-04-08T09:15:00+05:30,4648.850000,4648.850000,4625.150000,4629.600000,686
2021-04-08T09:30:00+05:30,4629.600000,4646.400000,4624.200000,4644.850000,2178
2021-04-08T09:45:00+05:30,4644.850000,4647.150000,4634.450000,4635.000000,652
2021-04-08T10:00:00+05:30,4635.000000,4644.900000,4630.150000,4640.450000,775
2021-04-08T10:15:00+05:30,4640.450000,4645.000000,4636.800000,4641.000000,611
2021-04-08T10:30:00+05:30,4641.000000,4646.750000,4629.600000,4629.600000,663
2021-04-08T10:45:00+05:30,4629.600000,4631.200000,4611.350000,4624.700000,1067
2021-04-08T11:00:00+05:30,4624.700000,4629.950000,4618.450000,4623.850000,1206
2021-04-08T11:15:00+05:30,4623.900000,4624.950000,4611.450000,4620.850000,727
2021-04-08T11:30:00+05:30,4620.850000,4625.000000,4617.050000,4622.050000,596
2021-04-08T11:45:00+05:30,4622.050000,4624.900000,4618.050000,4620.050000,226
2021-04-08T12:00:00+05:30,4620.050000,4623.450000,4618.950000,4621.650000,120
2021-04-08T12:15:00+05:30,4621.650000,4624.900000,4618.050000,4618.050000,320
2021-04-08T12:30:00+05:30,4623.600000,4624.800000,4620.100000,4624.550000,169
2021-04-08T12:45:00+05:30,4624.550000,4624.550000,4620.150000,4623.550000,669
2021-04-08T13:00:00+05:30,4623.550000,4624.900000,4620.050000,4622.250000,1331
2021-04-08T13:15:00+05:30,4622.250000,4624.900000,4621.000000,4624.900000,1546
2021-04-08T13:30:00+05:30,4624.900000,4624.900000,4618.550000,4624.650000,649
2021-04-08T13:45:00+05:30,4624.650000,4639.450000,4620.100000,4630.800000,968
2021-04-08T14:00:00+05:30,4630.800000,4630.800000,4619.000000,4621.200000,452
2021-04-08T14:15:00+05:30,4621.200000,4628.400000,4620.200000,4621.000000,318
2021-04-08T14:30:00+05:30,4621.000000,4624.950000,4618.000000,4618.750000,828
2021-04-08T14:45:00+05:30,4618.750000,4623.000000,4618.650000,4618.650000,572
2021-04-08T15:00:00+05:30,4618.650000,4624.900000,4617.000000,4623.550000,1085
2021-04-08T15:15:00+05:30,4623.550000,4627.700000,4598.700000,4612.000000,3214
2021-04-09T09:15:00+05:30,4572.000000,4646.750000,4572.000000,4640.000000,3061
2021-04-09T09:30:00+05:30,4640.000000,4653.000000,4640.000000,4644.150000,2480
2021-04-09T09:45:00+05:30,4646.000000,4647.100000,4640.150000,4644.000000,766
2021-04-09T10:00:00+05:30,4644.000000,4647.850000,4640.150000,4645.250000,1002
2021-04-09T10:15:00+05:30,4645.250000,4650.300000,4640.000000,4640.000000,562
2021-04-09T10:30:00+05:30,4640.000000,4650.300000,4640.000000,4645.000000,335
2021-04-09T10:45:00+05:30,4645.000000,4651.100000,4645.000000,4648.050000,296
2021-04-09T11:00:00+05:30,4648.050000,4660.950000,4645.000000,4658.050000,2275
2021-04-09T11:15:00+05:30,4658.050000,4684.950000,4658.000000,4680.000000,3643
2021-04-09T11:30:00+05:30,4680.000000,4683.550000,4658.000000,4658.950000,1728
2021-04-09T11:45:00+05:30,4658.950000,4699.000000,4658.050000,4695.200000,3941
2021-04-09T12:00:00+05:30,4695.200000,4707.000000,4687.000000,4701.000000,4330
2021-04-09T12:15:00+05:30,4701.000000,4702.000000,4686.050000,4694.700000,2701
2021-04-09T12:30:00+05:30,4694.700000,4699.200000,4678.000000,4687.700000,2043
2021-04-09T12:45:00+05:30,4687.700000,4699.000000,4680.000000,4698.600000,1469
2021-04-09T13:00:00+05:30,4698.600000,4708.950000,4694.550000,4700.750000,3703
2021-04-09T13:15:00+05:30,4700.750000,4709.900000,4691.050000,4698.700000,750
2021-04-09T13:30:00+05:30,4698.700000,4700.000000,4681.150000,4684.950000,1027
2021-04-09T13:45:00+05:30,4681.100000,4684.150000,4664.150000,4672.950000,1209
2021-04-09T14:00:00+05:30,4676.750000,4678.900000,4660.150000,4678.700000,1338
2021-04-09T14:15:00+05:30,4678.700000,4687.050000,4674.150000,4685.700000,555
2021-04-09T14:30:00+05:30,4685.700000,4760.950000,4678.900000,4719.700000,10014
2021-04-09T14:45:00+05:30,4719.700000,4805.950000,4716.000000,4800.050000,14060
2021-04-09T15:00:00+05:30,4805.000000,4824.950000,4753.450000,4818.000000,20699
2021-04-09T15:15:00+05:30,4818.000000,4832.950000,4785.550000,4830.000000,16839
2021-04-12T09:15:00+05:30,4859.000000,4940.000000,4835.000000,4850.000000,40534
2021-04-12T09:30:00+05:30,4843.550000,4843.550000,4706.400000,4819.000000,26913
2021-04-12T09:45:00+05:30,4819.000000,4824.000000,4787.150000,4790.000000,11193
2021-04-12T10:00:00+05:30,4790.000000,4796.350000,4740.000000,4760.300000,9747
2021-04-12T10:15:00+05:30,4760.300000,4763.950000,4726.750000,4749.250000,8786
2021-04-12T10:30:00+05:30,4750.200000,4756.650000,4704.050000,4733.350000,9358
2021-04-12T10:45:00+05:30,4733.350000,4814.550000,4732.750000,4799.000000,13481
2021-04-12T11:00:00+05:30,4791.350000,4815.000000,4786.000000,4808.750000,6890
2021-04-12T11:15:00+05:30,4808.750000,4810.000000,4800.000000,4803.000000,2546
2021-04-12T11:30:00+05:30,4803.000000,4803.650000,4780.050000,4788.750000,5436
2021-04-12T11:45:00+05:30,4794.450000,4795.900000,4787.000000,4787.000000,1880
2021-04-12T12:00:00+05:30,4787.000000,4790.900000,4786.250000,4789.950000,2381
2021-04-12T12:15:00+05:30,4789.950000,4800.000000,4787.000000,4790.000000,2250
2021-04-12T12:30:00+05:30,4788.000000,4830.000000,4788.000000,4828.600000,6876
2021-04-12T12:45:00+05:30,4828.600000,4830.000000,4808.750000,4813.750000,4405
2021-04-12T13:00:00+05:30,4813.750000,4822.000000,4790.000000,4802.250000,3228
2021-04-12T13:15:00+05:30,4802.250000,4807.000000,4788.100000,4802.000000,2573
2021-04-12T13:30:00+05:30,4802.000000,4805.000000,4793.000000,4796.000000,1388
2021-04-12T13:45:00+05:30,4796.950000,4805.000000,4793.000000,4797.600000,2160
2021-04-12T14:00:00+05:30,4797.600000,4804.200000,4794.000000,4798.000000,2970
2021-04-12T14:15:00+05:30,4798.000000,4804.000000,4796.000000,4796.250000,2091
2021-04-12T14:30:00+05:30,4796.250000,4802.000000,4787.000000,4788.000000,5141
2021-04-12T14:45:00+05:30,4788.000000,4793.500000,4787.000000,4787.000000,4064
2021-04-12T15:00:00+05:30,4787.000000,4790.800000,4754.300000,4778.350000,10753
2021-04-12T15:15:00+05:30,4774.000000,4800.000000,4756.000000,4800.000000,10413
2021-04-13T09:15:00+05:30,4796.900000,4832.400000,4772.700000,4786.100000,5151
2021-04-13T09:30:00+05:30,4786.100000,4786.800000,4751.050000,4777.850000,2623
2021-04-13T09:45:00+05:30,4777.850000,4785.850000,4765.600000,4778.000000,1860
2021-04-13T10:00:00+05:30,4778.000000,4794.950000,4760.800000,4770.400000,2426
2021-04-13T10:15:00+05:30,4770.400000,4771.550000,4737.000000,4738.050000,2901
2021-04-13T10:30:00+05:30,4738.050000,4751.750000,4737.150000,4745.700000,1013
2021-04-13T10:45:00+05:30,4745.700000,4745.750000,4737.000000,4744.900000,1061
2021-04-13T11:00:00+05:30,4744.900000,4747.600000,4741.600000,4745.000000,328
2021-04-13T11:15:00+05:30,4745.000000,4749.750000,4742.300000,4744.000000,589
2021-04-13T11:30:00+05:30,4744.000000,4750.000000,4738.000000,4744.850000,1176
2021-04-13T11:45:00+05:30,4744.850000,4746.600000,4737.600000,4742.850000,449
2021-04-13T12:00:00+05:30,4742.850000,4747.950000,4740.000000,4743.000000,266
2021-04-13T12:15:00+05:30,4743.000000,4747.000000,4738.800000,4746.500000,194
2021-04-13T12:30:00+05:30,4746.500000,4747.950000,4739.550000,4745.950000,568
2021-04-13T12:45:00+05:30,4745.950000,4758.550000,4740.050000,4758.000000,1188
2021-04-13T13:00:00+05:30,4754.500000,4775.000000,4751.300000,4774.950000,1404
2021-04-13T13:15:00+05:30,4768.200000,5039.850000,4767.250000,5024.000000,103897
2021-04-13T13:30:00+05:30,5025.000000,5095.000000,5000.050000,5015.050000,135075
2021-04-13T13:45:00+05:30,5019.650000,5030.000000,4940.000000,4989.600000,56089
2021-04-13T14:00:00+05:30,4989.600000,5078.850000,4972.100000,5060.400000,59679
2021-04-13T14:15:00+05:30,5059.900000,5069.950000,5010.000000,5030.050000,20220
2021-04-13T14:30:00+05:30,5030.050000,5030.050000,4970.000000,5003.000000,27477
2021-04-13T14:45:00+05:30,5003.000000,5150.000000,4993.550000,5132.000000,82355
2021-04-13T15:00:00+05:30,5130.600000,5138.400000,5026.500000,5054.000000,55993
2021-04-13T15:15:00+05:30,5054.550000,5098.800000,5031.000000,5080.000000,26554
2021-04-15T09:15:00+05:30,5075.000000,5075.000000,4983.000000,5020.000000,15981
2021-04-15T09:30:00+05:30,5019.000000,5033.650000,4985.400000,5015.850000,6057
2021-04-15T09:45:00+05:30,5012.850000,5030.000000,5005.000000,5014.000000,3356
2021-04-15T10:00:00+05:30,5014.000000,5014.000000,5000.300000,5006.850000,2198
2021-04-15T10:15:00+05:30,5006.850000,5014.000000,4992.000000,4995.950000,2061
2021-04-15T10:30:00+05:30,4995.950000,5000.000000,4990.100000,4998.800000,1643
2021-04-15T10:45:00+05:30,4998.800000,5000.000000,4992.000000,4998.000000,1300
2021-04-15T11:00:00+05:30,4998.000000,4999.000000,4992.000000,4995.000000,1930
2021-04-15T11:15:00+05:30,4995.000000,4998.900000,4992.000000,4995.000000,1295
2021-04-15T11:30:00+05:30,4995.000000,4998.000000,4992.150000,4997.000000,1484
2021-04-15T11:45:00+05:30,4997.000000,4997.000000,4993.000000,4996.000000,702
2021-04-15T12:00:00+05:30,4996.000000,4997.000000,4994.500000,4997.000000,849
2021-04-15T12:15:00+05:30,4997.000000,4997.000000,4976.500000,4978.000000,2885
2021-04-15T12:30:00+05:30,4978.000000,4996.800000,4978.000000,4990.000000,2545
2021-04-15T12:45:00+05:30,4990.000000,4991.000000,4978.150000,4982.000000,2128
2021-04-15T13:00:00+05:30,4982.000000,4990.000000,4980.000000,4984.950000,1400
2021-04-15T13:15:00+05:30,4984.900000,4989.950000,4980.500000,4986.100000,1592
2021-04-15T13:30:00+05:30,4988.700000,4991.000000,4986.150000,4989.100000,1642
2021-04-15T13:45:00+05:30,4989.100000,5181.000000,4985.000000,5137.350000,59039
2021-04-15T14:00:00+05:30,5144.950000,5199.000000,5130.000000,5141.150000,50995
2021-04-15T14:15:00+05:30,5144.500000,5144.500000,5087.500000,5097.000000,18288
2021-04-15T14:30:00+05:30,5099.900000,5175.000000,5095.000000,5139.000000,24301
2021-04-15T14:45:00+05:30,5139.000000,5165.000000,5128.400000,5145.600000,9510
2021-04-15T15:00:00+05:30,5150.000000,5164.900000,5122.000000,5132.050000,9687
2021-04-15T15:15:00+05:30,5132.050000,5150.000000,5106.700000,5110.000000,13946
2021-04-16T09:15:00+05:30,5135.000000,5229.000000,5117.450000,5210.000000,34037
2021-04-16T09:30:00+05:30,5210.000000,5212.950000,5185.150000,5190.350000,31144
2021-04-16T09:45:00+05:30,5190.350000,5197.050000,5180.000000,5190.000000,3184
2021-04-16T10:00:00+05:30,5190.000000,5194.450000,5166.000000,5177.050000,4693
2021-04-16T10:15:00+05:30,5177.050000,5178.250000,5170.000000,5171.500000,2782
2021-04-16T10:30:00+05:30,5171.500000,5215.000000,5170.000000,5215.000000,7303
2021-04-16T10:45:00+05:30,5210.000000,5260.000000,5206.350000,5217.500000,28109
2021-04-16T11:00:00+05:30,5217.500000,5235.200000,5215.750000,5225.000000,6131
2021-04-16T11:15:00+05:30,5225.000000,5235.000000,5225.000000,5230.000000,4543
2021-04-16T11:30:00+05:30,5228.100000,5238.000000,5226.050000,5234.100000,4095
2021-04-16T11:45:00+05:30,5234.100000,5238.200000,5185.450000,5208.950000,8266
2021-04-16T12:00:00+05:30,5208.950000,5209.000000,5193.250000,5204.000000,3301
2021-04-16T12:15:00+05:30,5204.000000,5205.000000,5191.050000,5196.950000,1694
2021-04-16T12:30:00+05:30,5196.950000,5208.500000,5193.000000,5200.000000,1653
2021-04-16T12:45:00+05:30,5200.000000,5208.500000,5197.000000,5204.950000,2530
2021-04-16T13:00:00+05:30,5204.950000,5223.400000,5204.950000,5217.750000,2674
2021-04-16T13:15:00+05:30,5217.750000,5292.000000,5213.700000,5269.000000,29641
2021-04-16T13:30:00+05:30,5271.000000,5275.000000,5240.000000,5263.550000,8450
2021-04-16T13:45:00+05:30,5258.100000,5267.250000,5215.000000,5220.000000,7503
2021-04-16T14:00:00+05:30,5222.850000,5264.000000,5215.000000,5261.950000,9209
2021-04-16T14:15:00+05:30,5261.950000,5262.000000,5250.000000,5256.700000,5264
2021-04-16T14:30:00+05:30,5256.700000,5258.600000,5242.600000,5248.000000,4515
2021-04-16T14:45:00+05:30,5248.000000,5256.350000,5233.650000,5234.900000,4577
2021-04-16T15:00:00+05:30,5234.900000,5245.000000,5215.600000,5220.750000,8680
2021-04-16T15:15:00+05:30,5220.750000,5229.150000,5200.000000,5225.000000,10712
2021-04-19T09:15:00+05:30,5228.000000,5284.600000,5130.000000,5260.050000,25212
2021-04-19T09:30:00+05:30,5260.050000,5298.000000,5236.000000,5264.000000,21162
2021-04-19T09:45:00+05:30,5264.000000,5270.000000,5250.200000,5260.000000,5001
2021-04-19T10:00:00+05:30,5260.000000,5267.000000,5251.000000,5266.300000,4342
2021-04-19T10:15:00+05:30,5266.300000,5295.000000,5262.000000,5267.950000,10298
2021-04-19T10:30:00+05:30,5264.050000,5280.700000,5264.050000,5270.000000,5501
2021-04-19T10:45:00+05:30,5270.000000,5291.000000,5270.000000,5288.750000,3811
2021-04-19T11:00:00+05:30,5288.750000,5345.000000,5283.750000,5331.500000,35849
2021-04-19T11:15:00+05:30,5331.050000,5335.000000,5303.100000,5316.500000,8788
2021-04-19T11:30:00+05:30,5316.500000,5350.550000,5307.000000,5350.500000,18606
2021-04-19T11:45:00+05:30,5349.950000,5399.000000,5334.850000,5377.050000,48418
2021-04-19T12:00:00+05:30,5376.100000,5395.000000,5355.000000,5357.150000,18174
2021-04-19T12:15:00+05:30,5362.500000,5375.100000,5357.050000,5362.300000,5701
2021-04-19T12:30:00+05:30,5362.300000,5389.750000,5362.000000,5386.000000,10065
2021-04-19T12:45:00+05:30,5386.000000,5388.000000,5355.000000,5357.050000,8110
2021-04-19T13:00:00+05:30,5357.050000,5373.000000,5332.000000,5342.050000,12004
2021-04-19T13:15:00+05:30,5342.050000,5354.500000,5340.000000,5348.500000,5587
2021-04-19T13:30:00+05:30,5348.500000,5354.850000,5307.150000,5317.000000,13615
2021-04-19T13:45:00+05:30,5317.000000,5336.500000,5315.000000,5323.350000,5078
2021-04-19T14:00:00+05:30,5323.350000,5338.000000,5320.050000,5337.900000,3222
2021-04-19T14:15:00+05:30,5337.900000,5370.000000,5330.000000,5366.050000,7064
2021-04-19T14:30:00+05:30,5368.000000,5381.000000,5336.500000,5354.100000,14283
2021-04-19T14:45:00+05:30,5354.100000,5359.100000,5340.000000,5343.450000,6108
2021-04-19T15:00:00+05:30,5343.450000,5348.000000,5310.200000,5336.500000,14469
2021-04-19T15:15:00+05:30,5336.500000,5344.950000,5306.000000,5322.000000,19207
2021-04-20T09:15:00+05:30,5397.950000,5476.600000,5392.300000,5420.950000,43095
2021-04-20T09:30:00+05:30,5420.850000,5426.950000,5410.000000,5426.950000,9860
2021-04-20T09:45:00+05:30,5427.000000,5450.000000,5426.300000,5443.800000,17239
2021-04-20T10:00:00+05:30,5443.800000,5459.250000,5436.050000,5442.600000,9305
2021-04-20T10:15:00+05:30,5442.600000,5455.000000,5436.800000,5450.400000,4984
2021-04-20T10:30:00+05:30,5450.400000,5458.100000,5435.000000,5439.850000,6945
2021-04-20T10:45:00+05:30,5435.500000,5439.850000,5420.000000,5433.500000,6592
2021-04-20T11:00:00+05:30,5433.500000,5475.000000,5430.050000,5470.000000,15029
2021-04-20T11:15:00+05:30,5467.150000,5499.950000,5467.150000,5495.000000,38463
2021-04-20T11:30:00+05:30,5495.000000,5515.000000,5485.000000,5495.600000,31089
2021-04-20T11:45:00+05:30,5492.450000,5525.000000,5492.250000,5515.700000,21117
2021-04-20T12:00:00+05:30,5515.700000,5539.200000,5512.050000,5536.100000,15707
2021-04-20T12:15:00+05:30,5536.150000,5549.000000,5518.000000,5525.000000,17725
2021-04-20T12:30:00+05:30,5527.550000,5533.000000,5512.600000,5529.000000,10413
2021-04-20T12:45:00+05:30,5529.000000,5578.000000,5519.000000,5575.000000,33511
2021-04-20T13:00:00+05:30,5573.000000,5609.000000,5550.000000,5590.000000,47187
2021-04-20T13:15:00+05:30,5590.000000,5604.000000,5583.000000,5599.000000,23859
2021-04-20T13:30:00+05:30,5599.000000,5602.500000,5590.000000,5594.100000,18818
2021-04-20T13:45:00+05:30,5594.100000,5601.050000,5570.050000,5577.700000,18908
2021-04-20T14:00:00+05:30,5571.050000,5575.000000,5538.350000,5571.000000,25898
2021-04-20T14:15:00+05:30,5571.000000,5571.950000,5525.000000,5535.650000,16886
2021-04-20T14:30:00+05:30,5535.750000,5544.350000,5480.050000,5502.950000,23861
2021-04-20T14:45:00+05:30,5502.950000,5510.000000,5480.600000,5508.000000,15027
2021-04-20T15:00:00+05:30,5509.900000,5525.000000,5500.000000,5505.450000,14437
2021-04-20T15:15:00+05:30,5505.450000,5505.850000,5462.500000,5496.000000,20338
2021-04-22T09:15:00+05:30,5600.000000,5680.000000,5545.400000,5649.900000,58115
2021-04-22T09:30:00+05:30,5649.900000,5673.900000,5617.000000,5620.150000,18414
2021-04-22T09:45:00+05:30,5620.150000,5627.700000,5575.000000,5617.800000,21703
2021-04-22T10:00:00+05:30,5617.800000,5657.650000,5613.000000,5627.250000,16989
2021-04-22T10:15:00+05:30,5627.250000,5650.000000,5623.150000,5639.950000,9288
2021-04-22T10:30:00+05:30,5643.600000,5645.000000,5625.200000,5635.000000,6418
2021-04-22T10:45:00+05:30,5635.000000,5635.000000,5610.350000,5616.050000,7664
2021-04-22T11:00:00+05:30,5618.700000,5619.100000,5590.500000,5608.000000,12322
2021-04-22T11:15:00+05:30,5608.000000,5610.000000,5602.000000,5602.000000,4479
2021-04-22T11:30:00+05:30,5602.000000,5606.000000,5590.000000,5603.150000,10411
2021-04-22T11:45:00+05:30,5603.150000,5628.150000,5600.000000,5626.000000,10907
2021-04-22T12:00:00+05:30,5624.750000,5627.450000,5597.050000,5620.250000,10376
2021-04-22T12:15:00+05:30,5620.250000,5622.000000,5601.100000,5608.300000,4299
2021-04-22T12:30:00+05:30,5608.300000,5615.000000,5593.000000,5599.000000,4485
2021-04-22T12:45:00+05:30,5599.000000,5606.950000,5592.050000,5593.100000,4505
2021-04-22T13:00:00+05:30,5593.100000,5597.650000,5572.300000,5575.000000,11478
2021-04-22T13:15:00+05:30,5575.000000,5577.750000,5531.500000,5546.550000,12738
2021-04-22T13:30:00+05:30,5546.550000,5614.000000,5540.000000,5589.900000,34316
2021-04-22T13:45:00+05:30,5589.000000,5595.000000,5571.000000,5582.000000,21682
2021-04-22T14:00:00+05:30,5582.000000,5585.000000,5505.100000,5513.750000,34993
2021-04-22T14:15:00+05:30,5505.650000,5509.200000,5221.100000,5270.000000,120896
2021-04-22T14:30:00+05:30,5274.350000,5278.400000,5195.000000,5209.200000,71311
2021-04-22T14:45:00+05:30,5215.000000,5262.500000,5205.200000,5258.500000,48015
2021-04-22T15:00:00+05:30,5258.500000,5285.000000,5204.350000,5209.800000,49593
2021-04-22T15:15:00+05:30,5205.000000,5230.000000,5171.100000,5230.000000,57739
2021-04-23T09:15:00+05:30,5226.000000,5331.800000,5226.000000,5277.700000,48631
2021-04-23T09:30:00+05:30,5270.100000,5296.400000,5251.100000,5260.100000,20277
2021-04-23T09:45:00+05:30,5264.800000,5285.650000,5250.000000,5250.000000,12975
2021-04-23T10:00:00+05:30,5250.000000,5272.550000,5240.000000,5256.050000,12586
2021-04-23T10:15:00+05:30,5256.000000,5259.950000,5245.000000,5252.150000,7616
2021-04-23T10:30:00+05:30,5252.150000,5255.000000,5201.100000,5209.900000,15133
2021-04-23T10:45:00+05:30,5209.900000,5209.900000,5150.000000,5160.750000,27404
2021-04-23T11:00:00+05:30,5160.750000,5180.000000,5157.600000,5166.850000,11319
2021-04-23T11:15:00+05:30,5166.850000,5250.000000,5161.000000,5169.500000,31646
2021-04-23T11:30:00+05:30,5175.450000,5198.950000,5169.500000,5183.000000,7380
2021-04-23T11:45:00+05:30,5183.000000,5191.950000,5173.700000,5186.250000,3598
2021-04-23T12:00:00+05:30,5182.500000,5194.150000,5180.550000,5189.000000,3158
2021-04-23T12:15:00+05:30,5189.000000,5198.950000,5176.000000,5185.000000,5560
2021-04-23T12:30:00+05:30,5185.000000,5229.950000,5185.000000,5220.000000,7717
2021-04-23T12:45:00+05:30,5220.000000,5220.000000,5200.000000,5208.250000,5096
2021-04-23T13:00:00+05:30,5208.250000,5215.850000,5201.250000,5202.250000,2151
2021-04-23T13:15:00+05:30,5202.250000,5209.300000,5196.000000,5196.000000,3885
2021-04-23T13:30:00+05:30,5196.000000,5207.950000,5195.050000,5195.050000,3771
2021-04-23T13:45:00+05:30,5195.050000,5219.900000,5190.650000,5211.250000,5717
2021-04-23T14:00:00+05:30,5211.250000,5211.250000,5191.150000,5195.600000,3323
2021-04-23T14:15:00+05:30,5194.250000,5198.600000,5131.800000,5133.500000,17109
2021-04-23T14:30:00+05:30,5137.950000,5168.900000,5130.000000,5152.000000,9843
2021-04-23T14:45:00+05:30,5149.800000,5194.250000,5147.450000,5159.300000,14217
2021-04-23T15:00:00+05:30,5159.300000,5171.600000,5150.750000,5170.100000,10997
2021-04-23T15:15:00+05:30,5170.650000,5200.000000,5166.400000,5195.000000,20713
2021-04-26T09:15:00+05:30,5227.000000,5240.000000,5163.500000,5167.650000,16489
2021-04-26T09:30:00+05:30,5167.650000,5193.000000,5167.000000,5181.050000,8540
2021-04-26T09:45:00+05:30,5181.050000,5217.500000,5181.050000,5203.600000,6041
2021-04-26T10:00:00+05:30,5203.600000,5205.700000,5177.000000,5177.000000,3508
2021-04-26T10:15:00+05:30,5177.000000,5183.000000,5155.750000,5173.050000,6841
2021-04-26T10:30:00+05:30,5173.050000,5188.100000,5170.700000,5180.000000,2640
2021-04-26T10:45:00+05:30,5180.550000,5187.150000,5170.000000,5182.500000,2695
2021-04-26T11:00:00+05:30,5182.500000,5188.450000,5176.000000,5179.000000,1418
2021-04-26T11:15:00+05:30,5179.000000,5185.350000,5179.000000,5183.900000,1710
2021-04-26T11:30:00+05:30,5183.900000,5183.900000,5168.000000,5177.000000,1535
2021-04-26T11:45:00+05:30,5177.000000,5180.400000,5172.000000,5177.500000,1182
2021-04-26T12:00:00+05:30,5177.500000,5182.000000,5170.000000,5176.000000,2835
2021-04-26T12:15:00+05:30,5176.000000,5176.000000,5143.150000,5143.150000,3508
2021-04-26T12:30:00+05:30,5144.500000,5158.000000,5111.000000,5115.000000,8866
2021-04-26T12:45:00+05:30,5115.050000,5134.950000,5113.500000,5134.950000,4277
2021-04-26T13:00:00+05:30,5130.300000,5135.000000,5122.550000,5127.000000,2533
2021-04-26T13:15:00+05:30,5127.000000,5138.700000,5122.750000,5132.400000,2312
2021-04-26T13:30:00+05:30,5132.400000,5168.950000,5132.400000,5152.000000,5030
2021-04-26T13:45:00+05:30,5152.000000,5159.900000,5112.000000,5140.000000,6816
2021-04-26T14:00:00+05:30,5140.000000,5158.000000,5140.000000,5154.500000,1851
2021-04-26T14:15:00+05:30,5155.000000,5160.450000,5152.000000,5156.800000,3017
2021-04-26T14:30:00+05:30,5155.000000,5156.900000,5147.000000,5151.000000,3235
2021-04-26T14:45:00+05:30,5151.000000,5160.300000,5151.000000,5158.850000,3391
2021-04-26T15:00:00+05:30,5158.000000,5159.750000,5145.000000,5147.100000,4150
2021-04-26T15:15:00+05:30,5146.000000,5179.900000,5141.150000,5171.000000,12597
2021-04-27T09:15:00+05:30,5171.950000,5238.450000,5171.950000,5204.000000,17519
2021-04-27T09:30:00+05:30,5204.000000,5210.000000,5175.000000,5175.000000,4777
2021-04-27T09:45:00+05:30,5175.000000,5200.000000,5160.000000,5188.000000,5655
2021-04-27T10:00:00+05:30,5188.000000,5199.750000,5183.100000,5187.000000,2561
2021-04-27T10:15:00+05:30,5187.000000,5188.500000,5169.050000,5184.850000,6025
2021-04-27T10:30:00+05:30,5184.850000,5185.000000,5172.350000,5177.500000,1075
2021-04-27T10:45:00+05:30,5177.500000,5179.400000,5164.000000,5169.000000,2659
2021-04-27T11:00:00+05:30,5169.000000,5175.000000,5150.000000,5154.900000,3837
2021-04-27T11:15:00+05:30,5155.450000,5159.900000,5136.950000,5157.650000,3074
2021-04-27T11:30:00+05:30,5155.100000,5180.000000,5153.550000,5162.000000,4181
2021-04-27T11:45:00+05:30,5162.000000,5168.850000,5156.050000,5156.050000,2065
2021-04-27T12:00:00+05:30,5156.050000,5166.000000,5156.050000,5166.000000,1323
2021-04-27T12:15:00+05:30,5166.000000,5171.850000,5160.000000,5163.450000,658
2021-04-27T12:30:00+05:30,5163.450000,5165.950000,5155.000000,5160.000000,1072
2021-04-27T12:45:00+05:30,5160.000000,5160.000000,5153.250000,5157.800000,906
2021-04-27T13:00:00+05:30,5157.800000,5159.950000,5149.950000,5157.650000,1801
2021-04-27T13:15:00+05:30,5157.650000,5159.800000,5152.000000,5157.800000,898
2021-04-27T13:30:00+05:30,5156.500000,5158.950000,5152.400000,5154.500000,498
2021-04-27T13:45:00+05:30,5154.500000,5168.000000,5153.150000,5163.250000,733
2021-04-27T14:00:00+05:30,5163.250000,5171.000000,5153.800000,5165.000000,2086
2021-04-27T14:15:00+05:30,5165.000000,5168.950000,5160.000000,5163.050000,886
2021-04-27T14:30:00+05:30,5163.050000,5173.300000,5162.600000,5169.950000,2036
2021-04-27T14:45:00+05:30,5169.950000,5176.350000,5166.150000,5173.850000,2185
2021-04-27T15:00:00+05:30,5173.850000,5180.000000,5169.200000,5169.250000,4271
2021-04-27T15:15:00+05:30,5169.250000,5175.000000,5162.650000,5172.000000,7004
2021-04-28T09:15:00+05:30,5190.000000,5209.000000,5155.000000,5164.550000,8097
2021-04-28T09:30:00+05:30,5164.550000,5175.450000,5147.000000,5155.000000,3687
2021-04-28T09:45:00+05:30,5152.050000,5160.000000,5140.000000,5146.150000,4094
2021-04-28T10:00:00+05:30,5146.150000,5157.500000,5137.700000,5151.050000,4223
2021-04-28T10:15:00+05:30,5151.050000,5159.000000,5141.750000,5150.850000,1809
2021-04-28T10:30:00+05:30,5150.850000,5160.000000,5145.350000,5151.500000,1700
2021-04-28T10:45:00+05:30,5151.500000,5159.800000,5142.000000,5145.000000,1732
2021-04-28T11:00:00+05:30,5145.000000,5154.900000,5141.200000,5147.000000,1337
2021-04-28T11:15:00+05:30,5147.000000,5170.000000,5145.100000,5155.250000,2382
2021-04-28T11:30:00+05:30,5155.250000,5168.000000,5153.600000,5160.000000,1743
2021-04-28T11:45:00+05:30,5160.000000,5165.000000,5157.000000,5165.000000,870
2021-04-28T12:00:00+05:30,5165.850000,5167.200000,5145.050000,5162.900000,2785
2021-04-28T12:15:00+05:30,5162.900000,5171.000000,5161.450000,5171.000000,1318
2021-04-28T12:30:00+05:30,5171.000000,5171.000000,5166.200000,5166.200000,1103
2021-04-28T12:45:00+05:30,5166.200000,5170.600000,5152.650000,5159.350000,1252
2021-04-28T13:00:00+05:30,5159.350000,5159.350000,5153.950000,5157.000000,985
2021-04-28T13:15:00+05:30,5157.000000,5160.000000,5145.700000,5146.850000,1865
2021-04-28T13:30:00+05:30,5146.850000,5150.500000,5141.050000,5144.950000,2347
2021-04-28T13:45:00+05:30,5144.950000,5148.000000,5140.050000,5148.000000,1276
2021-04-28T14:00:00+05:30,5148.000000,5148.000000,5140.700000,5140.750000,1333
2021-04-28T14:15:00+05:30,5140.750000,5143.600000,5140.700000,5141.000000,883
2021-04-28T14:30:00+05:30,5141.000000,5145.000000,5140.050000,5143.000000,2037
2021-04-28T14:45:00+05:30,5143.000000,5158.650000,5140.050000,5145.000000,3649
2021-04-28T15:00:00+05:30,5145.000000,5149.950000,5141.000000,5146.400000,4496
2021-04-28T15:15:00+05:30,5144.000000,5148.100000,5135.000000,5148.100000,7606
2021-04-29T09:15:00+05:30,5190.000000,5190.000000,5141.500000,5141.500000,5777
2021-04-29T09:30:00+05:30,5144.500000,5156.500000,5127.250000,5136.650000,4057
2021-04-29T09:45:00+05:30,5136.650000,5136.650000,5114.350000,5114.350000,4438
2021-04-29T10:00:00+05:30,5114.350000,5120.000000,5103.800000,5116.400000,3805
2021-04-29T10:15:00+05:30,5116.400000,5150.000000,5114.000000,5146.950000,4975
2021-04-29T10:30:00+05:30,5146.950000,5190.000000,5136.000000,5180.200000,11154
2021-04-29T10:45:00+05:30,5180.200000,5187.450000,5173.500000,5176.000000,3842
2021-04-29T11:00:00+05:30,5176.950000,5185.000000,5175.550000,5180.050000,2195
2021-04-29T11:15:00+05:30,5180.050000,5182.150000,5142.550000,5155.000000,3030
2021-04-29T11:30:00+05:30,5155.000000,5171.900000,5150.050000,5169.450000,2125
2021-04-29T11:45:00+05:30,5169.450000,5175.000000,5165.650000,5169.300000,973
2021-04-29T12:00:00+05:30,5169.300000,5228.550000,5160.400000,5212.050000,10016
2021-04-29T12:15:00+05:30,5212.050000,5228.000000,5190.000000,5201.050000,9334
2021-04-29T12:30:00+05:30,5201.050000,5207.650000,5182.200000,5190.450000,2660
2021-04-29T12:45:00+05:30,5190.450000,5207.000000,5185.800000,5194.750000,5531
2021-04-29T13:00:00+05:30,5191.000000,5194.450000,5163.450000,5166.900000,4082
2021-04-29T13:15:00+05:30,5166.900000,5186.400000,5163.500000,5176.500000,2079
2021-04-29T13:30:00+05:30,5176.500000,5194.000000,5172.250000,5182.500000,1707
2021-04-29T13:45:00+05:30,5182.500000,5184.500000,5150.250000,5166.500000,3637
2021-04-29T14:00:00+05:30,5166.500000,5175.550000,5163.600000,5168.000000,1552
2021-04-29T14:15:00+05:30,5168.000000,5184.000000,5165.000000,5182.000000,1338
2021-04-29T14:30:00+05:30,5182.000000,5230.000000,5175.000000,5222.900000,15203
2021-04-29T14:45:00+05:30,5222.900000,5336.400000,5214.150000,5315.000000,65551
2021-04-29T15:00:00+05:30,5314.100000,5319.500000,5289.000000,5305.250000,22379
2021-04-29T15:15:00+05:30,5305.000000,5316.000000,5300.050000,5312.300000,15866
2021-04-30T09:15:00+05:30,5329.900000,5419.800000,5329.900000,5350.000000,40183
2021-04-30T09:30:00+05:30,5352.000000,5366.900000,5335.150000,5339.900000,11199
2021-04-30T09:45:00+05:30,5339.900000,5358.450000,5335.050000,5344.950000,5861
2021-04-30T10:00:00+05:30,5348.400000,5350.000000,5281.600000,5317.350000,12305
2021-04-30T10:15:00+05:30,5317.350000,5330.000000,5308.050000,5314.000000,5525
2021-04-30T10:30:00+05:30,5314.000000,5316.850000,5301.300000,5302.000000,3047
2021-04-30T10:45:00+05:30,5302.000000,5330.000000,5300.000000,5325.450000,5382
2021-04-30T11:00:00+05:30,5325.450000,5337.000000,5316.500000,5319.300000,5441
2021-04-30T11:15:00+05:30,5319.300000,5330.000000,5308.900000,5318.950000,2161
2021-04-30T11:30:00+05:30,5318.950000,5325.000000,5315.000000,5318.050000,1229
2021-04-30T11:45:00+05:30,5318.050000,5321.000000,5311.000000,5312.200000,1661
2021-04-30T12:00:00+05:30,5312.200000,5317.000000,5286.000000,5311.000000,5331
2021-04-30T12:15:00+05:30,5311.000000,5317.000000,5305.000000,5311.050000,1337
2021-04-30T12:30:00+05:30,5311.050000,5316.750000,5300.000000,5304.300000,3020
2021-04-30T12:45:00+05:30,5304.300000,5312.950000,5304.300000,5311.250000,1157
2021-04-30T13:00:00+05:30,5311.250000,5327.800000,5307.000000,5319.650000,3950
2021-04-30T13:15:00+05:30,5319.650000,5350.000000,5316.000000,5338.000000,9412
2021-04-30T13:30:00+05:30,5338.000000,5340.000000,5313.400000,5321.000000,3915
2021-04-30T13:45:00+05:30,5321.000000,5332.750000,5315.050000,5326.250000,1981
2021-04-30T14:00:00+05:30,5326.250000,5326.250000,5295.000000,5314.050000,4577
2021-04-30T14:15:00+05:30,5314.050000,5324.000000,5303.000000,5303.350000,3182
2021-04-30T14:30:00+05:30,5307.500000,5311.000000,5292.750000,5303.950000,4292
2021-04-30T14:45:00+05:30,5303.950000,5309.000000,5282.650000,5287.500000,4962
2021-04-30T15:00:00+05:30,5291.450000,5291.700000,5256.550000,5270.100000,9815
2021-04-30T15:15:00+05:30,5272.950000,5280.900000,5269.000000,5279.000000,12199
2021-05-03T09:15:00+05:30,5290.000000,5307.800000,5212.500000,5244.300000,11466
2021-05-03T09:30:00+05:30,5244.300000,5266.950000,5232.100000,5258.850000,3323
2021-05-03T09:45:00+05:30,5258.850000,5267.000000,5249.700000,5253.200000,1428
2021-05-03T10:00:00+05:30,5253.200000,5276.500000,5249.900000,5252.000000,1494
2021-05-03T10:15:00+05:30,5252.000000,5257.200000,5241.100000,5241.400000,1879
2021-05-03T10:30:00+05:30,5241.400000,5245.900000,5235.350000,5238.750000,1146
2021-05-03T10:45:00+05:30,5238.750000,5245.000000,5236.550000,5240.050000,1296
2021-05-03T11:00:00+05:30,5240.050000,5254.250000,5240.000000,5249.050000,1220
2021-05-03T11:15:00+05:30,5249.050000,5253.950000,5242.250000,5246.250000,680
2021-05-03T11:30:00+05:30,5246.250000,5264.200000,5243.250000,5256.800000,1416
2021-05-03T11:45:00+05:30,5256.800000,5284.550000,5256.800000,5264.900000,3522
2021-05-03T12:00:00+05:30,5264.900000,5364.500000,5263.000000,5343.000000,26643
2021-05-03T12:15:00+05:30,5340.000000,5399.000000,5339.950000,5345.150000,54202
2021-05-03T12:30:00+05:30,5348.700000,5348.700000,5322.600000,5342.100000,8621
2021-05-03T12:45:00+05:30,5342.100000,5377.900000,5338.250000,5346.500000,7565
2021-05-03T13:00:00+05:30,5346.500000,5360.850000,5340.100000,5349.350000,2445
2021-05-03T13:15:00+05:30,5349.350000,5358.150000,5340.050000,5350.400000,3031
2021-05-03T13:30:00+05:30,5350.400000,5359.950000,5342.600000,5345.050000,2286
2021-05-03T13:45:00+05:30,5345.000000,5345.050000,5322.400000,5328.050000,4533
2021-05-03T14:00:00+05:30,5328.050000,5328.050000,5305.700000,5324.500000,6319
2021-05-03T14:15:00+05:30,5324.500000,5324.900000,5310.600000,5314.800000,2736
2021-05-03T14:30:00+05:30,5314.800000,5316.000000,5305.000000,5313.800000,4009
2021-05-03T14:45:00+05:30,5313.800000,5313.900000,5281.150000,5308.000000,6861
2021-05-03T15:00:00+05:30,5308.000000,5308.000000,5290.000000,5293.300000,4771
2021-05-03T15:15:00+05:30,5293.300000,5325.000000,5293.150000,5312.000000,11835
2021-05-04T09:15:00+05:30,5355.000000,5369.400000,5322.800000,5346.000000,9659
2021-05-04T09:30:00+05:30,5346.000000,5349.000000,5321.500000,5326.400000,5366
2021-05-04T09:45:00+05:30,5326.400000,5326.400000,5303.450000,5316.100000,4104
2021-05-04T10:00:00+05:30,5316.100000,5332.350000,5311.500000,5328.150000,2523
2021-05-04T10:15:00+05:30,5328.150000,5339.900000,5319.150000,5319.150000,2655
2021-05-04T10:30:00+05:30,5319.150000,5320.000000,5314.600000,5320.000000,1416
2021-05-04T10:45:00+05:30,5320.000000,5320.000000,5311.850000,5320.000000,1616
2021-05-04T11:00:00+05:30,5320.000000,5320.000000,5314.500000,5315.500000,928
2021-05-04T11:15:00+05:30,5315.500000,5319.900000,5305.500000,5310.900000,2406
2021-05-04T11:30:00+05:30,5310.900000,5325.000000,5305.500000,5319.250000,1958
2021-05-04T11:45:00+05:30,5319.250000,5323.800000,5313.050000,5321.650000,1076
2021-05-04T12:00:00+05:30,5321.650000,5322.750000,5312.200000,5317.450000,540
2021-05-04T12:15:00+05:30,5317.450000,5317.450000,5304.000000,5310.350000,1051
2021-05-04T12:30:00+05:30,5310.250000,5316.800000,5303.500000,5305.000000,2273
2021-05-04T12:45:00+05:30,5305.000000,5312.350000,5280.150000,5281.000000,4943
2021-05-04T13:00:00+05:30,5281.000000,5295.000000,5281.000000,5289.750000,2151
2021-05-04T13:15:00+05:30,5289.750000,5289.750000,5241.150000,5248.650000,3990
2021-05-04T13:30:00+05:30,5248.650000,5275.000000,5235.850000,5267.450000,2479
2021-05-04T13:45:00+05:30,5267.450000,5293.100000,5267.450000,5293.100000,1780
2021-05-04T14:00:00+05:30,5287.950000,5290.450000,5280.100000,5286.900000,1581
2021-05-04T14:15:00+05:30,5286.900000,5291.500000,5286.000000,5288.050000,831
2021-05-04T14:30:00+05:30,5288.050000,5301.000000,5250.400000,5267.400000,5068
2021-05-04T14:45:00+05:30,5267.400000,5269.600000,5230.000000,5236.000000,4774
2021-05-04T15:00:00+05:30,5236.000000,5248.700000,5230.350000,5240.000000,3238
2021-05-04T15:15:00+05:30,5235.850000,5249.000000,5225.000000,5247.950000,7507
2021-05-05T09:15:00+05:30,5280.000000,5311.800000,5260.600000,5293.450000,11176
2021-05-05T09:30:00+05:30,5293.450000,5305.000000,5286.100000,5301.000000,6251
2021-05-05T09:45:00+05:30,5301.000000,5358.400000,5298.500000,5350.000000,17997
2021-05-05T10:00:00+05:30,5350.000000,5352.000000,5326.000000,5346.200000,11323
2021-05-05T10:15:00+05:30,5349.950000,5455.350000,5346.200000,5381.600000,68292
2021-05-05T10:30:00+05:30,5381.950000,5458.000000,5379.000000,5433.100000,32194
2021-05-05T10:45:00+05:30,5439.950000,5494.700000,5432.400000,5460.000000,42384
2021-05-05T11:00:00+05:30,5460.000000,5485.000000,5435.500000,5452.900000,15945
2021-05-05T11:15:00+05:30,5450.000000,5453.000000,5425.000000,5435.000000,8443
2021-05-05T11:30:00+05:30,5435.000000,5462.000000,5419.750000,5425.000000,12167
2021-05-05T11:45:00+05:30,5425.000000,5460.000000,5425.000000,5447.000000,6345
2021-05-05T12:00:00+05:30,5445.100000,5447.950000,5427.800000,5430.200000,5113
2021-05-05T12:15:00+05:30,5427.800000,5457.400000,5427.800000,5450.000000,6224
2021-05-05T12:30:00+05:30,5450.000000,5450.000000,5440.000000,5444.950000,2679
2021-05-05T12:45:00+05:30,5444.950000,5478.450000,5441.500000,5471.000000,14264
2021-05-05T13:00:00+05:30,5471.000000,5476.300000,5447.000000,5453.500000,11316
2021-05-05T13:15:00+05:30,5453.500000,5459.550000,5437.000000,5454.000000,6769
2021-05-05T13:30:00+05:30,5452.000000,5462.500000,5445.000000,5455.000000,6565
2021-05-05T13:45:00+05:30,5455.000000,5455.950000,5440.000000,5441.600000,6045
2021-05-05T14:00:00+05:30,5441.600000,5453.900000,5440.500000,5440.500000,4443
2021-05-05T14:15:00+05:30,5440.500000,5458.550000,5430.300000,5450.000000,7472
2021-05-05T14:30:00+05:30,5450.000000,5455.000000,5440.050000,5449.800000,5959
2021-05-05T14:45:00+05:30,5449.800000,5452.700000,5445.000000,5447.050000,6608
2021-05-05T15:00:00+05:30,5447.000000,5451.950000,5441.200000,5449.850000,9277
2021-05-05T15:15:00+05:30,5449.850000,5452.950000,5442.000000,5445.000000,28037
2021-05-06T09:15:00+05:30,5383.050000,5400.050000,5265.100000,5275.000000,57385
2021-05-06T09:30:00+05:30,5275.900000,5304.700000,5272.250000,5304.700000,20692
2021-05-06T09:45:00+05:30,5304.700000,5367.200000,5300.700000,5330.000000,20195
2021-05-06T10:00:00+05:30,5335.000000,5363.650000,5325.000000,5340.000000,12481
2021-05-06T10:15:00+05:30,5340.000000,5347.000000,5327.550000,5347.000000,5650
2021-05-06T10:30:00+05:30,5347.000000,5349.950000,5323.250000,5344.000000,6021
2021-05-06T10:45:00+05:30,5344.000000,5348.500000,5331.150000,5341.500000,2003
2021-05-06T11:00:00+05:30,5341.500000,5359.500000,5341.500000,5345.050000,3160
2021-05-06T11:15:00+05:30,5345.050000,5349.500000,5331.000000,5335.000000,2248
2021-05-06T11:30:00+05:30,5335.000000,5342.450000,5333.600000,5337.050000,1460
2021-05-06T11:45:00+05:30,5338.050000,5347.900000,5338.050000,5344.000000,1598
2021-05-06T12:00:00+05:30,5344.000000,5358.000000,5339.050000,5348.000000,4445
2021-05-06T12:15:00+05:30,5348.000000,5352.900000,5341.000000,5350.000000,1500
2021-05-06T12:30:00+05:30,5347.000000,5358.500000,5344.200000,5346.050000,2317
2021-05-06T12:45:00+05:30,5346.050000,5375.000000,5344.600000,5371.000000,6245
2021-05-06T13:00:00+05:30,5370.000000,5373.000000,5354.600000,5355.250000,2937
2021-05-06T13:15:00+05:30,5355.250000,5360.000000,5353.000000,5358.950000,2165
2021-05-06T13:30:00+05:30,5358.950000,5360.450000,5353.500000,5357.250000,1554
2021-05-06T13:45:00+05:30,5357.250000,5369.850000,5351.000000,5369.000000,5539
2021-05-06T14:00:00+05:30,5369.000000,5370.500000,5360.150000,5362.750000,2915
2021-05-06T14:15:00+05:30,5362.750000,5365.450000,5350.100000,5352.500000,3925
2021-05-06T14:30:00+05:30,5352.500000,5360.000000,5352.350000,5355.000000,1211
2021-05-06T14:45:00+05:30,5355.000000,5355.000000,5338.850000,5340.550000,5161
2021-05-06T15:00:00+05:30,5340.550000,5344.350000,5320.100000,5320.500000,6500
2021-05-06T15:15:00+05:30,5320.500000,5334.950000,5312.000000,5315.000000,12448
2021-05-07T09:15:00+05:30,5330.000000,5382.000000,5330.000000,5346.900000,13253
2021-05-07T09:30:00+05:30,5346.900000,5349.000000,5312.000000,5321.550000,6580
2021-05-07T09:45:00+05:30,5321.550000,5347.550000,5321.450000,5340.000000,4592
2021-05-07T10:00:00+05:30,5340.000000,5345.000000,5331.900000,5334.300000,1263
2021-05-07T10:15:00+05:30,5334.300000,5345.000000,5332.000000,5334.700000,1371
2021-05-07T10:30:00+05:30,5334.700000,5344.250000,5334.700000,5340.050000,1717
2021-05-07T10:45:00+05:30,5340.050000,5355.000000,5332.000000,5351.500000,3106
2021-05-07T11:00:00+05:30,5351.500000,5354.100000,5337.100000,5343.450000,850
2021-05-07T11:15:00+05:30,5343.450000,5380.000000,5337.100000,5375.500000,5725
2021-05-07T11:30:00+05:30,5375.500000,5378.000000,5341.350000,5350.250000,2738
2021-05-07T11:45:00+05:30,5350.250000,5354.100000,5340.050000,5345.500000,1984
2021-05-07T12:00:00+05:30,5345.500000,5347.000000,5332.300000,5335.500000,1550
2021-05-07T12:15:00+05:30,5335.500000,5352.000000,5332.000000,5352.000000,3167
2021-05-07T12:30:00+05:30,5352.000000,5352.950000,5340.500000,5341.000000,1608
2021-05-07T12:45:00+05:30,5341.000000,5344.850000,5341.000000,5341.300000,418
2021-05-07T13:00:00+05:30,5341.300000,5400.000000,5341.300000,5372.800000,15929
2021-05-07T13:15:00+05:30,5372.800000,5379.500000,5355.500000,5366.000000,3550
2021-05-07T13:30:00+05:30,5366.000000,5383.000000,5361.000000,5383.000000,1610
2021-05-07T13:45:00+05:30,5383.000000,5385.550000,5362.050000,5362.050000,1636
2021-05-07T14:00:00+05:30,5362.050000,5368.650000,5357.150000,5364.100000,780
2021-05-07T14:15:00+05:30,5364.100000,5365.000000,5345.050000,5348.000000,1770
2021-05-07T14:30:00+05:30,5348.000000,5350.300000,5341.400000,5342.650000,3211
2021-05-07T14:45:00+05:30,5342.650000,5346.000000,5341.400000,5341.400000,1569
2021-05-07T15:00:00+05:30,5341.400000,5351.800000,5338.650000,5347.100000,2949
2021-05-07T15:15:00+05:30,5347.100000,5351.000000,5316.200000,5317.150000,8768
2021-05-10T09:15:00+05:30,5370.000000,5386.000000,5350.000000,5369.000000,6121
2021-05-10T09:30:00+05:30,5369.000000,5384.000000,5353.250000,5384.000000,3972
2021-05-10T09:45:00+05:30,5384.800000,5435.550000,5376.100000,5393.150000,18090
2021-05-10T10:00:00+05:30,5393.150000,5412.000000,5383.600000,5392.100000,7547
2021-05-10T10:15:00+05:30,5392.100000,5411.900000,5391.000000,5406.000000,2538
2021-05-10T10:30:00+05:30,5406.000000,5415.000000,5405.000000,5411.500000,2137
2021-05-10T10:45:00+05:30,5411.500000,5415.000000,5405.000000,5409.300000,2684
2021-05-10T11:00:00+05:30,5409.300000,5415.000000,5405.000000,5414.000000,2125
2021-05-10T11:15:00+05:30,5414.000000,5426.000000,5409.300000,5426.000000,5296
2021-05-10T11:30:00+05:30,5426.000000,5443.550000,5421.050000,5427.000000,10540
2021-05-10T11:45:00+05:30,5427.000000,5430.300000,5418.350000,5421.000000,3674
2021-05-10T12:00:00+05:30,5421.000000,5433.400000,5418.300000,5431.000000,2124
2021-05-10T12:15:00+05:30,5434.350000,5434.800000,5425.150000,5429.450000,1993
2021-05-10T12:30:00+05:30,5429.450000,5432.150000,5420.800000,5421.250000,1544
2021-05-10T12:45:00+05:30,5421.250000,5429.000000,5420.000000,5423.900000,1394
2021-05-10T13:00:00+05:30,5423.900000,5426.900000,5408.300000,5411.450000,2447
2021-05-10T13:15:00+05:30,5411.450000,5415.000000,5401.050000,5414.000000,2862
2021-05-10T13:30:00+05:30,5414.000000,5424.050000,5406.450000,5411.050000,2244
2021-05-10T13:45:00+05:30,5411.050000,5418.850000,5410.000000,5413.500000,1232
2021-05-10T14:00:00+05:30,5413.500000,5417.000000,5411.000000,5412.000000,1487
2021-05-10T14:15:00+05:30,5412.000000,5415.000000,5377.050000,5383.450000,6901
2021-05-10T14:30:00+05:30,5383.450000,5400.000000,5381.350000,5399.850000,1500
2021-05-10T14:45:00+05:30,5399.850000,5400.000000,5389.950000,5395.350000,2667
2021-05-10T15:00:00+05:30,5394.450000,5397.100000,5380.050000,5387.000000,4849
2021-05-10T15:15:00+05:30,5387.000000,5400.000000,5382.400000,5394.000000,11272
2021-05-11T09:15:00+05:30,5390.600000,5449.000000,5390.600000,5430.000000,14102
2021-05-11T09:30:00+05:30,5430.000000,5463.000000,5426.450000,5460.050000,9067
2021-05-11T09:45:00+05:30,5462.950000,5494.900000,5445.050000,5450.000000,19057
2021-05-11T10:00:00+05:30,5450.000000,5456.400000,5427.000000,5436.000000,7151
2021-05-11T10:15:00+05:30,5436.000000,5438.950000,5430.000000,5433.050000,2906
2021-05-11T10:30:00+05:30,5433.450000,5445.900000,5429.350000,5445.800000,3177
2021-05-11T10:45:00+05:30,5445.800000,5447.000000,5438.000000,5444.000000,1922
2021-05-11T11:00:00+05:30,5444.000000,5447.000000,5432.000000,5432.050000,1507
2021-05-11T11:15:00+05:30,5432.050000,5437.150000,5401.050000,5430.000000,5611
2021-05-11T11:30:00+05:30,5430.000000,5433.750000,5415.050000,5433.750000,1805
2021-05-11T11:45:00+05:30,5433.750000,5435.400000,5425.650000,5427.000000,2281
2021-05-11T12:00:00+05:30,5427.050000,5433.000000,5415.450000,5424.950000,2627
2021-05-11T12:15:00+05:30,5424.950000,5428.000000,5420.000000,5425.000000,1484
2021-05-11T12:30:00+05:30,5425.000000,5437.450000,5421.500000,5435.000000,1520
2021-05-11T12:45:00+05:30,5435.000000,5435.650000,5420.000000,5425.000000,1947
2021-05-11T13:00:00+05:30,5425.000000,5429.000000,5420.100000,5429.000000,1725
2021-05-11T13:15:00+05:30,5429.000000,5431.300000,5425.000000,5425.100000,1657
2021-05-11T13:30:00+05:30,5425.100000,5440.000000,5425.000000,5426.000000,2047
2021-05-11T13:45:00+05:30,5426.000000,5434.400000,5425.000000,5425.050000,724
2021-05-11T14:00:00+05:30,5425.050000,5432.000000,5424.550000,5425.850000,1146
2021-05-11T14:15:00+05:30,5425.850000,5429.900000,5424.550000,5427.100000,843
2021-05-11T14:30:00+05:30,5427.100000,5429.850000,5410.100000,5418.150000,2368
2021-05-11T14:45:00+05:30,5418.150000,5419.950000,5402.000000,5407.950000,3869
2021-05-11T15:00:00+05:30,5407.950000,5410.000000,5391.050000,5410.000000,7433
2021-05-11T15:15:00+05:30,5407.000000,5417.450000,5395.000000,5395.000000,7779
2021-05-12T09:15:00+05:30,5448.000000,5448.000000,5403.900000,5417.950000,8482
2021-05-12T09:30:00+05:30,5419.500000,5447.000000,5405.000000,5434.000000,6097
2021-05-12T09:45:00+05:30,5431.500000,5436.000000,5390.000000,5392.000000,6805
2021-05-12T10:00:00+05:30,5390.500000,5400.000000,5382.000000,5393.000000,4527
2021-05-12T10:15:00+05:30,5393.000000,5405.000000,5390.000000,5397.250000,3541
2021-05-12T10:30:00+05:30,5397.550000,5398.000000,5388.950000,5388.950000,1605
2021-05-12T10:45:00+05:30,5388.950000,5390.200000,5341.050000,5360.050000,6867
2021-05-12T11:00:00+05:30,5364.850000,5367.900000,5356.200000,5363.000000,1302
2021-05-12T11:15:00+05:30,5363.150000,5367.950000,5358.250000,5362.500000,1323
2021-05-12T11:30:00+05:30,5362.500000,5388.000000,5360.000000,5382.500000,2288
2021-05-12T11:45:00+05:30,5379.000000,5386.900000,5375.000000,5382.000000,1138
2021-05-12T12:00:00+05:30,5382.000000,5382.000000,5371.450000,5379.800000,1083
2021-05-12T12:15:00+05:30,5379.800000,5380.650000,5374.050000,5379.000000,256
2021-05-12T12:30:00+05:30,5379.000000,5379.000000,5376.100000,5378.800000,386
2021-05-12T12:45:00+05:30,5378.850000,5382.950000,5373.900000,5376.500000,1033
2021-05-12T13:00:00+05:30,5376.500000,5384.000000,5372.500000,5375.600000,2009
2021-05-12T13:15:00+05:30,5378.950000,5380.000000,5375.000000,5379.000000,762
2021-05-12T13:30:00+05:30,5379.000000,5379.000000,5367.200000,5367.200000,1909
2021-05-12T13:45:00+05:30,5367.200000,5374.850000,5366.900000,5370.950000,737
2021-05-12T14:00:00+05:30,5370.950000,5371.250000,5366.900000,5370.000000,532
2021-05-12T14:15:00+05:30,5370.000000,5370.000000,5355.000000,5359.050000,1498
2021-05-12T14:30:00+05:30,5359.050000,5366.150000,5359.050000,5360.150000,879
2021-05-12T14:45:00+05:30,5360.150000,5365.050000,5350.000000,5350.550000,2393
2021-05-12T15:00:00+05:30,5350.550000,5364.000000,5347.700000,5355.000000,5301
2021-05-12T15:15:00+05:30,5355.000000,5357.500000,5325.050000,5331.550000,8359
2021-05-14T09:15:00+05:30,5378.150000,5393.400000,5352.000000,5379.000000,5482
2021-05-14T09:30:00+05:30,5379.000000,5379.000000,5359.400000,5368.700000,2730
2021-05-14T09:45:00+05:30,5373.500000,5374.150000,5367.000000,5372.000000,1583
2021-05-14T10:00:00+05:30,5372.000000,5372.000000,5361.000000,5364.000000,1216
2021-05-14T10:15:00+05:30,5364.000000,5370.000000,5363.250000,5364.100000,1454
2021-05-14T10:30:00+05:30,5364.100000,5366.950000,5314.000000,5329.000000,4809
2021-05-14T10:45:00+05:30,5329.000000,5346.250000,5317.950000,5339.800000,1441
2021-05-14T11:00:00+05:30,5339.800000,5343.500000,5327.450000,5330.050000,1292
2021-05-14T11:15:00+05:30,5329.250000,5338.850000,5329.250000,5336.000000,300
2021-05-14T11:30:00+05:30,5336.000000,5340.000000,5326.150000,5328.100000,445
2021-05-14T11:45:00+05:30,5328.100000,5335.000000,5324.150000,5326.150000,2723
2021-05-14T12:00:00+05:30,5326.150000,5335.100000,5326.150000,5329.300000,388
2021-05-14T12:15:00+05:30,5329.300000,5343.750000,5328.800000,5343.750000,1233
2021-05-14T12:30:00+05:30,5343.750000,5344.550000,5323.900000,5331.900000,703
2021-05-14T12:45:00+05:30,5331.850000,5332.000000,5327.650000,5332.000000,231
2021-05-14T13:00:00+05:30,5332.000000,5337.500000,5326.100000,5337.000000,597
2021-05-14T13:15:00+05:30,5337.000000,5343.000000,5334.950000,5340.000000,860
2021-05-14T13:30:00+05:30,5340.000000,5340.000000,5331.200000,5332.000000,954
2021-05-14T13:45:00+05:30,5332.000000,5333.150000,5317.500000,5318.350000,1828
2021-05-14T14:00:00+05:30,5318.350000,5318.350000,5291.200000,5301.900000,6147
2021-05-14T14:15:00+05:30,5301.900000,5302.050000,5278.000000,5288.600000,1781
2021-05-14T14:30:00+05:30,5288.600000,5295.400000,5275.000000,5276.050000,3626
2021-05-14T14:45:00+05:30,5276.050000,5290.000000,5276.000000,5286.000000,2922
2021-05-14T15:00:00+05:30,5286.000000,5289.000000,5275.050000,5280.000000,4119
2021-05-14T15:15:00+05:30,5280.000000,5295.000000,5257.500000,5293.800000,8032
2021-05-17T09:15:00+05:30,5320.000000,5347.750000,5275.900000,5307.900000,6697
2021-05-17T09:30:00+05:30,5307.900000,5322.900000,5302.650000,5320.950000,3405
2021-05-17T09:45:00+05:30,5320.950000,5320.950000,5303.950000,5307.950000,1380
2021-05-17T10:00:00+05:30,5307.950000,5314.750000,5278.000000,5284.850000,3858
2021-05-17T10:15:00+05:30,5284.850000,5285.000000,5275.150000,5282.950000,1825
2021-05-17T10:30:00+05:30,5282.950000,5286.000000,5255.500000,5270.950000,3662
2021-05-17T10:45:00+05:30,5270.950000,5270.950000,5262.000000,5265.000000,1488
2021-05-17T11:00:00+05:30,5265.000000,5269.350000,5259.000000,5266.900000,915
2021-05-17T11:15:00+05:30,5266.900000,5270.000000,5253.000000,5255.000000,1956
2021-05-17T11:30:00+05:30,5255.000000,5338.000000,5236.400000,5244.350000,21511
2021-05-17T11:45:00+05:30,5244.350000,5248.600000,5176.200000,5194.900000,16669
2021-05-17T12:00:00+05:30,5194.900000,5204.950000,5188.250000,5200.000000,5087
2021-05-17T12:15:00+05:30,5200.000000,5203.500000,5191.200000,5195.000000,4128
2021-05-17T12:30:00+05:30,5195.000000,5201.000000,5192.000000,5199.300000,1638
2021-05-17T12:45:00+05:30,5199.300000,5200.000000,5190.000000,5198.800000,2272
2021-05-17T13:00:00+05:30,5198.800000,5205.700000,5190.750000,5196.000000,1620
2021-05-17T13:15:00+05:30,5196.000000,5199.700000,5192.600000,5197.850000,986
2021-05-17T13:30:00+05:30,5197.850000,5198.500000,5181.000000,5183.000000,3357
2021-05-17T13:45:00+05:30,5183.000000,5194.850000,5180.000000,5193.700000,2414
2021-05-17T14:00:00+05:30,5193.700000,5222.850000,5189.000000,5210.250000,3516
2021-05-17T14:15:00+05:30,5210.250000,5216.050000,5205.000000,5206.250000,760
2021-05-17T14:30:00+05:30,5206.250000,5223.950000,5206.250000,5223.000000,2915
2021-05-17T14:45:00+05:30,5220.500000,5225.900000,5217.000000,5220.300000,2729
2021-05-17T15:00:00+05:30,5220.300000,5226.150000,5217.050000,5219.050000,4851
2021-05-17T15:15:00+05:30,5219.050000,5222.900000,5201.000000,5216.250000,6972
2021-05-18T09:15:00+05:30,5233.850000,5265.000000,5230.400000,5239.000000,3870
2021-05-18T09:30:00+05:30,5240.000000,5240.000000,5195.050000,5219.000000,5274
2021-05-18T09:45:00+05:30,5219.000000,5225.000000,5210.400000,5220.000000,2981
2021-05-18T10:00:00+05:30,5220.000000,5250.000000,5216.500000,5243.000000,3908
2021-05-18T10:15:00+05:30,5243.000000,5267.850000,5239.550000,5257.000000,5391
2021-05-18T10:30:00+05:30,5257.000000,5259.150000,5236.000000,5251.000000,1501
2021-05-18T10:45:00+05:30,5251.000000,5251.000000,5240.050000,5245.600000,901
2021-05-18T11:00:00+05:30,5245.600000,5250.000000,5233.000000,5237.650000,1698
2021-05-18T11:15:00+05:30,5237.650000,5242.000000,5231.050000,5236.550000,1060
2021-05-18T11:30:00+05:30,5231.200000,5241.700000,5222.550000,5229.450000,3116
2021-05-18T11:45:00+05:30,5229.450000,5234.750000,5223.800000,5232.950000,343
2021-05-18T12:00:00+05:30,5232.950000,5257.500000,5228.450000,5253.300000,3261
2021-05-18T12:15:00+05:30,5253.300000,5277.000000,5249.950000,5257.000000,5811
2021-05-18T12:30:00+05:30,5257.000000,5268.500000,5253.050000,5260.000000,1458
2021-05-18T12:45:00+05:30,5260.000000,5261.900000,5250.000000,5250.000000,2226
2021-05-18T13:00:00+05:30,5250.000000,5261.000000,5242.600000,5251.550000,3517
2021-05-18T13:15:00+05:30,5251.550000,5258.600000,5249.100000,5250.350000,706
2021-05-18T13:30:00+05:30,5250.350000,5258.250000,5250.000000,5250.050000,1180
2021-05-18T13:45:00+05:30,5250.050000,5253.700000,5246.050000,5248.100000,504
2021-05-18T14:00:00+05:30,5248.100000,5252.100000,5244.450000,5246.200000,716
2021-05-18T14:15:00+05:30,5246.200000,5250.950000,5243.200000,5245.000000,934
2021-05-18T14:30:00+05:30,5245.000000,5250.300000,5233.200000,5246.300000,1148
2021-05-18T14:45:00+05:30,5246.350000,5258.150000,5246.350000,5248.300000,1466
2021-05-18T15:00:00+05:30,5250.000000,5259.900000,5245.050000,5252.050000,2415
2021-05-18T15:15:00+05:30,5252.000000,5258.000000,5233.100000,5258.000000,4419
2021-05-19T09:15:00+05:30,5274.900000,5299.050000,5261.150000,5294.950000,8829
2021-05-19T09:30:00+05:30,5294.950000,5294.950000,5281.400000,5286.000000,1429
2021-05-19T09:45:00+05:30,5286.000000,5289.000000,5266.250000,5279.950000,3077
2021-05-19T10:00:00+05:30,5279.950000,5287.000000,5270.200000,5280.000000,1852
2021-05-19T10:15:00+05:30,5280.000000,5286.150000,5276.150000,5281.000000,691
2021-05-19T10:30:00+05:30,5281.200000,5285.000000,5267.000000,5275.000000,1233
2021-05-19T10:45:00+05:30,5275.000000,5275.000000,5256.250000,5265.000000,1515
2021-05-19T11:00:00+05:30,5265.000000,5276.800000,5262.050000,5270.550000,654
2021-05-19T11:15:00+05:30,5270.550000,5283.000000,5266.000000,5277.000000,1007
2021-05-19T11:30:00+05:30,5277.000000,5280.000000,5270.850000,5270.850000,463
2021-05-19T11:45:00+05:30,5270.850000,5280.000000,5270.850000,5280.000000,368
2021-05-19T12:00:00+05:30,5278.000000,5280.000000,5273.600000,5277.000000,433
2021-05-19T12:15:00+05:30,5277.000000,5279.900000,5255.000000,5258.000000,1650
2021-05-19T12:30:00+05:30,5258.650000,5281.000000,5255.650000,5276.950000,2539
2021-05-19T12:45:00+05:30,5276.950000,5279.000000,5265.000000,5268.950000,605
2021-05-19T13:00:00+05:30,5268.950000,5268.950000,5263.050000,5264.000000,615
2021-05-19T13:15:00+05:30,5264.000000,5270.000000,5264.000000,5264.000000,496
2021-05-19T13:30:00+05:30,5264.000000,5270.000000,5263.000000,5263.000000,655
2021-05-19T13:45:00+05:30,5265.950000,5265.950000,5254.000000,5255.000000,988
2021-05-19T14:00:00+05:30,5254.000000,5263.000000,5251.000000,5253.600000,837
2021-05-19T14:15:00+05:30,5257.000000,5257.900000,5243.950000,5256.950000,1887
2021-05-19T14:30:00+05:30,5256.950000,5267.000000,5245.000000,5263.500000,1876
2021-05-19T14:45:00+05:30,5263.500000,5265.550000,5255.000000,5255.500000,717
2021-05-19T15:00:00+05:30,5255.500000,5262.000000,5251.000000,5253.850000,2493
2021-05-19T15:15:00+05:30,5253.850000,5263.900000,5250.000000,5258.000000,4699
2021-05-20T09:15:00+05:30,5259.000000,5296.700000,5243.250000,5254.050000,2936
2021-05-20T09:30:00+05:30,5254.000000,5267.900000,5245.400000,5265.550000,1725
2021-05-20T09:45:00+05:30,5265.550000,5265.550000,5231.050000,5253.050000,2158
2021-05-20T10:00:00+05:30,5252.050000,5253.050000,5236.050000,5245.900000,988
2021-05-20T10:15:00+05:30,5249.900000,5287.550000,5244.100000,5276.900000,3532
2021-05-20T10:30:00+05:30,5276.900000,5280.800000,5253.950000,5263.000000,768
2021-05-20T10:45:00+05:30,5263.000000,5265.750000,5245.650000,5260.800000,1428
2021-05-20T11:00:00+05:30,5260.800000,5279.950000,5260.800000,5266.700000,655
2021-05-20T11:15:00+05:30,5266.700000,5271.000000,5252.000000,5265.000000,1527
2021-05-20T11:30:00+05:30,5265.000000,5272.000000,5250.000000,5260.000000,1922
2021-05-20T11:45:00+05:30,5260.000000,5260.000000,5251.050000,5251.050000,467
2021-05-20T12:00:00+05:30,5251.050000,5258.950000,5251.050000,5258.900000,367
2021-05-20T12:15:00+05:30,5258.900000,5258.900000,5253.000000,5256.700000,314
2021-05-20T12:30:00+05:30,5256.700000,5261.200000,5254.100000,5260.600000,435
2021-05-20T12:45:00+05:30,5260.600000,5260.700000,5252.650000,5255.000000,451
2021-05-20T13:00:00+05:30,5255.000000,5257.100000,5251.150000,5256.000000,469
2021-05-20T13:15:00+05:30,5256.000000,5276.400000,5251.000000,5273.600000,1071
2021-05-20T13:30:00+05:30,5273.600000,5273.600000,5262.250000,5265.900000,806
2021-05-20T13:45:00+05:30,5265.900000,5267.700000,5249.900000,5251.250000,1455
2021-05-20T14:00:00+05:30,5251.250000,5275.000000,5247.850000,5265.050000,3494
2021-05-20T14:15:00+05:30,5269.250000,5273.750000,5242.550000,5245.000000,4376
2021-05-20T14:30:00+05:30,5245.000000,5248.750000,5233.000000,5244.350000,1781
2021-05-20T14:45:00+05:30,5247.900000,5269.850000,5247.900000,5260.000000,2723
2021-05-20T15:00:00+05:30,5259.950000,5260.000000,5235.000000,5244.650000,2423
2021-05-20T15:15:00+05:30,5244.650000,5260.000000,5230.000000,5252.000000,4416
2021-05-21T09:15:00+05:30,5252.100000,5280.300000,5242.550000,5255.400000,2919
2021-05-21T09:30:00+05:30,5255.950000,5265.150000,5240.750000,5255.500000,1296
2021-05-21T09:45:00+05:30,5255.500000,5260.500000,5249.150000,5258.300000,803
2021-05-21T10:00:00+05:30,5258.300000,5262.250000,5245.000000,5255.000000,810
2021-05-21T10:15:00+05:30,5255.000000,5259.950000,5247.300000,5250.500000,331
2021-05-21T10:30:00+05:30,5250.500000,5256.450000,5246.100000,5249.000000,641
2021-05-21T10:45:00+05:30,5249.000000,5254.900000,5245.000000,5249.000000,573
2021-05-21T11:00:00+05:30,5254.100000,5254.100000,5239.100000,5245.000000,1343
2021-05-21T11:15:00+05:30,5245.000000,5246.500000,5223.050000,5235.150000,1786
2021-05-21T11:30:00+05:30,5235.150000,5238.000000,5228.600000,5232.900000,1285
2021-05-21T11:45:00+05:30,5232.900000,5243.000000,5228.000000,5243.000000,1055
2021-05-21T12:00:00+05:30,5243.000000,5252.000000,5231.700000,5238.950000,1160
2021-05-21T12:15:00+05:30,5238.950000,5241.600000,5236.100000,5240.000000,187
2021-05-21T12:30:00+05:30,5240.000000,5240.400000,5230.000000,5231.000000,485
2021-05-21T12:45:00+05:30,5231.600000,5236.850000,5225.100000,5229.950000,888
2021-05-21T13:00:00+05:30,5233.000000,5235.000000,5226.900000,5234.850000,472
2021-05-21T13:15:00+05:30,5234.850000,5238.500000,5230.500000,5234.950000,359
2021-05-21T13:30:00+05:30,5234.950000,5245.950000,5231.250000,5240.550000,2096
2021-05-21T13:45:00+05:30,5240.550000,5244.300000,5237.000000,5240.000000,687
2021-05-21T14:00:00+05:30,5240.000000,5243.900000,5238.900000,5240.300000,1304
2021-05-21T14:15:00+05:30,5240.000000,5242.150000,5227.000000,5230.000000,2538
2021-05-21T14:30:00+05:30,5230.000000,5238.850000,5226.500000,5230.000000,1230
2021-05-21T14:45:00+05:30,5230.000000,5234.350000,5227.600000,5228.150000,1073
2021-05-21T15:00:00+05:30,5228.150000,5237.300000,5225.150000,5235.000000,2272
2021-05-21T15:15:00+05:30,5235.000000,5240.000000,5225.000000,5235.000000,3357
2021-05-24T09:15:00+05:30,5233.000000,5265.200000,5233.000000,5236.500000,3516
2021-05-24T09:30:00+05:30,5236.500000,5245.000000,5230.400000,5241.600000,1440
2021-05-24T09:45:00+05:30,5241.600000,5248.250000,5240.000000,5245.000000,782
2021-05-24T10:00:00+05:30,5245.000000,5245.000000,5237.350000,5242.000000,1140
2021-05-24T10:15:00+05:30,5242.000000,5244.950000,5237.400000,5244.850000,629
2021-05-24T10:30:00+05:30,5244.850000,5246.150000,5235.000000,5235.000000,1111
2021-05-24T10:45:00+05:30,5235.000000,5240.400000,5231.250000,5234.600000,800
2021-05-24T11:00:00+05:30,5234.600000,5239.450000,5232.750000,5236.100000,331
2021-05-24T11:15:00+05:30,5236.100000,5245.000000,5235.100000,5239.250000,1085
2021-05-24T11:30:00+05:30,5243.850000,5257.450000,5237.250000,5250.000000,3454
2021-05-24T11:45:00+05:30,5249.400000,5257.400000,5240.450000,5240.450000,6054
2021-05-24T12:00:00+05:30,5240.450000,5255.000000,5230.400000,5250.550000,4522
2021-05-24T12:15:00+05:30,5250.550000,5255.000000,5245.050000,5250.000000,972
2021-05-24T12:30:00+05:30,5252.000000,5253.250000,5244.700000,5245.500000,1947
2021-05-24T12:45:00+05:30,5245.500000,5253.450000,5245.500000,5250.000000,494
2021-05-24T13:00:00+05:30,5250.000000,5252.200000,5245.350000,5248.350000,568
2021-05-24T13:15:00+05:30,5248.350000,5252.950000,5246.000000,5250.800000,475
2021-05-24T13:30:00+05:30,5250.800000,5251.000000,5243.000000,5248.500000,341
2021-05-24T13:45:00+05:30,5248.500000,5250.000000,5242.600000,5244.050000,276
2021-05-24T14:00:00+05:30,5244.050000,5244.750000,5222.000000,5227.550000,1603
2021-05-24T14:15:00+05:30,5227.550000,5240.050000,5227.550000,5235.300000,1441
2021-05-24T14:30:00+05:30,5235.300000,5250.450000,5235.300000,5240.500000,1279
2021-05-24T14:45:00+05:30,5240.500000,5255.350000,5240.500000,5252.700000,1631
2021-05-24T15:00:00+05:30,5252.700000,5252.700000,5242.900000,5250.850000,1376
2021-05-24T15:15:00+05:30,5250.850000,5250.850000,5233.850000,5238.800000,3519
2021-05-25T09:15:00+05:30,5255.000000,5287.400000,5250.000000,5261.450000,3751
2021-05-25T09:30:00+05:30,5260.100000,5274.950000,5260.100000,5271.000000,1662
2021-05-25T09:45:00+05:30,5271.900000,5318.350000,5268.000000,5300.700000,10158
2021-05-25T10:00:00+05:30,5300.700000,5310.000000,5265.850000,5299.500000,6940
2021-05-25T10:15:00+05:30,5299.500000,5313.800000,5296.100000,5305.000000,6500
2021-05-25T10:30:00+05:30,5305.000000,5309.100000,5301.500000,5304.500000,1723
2021-05-25T10:45:00+05:30,5304.500000,5308.000000,5297.000000,5297.050000,1600
2021-05-25T11:00:00+05:30,5297.050000,5302.000000,5290.000000,5290.000000,899
2021-05-25T11:15:00+05:30,5296.550000,5296.550000,5276.000000,5288.500000,1151
2021-05-25T11:30:00+05:30,5288.500000,5290.000000,5271.000000,5277.350000,1665
2021-05-25T11:45:00+05:30,5277.350000,5285.000000,5275.000000,5281.100000,1024
2021-05-25T12:00:00+05:30,5281.100000,5285.000000,5279.000000,5284.500000,649
2021-05-25T12:15:00+05:30,5284.500000,5388.800000,5280.500000,5350.050000,22804
2021-05-25T12:30:00+05:30,5350.050000,5356.950000,5335.000000,5343.000000,7479
2021-05-25T12:45:00+05:30,5343.000000,5348.900000,5329.050000,5330.200000,3413
2021-05-25T13:00:00+05:30,5330.200000,5332.950000,5310.050000,5314.550000,3796
2021-05-25T13:15:00+05:30,5314.550000,5319.500000,5295.100000,5298.000000,3977
2021-05-25T13:30:00+05:30,5298.000000,5306.000000,5290.150000,5303.000000,3312
2021-05-25T13:45:00+05:30,5303.000000,5310.000000,5284.000000,5295.250000,2336
2021-05-25T14:00:00+05:30,5295.250000,5301.000000,5274.000000,5274.000000,3634
2021-05-25T14:15:00+05:30,5274.000000,5280.350000,5265.000000,5278.750000,3961
2021-05-25T14:30:00+05:30,5275.050000,5284.900000,5270.000000,5279.500000,3136
2021-05-25T14:45:00+05:30,5279.500000,5283.800000,5270.500000,5276.800000,2357
2021-05-25T15:00:00+05:30,5276.800000,5277.950000,5235.300000,5240.000000,11486
2021-05-25T15:15:00+05:30,5242.000000,5260.000000,5235.000000,5256.000000,6833
2021-05-26T09:15:00+05:30,5314.000000,5320.000000,5262.150000,5270.300000,13656
2021-05-26T09:30:00+05:30,5270.300000,5290.000000,5260.600000,5280.000000,4943
2021-05-26T09:45:00+05:30,5280.000000,5297.700000,5278.550000,5287.450000,3084
2021-05-26T10:00:00+05:30,5287.450000,5295.000000,5279.950000,5280.150000,2283
2021-05-26T10:15:00+05:30,5280.000000,5292.000000,5280.000000,5290.500000,2314
2021-05-26T10:30:00+05:30,5287.000000,5291.000000,5285.600000,5286.850000,757
2021-05-26T10:45:00+05:30,5286.850000,5299.950000,5283.950000,5298.900000,4201
2021-05-26T11:00:00+05:30,5298.900000,5305.450000,5277.150000,5279.000000,4093
2021-05-26T11:15:00+05:30,5279.000000,5300.000000,5279.000000,5287.000000,2108
2021-05-26T11:30:00+05:30,5287.000000,5289.900000,5275.000000,5281.000000,3040
2021-05-26T11:45:00+05:30,5284.950000,5288.950000,5272.900000,5275.500000,3538
2021-05-26T12:00:00+05:30,5275.500000,5282.950000,5275.000000,5281.700000,1010
2021-05-26T12:15:00+05:30,5281.700000,5289.200000,5278.500000,5286.700000,949
2021-05-26T12:30:00+05:30,5289.000000,5289.000000,5276.000000,5280.800000,1234
2021-05-26T12:45:00+05:30,5282.700000,5283.000000,5277.150000,5280.000000,652
2021-05-26T13:00:00+05:30,5283.000000,5285.400000,5278.700000,5281.950000,610
2021-05-26T13:15:00+05:30,5281.950000,5282.000000,5276.050000,5277.650000,947
2021-05-26T13:30:00+05:30,5281.300000,5281.800000,5276.200000,5277.300000,969
2021-05-26T13:45:00+05:30,5277.300000,5285.000000,5277.100000,5278.600000,1409
2021-05-26T14:00:00+05:30,5278.700000,5286.550000,5278.100000,5281.300000,1190
2021-05-26T14:15:00+05:30,5281.300000,5287.350000,5280.200000,5284.900000,1750
2021-05-26T14:30:00+05:30,5284.900000,5288.600000,5280.200000,5284.450000,1331
2021-05-26T14:45:00+05:30,5284.450000,5286.850000,5280.000000,5280.000000,1584
2021-05-26T15:00:00+05:30,5280.000000,5286.000000,5276.000000,5279.150000,2891
2021-05-26T15:15:00+05:30,5279.150000,5279.150000,5251.100000,5275.000000,8645
2021-05-27T09:15:00+05:30,5220.000000,5246.200000,5128.200000,5211.500000,33880
2021-05-27T09:30:00+05:30,5211.500000,5224.000000,5185.000000,5210.400000,8910
2021-05-27T09:45:00+05:30,5210.400000,5214.100000,5189.000000,5192.800000,6195
2021-05-27T10:00:00+05:30,5192.800000,5196.300000,5182.000000,5188.900000,3889
2021-05-27T10:15:00+05:30,5188.900000,5190.000000,5181.050000,5189.900000,2474
2021-05-27T10:30:00+05:30,5189.900000,5215.000000,5183.050000,5213.450000,4141
2021-05-27T10:45:00+05:30,5213.450000,5213.800000,5182.500000,5186.000000,2764
2021-05-27T11:00:00+05:30,5186.000000,5192.550000,5170.000000,5170.000000,4126
2021-05-27T11:15:00+05:30,5172.500000,5178.800000,5165.500000,5175.500000,3448
2021-05-27T11:30:00+05:30,5175.500000,5193.550000,5175.050000,5193.550000,1987
2021-05-27T11:45:00+05:30,5193.550000,5205.950000,5191.000000,5195.050000,2776
2021-05-27T12:00:00+05:30,5195.050000,5199.650000,5176.700000,5183.800000,3111
2021-05-27T12:15:00+05:30,5183.800000,5190.000000,5183.800000,5189.950000,1491
2021-05-27T12:30:00+05:30,5189.950000,5190.000000,5183.500000,5184.100000,619
2021-05-27T12:45:00+05:30,5184.100000,5186.500000,5175.000000,5179.100000,2194
2021-05-27T13:00:00+05:30,5179.100000,5179.750000,5160.000000,5173.750000,4504
2021-05-27T13:15:00+05:30,5173.750000,5173.750000,5161.000000,5166.000000,3173
2021-05-27T13:30:00+05:30,5166.000000,5168.900000,5161.850000,5164.400000,3430
2021-05-27T13:45:00+05:30,5164.400000,5164.400000,5141.000000,5142.550000,9122
2021-05-27T14:00:00+05:30,5142.550000,5159.800000,5142.100000,5152.000000,3405
2021-05-27T14:15:00+05:30,5152.000000,5154.600000,5141.300000,5150.000000,4950
2021-05-27T14:30:00+05:30,5150.000000,5150.000000,5135.000000,5136.650000,6500
2021-05-27T14:45:00+05:30,5135.550000,5140.450000,5130.300000,5133.000000,5772
2021-05-27T15:00:00+05:30,5130.600000,5140.800000,5120.000000,5127.000000,11604
2021-05-27T15:15:00+05:30,5127.000000,5150.000000,5125.000000,5150.000000,14124
2021-05-28T09:15:00+05:30,5165.000000,5189.000000,5126.000000,5134.250000,12893
2021-05-28T09:30:00+05:30,5134.250000,5149.750000,5125.000000,5146.050000,3959
2021-05-28T09:45:00+05:30,5146.050000,5149.950000,5136.550000,5145.950000,1890
2021-05-28T10:00:00+05:30,5145.950000,5145.950000,5138.000000,5141.000000,827
2021-05-28T10:15:00+05:30,5141.000000,5146.000000,5132.550000,5141.450000,2602
2021-05-28T10:30:00+05:30,5141.450000,5146.000000,5140.150000,5145.000000,1314
2021-05-28T10:45:00+05:30,5145.000000,5146.000000,5140.100000,5145.950000,1252
2021-05-28T11:00:00+05:30,5145.950000,5150.000000,5140.000000,5148.000000,1013
2021-05-28T11:15:00+05:30,5145.100000,5150.000000,5143.550000,5148.950000,1057
2021-05-28T11:30:00+05:30,5148.950000,5148.950000,5138.550000,5143.200000,1482
2021-05-28T11:45:00+05:30,5143.200000,5145.700000,5134.050000,5142.000000,1289
2021-05-28T12:00:00+05:30,5142.000000,5154.900000,5138.500000,5152.000000,1150
2021-05-28T12:15:00+05:30,5152.000000,5155.000000,5149.700000,5151.950000,919
2021-05-28T12:30:00+05:30,5151.950000,5152.900000,5144.500000,5149.150000,1229
2021-05-28T12:45:00+05:30,5149.150000,5154.050000,5145.000000,5151.600000,1014
2021-05-28T13:00:00+05:30,5151.600000,5153.000000,5142.700000,5145.000000,605
2021-05-28T13:15:00+05:30,5145.000000,5146.750000,5135.000000,5140.750000,1035
2021-05-28T13:30:00+05:30,5140.750000,5142.750000,5137.550000,5140.000000,455
2021-05-28T13:45:00+05:30,5140.000000,5140.000000,5132.650000,5132.650000,1469
2021-05-28T14:00:00+05:30,5132.650000,5140.550000,5126.000000,5132.900000,2702
2021-05-28T14:15:00+05:30,5132.900000,5141.300000,5128.500000,5139.850000,2222
2021-05-28T14:30:00+05:30,5139.850000,5142.000000,5137.000000,5139.900000,1670
2021-05-28T14:45:00+05:30,5139.900000,5140.650000,5133.800000,5137.550000,1017
2021-05-28T15:00:00+05:30,5137.550000,5140.000000,5130.000000,5132.950000,3113
2021-05-28T15:15:00+05:30,5130.200000,5135.900000,5126.200000,5130.000000,4892
2021-05-31T09:15:00+05:30,5160.000000,5165.000000,5104.250000,5119.000000,7283
2021-05-31T09:30:00+05:30,5119.000000,5132.650000,5090.000000,5114.650000,10019
2021-05-31T09:45:00+05:30,5114.650000,5129.700000,5102.000000,5128.800000,3546
2021-05-31T10:00:00+05:30,5128.800000,5143.300000,5125.350000,5139.950000,2511
2021-05-31T10:15:00+05:30,5139.950000,5149.400000,5127.150000,5142.000000,3754
2021-05-31T10:30:00+05:30,5141.600000,5147.500000,5135.000000,5139.950000,879
2021-05-31T10:45:00+05:30,5139.950000,5144.950000,5132.450000,5143.000000,1517
2021-05-31T11:00:00+05:30,5143.000000,5150.000000,5142.050000,5149.000000,1173
2021-05-31T11:15:00+05:30,5149.000000,5149.000000,5136.750000,5140.450000,1016
2021-05-31T11:30:00+05:30,5140.450000,5148.500000,5110.000000,5135.500000,3138
2021-05-31T11:45:00+05:30,5135.500000,5141.800000,5131.700000,5139.750000,676
2021-05-31T12:00:00+05:30,5140.000000,5146.500000,5135.500000,5146.000000,704
2021-05-31T12:15:00+05:30,5146.000000,5146.000000,5138.000000,5142.000000,675
2021-05-31T12:30:00+05:30,5142.000000,5145.000000,5140.850000,5142.050000,638
2021-05-31T12:45:00+05:30,5142.050000,5144.500000,5137.700000,5141.000000,844
2021-05-31T13:00:00+05:30,5141.000000,5141.000000,5121.000000,5125.050000,2035
2021-05-31T13:15:00+05:30,5125.050000,5142.000000,5122.000000,5135.450000,994
2021-05-31T13:30:00+05:30,5136.450000,5138.200000,5120.050000,5128.450000,1344
2021-05-31T13:45:00+05:30,5128.450000,5132.850000,5125.550000,5131.000000,774
2021-05-31T14:00:00+05:30,5131.000000,5132.850000,5126.350000,5130.850000,548
2021-05-31T14:15:00+05:30,5130.850000,5132.000000,5126.450000,5131.150000,526
2021-05-31T14:30:00+05:30,5131.150000,5140.000000,5124.500000,5139.950000,2419
2021-05-31T14:45:00+05:30,5139.950000,5139.950000,5130.950000,5137.050000,1205
2021-05-31T15:00:00+05:30,5137.050000,5142.000000,5130.000000,5137.800000,2349
2021-05-31T15:15:00+05:30,5133.650000,5140.000000,5125.800000,5132.000000,5149
2021-06-01T09:15:00+05:30,5150.000000,5165.000000,5130.000000,5157.400000,3308
2021-06-01T09:30:00+05:30,5157.800000,5168.100000,5155.000000,5164.000000,2581
2021-06-01T09:45:00+05:30,5163.000000,5164.000000,5126.300000,5135.600000,2607
2021-06-01T10:00:00+05:30,5132.550000,5144.200000,5132.250000,5141.000000,699
2021-06-01T10:15:00+05:30,5141.000000,5143.250000,5129.050000,5134.450000,850
2021-06-01T10:30:00+05:30,5134.450000,5134.500000,5125.000000,5129.050000,612
2021-06-01T10:45:00+05:30,5129.050000,5145.000000,5129.050000,5139.100000,1112
2021-06-01T11:00:00+05:30,5139.100000,5143.400000,5125.000000,5131.350000,368
2021-06-01T11:15:00+05:30,5131.350000,5137.250000,5126.000000,5137.250000,305
2021-06-01T11:30:00+05:30,5137.250000,5137.250000,5127.800000,5134.850000,396
2021-06-01T11:45:00+05:30,5134.850000,5136.950000,5125.000000,5126.600000,331
2021-06-01T12:00:00+05:30,5126.600000,5130.900000,5125.000000,5128.100000,123
2021-06-01T12:15:00+05:30,5128.100000,5130.950000,5125.150000,5130.000000,142
2021-06-01T12:30:00+05:30,5130.000000,5138.800000,5126.100000,5135.000000,409
2021-06-01T12:45:00+05:30,5135.000000,5136.800000,5129.100000,5131.050000,1022
2021-06-01T13:00:00+05:30,5134.700000,5136.050000,5131.100000,5136.050000,222
2021-06-01T13:15:00+05:30,5136.050000,5136.500000,5130.050000,5131.050000,240
2021-06-01T13:30:00+05:30,5131.050000,5140.600000,5130.950000,5136.100000,594
2021-06-01T13:45:00+05:30,5136.100000,5140.350000,5130.000000,5134.200000,460
2021-06-01T14:00:00+05:30,5134.200000,5139.850000,5130.050000,5132.250000,418
2021-06-01T14:15:00+05:30,5132.250000,5135.550000,5128.600000,5134.100000,437
2021-06-01T14:30:00+05:30,5134.100000,5136.500000,5131.050000,5136.450000,295
2021-06-01T14:45:00+05:30,5136.450000,5139.600000,5131.550000,5132.400000,1192
2021-06-01T15:00:00+05:30,5132.400000,5136.650000,5120.000000,5127.600000,1954
2021-06-01T15:15:00+05:30,5127.350000,5128.100000,5120.000000,5123.000000,2942
2021-06-02T09:15:00+05:30,5123.000000,5159.700000,5123.000000,5145.000000,3166
2021-06-02T09:30:00+05:30,5145.000000,5153.800000,5143.000000,5143.950000,1494
2021-06-02T09:45:00+05:30,5143.950000,5147.000000,5134.150000,5139.450000,1782
2021-06-02T10:00:00+05:30,5139.400000,5144.500000,5130.000000,5142.500000,980
2021-06-02T10:15:00+05:30,5142.500000,5142.500000,5135.000000,5137.500000,536
2021-06-02T10:30:00+05:30,5137.500000,5145.000000,5135.200000,5144.650000,570
2021-06-02T10:45:00+05:30,5144.650000,5144.950000,5138.950000,5139.550000,758
2021-06-02T11:00:00+05:30,5139.550000,5147.000000,5137.150000,5146.500000,773
2021-06-02T11:15:00+05:30,5146.500000,5147.000000,5140.050000,5141.450000,625
2021-06-02T11:30:00+05:30,5141.450000,5199.000000,5141.450000,5190.000000,12672
2021-06-02T11:45:00+05:30,5190.000000,5193.950000,5155.000000,5168.400000,10137
2021-06-02T12:00:00+05:30,5168.400000,5190.000000,5165.000000,5179.900000,4066
2021-06-02T12:15:00+05:30,5179.900000,5188.900000,5175.100000,5184.200000,4325
2021-06-02T12:30:00+05:30,5184.200000,5188.500000,5171.500000,5173.050000,2478
2021-06-02T12:45:00+05:30,5173.050000,5183.400000,5172.000000,5180.150000,2687
2021-06-02T13:00:00+05:30,5180.150000,5198.250000,5177.200000,5183.000000,6651
2021-06-02T13:15:00+05:30,5183.000000,5190.000000,5181.000000,5183.450000,1083
2021-06-02T13:30:00+05:30,5183.450000,5185.000000,5177.200000,5178.250000,1045
2021-06-02T13:45:00+05:30,5178.250000,5181.500000,5171.250000,5180.950000,986
2021-06-02T14:00:00+05:30,5180.950000,5182.500000,5159.550000,5173.050000,3193
2021-06-02T14:15:00+05:30,5173.050000,5173.600000,5160.400000,5164.000000,763
2021-06-02T14:30:00+05:30,5164.000000,5210.000000,5160.000000,5210.000000,9050
2021-06-02T14:45:00+05:30,5210.000000,5218.250000,5166.500000,5188.550000,13427
2021-06-02T15:00:00+05:30,5188.500000,5192.000000,5170.000000,5172.000000,5196
2021-06-02T15:15:00+05:30,5170.200000,5191.450000,5166.100000,5175.000000,6151
2021-06-03T09:15:00+05:30,5220.000000,5238.600000,5196.650000,5209.400000,5996
2021-06-03T09:30:00+05:30,5209.400000,5214.000000,5200.000000,5205.000000,1365
2021-06-03T09:45:00+05:30,5205.000000,5209.000000,5200.000000,5204.800000,1230
2021-06-03T10:00:00+05:30,5205.950000,5210.000000,5201.800000,5207.950000,864
2021-06-03T10:15:00+05:30,5205.400000,5212.200000,5205.400000,5210.950000,1152
2021-06-03T10:30:00+05:30,5210.950000,5211.000000,5205.400000,5206.050000,870
2021-06-03T10:45:00+05:30,5206.050000,5209.600000,5196.850000,5201.000000,1602
2021-06-03T11:00:00+05:30,5201.000000,5209.950000,5201.000000,5205.150000,412
2021-06-03T11:15:00+05:30,5205.150000,5208.950000,5203.400000,5204.900000,403
2021-06-03T11:30:00+05:30,5204.900000,5210.000000,5202.000000,5207.950000,985
2021-06-03T11:45:00+05:30,5207.950000,5207.950000,5162.250000,5190.000000,2849
2021-06-03T12:00:00+05:30,5190.000000,5200.000000,5186.300000,5191.150000,523
2021-06-03T12:15:00+05:30,5191.150000,5200.750000,5184.450000,5190.000000,1070
2021-06-03T12:30:00+05:30,5190.000000,5211.900000,5190.000000,5203.900000,2558
2021-06-03T12:45:00+05:30,5203.900000,5203.900000,5193.650000,5194.000000,518
2021-06-03T13:00:00+05:30,5194.000000,5201.600000,5194.000000,5195.000000,428
2021-06-03T13:15:00+05:30,5195.000000,5199.950000,5192.750000,5199.950000,245
2021-06-03T13:30:00+05:30,5199.950000,5200.500000,5194.100000,5195.650000,223
2021-06-03T13:45:00+05:30,5195.650000,5199.450000,5193.050000,5198.800000,225
2021-06-03T14:00:00+05:30,5198.950000,5203.900000,5195.000000,5195.000000,843
2021-06-03T14:15:00+05:30,5195.000000,5202.000000,5188.800000,5196.150000,1074
2021-06-03T14:30:00+05:30,5196.150000,5208.500000,5193.800000,5200.700000,1123
2021-06-03T14:45:00+05:30,5200.700000,5205.000000,5195.300000,5200.000000,479
2021-06-03T15:00:00+05:30,5200.000000,5204.950000,5192.500000,5192.600000,1270
2021-06-03T15:15:00+05:30,5192.600000,5202.850000,5191.050000,5195.000000,4431
2021-06-04T09:15:00+05:30,5203.000000,5210.000000,5185.000000,5185.000000,4334
2021-06-04T09:30:00+05:30,5184.000000,5199.950000,5174.100000,5195.000000,3490
2021-06-04T09:45:00+05:30,5195.000000,5199.000000,5190.000000,5196.350000,699
2021-06-04T10:00:00+05:30,5196.350000,5196.400000,5191.350000,5194.550000,360
2021-06-04T10:15:00+05:30,5194.550000,5197.600000,5191.400000,5195.000000,1470
2021-06-04T10:30:00+05:30,5195.000000,5199.000000,5187.000000,5194.200000,815
2021-06-04T10:45:00+05:30,5194.200000,5201.950000,5190.000000,5200.000000,929
2021-06-04T11:00:00+05:30,5200.000000,5219.900000,5200.000000,5215.000000,1890
2021-06-04T11:15:00+05:30,5215.000000,5219.000000,5202.750000,5203.150000,1705
2021-06-04T11:30:00+05:30,5203.150000,5209.000000,5191.500000,5206.150000,2154
2021-06-04T11:45:00+05:30,5206.150000,5214.750000,5202.000000,5209.300000,1222
2021-06-04T12:00:00+05:30,5206.200000,5209.000000,5193.250000,5205.600000,728
2021-06-04T12:15:00+05:30,5205.600000,5207.000000,5199.250000,5203.000000,381
2021-06-04T12:30:00+05:30,5203.000000,5210.800000,5200.500000,5206.700000,555
2021-06-04T12:45:00+05:30,5209.000000,5214.000000,5206.000000,5208.000000,797
2021-06-04T13:00:00+05:30,5208.000000,5208.000000,5203.100000,5203.200000,141
2021-06-04T13:15:00+05:30,5203.200000,5208.500000,5200.000000,5207.650000,636
2021-06-04T13:30:00+05:30,5207.600000,5207.650000,5202.300000,5204.100000,501
2021-06-04T13:45:00+05:30,5204.100000,5214.250000,5204.100000,5205.950000,699
2021-06-04T14:00:00+05:30,5205.950000,5208.850000,5204.100000,5205.150000,321
2021-06-04T14:15:00+05:30,5205.150000,5207.000000,5199.500000,5200.500000,551
2021-06-04T14:30:00+05:30,5204.450000,5207.850000,5200.500000,5205.000000,431
2021-06-04T14:45:00+05:30,5205.000000,5207.000000,5198.000000,5199.900000,887
2021-06-04T15:00:00+05:30,5199.900000,5202.000000,5198.000000,5201.000000,1681
2021-06-04T15:15:00+05:30,5201.000000,5201.000000,5168.000000,5181.000000,6542
2021-06-07T09:15:00+05:30,5195.000000,5209.750000,5170.050000,5197.350000,2747
2021-06-07T09:30:00+05:30,5198.600000,5200.000000,5176.550000,5181.350000,2154
2021-06-07T09:45:00+05:30,5181.350000,5189.100000,5180.000000,5185.400000,969
2021-06-07T10:00:00+05:30,5186.900000,5189.650000,5172.000000,5179.350000,1174
2021-06-07T10:15:00+05:30,5177.000000,5180.000000,5172.000000,5174.050000,651
2021-06-07T10:30:00+05:30,5174.050000,5177.400000,5163.450000,5171.900000,1658
2021-06-07T10:45:00+05:30,5171.900000,5173.000000,5167.000000,5170.000000,819
2021-06-07T11:00:00+05:30,5170.000000,5173.000000,5166.000000,5169.650000,398
2021-06-07T11:15:00+05:30,5169.650000,5175.000000,5167.100000,5168.150000,368
2021-06-07T11:30:00+05:30,5168.150000,5190.000000,5167.250000,5188.950000,1062
2021-06-07T11:45:00+05:30,5188.950000,5189.000000,5180.000000,5180.000000,1382
2021-06-07T12:00:00+05:30,5183.300000,5183.300000,5179.350000,5180.000000,469
2021-06-07T12:15:00+05:30,5178.550000,5184.000000,5178.000000,5183.900000,519
2021-06-07T12:30:00+05:30,5183.900000,5189.700000,5180.800000,5183.850000,467
2021-06-07T12:45:00+05:30,5183.850000,5193.000000,5180.000000,5193.000000,842
2021-06-07T13:00:00+05:30,5193.000000,5195.000000,5182.900000,5185.950000,511
2021-06-07T13:15:00+05:30,5185.950000,5195.000000,5180.000000,5192.150000,1139
2021-06-07T13:30:00+05:30,5192.150000,5200.000000,5190.000000,5195.000000,1297
2021-06-07T13:45:00+05:30,5195.000000,5196.750000,5176.150000,5185.000000,2445
2021-06-07T14:00:00+05:30,5188.050000,5197.000000,5185.050000,5195.200000,655
2021-06-07T14:15:00+05:30,5196.750000,5199.000000,5192.150000,5192.150000,1061
2021-06-07T14:30:00+05:30,5192.150000,5194.800000,5190.000000,5190.350000,808
2021-06-07T14:45:00+05:30,5190.350000,5194.950000,5190.000000,5190.600000,839
2021-06-07T15:00:00+05:30,5190.600000,5201.050000,5190.000000,5200.000000,2286
2021-06-07T15:15:00+05:30,5200.000000,5205.000000,5197.500000,5200.100000,3376
2021-06-08T09:15:00+05:30,5230.000000,5230.000000,5182.150000,5206.650000,2959
2021-06-08T09:30:00+05:30,5206.650000,5209.000000,5191.000000,5191.000000,1431
2021-06-08T09:45:00+05:30,5196.700000,5205.650000,5181.000000,5191.350000,1544
2021-06-08T10:00:00+05:30,5191.350000,5193.000000,5184.800000,5188.650000,1084
2021-06-08T10:15:00+05:30,5188.650000,5190.850000,5180.000000,5189.200000,1505
2021-06-08T10:30:00+05:30,5189.200000,5208.550000,5189.000000,5208.000000,1933
2021-06-08T10:45:00+05:30,5208.000000,5208.000000,5188.550000,5194.150000,851
2021-06-08T11:00:00+05:30,5194.150000,5200.000000,5185.250000,5197.750000,2127
2021-06-08T11:15:00+05:30,5197.750000,5206.150000,5192.700000,5201.900000,444
2021-06-08T11:30:00+05:30,5201.900000,5205.000000,5200.000000,5202.000000,292
2021-06-08T11:45:00+05:30,5205.700000,5220.000000,5205.700000,5219.950000,2192
2021-06-08T12:00:00+05:30,5215.500000,5235.000000,5212.550000,5232.100000,5484
2021-06-08T12:15:00+05:30,5232.100000,5303.950000,5230.100000,5297.850000,36910
2021-06-08T12:30:00+05:30,5297.850000,5330.000000,5291.650000,5330.000000,28310
2021-06-08T12:45:00+05:30,5331.500000,5357.950000,5309.400000,5336.950000,22877
2021-06-08T13:00:00+05:30,5335.050000,5340.000000,5328.050000,5331.950000,8731
2021-06-08T13:15:00+05:30,5331.950000,5344.900000,5327.050000,5340.000000,6024
2021-06-08T13:30:00+05:30,5340.100000,5374.800000,5334.200000,5367.950000,16121
2021-06-08T13:45:00+05:30,5365.000000,5415.000000,5360.050000,5414.700000,32381
2021-06-08T14:00:00+05:30,5415.000000,5418.850000,5382.300000,5382.300000,30079
2021-06-08T14:15:00+05:30,5385.050000,5385.050000,5355.100000,5368.050000,8848
2021-06-08T14:30:00+05:30,5368.050000,5375.950000,5367.000000,5373.050000,3377
2021-06-08T14:45:00+05:30,5373.050000,5415.000000,5373.050000,5415.000000,35831
2021-06-08T15:00:00+05:30,5415.000000,5419.800000,5385.550000,5414.000000,31548
2021-06-08T15:15:00+05:30,5409.150000,5453.900000,5409.050000,5438.500000,49694
2021-06-09T09:15:00+05:30,5450.000000,5525.000000,5441.000000,5479.950000,29718
2021-06-09T09:30:00+05:30,5475.000000,5481.000000,5425.500000,5451.400000,13028
2021-06-09T09:45:00+05:30,5450.050000,5451.000000,5420.250000,5435.000000,7356
2021-06-09T10:00:00+05:30,5435.000000,5466.650000,5435.000000,5452.300000,5889
2021-06-09T10:15:00+05:30,5452.250000,5462.000000,5445.100000,5449.850000,4036
2021-06-09T10:30:00+05:30,5449.850000,5480.000000,5445.000000,5473.500000,6230
2021-06-09T10:45:00+05:30,5473.500000,5497.950000,5472.100000,5497.950000,12824
2021-06-09T11:00:00+05:30,5497.950000,5505.000000,5475.000000,5476.000000,9749
2021-06-09T11:15:00+05:30,5476.000000,5480.000000,5471.700000,5472.500000,1816
2021-06-09T11:30:00+05:30,5472.500000,5498.000000,5448.000000,5485.800000,9129
2021-06-09T11:45:00+05:30,5485.800000,5488.000000,5462.950000,5477.950000,4750
2021-06-09T12:00:00+05:30,5472.900000,5481.450000,5462.100000,5472.000000,4285
2021-06-09T12:15:00+05:30,5472.000000,5473.450000,5455.100000,5457.000000,3285
2021-06-09T12:30:00+05:30,5461.050000,5461.050000,5443.000000,5452.000000,4500
2021-06-09T12:45:00+05:30,5452.000000,5478.250000,5440.000000,5455.000000,6743
2021-06-09T13:00:00+05:30,5454.950000,5461.000000,5414.000000,5414.500000,6782
2021-06-09T13:15:00+05:30,5414.500000,5444.600000,5373.000000,5428.250000,8068
2021-06-09T13:30:00+05:30,5432.200000,5445.000000,5400.000000,5430.000000,3618
2021-06-09T13:45:00+05:30,5430.000000,5436.350000,5411.100000,5412.050000,1214
2021-06-09T14:00:00+05:30,5412.050000,5426.800000,5407.100000,5420.700000,2381
2021-06-09T14:15:00+05:30,5420.700000,5426.900000,5408.450000,5415.050000,2004
2021-06-09T14:30:00+05:30,5415.050000,5424.500000,5385.650000,5385.650000,3933
2021-06-09T14:45:00+05:30,5388.650000,5390.300000,5355.450000,5368.550000,6038
2021-06-09T15:00:00+05:30,5368.550000,5394.200000,5354.950000,5386.800000,8195
2021-06-09T15:15:00+05:30,5389.800000,5403.000000,5380.000000,5388.000000,7325
2021-06-10T09:15:00+05:30,5400.000000,5434.300000,5357.300000,5368.900000,9720
2021-06-10T09:30:00+05:30,5368.900000,5461.900000,5368.900000,5455.000000,11371
2021-06-10T09:45:00+05:30,5455.000000,5481.900000,5435.000000,5479.000000,6458
2021-06-10T10:00:00+05:30,5479.000000,5539.400000,5460.000000,5531.150000,26573
2021-06-10T10:15:00+05:30,5530.350000,5568.600000,5507.250000,5534.900000,42767
2021-06-10T10:30:00+05:30,5535.000000,5535.000000,5505.000000,5525.000000,8022
2021-06-10T10:45:00+05:30,5525.000000,5527.950000,5505.000000,5507.000000,3933
2021-06-10T11:00:00+05:30,5509.400000,5521.100000,5481.000000,5489.850000,7110
2021-06-10T11:15:00+05:30,5486.050000,5503.850000,5486.050000,5493.000000,2752
2021-06-10T11:30:00+05:30,5493.000000,5523.050000,5493.000000,5518.950000,4200
2021-06-10T11:45:00+05:30,5519.550000,5524.900000,5504.150000,5507.950000,3540
2021-06-10T12:00:00+05:30,5507.950000,5513.000000,5500.050000,5500.550000,1843
2021-06-10T12:15:00+05:30,5500.550000,5509.950000,5500.050000,5503.850000,1729
2021-06-10T12:30:00+05:30,5503.850000,5510.000000,5500.050000,5500.450000,1847
2021-06-10T12:45:00+05:30,5500.450000,5509.250000,5500.050000,5503.000000,1680
2021-06-10T13:00:00+05:30,5503.000000,5506.150000,5490.000000,5490.300000,2604
2021-06-10T13:15:00+05:30,5490.300000,5500.000000,5485.000000,5500.000000,2573
2021-06-10T13:30:00+05:30,5500.000000,5502.000000,5495.500000,5496.450000,1561
2021-06-10T13:45:00+05:30,5496.450000,5498.050000,5485.100000,5486.000000,2695
2021-06-10T14:00:00+05:30,5486.000000,5509.550000,5486.000000,5501.100000,6020
2021-06-10T14:15:00+05:30,5501.100000,5543.000000,5500.500000,5517.400000,15502
2021-06-10T14:30:00+05:30,5517.400000,5550.000000,5509.000000,5525.650000,14117
2021-06-10T14:45:00+05:30,5525.650000,5542.600000,5518.650000,5529.050000,11781
2021-06-10T15:00:00+05:30,5528.250000,5545.000000,5528.250000,5538.450000,12666
2021-06-10T15:15:00+05:30,5538.500000,5545.350000,5525.100000,5525.100000,15823
2021-06-11T09:15:00+05:30,5538.550000,5593.300000,5525.500000,5560.000000,16265
2021-06-11T09:30:00+05:30,5560.000000,5569.850000,5525.250000,5556.950000,9261
2021-06-11T09:45:00+05:30,5556.950000,5570.000000,5555.000000,5564.950000,3570
2021-06-11T10:00:00+05:30,5564.950000,5582.900000,5555.000000,5574.000000,4826
2021-06-11T10:15:00+05:30,5574.000000,5585.000000,5570.000000,5583.650000,3307
2021-06-11T10:30:00+05:30,5583.650000,5608.800000,5578.600000,5597.550000,12366
2021-06-11T10:45:00+05:30,5597.550000,5650.000000,5592.400000,5649.950000,24039
2021-06-11T11:00:00+05:30,5649.950000,5656.000000,5622.100000,5625.600000,15600
2021-06-11T11:15:00+05:30,5625.600000,5633.000000,5601.000000,5603.500000,7300
2021-06-11T11:30:00+05:30,5603.500000,5608.050000,5573.250000,5590.050000,5362
2021-06-11T11:45:00+05:30,5590.050000,5604.000000,5588.450000,5600.000000,4328
2021-06-11T12:00:00+05:30,5600.000000,5614.750000,5578.800000,5581.000000,4355
2021-06-11T12:15:00+05:30,5581.000000,5598.000000,5576.100000,5594.300000,2204
2021-06-11T12:30:00+05:30,5593.000000,5593.000000,5571.750000,5578.600000,2859
2021-06-11T12:45:00+05:30,5578.600000,5583.750000,5572.750000,5575.100000,891
2021-06-11T13:00:00+05:30,5575.100000,5575.950000,5563.600000,5569.000000,2169
2021-06-11T13:15:00+05:30,5569.000000,5569.000000,5542.000000,5557.000000,4479
2021-06-11T13:30:00+05:30,5557.000000,5565.000000,5554.000000,5565.000000,1842
2021-06-11T13:45:00+05:30,5565.000000,5565.000000,5554.800000,5563.000000,647
2021-06-11T14:00:00+05:30,5563.000000,5565.000000,5550.000000,5564.000000,2732
2021-06-11T14:15:00+05:30,5564.000000,5565.000000,5555.200000,5558.850000,610
2021-06-11T14:30:00+05:30,5558.850000,5576.000000,5554.000000,5573.450000,3456
2021-06-11T14:45:00+05:30,5573.450000,5573.900000,5550.000000,5550.400000,2666
2021-06-11T15:00:00+05:30,5550.400000,5555.000000,5541.250000,5548.450000,4386
2021-06-11T15:15:00+05:30,5548.450000,5549.500000,5522.200000,5542.000000,11589
2021-06-14T09:15:00+05:30,5550.000000,5563.000000,5452.000000,5456.500000,9559
2021-06-14T09:30:00+05:30,5456.500000,5486.550000,5405.000000,5486.550000,10501
2021-06-14T09:45:00+05:30,5486.550000,5525.000000,5470.000000,5518.400000,7492
2021-06-14T10:00:00+05:30,5518.400000,5519.600000,5492.550000,5498.500000,1544
2021-06-14T10:15:00+05:30,5498.500000,5599.000000,5498.500000,5560.000000,12993
2021-06-14T10:30:00+05:30,5560.000000,5577.950000,5551.500000,5576.350000,3006
2021-06-14T10:45:00+05:30,5572.000000,5578.800000,5557.000000,5561.250000,2094
2021-06-14T11:00:00+05:30,5561.250000,5567.000000,5532.650000,5540.050000,3359
2021-06-14T11:15:00+05:30,5540.050000,5563.000000,5540.050000,5557.950000,1580
2021-06-14T11:30:00+05:30,5557.950000,5560.000000,5552.250000,5560.000000,1017
2021-06-14T11:45:00+05:30,5560.000000,5561.700000,5554.150000,5561.600000,1487
2021-06-14T12:00:00+05:30,5561.600000,5562.000000,5554.550000,5561.150000,431
2021-06-14T12:15:00+05:30,5561.150000,5564.700000,5557.350000,5563.850000,608
2021-06-14T12:30:00+05:30,5563.850000,5572.950000,5563.700000,5568.900000,1409
2021-06-14T12:45:00+05:30,5568.900000,5571.200000,5560.300000,5564.950000,797
2021-06-14T13:00:00+05:30,5564.950000,5565.000000,5545.250000,5552.150000,893
2021-06-14T13:15:00+05:30,5552.150000,5560.000000,5547.650000,5559.950000,1508
2021-06-14T13:30:00+05:30,5559.950000,5559.950000,5551.100000,5554.600000,805
2021-06-14T13:45:00+05:30,5554.600000,5560.850000,5551.550000,5560.000000,590
2021-06-14T14:00:00+05:30,5560.000000,5577.000000,5558.000000,5565.200000,2658
2021-06-14T14:15:00+05:30,5565.200000,5568.900000,5557.150000,5567.900000,476
2021-06-14T14:30:00+05:30,5567.900000,5575.000000,5565.000000,5568.000000,2177
2021-06-14T14:45:00+05:30,5568.000000,5574.950000,5567.700000,5573.900000,1627
2021-06-14T15:00:00+05:30,5573.900000,5575.000000,5552.000000,5554.550000,2629
2021-06-14T15:15:00+05:30,5558.950000,5565.000000,5541.400000,5552.850000,4914
2021-06-15T09:15:00+05:30,5590.000000,5594.000000,5550.500000,5566.300000,2258
2021-06-15T09:30:00+05:30,5561.050000,5578.900000,5550.000000,5565.950000,2571
2021-06-15T09:45:00+05:30,5565.950000,5568.950000,5541.000000,5546.450000,1512
2021-06-15T10:00:00+05:30,5546.450000,5546.450000,5500.000000,5516.000000,5514
2021-06-15T10:15:00+05:30,5516.000000,5520.000000,5510.500000,5515.000000,3836
2021-06-15T10:30:00+05:30,5515.000000,5520.000000,5512.100000,5513.600000,1181
2021-06-15T10:45:00+05:30,5518.000000,5530.000000,5509.000000,5525.500000,2204
2021-06-15T11:00:00+05:30,5525.500000,5528.000000,5515.050000,5516.800000,910
2021-06-15T11:15:00+05:30,5516.800000,5519.950000,5510.350000,5516.500000,710
2021-06-15T11:30:00+05:30,5516.500000,5520.000000,5499.000000,5505.000000,2676
2021-06-15T11:45:00+05:30,5505.000000,5510.000000,5502.550000,5506.200000,442
2021-06-15T12:00:00+05:30,5510.000000,5510.000000,5496.000000,5504.800000,1873
2021-06-15T12:15:00+05:30,5504.800000,5512.850000,5500.050000,5508.000000,764
2021-06-15T12:30:00+05:30,5508.000000,5510.000000,5500.000000,5500.150000,604
2021-06-15T12:45:00+05:30,5500.150000,5510.200000,5500.150000,5505.000000,520
2021-06-15T13:00:00+05:30,5505.000000,5509.900000,5501.650000,5507.150000,425
2021-06-15T13:15:00+05:30,5507.150000,5510.000000,5502.050000,5510.000000,626
2021-06-15T13:30:00+05:30,5510.000000,5510.200000,5502.450000,5508.000000,925
2021-06-15T13:45:00+05:30,5508.000000,5515.000000,5504.150000,5509.050000,1121
2021-06-15T14:00:00+05:30,5509.050000,5518.000000,5505.200000,5518.000000,789
2021-06-15T14:15:00+05:30,5516.650000,5519.000000,5490.100000,5495.050000,4080
2021-06-15T14:30:00+05:30,5495.050000,5505.700000,5492.150000,5497.050000,2164
2021-06-15T14:45:00+05:30,5497.050000,5508.950000,5497.050000,5502.800000,966
2021-06-15T15:00:00+05:30,5502.800000,5507.950000,5497.750000,5504.500000,2910
2021-06-15T15:15:00+05:30,5504.500000,5517.000000,5488.000000,5495.950000,5662
2021-06-16T09:15:00+05:30,5486.800000,5537.850000,5470.000000,5511.000000,3555
2021-06-16T09:30:00+05:30,5511.000000,5520.000000,5481.250000,5483.000000,2412
2021-06-16T09:45:00+05:30,5483.000000,5492.850000,5482.050000,5483.200000,853
2021-06-16T10:00:00+05:30,5483.200000,5499.000000,5483.200000,5488.050000,1159
2021-06-16T10:15:00+05:30,5488.050000,5496.300000,5484.000000,5484.000000,552
2021-06-16T10:30:00+05:30,5484.000000,5485.950000,5477.000000,5477.000000,1230
2021-06-16T10:45:00+05:30,5477.000000,5480.600000,5458.300000,5459.100000,1812
2021-06-16T11:00:00+05:30,5457.050000,5470.000000,5456.150000,5466.600000,1473
2021-06-16T11:15:00+05:30,5466.600000,5468.650000,5460.050000,5463.550000,359
2021-06-16T11:30:00+05:30,5463.550000,5480.900000,5463.550000,5476.900000,1236
2021-06-16T11:45:00+05:30,5476.900000,5493.550000,5476.900000,5489.000000,537
2021-06-16T12:00:00+05:30,5489.000000,5490.000000,5477.900000,5477.900000,526
2021-06-16T12:15:00+05:30,5477.900000,5489.900000,5477.900000,5485.950000,453
2021-06-16T12:30:00+05:30,5485.950000,5494.600000,5484.600000,5486.950000,540
2021-06-16T12:45:00+05:30,5486.950000,5490.000000,5484.300000,5490.000000,317
2021-06-16T13:00:00+05:30,5490.000000,5492.000000,5485.550000,5489.000000,129
2021-06-16T13:15:00+05:30,5489.000000,5489.950000,5480.000000,5483.900000,406
2021-06-16T13:30:00+05:30,5480.000000,5485.000000,5479.100000,5485.000000,336
2021-06-16T13:45:00+05:30,5485.000000,5488.800000,5480.750000,5485.750000,399
2021-06-16T14:00:00+05:30,5485.750000,5485.750000,5478.000000,5484.800000,893
2021-06-16T14:15:00+05:30,5484.800000,5486.650000,5479.350000,5486.650000,219
2021-06-16T14:30:00+05:30,5482.900000,5486.650000,5479.800000,5482.000000,771
2021-06-16T14:45:00+05:30,5478.050000,5482.950000,5462.200000,5463.000000,815
2021-06-16T15:00:00+05:30,5462.500000,5471.950000,5459.050000,5460.000000,2784
2021-06-16T15:15:00+05:30,5460.000000,5465.950000,5425.000000,5453.000000,4056
2021-06-17T09:15:00+05:30,5390.000000,5441.200000,5390.000000,5429.700000,3128
2021-06-17T09:30:00+05:30,5429.700000,5431.400000,5407.400000,5419.800000,2128
2021-06-17T09:45:00+05:30,5419.800000,5447.950000,5419.800000,5436.350000,1802
2021-06-17T10:00:00+05:30,5439.300000,5439.650000,5433.100000,5438.450000,596
2021-06-17T10:15:00+05:30,5438.450000,5460.000000,5432.350000,5457.950000,1909
2021-06-17T10:30:00+05:30,5457.950000,5515.750000,5457.950000,5492.950000,8112
2021-06-17T10:45:00+05:30,5492.950000,5500.350000,5488.700000,5497.800000,1826
2021-06-17T11:00:00+05:30,5497.800000,5497.800000,5488.050000,5488.050000,707
2021-06-17T11:15:00+05:30,5489.950000,5489.950000,5474.750000,5479.550000,561
2021-06-17T11:30:00+05:30,5479.450000,5479.800000,5463.000000,5465.900000,2931
2021-06-17T11:45:00+05:30,5465.900000,5486.750000,5465.100000,5486.750000,3966
2021-06-17T12:00:00+05:30,5485.250000,5502.000000,5477.050000,5484.100000,3861
2021-06-17T12:15:00+05:30,5490.850000,5495.150000,5481.000000,5490.000000,594
2021-06-17T12:30:00+05:30,5485.800000,5498.800000,5480.000000,5498.800000,1252
2021-06-17T12:45:00+05:30,5498.800000,5498.800000,5484.950000,5484.950000,977
2021-06-17T13:00:00+05:30,5488.950000,5492.950000,5474.000000,5488.500000,1147
2021-06-17T13:15:00+05:30,5488.500000,5492.050000,5481.000000,5488.600000,351
2021-06-17T13:30:00+05:30,5488.600000,5489.950000,5481.750000,5486.000000,384
2021-06-17T13:45:00+05:30,5486.000000,5490.000000,5484.050000,5485.550000,613
2021-06-17T14:00:00+05:30,5485.550000,5490.000000,5450.200000,5451.050000,4019
2021-06-17T14:15:00+05:30,5451.050000,5459.550000,5368.150000,5389.850000,7079
2021-06-17T14:30:00+05:30,5389.850000,5427.650000,5381.100000,5406.000000,1722
2021-06-17T14:45:00+05:30,5406.000000,5413.950000,5391.800000,5407.400000,3863
2021-06-17T15:00:00+05:30,5407.400000,5418.000000,5400.000000,5402.250000,1826
2021-06-17T15:15:00+05:30,5402.250000,5418.000000,5400.000000,5418.000000,3247
2021-06-18T09:15:00+05:30,5400.000000,5460.000000,5400.000000,5439.550000,3704
2021-06-18T09:30:00+05:30,5439.550000,5439.550000,5409.000000,5409.000000,1679
2021-06-18T09:45:00+05:30,5409.000000,5410.950000,5380.000000,5394.850000,2413
2021-06-18T10:00:00+05:30,5394.850000,5402.950000,5382.000000,5388.000000,1653
2021-06-18T10:15:00+05:30,5392.550000,5443.450000,5391.900000,5399.700000,3466
2021-06-18T10:30:00+05:30,5399.700000,5400.000000,5381.000000,5386.650000,2253
2021-06-18T10:45:00+05:30,5386.650000,5405.500000,5382.000000,5400.000000,3955
2021-06-18T11:00:00+05:30,5400.000000,5427.000000,5398.250000,5405.000000,5566
2021-06-18T11:15:00+05:30,5403.700000,5424.000000,5400.000000,5409.000000,2810
2021-06-18T11:30:00+05:30,5409.000000,5424.000000,5400.000000,5405.150000,2235
2021-06-18T11:45:00+05:30,5405.150000,5411.100000,5400.000000,5407.750000,1260
2021-06-18T12:00:00+05:30,5407.750000,5416.200000,5400.400000,5412.650000,4052
2021-06-18T12:15:00+05:30,5412.650000,5414.800000,5400.000000,5404.500000,4632
2021-06-18T12:30:00+05:30,5404.500000,5414.000000,5400.000000,5401.000000,5957
2021-06-18T12:45:00+05:30,5404.950000,5411.250000,5402.000000,5402.100000,636
2021-06-18T13:00:00+05:30,5405.700000,5409.000000,5399.000000,5408.000000,2448
2021-06-18T13:15:00+05:30,5408.000000,5413.000000,5405.050000,5406.500000,487
2021-06-18T13:30:00+05:30,5407.900000,5407.900000,5400.200000,5400.200000,222
2021-06-18T13:45:00+05:30,5400.200000,5410.950000,5400.000000,5410.950000,553
2021-06-18T14:00:00+05:30,5410.950000,5424.950000,5405.000000,5424.950000,1497
2021-06-18T14:15:00+05:30,5424.950000,5430.000000,5420.600000,5427.950000,1048
2021-06-18T14:30:00+05:30,5427.950000,5427.950000,5421.000000,5422.000000,493
2021-06-18T14:45:00+05:30,5422.000000,5437.800000,5422.000000,5430.200000,1675
2021-06-18T15:00:00+05:30,5436.850000,5436.900000,5387.150000,5406.000000,12681
2021-06-18T15:15:00+05:30,5406.000000,5413.600000,5391.200000,5408.050000,14501
2021-06-21T09:15:00+05:30,5378.000000,5447.900000,5370.000000,5430.050000,5715
2021-06-21T09:30:00+05:30,5433.300000,5451.950000,5403.300000,5448.500000,6786
2021-06-21T09:45:00+05:30,5448.500000,5466.200000,5421.100000,5463.350000,8648
2021-06-21T10:00:00+05:30,5464.000000,5515.000000,5460.150000,5492.000000,15685
2021-06-21T10:15:00+05:30,5494.850000,5539.000000,5485.000000,5523.700000,11267
2021-06-21T10:30:00+05:30,5523.700000,5536.750000,5523.000000,5534.900000,8580
2021-06-21T10:45:00+05:30,5534.900000,5534.900000,5520.000000,5523.000000,5675
2021-06-21T11:00:00+05:30,5523.000000,5523.000000,5500.000000,5504.500000,4120
2021-06-21T11:15:00+05:30,5504.500000,5536.000000,5501.500000,5534.000000,7482
2021-06-21T11:30:00+05:30,5533.050000,5538.000000,5526.750000,5526.750000,5050
2021-06-21T11:45:00+05:30,5526.750000,5532.000000,5510.200000,5520.750000,3467
2021-06-21T12:00:00+05:30,5520.750000,5536.250000,5515.950000,5532.600000,5123
2021-06-21T12:15:00+05:30,5532.600000,5536.250000,5525.000000,5526.000000,3585
2021-06-21T12:30:00+05:30,5526.000000,5535.000000,5526.000000,5528.300000,2328
2021-06-21T12:45:00+05:30,5528.300000,5533.000000,5526.300000,5531.950000,1499
2021-06-21T13:00:00+05:30,5531.950000,5548.350000,5527.850000,5537.000000,5226
2021-06-21T13:15:00+05:30,5538.850000,5538.850000,5513.100000,5513.150000,3600
2021-06-21T13:30:00+05:30,5513.150000,5523.700000,5511.050000,5522.000000,2447
2021-06-21T13:45:00+05:30,5522.000000,5528.950000,5511.500000,5527.000000,3753
2021-06-21T14:00:00+05:30,5527.000000,5546.000000,5521.900000,5545.000000,5246
2021-06-21T14:15:00+05:30,5544.900000,5558.000000,5537.600000,5538.450000,7280
2021-06-21T14:30:00+05:30,5538.450000,5557.850000,5538.450000,5550.250000,2866
2021-06-21T14:45:00+05:30,5550.250000,5550.250000,5536.650000,5536.650000,2311
2021-06-21T15:00:00+05:30,5536.650000,5569.000000,5525.550000,5563.500000,18708
2021-06-21T15:15:00+05:30,5559.950000,5569.000000,5540.000000,5549.300000,10790
2021-06-22T09:15:00+05:30,5596.000000,5596.000000,5554.500000,5555.100000,8167
2021-06-22T09:30:00+05:30,5555.100000,5565.350000,5522.000000,5531.000000,8376
2021-06-22T09:45:00+05:30,5530.900000,5547.250000,5510.000000,5540.000000,3299
2021-06-22T10:00:00+05:30,5540.000000,5549.950000,5504.400000,5510.000000,5585
2021-06-22T10:15:00+05:30,5510.000000,5529.950000,5501.150000,5520.550000,2661
2021-06-22T10:30:00+05:30,5520.550000,5521.700000,5505.000000,5518.950000,1650
2021-06-22T10:45:00+05:30,5518.950000,5527.950000,5513.000000,5522.150000,5540
2021-06-22T11:00:00+05:30,5522.150000,5543.650000,5518.550000,5534.300000,4815
2021-06-22T11:15:00+05:30,5534.300000,5541.550000,5503.000000,5507.100000,4023
2021-06-22T11:30:00+05:30,5507.100000,5519.900000,5502.050000,5509.300000,998
2021-06-22T11:45:00+05:30,5512.000000,5518.550000,5503.200000,5503.200000,1271
2021-06-22T12:00:00+05:30,5503.200000,5513.300000,5503.000000,5511.250000,1158
2021-06-22T12:15:00+05:30,5511.250000,5514.050000,5502.000000,5506.750000,1254
2021-06-22T12:30:00+05:30,5506.750000,5510.100000,5503.050000,5505.600000,783
2021-06-22T12:45:00+05:30,5505.600000,5511.000000,5501.600000,5506.800000,1584
2021-06-22T13:00:00+05:30,5506.800000,5513.750000,5501.500000,5505.050000,1169
2021-06-22T13:15:00+05:30,5505.050000,5508.900000,5498.950000,5498.950000,1353
2021-06-22T13:30:00+05:30,5498.000000,5503.500000,5490.100000,5502.100000,2078
2021-06-22T13:45:00+05:30,5502.100000,5509.000000,5495.750000,5503.100000,1557
2021-06-22T14:00:00+05:30,5503.100000,5507.500000,5500.750000,5505.900000,828
2021-06-22T14:15:00+05:30,5505.900000,5507.500000,5500.000000,5507.350000,462
2021-06-22T14:30:00+05:30,5507.350000,5509.800000,5497.100000,5503.200000,1181
2021-06-22T14:45:00+05:30,5503.200000,5508.950000,5490.000000,5496.400000,1451
2021-06-22T15:00:00+05:30,5496.400000,5500.450000,5470.100000,5499.950000,9166
2021-06-22T15:15:00+05:30,5499.950000,5505.100000,5460.000000,5466.600000,6784
2021-06-23T09:15:00+05:30,5508.300000,5539.950000,5500.300000,5530.000000,6345
2021-06-23T09:30:00+05:30,5530.000000,5530.000000,5511.250000,5521.850000,2010
2021-06-23T09:45:00+05:30,5521.850000,5526.100000,5510.000000,5515.000000,1986
2021-06-23T10:00:00+05:30,5515.000000,5525.900000,5500.400000,5505.750000,1795
2021-06-23T10:15:00+05:30,5505.750000,5517.250000,5480.000000,5510.000000,3006
2021-06-23T10:30:00+05:30,5510.000000,5514.000000,5503.000000,5508.900000,812
2021-06-23T10:45:00+05:30,5508.900000,5511.950000,5498.250000,5508.000000,822
2021-06-23T11:00:00+05:30,5508.000000,5513.500000,5500.000000,5507.650000,930
2021-06-23T11:15:00+05:30,5507.650000,5510.000000,5495.800000,5503.250000,413
2021-06-23T11:30:00+05:30,5503.250000,5510.000000,5500.300000,5509.700000,287
2021-06-23T11:45:00+05:30,5509.700000,5509.700000,5500.250000,5500.250000,503
2021-06-23T12:00:00+05:30,5500.250000,5503.650000,5498.000000,5501.900000,272
2021-06-23T12:15:00+05:30,5501.900000,5505.100000,5498.150000,5502.000000,389
2021-06-23T12:30:00+05:30,5502.750000,5506.900000,5495.750000,5504.000000,378
2021-06-23T12:45:00+05:30,5504.000000,5512.450000,5502.000000,5508.250000,387
2021-06-23T13:00:00+05:30,5508.250000,5529.000000,5500.050000,5519.250000,3028
2021-06-23T13:15:00+05:30,5519.250000,5540.400000,5519.250000,5540.000000,2693
2021-06-23T13:30:00+05:30,5540.000000,5555.000000,5538.000000,5552.900000,4110
2021-06-23T13:45:00+05:30,5552.900000,5560.000000,5545.350000,5558.300000,3242
2021-06-23T14:00:00+05:30,5558.300000,5569.000000,5556.250000,5568.150000,5854
2021-06-23T14:15:00+05:30,5568.150000,5650.000000,5568.150000,5618.850000,33046
2021-06-23T14:30:00+05:30,5618.850000,5636.950000,5580.000000,5588.100000,13463
2021-06-23T14:45:00+05:30,5587.650000,5601.000000,5581.000000,5583.250000,7405
2021-06-23T15:00:00+05:30,5583.250000,5596.050000,5583.250000,5595.050000,4824
2021-06-23T15:15:00+05:30,5597.700000,5599.350000,5571.900000,5585.550000,6683
2021-06-24T09:15:00+05:30,5590.000000,5620.000000,5546.000000,5560.000000,7018
2021-06-24T09:30:00+05:30,5562.700000,5575.000000,5551.050000,5575.000000,2048
2021-06-24T09:45:00+05:30,5574.950000,5580.000000,5562.700000,5568.950000,1470
2021-06-24T10:00:00+05:30,5568.950000,5571.650000,5563.650000,5564.050000,769
2021-06-24T10:15:00+05:30,5564.050000,5568.000000,5555.450000,5560.000000,912
2021-06-24T10:30:00+05:30,5560.000000,5563.150000,5550.000000,5554.700000,1174
2021-06-24T10:45:00+05:30,5550.550000,5554.100000,5542.550000,5548.150000,2048
2021-06-24T11:00:00+05:30,5548.150000,5550.150000,5543.150000,5547.650000,609
2021-06-24T11:15:00+05:30,5547.650000,5550.000000,5545.000000,5550.000000,374
2021-06-24T11:30:00+05:30,5550.000000,5550.200000,5546.050000,5549.950000,921
2021-06-24T11:45:00+05:30,5549.950000,5550.000000,5540.000000,5549.950000,988
2021-06-24T12:00:00+05:30,5549.950000,5550.000000,5539.550000,5549.350000,672
2021-06-24T12:15:00+05:30,5549.350000,5549.350000,5539.000000,5540.000000,644
2021-06-24T12:30:00+05:30,5540.000000,5550.200000,5540.000000,5548.000000,945
2021-06-24T12:45:00+05:30,5548.000000,5550.200000,5542.350000,5544.000000,191
2021-06-24T13:00:00+05:30,5544.000000,5550.150000,5540.350000,5541.000000,554
2021-06-24T13:15:00+05:30,5541.000000,5546.300000,5541.000000,5542.400000,346
2021-06-24T13:30:00+05:30,5542.400000,5547.500000,5540.150000,5543.100000,661
2021-06-24T13:45:00+05:30,5543.100000,5550.200000,5502.200000,5528.900000,3137
2021-06-24T14:00:00+05:30,5520.000000,5530.050000,5519.750000,5525.050000,939
2021-06-24T14:15:00+05:30,5525.050000,5530.300000,5515.200000,5515.200000,779
2021-06-24T14:30:00+05:30,5515.200000,5519.950000,5501.050000,5519.950000,2564
2021-06-24T14:45:00+05:30,5519.950000,5519.950000,5509.100000,5509.100000,1068
2021-06-24T15:00:00+05:30,5512.200000,5525.050000,5503.550000,5515.000000,2149
2021-06-24T15:15:00+05:30,5519.000000,5530.000000,5502.050000,5521.950000,5005
2021-06-25T09:15:00+05:30,5520.000000,5562.700000,5520.000000,5538.000000,3425
2021-06-25T09:30:00+05:30,5538.000000,5542.000000,5508.500000,5520.150000,943
2021-06-25T09:45:00+05:30,5520.150000,5533.000000,5511.100000,5522.100000,1062
2021-06-25T10:00:00+05:30,5522.100000,5541.650000,5510.000000,5525.950000,3218
2021-06-25T10:15:00+05:30,5525.950000,5533.550000,5521.500000,5527.000000,587
2021-06-25T10:30:00+05:30,5529.450000,5552.150000,5525.000000,5546.650000,1840
2021-06-25T10:45:00+05:30,5546.650000,5546.650000,5520.100000,5534.800000,1980
2021-06-25T11:00:00+05:30,5534.800000,5550.000000,5534.200000,5537.000000,919
2021-06-25T11:15:00+05:30,5537.000000,5544.950000,5537.000000,5537.500000,278
2021-06-25T11:30:00+05:30,5537.500000,5543.600000,5535.300000,5542.200000,229
2021-06-25T11:45:00+05:30,5542.200000,5579.900000,5538.000000,5579.900000,2648
2021-06-25T12:00:00+05:30,5581.500000,5608.750000,5580.050000,5592.000000,6391
2021-06-25T12:15:00+05:30,5592.000000,5593.950000,5566.000000,5578.000000,1763
2021-06-25T12:30:00+05:30,5578.000000,5595.900000,5570.000000,5579.450000,1157
2021-06-25T12:45:00+05:30,5579.450000,5587.450000,5579.050000,5583.000000,267
2021-06-25T13:00:00+05:30,5583.000000,5585.000000,5551.000000,5551.000000,1133
2021-06-25T13:15:00+05:30,5551.000000,5574.450000,5544.000000,5571.000000,1576
2021-06-25T13:30:00+05:30,5571.000000,5586.000000,5564.050000,5577.050000,949
2021-06-25T13:45:00+05:30,5577.050000,5588.000000,5570.900000,5584.300000,1327
2021-06-25T14:00:00+05:30,5584.300000,5584.300000,5552.500000,5560.000000,1123
2021-06-25T14:15:00+05:30,5560.000000,5561.100000,5547.250000,5551.500000,562
2021-06-25T14:30:00+05:30,5551.500000,5562.000000,5550.000000,5559.400000,907
2021-06-25T14:45:00+05:30,5559.400000,5559.650000,5536.300000,5542.000000,585
2021-06-25T15:00:00+05:30,5542.000000,5550.000000,5538.050000,5546.000000,1473
2021-06-25T15:15:00+05:30,5546.800000,5569.950000,5535.100000,5537.100000,3594
2021-06-28T09:15:00+05:30,5546.400000,5575.000000,5546.000000,5565.650000,1242
2021-06-28T09:30:00+05:30,5565.650000,5585.950000,5537.600000,5537.600000,1974
2021-06-28T09:45:00+05:30,5537.600000,5585.000000,5535.300000,5580.950000,2990
2021-06-28T10:00:00+05:30,5580.950000,5584.800000,5560.400000,5566.850000,935
2021-06-28T10:15:00+05:30,5566.850000,5621.850000,5555.700000,5599.000000,5186
2021-06-28T10:30:00+05:30,5599.000000,5605.000000,5568.000000,5576.150000,3121
2021-06-28T10:45:00+05:30,5576.150000,5586.700000,5565.100000,5585.000000,1097
2021-06-28T11:00:00+05:30,5585.000000,5589.950000,5567.450000,5573.500000,1144
2021-06-28T11:15:00+05:30,5573.950000,5585.000000,5568.550000,5585.000000,638
2021-06-28T11:30:00+05:30,5585.000000,5595.850000,5576.250000,5581.250000,2464
2021-06-28T11:45:00+05:30,5581.250000,5585.000000,5577.200000,5578.150000,407
2021-06-28T12:00:00+05:30,5578.150000,5580.050000,5571.600000,5574.050000,559
2021-06-28T12:15:00+05:30,5574.050000,5591.100000,5572.600000,5585.450000,1219
2021-06-28T12:30:00+05:30,5585.350000,5600.000000,5583.300000,5585.100000,1977
2021-06-28T12:45:00+05:30,5585.100000,5588.500000,5581.050000,5581.050000,575
2021-06-28T13:00:00+05:30,5583.200000,5590.000000,5580.000000,5587.100000,320
2021-06-28T13:15:00+05:30,5587.100000,5590.500000,5580.450000,5584.500000,343
2021-06-28T13:30:00+05:30,5585.000000,5599.700000,5575.250000,5592.900000,1751
2021-06-28T13:45:00+05:30,5593.050000,5593.050000,5582.150000,5585.000000,888
2021-06-28T14:00:00+05:30,5585.000000,5595.000000,5582.000000,5584.900000,558
2021-06-28T14:15:00+05:30,5584.900000,5589.950000,5580.000000,5586.000000,291
2021-06-28T14:30:00+05:30,5586.000000,5589.700000,5581.100000,5585.000000,682
2021-06-28T14:45:00+05:30,5585.000000,5590.000000,5579.750000,5584.150000,1079
2021-06-28T15:00:00+05:30,5584.150000,5585.050000,5562.500000,5566.450000,1670
2021-06-28T15:15:00+05:30,5563.000000,5593.000000,5563.000000,5582.950000,2961
2021-06-29T09:15:00+05:30,5585.000000,5675.000000,5585.000000,5655.000000,18705
2021-06-29T09:30:00+05:30,5655.000000,5661.850000,5643.750000,5651.000000,7906
2021-06-29T09:45:00+05:30,5651.000000,5653.050000,5622.100000,5643.550000,4861
2021-06-29T10:00:00+05:30,5643.550000,5646.550000,5629.000000,5629.000000,2407
2021-06-29T10:15:00+05:30,5629.000000,5666.900000,5624.200000,5660.000000,6746
2021-06-29T10:30:00+05:30,5660.000000,5716.400000,5657.100000,5699.050000,35147
2021-06-29T10:45:00+05:30,5700.000000,5740.000000,5697.350000,5723.100000,26119
2021-06-29T11:00:00+05:30,5723.100000,5726.500000,5680.550000,5702.100000,11874
2021-06-29T11:15:00+05:30,5702.100000,5714.950000,5689.400000,5710.000000,4855
2021-06-29T11:30:00+05:30,5710.000000,5718.850000,5700.000000,5700.450000,6083
2021-06-29T11:45:00+05:30,5700.450000,5713.000000,5697.950000,5705.950000,3249
2021-06-29T12:00:00+05:30,5705.950000,5716.750000,5695.750000,5712.000000,4753
2021-06-29T12:15:00+05:30,5712.000000,5715.000000,5705.600000,5707.200000,2578
2021-06-29T12:30:00+05:30,5707.700000,5714.950000,5705.600000,5710.000000,2157
2021-06-29T12:45:00+05:30,5710.000000,5716.400000,5708.350000,5710.500000,3260
2021-06-29T13:00:00+05:30,5710.500000,5715.500000,5707.050000,5711.750000,3803
2021-06-29T13:15:00+05:30,5713.500000,5715.200000,5707.000000,5710.000000,3854
2021-06-29T13:30:00+05:30,5710.000000,5714.900000,5706.250000,5710.150000,1952
2021-06-29T13:45:00+05:30,5710.150000,5732.900000,5710.000000,5712.950000,5975
2021-06-29T14:00:00+05:30,5712.950000,5712.950000,5643.350000,5689.000000,12253
2021-06-29T14:15:00+05:30,5689.000000,5694.900000,5679.900000,5688.300000,3371
2021-06-29T14:30:00+05:30,5688.300000,5696.850000,5656.200000,5664.000000,6515
2021-06-29T14:45:00+05:30,5663.950000,5677.450000,5655.000000,5660.050000,3640
2021-06-29T15:00:00+05:30,5660.050000,5663.200000,5635.100000,5648.600000,5583
2021-06-29T15:15:00+05:30,5648.600000,5655.000000,5641.050000,5649.850000,9308
2021-06-30T09:15:00+05:30,5690.000000,5714.850000,5656.000000,5663.400000,5211
2021-06-30T09:30:00+05:30,5658.800000,5697.500000,5656.000000,5677.850000,2092
2021-06-30T09:45:00+05:30,5677.850000,5681.900000,5670.000000,5674.850000,778
2021-06-30T10:00:00+05:30,5674.850000,5680.000000,5670.000000,5673.050000,631
2021-06-30T10:15:00+05:30,5673.050000,5694.500000,5673.050000,5691.700000,1495
2021-06-30T10:30:00+05:30,5691.700000,5707.300000,5681.150000,5700.050000,4533
2021-06-30T10:45:00+05:30,5700.050000,5715.000000,5696.000000,5701.050000,3535
2021-06-30T11:00:00+05:30,5701.050000,5705.800000,5696.000000,5696.000000,1507
2021-06-30T11:15:00+05:30,5696.000000,5697.800000,5683.200000,5684.600000,981
2021-06-30T11:30:00+05:30,5684.600000,5691.550000,5682.600000,5682.600000,627
2021-06-30T11:45:00+05:30,5682.600000,5689.000000,5657.300000,5664.600000,3941
2021-06-30T12:00:00+05:30,5664.600000,5674.200000,5658.850000,5672.850000,1199
2021-06-30T12:15:00+05:30,5672.850000,5688.000000,5671.600000,5688.000000,603
2021-06-30T12:30:00+05:30,5688.000000,5688.000000,5677.100000,5678.000000,592
2021-06-30T12:45:00+05:30,5678.000000,5690.000000,5676.850000,5689.900000,2413
2021-06-30T13:00:00+05:30,5689.900000,5693.450000,5687.350000,5689.500000,289
2021-06-30T13:15:00+05:30,5689.500000,5705.000000,5686.000000,5697.000000,1864
2021-06-30T13:30:00+05:30,5697.000000,5700.000000,5694.650000,5695.000000,979
2021-06-30T13:45:00+05:30,5695.000000,5699.450000,5684.900000,5690.100000,1245
2021-06-30T14:00:00+05:30,5690.100000,5697.200000,5680.000000,5695.000000,2142
2021-06-30T14:15:00+05:30,5695.000000,5695.000000,5681.350000,5682.000000,807
2021-06-30T14:30:00+05:30,5682.000000,5682.000000,5670.000000,5670.000000,1000
2021-06-30T14:45:00+05:30,5670.000000,5683.850000,5670.000000,5674.050000,1117
2021-06-30T15:00:00+05:30,5676.950000,5677.400000,5669.200000,5670.050000,1739
2021-06-30T15:15:00+05:30,5670.100000,5683.950000,5660.000000,5668.000000,3548
2021-07-01T09:15:00+05:30,5674.800000,5674.800000,5609.050000,5659.150000,3367
2021-07-01T09:30:00+05:30,5659.550000,5677.050000,5645.100000,5658.000000,2920
2021-07-01T09:45:00+05:30,5658.000000,5667.000000,5650.000000,5662.000000,1195
2021-07-01T10:00:00+05:30,5662.000000,5789.950000,5655.000000,5760.000000,22946
2021-07-01T10:15:00+05:30,5760.000000,5768.800000,5741.000000,5752.000000,8205
2021-07-01T10:30:00+05:30,5750.000000,5757.000000,5727.750000,5730.050000,5103
2021-07-01T10:45:00+05:30,5730.050000,5782.000000,5730.050000,5774.000000,6546
2021-07-01T11:00:00+05:30,5774.000000,5805.000000,5766.450000,5783.500000,15367
2021-07-01T11:15:00+05:30,5783.500000,5788.150000,5763.000000,5766.200000,5863
2021-07-01T11:30:00+05:30,5766.200000,5766.200000,5735.000000,5745.000000,3986
2021-07-01T11:45:00+05:30,5745.000000,5769.850000,5735.500000,5764.900000,3877
2021-07-01T12:00:00+05:30,5764.900000,5767.650000,5750.500000,5755.750000,2037
2021-07-01T12:15:00+05:30,5755.750000,5760.100000,5733.450000,5750.350000,4227
2021-07-01T12:30:00+05:30,5750.350000,5756.000000,5745.050000,5755.000000,1462
2021-07-01T12:45:00+05:30,5755.000000,5765.100000,5749.000000,5760.000000,1608
2021-07-01T13:00:00+05:30,5760.000000,5769.800000,5755.000000,5760.000000,1985
2021-07-01T13:15:00+05:30,5760.000000,5763.000000,5750.000000,5756.200000,1275
2021-07-01T13:30:00+05:30,5756.200000,5756.200000,5741.000000,5750.000000,993
2021-07-01T13:45:00+05:30,5750.000000,5755.500000,5745.000000,5745.500000,459
2021-07-01T14:00:00+05:30,5745.500000,5787.000000,5743.200000,5780.000000,9174
2021-07-01T14:15:00+05:30,5780.000000,5790.000000,5770.000000,5770.000000,4530
2021-07-01T14:30:00+05:30,5770.000000,5777.450000,5765.000000,5770.000000,2175
2021-07-01T14:45:00+05:30,5770.000000,5770.050000,5755.000000,5763.000000,2030
2021-07-01T15:00:00+05:30,5763.000000,5770.000000,5741.000000,5746.050000,3685
2021-07-01T15:15:00+05:30,5746.050000,5759.550000,5731.050000,5750.000000,4260
2021-07-02T09:15:00+05:30,5754.950000,5772.000000,5727.900000,5769.000000,5341
2021-07-02T09:30:00+05:30,5769.000000,5769.000000,5722.100000,5741.000000,5970
2021-07-02T09:45:00+05:30,5741.000000,5752.000000,5740.100000,5742.050000,1294
2021-07-02T10:00:00+05:30,5742.050000,5743.950000,5725.050000,5738.500000,1491
2021-07-02T10:15:00+05:30,5739.000000,5740.850000,5720.150000,5720.900000,1589
2021-07-02T10:30:00+05:30,5720.900000,5728.700000,5685.700000,5697.900000,3438
2021-07-02T10:45:00+05:30,5694.000000,5709.900000,5686.000000,5699.000000,1470
2021-07-02T11:00:00+05:30,5699.000000,5722.600000,5694.250000,5717.800000,1592
2021-07-02T11:15:00+05:30,5717.800000,5722.250000,5708.550000,5719.850000,1107
2021-07-02T11:30:00+05:30,5719.850000,5743.650000,5712.450000,5741.100000,2152
2021-07-02T11:45:00+05:30,5741.100000,5746.600000,5723.450000,5744.500000,1525
2021-07-02T12:00:00+05:30,5744.500000,5748.800000,5737.000000,5743.000000,782
2021-07-02T12:15:00+05:30,5743.000000,5744.000000,5738.000000,5744.000000,198
2021-07-02T12:30:00+05:30,5744.000000,5757.500000,5742.000000,5757.500000,1091
2021-07-02T12:45:00+05:30,5757.500000,5758.000000,5738.000000,5739.900000,406
2021-07-02T13:00:00+05:30,5739.900000,5743.000000,5728.200000,5731.000000,352
2021-07-02T13:15:00+05:30,5731.000000,5731.100000,5710.000000,5719.850000,714
2021-07-02T13:30:00+05:30,5719.850000,5719.850000,5706.550000,5706.550000,512
2021-07-02T13:45:00+05:30,5706.550000,5713.000000,5706.550000,5706.600000,562
2021-07-02T14:00:00+05:30,5706.600000,5713.100000,5686.000000,5695.550000,1669
2021-07-02T14:15:00+05:30,5695.550000,5711.000000,5694.800000,5705.700000,804
2021-07-02T14:30:00+05:30,5705.700000,5719.650000,5697.100000,5707.400000,820
2021-07-02T14:45:00+05:30,5707.400000,5726.500000,5700.650000,5719.000000,1825
2021-07-02T15:00:00+05:30,5719.000000,5728.000000,5715.600000,5725.600000,1336
2021-07-02T15:15:00+05:30,5725.650000,5735.400000,5705.000000,5720.000000,5013
2021-07-05T09:15:00+05:30,5769.800000,5769.800000,5722.250000,5742.000000,2255
2021-07-05T09:30:00+05:30,5742.000000,5749.900000,5738.900000,5747.200000,979
2021-07-05T09:45:00+05:30,5747.200000,5747.200000,5730.100000,5730.100000,1553
2021-07-05T10:00:00+05:30,5730.100000,5735.400000,5730.000000,5732.050000,535
2021-07-05T10:15:00+05:30,5732.050000,5736.000000,5730.000000,5730.150000,452
2021-07-05T10:30:00+05:30,5730.150000,5733.000000,5730.000000,5732.000000,277
2021-07-05T10:45:00+05:30,5732.000000,5763.000000,5728.900000,5762.950000,3348
2021-07-05T11:00:00+05:30,5762.950000,5775.900000,5734.000000,5739.900000,4903
2021-07-05T11:15:00+05:30,5739.900000,5742.000000,5736.050000,5737.150000,538
2021-07-05T11:30:00+05:30,5737.150000,5739.900000,5733.000000,5733.000000,908
2021-07-05T11:45:00+05:30,5733.000000,5767.550000,5733.000000,5763.000000,3729
2021-07-05T12:00:00+05:30,5763.000000,5767.000000,5741.400000,5750.000000,3858
2021-07-05T12:15:00+05:30,5750.000000,5758.300000,5745.650000,5745.650000,867
2021-07-05T12:30:00+05:30,5745.650000,5754.700000,5745.400000,5745.550000,402
2021-07-05T12:45:00+05:30,5745.550000,5749.650000,5743.150000,5743.450000,86
2021-07-05T13:00:00+05:30,5743.450000,5748.350000,5739.450000,5739.450000,484
2021-07-05T13:15:00+05:30,5739.450000,5744.200000,5731.000000,5737.200000,965
2021-07-05T13:30:00+05:30,5737.450000,5738.100000,5730.000000,5731.000000,294
2021-07-05T13:45:00+05:30,5731.000000,5736.350000,5731.000000,5731.350000,93
2021-07-05T14:00:00+05:30,5731.350000,5734.900000,5721.600000,5722.250000,805
2021-07-05T14:15:00+05:30,5722.250000,5734.450000,5708.300000,5723.100000,1801
2021-07-05T14:30:00+05:30,5724.250000,5727.600000,5713.800000,5716.950000,791
2021-07-05T14:45:00+05:30,5716.950000,5722.000000,5710.500000,5717.000000,618
2021-07-05T15:00:00+05:30,5717.000000,5717.000000,5695.200000,5695.200000,1204
2021-07-05T15:15:00+05:30,5699.300000,5723.000000,5687.900000,5701.000000,5053
2021-07-06T09:15:00+05:30,5700.000000,5730.650000,5683.850000,5691.350000,2095
2021-07-06T09:30:00+05:30,5691.350000,5704.950000,5643.200000,5671.700000,2940
2021-07-06T09:45:00+05:30,5671.700000,5690.550000,5666.950000,5683.850000,1242
2021-07-06T10:00:00+05:30,5683.850000,5684.000000,5668.000000,5676.500000,1845
2021-07-06T10:15:00+05:30,5681.000000,5686.500000,5672.000000,5680.000000,836
2021-07-06T10:30:00+05:30,5682.000000,5685.950000,5675.050000,5677.550000,532
2021-07-06T10:45:00+05:30,5677.550000,5692.100000,5677.550000,5692.100000,869
2021-07-06T11:00:00+05:30,5692.100000,5703.950000,5688.000000,5699.250000,1144
2021-07-06T11:15:00+05:30,5699.250000,5700.750000,5693.800000,5699.500000,294
2021-07-06T11:30:00+05:30,5699.500000,5699.500000,5690.700000,5692.000000,250
2021-07-06T11:45:00+05:30,5692.000000,5698.000000,5683.000000,5687.900000,641
2021-07-06T12:00:00+05:30,5687.900000,5689.950000,5681.050000,5681.050000,264
2021-07-06T12:15:00+05:30,5681.050000,5702.550000,5680.650000,5693.050000,1649
2021-07-06T12:30:00+05:30,5693.050000,5693.050000,5679.250000,5681.100000,1109
2021-07-06T12:45:00+05:30,5686.500000,5696.650000,5684.000000,5685.150000,618
2021-07-06T13:00:00+05:30,5672.000000,5690.000000,5591.600000,5672.300000,11245
2021-07-06T13:15:00+05:30,5672.300000,5672.300000,5642.100000,5654.850000,2499
2021-07-06T13:30:00+05:30,5654.850000,5670.600000,5645.950000,5670.000000,1407
2021-07-06T13:45:00+05:30,5670.000000,5695.000000,5665.450000,5686.750000,2224
2021-07-06T14:00:00+05:30,5686.750000,5687.850000,5680.000000,5685.100000,589
2021-07-06T14:15:00+05:30,5685.100000,5687.300000,5671.100000,5680.000000,1756
2021-07-06T14:30:00+05:30,5680.000000,5685.300000,5680.000000,5680.000000,1385
2021-07-06T14:45:00+05:30,5680.000000,5716.800000,5680.000000,5713.250000,2745
2021-07-06T15:00:00+05:30,5716.000000,5730.000000,5713.250000,5729.050000,4358
2021-07-06T15:15:00+05:30,5729.050000,5729.900000,5720.000000,5720.000000,5305
2021-07-07T09:15:00+05:30,5725.000000,5795.000000,5725.000000,5769.500000,16744
2021-07-07T09:30:00+05:30,5769.500000,5777.300000,5738.000000,5749.100000,6821
2021-07-07T09:45:00+05:30,5749.100000,5754.650000,5731.000000,5753.850000,6233
2021-07-07T10:00:00+05:30,5753.850000,5759.200000,5736.050000,5753.450000,4437
2021-07-07T10:15:00+05:30,5753.450000,5753.850000,5740.000000,5740.950000,709
2021-07-07T10:30:00+05:30,5740.950000,5765.750000,5740.950000,5748.300000,3650
2021-07-07T10:45:00+05:30,5748.300000,5754.450000,5738.000000,5740.000000,897
2021-07-07T11:00:00+05:30,5743.750000,5743.950000,5687.000000,5696.050000,3558
2021-07-07T11:15:00+05:30,5699.800000,5719.400000,5699.800000,5715.000000,1703
2021-07-07T11:30:00+05:30,5715.000000,5720.000000,5714.000000,5718.000000,300
2021-07-07T11:45:00+05:30,5718.000000,5732.000000,5713.000000,5713.000000,1478
2021-07-07T12:00:00+05:30,5713.000000,5728.450000,5713.000000,5718.000000,638
2021-07-07T12:15:00+05:30,5716.050000,5725.800000,5716.050000,5717.000000,284
2021-07-07T12:30:00+05:30,5717.000000,5719.800000,5715.000000,5715.000000,329
2021-07-07T12:45:00+05:30,5715.000000,5719.650000,5715.000000,5717.750000,102
2021-07-07T13:00:00+05:30,5717.750000,5718.000000,5709.250000,5709.250000,392
2021-07-07T13:15:00+05:30,5709.250000,5715.100000,5701.450000,5703.000000,389
2021-07-07T13:30:00+05:30,5703.000000,5703.000000,5691.150000,5692.200000,1754
2021-07-07T13:45:00+05:30,5692.200000,5700.000000,5682.250000,5688.400000,2591
2021-07-07T14:00:00+05:30,5688.400000,5715.000000,5682.500000,5699.800000,4688
2021-07-07T14:15:00+05:30,5699.800000,5700.000000,5693.700000,5700.000000,461
2021-07-07T14:30:00+05:30,5700.000000,5700.000000,5695.550000,5696.400000,851
2021-07-07T14:45:00+05:30,5696.400000,5699.800000,5682.000000,5684.600000,1590
2021-07-07T15:00:00+05:30,5684.750000,5707.750000,5684.750000,5700.000000,11578
2021-07-07T15:15:00+05:30,5700.000000,5725.000000,5689.450000,5712.800000,9812
2021-07-08T09:15:00+05:30,5730.000000,5746.000000,5700.100000,5725.000000,1725
2021-07-08T09:30:00+05:30,5725.000000,5732.950000,5722.800000,5730.000000,274
2021-07-08T09:45:00+05:30,5730.000000,5730.850000,5703.200000,5718.000000,1013
2021-07-08T10:00:00+05:30,5718.000000,5736.200000,5712.100000,5736.200000,1327
2021-07-08T10:15:00+05:30,5736.200000,5738.900000,5718.100000,5720.750000,413
2021-07-08T10:30:00+05:30,5725.400000,5725.400000,5711.000000,5711.300000,1575
2021-07-08T10:45:00+05:30,5711.300000,5714.950000,5707.200000,5707.200000,338
2021-07-08T11:00:00+05:30,5707.200000,5711.950000,5700.050000,5705.800000,538
2021-07-08T11:15:00+05:30,5705.800000,5710.100000,5703.000000,5707.800000,226
2021-07-08T11:30:00+05:30,5707.800000,5707.800000,5700.000000,5704.000000,479
2021-07-08T11:45:00+05:30,5704.000000,5711.800000,5701.000000,5711.800000,995
2021-07-08T12:00:00+05:30,5708.000000,5715.000000,5708.000000,5712.050000,1349
2021-07-08T12:15:00+05:30,5712.050000,5721.300000,5712.050000,5719.550000,1104
2021-07-08T12:30:00+05:30,5719.550000,5722.950000,5715.000000,5718.000000,418
2021-07-08T12:45:00+05:30,5718.000000,5723.000000,5718.000000,5721.000000,329
2021-07-08T13:00:00+05:30,5721.000000,5722.000000,5715.000000,5721.000000,965
2021-07-08T13:15:00+05:30,5721.000000,5723.950000,5713.000000,5720.150000,704
2021-07-08T13:30:00+05:30,5720.150000,5726.000000,5720.000000,5721.100000,434
2021-07-08T13:45:00+05:30,5721.100000,5724.950000,5718.450000,5722.950000,566
2021-07-08T14:00:00+05:30,5722.950000,5723.000000,5705.100000,5720.000000,2850
2021-07-08T14:15:00+05:30,5723.100000,5725.000000,5718.050000,5721.000000,744
2021-07-08T14:30:00+05:30,5721.000000,5722.500000,5718.000000,5720.000000,779
2021-07-08T14:45:00+05:30,5720.000000,5736.350000,5720.000000,5734.500000,2232
2021-07-08T15:00:00+05:30,5734.500000,5745.000000,5730.000000,5740.000000,3597
2021-07-08T15:15:00+05:30,5744.950000,5750.000000,5740.000000,5740.000000,2726
2021-07-09T09:15:00+05:30,5750.000000,5767.950000,5726.250000,5767.000000,3372
2021-07-09T09:30:00+05:30,5767.000000,5785.000000,5748.100000,5754.700000,3435
2021-07-09T09:45:00+05:30,5754.700000,5760.000000,5730.000000,5740.000000,2292
2021-07-09T10:00:00+05:30,5740.000000,5745.000000,5736.000000,5741.250000,668
2021-07-09T10:15:00+05:30,5741.250000,5744.000000,5730.950000,5736.800000,838
2021-07-09T10:30:00+05:30,5736.800000,5737.000000,5726.950000,5735.050000,599
2021-07-09T10:45:00+05:30,5735.050000,5740.400000,5726.250000,5730.550000,1466
2021-07-09T11:00:00+05:30,5730.550000,5734.600000,5725.950000,5732.950000,579
2021-07-09T11:15:00+05:30,5732.950000,5733.400000,5727.350000,5730.350000,243
2021-07-09T11:30:00+05:30,5730.350000,5738.950000,5728.450000,5733.650000,1047
2021-07-09T11:45:00+05:30,5733.650000,5739.350000,5732.750000,5732.750000,290
2021-07-09T12:00:00+05:30,5732.750000,5738.650000,5729.000000,5733.650000,487
2021-07-09T12:15:00+05:30,5733.650000,5745.800000,5733.550000,5745.100000,1290
2021-07-09T12:30:00+05:30,5745.800000,5750.000000,5743.000000,5745.500000,5731
2021-07-09T12:45:00+05:30,5745.650000,5758.000000,5741.100000,5745.800000,16247
2021-07-09T13:00:00+05:30,5745.800000,5774.000000,5745.800000,5774.000000,3188
2021-07-09T13:15:00+05:30,5774.000000,5781.000000,5758.650000,5764.000000,7350
2021-07-09T13:30:00+05:30,5764.000000,5765.400000,5731.350000,5751.150000,1308
2021-07-09T13:45:00+05:30,5751.150000,5754.300000,5733.100000,5744.000000,623
2021-07-09T14:00:00+05:30,5744.000000,5744.000000,5733.000000,5743.650000,599
2021-07-09T14:15:00+05:30,5743.650000,5743.650000,5678.200000,5704.100000,3206
2021-07-09T14:30:00+05:30,5704.100000,5709.800000,5700.400000,5706.200000,576
2021-07-09T14:45:00+05:30,5706.200000,5709.000000,5681.300000,5697.750000,1588
2021-07-09T15:00:00+05:30,5697.750000,5728.200000,5691.500000,5728.200000,2321
2021-07-09T15:15:00+05:30,5725.650000,5732.450000,5707.500000,5717.000000,3237
2021-07-12T09:15:00+05:30,5720.000000,5760.000000,5720.000000,5744.900000,3238
2021-07-12T09:30:00+05:30,5744.900000,5748.050000,5738.850000,5738.850000,358
2021-07-12T09:45:00+05:30,5738.850000,5739.950000,5732.000000,5732.000000,703
2021-07-12T10:00:00+05:30,5737.750000,5737.850000,5713.550000,5736.850000,1162
2021-07-12T10:15:00+05:30,5736.850000,5738.550000,5730.050000,5734.000000,418
2021-07-12T10:30:00+05:30,5734.000000,5735.550000,5725.800000,5728.800000,863
2021-07-12T10:45:00+05:30,5728.800000,5733.700000,5728.000000,5730.100000,389
2021-07-12T11:00:00+05:30,5728.600000,5728.600000,5719.050000,5719.100000,180
2021-07-12T11:15:00+05:30,5719.100000,5722.600000,5710.000000,5711.800000,354
2021-07-12T11:30:00+05:30,5711.800000,5720.950000,5687.900000,5714.000000,1386
2021-07-12T11:45:00+05:30,5714.000000,5718.450000,5706.500000,5706.500000,443
2021-07-12T12:00:00+05:30,5706.500000,5711.650000,5705.350000,5707.550000,141
2021-07-12T12:15:00+05:30,5707.550000,5712.000000,5702.900000,5710.150000,336
2021-07-12T12:30:00+05:30,5710.150000,5740.650000,5710.150000,5729.850000,1509
2021-07-12T12:45:00+05:30,5729.850000,5730.350000,5707.900000,5708.000000,478
2021-07-12T13:00:00+05:30,5708.000000,5714.200000,5695.550000,5695.750000,523
2021-07-12T13:15:00+05:30,5695.750000,5726.950000,5690.350000,5723.650000,1380
2021-07-12T13:30:00+05:30,5723.650000,5730.000000,5715.100000,5730.000000,849
2021-07-12T13:45:00+05:30,5730.000000,5730.000000,5715.750000,5720.400000,364
2021-07-12T14:00:00+05:30,5720.400000,5722.850000,5710.700000,5715.000000,260
2021-07-12T14:15:00+05:30,5715.000000,5715.000000,5702.150000,5706.750000,214
2021-07-12T14:30:00+05:30,5706.750000,5729.450000,5702.600000,5724.000000,1217
2021-07-12T14:45:00+05:30,5724.000000,5731.100000,5718.600000,5729.000000,963
2021-07-12T15:00:00+05:30,5729.000000,5752.450000,5712.350000,5745.950000,3925
2021-07-12T15:15:00+05:30,5745.950000,5760.600000,5722.550000,5759.950000,14651
2021-07-13T09:15:00+05:30,5774.950000,5774.950000,5689.100000,5715.050000,8264
2021-07-13T09:30:00+05:30,5715.050000,5741.000000,5705.000000,5737.950000,1976
2021-07-13T09:45:00+05:30,5737.950000,5741.000000,5720.300000,5730.900000,1017
2021-07-13T10:00:00+05:30,5730.900000,5735.000000,5722.100000,5731.000000,598
2021-07-13T10:15:00+05:30,5731.000000,5734.000000,5721.200000,5721.200000,250
2021-07-13T10:30:00+05:30,5721.200000,5736.000000,5721.100000,5736.000000,705
2021-07-13T10:45:00+05:30,5736.000000,5738.950000,5730.500000,5734.000000,460
2021-07-13T11:00:00+05:30,5734.000000,5734.950000,5730.000000,5733.800000,485
2021-07-13T11:15:00+05:30,5733.800000,5741.000000,5731.850000,5734.850000,814
2021-07-13T11:30:00+05:30,5734.850000,5747.850000,5734.850000,5745.000000,1086
2021-07-13T11:45:00+05:30,5745.000000,5750.000000,5743.550000,5750.000000,586
2021-07-13T12:00:00+05:30,5750.000000,5750.000000,5745.000000,5745.900000,150
2021-07-13T12:15:00+05:30,5745.900000,5750.000000,5743.000000,5748.950000,395
2021-07-13T12:30:00+05:30,5748.000000,5748.450000,5739.500000,5740.250000,7574
2021-07-13T12:45:00+05:30,5740.250000,5743.150000,5735.000000,5742.400000,157
2021-07-13T13:00:00+05:30,5742.400000,5744.850000,5737.750000,5740.900000,254
2021-07-13T13:15:00+05:30,5740.900000,5744.200000,5732.700000,5735.500000,218
2021-07-13T13:30:00+05:30,5735.500000,5743.000000,5734.550000,5743.000000,384
2021-07-13T13:45:00+05:30,5743.000000,5745.000000,5731.550000,5743.000000,883
2021-07-13T14:00:00+05:30,5743.000000,5745.850000,5743.000000,5745.600000,229
2021-07-13T14:15:00+05:30,5745.600000,5745.600000,5743.000000,5743.000000,216
2021-07-13T14:30:00+05:30,5743.000000,5745.000000,5743.000000,5743.000000,800
2021-07-13T14:45:00+05:30,5743.000000,5745.000000,5743.000000,5745.000000,1221
2021-07-13T15:00:00+05:30,5745.000000,5745.000000,5741.950000,5745.000000,1244
2021-07-13T15:15:00+05:30,5744.950000,5744.950000,5721.100000,5736.000000,1846
2021-07-14T09:15:00+05:30,5738.000000,5739.900000,5710.000000,5727.000000,1242
2021-07-14T09:30:00+05:30,5727.000000,5747.000000,5718.000000,5739.200000,1572
2021-07-14T09:45:00+05:30,5739.200000,5739.200000,5717.900000,5727.500000,586
2021-07-14T10:00:00+05:30,5727.500000,5728.950000,5718.200000,5720.000000,688
2021-07-14T10:15:00+05:30,5720.000000,5735.200000,5717.000000,5731.200000,490
2021-07-14T10:30:00+05:30,5731.200000,5731.200000,5721.150000,5721.300000,221
2021-07-14T10:45:00+05:30,5721.300000,5730.200000,5707.000000,5726.100000,1270
2021-07-14T11:00:00+05:30,5726.100000,5726.100000,5713.000000,5718.650000,435
2021-07-14T11:15:00+05:30,5718.650000,5740.000000,5713.550000,5726.850000,742
2021-07-14T11:30:00+05:30,5726.850000,5727.000000,5711.000000,5717.550000,440
2021-07-14T11:45:00+05:30,5717.550000,5732.450000,5716.450000,5730.000000,637
2021-07-14T12:00:00+05:30,5730.000000,5733.050000,5730.000000,5732.000000,555
2021-07-14T12:15:00+05:30,5732.000000,5737.200000,5730.000000,5737.200000,531
2021-07-14T12:30:00+05:30,5737.200000,5737.200000,5730.000000,5730.950000,551
2021-07-14T12:45:00+05:30,5730.950000,5741.850000,5730.000000,5741.850000,319
2021-07-14T13:00:00+05:30,5741.800000,5742.000000,5732.850000,5735.000000,428
2021-07-14T13:15:00+05:30,5735.000000,5754.000000,5730.000000,5735.350000,6568
2021-07-14T13:30:00+05:30,5735.350000,5739.850000,5728.000000,5736.950000,2014
2021-07-14T13:45:00+05:30,5736.950000,5740.750000,5730.050000,5730.050000,581
2021-07-14T14:00:00+05:30,5730.050000,5737.600000,5729.000000,5730.200000,316
2021-07-14T14:15:00+05:30,5730.200000,5734.950000,5730.000000,5734.950000,256
2021-07-14T14:30:00+05:30,5734.950000,5737.750000,5730.000000,5735.000000,228
2021-07-14T14:45:00+05:30,5735.000000,5743.650000,5733.750000,5737.000000,1316
2021-07-14T15:00:00+05:30,5740.750000,5775.000000,5737.000000,5755.800000,4577
2021-07-14T15:15:00+05:30,5767.500000,5774.950000,5731.100000,5747.100000,8410
2021-07-15T09:15:00+05:30,5769.950000,5769.950000,5711.200000,5750.000000,3833
2021-07-15T09:30:00+05:30,5750.000000,5761.000000,5746.850000,5748.150000,3305
2021-07-15T09:45:00+05:30,5748.450000,5753.200000,5748.000000,5751.200000,352
2021-07-15T10:00:00+05:30,5751.200000,5751.200000,5730.000000,5730.000000,1292
2021-07-15T10:15:00+05:30,5730.000000,5737.700000,5716.000000,5723.300000,1314
2021-07-15T10:30:00+05:30,5723.300000,5730.600000,5703.000000,5714.000000,2342
2021-07-15T10:45:00+05:30,5714.000000,5715.300000,5686.000000,5693.700000,3969
2021-07-15T11:00:00+05:30,5698.850000,5698.850000,5690.200000,5695.600000,328
2021-07-15T11:15:00+05:30,5695.600000,5696.250000,5680.100000,5691.950000,1473
2021-07-15T11:30:00+05:30,5691.950000,5696.250000,5687.550000,5694.350000,561
2021-07-15T11:45:00+05:30,5694.350000,5695.200000,5685.100000,5691.800000,226
2021-07-15T12:00:00+05:30,5691.750000,5708.000000,5685.100000,5707.100000,5766
2021-07-15T12:15:00+05:30,5707.100000,5718.700000,5703.100000,5709.000000,11289
2021-07-15T12:30:00+05:30,5709.000000,5720.950000,5701.000000,5720.500000,4365
2021-07-15T12:45:00+05:30,5720.500000,5734.000000,5709.550000,5729.150000,2467
2021-07-15T13:00:00+05:30,5729.150000,5729.150000,5701.000000,5720.350000,2270
2021-07-15T13:15:00+05:30,5720.000000,5724.950000,5689.300000,5698.450000,2222
2021-07-15T13:30:00+05:30,5698.450000,5705.650000,5692.000000,5700.000000,11005
2021-07-15T13:45:00+05:30,5700.000000,5700.000000,5692.000000,5695.400000,1942
2021-07-15T14:00:00+05:30,5695.400000,5738.800000,5675.000000,5675.100000,8727
2021-07-15T14:15:00+05:30,5675.050000,5689.900000,5656.000000,5672.600000,3661
2021-07-15T14:30:00+05:30,5672.600000,5685.000000,5671.700000,5681.400000,593
2021-07-15T14:45:00+05:30,5681.400000,5689.300000,5675.050000,5681.050000,1283
2021-07-15T15:00:00+05:30,5681.050000,5684.800000,5645.000000,5651.600000,5154
2021-07-15T15:15:00+05:30,5655.700000,5663.450000,5641.000000,5658.000000,5175
2021-07-16T09:15:00+05:30,5670.000000,5698.450000,5660.250000,5689.200000,3357
2021-07-16T09:30:00+05:30,5689.200000,5709.000000,5675.250000,5709.000000,1401
2021-07-16T09:45:00+05:30,5709.000000,5710.000000,5643.150000,5678.200000,5018
2021-07-16T10:00:00+05:30,5678.200000,5683.350000,5657.600000,5665.000000,1203
2021-07-16T10:15:00+05:30,5665.000000,5689.950000,5662.650000,5686.450000,403
2021-07-16T10:30:00+05:30,5686.450000,5690.000000,5671.100000,5675.350000,396
2021-07-16T10:45:00+05:30,5675.350000,5680.000000,5670.350000,5675.700000,113
2021-07-16T11:00:00+05:30,5675.700000,5687.750000,5675.000000,5686.450000,455
2021-07-16T11:15:00+05:30,5686.450000,5686.500000,5681.350000,5685.000000,257
2021-07-16T11:30:00+05:30,5685.000000,5685.000000,5681.000000,5681.200000,374
2021-07-16T11:45:00+05:30,5680.400000,5684.000000,5680.400000,5683.000000,272
2021-07-16T12:00:00+05:30,5683.000000,5683.850000,5680.300000,5683.850000,264
2021-07-16T12:15:00+05:30,5683.850000,5686.750000,5670.000000,5677.100000,1393
2021-07-16T12:30:00+05:30,5677.100000,5686.300000,5667.400000,5671.550000,1704
2021-07-16T12:45:00+05:30,5671.550000,5685.000000,5660.000000,5685.000000,980
2021-07-16T13:00:00+05:30,5685.000000,5685.000000,5660.050000,5661.000000,876
2021-07-16T13:15:00+05:30,5661.000000,5668.800000,5660.000000,5660.450000,253
2021-07-16T13:30:00+05:30,5660.450000,5669.000000,5632.700000,5664.050000,6815
2021-07-16T13:45:00+05:30,5664.050000,5667.900000,5648.400000,5660.000000,2001
2021-07-16T14:00:00+05:30,5660.000000,5678.450000,5660.000000,5665.250000,1967
2021-07-16T14:15:00+05:30,5665.250000,5670.450000,5665.000000,5669.950000,372
2021-07-16T14:30:00+05:30,5669.950000,5671.100000,5663.600000,5671.100000,299
2021-07-16T14:45:00+05:30,5671.100000,5677.100000,5660.000000,5667.350000,1907
2021-07-16T15:00:00+05:30,5671.000000,5687.000000,5664.700000,5672.450000,2728
2021-07-16T15:15:00+05:30,5672.450000,5675.050000,5663.150000,5670.000000,5811
2021-07-19T09:15:00+05:30,5677.000000,5698.800000,5633.150000,5674.500000,5652
2021-07-19T09:30:00+05:30,5674.500000,5685.350000,5650.400000,5655.950000,752
2021-07-19T09:45:00+05:30,5655.950000,5690.000000,5655.950000,5675.850000,1986
2021-07-19T10:00:00+05:30,5673.350000,5673.350000,5662.000000,5666.350000,376
2021-07-19T10:15:00+05:30,5666.350000,5672.800000,5662.850000,5668.950000,165
2021-07-19T10:30:00+05:30,5668.950000,5670.000000,5661.100000,5668.750000,371
2021-07-19T10:45:00+05:30,5668.750000,5670.000000,5660.050000,5666.500000,339
2021-07-19T11:00:00+05:30,5666.500000,5666.500000,5660.000000,5664.900000,347
2021-07-19T11:15:00+05:30,5664.900000,5670.000000,5660.000000,5664.950000,1545
2021-07-19T11:30:00+05:30,5664.950000,5664.950000,5652.000000,5653.600000,364
2021-07-19T11:45:00+05:30,5653.600000,5661.500000,5652.050000,5658.900000,202
2021-07-19T12:00:00+05:30,5659.450000,5659.500000,5651.000000,5654.000000,556
2021-07-19T12:15:00+05:30,5654.000000,5671.000000,5644.000000,5663.200000,8940
2021-07-19T12:30:00+05:30,5663.200000,5669.700000,5660.000000,5665.000000,155
2021-07-19T12:45:00+05:30,5665.000000,5672.000000,5662.000000,5662.000000,3488
2021-07-19T13:00:00+05:30,5662.000000,5673.500000,5662.000000,5667.100000,582
2021-07-19T13:15:00+05:30,5667.100000,5672.400000,5666.800000,5666.850000,6248
2021-07-19T13:30:00+05:30,5669.950000,5674.550000,5662.950000,5665.050000,1287
2021-07-19T13:45:00+05:30,5665.050000,5672.350000,5665.000000,5670.000000,1733
2021-07-19T14:00:00+05:30,5666.050000,5672.000000,5665.050000,5665.050000,1688
2021-07-19T14:15:00+05:30,5665.050000,5673.550000,5665.000000,5670.000000,1717
2021-07-19T14:30:00+05:30,5670.000000,5672.450000,5662.750000,5666.200000,2044
2021-07-19T14:45:00+05:30,5666.200000,5668.200000,5658.050000,5660.000000,288
2021-07-19T15:00:00+05:30,5660.000000,5670.000000,5656.000000,5660.000000,1138
2021-07-19T15:15:00+05:30,5660.000000,5663.500000,5629.750000,5638.900000,2692
2021-07-20T09:15:00+05:30,5653.000000,5669.200000,5618.950000,5633.900000,2800
2021-07-20T09:30:00+05:30,5633.900000,5636.650000,5625.050000,5629.900000,537
2021-07-20T09:45:00+05:30,5629.900000,5635.000000,5626.200000,5629.250000,760
2021-07-20T10:00:00+05:30,5634.950000,5635.000000,5626.800000,5633.800000,291
2021-07-20T10:15:00+05:30,5633.800000,5635.950000,5602.300000,5614.000000,1082
2021-07-20T10:30:00+05:30,5614.950000,5624.000000,5587.000000,5593.900000,1356
2021-07-20T10:45:00+05:30,5593.900000,5597.250000,5580.000000,5597.250000,1352
2021-07-20T11:00:00+05:30,5590.600000,5594.300000,5558.550000,5560.850000,1418
2021-07-20T11:15:00+05:30,5560.850000,5595.700000,5560.600000,5564.850000,1196
2021-07-20T11:30:00+05:30,5564.850000,5577.400000,5564.850000,5576.450000,274
2021-07-20T11:45:00+05:30,5576.450000,5581.050000,5572.000000,5578.050000,900
2021-07-20T12:00:00+05:30,5578.050000,5583.450000,5545.050000,5554.200000,4252
2021-07-20T12:15:00+05:30,5556.800000,5569.900000,5544.050000,5569.850000,941
2021-07-20T12:30:00+05:30,5569.900000,5582.450000,5563.050000,5580.000000,452
2021-07-20T12:45:00+05:30,5580.000000,5586.200000,5573.900000,5577.500000,826
2021-07-20T13:00:00+05:30,5577.500000,5577.500000,5566.150000,5570.000000,381
2021-07-20T13:15:00+05:30,5570.000000,5570.000000,5562.400000,5569.500000,353
2021-07-20T13:30:00+05:30,5569.500000,5570.000000,5565.050000,5570.000000,3333
2021-07-20T13:45:00+05:30,5570.000000,5576.700000,5569.250000,5570.050000,1790
2021-07-20T14:00:00+05:30,5570.050000,5575.900000,5569.100000,5570.450000,1166
2021-07-20T14:15:00+05:30,5570.450000,5575.250000,5569.100000,5570.050000,1552
2021-07-20T14:30:00+05:30,5570.050000,5575.200000,5540.450000,5551.600000,17214
2021-07-20T14:45:00+05:30,5551.600000,5570.000000,5545.400000,5569.950000,5237
2021-07-20T15:00:00+05:30,5569.950000,5570.000000,5560.400000,5563.450000,871
2021-07-20T15:15:00+05:30,5563.450000,5568.350000,5550.000000,5553.100000,2718
2021-07-22T09:15:00+05:30,5565.000000,5588.700000,5506.850000,5528.750000,2849
2021-07-22T09:30:00+05:30,5528.750000,5570.000000,5521.800000,5568.450000,1330
2021-07-22T09:45:00+05:30,5568.450000,5569.700000,5534.050000,5535.000000,1213
2021-07-22T10:00:00+05:30,5532.000000,5554.700000,5505.750000,5553.900000,2849
2021-07-22T10:15:00+05:30,5553.900000,5594.300000,5545.000000,5591.300000,3843
2021-07-22T10:30:00+05:30,5591.300000,5599.900000,5587.000000,5592.850000,2183
2021-07-22T10:45:00+05:30,5592.850000,5597.850000,5580.000000,5590.000000,1264
2021-07-22T11:00:00+05:30,5590.000000,5594.950000,5584.200000,5587.850000,791
2021-07-22T11:15:00+05:30,5587.850000,5596.300000,5584.950000,5595.950000,716
2021-07-22T11:30:00+05:30,5595.950000,5600.050000,5590.650000,5598.750000,499
2021-07-22T11:45:00+05:30,5598.750000,5650.800000,5592.400000,5650.000000,2638
2021-07-22T12:00:00+05:30,5650.000000,5650.000000,5611.050000,5616.800000,1810
2021-07-22T12:15:00+05:30,5616.800000,5623.750000,5587.000000,5595.000000,3569
2021-07-22T12:30:00+05:30,5595.000000,5601.000000,5560.000000,5586.950000,2136
2021-07-22T12:45:00+05:30,5586.950000,5598.200000,5585.250000,5594.550000,416
2021-07-22T13:00:00+05:30,5594.550000,5604.950000,5590.800000,5600.100000,16856
2021-07-22T13:15:00+05:30,5600.100000,5608.000000,5600.000000,5600.700000,747
2021-07-22T13:30:00+05:30,5600.700000,5611.700000,5600.700000,5601.000000,260
2021-07-22T13:45:00+05:30,5601.000000,5607.950000,5600.000000,5604.600000,168
2021-07-22T14:00:00+05:30,5604.600000,5606.950000,5600.000000,5600.050000,299
2021-07-22T14:15:00+05:30,5600.050000,5603.900000,5600.000000,5600.000000,888
2021-07-22T14:30:00+05:30,5603.650000,5607.400000,5600.000000,5600.650000,667
2021-07-22T14:45:00+05:30,5600.650000,5614.450000,5600.000000,5601.450000,881
2021-07-22T15:00:00+05:30,5601.450000,5605.450000,5590.650000,5605.450000,1298
2021-07-22T15:15:00+05:30,5605.450000,5625.000000,5602.000000,5605.050000,3529
2021-07-23T09:15:00+05:30,5610.000000,5637.600000,5561.200000,5597.550000,2806
2021-07-23T09:30:00+05:30,5597.550000,5610.000000,5580.000000,5606.100000,3038
2021-07-23T09:45:00+05:30,5606.100000,5636.000000,5605.000000,5632.050000,1829
2021-07-23T10:00:00+05:30,5640.000000,5644.200000,5631.750000,5636.150000,1426
2021-07-23T10:15:00+05:30,5636.150000,5649.200000,5625.000000,5632.050000,2873
2021-07-23T10:30:00+05:30,5632.050000,5632.800000,5607.000000,5609.400000,449
2021-07-23T10:45:00+05:30,5609.400000,5612.900000,5600.000000,5610.000000,326
2021-07-23T11:00:00+05:30,5610.000000,5613.000000,5605.000000,5605.200000,216
2021-07-23T11:15:00+05:30,5605.200000,5617.750000,5605.000000,5612.800000,190
2021-07-23T11:30:00+05:30,5612.800000,5612.800000,5586.200000,5587.800000,618
2021-07-23T11:45:00+05:30,5587.800000,5592.300000,5563.150000,5588.850000,1181
2021-07-23T12:00:00+05:30,5584.000000,5593.850000,5580.400000,5588.350000,654
2021-07-23T12:15:00+05:30,5592.800000,5616.900000,5592.800000,5615.150000,794
2021-07-23T12:30:00+05:30,5610.050000,5618.000000,5610.000000,5615.050000,311
2021-07-23T12:45:00+05:30,5615.050000,5625.000000,5607.850000,5614.950000,8553
2021-07-23T13:00:00+05:30,5614.950000,5624.950000,5605.050000,5624.750000,7730
2021-07-23T13:15:00+05:30,5624.750000,5632.850000,5624.750000,5631.650000,7952
2021-07-23T13:30:00+05:30,5631.650000,5638.000000,5626.700000,5632.300000,491
2021-07-23T13:45:00+05:30,5632.300000,5650.200000,5625.000000,5625.500000,6516
2021-07-23T14:00:00+05:30,5625.500000,5642.000000,5625.500000,5638.750000,1985
2021-07-23T14:15:00+05:30,5638.750000,5647.400000,5634.000000,5640.150000,1276
2021-07-23T14:30:00+05:30,5640.150000,5644.100000,5620.000000,5620.000000,1117
2021-07-23T14:45:00+05:30,5620.000000,5633.100000,5615.600000,5628.750000,552
2021-07-23T15:00:00+05:30,5628.750000,5647.150000,5618.350000,5618.350000,2730
2021-07-23T15:15:00+05:30,5618.300000,5635.450000,5601.000000,5601.000000,2586
2021-07-26T09:15:00+05:30,5591.000000,5625.350000,5591.000000,5609.350000,1491
2021-07-26T09:30:00+05:30,5609.350000,5682.950000,5602.800000,5655.100000,4823
2021-07-26T09:45:00+05:30,5655.100000,5661.950000,5628.800000,5648.850000,1096
2021-07-26T10:00:00+05:30,5648.850000,5654.000000,5632.300000,5638.800000,619
2021-07-26T10:15:00+05:30,5638.800000,5646.600000,5630.050000,5637.950000,1176
2021-07-26T10:30:00+05:30,5637.950000,5641.500000,5633.000000,5640.400000,137
2021-07-26T10:45:00+05:30,5640.400000,5640.450000,5630.000000,5631.550000,565
2021-07-26T11:00:00+05:30,5631.550000,5638.350000,5624.500000,5629.900000,650
2021-07-26T11:15:00+05:30,5629.900000,5629.900000,5619.750000,5623.000000,1110
2021-07-26T11:30:00+05:30,5623.000000,5630.050000,5619.650000,5623.850000,1053
2021-07-26T11:45:00+05:30,5623.850000,5627.800000,5580.000000,5599.000000,2167
2021-07-26T12:00:00+05:30,5599.000000,5630.000000,5595.150000,5629.550000,7587
2021-07-26T12:15:00+05:30,5629.550000,5629.550000,5614.550000,5625.000000,1330
2021-07-26T12:30:00+05:30,5625.000000,5626.900000,5622.100000,5625.000000,917
2021-07-26T12:45:00+05:30,5625.000000,5630.000000,5624.250000,5627.000000,702
2021-07-26T13:00:00+05:30,5627.000000,5645.500000,5625.300000,5639.550000,2887
2021-07-26T13:15:00+05:30,5639.550000,5675.000000,5639.550000,5674.550000,4970
2021-07-26T13:30:00+05:30,5674.550000,5680.000000,5669.000000,5670.050000,3351
2021-07-26T13:45:00+05:30,5674.350000,5676.000000,5669.300000,5676.000000,1372
2021-07-26T14:00:00+05:30,5676.000000,5676.250000,5670.000000,5674.000000,627
2021-07-26T14:15:00+05:30,5670.000000,5678.450000,5670.000000,5676.750000,1434
2021-07-26T14:30:00+05:30,5676.600000,5677.000000,5671.000000,5673.100000,1142
2021-07-26T14:45:00+05:30,5673.100000,5676.700000,5670.000000,5673.500000,920
2021-07-26T15:00:00+05:30,5673.500000,5675.850000,5669.150000,5674.400000,1631
2021-07-26T15:15:00+05:30,5674.400000,5677.000000,5670.000000,5670.000000,2629
2021-07-27T09:15:00+05:30,5682.250000,6011.850000,5672.150000,5957.350000,94705
2021-07-27T09:30:00+05:30,5957.300000,6104.000000,5957.200000,6075.300000,123405
2021-07-27T09:45:00+05:30,6080.000000,6083.750000,6005.200000,6012.500000,58448
2021-07-27T10:00:00+05:30,6007.300000,6047.850000,5978.850000,6028.800000,50185
2021-07-27T10:15:00+05:30,6027.000000,6028.800000,5958.350000,5974.600000,28927
2021-07-27T10:30:00+05:30,5968.000000,6010.000000,5966.050000,6008.750000,16317
2021-07-27T10:45:00+05:30,6009.050000,6013.350000,5985.000000,5993.050000,7333
2021-07-27T11:00:00+05:30,5993.050000,6012.150000,5993.050000,6007.100000,6787
2021-07-27T11:15:00+05:30,6010.000000,6029.500000,5989.000000,5989.000000,15179
2021-07-27T11:30:00+05:30,5989.000000,5995.450000,5960.000000,5994.000000,12234
2021-07-27T11:45:00+05:30,5994.000000,5996.200000,5963.200000,5973.000000,8662
2021-07-27T12:00:00+05:30,5973.000000,5973.000000,5925.000000,5961.500000,23048
2021-07-27T12:15:00+05:30,5959.100000,5960.750000,5887.200000,5908.550000,21834
2021-07-27T12:30:00+05:30,5908.550000,5923.850000,5885.000000,5899.650000,10212
2021-07-27T12:45:00+05:30,5899.650000,5969.000000,5890.300000,5941.250000,18989
2021-07-27T13:00:00+05:30,5941.250000,5958.400000,5893.000000,5900.500000,17124
2021-07-27T13:15:00+05:30,5905.950000,5924.750000,5895.400000,5915.000000,7022
2021-07-27T13:30:00+05:30,5915.000000,5931.700000,5912.250000,5913.350000,5963
2021-07-27T13:45:00+05:30,5917.900000,5924.750000,5902.350000,5921.900000,4444
2021-07-27T14:00:00+05:30,5921.900000,5951.000000,5895.600000,5917.400000,13569
2021-07-27T14:15:00+05:30,5917.400000,5939.900000,5900.100000,5909.000000,7437
2021-07-27T14:30:00+05:30,5904.150000,5921.950000,5895.700000,5907.450000,8238
2021-07-27T14:45:00+05:30,5905.000000,5994.100000,5905.000000,5954.900000,30659
2021-07-27T15:00:00+05:30,5954.950000,6027.900000,5954.850000,5985.000000,35262
2021-07-27T15:15:00+05:30,5989.950000,6029.500000,5982.750000,6029.500000,48629
2021-07-28T09:15:00+05:30,6060.000000,6101.850000,5983.050000,5987.150000,28421
2021-07-28T09:30:00+05:30,5984.500000,5991.950000,5915.000000,5935.000000,14954
2021-07-28T09:45:00+05:30,5939.650000,6048.800000,5924.700000,6015.000000,15562
2021-07-28T10:00:00+05:30,6015.000000,6058.150000,5958.050000,5992.500000,15278
2021-07-28T10:15:00+05:30,5992.500000,6030.000000,5981.300000,5994.000000,5576
2021-07-28T10:30:00+05:30,5991.100000,5998.000000,5941.950000,5955.000000,9340
2021-07-28T10:45:00+05:30,5955.000000,5970.000000,5945.000000,5950.000000,3590
2021-07-28T11:00:00+05:30,5950.000000,5954.550000,5931.500000,5938.500000,2924
2021-07-28T11:15:00+05:30,5938.500000,5963.150000,5922.250000,5961.900000,5238
2021-07-28T11:30:00+05:30,5961.900000,5975.000000,5924.950000,5937.950000,4519
2021-07-28T11:45:00+05:30,5937.950000,5946.200000,5922.250000,5944.000000,4048
2021-07-28T12:00:00+05:30,5944.000000,5961.000000,5933.350000,5952.000000,2206
2021-07-28T12:15:00+05:30,5952.000000,5955.250000,5940.000000,5948.700000,1734
2021-07-28T12:30:00+05:30,5948.700000,5966.800000,5940.000000,5961.500000,2386
2021-07-28T12:45:00+05:30,5961.550000,5961.550000,5943.400000,5945.550000,2051
2021-07-28T13:00:00+05:30,5953.400000,5953.800000,5925.050000,5930.600000,3760
2021-07-28T13:15:00+05:30,5930.600000,5960.000000,5922.300000,5960.000000,5483
2021-07-28T13:30:00+05:30,5959.650000,5975.000000,5943.400000,5946.100000,6766
2021-07-28T13:45:00+05:30,5954.050000,5957.950000,5943.250000,5946.400000,1756
2021-07-28T14:00:00+05:30,5946.400000,6085.450000,5932.250000,6028.850000,18162
2021-07-28T14:15:00+05:30,6032.600000,6059.850000,5850.100000,5897.050000,209719
2021-07-28T14:30:00+05:30,5897.050000,5959.950000,5876.250000,5910.150000,30521
2021-07-28T14:45:00+05:30,5910.650000,5944.450000,5902.600000,5924.350000,17152
2021-07-28T15:00:00+05:30,5930.000000,6096.900000,5923.400000,6081.900000,43248
2021-07-28T15:15:00+05:30,6075.050000,6080.550000,5965.000000,5982.000000,28361
2021-07-29T09:15:00+05:30,6024.850000,6068.150000,5927.400000,5970.000000,20268
2021-07-29T09:30:00+05:30,5970.000000,5989.250000,5930.000000,5936.850000,10084
2021-07-29T09:45:00+05:30,5936.000000,5963.000000,5926.200000,5952.100000,5969
2021-07-29T10:00:00+05:30,5952.050000,5954.750000,5930.000000,5942.200000,2548
2021-07-29T10:15:00+05:30,5942.200000,5954.850000,5918.600000,5922.000000,6113
2021-07-29T10:30:00+05:30,5922.000000,5993.100000,5922.000000,5965.000000,9023
2021-07-29T10:45:00+05:30,5965.000000,5965.000000,5940.000000,5950.000000,1496
2021-07-29T11:00:00+05:30,5950.000000,5960.700000,5928.000000,5928.000000,2195
2021-07-29T11:15:00+05:30,5928.000000,5937.250000,5921.000000,5927.700000,2553
2021-07-29T11:30:00+05:30,5927.700000,5927.700000,5880.000000,5900.000000,6995
2021-07-29T11:45:00+05:30,5900.000000,5921.950000,5896.050000,5919.800000,1693
2021-07-29T12:00:00+05:30,5919.800000,5943.000000,5915.150000,5934.950000,1963
2021-07-29T12:15:00+05:30,5934.950000,5934.950000,5912.450000,5919.900000,736
2021-07-29T12:30:00+05:30,5919.900000,5935.000000,5913.100000,5926.100000,1247
2021-07-29T12:45:00+05:30,5922.400000,5935.000000,5917.050000,5925.350000,1445
2021-07-29T13:00:00+05:30,5925.350000,5929.650000,5907.000000,5908.800000,1475
2021-07-29T13:15:00+05:30,5908.800000,5915.000000,5891.050000,5896.100000,2380
2021-07-29T13:30:00+05:30,5900.000000,5908.600000,5875.100000,5889.700000,4126
2021-07-29T13:45:00+05:30,5889.700000,5894.700000,5871.000000,5880.000000,3308
2021-07-29T14:00:00+05:30,5880.000000,5907.000000,5880.000000,5899.900000,2421
2021-07-29T14:15:00+05:30,5899.900000,5903.650000,5881.000000,5885.250000,1571
2021-07-29T14:30:00+05:30,5885.250000,5895.000000,5868.050000,5879.450000,3507
2021-07-29T14:45:00+05:30,5879.450000,5895.000000,5852.600000,5860.300000,4572
2021-07-29T15:00:00+05:30,5860.300000,5879.000000,5845.000000,5856.150000,7799
2021-07-29T15:15:00+05:30,5863.500000,5865.000000,5805.100000,5851.000000,12756
2021-07-30T09:15:00+05:30,5835.000000,5896.900000,5835.000000,5855.000000,7495
2021-07-30T09:30:00+05:30,5855.000000,5909.950000,5855.000000,5880.050000,3588
2021-07-30T09:45:00+05:30,5880.050000,5882.150000,5821.500000,5837.050000,7587
2021-07-30T10:00:00+05:30,5837.050000,5866.550000,5819.100000,5855.000000,3598
2021-07-30T10:15:00+05:30,5850.000000,5854.050000,5827.650000,5845.000000,1502
2021-07-30T10:30:00+05:30,5845.000000,5857.850000,5806.100000,5821.350000,4662
2021-07-30T10:45:00+05:30,5817.150000,5825.750000,5780.450000,5796.700000,4159
2021-07-30T11:00:00+05:30,5803.600000,5811.750000,5759.750000,5777.000000,2547
2021-07-30T11:15:00+05:30,5779.250000,5812.000000,5776.450000,5811.650000,1621
2021-07-30T11:30:00+05:30,5811.650000,5848.750000,5807.900000,5837.000000,2580
2021-07-30T11:45:00+05:30,5837.000000,5845.000000,5819.150000,5829.150000,1680
2021-07-30T12:00:00+05:30,5829.150000,5833.100000,5805.450000,5815.650000,2072
2021-07-30T12:15:00+05:30,5815.650000,5839.750000,5812.450000,5830.000000,1502
2021-07-30T12:30:00+05:30,5830.000000,5850.100000,5823.150000,5850.100000,1048
2021-07-30T12:45:00+05:30,5850.100000,5880.000000,5850.100000,5862.700000,4355
2021-07-30T13:00:00+05:30,5862.700000,5875.000000,5830.200000,5847.200000,5043
2021-07-30T13:15:00+05:30,5847.200000,5870.000000,5847.200000,5853.700000,2014
2021-07-30T13:30:00+05:30,5853.700000,5868.750000,5847.450000,5859.750000,490
2021-07-30T13:45:00+05:30,5859.750000,5875.000000,5855.050000,5867.950000,2331
2021-07-30T14:00:00+05:30,5867.950000,5878.600000,5830.150000,5858.700000,2909
2021-07-30T14:15:00+05:30,5858.700000,5879.000000,5855.000000,5876.950000,1339
2021-07-30T14:30:00+05:30,5876.950000,5886.100000,5870.250000,5885.450000,2042
2021-07-30T14:45:00+05:30,5885.450000,5886.000000,5829.800000,5844.800000,6135
2021-07-30T15:00:00+05:30,5844.800000,5874.000000,5844.800000,5860.000000,3512
2021-07-30T15:15:00+05:30,5860.000000,5898.750000,5860.000000,5882.150000,8094
2021-08-02T09:15:00+05:30,5922.000000,5955.000000,5884.050000,5942.400000,8185
2021-08-02T09:30:00+05:30,5941.600000,5970.000000,5941.150000,5945.000000,3995
2021-08-02T09:45:00+05:30,5945.000000,5949.250000,5921.000000,5937.000000,4979
2021-08-02T10:00:00+05:30,5938.150000,5943.100000,5922.000000,5931.250000,1428
2021-08-02T10:15:00+05:30,5931.250000,5943.400000,5923.900000,5926.800000,1496
2021-08-02T10:30:00+05:30,5926.800000,5943.850000,5926.800000,5936.050000,2333
2021-08-02T10:45:00+05:30,5936.050000,5941.000000,5925.800000,5927.000000,791
2021-08-02T11:00:00+05:30,5931.650000,5934.200000,5925.000000,5927.000000,485
2021-08-02T11:15:00+05:30,5927.000000,5942.000000,5927.000000,5942.000000,779
2021-08-02T11:30:00+05:30,5938.950000,5950.000000,5933.650000,5933.650000,1227
2021-08-02T11:45:00+05:30,5939.550000,5954.950000,5933.050000,5954.950000,1395
2021-08-02T12:00:00+05:30,5954.950000,5963.000000,5948.850000,5953.150000,1406
2021-08-02T12:15:00+05:30,5955.000000,5961.700000,5951.300000,5958.000000,1446
2021-08-02T12:30:00+05:30,5958.000000,5958.950000,5950.200000,5950.200000,1300
2021-08-02T12:45:00+05:30,5950.200000,5954.000000,5939.950000,5949.950000,574
2021-08-02T13:00:00+05:30,5949.950000,5950.200000,5935.400000,5938.450000,655
2021-08-02T13:15:00+05:30,5938.500000,5941.750000,5917.000000,5934.000000,2262
2021-08-02T13:30:00+05:30,5934.050000,5939.350000,5918.250000,5925.150000,746
2021-08-02T13:45:00+05:30,5925.150000,5931.450000,5923.000000,5923.000000,451
2021-08-02T14:00:00+05:30,5923.000000,5934.550000,5895.050000,5900.000000,1614
2021-08-02T14:15:00+05:30,5894.550000,5934.950000,5893.050000,5934.950000,3419
2021-08-02T14:30:00+05:30,5934.950000,5934.950000,5918.550000,5921.300000,1158
2021-08-02T14:45:00+05:30,5921.300000,5924.950000,5906.950000,5907.350000,1291
2021-08-02T15:00:00+05:30,5907.350000,5919.700000,5903.200000,5916.800000,2569
2021-08-02T15:15:00+05:30,5916.800000,5920.000000,5894.000000,5894.000000,5371
2021-08-03T09:15:00+05:30,5950.000000,5950.000000,5915.000000,5935.050000,2345
2021-08-03T09:30:00+05:30,5935.050000,5957.700000,5925.000000,5930.000000,2812
2021-08-03T09:45:00+05:30,5932.250000,5938.000000,5925.000000,5929.900000,989
2021-08-03T10:00:00+05:30,5929.900000,5955.000000,5927.500000,5938.000000,1158
2021-08-03T10:15:00+05:30,5938.000000,5960.000000,5934.450000,5960.000000,1319
2021-08-03T10:30:00+05:30,5954.000000,5979.000000,5946.150000,5952.100000,3780
2021-08-03T10:45:00+05:30,5952.100000,5963.800000,5936.050000,5937.500000,2438
2021-08-03T11:00:00+05:30,5937.500000,5983.850000,5937.500000,5983.800000,3893
2021-08-03T11:15:00+05:30,5983.800000,6013.800000,5980.050000,6000.000000,10801
2021-08-03T11:30:00+05:30,6000.000000,6000.000000,5965.000000,5970.000000,2213
2021-08-03T11:45:00+05:30,5970.000000,5980.200000,5968.250000,5972.750000,1001
2021-08-03T12:00:00+05:30,5972.750000,5995.000000,5960.000000,5985.200000,3052
2021-08-03T12:15:00+05:30,5985.200000,5991.950000,5970.050000,5977.000000,927
2021-08-03T12:30:00+05:30,5977.000000,5981.000000,5970.500000,5970.500000,559
2021-08-03T12:45:00+05:30,5970.500000,5985.000000,5970.500000,5984.500000,756
2021-08-03T13:00:00+05:30,5984.500000,5984.500000,5972.000000,5972.750000,591
2021-08-03T13:15:00+05:30,5972.750000,5982.800000,5940.000000,5956.950000,3653
2021-08-03T13:30:00+05:30,5956.950000,5957.400000,5940.300000,5957.400000,2074
2021-08-03T13:45:00+05:30,5957.400000,5959.700000,5944.200000,5951.250000,812
2021-08-03T14:00:00+05:30,5951.250000,5957.600000,5944.000000,5950.650000,764
2021-08-03T14:15:00+05:30,5950.650000,5957.950000,5945.000000,5954.600000,436
2021-08-03T14:30:00+05:30,5954.600000,5954.600000,5948.550000,5952.000000,377
2021-08-03T14:45:00+05:30,5952.000000,5961.750000,5950.000000,5953.850000,539
2021-08-03T15:00:00+05:30,5950.250000,5954.950000,5928.000000,5947.900000,3484
2021-08-03T15:15:00+05:30,5945.900000,5951.000000,5928.000000,5931.000000,4981
2021-08-04T09:15:00+05:30,5965.000000,5980.000000,5915.000000,5931.200000,5639
2021-08-04T09:30:00+05:30,5925.600000,5979.950000,5922.050000,5964.400000,4542
2021-08-04T09:45:00+05:30,5964.400000,5966.250000,5945.000000,5961.200000,806
2021-08-04T10:00:00+05:30,5961.200000,5974.500000,5953.550000,5970.500000,1012
2021-08-04T10:15:00+05:30,5970.500000,5978.000000,5957.750000,5964.400000,657
2021-08-04T10:30:00+05:30,5964.400000,5968.950000,5954.000000,5964.250000,585
2021-08-04T10:45:00+05:30,5964.250000,5965.000000,5948.000000,5950.000000,590
2021-08-04T11:00:00+05:30,5950.000000,5957.550000,5948.300000,5957.550000,469
2021-08-04T11:15:00+05:30,5958.000000,5958.750000,5943.250000,5951.000000,669
2021-08-04T11:30:00+05:30,5951.000000,5958.650000,5949.500000,5954.500000,747
2021-08-04T11:45:00+05:30,5945.200000,5949.650000,5933.350000,5946.000000,997
2021-08-04T12:00:00+05:30,5951.000000,5952.250000,5930.150000,5942.350000,1284
2021-08-04T12:15:00+05:30,5942.350000,5947.450000,5931.750000,5936.650000,965
2021-08-04T12:30:00+05:30,5936.650000,5944.000000,5932.400000,5942.250000,858
2021-08-04T12:45:00+05:30,5942.250000,5949.600000,5901.000000,5908.300000,3974
2021-08-04T13:00:00+05:30,5909.000000,5918.900000,5894.250000,5900.600000,2415
2021-08-04T13:15:00+05:30,5900.600000,5915.200000,5896.000000,5912.250000,1175
2021-08-04T13:30:00+05:30,5912.250000,5940.400000,5912.250000,5928.900000,1025
2021-08-04T13:45:00+05:30,5928.900000,5930.400000,5909.500000,5917.750000,1116
2021-08-04T14:00:00+05:30,5917.750000,5923.300000,5911.650000,5916.100000,315
2021-08-04T14:15:00+05:30,5916.100000,5919.950000,5902.900000,5907.350000,974
2021-08-04T14:30:00+05:30,5907.350000,5919.300000,5907.350000,5913.000000,870
2021-08-04T14:45:00+05:30,5913.000000,5918.000000,5902.050000,5907.750000,661
2021-08-04T15:00:00+05:30,5907.750000,5922.950000,5902.050000,5905.700000,1955
2021-08-04T15:15:00+05:30,5905.700000,5906.000000,5880.100000,5885.000000,5692
2021-08-05T09:15:00+05:30,5899.000000,5942.000000,5889.750000,5893.500000,3712
2021-08-05T09:30:00+05:30,5890.000000,5890.550000,5815.650000,5857.350000,5356
2021-08-05T09:45:00+05:30,5857.350000,5876.150000,5853.250000,5866.700000,389
2021-08-05T10:00:00+05:30,5863.200000,5874.000000,5860.750000,5868.900000,477
2021-08-05T10:15:00+05:30,5863.900000,5866.250000,5850.250000,5858.850000,692
2021-08-05T10:30:00+05:30,5858.850000,5859.650000,5843.000000,5859.650000,853
2021-08-05T10:45:00+05:30,5859.650000,5898.800000,5855.050000,5898.800000,1690
2021-08-05T11:00:00+05:30,5898.800000,5902.950000,5885.300000,5894.050000,692
2021-08-05T11:15:00+05:30,5894.050000,5898.000000,5880.100000,5886.450000,492
2021-08-05T11:30:00+05:30,5886.450000,5900.500000,5881.000000,5899.850000,783
2021-08-05T11:45:00+05:30,5899.850000,5909.250000,5887.500000,5893.200000,805
2021-08-05T12:00:00+05:30,5893.200000,5899.450000,5883.900000,5889.050000,209
2021-08-05T12:15:00+05:30,5889.050000,5893.650000,5861.400000,5876.750000,533
2021-08-05T12:30:00+05:30,5876.750000,5876.750000,5867.000000,5872.800000,213
2021-08-05T12:45:00+05:30,5872.800000,5878.350000,5850.000000,5850.000000,326
2021-08-05T13:00:00+05:30,5850.000000,5861.650000,5850.000000,5856.950000,457
2021-08-05T13:15:00+05:30,5856.950000,5883.300000,5854.900000,5880.150000,528
2021-08-05T13:30:00+05:30,5880.150000,5881.500000,5867.700000,5876.000000,355
2021-08-05T13:45:00+05:30,5876.000000,5880.000000,5875.850000,5880.000000,120
2021-08-05T14:00:00+05:30,5880.000000,5890.000000,5872.300000,5878.950000,436
2021-08-05T14:15:00+05:30,5878.950000,5883.300000,5872.400000,5882.150000,183
2021-08-05T14:30:00+05:30,5882.150000,5882.850000,5874.500000,5879.900000,426
2021-08-05T14:45:00+05:30,5879.900000,5882.550000,5865.050000,5865.100000,291
2021-08-05T15:00:00+05:30,5865.100000,5880.550000,5865.100000,5877.350000,959
2021-08-05T15:15:00+05:30,5877.350000,5885.000000,5868.250000,5885.000000,2146
2021-08-06T09:15:00+05:30,5895.000000,5931.900000,5869.550000,5883.950000,5317
2021-08-06T09:30:00+05:30,5883.950000,5909.950000,5861.850000,5882.550000,2150
2021-08-06T09:45:00+05:30,5882.550000,5890.300000,5842.200000,5855.200000,2637
2021-08-06T10:00:00+05:30,5855.200000,5871.800000,5848.000000,5852.450000,941
2021-08-06T10:15:00+05:30,5852.450000,5859.350000,5848.450000,5852.750000,951
2021-08-06T10:30:00+05:30,5853.050000,5854.200000,5821.000000,5832.800000,2269
2021-08-06T10:45:00+05:30,5832.700000,5847.700000,5820.100000,5824.900000,1505
2021-08-06T11:00:00+05:30,5824.900000,5852.000000,5821.950000,5840.000000,2004
2021-08-06T11:15:00+05:30,5840.000000,5843.900000,5830.000000,5837.000000,519
2021-08-06T11:30:00+05:30,5837.000000,5842.000000,5826.200000,5841.850000,673
2021-08-06T11:45:00+05:30,5841.850000,5853.400000,5835.000000,5850.000000,892
2021-08-06T12:00:00+05:30,5850.000000,5857.550000,5830.150000,5837.450000,545
2021-08-06T12:15:00+05:30,5837.450000,5850.000000,5833.200000,5841.950000,696
2021-08-06T12:30:00+05:30,5841.950000,5856.800000,5841.550000,5854.250000,1118
2021-08-06T12:45:00+05:30,5850.900000,5852.000000,5840.600000,5848.300000,232
2021-08-06T13:00:00+05:30,5848.300000,5853.000000,5845.850000,5852.000000,538
2021-08-06T13:15:00+05:30,5852.000000,5858.450000,5848.650000,5852.050000,163
2021-08-06T13:30:00+05:30,5852.050000,5856.850000,5846.550000,5854.550000,641
2021-08-06T13:45:00+05:30,5854.550000,5868.000000,5842.900000,5842.900000,1381
2021-08-06T14:00:00+05:30,5842.900000,5854.350000,5842.900000,5845.300000,432
2021-08-06T14:15:00+05:30,5845.300000,5850.000000,5822.000000,5836.950000,1672
2021-08-06T14:30:00+05:30,5836.950000,5847.600000,5825.800000,5825.800000,604
2021-08-06T14:45:00+05:30,5830.000000,5841.550000,5810.000000,5828.000000,3221
2021-08-06T15:00:00+05:30,5828.000000,5835.150000,5815.000000,5824.750000,1128
2021-08-06T15:15:00+05:30,5824.750000,5824.750000,5787.000000,5810.000000,5888
2021-08-09T09:15:00+05:30,5833.000000,5889.850000,5810.150000,5866.650000,5253
2021-08-09T09:30:00+05:30,5860.650000,5879.000000,5855.550000,5866.650000,946
2021-08-09T09:45:00+05:30,5866.650000,5872.850000,5841.000000,5855.000000,1335
2021-08-09T10:00:00+05:30,5855.000000,5878.600000,5855.000000,5860.350000,731
2021-08-09T10:15:00+05:30,5865.000000,5866.000000,5856.250000,5865.250000,233
2021-08-09T10:30:00+05:30,5865.250000,5865.700000,5856.550000,5856.900000,353
2021-08-09T10:45:00+05:30,5856.900000,5864.900000,5855.250000,5856.200000,227
2021-08-09T11:00:00+05:30,5861.950000,5864.700000,5858.100000,5863.000000,361
2021-08-09T11:15:00+05:30,5863.000000,5888.450000,5860.000000,5880.000000,4554
2021-08-09T11:30:00+05:30,5880.000000,5899.200000,5880.000000,5884.850000,2697
2021-08-09T11:45:00+05:30,5884.100000,5884.850000,5855.350000,5862.050000,4080
2021-08-09T12:00:00+05:30,5867.000000,5867.600000,5850.000000,5851.000000,1042
2021-08-09T12:15:00+05:30,5851.000000,5863.100000,5843.100000,5856.950000,1024
2021-08-09T12:30:00+05:30,5856.750000,5856.950000,5831.050000,5832.500000,435
2021-08-09T12:45:00+05:30,5832.500000,5838.400000,5825.000000,5825.000000,602
2021-08-09T13:00:00+05:30,5825.000000,5832.200000,5815.000000,5820.000000,881
2021-08-09T13:15:00+05:30,5820.000000,5840.000000,5815.000000,5840.000000,853
2021-08-09T13:30:00+05:30,5840.000000,5840.000000,5825.200000,5833.500000,567
2021-08-09T13:45:00+05:30,5833.500000,5834.400000,5828.000000,5828.050000,289
2021-08-09T14:00:00+05:30,5828.050000,5841.850000,5828.000000,5835.800000,853
2021-08-09T14:15:00+05:30,5835.800000,5842.050000,5830.000000,5840.000000,473
2021-08-09T14:30:00+05:30,5840.000000,5843.150000,5833.000000,5837.350000,369
2021-08-09T14:45:00+05:30,5837.350000,5842.050000,5827.000000,5827.000000,568
2021-08-09T15:00:00+05:30,5827.000000,5860.000000,5827.000000,5856.050000,2327
2021-08-09T15:15:00+05:30,5859.950000,5863.000000,5827.000000,5863.000000,3607
2021-08-10T09:15:00+05:30,5920.000000,5920.000000,5825.000000,5865.000000,8219
2021-08-10T09:30:00+05:30,5868.000000,5874.650000,5850.000000,5850.000000,1202
2021-08-10T09:45:00+05:30,5850.000000,5862.300000,5840.000000,5856.000000,1454
2021-08-10T10:00:00+05:30,5857.000000,5857.000000,5842.200000,5850.950000,395
2021-08-10T10:15:00+05:30,5850.950000,5863.850000,5846.050000,5863.850000,670
2021-08-10T10:30:00+05:30,5863.700000,5869.000000,5850.000000,5859.850000,1530
2021-08-10T10:45:00+05:30,5860.500000,5864.400000,5841.000000,5849.000000,1533
2021-08-10T11:00:00+05:30,5849.000000,5859.200000,5833.100000,5851.000000,1977
2021-08-10T11:15:00+05:30,5851.000000,5860.000000,5851.000000,5856.000000,401
2021-08-10T11:30:00+05:30,5856.000000,5863.900000,5855.000000,5859.100000,514
2021-08-10T11:45:00+05:30,5859.100000,5863.000000,5854.400000,5855.000000,325
2021-08-10T12:00:00+05:30,5855.000000,5871.950000,5855.000000,5869.400000,1856
2021-08-10T12:15:00+05:30,5869.400000,5870.000000,5859.250000,5864.000000,185
2021-08-10T12:30:00+05:30,5864.000000,5876.000000,5860.000000,5860.000000,1138
2021-08-10T12:45:00+05:30,5860.000000,5872.650000,5855.000000,5861.450000,565
2021-08-10T13:00:00+05:30,5861.450000,5867.050000,5850.250000,5860.000000,477
2021-08-10T13:15:00+05:30,5860.000000,5865.350000,5850.050000,5861.850000,1238
2021-08-10T13:30:00+05:30,5861.850000,5865.300000,5840.000000,5849.550000,1875
2021-08-10T13:45:00+05:30,5849.550000,5855.750000,5835.000000,5838.200000,3639
2021-08-10T14:00:00+05:30,5838.200000,5844.950000,5801.550000,5806.700000,7972
2021-08-10T14:15:00+05:30,5810.050000,5860.000000,5807.300000,5820.000000,6994
2021-08-10T14:30:00+05:30,5820.000000,5845.650000,5820.000000,5841.900000,1717
2021-08-10T14:45:00+05:30,5838.800000,5856.500000,5828.650000,5842.600000,1624
2021-08-10T15:00:00+05:30,5842.600000,5869.650000,5842.000000,5860.000000,5256
2021-08-10T15:15:00+05:30,5860.000000,5877.350000,5845.500000,5846.050000,4533
2021-08-11T09:15:00+05:30,5849.950000,5849.950000,5783.200000,5791.150000,8774
2021-08-11T09:30:00+05:30,5799.700000,5822.050000,5787.000000,5788.050000,4821
2021-08-11T09:45:00+05:30,5788.050000,5813.400000,5740.000000,5806.000000,8632
2021-08-11T10:00:00+05:30,5806.000000,5849.000000,5725.000000,5736.400000,17820
2021-08-11T10:15:00+05:30,5736.400000,5757.000000,5725.000000,5734.450000,3579
2021-08-11T10:30:00+05:30,5733.000000,5739.000000,5711.000000,5737.000000,2546
2021-08-11T10:45:00+05:30,5737.000000,5760.300000,5718.750000,5740.000000,11677
2021-08-11T11:00:00+05:30,5740.000000,5741.900000,5674.000000,5696.600000,7028
2021-08-11T11:15:00+05:30,5692.000000,5720.900000,5692.000000,5719.000000,2054
2021-08-11T11:30:00+05:30,5719.000000,5766.000000,5706.150000,5740.400000,3509
2021-08-11T11:45:00+05:30,5740.400000,5749.050000,5700.000000,5733.100000,1879
2021-08-11T12:00:00+05:30,5733.100000,5738.900000,5723.000000,5738.900000,690
2021-08-11T12:15:00+05:30,5738.900000,5757.000000,5731.900000,5745.000000,2650
2021-08-11T12:30:00+05:30,5745.000000,5752.100000,5723.600000,5740.000000,1257
2021-08-11T12:45:00+05:30,5740.000000,5752.000000,5739.200000,5739.200000,669
2021-08-11T13:00:00+05:30,5739.200000,5757.550000,5736.550000,5748.650000,1107
2021-08-11T13:15:00+05:30,5748.650000,5760.000000,5745.000000,5745.000000,1556
2021-08-11T13:30:00+05:30,5745.000000,5757.250000,5736.850000,5752.000000,1674
2021-08-11T13:45:00+05:30,5755.550000,5760.000000,5745.650000,5753.750000,1951
2021-08-11T14:00:00+05:30,5753.750000,5760.000000,5745.000000,5749.300000,591
2021-08-11T14:15:00+05:30,5749.300000,5756.200000,5743.650000,5750.000000,1137
2021-08-11T14:30:00+05:30,5750.000000,5752.950000,5744.850000,5744.850000,1757
2021-08-11T14:45:00+05:30,5748.950000,5755.000000,5746.000000,5747.400000,1333
2021-08-11T15:00:00+05:30,5747.400000,5767.900000,5737.500000,5740.000000,7333
2021-08-11T15:15:00+05:30,5740.000000,5769.200000,5725.000000,5750.000000,22468
2021-08-12T09:15:00+05:30,5759.850000,5791.000000,5725.000000,5766.250000,3849
2021-08-12T09:30:00+05:30,5766.250000,5786.500000,5746.350000,5751.150000,3114
2021-08-12T09:45:00+05:30,5751.150000,5758.350000,5740.050000,5750.000000,2219
2021-08-12T10:00:00+05:30,5750.000000,5755.350000,5727.050000,5739.000000,2418
2021-08-12T10:15:00+05:30,5739.000000,5755.000000,5739.000000,5755.000000,381
2021-08-12T10:30:00+05:30,5755.000000,5760.000000,5744.900000,5758.500000,1022
2021-08-12T10:45:00+05:30,5758.500000,5760.000000,5752.000000,5754.900000,1785
2021-08-12T11:00:00+05:30,5754.900000,5765.200000,5753.000000,5759.000000,853
2021-08-12T11:15:00+05:30,5759.000000,5766.000000,5752.250000,5756.400000,630
2021-08-12T11:30:00+05:30,5756.400000,5770.000000,5752.000000,5768.650000,874
2021-08-12T11:45:00+05:30,5768.650000,5789.000000,5763.600000,5778.200000,1428
2021-08-12T12:00:00+05:30,5778.200000,5850.000000,5778.200000,5816.000000,6009
2021-08-12T12:15:00+05:30,5816.000000,5821.850000,5802.100000,5813.000000,2088
2021-08-12T12:30:00+05:30,5813.000000,5820.000000,5806.150000,5810.000000,469
2021-08-12T12:45:00+05:30,5810.000000,5810.000000,5788.700000,5802.650000,1455
2021-08-12T13:00:00+05:30,5802.650000,5812.600000,5795.600000,5812.600000,697
2021-08-12T13:15:00+05:30,5812.600000,5828.250000,5808.200000,5825.050000,1220
2021-08-12T13:30:00+05:30,5825.050000,5881.450000,5810.000000,5873.300000,6078
2021-08-12T13:45:00+05:30,5873.300000,5880.000000,5850.000000,5850.000000,2501
2021-08-12T14:00:00+05:30,5850.000000,5855.800000,5841.100000,5845.200000,852
2021-08-12T14:15:00+05:30,5845.200000,5848.950000,5825.000000,5835.650000,1068
2021-08-12T14:30:00+05:30,5835.650000,5835.650000,5812.000000,5821.600000,777
2021-08-12T14:45:00+05:30,5821.600000,5831.950000,5816.000000,5820.000000,1030
2021-08-12T15:00:00+05:30,5820.000000,5835.650000,5815.050000,5823.150000,1230
2021-08-12T15:15:00+05:30,5823.150000,5823.500000,5812.000000,5816.000000,1985
2021-08-13T09:15:00+05:30,5819.750000,5839.500000,5801.050000,5823.000000,2431
2021-08-13T09:30:00+05:30,5823.750000,5828.950000,5791.000000,5798.100000,2581
2021-08-13T09:45:00+05:30,5798.100000,5805.000000,5771.000000,5793.550000,3105
2021-08-13T10:00:00+05:30,5793.550000,5801.100000,5775.000000,5780.550000,1358
2021-08-13T10:15:00+05:30,5780.550000,5797.300000,5756.000000,5760.900000,31986
2021-08-13T10:30:00+05:30,5760.900000,5780.700000,5756.000000,5773.500000,3853
2021-08-13T10:45:00+05:30,5773.500000,5779.450000,5762.900000,5779.450000,1221
2021-08-13T11:00:00+05:30,5779.450000,5780.800000,5748.400000,5756.000000,6977
2021-08-13T11:15:00+05:30,5756.000000,5770.000000,5752.000000,5756.950000,965
2021-08-13T11:30:00+05:30,5756.950000,5760.950000,5752.100000,5757.450000,2390
2021-08-13T11:45:00+05:30,5757.450000,5759.000000,5750.000000,5750.550000,1508
2021-08-13T12:00:00+05:30,5750.550000,5757.000000,5750.150000,5756.250000,679
2021-08-13T12:15:00+05:30,5756.250000,5756.250000,5740.050000,5744.700000,1232
2021-08-13T12:30:00+05:30,5744.700000,5762.000000,5742.550000,5746.150000,1445
2021-08-13T12:45:00+05:30,5746.150000,5758.300000,5743.600000,5746.000000,453
2021-08-13T13:00:00+05:30,5746.000000,5746.000000,5717.000000,5736.150000,3411
2021-08-13T13:15:00+05:30,5736.150000,5736.150000,5720.000000,5724.000000,558
2021-08-13T13:30:00+05:30,5724.000000,5734.850000,5720.000000,5728.200000,694
2021-08-13T13:45:00+05:30,5728.200000,5733.000000,5728.000000,5732.950000,141
2021-08-13T14:00:00+05:30,5734.750000,5741.350000,5732.650000,5736.000000,570
2021-08-13T14:15:00+05:30,5736.000000,5749.000000,5736.000000,5746.850000,808
2021-08-13T14:30:00+05:30,5745.000000,5753.750000,5727.000000,5742.700000,1031
2021-08-13T14:45:00+05:30,5742.700000,5781.050000,5737.000000,5767.000000,4426
2021-08-13T15:00:00+05:30,5767.000000,5768.700000,5746.550000,5746.550000,2460
2021-08-13T15:15:00+05:30,5748.100000,5761.950000,5741.800000,5746.000000,3997
2021-08-16T09:15:00+05:30,5727.000000,5760.000000,5718.100000,5720.000000,3443
2021-08-16T09:30:00+05:30,5720.000000,5729.850000,5684.950000,5710.000000,3064
2021-08-16T09:45:00+05:30,5713.850000,5721.750000,5692.150000,5706.300000,1609
2021-08-16T10:00:00+05:30,5706.300000,5725.000000,5695.000000,5725.000000,1245
2021-08-16T10:15:00+05:30,5725.000000,5737.450000,5703.600000,5725.300000,1613
2021-08-16T10:30:00+05:30,5725.300000,5729.000000,5690.300000,5696.950000,2384
2021-08-16T10:45:00+05:30,5696.950000,5710.000000,5690.000000,5704.400000,1110
2021-08-16T11:00:00+05:30,5704.200000,5719.950000,5675.000000,5711.250000,6272
2021-08-16T11:15:00+05:30,5711.250000,5781.000000,5705.400000,5767.350000,9275
2021-08-16T11:30:00+05:30,5767.350000,5775.300000,5730.000000,5736.950000,2894
2021-08-16T11:45:00+05:30,5736.950000,5745.300000,5725.000000,5743.900000,519
2021-08-16T12:00:00+05:30,5743.900000,5745.700000,5730.000000,5733.050000,481
2021-08-16T12:15:00+05:30,5733.050000,5749.850000,5726.100000,5738.900000,317
2021-08-16T12:30:00+05:30,5738.900000,5740.300000,5727.900000,5732.800000,243
2021-08-16T12:45:00+05:30,5732.800000,5747.000000,5730.000000,5730.000000,516
2021-08-16T13:00:00+05:30,5730.000000,5741.400000,5727.050000,5727.050000,495
2021-08-16T13:15:00+05:30,5727.050000,5733.400000,5721.000000,5721.000000,582
2021-08-16T13:30:00+05:30,5721.000000,5748.000000,5720.300000,5727.250000,169
2021-08-16T13:45:00+05:30,5727.250000,5733.600000,5711.800000,5718.050000,254
2021-08-16T14:00:00+05:30,5718.050000,5729.950000,5716.000000,5724.300000,380
2021-08-16T14:15:00+05:30,5724.300000,5731.650000,5715.350000,5715.350000,612
2021-08-16T14:30:00+05:30,5721.550000,5735.450000,5715.950000,5724.000000,447
2021-08-16T14:45:00+05:30,5724.000000,5745.000000,5722.000000,5739.800000,1547
2021-08-16T15:00:00+05:30,5739.800000,5739.800000,5690.000000,5696.900000,2673
2021-08-16T15:15:00+05:30,5696.900000,5725.400000,5691.350000,5719.000000,2097
2021-08-17T09:15:00+05:30,5716.000000,5774.900000,5710.550000,5759.550000,3205
2021-08-17T09:30:00+05:30,5759.550000,5790.000000,5759.550000,5776.000000,3297
2021-08-17T09:45:00+05:30,5776.000000,5787.600000,5770.000000,5775.100000,648
2021-08-17T10:00:00+05:30,5775.100000,5810.000000,5775.100000,5790.100000,3833
2021-08-17T10:15:00+05:30,5790.100000,5810.000000,5790.000000,5795.350000,1901
2021-08-17T10:30:00+05:30,5795.350000,5837.850000,5791.100000,5837.650000,2012
2021-08-17T10:45:00+05:30,5838.000000,5840.000000,5816.000000,5820.000000,1936
2021-08-17T11:00:00+05:30,5820.000000,5824.850000,5800.100000,5819.800000,2165
2021-08-17T11:15:00+05:30,5819.800000,5827.100000,5803.000000,5821.750000,684
2021-08-17T11:30:00+05:30,5821.750000,5823.550000,5802.000000,5807.750000,1079
2021-08-17T11:45:00+05:30,5807.750000,5810.950000,5751.750000,5775.700000,5247
2021-08-17T12:00:00+05:30,5775.700000,5800.000000,5775.700000,5789.900000,2590
2021-08-17T12:15:00+05:30,5783.500000,5808.000000,5783.500000,5791.100000,1138
2021-08-17T12:30:00+05:30,5791.100000,5795.500000,5777.000000,5791.000000,1470
2021-08-17T12:45:00+05:30,5791.000000,5800.000000,5786.100000,5793.400000,1227
2021-08-17T13:00:00+05:30,5793.400000,5799.950000,5771.450000,5799.900000,1622
2021-08-17T13:15:00+05:30,5799.900000,5815.000000,5793.800000,5809.250000,1057
2021-08-17T13:30:00+05:30,5809.250000,5825.000000,5809.250000,5824.050000,956
2021-08-17T13:45:00+05:30,5824.050000,5825.000000,5805.000000,5805.150000,715
2021-08-17T14:00:00+05:30,5805.150000,5818.450000,5800.000000,5818.450000,769
2021-08-17T14:15:00+05:30,5818.450000,5827.000000,5811.700000,5818.800000,836
2021-08-17T14:30:00+05:30,5818.800000,5823.500000,5809.250000,5813.700000,323
2021-08-17T14:45:00+05:30,5813.700000,5824.400000,5807.200000,5824.000000,1491
2021-08-17T15:00:00+05:30,5820.150000,5835.000000,5810.000000,5815.800000,2618
2021-08-17T15:15:00+05:30,5815.800000,5831.000000,5781.000000,5807.550000,3872
2021-08-18T09:15:00+05:30,5837.950000,5900.000000,5802.000000,5870.300000,7459
2021-08-18T09:30:00+05:30,5870.300000,5884.950000,5842.000000,5874.700000,3239
2021-08-18T09:45:00+05:30,5874.700000,5881.000000,5860.550000,5868.150000,1732
2021-08-18T10:00:00+05:30,5868.150000,5895.000000,5860.400000,5881.400000,2283
2021-08-18T10:15:00+05:30,5880.900000,5895.000000,5880.900000,5889.750000,1679
2021-08-18T10:30:00+05:30,5889.750000,5920.000000,5877.050000,5919.000000,5190
2021-08-18T10:45:00+05:30,5919.000000,5928.400000,5889.750000,5899.000000,5697
2021-08-18T11:00:00+05:30,5899.000000,5900.000000,5862.100000,5880.950000,1783
2021-08-18T11:15:00+05:30,5886.000000,5886.000000,5865.050000,5868.350000,1704
2021-08-18T11:30:00+05:30,5871.050000,5883.800000,5860.100000,5873.800000,2216
2021-08-18T11:45:00+05:30,5873.800000,5873.800000,5831.050000,5852.800000,2698
2021-08-18T12:00:00+05:30,5852.800000,5879.800000,5850.400000,5879.800000,953
2021-08-18T12:15:00+05:30,5879.800000,5880.000000,5855.100000,5863.000000,1387
2021-08-18T12:30:00+05:30,5863.000000,5863.000000,5840.000000,5849.250000,2440
2021-08-18T12:45:00+05:30,5849.250000,5855.050000,5840.100000,5843.000000,2569
2021-08-18T13:00:00+05:30,5843.000000,5848.700000,5830.200000,5847.100000,1496
2021-08-18T13:15:00+05:30,5847.100000,5863.100000,5847.100000,5857.700000,833
2021-08-18T13:30:00+05:30,5857.700000,5866.950000,5845.050000,5850.000000,1504
2021-08-18T13:45:00+05:30,5850.000000,5855.450000,5845.000000,5849.700000,962
2021-08-18T14:00:00+05:30,5849.700000,5860.000000,5845.950000,5859.650000,518
2021-08-18T14:15:00+05:30,5859.650000,5867.200000,5853.450000,5859.950000,757
2021-08-18T14:30:00+05:30,5859.950000,5864.700000,5851.650000,5856.000000,972
2021-08-18T14:45:00+05:30,5856.000000,5866.950000,5855.000000,5866.950000,1652
2021-08-18T15:00:00+05:30,5861.850000,5890.000000,5861.850000,5872.850000,2514
2021-08-18T15:15:00+05:30,5872.850000,5895.000000,5861.100000,5895.000000,4544
2021-08-20T09:15:00+05:30,5879.350000,5909.950000,5808.500000,5880.000000,11019
2021-08-20T09:30:00+05:30,5880.000000,5880.000000,5825.550000,5836.350000,4757
2021-08-20T09:45:00+05:30,5836.350000,5864.150000,5830.000000,5836.950000,2100
2021-08-20T10:00:00+05:30,5830.000000,5850.000000,5822.050000,5830.600000,1762
2021-08-20T10:15:00+05:30,5830.600000,5849.100000,5815.100000,5827.000000,1824
2021-08-20T10:30:00+05:30,5827.000000,5830.950000,5784.700000,5802.450000,3324
2021-08-20T10:45:00+05:30,5802.450000,5826.000000,5785.150000,5790.000000,4050
2021-08-20T11:00:00+05:30,5790.000000,5832.950000,5790.000000,5822.500000,3391
2021-08-20T11:15:00+05:30,5822.500000,5854.800000,5822.500000,5846.000000,2369
2021-08-20T11:30:00+05:30,5846.000000,5849.950000,5833.750000,5833.750000,138
2021-08-20T11:45:00+05:30,5834.350000,5839.900000,5820.000000,5820.900000,1580
2021-08-20T12:00:00+05:30,5820.900000,5835.000000,5820.000000,5831.750000,186
2021-08-20T12:15:00+05:30,5831.750000,5854.500000,5825.050000,5850.000000,2846
2021-08-20T12:30:00+05:30,5850.050000,5851.000000,5840.000000,5849.200000,3148
2021-08-20T12:45:00+05:30,5849.200000,5851.000000,5829.900000,5847.100000,4180
2021-08-20T13:00:00+05:30,5843.650000,5850.000000,5837.350000,5844.000000,1620
2021-08-20T13:15:00+05:30,5844.000000,5850.500000,5835.600000,5847.500000,2577
2021-08-20T13:30:00+05:30,5847.500000,5850.250000,5835.000000,5850.000000,2862
2021-08-20T13:45:00+05:30,5850.000000,5850.250000,5840.300000,5843.500000,1779
2021-08-20T14:00:00+05:30,5843.500000,5850.000000,5836.450000,5842.400000,3058
2021-08-20T14:15:00+05:30,5835.300000,5846.000000,5834.950000,5838.450000,2330
2021-08-20T14:30:00+05:30,5838.450000,5844.400000,5828.300000,5841.500000,2542
2021-08-20T14:45:00+05:30,5841.500000,5847.500000,5835.550000,5838.000000,2072
2021-08-20T15:00:00+05:30,5838.000000,5845.000000,5802.100000,5802.100000,4275
2021-08-20T15:15:00+05:30,5802.100000,5831.450000,5801.000000,5820.000000,5769
2021-08-23T09:15:00+05:30,5874.900000,5874.900000,5820.050000,5830.000000,1956
2021-08-23T09:30:00+05:30,5830.000000,5836.850000,5800.000000,5809.950000,1302
2021-08-23T09:45:00+05:30,5809.950000,5821.250000,5782.450000,5806.450000,2472
2021-08-23T10:00:00+05:30,5806.450000,5819.750000,5800.800000,5803.200000,685
2021-08-23T10:15:00+05:30,5800.450000,5804.700000,5780.100000,5785.000000,1264
2021-08-23T10:30:00+05:30,5785.000000,5805.800000,5756.000000,5775.250000,2956
2021-08-23T10:45:00+05:30,5775.250000,5782.450000,5718.650000,5756.000000,3869
2021-08-23T11:00:00+05:30,5756.000000,5759.250000,5748.950000,5757.950000,403
2021-08-23T11:15:00+05:30,5755.150000,5758.500000,5742.850000,5748.550000,700
2021-08-23T11:30:00+05:30,5749.100000,5770.000000,5740.000000,5740.150000,443
2021-08-23T11:45:00+05:30,5740.150000,5758.850000,5740.000000,5758.850000,354
2021-08-23T12:00:00+05:30,5759.300000,5775.000000,5757.850000,5764.400000,1067
2021-08-23T12:15:00+05:30,5764.400000,5778.250000,5762.050000,5762.050000,547
2021-08-23T12:30:00+05:30,5762.050000,5769.150000,5750.000000,5758.000000,234
2021-08-23T12:45:00+05:30,5758.000000,5759.000000,5745.150000,5753.200000,241
2021-08-23T13:00:00+05:30,5753.200000,5754.950000,5745.000000,5750.150000,335
2021-08-23T13:15:00+05:30,5750.150000,5756.800000,5747.800000,5756.200000,135
2021-08-23T13:30:00+05:30,5756.200000,5756.800000,5746.250000,5751.000000,214
2021-08-23T13:45:00+05:30,5747.200000,5754.550000,5745.300000,5754.450000,447
2021-08-23T14:00:00+05:30,5754.450000,5763.550000,5753.450000,5755.400000,1051
2021-08-23T14:15:00+05:30,5755.400000,5762.500000,5754.500000,5754.700000,500
2021-08-23T14:30:00+05:30,5760.900000,5761.000000,5741.050000,5751.000000,798
2021-08-23T14:45:00+05:30,5751.000000,5752.000000,5734.650000,5741.550000,1524
2021-08-23T15:00:00+05:30,5741.550000,5745.550000,5732.550000,5742.950000,1543
2021-08-23T15:15:00+05:30,5742.950000,5742.950000,5701.000000,5720.000000,2998
2021-08-24T09:15:00+05:30,5845.000000,5865.000000,5753.500000,5810.150000,34797
2021-08-24T09:30:00+05:30,5810.150000,5824.650000,5780.900000,5783.000000,9561
2021-08-24T09:45:00+05:30,5783.000000,5794.000000,5760.450000,5773.500000,8358
2021-08-24T10:00:00+05:30,5773.200000,5799.300000,5770.900000,5788.700000,5259
2021-08-24T10:15:00+05:30,5788.700000,5799.000000,5778.150000,5790.250000,1482
2021-08-24T10:30:00+05:30,5790.250000,5792.950000,5778.050000,5780.550000,1084
2021-08-24T10:45:00+05:30,5780.550000,5791.000000,5775.250000,5775.250000,1022
2021-08-24T11:00:00+05:30,5775.250000,5789.950000,5755.450000,5783.450000,2235
2021-08-24T11:15:00+05:30,5783.450000,5787.350000,5775.000000,5778.000000,278
2021-08-24T11:30:00+05:30,5777.600000,5788.800000,5770.000000,5778.850000,1462
2021-08-24T11:45:00+05:30,5778.850000,5789.000000,5775.000000,5782.400000,1443
2021-08-24T12:00:00+05:30,5782.400000,5806.150000,5774.400000,5804.800000,6873
2021-08-24T12:15:00+05:30,5804.800000,5804.900000,5795.850000,5801.000000,1111
2021-08-24T12:30:00+05:30,5801.000000,5803.900000,5791.400000,5800.000000,2769
2021-08-24T12:45:00+05:30,5800.000000,5804.900000,5800.000000,5801.000000,1639
2021-08-24T13:00:00+05:30,5801.000000,5803.000000,5795.300000,5800.000000,718
2021-08-24T13:15:00+05:30,5800.000000,5810.000000,5787.050000,5800.000000,2380
2021-08-24T13:30:00+05:30,5800.000000,5806.050000,5794.400000,5800.000000,2174
2021-08-24T13:45:00+05:30,5800.000000,5810.000000,5795.050000,5807.850000,3316
2021-08-24T14:00:00+05:30,5807.850000,5809.950000,5801.350000,5806.550000,646
2021-08-24T14:15:00+05:30,5806.550000,5807.250000,5801.750000,5806.850000,710
2021-08-24T14:30:00+05:30,5806.850000,5808.400000,5800.800000,5806.300000,1321
2021-08-24T14:45:00+05:30,5802.000000,5807.000000,5796.200000,5806.000000,2517
2021-08-24T15:00:00+05:30,5806.000000,5830.000000,5803.050000,5825.950000,7656
2021-08-24T15:15:00+05:30,5825.950000,5831.900000,5813.000000,5816.000000,5664
2021-08-25T09:15:00+05:30,5801.050000,5870.000000,5801.050000,5865.000000,5677
2021-08-25T09:30:00+05:30,5865.000000,5865.000000,5826.750000,5832.400000,2406
2021-08-25T09:45:00+05:30,5832.400000,5837.700000,5810.050000,5824.950000,2232
2021-08-25T10:00:00+05:30,5824.950000,5838.000000,5809.150000,5814.950000,2373
2021-08-25T10:15:00+05:30,5814.950000,5817.100000,5805.700000,5806.000000,420
2021-08-25T10:30:00+05:30,5806.000000,5819.300000,5803.300000,5811.650000,659
2021-08-25T10:45:00+05:30,5811.650000,5811.650000,5776.600000,5806.300000,1958
2021-08-25T11:00:00+05:30,5806.300000,5809.350000,5792.500000,5799.950000,599
2021-08-25T11:15:00+05:30,5799.950000,5805.650000,5788.900000,5800.000000,1216
2021-08-25T11:30:00+05:30,5800.000000,5800.000000,5786.050000,5787.100000,687
2021-08-25T11:45:00+05:30,5787.100000,5794.050000,5785.000000,5794.050000,597
2021-08-25T12:00:00+05:30,5794.050000,5799.000000,5787.550000,5798.850000,327
2021-08-25T12:15:00+05:30,5798.850000,5799.150000,5791.950000,5792.000000,188
2021-08-25T12:30:00+05:30,5792.000000,5797.200000,5790.150000,5791.350000,214
2021-08-25T12:45:00+05:30,5791.350000,5798.800000,5790.550000,5792.000000,330
2021-08-25T13:00:00+05:30,5795.000000,5798.650000,5791.800000,5798.650000,127
2021-08-25T13:15:00+05:30,5798.650000,5798.650000,5791.450000,5792.100000,128
2021-08-25T13:30:00+05:30,5792.000000,5797.450000,5760.300000,5773.000000,1561
2021-08-25T13:45:00+05:30,5773.000000,5773.000000,5752.850000,5755.000000,1797
2021-08-25T14:00:00+05:30,5762.400000,5763.850000,5750.050000,5758.550000,1463
2021-08-25T14:15:00+05:30,5758.550000,5765.600000,5752.800000,5761.000000,1210
2021-08-25T14:30:00+05:30,5760.650000,5764.100000,5727.000000,5727.000000,1727
2021-08-25T14:45:00+05:30,5729.800000,5747.750000,5710.000000,5747.750000,2023
2021-08-25T15:00:00+05:30,5748.500000,5749.900000,5720.100000,5731.700000,1294
2021-08-25T15:15:00+05:30,5732.150000,5757.000000,5720.000000,5753.900000,3545
2021-08-26T09:15:00+05:30,5749.950000,5779.450000,5729.000000,5773.850000,5522
2021-08-26T09:30:00+05:30,5779.900000,5779.900000,5750.000000,5750.500000,2446
2021-08-26T09:45:00+05:30,5750.500000,5766.300000,5750.100000,5762.650000,1764
2021-08-26T10:00:00+05:30,5762.650000,5766.050000,5750.000000,5757.000000,1668
2021-08-26T10:15:00+05:30,5757.000000,5768.200000,5751.600000,5762.700000,632
2021-08-26T10:30:00+05:30,5767.950000,5767.950000,5753.650000,5761.450000,541
2021-08-26T10:45:00+05:30,5761.450000,5765.000000,5754.050000,5762.100000,993
2021-08-26T11:00:00+05:30,5762.100000,5766.750000,5750.400000,5752.000000,906
2021-08-26T11:15:00+05:30,5752.000000,5760.000000,5752.000000,5755.000000,439
2021-08-26T11:30:00+05:30,5755.000000,5757.500000,5740.100000,5740.450000,832
2021-08-26T11:45:00+05:30,5743.850000,5743.850000,5730.000000,5732.050000,896
2021-08-26T12:00:00+05:30,5732.050000,5738.200000,5725.000000,5728.400000,1430
2021-08-26T12:15:00+05:30,5728.400000,5747.900000,5727.000000,5741.900000,1392
2021-08-26T12:30:00+05:30,5741.900000,5741.900000,5731.500000,5733.750000,547
2021-08-26T12:45:00+05:30,5733.750000,5735.300000,5725.450000,5726.700000,622
2021-08-26T13:00:00+05:30,5726.700000,5739.150000,5726.700000,5739.150000,1501
2021-08-26T13:15:00+05:30,5739.150000,5741.450000,5730.700000,5731.250000,423
2021-08-26T13:30:00+05:30,5731.250000,5738.950000,5728.050000,5738.950000,527
2021-08-26T13:45:00+05:30,5738.950000,5738.950000,5711.300000,5721.550000,1646
2021-08-26T14:00:00+05:30,5721.550000,5728.450000,5716.000000,5727.850000,868
2021-08-26T14:15:00+05:30,5721.350000,5725.100000,5695.000000,5707.100000,1536
2021-08-26T14:30:00+05:30,5707.100000,5715.800000,5697.350000,5697.350000,839
2021-08-26T14:45:00+05:30,5697.350000,5706.000000,5693.050000,5700.950000,865
2021-08-26T15:00:00+05:30,5700.950000,5706.550000,5694.000000,5701.850000,1395
2021-08-26T15:15:00+05:30,5701.850000,5709.000000,5683.000000,5700.000000,2617
2021-08-27T09:15:00+05:30,5694.000000,5700.000000,5618.000000,5640.000000,7734
2021-08-27T09:30:00+05:30,5640.000000,5695.500000,5636.100000,5685.050000,2955
2021-08-27T09:45:00+05:30,5685.050000,5695.750000,5675.950000,5681.650000,1000
2021-08-27T10:00:00+05:30,5681.650000,5733.300000,5678.000000,5715.450000,3411
2021-08-27T10:15:00+05:30,5715.450000,5724.000000,5706.850000,5710.250000,828
2021-08-27T10:30:00+05:30,5710.250000,5720.000000,5704.100000,5704.100000,507
2021-08-27T10:45:00+05:30,5704.100000,5714.950000,5683.600000,5709.900000,977
2021-08-27T11:00:00+05:30,5709.900000,5710.000000,5701.350000,5705.700000,106
2021-08-27T11:15:00+05:30,5705.700000,5724.000000,5690.050000,5699.450000,2978
2021-08-27T11:30:00+05:30,5699.450000,5700.000000,5693.000000,5700.000000,215
2021-08-27T11:45:00+05:30,5700.000000,5700.000000,5677.700000,5696.150000,666
2021-08-27T12:00:00+05:30,5696.150000,5699.950000,5685.100000,5689.950000,334
2021-08-27T12:15:00+05:30,5689.950000,5691.350000,5680.000000,5690.000000,641
2021-08-27T12:30:00+05:30,5690.000000,5699.600000,5688.000000,5688.000000,325
2021-08-27T12:45:00+05:30,5688.000000,5688.000000,5680.350000,5680.600000,690
2021-08-27T13:00:00+05:30,5680.600000,5699.950000,5680.600000,5699.950000,396
2021-08-27T13:15:00+05:30,5699.950000,5700.000000,5684.400000,5684.400000,200
2021-08-27T13:30:00+05:30,5684.400000,5702.450000,5684.400000,5695.450000,435
2021-08-27T13:45:00+05:30,5695.450000,5705.850000,5692.000000,5699.650000,1111
2021-08-27T14:00:00+05:30,5699.650000,5699.650000,5691.050000,5696.000000,92
2021-08-27T14:15:00+05:30,5696.000000,5696.700000,5685.050000,5689.950000,381
2021-08-27T14:30:00+05:30,5685.150000,5707.450000,5685.150000,5696.750000,1601
2021-08-27T14:45:00+05:30,5696.750000,5700.500000,5687.000000,5692.000000,1620
2021-08-27T15:00:00+05:30,5692.000000,5698.950000,5686.000000,5690.950000,1917
2021-08-27T15:15:00+05:30,5690.950000,5700.000000,5680.000000,5694.000000,3943
2021-08-30T09:15:00+05:30,5693.950000,5738.950000,5693.950000,5710.500000,1455
2021-08-30T09:30:00+05:30,5710.500000,5728.000000,5699.900000,5720.650000,1511
2021-08-30T09:45:00+05:30,5720.650000,5722.000000,5601.450000,5690.300000,6901
2021-08-30T10:00:00+05:30,5690.300000,5690.300000,5656.000000,5665.000000,3105
2021-08-30T10:15:00+05:30,5665.000000,5681.400000,5641.500000,5647.750000,2563
2021-08-30T10:30:00+05:30,5647.750000,5658.250000,5633.250000,5638.150000,2272
2021-08-30T10:45:00+05:30,5638.150000,5647.500000,5618.000000,5636.500000,2253
2021-08-30T11:00:00+05:30,5636.500000,5660.950000,5632.250000,5643.000000,2506
2021-08-30T11:15:00+05:30,5643.000000,5653.250000,5640.050000,5642.150000,848
2021-08-30T11:30:00+05:30,5642.150000,5660.950000,5641.200000,5652.650000,661
2021-08-30T11:45:00+05:30,5652.650000,5658.600000,5641.350000,5649.000000,799
2021-08-30T12:00:00+05:30,5652.000000,5656.450000,5642.700000,5656.050000,929
2021-08-30T12:15:00+05:30,5656.050000,5687.950000,5650.000000,5650.000000,4170
2021-08-30T12:30:00+05:30,5650.000000,5670.000000,5650.000000,5665.350000,540
2021-08-30T12:45:00+05:30,5665.350000,5693.600000,5665.350000,5680.000000,900
2021-08-30T13:00:00+05:30,5684.850000,5693.950000,5681.400000,5690.000000,362
2021-08-30T13:15:00+05:30,5690.000000,5696.000000,5681.400000,5688.750000,856
2021-08-30T13:30:00+05:30,5692.100000,5692.900000,5682.300000,5689.000000,535
2021-08-30T13:45:00+05:30,5689.000000,5699.350000,5688.900000,5698.000000,1133
2021-08-30T14:00:00+05:30,5698.000000,5708.150000,5695.500000,5706.000000,1241
2021-08-30T14:15:00+05:30,5702.650000,5728.000000,5697.200000,5727.000000,2129
2021-08-30T14:30:00+05:30,5727.000000,5767.400000,5723.000000,5748.500000,7650
2021-08-30T14:45:00+05:30,5748.500000,5748.500000,5722.600000,5730.900000,1986
2021-08-30T15:00:00+05:30,5730.900000,5742.000000,5724.150000,5724.150000,1478
2021-08-30T15:15:00+05:30,5724.150000,5744.950000,5716.250000,5722.000000,3672
2021-08-31T09:15:00+05:30,5764.500000,5764.500000,5710.050000,5725.000000,2523
2021-08-31T09:30:00+05:30,5725.000000,5748.850000,5700.000000,5728.100000,1241
2021-08-31T09:45:00+05:30,5728.100000,5772.000000,5728.100000,5767.000000,1356
2021-08-31T10:00:00+05:30,5767.000000,5770.000000,5757.200000,5767.000000,867
2021-08-31T10:15:00+05:30,5767.000000,5769.000000,5740.000000,5748.800000,1181
2021-08-31T10:30:00+05:30,5748.800000,5760.000000,5742.400000,5759.350000,611
2021-08-31T10:45:00+05:30,5759.350000,5768.900000,5755.000000,5755.000000,577
2021-08-31T11:00:00+05:30,5755.000000,5760.000000,5735.000000,5754.950000,1025
2021-08-31T11:15:00+05:30,5754.950000,5754.950000,5715.150000,5724.000000,2802
2021-08-31T11:30:00+05:30,5724.000000,5728.250000,5720.000000,5725.000000,560
2021-08-31T11:45:00+05:30,5725.000000,5729.650000,5724.000000,5724.000000,266
2021-08-31T12:00:00+05:30,5724.000000,5725.000000,5695.000000,5705.350000,3937
2021-08-31T12:15:00+05:30,5709.950000,5719.800000,5705.000000,5708.200000,908
2021-08-31T12:30:00+05:30,5708.200000,5715.000000,5708.100000,5710.050000,649
2021-08-31T12:45:00+05:30,5710.050000,5729.350000,5710.000000,5710.200000,2076
2021-08-31T13:00:00+05:30,5710.200000,5726.800000,5710.000000,5710.200000,1151
2021-08-31T13:15:00+05:30,5715.350000,5733.000000,5710.350000,5726.450000,738
2021-08-31T13:30:00+05:30,5730.400000,5730.400000,5711.050000,5711.650000,754
2021-08-31T13:45:00+05:30,5711.650000,5725.000000,5710.000000,5715.100000,597
2021-08-31T14:00:00+05:30,5714.650000,5721.350000,5711.350000,5714.600000,1417
2021-08-31T14:15:00+05:30,5714.600000,5726.900000,5714.600000,5718.400000,571
2021-08-31T14:30:00+05:30,5718.400000,5750.150000,5711.150000,5745.000000,1974
2021-08-31T14:45:00+05:30,5745.000000,5750.000000,5720.400000,5722.650000,1287
2021-08-31T15:00:00+05:30,5722.650000,5741.950000,5710.800000,5711.700000,1258
2021-08-31T15:15:00+05:30,5711.700000,5734.950000,5707.000000,5708.100000,2589
2021-09-01T09:15:00+05:30,5725.050000,5792.800000,5724.050000,5779.950000,2997
2021-09-01T09:30:00+05:30,5779.950000,5799.000000,5768.050000,5780.200000,3700
2021-09-01T09:45:00+05:30,5780.200000,5781.900000,5747.000000,5760.500000,1155
2021-09-01T10:00:00+05:30,5760.500000,5774.500000,5750.100000,5768.800000,1165
2021-09-01T10:15:00+05:30,5768.800000,5776.850000,5751.000000,5757.550000,839
2021-09-01T10:30:00+05:30,5756.500000,5804.900000,5752.700000,5797.200000,4551
2021-09-01T10:45:00+05:30,5797.350000,5858.800000,5790.750000,5835.000000,13891
2021-09-01T11:00:00+05:30,5835.000000,5843.350000,5815.000000,5825.000000,5075
2021-09-01T11:15:00+05:30,5825.000000,5847.650000,5825.000000,5830.450000,2757
2021-09-01T11:30:00+05:30,5830.450000,5843.900000,5827.650000,5843.900000,1675
2021-09-01T11:45:00+05:30,5843.900000,5845.000000,5825.000000,5832.050000,693
2021-09-01T12:00:00+05:30,5832.050000,5837.100000,5817.850000,5819.500000,1168
2021-09-01T12:15:00+05:30,5819.500000,5844.800000,5812.300000,5836.950000,2438
2021-09-01T12:30:00+05:30,5836.950000,5858.000000,5822.050000,5852.000000,3988
2021-09-01T12:45:00+05:30,5857.000000,5874.800000,5848.000000,5874.000000,7390
2021-09-01T13:00:00+05:30,5869.200000,5873.800000,5856.700000,5856.950000,2390
2021-09-01T13:15:00+05:30,5864.200000,5867.950000,5822.600000,5830.250000,2534
2021-09-01T13:30:00+05:30,5830.250000,5869.550000,5830.000000,5851.400000,2519
2021-09-01T13:45:00+05:30,5851.400000,5858.050000,5831.550000,5850.050000,894
2021-09-01T14:00:00+05:30,5850.050000,5858.050000,5840.150000,5845.000000,1384
2021-09-01T14:15:00+05:30,5845.000000,5869.900000,5840.200000,5851.300000,4714
2021-09-01T14:30:00+05:30,5851.300000,5860.650000,5846.050000,5857.000000,1756
2021-09-01T14:45:00+05:30,5857.000000,5857.750000,5835.250000,5850.000000,1580
2021-09-01T15:00:00+05:30,5847.200000,5860.000000,5831.150000,5838.750000,2040
2021-09-01T15:15:00+05:30,5838.750000,5850.000000,5827.350000,5848.550000,4956
2021-09-02T09:15:00+05:30,5836.000000,5935.900000,5836.000000,5920.200000,15886
2021-09-02T09:30:00+05:30,5920.200000,5926.950000,5870.700000,5910.000000,5571
2021-09-02T09:45:00+05:30,5910.000000,5928.650000,5899.100000,5905.050000,3348
2021-09-02T10:00:00+05:30,5905.050000,5957.000000,5905.050000,5948.000000,13248
2021-09-02T10:15:00+05:30,5948.000000,5948.000000,5927.550000,5934.650000,3446
2021-09-02T10:30:00+05:30,5934.650000,5938.000000,5905.500000,5929.600000,2036
2021-09-02T10:45:00+05:30,5929.600000,5936.000000,5923.700000,5936.000000,954
2021-09-02T11:00:00+05:30,5936.000000,5940.000000,5929.900000,5933.850000,1253
2021-09-02T11:15:00+05:30,5933.850000,5939.000000,5928.050000,5938.650000,2100
2021-09-02T11:30:00+05:30,5938.650000,5948.000000,5930.150000,5945.450000,2264
2021-09-02T11:45:00+05:30,5945.450000,5945.450000,5915.050000,5924.800000,1605
2021-09-02T12:00:00+05:30,5924.800000,5927.000000,5917.050000,5927.000000,653
2021-09-02T12:15:00+05:30,5927.000000,5939.000000,5921.500000,5929.000000,750
2021-09-02T12:30:00+05:30,5929.000000,5929.550000,5918.050000,5927.100000,1111
2021-09-02T12:45:00+05:30,5927.100000,5927.100000,5901.000000,5926.400000,1392
2021-09-02T13:00:00+05:30,5926.400000,5929.400000,5920.050000,5926.600000,841
2021-09-02T13:15:00+05:30,5926.600000,5937.000000,5923.800000,5933.200000,883
2021-09-02T13:30:00+05:30,5933.200000,5933.250000,5925.000000,5932.350000,588
2021-09-02T13:45:00+05:30,5932.300000,5932.300000,5919.000000,5923.350000,858
2021-09-02T14:00:00+05:30,5923.350000,5923.350000,5906.150000,5914.650000,1268
2021-09-02T14:15:00+05:30,5914.650000,5925.000000,5908.100000,5920.500000,527
2021-09-02T14:30:00+05:30,5920.500000,5926.650000,5916.000000,5925.000000,814
2021-09-02T14:45:00+05:30,5922.200000,5950.000000,5921.950000,5950.000000,6572
2021-09-02T15:00:00+05:30,5947.400000,5968.050000,5932.800000,5964.000000,10364
2021-09-02T15:15:00+05:30,5964.000000,5971.300000,5954.000000,5960.000000,5783
2021-09-03T09:15:00+05:30,5990.000000,6068.550000,5958.900000,6043.450000,23104
2021-09-03T09:30:00+05:30,6043.450000,6059.900000,5987.000000,6016.950000,10326
2021-09-03T09:45:00+05:30,6016.950000,6086.250000,6009.050000,6060.000000,17790
2021-09-03T10:00:00+05:30,6060.000000,6088.000000,6045.300000,6066.950000,7817
2021-09-03T10:15:00+05:30,6066.950000,6077.300000,6051.650000,6051.650000,2544
2021-09-03T10:30:00+05:30,6051.650000,6059.950000,6033.500000,6035.400000,2926
2021-09-03T10:45:00+05:30,6035.400000,6049.000000,6021.000000,6048.000000,1822
2021-09-03T11:00:00+05:30,6048.000000,6050.000000,6025.000000,6025.000000,2475
2021-09-03T11:15:00+05:30,6025.000000,6035.000000,6020.100000,6033.850000,1111
2021-09-03T11:30:00+05:30,6033.850000,6033.850000,6003.300000,6009.500000,2460
2021-09-03T11:45:00+05:30,6009.500000,6028.000000,6009.500000,6018.450000,906
2021-09-03T12:00:00+05:30,6018.450000,6037.300000,5999.950000,6033.250000,3062
2021-09-03T12:15:00+05:30,6033.250000,6047.950000,6030.000000,6035.400000,1378
2021-09-03T12:30:00+05:30,6035.400000,6045.000000,6031.900000,6032.900000,848
2021-09-03T12:45:00+05:30,6032.900000,6039.100000,6026.750000,6033.800000,812
2021-09-03T13:00:00+05:30,6033.800000,6034.850000,6020.300000,6029.500000,577
2021-09-03T13:15:00+05:30,6029.500000,6029.850000,6018.750000,6023.000000,427
2021-09-03T13:30:00+05:30,6023.000000,6049.000000,6014.100000,6042.100000,2985
2021-09-03T13:45:00+05:30,6042.100000,6053.650000,6031.650000,6036.700000,2231
2021-09-03T14:00:00+05:30,6036.700000,6036.700000,6011.100000,6028.000000,2041
2021-09-03T14:15:00+05:30,6028.000000,6035.850000,6010.000000,6030.100000,1626
2021-09-03T14:30:00+05:30,6030.100000,6047.750000,6030.100000,6042.100000,2564
2021-09-03T14:45:00+05:30,6044.700000,6048.000000,6037.450000,6040.000000,3767
2021-09-03T15:00:00+05:30,6041.000000,6050.000000,6030.000000,6037.300000,5035
2021-09-03T15:15:00+05:30,6033.000000,6044.950000,6016.050000,6019.000000,6777
2021-09-06T09:15:00+05:30,6019.000000,6094.000000,6009.650000,6060.000000,7226
2021-09-06T09:30:00+05:30,6060.000000,6073.050000,6044.000000,6048.000000,2364
2021-09-06T09:45:00+05:30,6048.000000,6070.500000,6043.050000,6065.750000,3484
2021-09-06T10:00:00+05:30,6065.750000,6074.000000,6056.000000,6059.850000,1385
2021-09-06T10:15:00+05:30,6059.850000,6062.350000,6047.050000,6060.000000,998
2021-09-06T10:30:00+05:30,6063.550000,6075.000000,6051.050000,6066.250000,2355
2021-09-06T10:45:00+05:30,6066.250000,6068.200000,6051.400000,6057.800000,1320
2021-09-06T11:00:00+05:30,6057.800000,6072.000000,6057.000000,6057.000000,1309
2021-09-06T11:15:00+05:30,6057.000000,6062.950000,6041.100000,6041.100000,905
2021-09-06T11:30:00+05:30,6044.350000,6049.950000,6026.000000,6049.950000,1064
2021-09-06T11:45:00+05:30,6049.950000,6050.000000,6033.900000,6038.100000,540
2021-09-06T12:00:00+05:30,6038.100000,6045.100000,6028.750000,6045.100000,557
2021-09-06T12:15:00+05:30,6046.700000,6049.650000,6038.150000,6046.750000,434
2021-09-06T12:30:00+05:30,6046.750000,6048.500000,6038.950000,6045.000000,581
2021-09-06T12:45:00+05:30,6045.000000,6048.000000,6038.400000,6046.000000,597
2021-09-06T13:00:00+05:30,6046.000000,6049.950000,6040.000000,6041.000000,178
2021-09-06T13:15:00+05:30,6041.000000,6046.350000,6026.000000,6034.900000,1247
2021-09-06T13:30:00+05:30,6034.900000,6040.550000,6027.050000,6039.850000,425
2021-09-06T13:45:00+05:30,6039.850000,6039.850000,6022.050000,6030.750000,580
2021-09-06T14:00:00+05:30,6030.750000,6039.900000,6025.250000,6026.850000,356
2021-09-06T14:15:00+05:30,6031.500000,6040.000000,6021.200000,6033.250000,1408
2021-09-06T14:30:00+05:30,6033.250000,6050.000000,6033.250000,6050.000000,485
2021-09-06T14:45:00+05:30,6050.000000,6050.000000,6034.150000,6040.600000,952
2021-09-06T15:00:00+05:30,6040.600000,6048.950000,6038.050000,6042.000000,1076
2021-09-06T15:15:00+05:30,6042.000000,6042.000000,6026.600000,6040.000000,3181
2021-09-07T09:15:00+05:30,6027.000000,6086.850000,6022.000000,6044.850000,3772
2021-09-07T09:30:00+05:30,6044.850000,6068.450000,6030.000000,6060.000000,2137
2021-09-07T09:45:00+05:30,6060.000000,6061.950000,6033.800000,6047.850000,2334
2021-09-07T10:00:00+05:30,6047.850000,6047.850000,6001.250000,6021.700000,2969
2021-09-07T10:15:00+05:30,6021.700000,6027.550000,6010.000000,6024.000000,879
2021-09-07T10:30:00+05:30,6024.000000,6024.000000,6003.650000,6022.900000,1438
2021-09-07T10:45:00+05:30,6022.900000,6038.850000,6018.050000,6034.900000,1606
2021-09-07T11:00:00+05:30,6034.900000,6056.050000,6029.750000,6053.950000,1994
2021-09-07T11:15:00+05:30,6053.950000,6053.950000,6043.500000,6048.750000,1066
2021-09-07T11:30:00+05:30,6048.750000,6049.000000,6043.500000,6047.000000,425
2021-09-07T11:45:00+05:30,6047.000000,6047.000000,6043.500000,6046.000000,420
2021-09-07T12:00:00+05:30,6046.000000,6047.000000,6043.550000,6046.950000,411
2021-09-07T12:15:00+05:30,6046.950000,6060.000000,6043.500000,6056.000000,3022
2021-09-07T12:30:00+05:30,6056.000000,6068.000000,6050.550000,6059.800000,1336
2021-09-07T12:45:00+05:30,6055.500000,6066.000000,6055.500000,6065.750000,517
2021-09-07T13:00:00+05:30,6065.750000,6065.750000,6049.700000,6056.900000,766
2021-09-07T13:15:00+05:30,6056.900000,6059.650000,6046.350000,6054.850000,633
2021-09-07T13:30:00+05:30,6050.000000,6055.000000,6043.500000,6047.650000,970
2021-09-07T13:45:00+05:30,6047.650000,6053.000000,6043.500000,6046.900000,2300
2021-09-07T14:00:00+05:30,6046.900000,6049.300000,6043.500000,6049.300000,1299
2021-09-07T14:15:00+05:30,6049.300000,6051.900000,6043.500000,6050.000000,1712
2021-09-07T14:30:00+05:30,6050.000000,6055.600000,6020.000000,6028.150000,4495
2021-09-07T14:45:00+05:30,6028.150000,6057.500000,6010.050000,6056.000000,5650
2021-09-07T15:00:00+05:30,6056.000000,6066.000000,6044.150000,6055.950000,4995
2021-09-07T15:15:00+05:30,6055.950000,6060.050000,6024.000000,6024.000000,5043
2021-09-08T09:15:00+05:30,6049.000000,6049.000000,6010.700000,6021.000000,2553
2021-09-08T09:30:00+05:30,6021.000000,6022.350000,5986.300000,6006.100000,2838
2021-09-08T09:45:00+05:30,6006.100000,6035.150000,6002.650000,6026.900000,1543
2021-09-08T10:00:00+05:30,6026.900000,6032.000000,6002.500000,6009.150000,757
2021-09-08T10:15:00+05:30,6009.150000,6021.000000,5985.000000,6007.400000,2273
2021-09-08T10:30:00+05:30,6007.400000,6025.150000,6000.500000,6025.100000,1194
2021-09-08T10:45:00+05:30,6025.100000,6027.000000,6017.100000,6024.750000,741
2021-09-08T11:00:00+05:30,6025.950000,6027.000000,6013.350000,6023.000000,1161
2021-09-08T11:15:00+05:30,6023.000000,6036.400000,6020.050000,6032.500000,2337
2021-09-08T11:30:00+05:30,6032.500000,6040.550000,6025.000000,6038.700000,1962
2021-09-08T11:45:00+05:30,6038.700000,6060.000000,6032.900000,6058.000000,1568
2021-09-08T12:00:00+05:30,6059.600000,6060.000000,6025.750000,6045.000000,2196
2021-09-08T12:15:00+05:30,6045.000000,6054.850000,6026.350000,6042.200000,1922
2021-09-08T12:30:00+05:30,6042.200000,6049.000000,6021.750000,6042.900000,2896
2021-09-08T12:45:00+05:30,6042.900000,6056.600000,6041.000000,6051.850000,2061
2021-09-08T13:00:00+05:30,6051.850000,6052.000000,6021.100000,6033.500000,2400
2021-09-08T13:15:00+05:30,6033.300000,6169.000000,6031.450000,6120.850000,25848
2021-09-08T13:30:00+05:30,6116.800000,6134.150000,6082.200000,6121.600000,10683
2021-09-08T13:45:00+05:30,6121.600000,6146.400000,6111.250000,6138.850000,5804
2021-09-08T14:00:00+05:30,6138.850000,6165.000000,6093.000000,6105.000000,11270
2021-09-08T14:15:00+05:30,6105.000000,6108.850000,6086.100000,6095.150000,2738
2021-09-08T14:30:00+05:30,6095.150000,6108.950000,6091.100000,6091.200000,1289
2021-09-08T14:45:00+05:30,6091.200000,6104.950000,6064.650000,6070.100000,5093
2021-09-08T15:00:00+05:30,6070.100000,6129.000000,6070.100000,6104.450000,7082
2021-09-08T15:15:00+05:30,6091.800000,6115.000000,6084.750000,6100.000000,4991
2021-09-09T09:15:00+05:30,6113.950000,6120.500000,6069.750000,6081.100000,4158
2021-09-09T09:30:00+05:30,6081.100000,6085.750000,6061.100000,6074.150000,1103
2021-09-09T09:45:00+05:30,6074.150000,6085.000000,6066.950000,6066.950000,562
2021-09-09T10:00:00+05:30,6072.000000,6075.900000,6065.000000,6067.000000,631
2021-09-09T10:15:00+05:30,6067.000000,6076.250000,6061.100000,6064.750000,587
2021-09-09T10:30:00+05:30,6064.750000,6065.250000,6023.000000,6023.000000,1158
2021-09-09T10:45:00+05:30,6023.000000,6063.500000,6023.000000,6063.500000,3753
2021-09-09T11:00:00+05:30,6063.500000,6075.000000,6030.000000,6051.000000,17116
2021-09-09T11:15:00+05:30,6050.950000,6064.950000,6031.050000,6054.200000,9194
2021-09-09T11:30:00+05:30,6048.450000,6055.950000,6045.600000,6054.250000,795
2021-09-09T11:45:00+05:30,6054.250000,6072.950000,6052.450000,6072.400000,1561
2021-09-09T12:00:00+05:30,6072.400000,6079.900000,6070.000000,6070.450000,1299
2021-09-09T12:15:00+05:30,6070.450000,6084.500000,6070.400000,6082.000000,607
2021-09-09T12:30:00+05:30,6082.000000,6088.000000,6078.950000,6080.000000,667
2021-09-09T12:45:00+05:30,6080.000000,6090.000000,6078.200000,6090.000000,638
2021-09-09T13:00:00+05:30,6090.000000,6092.000000,6080.000000,6087.200000,1131
2021-09-09T13:15:00+05:30,6087.200000,6096.400000,6083.800000,6090.350000,790
2021-09-09T13:30:00+05:30,6090.350000,6096.600000,6088.400000,6092.000000,751
2021-09-09T13:45:00+05:30,6092.000000,6102.000000,6091.400000,6099.000000,1482
2021-09-09T14:00:00+05:30,6099.000000,6105.950000,6094.650000,6100.050000,714
2021-09-09T14:15:00+05:30,6100.050000,6102.750000,6090.000000,6099.500000,2427
2021-09-09T14:30:00+05:30,6099.500000,6109.900000,6097.000000,6105.450000,1468
2021-09-09T14:45:00+05:30,6105.450000,6110.000000,6091.450000,6100.000000,2413
2021-09-09T15:00:00+05:30,6100.600000,6115.500000,6095.950000,6099.000000,4798
2021-09-09T15:15:00+05:30,6099.000000,6107.600000,6088.000000,6098.000000,5489
2021-09-13T09:15:00+05:30,6102.750000,6145.250000,6069.800000,6100.000000,4976
2021-09-13T09:30:00+05:30,6100.000000,6121.850000,6090.000000,6090.100000,1507
2021-09-13T09:45:00+05:30,6090.100000,6093.950000,6052.250000,6061.600000,2329
2021-09-13T10:00:00+05:30,6060.250000,6073.650000,6055.550000,6068.000000,635
2021-09-13T10:15:00+05:30,6068.000000,6077.150000,6065.150000,6066.100000,345
2021-09-13T10:30:00+05:30,6066.100000,6077.750000,6066.100000,6072.900000,408
2021-09-13T10:45:00+05:30,6072.900000,6083.000000,6066.650000,6078.300000,373
2021-09-13T11:00:00+05:30,6079.700000,6080.950000,6067.300000,6071.450000,278
2021-09-13T11:15:00+05:30,6071.450000,6084.050000,6068.250000,6080.200000,294
2021-09-13T11:30:00+05:30,6080.200000,6080.200000,6076.700000,6080.200000,310
2021-09-13T11:45:00+05:30,6080.200000,6089.700000,6080.100000,6086.500000,388
2021-09-13T12:00:00+05:30,6086.500000,6089.750000,6084.750000,6084.750000,422
2021-09-13T12:15:00+05:30,6084.750000,6089.650000,6080.950000,6089.650000,262
2021-09-13T12:30:00+05:30,6089.650000,6091.400000,6084.450000,6090.050000,476
2021-09-13T12:45:00+05:30,6090.050000,6099.050000,6090.000000,6093.850000,541
2021-09-13T13:00:00+05:30,6093.850000,6093.850000,6084.400000,6090.000000,221
2021-09-13T13:15:00+05:30,6090.050000,6100.000000,6090.000000,6098.000000,346
2021-09-13T13:30:00+05:30,6098.000000,6099.850000,6093.350000,6098.700000,211
2021-09-13T13:45:00+05:30,6098.700000,6139.900000,6092.350000,6119.100000,3967
2021-09-13T14:00:00+05:30,6115.350000,6133.000000,6090.050000,6101.300000,7385
2021-09-13T14:15:00+05:30,6101.300000,6105.750000,6091.300000,6098.700000,994
2021-09-13T14:30:00+05:30,6098.700000,6103.650000,6084.100000,6103.500000,900
2021-09-13T14:45:00+05:30,6103.500000,6103.500000,6081.000000,6082.700000,1012
2021-09-13T15:00:00+05:30,6082.700000,6100.000000,6079.450000,6091.050000,2595
2021-09-13T15:15:00+05:30,6091.050000,6103.000000,6072.200000,6072.200000,4405
2021-09-14T09:15:00+05:30,6090.400000,6109.400000,6081.500000,6096.750000,1560
2021-09-14T09:30:00+05:30,6096.450000,6110.000000,6089.000000,6089.000000,1266
2021-09-14T09:45:00+05:30,6089.000000,6089.000000,6060.900000,6068.200000,1161
2021-09-14T10:00:00+05:30,6068.200000,6072.200000,6050.100000,6055.000000,2089
2021-09-14T10:15:00+05:30,6055.000000,6072.750000,6051.500000,6052.150000,777
2021-09-14T10:30:00+05:30,6052.150000,6064.800000,6022.350000,6035.900000,3450
2021-09-14T10:45:00+05:30,6034.000000,6063.250000,6029.200000,6063.250000,1132
2021-09-14T11:00:00+05:30,6063.250000,6064.000000,6042.800000,6044.350000,1151
2021-09-14T11:15:00+05:30,6048.750000,6051.650000,6044.300000,6047.200000,436
2021-09-14T11:30:00+05:30,6047.200000,6056.200000,6043.350000,6055.100000,550
2021-09-14T11:45:00+05:30,6055.100000,6058.250000,6047.850000,6055.800000,493
2021-09-14T12:00:00+05:30,6055.800000,6060.000000,6051.450000,6059.450000,311
2021-09-14T12:15:00+05:30,6059.450000,6059.450000,6045.150000,6053.200000,253
2021-09-14T12:30:00+05:30,6053.200000,6058.850000,6045.500000,6052.600000,287
2021-09-14T12:45:00+05:30,6048.400000,6053.650000,6032.600000,6045.000000,1417
2021-09-14T13:00:00+05:30,6045.000000,6045.000000,6032.150000,6037.950000,319
2021-09-14T13:15:00+05:30,6037.950000,6055.000000,6032.500000,6048.300000,407
2021-09-14T13:30:00+05:30,6048.300000,6048.300000,6036.400000,6036.400000,79
2021-09-14T13:45:00+05:30,6036.400000,6045.700000,6034.650000,6042.200000,185
2021-09-14T14:00:00+05:30,6042.200000,6042.200000,6035.000000,6036.350000,488
2021-09-14T14:15:00+05:30,6036.350000,6044.900000,6032.000000,6033.450000,329
2021-09-14T14:30:00+05:30,6033.450000,6037.950000,6030.000000,6037.000000,500
2021-09-14T14:45:00+05:30,6037.000000,6056.000000,6032.250000,6050.950000,914
2021-09-14T15:00:00+05:30,6048.850000,6062.900000,6048.100000,6055.850000,2060
2021-09-14T15:15:00+05:30,6055.850000,6059.200000,6038.450000,6050.000000,3671
2021-09-15T09:15:00+05:30,6021.050000,6046.650000,6021.050000,6030.000000,977
2021-09-15T09:30:00+05:30,6030.000000,6039.150000,6020.000000,6024.250000,2301
2021-09-15T09:45:00+05:30,6023.300000,6045.800000,6023.300000,6043.450000,1505
2021-09-15T10:00:00+05:30,6043.450000,6043.800000,6030.000000,6030.000000,253
2021-09-15T10:15:00+05:30,6030.000000,6055.400000,6030.000000,6039.500000,848
2021-09-15T10:30:00+05:30,6039.500000,6046.600000,6035.200000,6036.000000,451
2021-09-15T10:45:00+05:30,6036.000000,6041.650000,6027.350000,6027.350000,417
2021-09-15T11:00:00+05:30,6027.350000,6031.950000,6021.750000,6029.600000,629
2021-09-15T11:15:00+05:30,6029.600000,6030.600000,6021.750000,6022.550000,723
2021-09-15T11:30:00+05:30,6022.550000,6029.850000,5995.000000,5998.800000,4312
2021-09-15T11:45:00+05:30,5998.800000,6000.000000,5994.050000,5996.350000,1871
2021-09-15T12:00:00+05:30,5996.350000,6004.000000,5985.050000,6004.000000,1742
2021-09-15T12:15:00+05:30,6004.050000,6016.900000,5997.900000,6004.900000,2009
2021-09-15T12:30:00+05:30,6004.900000,6004.900000,5995.050000,5995.950000,917
2021-09-15T12:45:00+05:30,5995.950000,6012.500000,5995.950000,6004.200000,877
2021-09-15T13:00:00+05:30,6004.200000,6011.950000,6004.200000,6007.050000,390
2021-09-15T13:15:00+05:30,6007.050000,6007.050000,5997.100000,6001.600000,1103
2021-09-15T13:30:00+05:30,6001.600000,6002.950000,5995.950000,6000.800000,899
2021-09-15T13:45:00+05:30,6000.800000,6000.800000,5995.700000,5997.000000,353
2021-09-15T14:00:00+05:30,5997.000000,6008.450000,5992.000000,5998.000000,2978
2021-09-15T14:15:00+05:30,5998.000000,6001.000000,5993.050000,5997.000000,1270
2021-09-15T14:30:00+05:30,5997.000000,6001.000000,5992.000000,6001.000000,781
2021-09-15T14:45:00+05:30,6001.000000,6009.900000,5995.000000,6000.000000,1763
2021-09-15T15:00:00+05:30,6000.000000,6000.000000,5993.000000,5998.000000,2317
2021-09-15T15:15:00+05:30,5997.050000,6000.000000,5990.100000,5998.000000,3292
2021-09-16T09:15:00+05:30,5998.100000,6033.650000,5980.000000,5994.900000,2970
2021-09-16T09:30:00+05:30,5994.900000,5999.900000,5951.900000,5975.400000,2177
2021-09-16T09:45:00+05:30,5975.400000,5983.850000,5960.600000,5960.600000,625
2021-09-16T10:00:00+05:30,5960.400000,5970.300000,5942.700000,5956.350000,998
2021-09-16T10:15:00+05:30,5956.350000,5966.450000,5955.000000,5959.000000,448
2021-09-16T10:30:00+05:30,5959.000000,5979.800000,5952.550000,5979.800000,852
2021-09-16T10:45:00+05:30,5979.800000,5981.700000,5955.750000,5960.850000,829
2021-09-16T11:00:00+05:30,5960.850000,5967.200000,5956.000000,5962.000000,234
2021-09-16T11:15:00+05:30,5962.000000,5967.500000,5959.000000,5967.150000,149
2021-09-16T11:30:00+05:30,5967.150000,5967.150000,5959.000000,5960.150000,165
2021-09-16T11:45:00+05:30,5966.400000,5973.000000,5960.000000,5969.050000,378
2021-09-16T12:00:00+05:30,5969.050000,5975.000000,5968.700000,5970.000000,202
2021-09-16T12:15:00+05:30,5970.000000,5972.000000,5968.000000,5968.000000,129
2021-09-16T12:30:00+05:30,5968.000000,5972.000000,5968.000000,5972.000000,243
2021-09-16T12:45:00+05:30,5972.000000,5975.000000,5965.250000,5973.000000,479
2021-09-16T13:00:00+05:30,5973.000000,5985.000000,5973.000000,5980.400000,576
2021-09-16T13:15:00+05:30,5980.400000,5999.200000,5980.400000,5999.200000,989
2021-09-16T13:30:00+05:30,5999.200000,6009.950000,5992.650000,6006.050000,4145
2021-09-16T13:45:00+05:30,6006.050000,6018.000000,6004.350000,6018.000000,1278
2021-09-16T14:00:00+05:30,6018.000000,6022.650000,6007.300000,6013.900000,1413
2021-09-16T14:15:00+05:30,6013.950000,6013.950000,6000.000000,6009.900000,907
2021-09-16T14:30:00+05:30,6009.900000,6015.000000,6006.550000,6009.500000,713
2021-09-16T14:45:00+05:30,6009.500000,6020.000000,6004.000000,6015.000000,3245
2021-09-16T15:00:00+05:30,6017.000000,6034.100000,6013.600000,6017.850000,2877
2021-09-16T15:15:00+05:30,6017.850000,6027.050000,5960.200000,5961.500000,5060
2021-09-17T09:15:00+05:30,5989.000000,5989.000000,5925.000000,5961.000000,6026
2021-09-17T09:30:00+05:30,5961.000000,5979.000000,5961.000000,5966.000000,1566
2021-09-17T09:45:00+05:30,5966.000000,5984.600000,5962.050000,5977.350000,1235
2021-09-17T10:00:00+05:30,5977.350000,5977.350000,5963.100000,5970.100000,385
2021-09-17T10:15:00+05:30,5970.100000,5975.000000,5961.000000,5961.000000,1135
2021-09-17T10:30:00+05:30,5961.000000,5970.250000,5961.000000,5965.700000,313
2021-09-17T10:45:00+05:30,5965.700000,5971.700000,5963.000000,5971.250000,530
2021-09-17T11:00:00+05:30,5971.250000,5972.150000,5953.050000,5960.600000,921
2021-09-17T11:15:00+05:30,5960.600000,5963.450000,5949.000000,5949.000000,637
2021-09-17T11:30:00+05:30,5949.000000,5952.050000,5890.550000,5897.200000,3332
2021-09-17T11:45:00+05:30,5898.000000,5938.650000,5895.000000,5915.600000,2433
2021-09-17T12:00:00+05:30,5915.600000,5915.600000,5880.000000,5890.750000,2192
2021-09-17T12:15:00+05:30,5890.750000,5920.000000,5880.000000,5920.000000,1253
2021-09-17T12:30:00+05:30,5920.000000,5924.000000,5890.900000,5909.850000,1185
2021-09-17T12:45:00+05:30,5909.850000,5909.850000,5900.000000,5904.000000,394
2021-09-17T13:00:00+05:30,5904.000000,5904.000000,5896.900000,5903.200000,553
2021-09-17T13:15:00+05:30,5903.200000,5907.550000,5900.000000,5900.600000,780
2021-09-17T13:30:00+05:30,5900.600000,5909.550000,5890.100000,5905.000000,1241
2021-09-17T13:45:00+05:30,5905.000000,5909.850000,5900.000000,5902.050000,360
2021-09-17T14:00:00+05:30,5902.050000,5907.400000,5900.000000,5903.400000,181
2021-09-17T14:15:00+05:30,5903.400000,5910.000000,5882.300000,5888.800000,956
2021-09-17T14:30:00+05:30,5888.800000,5899.950000,5880.200000,5894.350000,907
2021-09-17T14:45:00+05:30,5894.350000,5910.000000,5894.150000,5897.950000,1196
2021-09-17T15:00:00+05:30,5897.950000,5903.050000,5862.050000,5864.000000,4361
2021-09-17T15:15:00+05:30,5865.550000,5877.850000,5861.000000,5870.000000,4711
2021-09-20T09:15:00+05:30,5850.000000,5872.000000,5771.000000,5778.200000,3886
2021-09-20T09:30:00+05:30,5785.150000,5839.350000,5778.200000,5828.850000,1952
2021-09-20T09:45:00+05:30,5828.850000,5848.000000,5820.650000,5823.800000,1203
2021-09-20T10:00:00+05:30,5831.350000,5859.750000,5824.000000,5856.000000,1367
2021-09-20T10:15:00+05:30,5856.000000,5858.850000,5842.800000,5858.850000,180
2021-09-20T10:30:00+05:30,5858.850000,5858.950000,5846.600000,5849.900000,810
2021-09-20T10:45:00+05:30,5849.900000,5849.900000,5840.000000,5849.500000,384
2021-09-20T11:00:00+05:30,5849.500000,5850.000000,5844.450000,5846.300000,1792
2021-09-20T11:15:00+05:30,5846.300000,5848.200000,5828.750000,5835.000000,858
2021-09-20T11:30:00+05:30,5835.000000,5844.850000,5832.550000,5835.000000,463
2021-09-20T11:45:00+05:30,5835.000000,5835.000000,5827.050000,5833.250000,294
2021-09-20T12:00:00+05:30,5833.250000,5833.250000,5821.200000,5829.500000,370
2021-09-20T12:15:00+05:30,5829.500000,5833.650000,5824.400000,5830.950000,260
2021-09-20T12:30:00+05:30,5830.950000,5833.000000,5827.000000,5828.550000,89
2021-09-20T12:45:00+05:30,5828.550000,5831.700000,5824.450000,5830.450000,111
2021-09-20T13:00:00+05:30,5830.450000,5832.350000,5822.900000,5823.950000,370
2021-09-20T13:15:00+05:30,5823.950000,5833.000000,5821.800000,5830.050000,413
2021-09-20T13:30:00+05:30,5830.050000,5833.000000,5811.000000,5811.000000,345
2021-09-20T13:45:00+05:30,5811.000000,5813.250000,5786.600000,5786.600000,1040
2021-09-20T14:00:00+05:30,5785.000000,5798.450000,5770.550000,5774.400000,1518
2021-09-20T14:15:00+05:30,5774.400000,5792.300000,5774.250000,5785.500000,751
2021-09-20T14:30:00+05:30,5785.500000,5797.950000,5771.900000,5780.150000,1384
2021-09-20T14:45:00+05:30,5780.150000,5795.200000,5776.900000,5782.000000,808
2021-09-20T15:00:00+05:30,5782.000000,5783.550000,5757.000000,5767.000000,2202
2021-09-20T15:15:00+05:30,5767.000000,5771.050000,5760.000000,5763.000000,2657
2021-09-21T09:15:00+05:30,5770.000000,5855.550000,5687.800000,5730.350000,8854
2021-09-21T09:30:00+05:30,5730.350000,5770.950000,5730.350000,5756.200000,1648
2021-09-21T09:45:00+05:30,5765.700000,5765.700000,5731.000000,5731.000000,1643
2021-09-21T10:00:00+05:30,5730.000000,5733.750000,5690.000000,5700.000000,1972
2021-09-21T10:15:00+05:30,5700.000000,5745.000000,5700.000000,5736.450000,1166
2021-09-21T10:30:00+05:30,5736.450000,5750.000000,5731.000000,5744.350000,1268
2021-09-21T10:45:00+05:30,5744.350000,5749.950000,5735.750000,5738.950000,714
2021-09-21T11:00:00+05:30,5738.950000,5745.500000,5735.150000,5737.300000,1460
2021-09-21T11:15:00+05:30,5737.300000,5743.800000,5724.000000,5724.700000,541
2021-09-21T11:30:00+05:30,5724.550000,5740.900000,5722.800000,5726.950000,668
2021-09-21T11:45:00+05:30,5726.950000,5743.750000,5726.950000,5739.200000,325
2021-09-21T12:00:00+05:30,5739.200000,5744.000000,5723.500000,5723.500000,542
2021-09-21T12:15:00+05:30,5723.500000,5739.350000,5716.650000,5724.200000,1317
2021-09-21T12:30:00+05:30,5724.200000,5724.250000,5702.250000,5710.050000,1665
2021-09-21T12:45:00+05:30,5710.050000,5774.550000,5710.050000,5762.350000,2719
2021-09-21T13:00:00+05:30,5762.400000,5775.350000,5745.000000,5775.000000,432
2021-09-21T13:15:00+05:30,5775.000000,5806.100000,5768.000000,5797.850000,2141
2021-09-21T13:30:00+05:30,5797.850000,5825.250000,5797.850000,5802.850000,2759
2021-09-21T13:45:00+05:30,5802.850000,5814.850000,5790.000000,5797.200000,1072
2021-09-21T14:00:00+05:30,5797.200000,5815.000000,5790.100000,5795.850000,841
2021-09-21T14:15:00+05:30,5803.450000,5808.550000,5790.000000,5790.000000,927
2021-09-21T14:30:00+05:30,5790.000000,5800.000000,5790.000000,5795.250000,455
2021-09-21T14:45:00+05:30,5795.250000,5807.550000,5772.800000,5782.900000,869
2021-09-21T15:00:00+05:30,5782.900000,5789.900000,5770.000000,5780.000000,983
2021-09-21T15:15:00+05:30,5780.000000,5830.000000,5775.050000,5810.000000,3231
2021-09-22T09:15:00+05:30,5785.250000,5836.550000,5765.750000,5805.100000,2371
2021-09-22T09:30:00+05:30,5805.100000,5821.450000,5780.200000,5795.000000,945
2021-09-22T09:45:00+05:30,5795.000000,5799.150000,5770.150000,5789.000000,1217
2021-09-22T10:00:00+05:30,5796.350000,5799.950000,5723.150000,5787.000000,4128
2021-09-22T10:15:00+05:30,5787.000000,5812.450000,5773.700000,5781.350000,1509
2021-09-22T10:30:00+05:30,5781.350000,5800.000000,5781.350000,5790.800000,539
2021-09-22T10:45:00+05:30,5790.800000,5801.900000,5779.200000,5790.650000,300
2021-09-22T11:00:00+05:30,5790.650000,5799.300000,5787.350000,5799.000000,664
2021-09-22T11:15:00+05:30,5799.000000,5799.000000,5788.000000,5794.450000,295
2021-09-22T11:30:00+05:30,5789.300000,5800.000000,5787.600000,5793.950000,989
2021-09-22T11:45:00+05:30,5793.950000,5800.000000,5790.800000,5796.100000,280
2021-09-22T12:00:00+05:30,5796.100000,5800.000000,5795.300000,5797.000000,158
2021-09-22T12:15:00+05:30,5797.000000,5800.000000,5790.000000,5790.000000,375
2021-09-22T12:30:00+05:30,5790.000000,5799.850000,5787.550000,5792.700000,701
2021-09-22T12:45:00+05:30,5792.700000,5798.950000,5790.700000,5798.600000,206
2021-09-22T13:00:00+05:30,5798.600000,5800.000000,5791.400000,5793.750000,233
2021-09-22T13:15:00+05:30,5793.750000,5800.000000,5790.800000,5791.700000,258
2021-09-22T13:30:00+05:30,5791.700000,5799.750000,5791.700000,5793.800000,87
2021-09-22T13:45:00+05:30,5793.800000,5800.000000,5792.000000,5800.000000,918
2021-09-22T14:00:00+05:30,5800.000000,5800.000000,5793.050000,5793.850000,124
2021-09-22T14:15:00+05:30,5793.850000,5803.000000,5793.100000,5798.050000,581
2021-09-22T14:30:00+05:30,5798.050000,5802.000000,5789.000000,5800.000000,553
2021-09-22T14:45:00+05:30,5800.000000,5800.000000,5791.300000,5794.000000,153
2021-09-22T15:00:00+05:30,5794.000000,5817.500000,5790.000000,5795.750000,1450
2021-09-22T15:15:00+05:30,5795.750000,5802.450000,5778.400000,5802.450000,2193
2021-09-23T09:15:00+05:30,5819.000000,5843.500000,5805.300000,5831.600000,1276
2021-09-23T09:30:00+05:30,5833.450000,5835.100000,5801.200000,5817.200000,1314
2021-09-23T09:45:00+05:30,5817.200000,5819.450000,5801.200000,5802.000000,1354
2021-09-23T10:00:00+05:30,5802.000000,5838.700000,5787.050000,5828.950000,9039
2021-09-23T10:15:00+05:30,5828.950000,5835.950000,5759.350000,5772.000000,20921
2021-09-23T10:30:00+05:30,5772.000000,5814.000000,5765.800000,5772.000000,4163
2021-09-23T10:45:00+05:30,5772.000000,5786.000000,5765.050000,5781.000000,329
2021-09-23T11:00:00+05:30,5781.000000,5786.150000,5773.100000,5781.000000,300
2021-09-23T11:15:00+05:30,5781.000000,5799.900000,5777.650000,5799.900000,334
2021-09-23T11:30:00+05:30,5799.900000,5810.000000,5790.250000,5795.200000,659
2021-09-23T11:45:00+05:30,5795.200000,5833.500000,5795.200000,5819.800000,1804
2021-09-23T12:00:00+05:30,5825.750000,5848.900000,5816.600000,5845.000000,3104
2021-09-23T12:15:00+05:30,5845.000000,5886.950000,5845.000000,5884.900000,4810
2021-09-23T12:30:00+05:30,5884.850000,5893.950000,5827.500000,5845.000000,3600
2021-09-23T12:45:00+05:30,5845.000000,5869.450000,5820.500000,5835.950000,1510
2021-09-23T13:00:00+05:30,5839.750000,5848.450000,5828.000000,5840.000000,477
2021-09-23T13:15:00+05:30,5841.000000,5852.650000,5833.900000,5846.300000,913
2021-09-23T13:30:00+05:30,5846.300000,5858.850000,5839.750000,5847.800000,913
2021-09-23T13:45:00+05:30,5847.800000,5852.050000,5845.000000,5846.800000,509
2021-09-23T14:00:00+05:30,5846.800000,5854.800000,5844.400000,5850.000000,1332
2021-09-23T14:15:00+05:30,5850.000000,5852.000000,5845.150000,5846.850000,519
2021-09-23T14:30:00+05:30,5850.000000,5850.000000,5835.000000,5841.850000,201
2021-09-23T14:45:00+05:30,5841.850000,5841.850000,5816.750000,5820.000000,736
2021-09-23T15:00:00+05:30,5820.000000,5835.000000,5815.500000,5830.000000,1773
2021-09-23T15:15:00+05:30,5830.000000,5849.850000,5816.750000,5825.000000,3663
2021-09-24T09:15:00+05:30,5820.050000,5890.000000,5801.000000,5820.000000,1652
2021-09-24T09:30:00+05:30,5820.000000,5850.000000,5820.000000,5833.900000,1372
2021-09-24T09:45:00+05:30,5839.900000,5840.000000,5824.100000,5827.950000,628
2021-09-24T10:00:00+05:30,5827.950000,5827.950000,5803.000000,5807.000000,578
2021-09-24T10:15:00+05:30,5807.000000,5826.250000,5800.100000,5815.450000,1053
2021-09-24T10:30:00+05:30,5815.450000,5819.500000,5808.400000,5810.000000,341
2021-09-24T10:45:00+05:30,5810.000000,5815.000000,5805.000000,5805.000000,331
2021-09-24T11:00:00+05:30,5805.000000,5809.600000,5771.300000,5783.100000,1880
2021-09-24T11:15:00+05:30,5783.050000,5787.450000,5778.000000,5783.650000,622
2021-09-24T11:30:00+05:30,5783.650000,5787.950000,5779.250000,5783.600000,333
2021-09-24T11:45:00+05:30,5783.600000,5786.700000,5772.000000,5772.100000,418
2021-09-24T12:00:00+05:30,5772.100000,5775.850000,5760.000000,5765.600000,1432
2021-09-24T12:15:00+05:30,5768.050000,5774.100000,5762.000000,5762.000000,766
2021-09-24T12:30:00+05:30,5762.000000,5769.800000,5758.550000,5769.800000,223
2021-09-24T12:45:00+05:30,5769.800000,5780.000000,5763.650000,5779.850000,213
2021-09-24T13:00:00+05:30,5779.850000,5783.700000,5777.200000,5779.750000,153
2021-09-24T13:15:00+05:30,5779.750000,5782.150000,5767.000000,5767.000000,149
2021-09-24T13:30:00+05:30,5767.000000,5771.950000,5750.200000,5754.850000,623
2021-09-24T13:45:00+05:30,5754.850000,5755.900000,5728.550000,5736.000000,1763
2021-09-24T14:00:00+05:30,5736.000000,5746.350000,5735.000000,5740.150000,403
2021-09-24T14:15:00+05:30,5740.150000,5744.400000,5716.200000,5716.200000,1820
2021-09-24T14:30:00+05:30,5716.200000,5723.000000,5697.100000,5702.800000,3181
2021-09-24T14:45:00+05:30,5698.850000,5705.000000,5686.100000,5705.000000,5343
2021-09-24T15:00:00+05:30,5705.000000,5720.500000,5700.000000,5719.750000,3008
2021-09-24T15:15:00+05:30,5719.750000,5719.750000,5686.100000,5706.850000,2204
2021-09-27T09:15:00+05:30,5720.000000,5758.300000,5671.100000,5683.450000,3366
2021-09-27T09:30:00+05:30,5685.000000,5689.400000,5628.000000,5655.000000,4994
2021-09-27T09:45:00+05:30,5655.000000,5656.400000,5616.400000,5639.600000,4405
2021-09-27T10:00:00+05:30,5639.600000,5647.150000,5630.000000,5639.000000,1566
2021-09-27T10:15:00+05:30,5639.000000,5640.000000,5633.750000,5638.300000,1165
2021-09-27T10:30:00+05:30,5639.950000,5640.000000,5632.000000,5633.600000,693
2021-09-27T10:45:00+05:30,5633.600000,5638.000000,5605.000000,5616.900000,3532
2021-09-27T11:00:00+05:30,5616.900000,5640.000000,5610.000000,5638.000000,1256
2021-09-27T11:15:00+05:30,5638.000000,5642.700000,5632.800000,5641.950000,982
2021-09-27T11:30:00+05:30,5641.000000,5643.950000,5633.050000,5637.050000,220
2021-09-27T11:45:00+05:30,5637.050000,5658.000000,5637.050000,5658.000000,539
2021-09-27T12:00:00+05:30,5658.000000,5658.000000,5645.300000,5652.750000,129
2021-09-27T12:15:00+05:30,5652.750000,5655.000000,5645.000000,5650.450000,365
2021-09-27T12:30:00+05:30,5650.450000,5656.000000,5644.650000,5656.000000,921
2021-09-27T12:45:00+05:30,5656.000000,5662.000000,5652.950000,5655.000000,664
2021-09-27T13:00:00+05:30,5654.700000,5655.450000,5650.000000,5655.000000,247
2021-09-27T13:15:00+05:30,5655.000000,5655.000000,5650.700000,5654.000000,83
2021-09-27T13:30:00+05:30,5654.000000,5654.900000,5650.000000,5650.750000,188
2021-09-27T13:45:00+05:30,5655.000000,5656.000000,5650.100000,5651.900000,263
2021-09-27T14:00:00+05:30,5651.900000,5663.950000,5651.850000,5658.850000,20470
2021-09-27T14:15:00+05:30,5658.850000,5658.850000,5652.250000,5657.000000,127
2021-09-27T14:30:00+05:30,5657.000000,5657.000000,5652.550000,5656.950000,366
2021-09-27T14:45:00+05:30,5656.950000,5657.000000,5650.000000,5652.000000,262
2021-09-27T15:00:00+05:30,5652.000000,5654.900000,5633.050000,5640.000000,1112
2021-09-27T15:15:00+05:30,5643.600000,5650.450000,5632.000000,5632.000000,1577
2021-09-28T09:15:00+05:30,5640.000000,5640.000000,5592.200000,5606.000000,2182
2021-09-28T09:30:00+05:30,5606.000000,5619.950000,5600.100000,5614.900000,858
2021-09-28T09:45:00+05:30,5614.800000,5635.850000,5604.300000,5631.150000,1258
2021-09-28T10:00:00+05:30,5631.150000,5689.350000,5624.400000,5665.200000,1705
2021-09-28T10:15:00+05:30,5665.200000,5679.300000,5657.750000,5659.000000,828
2021-09-28T10:30:00+05:30,5659.000000,5695.850000,5655.650000,5682.050000,919
2021-09-28T10:45:00+05:30,5682.050000,5690.000000,5672.850000,5689.950000,491
2021-09-28T11:00:00+05:30,5689.950000,5689.950000,5666.000000,5671.250000,721
2021-09-28T11:15:00+05:30,5671.250000,5681.750000,5669.000000,5677.550000,352
2021-09-28T11:30:00+05:30,5677.550000,5686.200000,5666.700000,5680.000000,468
2021-09-28T11:45:00+05:30,5680.000000,5687.300000,5675.000000,5681.950000,371
2021-09-28T12:00:00+05:30,5681.950000,5682.000000,5650.000000,5650.800000,635
2021-09-28T12:15:00+05:30,5650.800000,5662.500000,5640.200000,5642.000000,1313
2021-09-28T12:30:00+05:30,5642.000000,5655.350000,5630.000000,5637.450000,530
2021-09-28T12:45:00+05:30,5637.450000,5637.450000,5611.550000,5613.400000,314
2021-09-28T13:00:00+05:30,5613.400000,5625.000000,5609.300000,5620.000000,328
2021-09-28T13:15:00+05:30,5620.000000,5624.950000,5619.000000,5620.000000,275
2021-09-28T13:30:00+05:30,5620.000000,5620.500000,5614.500000,5615.100000,339
2021-09-28T13:45:00+05:30,5615.100000,5622.000000,5614.000000,5619.850000,352
2021-09-28T14:00:00+05:30,5619.850000,5634.850000,5619.850000,5623.950000,653
2021-09-28T14:15:00+05:30,5623.950000,5623.950000,5605.950000,5610.000000,479
2021-09-28T14:30:00+05:30,5610.000000,5615.000000,5608.550000,5613.700000,476
2021-09-28T14:45:00+05:30,5613.700000,5626.450000,5610.100000,5625.600000,658
2021-09-28T15:00:00+05:30,5634.400000,5640.000000,5622.550000,5627.900000,2321
2021-09-28T15:15:00+05:30,5627.900000,5665.050000,5622.050000,5650.050000,1864
2021-09-29T09:15:00+05:30,5629.000000,5633.600000,5555.500000,5600.900000,5409
2021-09-29T09:30:00+05:30,5600.900000,5606.950000,5582.450000,5600.200000,1541
2021-09-29T09:45:00+05:30,5600.200000,5629.850000,5599.000000,5620.750000,1222
2021-09-29T10:00:00+05:30,5620.750000,5630.000000,5610.150000,5623.600000,1085
2021-09-29T10:15:00+05:30,5623.600000,5629.300000,5614.000000,5614.000000,365
2021-09-29T10:30:00+05:30,5614.000000,5615.800000,5606.850000,5607.450000,185
2021-09-29T10:45:00+05:30,5607.450000,5628.250000,5607.450000,5615.000000,1215
2021-09-29T11:00:00+05:30,5615.000000,5615.750000,5609.500000,5613.000000,52
2021-09-29T11:15:00+05:30,5613.000000,5613.000000,5607.050000,5613.000000,92
2021-09-29T11:30:00+05:30,5613.000000,5618.400000,5610.450000,5617.100000,170
2021-09-29T11:45:00+05:30,5617.100000,5628.700000,5613.200000,5628.700000,784
2021-09-29T12:00:00+05:30,5628.700000,5629.950000,5609.050000,5609.050000,505
2021-09-29T12:15:00+05:30,5615.950000,5624.650000,5613.750000,5617.950000,280
2021-09-29T12:30:00+05:30,5617.950000,5629.550000,5608.450000,5625.800000,534
2021-09-29T12:45:00+05:30,5625.800000,5626.000000,5615.700000,5621.150000,305
2021-09-29T13:00:00+05:30,5621.150000,5628.000000,5616.400000,5628.000000,550
2021-09-29T13:15:00+05:30,5628.000000,5628.000000,5608.750000,5611.900000,208
2021-09-29T13:30:00+05:30,5611.000000,5629.600000,5609.800000,5609.800000,1462
2021-09-29T13:45:00+05:30,5609.800000,5617.000000,5608.000000,5613.000000,94
2021-09-29T14:00:00+05:30,5613.000000,5613.000000,5607.700000,5608.200000,237
2021-09-29T14:15:00+05:30,5608.200000,5613.000000,5602.350000,5613.000000,289
2021-09-29T14:30:00+05:30,5613.000000,5617.000000,5610.050000,5610.200000,174
2021-09-29T14:45:00+05:30,5610.200000,5615.800000,5603.500000,5603.500000,504
2021-09-29T15:00:00+05:30,5604.150000,5623.800000,5600.000000,5617.900000,2911
2021-09-29T15:15:00+05:30,5611.550000,5624.000000,5607.050000,5619.950000,2355
2021-09-30T09:15:00+05:30,5648.950000,5648.950000,5600.000000,5604.650000,4721
2021-09-30T09:30:00+05:30,5602.000000,5647.700000,5602.000000,5647.700000,1796
2021-09-30T09:45:00+05:30,5647.700000,5693.950000,5637.150000,5660.150000,3942
2021-09-30T10:00:00+05:30,5660.150000,5661.000000,5635.200000,5641.500000,1655
2021-09-30T10:15:00+05:30,5641.500000,5647.450000,5605.350000,5627.000000,1665
2021-09-30T10:30:00+05:30,5627.000000,5628.850000,5615.200000,5621.000000,352
2021-09-30T10:45:00+05:30,5621.000000,5646.450000,5610.000000,5610.000000,940
2021-09-30T11:00:00+05:30,5614.700000,5628.500000,5607.000000,5626.900000,194
2021-09-30T11:15:00+05:30,5626.900000,5636.900000,5620.600000,5636.900000,390
2021-09-30T11:30:00+05:30,5636.900000,5648.000000,5632.800000,5641.650000,225
2021-09-30T11:45:00+05:30,5641.650000,5646.650000,5623.000000,5623.000000,260
2021-09-30T12:00:00+05:30,5623.000000,5630.000000,5622.900000,5627.000000,165
2021-09-30T12:15:00+05:30,5627.000000,5639.400000,5616.100000,5639.400000,547
2021-09-30T12:30:00+05:30,5639.400000,5639.400000,5620.950000,5629.050000,732
2021-09-30T12:45:00+05:30,5629.050000,5629.050000,5615.050000,5618.000000,356
2021-09-30T13:00:00+05:30,5618.000000,5623.700000,5615.000000,5620.000000,456
2021-09-30T13:15:00+05:30,5620.000000,5623.700000,5601.250000,5606.350000,1341
2021-09-30T13:30:00+05:30,5606.350000,5610.950000,5601.000000,5606.900000,203
2021-09-30T13:45:00+05:30,5606.900000,5610.950000,5600.000000,5609.450000,1245
2021-09-30T14:00:00+05:30,5609.450000,5610.700000,5586.350000,5590.000000,1183
2021-09-30T14:15:00+05:30,5590.000000,5597.050000,5583.150000,5583.200000,1256
2021-09-30T14:30:00+05:30,5584.000000,5597.100000,5581.000000,5592.300000,425
2021-09-30T14:45:00+05:30,5592.300000,5596.600000,5572.000000,5585.150000,1374
2021-09-30T15:00:00+05:30,5585.150000,5594.000000,5575.100000,5587.450000,1042
2021-09-30T15:15:00+05:30,5585.000000,5589.900000,5575.000000,5580.000000,3614
2021-10-01T09:15:00+05:30,5581.100000,5592.700000,5557.550000,5583.600000,889
2021-10-01T09:30:00+05:30,5583.600000,5609.000000,5581.700000,5592.500000,592
2021-10-01T09:45:00+05:30,5592.500000,5592.500000,5560.000000,5562.050000,772
2021-10-01T10:00:00+05:30,5562.050000,5566.950000,5555.500000,5557.800000,297
2021-10-01T10:15:00+05:30,5557.800000,5565.800000,5556.950000,5559.450000,438
2021-10-01T10:30:00+05:30,5564.900000,5564.900000,5545.000000,5546.150000,1142
2021-10-01T10:45:00+05:30,5546.150000,5554.150000,5545.000000,5546.100000,464
2021-10-01T11:00:00+05:30,5546.100000,5552.050000,5545.250000,5546.300000,541
2021-10-01T11:15:00+05:30,5546.300000,5549.950000,5517.100000,5520.200000,2859
2021-10-01T11:30:00+05:30,5520.200000,5531.600000,5516.250000,5524.500000,1067
2021-10-01T11:45:00+05:30,5524.550000,5526.050000,5507.150000,5520.600000,2063
2021-10-01T12:00:00+05:30,5520.600000,5529.850000,5517.750000,5522.850000,1044
2021-10-01T12:15:00+05:30,5517.700000,5523.000000,5516.100000,5517.050000,429
2021-10-01T12:30:00+05:30,5517.050000,5547.150000,5510.100000,5540.350000,986
2021-10-01T12:45:00+05:30,5545.650000,5548.100000,5511.800000,5525.250000,1719
2021-10-01T13:00:00+05:30,5525.250000,5530.000000,5515.250000,5521.900000,1046
2021-10-01T13:15:00+05:30,5521.900000,5537.950000,5517.050000,5532.300000,2060
2021-10-01T13:30:00+05:30,5532.300000,5545.000000,5521.350000,5522.900000,406
2021-10-01T13:45:00+05:30,5522.900000,5532.850000,5522.550000,5526.000000,284
2021-10-01T14:00:00+05:30,5526.000000,5530.500000,5520.400000,5522.650000,445
2021-10-01T14:15:00+05:30,5522.650000,5532.000000,5522.000000,5523.000000,513
2021-10-01T14:30:00+05:30,5523.000000,5539.950000,5515.400000,5537.600000,1003
2021-10-01T14:45:00+05:30,5540.000000,5564.950000,5538.350000,5561.050000,1351
2021-10-01T15:00:00+05:30,5561.050000,5572.950000,5556.000000,5565.150000,911
2021-10-01T15:15:00+05:30,5565.150000,5580.000000,5535.650000,5578.900000,2004
2021-10-04T09:15:00+05:30,5569.500000,5635.350000,5569.500000,5629.300000,3893
2021-10-04T09:30:00+05:30,5629.300000,5640.150000,5615.050000,5638.800000,1590
2021-10-04T09:45:00+05:30,5638.800000,5638.800000,5626.100000,5634.750000,628
2021-10-04T10:00:00+05:30,5634.750000,5649.800000,5611.450000,5639.350000,2459
2021-10-04T10:15:00+05:30,5639.350000,5651.450000,5630.650000,5645.700000,933
2021-10-04T10:30:00+05:30,5645.700000,5654.850000,5631.000000,5640.550000,1164
2021-10-04T10:45:00+05:30,5640.550000,5652.100000,5630.650000,5631.450000,781
2021-10-04T11:00:00+05:30,5631.450000,5649.950000,5631.300000,5644.000000,598
2021-10-04T11:15:00+05:30,5638.750000,5653.300000,5637.600000,5651.000000,874
2021-10-04T11:30:00+05:30,5652.800000,5654.000000,5643.400000,5644.900000,771
2021-10-04T11:45:00+05:30,5644.900000,5644.900000,5617.500000,5624.150000,923
2021-10-04T12:00:00+05:30,5624.150000,5624.150000,5601.800000,5624.000000,1464
2021-10-04T12:15:00+05:30,5624.000000,5624.000000,5617.200000,5617.200000,79
2021-10-04T12:30:00+05:30,5617.200000,5621.000000,5590.000000,5613.850000,1727
2021-10-04T12:45:00+05:30,5613.850000,5617.000000,5605.000000,5605.000000,157
2021-10-04T13:00:00+05:30,5605.000000,5652.000000,5605.000000,5652.000000,1769
2021-10-04T13:15:00+05:30,5654.500000,5690.000000,5649.100000,5681.050000,10294
2021-10-04T13:30:00+05:30,5681.050000,5744.000000,5667.100000,5709.600000,15292
2021-10-04T13:45:00+05:30,5703.350000,5735.000000,5703.350000,5726.100000,8271
2021-10-04T14:00:00+05:30,5731.350000,5732.950000,5668.150000,5673.500000,3444
2021-10-04T14:15:00+05:30,5673.500000,5681.250000,5626.850000,5664.800000,3175
2021-10-04T14:30:00+05:30,5664.800000,5664.800000,5646.100000,5648.200000,1245
2021-10-04T14:45:00+05:30,5648.200000,5653.500000,5637.450000,5653.500000,638
2021-10-04T15:00:00+05:30,5653.450000,5657.150000,5643.300000,5648.750000,982
2021-10-04T15:15:00+05:30,5648.750000,5652.000000,5643.000000,5645.000000,2326
2021-10-05T09:15:00+05:30,5650.000000,5695.000000,5620.050000,5634.300000,2544
2021-10-05T09:30:00+05:30,5634.300000,5650.150000,5627.600000,5650.000000,480
2021-10-05T09:45:00+05:30,5650.000000,5655.000000,5621.050000,5629.350000,1084
2021-10-05T10:00:00+05:30,5629.350000,5640.000000,5625.000000,5628.000000,145
2021-10-05T10:15:00+05:30,5633.200000,5636.400000,5625.150000,5633.300000,243
2021-10-05T10:30:00+05:30,5633.300000,5635.100000,5624.000000,5624.000000,174
2021-10-05T10:45:00+05:30,5624.000000,5637.200000,5622.000000,5631.500000,424
2021-10-05T11:00:00+05:30,5631.500000,5634.850000,5622.000000,5625.400000,193
2021-10-05T11:15:00+05:30,5625.400000,5629.150000,5615.000000,5618.950000,699
2021-10-05T11:30:00+05:30,5616.450000,5618.850000,5605.000000,5607.650000,819
2021-10-05T11:45:00+05:30,5607.650000,5640.000000,5605.350000,5636.800000,1259
2021-10-05T12:00:00+05:30,5636.800000,5637.150000,5620.100000,5626.600000,150
2021-10-05T12:15:00+05:30,5626.600000,5627.650000,5615.000000,5623.750000,1115
2021-10-05T12:30:00+05:30,5623.750000,5636.000000,5615.950000,5632.350000,572
2021-10-05T12:45:00+05:30,5632.350000,5649.750000,5620.100000,5647.000000,1323
2021-10-05T13:00:00+05:30,5647.000000,5647.000000,5628.250000,5628.450000,306
2021-10-05T13:15:00+05:30,5628.450000,5635.000000,5619.100000,5625.050000,2316
2021-10-05T13:30:00+05:30,5625.050000,5649.800000,5625.050000,5631.200000,375
2021-10-05T13:45:00+05:30,5631.200000,5730.000000,5627.000000,5675.100000,8963
2021-10-05T14:00:00+05:30,5675.100000,5679.000000,5661.200000,5671.100000,1302
2021-10-05T14:15:00+05:30,5671.100000,5679.700000,5664.650000,5675.350000,616
2021-10-05T14:30:00+05:30,5675.350000,5675.350000,5663.900000,5663.900000,306
2021-10-05T14:45:00+05:30,5672.100000,5679.850000,5663.300000,5675.450000,495
2021-10-05T15:00:00+05:30,5675.450000,5675.450000,5656.300000,5666.350000,1459
2021-10-05T15:15:00+05:30,5664.550000,5666.350000,5631.800000,5644.000000,2422
2021-10-06T09:15:00+05:30,5684.950000,5684.950000,5640.400000,5657.600000,1881
2021-10-06T09:30:00+05:30,5657.600000,5662.950000,5640.000000,5657.500000,578
2021-10-06T09:45:00+05:30,5657.500000,5660.750000,5649.950000,5654.000000,364
2021-10-06T10:00:00+05:30,5654.000000,5656.650000,5640.000000,5646.400000,714
2021-10-06T10:15:00+05:30,5639.750000,5643.850000,5630.300000,5635.000000,345
2021-10-06T10:30:00+05:30,5640.050000,5640.050000,5625.050000,5632.750000,515
2021-10-06T10:45:00+05:30,5632.750000,5637.650000,5628.500000,5635.000000,230
2021-10-06T11:00:00+05:30,5635.000000,5640.000000,5631.350000,5636.000000,134
2021-10-06T11:15:00+05:30,5636.000000,5645.200000,5632.950000,5642.150000,275
2021-10-06T11:30:00+05:30,5642.150000,5647.350000,5633.000000,5635.650000,243
2021-10-06T11:45:00+05:30,5635.650000,5639.950000,5634.350000,5634.950000,81
2021-10-06T12:00:00+05:30,5634.950000,5639.950000,5633.000000,5638.850000,113
2021-10-06T12:15:00+05:30,5638.850000,5654.500000,5635.150000,5645.000000,363
2021-10-06T12:30:00+05:30,5645.000000,5649.850000,5633.000000,5633.000000,117
2021-10-06T12:45:00+05:30,5633.000000,5637.650000,5628.050000,5628.700000,208
2021-10-06T13:00:00+05:30,5630.000000,5630.000000,5620.000000,5624.950000,469
2021-10-06T13:15:00+05:30,5624.950000,5634.900000,5585.050000,5628.850000,3063
2021-10-06T13:30:00+05:30,5628.850000,5661.000000,5596.000000,5634.500000,2107
2021-10-06T13:45:00+05:30,5634.500000,5634.500000,5617.300000,5624.950000,754
2021-10-06T14:00:00+05:30,5624.950000,5635.000000,5616.250000,5620.000000,1197
2021-10-06T14:15:00+05:30,5620.000000,5620.000000,5585.000000,5588.000000,1980
2021-10-06T14:30:00+05:30,5588.000000,5610.850000,5580.000000,5604.800000,4828
2021-10-06T14:45:00+05:30,5604.800000,5610.000000,5600.000000,5604.250000,778
2021-10-06T15:00:00+05:30,5607.500000,5624.950000,5587.550000,5592.000000,1007
2021-10-06T15:15:00+05:30,5592.050000,5600.000000,5585.000000,5600.000000,2364
2021-10-07T09:15:00+05:30,5603.000000,5620.600000,5590.000000,5611.450000,761
2021-10-07T09:30:00+05:30,5611.450000,5611.450000,5600.000000,5609.850000,512
2021-10-07T09:45:00+05:30,5609.850000,5609.850000,5583.100000,5598.850000,1861
2021-10-07T10:00:00+05:30,5598.850000,5635.950000,5589.550000,5635.950000,969
2021-10-07T10:15:00+05:30,5635.950000,5636.150000,5599.250000,5613.050000,369
2021-10-07T10:30:00+05:30,5613.050000,5615.000000,5595.100000,5609.000000,858
2021-10-07T10:45:00+05:30,5615.300000,5640.000000,5590.050000,5607.650000,994
2021-10-07T11:00:00+05:30,5617.550000,5617.550000,5594.000000,5607.100000,306
2021-10-07T11:15:00+05:30,5607.100000,5615.350000,5590.000000,5591.550000,411
2021-10-07T11:30:00+05:30,5591.550000,5602.150000,5590.000000,5598.000000,316
2021-10-07T11:45:00+05:30,5598.000000,5624.500000,5586.000000,5589.550000,872
2021-10-07T12:00:00+05:30,5589.550000,5597.000000,5589.550000,5595.000000,213
2021-10-07T12:15:00+05:30,5595.000000,5599.650000,5590.150000,5599.000000,518
2021-10-07T12:30:00+05:30,5599.000000,5600.000000,5590.400000,5590.850000,268
2021-10-07T12:45:00+05:30,5599.200000,5599.200000,5580.100000,5591.400000,764
2021-10-07T13:00:00+05:30,5591.400000,5591.550000,5582.000000,5586.000000,420
2021-10-07T13:15:00+05:30,5586.000000,5604.950000,5586.000000,5590.450000,189
2021-10-07T13:30:00+05:30,5590.450000,5596.300000,5583.050000,5596.300000,407
2021-10-07T13:45:00+05:30,5596.300000,5605.000000,5596.300000,5604.750000,214
2021-10-07T14:00:00+05:30,5600.800000,5605.950000,5595.000000,5595.000000,233
2021-10-07T14:15:00+05:30,5591.500000,5596.750000,5591.000000,5591.550000,92
2021-10-07T14:30:00+05:30,5591.550000,5596.500000,5585.000000,5590.800000,328
2021-10-07T14:45:00+05:30,5590.800000,5590.800000,5575.500000,5589.400000,435
2021-10-07T15:00:00+05:30,5589.400000,5589.950000,5577.600000,5579.000000,562
2021-10-07T15:15:00+05:30,5579.000000,5590.000000,5570.500000,5590.000000,2143
2021-10-08T09:15:00+05:30,5589.900000,5630.000000,5580.050000,5590.000000,1676
2021-10-08T09:30:00+05:30,5596.550000,5630.000000,5596.550000,5601.200000,1063
2021-10-08T09:45:00+05:30,5601.200000,5610.250000,5583.200000,5602.750000,718
2021-10-08T10:00:00+05:30,5602.750000,5604.950000,5592.250000,5601.050000,307
2021-10-08T10:15:00+05:30,5601.000000,5621.350000,5575.000000,5609.000000,2334
2021-10-08T10:30:00+05:30,5609.000000,5613.150000,5595.000000,5605.500000,443
2021-10-08T10:45:00+05:30,5602.600000,5605.300000,5593.600000,5599.950000,679
2021-10-08T11:00:00+05:30,5599.950000,5603.800000,5587.200000,5591.700000,703
2021-10-08T11:15:00+05:30,5591.700000,5603.450000,5581.900000,5582.250000,714
2021-10-08T11:30:00+05:30,5582.250000,5593.300000,5580.200000,5592.000000,440
2021-10-08T11:45:00+05:30,5592.000000,5596.350000,5580.600000,5588.150000,434
2021-10-08T12:00:00+05:30,5588.150000,5595.800000,5579.000000,5579.300000,396
2021-10-08T12:15:00+05:30,5579.300000,5583.800000,5554.100000,5573.350000,900
2021-10-08T12:30:00+05:30,5573.350000,5575.350000,5570.000000,5573.100000,220
2021-10-08T12:45:00+05:30,5573.100000,5575.750000,5566.500000,5575.700000,391
2021-10-08T13:00:00+05:30,5575.700000,5578.450000,5553.350000,5566.700000,1411
2021-10-08T13:15:00+05:30,5566.700000,5569.950000,5554.550000,5566.750000,597
2021-10-08T13:30:00+05:30,5566.650000,5579.900000,5555.000000,5560.000000,638
2021-10-08T13:45:00+05:30,5560.000000,5574.000000,5556.300000,5566.650000,409
2021-10-08T14:00:00+05:30,5566.650000,5574.600000,5562.250000,5570.200000,261
2021-10-08T14:15:00+05:30,5570.200000,5570.650000,5560.050000,5565.300000,328
2021-10-08T14:30:00+05:30,5566.000000,5569.000000,5560.000000,5560.000000,95
2021-10-08T14:45:00+05:30,5562.900000,5562.900000,5554.000000,5555.000000,487
2021-10-08T15:00:00+05:30,5555.000000,5559.650000,5551.000000,5557.200000,778
2021-10-08T15:15:00+05:30,5555.900000,5557.250000,5540.000000,5549.000000,2680
2021-10-11T09:15:00+05:30,5550.000000,5577.700000,5534.450000,5548.000000,2202
2021-10-11T09:30:00+05:30,5545.000000,5545.000000,5525.000000,5535.800000,1563
2021-10-11T09:45:00+05:30,5535.800000,5539.100000,5527.350000,5535.000000,868
2021-10-11T10:00:00+05:30,5535.000000,5542.350000,5527.800000,5527.850000,709
2021-10-11T10:15:00+05:30,5527.850000,5538.100000,5510.000000,5527.950000,1792
2021-10-11T10:30:00+05:30,5527.950000,5540.000000,5523.150000,5536.000000,632
2021-10-11T10:45:00+05:30,5536.000000,5545.450000,5533.000000,5533.000000,274
2021-10-11T11:00:00+05:30,5533.000000,5556.000000,5532.650000,5556.000000,609
2021-10-11T11:15:00+05:30,5556.000000,5573.900000,5541.050000,5554.550000,1646
2021-10-11T11:30:00+05:30,5554.550000,5560.250000,5540.000000,5545.000000,777
2021-10-11T11:45:00+05:30,5545.000000,5547.000000,5528.150000,5533.800000,1105
2021-10-11T12:00:00+05:30,5533.800000,5549.500000,5533.800000,5540.250000,443
2021-10-11T12:15:00+05:30,5540.250000,5549.100000,5540.250000,5542.300000,341
2021-10-11T12:30:00+05:30,5542.300000,5547.900000,5540.600000,5542.000000,146
2021-10-11T12:45:00+05:30,5542.000000,5546.000000,5539.850000,5541.000000,762
2021-10-11T13:00:00+05:30,5541.000000,5549.950000,5539.150000,5542.050000,201
2021-10-11T13:15:00+05:30,5536.150000,5543.350000,5535.100000,5539.900000,117
2021-10-11T13:30:00+05:30,5539.900000,5539.900000,5535.000000,5535.100000,104
2021-10-11T13:45:00+05:30,5536.000000,5546.350000,5535.100000,5539.600000,234
2021-10-11T14:00:00+05:30,5539.600000,5540.000000,5521.000000,5527.450000,649
2021-10-11T14:15:00+05:30,5527.450000,5529.000000,5524.600000,5529.000000,147
2021-10-11T14:30:00+05:30,5529.000000,5529.900000,5520.100000,5521.000000,591
2021-10-11T14:45:00+05:30,5521.000000,5531.700000,5521.000000,5531.700000,524
2021-10-11T15:00:00+05:30,5531.700000,5539.450000,5520.000000,5524.450000,1242
2021-10-11T15:15:00+05:30,5524.450000,5524.450000,5465.250000,5471.950000,9274
2021-10-12T09:15:00+05:30,5491.000000,5506.950000,5485.000000,5505.800000,1550
2021-10-12T09:30:00+05:30,5505.800000,5546.750000,5493.000000,5541.600000,1269
2021-10-12T09:45:00+05:30,5541.600000,5544.950000,5530.000000,5532.000000,879
2021-10-12T10:00:00+05:30,5532.100000,5540.000000,5520.000000,5540.000000,323
2021-10-12T10:15:00+05:30,5540.000000,5545.000000,5526.200000,5527.400000,347
2021-10-12T10:30:00+05:30,5527.400000,5542.000000,5527.400000,5540.150000,351
2021-10-12T10:45:00+05:30,5540.150000,5542.800000,5534.250000,5534.400000,292
2021-10-12T11:00:00+05:30,5534.400000,5539.650000,5532.000000,5532.000000,55
2021-10-12T11:15:00+05:30,5532.000000,5533.150000,5530.000000,5532.800000,143
2021-10-12T11:30:00+05:30,5532.800000,5539.500000,5532.550000,5535.650000,163
2021-10-12T11:45:00+05:30,5535.650000,5539.600000,5526.400000,5526.700000,200
2021-10-12T12:00:00+05:30,5532.050000,5532.050000,5515.800000,5520.000000,349
2021-10-12T12:15:00+05:30,5520.000000,5539.800000,5517.500000,5539.450000,899
2021-10-12T12:30:00+05:30,5539.450000,5539.450000,5522.500000,5529.200000,395
2021-10-12T12:45:00+05:30,5529.400000,5538.950000,5525.150000,5532.000000,122
2021-10-12T13:00:00+05:30,5532.000000,5538.850000,5528.000000,5533.950000,280
2021-10-12T13:15:00+05:30,5533.900000,5537.900000,5526.650000,5537.900000,225
2021-10-12T13:30:00+05:30,5537.900000,5537.900000,5523.000000,5523.000000,184
2021-10-12T13:45:00+05:30,5523.000000,5535.550000,5523.000000,5533.850000,306
2021-10-12T14:00:00+05:30,5533.850000,5535.100000,5523.500000,5528.850000,256
2021-10-12T14:15:00+05:30,5528.850000,5529.650000,5504.650000,5505.300000,908
2021-10-12T14:30:00+05:30,5505.300000,5513.150000,5505.250000,5513.150000,344
2021-10-12T14:45:00+05:30,5513.150000,5535.000000,5509.850000,5530.150000,809
2021-10-12T15:00:00+05:30,5530.150000,5535.000000,5526.900000,5526.900000,704
2021-10-12T15:15:00+05:30,5526.900000,5534.750000,5513.000000,5534.750000,1170
2021-10-13T09:15:00+05:30,5559.000000,5559.000000,5527.500000,5556.650000,1252
2021-10-13T09:30:00+05:30,5556.900000,5560.000000,5541.000000,5550.000000,695
2021-10-13T09:45:00+05:30,5550.000000,5550.000000,5541.600000,5544.950000,177
2021-10-13T10:00:00+05:30,5544.950000,5544.950000,5530.000000,5539.350000,665
2021-10-13T10:15:00+05:30,5539.350000,5542.950000,5533.000000,5539.600000,232
2021-10-13T10:30:00+05:30,5539.600000,5541.900000,5530.000000,5535.800000,244
2021-10-13T10:45:00+05:30,5535.800000,5535.900000,5530.050000,5535.750000,85
2021-10-13T11:00:00+05:30,5535.750000,5540.000000,5530.300000,5539.450000,198
2021-10-13T11:15:00+05:30,5539.450000,5542.000000,5532.750000,5538.850000,237
2021-10-13T11:30:00+05:30,5538.850000,5542.000000,5521.050000,5529.100000,951
2021-10-13T11:45:00+05:30,5529.100000,5529.500000,5514.050000,5520.000000,483
2021-10-13T12:00:00+05:30,5520.000000,5529.000000,5511.000000,5529.000000,352
2021-10-13T12:15:00+05:30,5529.000000,5529.200000,5515.000000,5522.700000,1271
2021-10-13T12:30:00+05:30,5522.700000,5530.000000,5519.500000,5524.950000,257
2021-10-13T12:45:00+05:30,5524.950000,5529.950000,5510.050000,5510.050000,183
2021-10-13T13:00:00+05:30,5516.850000,5520.500000,5510.350000,5520.500000,503
2021-10-13T13:15:00+05:30,5526.250000,5533.950000,5520.500000,5529.900000,398
2021-10-13T13:30:00+05:30,5529.900000,5540.000000,5527.950000,5537.050000,291
2021-10-13T13:45:00+05:30,5537.050000,5540.750000,5532.850000,5535.450000,270
2021-10-13T14:00:00+05:30,5535.450000,5540.000000,5525.000000,5525.000000,565
2021-10-13T14:15:00+05:30,5525.000000,5537.800000,5523.050000,5533.000000,525
2021-10-13T14:30:00+05:30,5533.000000,5535.500000,5530.700000,5532.850000,147
2021-10-13T14:45:00+05:30,5532.850000,5537.250000,5520.000000,5529.050000,786
2021-10-13T15:00:00+05:30,5529.050000,5545.000000,5526.450000,5543.750000,514
2021-10-13T15:15:00+05:30,5543.900000,5545.000000,5532.000000,5545.000000,2261
2021-10-14T09:15:00+05:30,5539.800000,5565.300000,5539.000000,5542.850000,2100
2021-10-14T09:30:00+05:30,5542.850000,5574.750000,5542.000000,5569.750000,2732
2021-10-14T09:45:00+05:30,5569.750000,5612.350000,5569.750000,5586.750000,2077
2021-10-14T10:00:00+05:30,5586.750000,5599.000000,5581.500000,5586.000000,665
2021-10-14T10:15:00+05:30,5586.000000,5592.800000,5580.000000,5585.000000,362
2021-10-14T10:30:00+05:30,5585.000000,5585.500000,5571.000000,5582.800000,409
2021-10-14T10:45:00+05:30,5582.800000,5585.950000,5572.200000,5578.200000,372
2021-10-14T11:00:00+05:30,5578.200000,5578.550000,5565.650000,5575.000000,630
2021-10-14T11:15:00+05:30,5575.000000,5576.050000,5569.500000,5570.350000,110
2021-10-14T11:30:00+05:30,5570.350000,5572.250000,5565.600000,5570.250000,200
2021-10-14T11:45:00+05:30,5570.250000,5578.900000,5565.000000,5572.200000,840
2021-10-14T12:00:00+05:30,5572.200000,5572.200000,5555.200000,5569.700000,1923
2021-10-14T12:15:00+05:30,5569.700000,5573.000000,5565.450000,5571.000000,390
2021-10-14T12:30:00+05:30,5571.000000,5571.000000,5554.050000,5557.700000,418
2021-10-14T12:45:00+05:30,5557.700000,5557.800000,5554.050000,5555.650000,290
2021-10-14T13:00:00+05:30,5555.650000,5568.900000,5555.650000,5564.900000,428
2021-10-14T13:15:00+05:30,5564.900000,5574.350000,5545.200000,5545.650000,1388
2021-10-14T13:30:00+05:30,5545.650000,5546.250000,5539.250000,5542.350000,667
2021-10-14T13:45:00+05:30,5542.350000,5542.350000,5539.000000,5541.000000,190
2021-10-14T14:00:00+05:30,5541.000000,5541.050000,5534.150000,5534.550000,627
2021-10-14T14:15:00+05:30,5534.550000,5541.050000,5526.000000,5526.000000,297
2021-10-14T14:30:00+05:30,5526.000000,5542.350000,5520.850000,5530.400000,728
2021-10-14T14:45:00+05:30,5530.400000,5530.400000,5505.000000,5527.050000,1445
2021-10-14T15:00:00+05:30,5527.050000,5534.950000,5525.750000,5526.050000,536
2021-10-14T15:15:00+05:30,5526.050000,5549.850000,5525.000000,5548.000000,2186
2021-10-18T09:15:00+05:30,5580.000000,5580.000000,5520.550000,5544.150000,1377
2021-10-18T09:30:00+05:30,5549.650000,5549.650000,5506.550000,5516.000000,2663
2021-10-18T09:45:00+05:30,5516.000000,5516.000000,5508.000000,5514.400000,859
2021-10-18T10:00:00+05:30,5514.400000,5515.000000,5508.000000,5515.000000,453
2021-10-18T10:15:00+05:30,5515.000000,5515.000000,5505.000000,5505.000000,627
2021-10-18T10:30:00+05:30,5505.000000,5523.150000,5487.050000,5505.850000,2057
2021-10-18T10:45:00+05:30,5505.850000,5532.000000,5502.100000,5521.650000,2809
2021-10-18T11:00:00+05:30,5521.650000,5523.550000,5500.000000,5520.000000,1575
2021-10-18T11:15:00+05:30,5520.000000,5524.950000,5513.350000,5514.950000,472
2021-10-18T11:30:00+05:30,5525.000000,5530.000000,5515.100000,5527.650000,959
2021-10-18T11:45:00+05:30,5527.650000,5527.650000,5515.250000,5517.150000,399
2021-10-18T12:00:00+05:30,5517.150000,5523.800000,5517.150000,5518.600000,292
2021-10-18T12:15:00+05:30,5518.600000,5522.500000,5514.700000,5520.750000,292
2021-10-18T12:30:00+05:30,5520.750000,5525.000000,5513.000000,5515.150000,282
2021-10-18T12:45:00+05:30,5515.150000,5520.350000,5510.000000,5510.000000,1043
2021-10-18T13:00:00+05:30,5510.000000,5520.900000,5510.000000,5520.900000,169
2021-10-18T13:15:00+05:30,5520.900000,5522.250000,5511.450000,5511.450000,483
2021-10-18T13:30:00+05:30,5516.800000,5516.800000,5502.100000,5505.000000,1152
2021-10-18T13:45:00+05:30,5508.000000,5517.300000,5502.100000,5511.300000,736
2021-10-18T14:00:00+05:30,5511.300000,5517.700000,5510.000000,5510.150000,300
2021-10-18T14:15:00+05:30,5510.150000,5515.650000,5504.200000,5514.200000,654
2021-10-18T14:30:00+05:30,5514.200000,5514.600000,5504.400000,5514.450000,1083
2021-10-18T14:45:00+05:30,5514.450000,5516.000000,5510.350000,5515.000000,316
2021-10-18T15:00:00+05:30,5515.000000,5515.000000,5493.100000,5495.000000,1270
2021-10-18T15:15:00+05:30,5493.500000,5500.200000,5490.000000,5491.400000,2212
2021-10-19T09:15:00+05:30,5492.000000,5501.550000,5476.350000,5488.550000,1474
2021-10-19T09:30:00+05:30,5488.550000,5493.200000,5450.000000,5455.600000,1760
2021-10-19T09:45:00+05:30,5455.600000,5463.350000,5420.100000,5425.750000,5106
2021-10-19T10:00:00+05:30,5425.750000,5428.150000,5366.000000,5400.750000,4832
2021-10-19T10:15:00+05:30,5400.750000,5409.950000,5370.000000,5399.950000,2988
2021-10-19T10:30:00+05:30,5399.950000,5401.650000,5337.000000,5367.900000,9683
2021-10-19T10:45:00+05:30,5369.700000,5374.250000,5368.350000,5373.000000,1019
2021-10-19T11:00:00+05:30,5373.000000,5374.700000,5367.100000,5367.950000,1019
2021-10-19T11:15:00+05:30,5367.950000,5374.700000,5365.050000,5372.700000,704
2021-10-19T11:30:00+05:30,5372.850000,5383.900000,5367.050000,5383.900000,1039
2021-10-19T11:45:00+05:30,5383.900000,5396.950000,5381.350000,5396.950000,650
2021-10-19T12:00:00+05:30,5396.950000,5408.350000,5392.000000,5402.650000,957
2021-10-19T12:15:00+05:30,5402.650000,5411.800000,5400.000000,5405.550000,511
2021-10-19T12:30:00+05:30,5405.550000,5407.800000,5396.000000,5396.000000,357
2021-10-19T12:45:00+05:30,5396.000000,5403.100000,5380.000000,5380.000000,766
2021-10-19T13:00:00+05:30,5380.000000,5394.300000,5362.000000,5391.000000,1274
2021-10-19T13:15:00+05:30,5391.000000,5391.000000,5376.000000,5376.000000,216
2021-10-19T13:30:00+05:30,5376.000000,5392.000000,5376.000000,5389.150000,226
2021-10-19T13:45:00+05:30,5389.150000,5389.150000,5347.000000,5359.400000,4189
2021-10-19T14:00:00+05:30,5359.400000,5359.650000,5339.800000,5342.950000,2508
2021-10-19T14:15:00+05:30,5342.950000,5342.950000,5326.000000,5339.950000,1591
2021-10-19T14:30:00+05:30,5339.950000,5347.650000,5325.000000,5325.000000,3043
2021-10-19T14:45:00+05:30,5325.000000,5325.000000,5307.900000,5325.000000,2952
2021-10-19T15:00:00+05:30,5325.000000,5325.000000,5291.000000,5310.000000,4571
2021-10-19T15:15:00+05:30,5306.000000,5309.750000,5276.150000,5299.500000,7704
2021-10-20T09:15:00+05:30,5300.000000,5384.050000,5300.000000,5365.000000,6574
2021-10-20T09:30:00+05:30,5366.000000,5399.900000,5357.000000,5362.000000,7564
2021-10-20T09:45:00+05:30,5362.000000,5371.900000,5333.050000,5353.500000,2017
2021-10-20T10:00:00+05:30,5353.500000,5355.000000,5333.150000,5355.000000,2044
2021-10-20T10:15:00+05:30,5355.000000,5360.000000,5330.000000,5346.400000,3474
2021-10-20T10:30:00+05:30,5350.000000,5376.450000,5337.700000,5370.000000,4104
2021-10-20T10:45:00+05:30,5370.000000,5377.050000,5360.050000,5366.000000,1301
2021-10-20T11:00:00+05:30,5366.000000,5369.950000,5360.500000,5363.500000,480
2021-10-20T11:15:00+05:30,5363.500000,5379.600000,5361.050000,5374.250000,646
2021-10-20T11:30:00+05:30,5377.950000,5378.000000,5358.000000,5367.950000,757
2021-10-20T11:45:00+05:30,5367.950000,5367.950000,5350.050000,5350.100000,760
2021-10-20T12:00:00+05:30,5350.100000,5350.100000,5312.000000,5318.100000,1412
2021-10-20T12:15:00+05:30,5318.100000,5330.000000,5312.000000,5312.000000,717
2021-10-20T12:30:00+05:30,5314.450000,5318.100000,5300.000000,5313.500000,1177
2021-10-20T12:45:00+05:30,5313.500000,5313.500000,5302.450000,5306.150000,554
2021-10-20T13:00:00+05:30,5306.150000,5311.850000,5282.000000,5285.300000,901
2021-10-20T13:15:00+05:30,5285.300000,5300.000000,5262.500000,5277.000000,2689
2021-10-20T13:30:00+05:30,5277.000000,5283.500000,5263.000000,5265.000000,1239
2021-10-20T13:45:00+05:30,5265.000000,5271.800000,5250.500000,5258.900000,1040
2021-10-20T14:00:00+05:30,5258.900000,5258.900000,5221.100000,5249.950000,3048
2021-10-20T14:15:00+05:30,5249.950000,5250.850000,5220.000000,5237.800000,1186
2021-10-20T14:30:00+05:30,5237.800000,5275.000000,5230.150000,5255.700000,1275
2021-10-20T14:45:00+05:30,5255.650000,5255.700000,5233.500000,5249.000000,1469
2021-10-20T15:00:00+05:30,5249.000000,5263.500000,5249.000000,5259.000000,1299
2021-10-20T15:15:00+05:30,5261.000000,5278.450000,5230.000000,5252.000000,2856
2021-10-21T09:15:00+05:30,5262.000000,5313.850000,5261.700000,5270.300000,1603
2021-10-21T09:30:00+05:30,5270.300000,5275.750000,5236.450000,5270.000000,1543
2021-10-21T09:45:00+05:30,5270.000000,5270.000000,5250.000000,5268.800000,387
2021-10-21T10:00:00+05:30,5268.800000,5268.800000,5252.500000,5254.000000,519
2021-10-21T10:15:00+05:30,5254.000000,5257.850000,5225.000000,5226.200000,2342
2021-10-21T10:30:00+05:30,5226.200000,5226.950000,5183.400000,5217.950000,4240
2021-10-21T10:45:00+05:30,5217.950000,5217.950000,5203.750000,5207.900000,502
2021-10-21T11:00:00+05:30,5214.400000,5221.500000,5200.000000,5212.900000,492
2021-10-21T11:15:00+05:30,5212.900000,5239.850000,5212.900000,5235.650000,611
2021-10-21T11:30:00+05:30,5226.350000,5235.950000,5208.050000,5218.050000,549
2021-10-21T11:45:00+05:30,5218.050000,5218.050000,5206.750000,5212.550000,558
2021-10-21T12:00:00+05:30,5213.400000,5213.500000,5206.750000,5210.000000,292
2021-10-21T12:15:00+05:30,5210.000000,5210.000000,5196.100000,5200.000000,391
2021-10-21T12:30:00+05:30,5200.600000,5206.350000,5181.000000,5191.500000,1465
2021-10-21T12:45:00+05:30,5191.500000,5199.050000,5184.950000,5199.050000,492
2021-10-21T13:00:00+05:30,5200.200000,5204.050000,5193.300000,5193.300000,190
2021-10-21T13:15:00+05:30,5202.750000,5202.750000,5190.000000,5196.550000,437
2021-10-21T13:30:00+05:30,5196.550000,5198.400000,5155.000000,5174.050000,3210
2021-10-21T13:45:00+05:30,5174.050000,5174.400000,5162.050000,5170.000000,1933
2021-10-21T14:00:00+05:30,5170.000000,5170.000000,5127.000000,5143.450000,4465
2021-10-21T14:15:00+05:30,5143.450000,5158.500000,5131.300000,5158.000000,928
2021-10-21T14:30:00+05:30,5158.000000,5198.000000,5151.300000,5184.750000,1331
2021-10-21T14:45:00+05:30,5184.750000,5200.000000,5180.000000,5200.000000,1891
2021-10-21T15:00:00+05:30,5200.000000,5211.850000,5192.450000,5211.550000,1449
2021-10-21T15:15:00+05:30,5210.950000,5236.950000,5200.350000,5211.050000,4504
2021-10-22T09:15:00+05:30,5201.000000,5250.000000,5191.250000,5231.650000,1916
2021-10-22T09:30:00+05:30,5231.650000,5254.950000,5228.350000,5243.850000,689
2021-10-22T09:45:00+05:30,5243.850000,5254.750000,5234.000000,5249.450000,1038
2021-10-22T10:00:00+05:30,5249.450000,5260.000000,5247.100000,5253.200000,478
2021-10-22T10:15:00+05:30,5253.200000,5256.700000,5237.300000,5244.950000,583
2021-10-22T10:30:00+05:30,5244.950000,5248.950000,5230.000000,5230.950000,264
2021-10-22T10:45:00+05:30,5230.950000,5234.300000,5223.000000,5230.000000,223
2021-10-22T11:00:00+05:30,5230.000000,5236.400000,5225.300000,5232.000000,260
2021-10-22T11:15:00+05:30,5232.000000,5234.800000,5223.000000,5223.000000,325
2021-10-22T11:30:00+05:30,5223.000000,5223.000000,5195.000000,5209.200000,654
2021-10-22T11:45:00+05:30,5208.400000,5218.150000,5198.050000,5209.950000,234
2021-10-22T12:00:00+05:30,5209.950000,5209.950000,5182.100000,5188.700000,503
2021-10-22T12:15:00+05:30,5188.700000,5192.000000,5164.800000,5173.650000,709
2021-10-22T12:30:00+05:30,5173.650000,5195.000000,5173.650000,5193.750000,363
2021-10-22T12:45:00+05:30,5195.950000,5195.950000,5162.400000,5162.400000,613
2021-10-22T13:00:00+05:30,5168.200000,5197.950000,5162.100000,5195.500000,334
2021-10-22T13:15:00+05:30,5191.000000,5195.500000,5165.000000,5181.500000,281
2021-10-22T13:30:00+05:30,5181.500000,5181.500000,5165.300000,5171.750000,244
2021-10-22T13:45:00+05:30,5171.750000,5185.600000,5162.150000,5185.600000,365
2021-10-22T14:00:00+05:30,5185.600000,5200.000000,5179.550000,5200.000000,196
2021-10-22T14:15:00+05:30,5200.000000,5203.050000,5163.800000,5177.300000,1552
2021-10-22T14:30:00+05:30,5177.300000,5178.400000,5169.000000,5174.700000,251
2021-10-22T14:45:00+05:30,5174.950000,5174.950000,5159.150000,5166.800000,466
2021-10-22T15:00:00+05:30,5166.800000,5174.300000,5154.000000,5154.000000,1087
2021-10-22T15:15:00+05:30,5153.650000,5170.000000,5140.000000,5170.000000,2651
2021-10-25T09:15:00+05:30,5180.900000,5180.900000,5101.000000,5107.100000,2202
2021-10-25T09:30:00+05:30,5108.050000,5113.450000,5038.150000,5063.250000,2426
2021-10-25T09:45:00+05:30,5063.250000,5073.350000,5006.000000,5039.900000,3337
2021-10-25T10:00:00+05:30,5039.900000,5053.650000,5025.000000,5025.150000,3309
2021-10-25T10:15:00+05:30,5025.150000,5048.850000,5010.000000,5040.600000,1176
2021-10-25T10:30:00+05:30,5040.600000,5047.400000,5031.650000,5047.000000,743
2021-10-25T10:45:00+05:30,5047.000000,5052.150000,5020.600000,5020.600000,1280
2021-10-25T11:00:00+05:30,5020.600000,5033.650000,5000.000000,5005.000000,1443
2021-10-25T11:15:00+05:30,5005.000000,5010.200000,4978.600000,4982.000000,2208
2021-10-25T11:30:00+05:30,4982.000000,5011.700000,4978.800000,5009.950000,1491
2021-10-25T11:45:00+05:30,5009.950000,5011.800000,4999.550000,5002.500000,695
2021-10-25T12:00:00+05:30,5004.000000,5004.000000,4981.600000,4992.800000,652
2021-10-25T12:15:00+05:30,4992.800000,4999.700000,4980.100000,4997.600000,793
2021-10-25T12:30:00+05:30,4997.600000,5001.300000,4989.050000,5000.900000,517
2021-10-25T12:45:00+05:30,5000.900000,5007.000000,4997.350000,5005.000000,283
2021-10-25T13:00:00+05:30,5005.000000,5010.800000,5003.000000,5010.550000,509
2021-10-25T13:15:00+05:30,5010.550000,5011.000000,4987.700000,4996.450000,757
2021-10-25T13:30:00+05:30,4997.000000,5004.750000,4990.100000,4997.250000,743
2021-10-25T13:45:00+05:30,4997.250000,5000.000000,4995.000000,4998.600000,107
2021-10-25T14:00:00+05:30,4999.550000,5000.000000,4993.000000,4999.950000,917
2021-10-25T14:15:00+05:30,4999.950000,5008.850000,4992.000000,4999.750000,1342
2021-10-25T14:30:00+05:30,4999.750000,5001.000000,4995.100000,5000.000000,775
2021-10-25T14:45:00+05:30,5000.000000,5000.000000,4990.150000,4992.150000,1406
2021-10-25T15:00:00+05:30,4992.150000,4996.350000,4980.000000,4985.000000,2173
2021-10-25T15:15:00+05:30,4985.000000,4999.000000,4963.150000,4997.800000,5455
2021-10-26T09:15:00+05:30,4998.000000,5055.000000,4984.700000,5046.950000,3528
2021-10-26T09:30:00+05:30,5046.950000,5046.950000,4990.000000,4993.000000,1840
2021-10-26T09:45:00+05:30,4993.000000,4997.000000,4984.500000,4990.000000,1036
2021-10-26T10:00:00+05:30,4990.000000,4990.000000,4975.000000,4980.000000,1144
2021-10-26T10:15:00+05:30,4980.000000,4988.900000,4956.000000,4968.000000,2209
2021-10-26T10:30:00+05:30,4967.950000,4970.000000,4959.900000,4964.550000,713
2021-10-26T10:45:00+05:30,4964.550000,4964.550000,4940.000000,4943.900000,2148
2021-10-26T11:00:00+05:30,4945.000000,4955.750000,4941.000000,4946.900000,1084
2021-10-26T11:15:00+05:30,4948.900000,4955.100000,4918.000000,4933.150000,3878
2021-10-26T11:30:00+05:30,4933.150000,4955.500000,4930.700000,4949.900000,1329
2021-10-26T11:45:00+05:30,4949.900000,4969.800000,4947.450000,4952.000000,1595
2021-10-26T12:00:00+05:30,4952.000000,4984.800000,4952.000000,4980.700000,711
2021-10-26T12:15:00+05:30,4980.750000,4992.000000,4973.400000,4992.000000,1245
2021-10-26T12:30:00+05:30,4992.000000,5000.000000,4974.950000,4991.000000,2399
2021-10-26T12:45:00+05:30,4991.000000,4998.550000,4961.500000,4969.900000,949
2021-10-26T13:00:00+05:30,4969.900000,4984.850000,4969.850000,4984.850000,272
2021-10-26T13:15:00+05:30,4984.850000,4987.800000,4980.000000,4987.000000,175
2021-10-26T13:30:00+05:30,4987.000000,4987.950000,4980.150000,4986.600000,166
2021-10-26T13:45:00+05:30,4986.600000,4988.000000,4980.450000,4985.050000,172
2021-10-26T14:00:00+05:30,4985.050000,4994.600000,4985.050000,4994.600000,289
2021-10-26T14:15:00+05:30,4994.600000,4995.000000,4986.050000,4986.600000,286
2021-10-26T14:30:00+05:30,4986.600000,5000.000000,4986.250000,4998.750000,1684
2021-10-26T14:45:00+05:30,4998.750000,4999.600000,4991.000000,4991.500000,614
2021-10-26T15:00:00+05:30,4991.500000,4998.000000,4983.850000,4985.150000,1246
2021-10-26T15:15:00+05:30,4985.150000,4995.000000,4956.550000,4981.550000,3971
2021-10-27T09:15:00+05:30,5005.300000,5066.750000,4973.000000,5059.400000,5512
2021-10-27T09:30:00+05:30,5059.400000,5065.000000,5010.000000,5013.000000,1712
2021-10-27T09:45:00+05:30,5013.000000,5025.000000,5008.000000,5013.350000,852
2021-10-27T10:00:00+05:30,5013.350000,5018.150000,5002.250000,5006.900000,1145
2021-10-27T10:15:00+05:30,5006.900000,5012.950000,5001.000000,5003.100000,361
2021-10-27T10:30:00+05:30,5003.100000,5014.200000,5003.100000,5008.350000,457
2021-10-27T10:45:00+05:30,5008.350000,5016.050000,5004.850000,5007.000000,364
2021-10-27T11:00:00+05:30,5007.000000,5014.450000,5000.300000,5009.000000,319
2021-10-27T11:15:00+05:30,5009.000000,5035.050000,5008.450000,5032.100000,3280
2021-10-27T11:30:00+05:30,5032.100000,5034.800000,5027.650000,5031.100000,924
2021-10-27T11:45:00+05:30,5031.100000,5035.000000,5028.200000,5028.650000,270
2021-10-27T12:00:00+05:30,5028.650000,5030.000000,5028.000000,5028.000000,1217
2021-10-27T12:15:00+05:30,5028.000000,5029.900000,5028.000000,5029.050000,525
2021-10-27T12:30:00+05:30,5028.000000,5033.500000,5023.500000,5033.500000,3156
2021-10-27T12:45:00+05:30,5033.500000,5036.450000,5030.100000,5032.050000,329
2021-10-27T13:00:00+05:30,5032.050000,5038.850000,5027.250000,5031.500000,562
2021-10-27T13:15:00+05:30,5031.500000,5032.000000,5021.900000,5024.950000,826
2021-10-27T13:30:00+05:30,5024.950000,5054.950000,5021.000000,5052.000000,6033
2021-10-27T13:45:00+05:30,5052.000000,5057.950000,5050.000000,5057.550000,1272
2021-10-27T14:00:00+05:30,5057.550000,5114.450000,5052.400000,5099.000000,4950
2021-10-27T14:15:00+05:30,5099.000000,5105.000000,5072.150000,5095.300000,2844
2021-10-27T14:30:00+05:30,5095.300000,5103.000000,5090.000000,5097.450000,4362
2021-10-27T14:45:00+05:30,5097.450000,5104.850000,5097.450000,5102.700000,901
2021-10-27T15:00:00+05:30,5103.150000,5103.200000,5078.800000,5091.500000,2447
2021-10-27T15:15:00+05:30,5093.550000,5109.000000,5082.800000,5109.000000,8910
2021-10-28T09:15:00+05:30,5161.550000,5174.000000,5055.250000,5063.900000,6777
2021-10-28T09:30:00+05:30,5063.900000,5067.200000,5007.000000,5010.000000,4192
2021-10-28T09:45:00+05:30,5008.000000,5025.000000,5000.100000,5004.850000,2715
2021-10-28T10:00:00+05:30,5004.850000,5016.600000,4995.150000,5011.150000,1218
2021-10-28T10:15:00+05:30,5011.150000,5035.050000,5011.150000,5026.550000,814
2021-10-28T10:30:00+05:30,5026.550000,5026.550000,5002.750000,5007.550000,1601
2021-10-28T10:45:00+05:30,5007.550000,5020.600000,5001.000000,5019.250000,2595
2021-10-28T11:00:00+05:30,5019.250000,5028.250000,5011.000000,5020.000000,1534
2021-10-28T11:15:00+05:30,5020.000000,5040.800000,5015.000000,5035.000000,612
2021-10-28T11:30:00+05:30,5035.000000,5039.950000,5030.300000,5031.300000,389
2021-10-28T11:45:00+05:30,5031.300000,5041.000000,5029.000000,5034.500000,731
2021-10-28T12:00:00+05:30,5034.500000,5036.500000,5028.950000,5032.000000,833
2021-10-28T12:15:00+05:30,5032.000000,5036.950000,5028.650000,5031.350000,987
2021-10-28T12:30:00+05:30,5031.350000,5035.050000,5026.900000,5028.400000,1184
2021-10-28T12:45:00+05:30,5029.000000,5054.900000,5025.250000,5054.000000,1862
2021-10-28T13:00:00+05:30,5054.000000,5058.800000,5042.750000,5042.750000,285
2021-10-28T13:15:00+05:30,5042.750000,5047.150000,5029.950000,5034.450000,483
2021-10-28T13:30:00+05:30,5034.450000,5034.450000,5008.000000,5013.000000,662
2021-10-28T13:45:00+05:30,5013.000000,5017.050000,5012.000000,5013.350000,336
2021-10-28T14:00:00+05:30,5012.000000,5013.600000,4996.150000,5002.000000,1346
2021-10-28T14:15:00+05:30,5002.000000,5008.000000,4960.900000,4960.900000,1917
2021-10-28T14:30:00+05:30,4960.900000,4989.100000,4955.000000,4969.850000,2029
2021-10-28T14:45:00+05:30,4969.850000,4991.900000,4952.100000,4975.000000,1854
2021-10-28T15:00:00+05:30,4975.000000,5024.000000,4966.150000,4994.550000,3190
2021-10-28T15:15:00+05:30,4993.450000,5024.000000,4970.000000,5024.000000,3889
2021-10-29T09:15:00+05:30,4999.950000,5037.850000,4950.050000,4981.700000,2808
2021-10-29T09:30:00+05:30,4981.700000,5005.000000,4970.850000,4997.850000,747
2021-10-29T09:45:00+05:30,4997.850000,5024.500000,4997.850000,5004.050000,841
2021-10-29T10:00:00+05:30,5004.050000,5014.350000,4972.400000,5014.350000,1366
2021-10-29T10:15:00+05:30,5014.350000,5023.500000,4999.800000,5009.200000,1434
2021-10-29T10:30:00+05:30,5009.200000,5020.000000,5006.500000,5019.000000,424
2021-10-29T10:45:00+05:30,5019.000000,5032.450000,5013.600000,5026.300000,534
2021-10-29T11:00:00+05:30,5026.300000,5045.000000,5006.150000,5014.250000,679
2021-10-29T11:15:00+05:30,5014.250000,5031.250000,5007.500000,5025.550000,171
2021-10-29T11:30:00+05:30,5024.400000,5034.950000,5020.000000,5029.050000,2085
2021-10-29T11:45:00+05:30,5029.050000,5029.150000,5021.100000,5021.100000,101
2021-10-29T12:00:00+05:30,5032.800000,5040.700000,5024.000000,5029.300000,401
2021-10-29T12:15:00+05:30,5029.300000,5035.100000,5024.450000,5033.000000,183
2021-10-29T12:30:00+05:30,5034.600000,5040.250000,5029.000000,5038.900000,2619
2021-10-29T12:45:00+05:30,5038.700000,5047.850000,5029.000000,5037.000000,838
2021-10-29T13:00:00+05:30,5042.600000,5044.500000,5029.000000,5039.050000,274
2021-10-29T13:15:00+05:30,5039.050000,5039.050000,5029.000000,5031.000000,414
2021-10-29T13:30:00+05:30,5031.000000,5036.350000,5029.000000,5034.150000,137
2021-10-29T13:45:00+05:30,5034.150000,5062.950000,5030.900000,5052.550000,652
2021-10-29T14:00:00+05:30,5052.550000,5061.250000,5032.000000,5041.150000,449
2021-10-29T14:15:00+05:30,5041.150000,5049.000000,5033.700000,5043.000000,581
2021-10-29T14:30:00+05:30,5043.000000,5053.250000,5037.950000,5045.550000,968
2021-10-29T14:45:00+05:30,5045.550000,5061.500000,5045.000000,5051.200000,653
2021-10-29T15:00:00+05:30,5057.950000,5072.000000,5047.750000,5055.000000,1847
2021-10-29T15:15:00+05:30,5057.650000,5057.650000,5029.000000,5040.000000,2775
2021-11-01T09:15:00+05:30,5060.000000,5065.000000,5010.500000,5019.300000,1989
2021-11-01T09:30:00+05:30,5027.000000,5042.000000,5016.700000,5035.450000,958
2021-11-01T09:45:00+05:30,5035.450000,5052.500000,5020.500000,5049.850000,721
2021-11-01T10:00:00+05:30,5049.850000,5053.150000,5043.100000,5053.150000,285
2021-11-01T10:15:00+05:30,5053.150000,5083.150000,5048.100000,5050.000000,2165
2021-11-01T10:30:00+05:30,5050.000000,5063.800000,5049.700000,5057.500000,623
2021-11-01T10:45:00+05:30,5057.500000,5061.000000,5046.750000,5053.250000,551
2021-11-01T11:00:00+05:30,5053.250000,5065.800000,5043.350000,5058.150000,413
2021-11-01T11:15:00+05:30,5058.150000,5063.750000,5056.600000,5061.150000,194
2021-11-01T11:30:00+05:30,5061.150000,5062.000000,5052.700000,5052.700000,164
2021-11-01T11:45:00+05:30,5052.700000,5060.000000,5052.700000,5059.900000,83
2021-11-01T12:00:00+05:30,5059.900000,5072.000000,5059.800000,5066.950000,484
2021-11-01T12:15:00+05:30,5066.950000,5071.100000,5061.250000,5067.500000,100
2021-11-01T12:30:00+05:30,5067.500000,5070.000000,5060.200000,5066.950000,381
2021-11-01T12:45:00+05:30,5066.950000,5072.000000,5066.700000,5066.950000,142
2021-11-01T13:00:00+05:30,5066.950000,5077.000000,5066.650000,5071.950000,894
2021-11-01T13:15:00+05:30,5071.950000,5072.400000,5050.000000,5059.000000,540
2021-11-01T13:30:00+05:30,5059.000000,5072.550000,5057.450000,5064.850000,425
2021-11-01T13:45:00+05:30,5064.850000,5065.950000,5053.100000,5053.100000,204
2021-11-01T14:00:00+05:30,5053.100000,5060.450000,5044.600000,5054.000000,752
2021-11-01T14:15:00+05:30,5054.000000,5061.400000,5054.000000,5061.400000,197
2021-11-01T14:30:00+05:30,5060.000000,5074.400000,5060.000000,5074.150000,177
2021-11-01T14:45:00+05:30,5074.150000,5074.150000,5055.000000,5058.000000,622
2021-11-01T15:00:00+05:30,5058.000000,5078.950000,5058.000000,5067.450000,1046
2021-11-01T15:15:00+05:30,5069.000000,5076.900000,5056.000000,5076.500000,1604
2021-11-02T09:15:00+05:30,5079.000000,5094.400000,5061.850000,5088.000000,987
2021-11-02T09:30:00+05:30,5088.000000,5104.300000,5074.400000,5080.450000,1212
2021-11-02T09:45:00+05:30,5080.450000,5096.500000,5071.100000,5087.000000,725
2021-11-02T10:00:00+05:30,5087.000000,5125.000000,5084.400000,5115.500000,1777
2021-11-02T10:15:00+05:30,5115.500000,5124.900000,5062.250000,5064.600000,2189
2021-11-02T10:30:00+05:30,5064.600000,5098.900000,5062.250000,5092.300000,752
2021-11-02T10:45:00+05:30,5092.400000,5098.900000,5083.000000,5098.900000,547
2021-11-02T11:00:00+05:30,5098.900000,5098.950000,5093.050000,5097.100000,346
2021-11-02T11:15:00+05:30,5097.100000,5099.000000,5085.350000,5093.900000,442
2021-11-02T11:30:00+05:30,5093.900000,5099.700000,5087.550000,5099.700000,1149
2021-11-02T11:45:00+05:30,5099.700000,5100.500000,5093.850000,5096.150000,2142
2021-11-02T12:00:00+05:30,5096.150000,5100.000000,5090.250000,5090.250000,240
2021-11-02T12:15:00+05:30,5090.250000,5100.000000,5088.450000,5100.000000,197
2021-11-02T12:30:00+05:30,5100.000000,5100.000000,5090.200000,5095.900000,192
2021-11-02T12:45:00+05:30,5093.200000,5099.350000,5083.850000,5084.000000,166
2021-11-02T13:00:00+05:30,5084.000000,5090.850000,5065.050000,5082.150000,641
2021-11-02T13:15:00+05:30,5082.150000,5090.000000,5082.150000,5089.750000,78
2021-11-02T13:30:00+05:30,5089.750000,5089.750000,5079.150000,5087.000000,391
2021-11-02T13:45:00+05:30,5087.000000,5089.850000,5082.200000,5082.200000,286
2021-11-02T14:00:00+05:30,5082.200000,5090.000000,5080.450000,5081.000000,395
2021-11-02T14:15:00+05:30,5081.000000,5087.400000,5068.250000,5077.450000,285
2021-11-02T14:30:00+05:30,5077.450000,5083.200000,5072.000000,5083.200000,290
2021-11-02T14:45:00+05:30,5083.200000,5090.000000,5076.300000,5084.250000,706
2021-11-02T15:00:00+05:30,5084.450000,5087.800000,5072.600000,5079.900000,1036
2021-11-02T15:15:00+05:30,5080.000000,5090.000000,5071.050000,5071.700000,2449
2021-11-03T09:15:00+05:30,5128.000000,5128.000000,5080.000000,5092.700000,5843
2021-11-03T09:30:00+05:30,5092.700000,5110.250000,5091.100000,5107.250000,1278
2021-11-03T09:45:00+05:30,5107.250000,5118.900000,5096.700000,5097.550000,936
2021-11-03T10:00:00+05:30,5099.000000,5104.000000,5092.150000,5101.650000,819
2021-11-03T10:15:00+05:30,5101.650000,5106.000000,5096.250000,5098.700000,966
2021-11-03T10:30:00+05:30,5098.700000,5111.900000,5098.700000,5111.900000,945
2021-11-03T10:45:00+05:30,5111.900000,5115.000000,5097.000000,5100.000000,1497
2021-11-03T11:00:00+05:30,5100.000000,5101.000000,5092.250000,5099.750000,1260
2021-11-03T11:15:00+05:30,5099.750000,5100.000000,5081.550000,5099.100000,1236
2021-11-03T11:30:00+05:30,5099.100000,5099.150000,5091.550000,5096.100000,461
2021-11-03T11:45:00+05:30,5096.100000,5098.950000,5063.950000,5068.750000,2186
2021-11-03T12:00:00+05:30,5068.750000,5074.500000,5026.000000,5033.100000,1738
2021-11-03T12:15:00+05:30,5026.250000,5045.000000,4985.050000,4991.100000,5604
2021-11-03T12:30:00+05:30,4991.100000,5017.600000,4991.100000,5009.950000,1224
2021-11-03T12:45:00+05:30,5009.950000,5027.900000,5006.600000,5010.000000,911
2021-11-03T13:00:00+05:30,5010.000000,5014.500000,5000.000000,5000.000000,1171
2021-11-03T13:15:00+05:30,5000.000000,5006.850000,4998.850000,5005.850000,503
2021-11-03T13:30:00+05:30,5005.850000,5017.000000,5005.000000,5010.850000,461
2021-11-03T13:45:00+05:30,5010.850000,5018.750000,5007.000000,5010.100000,763
2021-11-03T14:00:00+05:30,5010.100000,5018.750000,5002.550000,5008.000000,776
2021-11-03T14:15:00+05:30,5008.000000,5008.600000,4982.250000,4999.950000,1048
2021-11-03T14:30:00+05:30,4999.950000,5000.000000,4962.300000,4999.100000,1982
2021-11-03T14:45:00+05:30,5000.000000,5030.000000,4999.000000,5030.000000,6217
2021-11-03T15:00:00+05:30,5031.800000,5038.000000,5028.000000,5028.300000,3008
2021-11-03T15:15:00+05:30,5028.000000,5035.000000,4999.000000,5025.000000,5702
2021-11-04T18:15:00+05:30,4997.400000,5014.000000,4979.200000,4990.150000,2786
2021-11-04T18:30:00+05:30,4998.500000,5010.950000,4990.200000,5002.000000,1174
2021-11-04T18:45:00+05:30,5001.700000,5008.100000,5000.000000,5008.100000,869
2021-11-04T19:00:00+05:30,5008.100000,5020.000000,5000.000000,5020.000000,2061
2021-11-08T09:15:00+05:30,5211.000000,5421.000000,5175.000000,5380.000000,149100
2021-11-08T09:30:00+05:30,5384.950000,5395.000000,5302.750000,5321.150000,60098
2021-11-08T09:45:00+05:30,5320.000000,5323.700000,5275.750000,5289.000000,30887
2021-11-08T10:00:00+05:30,5289.500000,5324.800000,5280.000000,5298.550000,15682
2021-11-08T10:15:00+05:30,5298.550000,5298.850000,5236.500000,5259.000000,23361
2021-11-08T10:30:00+05:30,5259.000000,5289.850000,5257.650000,5271.000000,9051
2021-11-08T10:45:00+05:30,5271.000000,5279.900000,5254.000000,5279.900000,6069
2021-11-08T11:00:00+05:30,5279.900000,5279.900000,5264.650000,5270.350000,3201
2021-11-08T11:15:00+05:30,5275.000000,5283.950000,5263.950000,5282.850000,4744
2021-11-08T11:30:00+05:30,5282.850000,5311.550000,5268.150000,5311.550000,8260
2021-11-08T11:45:00+05:30,5311.550000,5323.000000,5291.200000,5295.000000,10690
2021-11-08T12:00:00+05:30,5290.650000,5315.700000,5290.100000,5298.400000,3482
2021-11-08T12:15:00+05:30,5298.400000,5300.000000,5261.000000,5285.150000,7682
2021-11-08T12:30:00+05:30,5285.150000,5305.000000,5283.000000,5296.000000,3216
2021-11-08T12:45:00+05:30,5296.000000,5299.900000,5255.000000,5273.600000,7588
2021-11-08T13:00:00+05:30,5267.200000,5299.950000,5265.000000,5293.850000,3501
2021-11-08T13:15:00+05:30,5293.850000,5295.000000,5268.000000,5275.000000,2855
2021-11-08T13:30:00+05:30,5275.000000,5289.650000,5256.400000,5289.650000,3892
2021-11-08T13:45:00+05:30,5289.650000,5290.000000,5267.000000,5279.750000,3410
2021-11-08T14:00:00+05:30,5279.750000,5290.000000,5271.400000,5278.800000,2801
2021-11-08T14:15:00+05:30,5278.800000,5280.000000,5272.100000,5275.850000,1528
2021-11-08T14:30:00+05:30,5275.850000,5277.750000,5272.000000,5275.000000,1772
2021-11-08T14:45:00+05:30,5275.000000,5275.000000,5263.000000,5267.000000,4439
2021-11-08T15:00:00+05:30,5267.000000,5271.500000,5255.000000,5258.000000,9233
2021-11-08T15:15:00+05:30,5257.000000,5269.750000,5240.000000,5255.000000,17129
2021-11-09T09:15:00+05:30,5250.000000,5250.000000,5160.050000,5203.050000,8628
2021-11-09T09:30:00+05:30,5203.050000,5238.950000,5203.050000,5223.950000,2039
2021-11-09T09:45:00+05:30,5223.950000,5240.000000,5211.250000,5228.450000,2109
2021-11-09T10:00:00+05:30,5228.450000,5231.850000,5215.000000,5220.050000,1207
2021-11-09T10:15:00+05:30,5220.050000,5221.950000,5190.250000,5199.700000,3051
2021-11-09T10:30:00+05:30,5199.700000,5222.000000,5184.600000,5222.000000,6052
2021-11-09T10:45:00+05:30,5222.000000,5222.000000,5213.450000,5217.050000,866
2021-11-09T11:00:00+05:30,5217.050000,5223.500000,5216.000000,5216.000000,801
2021-11-09T11:15:00+05:30,5216.000000,5219.700000,5206.000000,5206.000000,589
2021-11-09T11:30:00+05:30,5209.950000,5221.000000,5206.600000,5213.900000,803
2021-11-09T11:45:00+05:30,5213.900000,5219.100000,5212.500000,5215.000000,307
2021-11-09T12:00:00+05:30,5215.000000,5225.000000,5206.000000,5215.500000,764
2021-11-09T12:15:00+05:30,5215.500000,5218.000000,5206.000000,5212.300000,1387
2021-11-09T12:30:00+05:30,5212.300000,5216.100000,5205.000000,5205.400000,389
2021-11-09T12:45:00+05:30,5205.400000,5210.850000,5194.600000,5194.600000,751
2021-11-09T13:00:00+05:30,5199.850000,5200.000000,5187.600000,5200.000000,1801
2021-11-09T13:15:00+05:30,5200.000000,5216.150000,5197.000000,5215.900000,361
2021-11-09T13:30:00+05:30,5215.900000,5225.000000,5207.300000,5210.700000,817
2021-11-09T13:45:00+05:30,5210.700000,5213.850000,5201.750000,5213.850000,586
2021-11-09T14:00:00+05:30,5213.850000,5224.850000,5213.850000,5222.000000,1235
2021-11-09T14:15:00+05:30,5222.000000,5222.000000,5216.950000,5220.000000,374
2021-11-09T14:30:00+05:30,5221.000000,5221.000000,5210.000000,5211.350000,516
2021-11-09T14:45:00+05:30,5211.350000,5225.000000,5204.350000,5209.050000,1722
2021-11-09T15:00:00+05:30,5210.700000,5240.950000,5206.000000,5240.050000,2024
2021-11-09T15:15:00+05:30,5240.050000,5259.000000,5227.100000,5249.000000,4703
2021-11-10T09:15:00+05:30,5250.800000,5269.800000,5164.800000,5210.200000,4968
2021-11-10T09:30:00+05:30,5210.200000,5236.750000,5207.700000,5210.650000,1453
2021-11-10T09:45:00+05:30,5210.650000,5217.900000,5201.300000,5203.450000,937
2021-11-10T10:00:00+05:30,5203.300000,5218.500000,5201.350000,5208.750000,564
2021-11-10T10:15:00+05:30,5208.750000,5208.750000,5198.000000,5198.000000,904
2021-11-10T10:30:00+05:30,5198.000000,5204.000000,5189.250000,5203.550000,676
2021-11-10T10:45:00+05:30,5203.550000,5203.550000,5195.000000,5197.600000,340
2021-11-10T11:00:00+05:30,5197.600000,5199.100000,5180.850000,5193.850000,574
2021-11-10T11:15:00+05:30,5193.850000,5194.750000,5182.500000,5182.500000,551
2021-11-10T11:30:00+05:30,5185.000000,5199.700000,5176.900000,5184.300000,1234
2021-11-10T11:45:00+05:30,5184.300000,5193.900000,5166.000000,5178.950000,1562
2021-11-10T12:00:00+05:30,5185.050000,5187.750000,5178.100000,5180.000000,321
2021-11-10T12:15:00+05:30,5178.000000,5189.700000,5174.150000,5183.000000,320
2021-11-10T12:30:00+05:30,5186.950000,5190.000000,5182.200000,5185.500000,272
2021-11-10T12:45:00+05:30,5185.500000,5185.500000,5172.000000,5179.200000,552
2021-11-10T13:00:00+05:30,5179.200000,5183.350000,5172.900000,5180.200000,490
2021-11-10T13:15:00+05:30,5180.200000,5184.000000,5174.350000,5184.000000,221
2021-11-10T13:30:00+05:30,5184.000000,5199.000000,5177.100000,5179.950000,311
2021-11-10T13:45:00+05:30,5177.100000,5185.550000,5176.200000,5179.500000,247
2021-11-10T14:00:00+05:30,5179.500000,5189.300000,5177.550000,5182.350000,636
2021-11-10T14:15:00+05:30,5182.350000,5205.400000,5182.350000,5191.000000,597
2021-11-10T14:30:00+05:30,5191.000000,5200.200000,5190.150000,5200.200000,259
2021-11-10T14:45:00+05:30,5200.200000,5200.200000,5177.600000,5184.000000,906
2021-11-10T15:00:00+05:30,5185.450000,5204.000000,5180.000000,5189.200000,2253
2021-11-10T15:15:00+05:30,5189.200000,5205.400000,5180.200000,5198.000000,2090
2021-11-11T09:15:00+05:30,5219.750000,5219.750000,5171.500000,5182.200000,2324
2021-11-11T09:30:00+05:30,5182.200000,5199.000000,5172.000000,5178.000000,1179
2021-11-11T09:45:00+05:30,5178.000000,5178.000000,5145.900000,5149.000000,2266
2021-11-11T10:00:00+05:30,5149.000000,5153.800000,5125.000000,5140.400000,1843
2021-11-11T10:15:00+05:30,5140.400000,5160.000000,5129.350000,5155.050000,1042
2021-11-11T10:30:00+05:30,5155.050000,5158.000000,5145.650000,5145.650000,232
2021-11-11T10:45:00+05:30,5145.650000,5150.000000,5140.550000,5146.450000,972
2021-11-11T11:00:00+05:30,5146.450000,5146.450000,5134.800000,5145.950000,241
2021-11-11T11:15:00+05:30,5145.950000,5147.100000,5120.000000,5128.550000,548
2021-11-11T11:30:00+05:30,5128.550000,5128.550000,5119.100000,5126.000000,360
2021-11-11T11:45:00+05:30,5126.000000,5126.000000,5115.000000,5118.050000,581
2021-11-11T12:00:00+05:30,5118.050000,5144.000000,5118.050000,5141.000000,428
2021-11-11T12:15:00+05:30,5141.000000,5150.850000,5141.000000,5150.500000,620
2021-11-11T12:30:00+05:30,5150.500000,5154.800000,5139.050000,5149.850000,717
2021-11-11T12:45:00+05:30,5149.850000,5149.850000,5140.050000,5146.000000,178
2021-11-11T13:00:00+05:30,5146.000000,5146.300000,5139.150000,5140.000000,167
2021-11-11T13:15:00+05:30,5140.000000,5146.450000,5135.400000,5141.400000,124
2021-11-11T13:30:00+05:30,5141.400000,5146.200000,5138.450000,5143.700000,169
2021-11-11T13:45:00+05:30,5143.700000,5147.250000,5135.400000,5143.500000,531
2021-11-11T14:00:00+05:30,5143.500000,5143.500000,5135.000000,5135.000000,357
2021-11-11T14:15:00+05:30,5135.000000,5138.200000,5130.000000,5134.950000,252
2021-11-11T14:30:00+05:30,5134.950000,5136.900000,5126.400000,5136.900000,702
2021-11-11T14:45:00+05:30,5136.900000,5139.950000,5130.500000,5139.950000,744
2021-11-11T15:00:00+05:30,5139.950000,5144.950000,5135.050000,5137.150000,519
2021-11-11T15:15:00+05:30,5137.150000,5146.800000,5135.400000,5144.500000,1764
2021-11-12T09:15:00+05:30,5183.850000,5183.850000,5132.650000,5136.000000,752
2021-11-12T09:30:00+05:30,5136.000000,5141.400000,5102.000000,5135.550000,1306
2021-11-12T09:45:00+05:30,5136.000000,5136.000000,5127.000000,5131.800000,193
2021-11-12T10:00:00+05:30,5131.800000,5140.000000,5126.000000,5138.100000,245
2021-11-12T10:15:00+05:30,5138.100000,5138.100000,5118.550000,5128.050000,412
2021-11-12T10:30:00+05:30,5128.050000,5128.050000,5110.000000,5118.350000,424
2021-11-12T10:45:00+05:30,5118.350000,5125.000000,5108.550000,5111.000000,547
2021-11-12T11:00:00+05:30,5111.000000,5138.000000,5105.000000,5131.100000,753
2021-11-12T11:15:00+05:30,5131.100000,5140.000000,5131.100000,5138.750000,459
2021-11-12T11:30:00+05:30,5138.750000,5138.750000,5128.250000,5128.250000,207
2021-11-12T11:45:00+05:30,5128.250000,5148.000000,5128.250000,5142.800000,895
2021-11-12T12:00:00+05:30,5142.800000,5144.750000,5139.150000,5140.500000,72
2021-11-12T12:15:00+05:30,5140.500000,5145.000000,5119.000000,5119.000000,535
2021-11-12T12:30:00+05:30,5119.000000,5125.000000,5119.000000,5123.200000,127
2021-11-12T12:45:00+05:30,5123.000000,5123.450000,5108.650000,5112.000000,436
2021-11-12T13:00:00+05:30,5112.000000,5117.500000,5108.000000,5110.500000,793
2021-11-12T13:15:00+05:30,5110.500000,5118.450000,5103.000000,5118.450000,726
2021-11-12T13:30:00+05:30,5115.000000,5117.600000,5107.600000,5107.600000,336
2021-11-12T13:45:00+05:30,5107.600000,5123.000000,5107.150000,5120.200000,299
2021-11-12T14:00:00+05:30,5120.200000,5121.000000,5116.200000,5116.400000,72
2021-11-12T14:15:00+05:30,5116.400000,5123.000000,5113.050000,5122.800000,217
2021-11-12T14:30:00+05:30,5122.800000,5132.000000,5120.400000,5121.000000,295
2021-11-12T14:45:00+05:30,5121.000000,5125.000000,5115.000000,5115.000000,382
2021-11-12T15:00:00+05:30,5115.000000,5129.700000,5110.950000,5123.400000,1075
2021-11-12T15:15:00+05:30,5123.400000,5144.050000,5121.500000,5144.000000,1578
2021-11-15T09:15:00+05:30,5120.000000,5169.250000,5101.050000,5160.900000,2512
2021-11-15T09:30:00+05:30,5160.900000,5183.950000,5141.650000,5182.000000,1087
2021-11-15T09:45:00+05:30,5182.000000,5220.000000,5179.100000,5203.350000,3614
2021-11-15T10:00:00+05:30,5203.350000,5207.900000,5185.250000,5190.100000,1009
2021-11-15T10:15:00+05:30,5190.100000,5199.900000,5185.350000,5185.350000,850
2021-11-15T10:30:00+05:30,5185.350000,5189.250000,5160.000000,5171.700000,1188
2021-11-15T10:45:00+05:30,5171.700000,5181.550000,5170.100000,5179.500000,371
2021-11-15T11:00:00+05:30,5179.950000,5183.600000,5175.650000,5179.900000,164
2021-11-15T11:15:00+05:30,5179.900000,5179.900000,5145.350000,5150.000000,1252
2021-11-15T11:30:00+05:30,5150.000000,5150.000000,5145.000000,5150.000000,334
2021-11-15T11:45:00+05:30,5150.000000,5150.000000,5145.600000,5145.600000,142
2021-11-15T12:00:00+05:30,5145.600000,5150.000000,5120.050000,5126.950000,1197
2021-11-15T12:15:00+05:30,5126.950000,5150.000000,5122.000000,5145.650000,972
2021-11-15T12:30:00+05:30,5145.500000,5147.400000,5140.750000,5142.000000,168
2021-11-15T12:45:00+05:30,5142.000000,5144.000000,5131.900000,5142.500000,221
2021-11-15T13:00:00+05:30,5142.500000,5142.500000,5132.800000,5141.200000,314
2021-11-15T13:15:00+05:30,5141.200000,5144.000000,5136.300000,5136.300000,309
2021-11-15T13:30:00+05:30,5136.300000,5143.950000,5136.300000,5138.150000,40
2021-11-15T13:45:00+05:30,5138.150000,5144.000000,5136.000000,5140.000000,267
2021-11-15T14:00:00+05:30,5140.000000,5149.050000,5130.000000,5137.550000,1070
2021-11-15T14:15:00+05:30,5137.550000,5147.500000,5137.550000,5145.950000,569
2021-11-15T14:30:00+05:30,5145.950000,5179.900000,5145.950000,5174.900000,1544
2021-11-15T14:45:00+05:30,5174.900000,5182.300000,5167.550000,5174.900000,468
2021-11-15T15:00:00+05:30,5174.900000,5179.950000,5160.150000,5169.950000,1509
2021-11-15T15:15:00+05:30,5169.950000,5199.000000,5158.200000,5170.000000,3786
2021-11-16T09:15:00+05:30,5160.000000,5176.500000,5130.000000,5157.200000,1016
2021-11-16T09:30:00+05:30,5157.200000,5159.650000,5131.000000,5144.300000,978
2021-11-16T09:45:00+05:30,5144.300000,5174.000000,5140.000000,5163.600000,1328
2021-11-16T10:00:00+05:30,5163.600000,5169.550000,5154.400000,5169.550000,348
2021-11-16T10:15:00+05:30,5164.500000,5172.600000,5162.000000,5172.500000,875
2021-11-16T10:30:00+05:30,5172.500000,5197.950000,5168.800000,5190.550000,930
2021-11-16T10:45:00+05:30,5190.550000,5193.950000,5173.750000,5181.250000,1619
2021-11-16T11:00:00+05:30,5181.250000,5183.800000,5170.000000,5170.000000,171
2021-11-16T11:15:00+05:30,5170.000000,5173.100000,5170.000000,5171.700000,309
2021-11-16T11:30:00+05:30,5171.700000,5176.200000,5170.000000,5170.750000,187
2021-11-16T11:45:00+05:30,5170.750000,5183.800000,5170.500000,5183.800000,133
2021-11-16T12:00:00+05:30,5183.800000,5184.000000,5180.350000,5181.100000,98
2021-11-16T12:15:00+05:30,5181.150000,5199.900000,5181.050000,5192.000000,434
2021-11-16T12:30:00+05:30,5192.000000,5200.000000,5192.000000,5198.000000,221
2021-11-16T12:45:00+05:30,5198.000000,5198.000000,5191.650000,5197.250000,594
2021-11-16T13:00:00+05:30,5197.250000,5197.250000,5191.000000,5193.450000,416
2021-11-16T13:15:00+05:30,5193.450000,5193.450000,5185.000000,5185.000000,220
2021-11-16T13:30:00+05:30,5185.000000,5189.250000,5182.000000,5183.000000,207
2021-11-16T13:45:00+05:30,5183.000000,5187.800000,5182.050000,5186.000000,122
2021-11-16T14:00:00+05:30,5186.000000,5187.800000,5178.000000,5178.000000,444
2021-11-16T14:15:00+05:30,5182.000000,5193.650000,5162.500000,5180.950000,1888
2021-11-16T14:30:00+05:30,5186.850000,5187.000000,5173.500000,5177.250000,606
2021-11-16T14:45:00+05:30,5180.950000,5191.500000,5170.000000,5177.800000,1388
2021-11-16T15:00:00+05:30,5177.850000,5188.650000,5171.350000,5175.200000,907
2021-11-16T15:15:00+05:30,5175.200000,5175.200000,5170.000000,5170.000000,2924
2021-11-17T09:15:00+05:30,5190.000000,5199.000000,5170.150000,5180.000000,1235
2021-11-17T09:30:00+05:30,5180.000000,5180.000000,5165.100000,5170.100000,544
2021-11-17T09:45:00+05:30,5170.100000,5172.000000,5150.450000,5150.450000,711
2021-11-17T10:00:00+05:30,5154.550000,5155.000000,5145.000000,5152.450000,738
2021-11-17T10:15:00+05:30,5152.450000,5160.000000,5148.150000,5157.000000,456
2021-11-17T10:30:00+05:30,5157.000000,5162.750000,5152.800000,5157.600000,329
2021-11-17T10:45:00+05:30,5157.600000,5158.250000,5150.000000,5152.950000,187
2021-11-17T11:00:00+05:30,5152.950000,5152.950000,5147.000000,5147.200000,213
2021-11-17T11:15:00+05:30,5147.200000,5153.250000,5147.200000,5153.150000,451
2021-11-17T11:30:00+05:30,5153.150000,5154.350000,5148.500000,5150.000000,173
2021-11-17T11:45:00+05:30,5150.000000,5154.850000,5149.150000,5152.750000,260
2021-11-17T12:00:00+05:30,5152.750000,5156.950000,5150.800000,5154.950000,103
2021-11-17T12:15:00+05:30,5154.950000,5154.950000,5151.150000,5154.850000,58
2021-11-17T12:30:00+05:30,5154.850000,5154.850000,5152.000000,5152.000000,92
2021-11-17T12:45:00+05:30,5152.000000,5163.500000,5152.000000,5156.000000,183
2021-11-17T13:00:00+05:30,5156.000000,5161.100000,5150.000000,5161.100000,680
2021-11-17T13:15:00+05:30,5161.100000,5161.100000,5141.000000,5142.000000,466
2021-11-17T13:30:00+05:30,5142.000000,5162.950000,5140.000000,5152.050000,459
2021-11-17T13:45:00+05:30,5152.200000,5161.100000,5142.050000,5143.650000,534
2021-11-17T14:00:00+05:30,5143.650000,5150.900000,5143.000000,5150.200000,275
2021-11-17T14:15:00+05:30,5150.200000,5150.750000,5141.000000,5141.000000,395
2021-11-17T14:30:00+05:30,5145.350000,5151.650000,5138.850000,5144.850000,442
2021-11-17T14:45:00+05:30,5144.850000,5150.150000,5138.850000,5140.800000,292
2021-11-17T15:00:00+05:30,5140.800000,5140.800000,5043.200000,5043.200000,2623
2021-11-17T15:15:00+05:30,5050.200000,5056.650000,5031.000000,5040.000000,6415
2021-11-18T09:15:00+05:30,5099.000000,5099.000000,5059.150000,5069.700000,1894
2021-11-18T09:30:00+05:30,5059.450000,5074.200000,5055.400000,5056.000000,471
2021-11-18T09:45:00+05:30,5056.000000,5084.950000,5056.000000,5062.900000,750
2021-11-18T10:00:00+05:30,5062.900000,5070.000000,5042.050000,5045.950000,1101
2021-11-18T10:15:00+05:30,5045.950000,5045.950000,5020.000000,5031.750000,1444
2021-11-18T10:30:00+05:30,5031.800000,5037.450000,5023.700000,5024.150000,594
2021-11-18T10:45:00+05:30,5024.150000,5065.700000,5024.150000,5060.350000,1000
2021-11-18T11:00:00+05:30,5060.350000,5060.350000,5026.000000,5030.950000,392
2021-11-18T11:15:00+05:30,5030.950000,5030.950000,5020.350000,5025.000000,388
2021-11-18T11:30:00+05:30,5025.000000,5035.400000,5022.650000,5025.200000,225
2021-11-18T11:45:00+05:30,5025.200000,5032.000000,5022.750000,5025.400000,263
2021-11-18T12:00:00+05:30,5025.400000,5033.750000,5024.000000,5029.800000,184
2021-11-18T12:15:00+05:30,5029.800000,5030.000000,5020.200000,5024.000000,207
2021-11-18T12:30:00+05:30,5026.100000,5026.100000,5020.600000,5024.000000,215
2021-11-18T12:45:00+05:30,5024.000000,5029.050000,5021.050000,5027.150000,221
2021-11-18T13:00:00+05:30,5027.150000,5027.150000,5021.000000,5025.000000,66
2021-11-18T13:15:00+05:30,5025.000000,5028.000000,5022.150000,5027.900000,142
2021-11-18T13:30:00+05:30,5029.800000,5032.000000,5025.000000,5032.000000,159
2021-11-18T13:45:00+05:30,5032.000000,5045.000000,5032.000000,5040.000000,284
2021-11-18T14:00:00+05:30,5040.000000,5041.800000,5030.000000,5030.300000,172
2021-11-18T14:15:00+05:30,5030.300000,5033.800000,5021.000000,5027.550000,376
2021-11-18T14:30:00+05:30,5027.550000,5037.500000,5022.150000,5033.400000,199
2021-11-18T14:45:00+05:30,5033.400000,5054.550000,5033.400000,5046.950000,2309
2021-11-18T15:00:00+05:30,5046.950000,5080.000000,5039.900000,5078.950000,2645
2021-11-18T15:15:00+05:30,5079.000000,5085.000000,5061.300000,5079.750000,3058
2021-11-22T09:15:00+05:30,5067.600000,5083.850000,5021.500000,5023.900000,1563
2021-11-22T09:30:00+05:30,5023.900000,5086.300000,5023.900000,5062.750000,1172
2021-11-22T09:45:00+05:30,5062.750000,5062.750000,5045.000000,5059.900000,372
2021-11-22T10:00:00+05:30,5059.000000,5059.000000,5041.150000,5047.850000,216
2021-11-22T10:15:00+05:30,5042.150000,5059.550000,5042.150000,5050.350000,387
2021-11-22T10:30:00+05:30,5050.350000,5058.850000,5000.050000,5007.200000,1383
2021-11-22T10:45:00+05:30,5007.650000,5020.750000,5003.000000,5006.050000,576
2021-11-22T11:00:00+05:30,5009.850000,5009.850000,4990.000000,4991.950000,1307
2021-11-22T11:15:00+05:30,4992.000000,4993.800000,4985.000000,4992.500000,283
2021-11-22T11:30:00+05:30,4992.500000,5001.500000,4988.000000,4999.950000,366
2021-11-22T11:45:00+05:30,4999.950000,5000.850000,4981.000000,4981.000000,664
2021-11-22T12:00:00+05:30,4981.000000,4981.000000,4966.300000,4968.250000,1556
2021-11-22T12:15:00+05:30,4970.000000,4975.000000,4961.000000,4962.950000,563
2021-11-22T12:30:00+05:30,4962.950000,4979.700000,4960.050000,4979.650000,475
2021-11-22T12:45:00+05:30,4979.650000,4982.800000,4974.300000,4975.600000,541
2021-11-22T13:00:00+05:30,4975.600000,4978.100000,4970.950000,4976.000000,160
2021-11-22T13:15:00+05:30,4976.000000,4976.000000,4960.000000,4968.100000,345
2021-11-22T13:30:00+05:30,4968.100000,4968.100000,4960.300000,4964.600000,360
2021-11-22T13:45:00+05:30,4964.600000,4964.600000,4945.000000,4945.800000,913
2021-11-22T14:00:00+05:30,4945.800000,4956.550000,4936.800000,4936.800000,726
2021-11-22T14:15:00+05:30,4936.800000,4944.000000,4889.950000,4889.950000,1624
2021-11-22T14:30:00+05:30,4882.550000,4917.500000,4880.700000,4917.500000,1521
2021-11-22T14:45:00+05:30,4917.500000,4927.150000,4900.750000,4926.000000,802
2021-11-22T15:00:00+05:30,4926.000000,4940.050000,4917.100000,4917.100000,944
2021-11-22T15:15:00+05:30,4917.100000,4963.000000,4917.100000,4950.500000,2773
2021-11-23T09:15:00+05:30,4900.000000,4935.000000,4889.800000,4924.000000,1164
2021-11-23T09:30:00+05:30,4924.000000,4971.450000,4924.000000,4944.750000,2293
2021-11-23T09:45:00+05:30,4944.750000,4948.600000,4924.900000,4944.900000,1054
2021-11-23T10:00:00+05:30,4944.900000,4950.000000,4928.800000,4928.850000,469
2021-11-23T10:15:00+05:30,4928.850000,4940.900000,4921.950000,4937.150000,355
2021-11-23T10:30:00+05:30,4937.150000,4950.000000,4929.300000,4939.800000,1011
2021-11-23T10:45:00+05:30,4939.800000,4945.600000,4934.500000,4942.800000,283
2021-11-23T11:00:00+05:30,4942.800000,4949.950000,4940.000000,4940.000000,219
2021-11-23T11:15:00+05:30,4940.000000,4947.050000,4935.000000,4941.900000,807
2021-11-23T11:30:00+05:30,4945.100000,4945.100000,4921.950000,4924.500000,1291
2021-11-23T11:45:00+05:30,4924.500000,4928.950000,4904.700000,4919.250000,951
2021-11-23T12:00:00+05:30,4919.250000,4925.950000,4913.050000,4921.350000,598
2021-11-23T12:15:00+05:30,4921.350000,4925.000000,4908.400000,4917.650000,642
2021-11-23T12:30:00+05:30,4917.650000,4924.450000,4912.000000,4923.350000,168
2021-11-23T12:45:00+05:30,4923.350000,4928.900000,4915.000000,4920.700000,355
2021-11-23T13:00:00+05:30,4920.700000,4934.800000,4916.850000,4933.950000,249
2021-11-23T13:15:00+05:30,4933.950000,4936.350000,4921.050000,4921.050000,396
2021-11-23T13:30:00+05:30,4921.050000,4930.000000,4921.050000,4926.700000,199
2021-11-23T13:45:00+05:30,4926.700000,4930.000000,4921.100000,4921.150000,211
2021-11-23T14:00:00+05:30,4921.150000,4932.000000,4921.150000,4932.000000,160
2021-11-23T14:15:00+05:30,4932.000000,4934.950000,4927.150000,4930.600000,545
2021-11-23T14:30:00+05:30,4930.600000,4952.950000,4928.500000,4948.800000,1204
2021-11-23T14:45:00+05:30,4948.800000,4968.800000,4938.050000,4967.000000,1977
2021-11-23T15:00:00+05:30,4967.600000,5009.950000,4967.600000,5009.950000,2864
2021-11-23T15:15:00+05:30,5000.000000,5019.900000,4996.850000,5016.000000,2410
2021-11-24T09:15:00+05:30,4996.400000,5022.700000,4981.450000,4996.650000,1567
2021-11-24T09:30:00+05:30,4996.650000,5015.000000,4996.150000,4998.600000,557
2021-11-24T09:45:00+05:30,4998.600000,5007.600000,4998.600000,5003.000000,121
2021-11-24T10:00:00+05:30,5003.000000,5006.550000,4991.450000,4993.550000,655
2021-11-24T10:15:00+05:30,4993.550000,5005.350000,4993.200000,5005.350000,90
2021-11-24T10:30:00+05:30,5005.350000,5009.400000,4995.000000,4998.800000,869
2021-11-24T10:45:00+05:30,4998.800000,5006.000000,4997.000000,4997.000000,260
2021-11-24T11:00:00+05:30,4997.000000,5005.200000,4995.750000,5003.900000,113
2021-11-24T11:15:00+05:30,5003.900000,5005.650000,4995.150000,4995.150000,310
2021-11-24T11:30:00+05:30,4995.150000,4998.000000,4993.000000,4993.000000,77
2021-11-24T11:45:00+05:30,4993.000000,5004.900000,4993.000000,5004.900000,125
2021-11-24T12:00:00+05:30,5004.900000,5004.900000,4990.000000,4997.000000,321
2021-11-24T12:15:00+05:30,4997.000000,4997.000000,4990.150000,4991.450000,90
2021-11-24T12:30:00+05:30,4991.450000,4996.750000,4991.050000,4996.650000,59
2021-11-24T12:45:00+05:30,4996.650000,4996.650000,4986.000000,4991.900000,174
2021-11-24T13:00:00+05:30,4991.900000,4991.900000,4985.350000,4991.650000,65
2021-11-24T13:15:00+05:30,4991.650000,4994.550000,4990.050000,4993.950000,34
2021-11-24T13:30:00+05:30,4993.950000,4999.650000,4993.950000,4994.100000,272
2021-11-24T13:45:00+05:30,4994.100000,4998.600000,4987.600000,4993.050000,121
2021-11-24T14:00:00+05:30,4993.050000,4994.800000,4985.000000,4991.350000,465
2021-11-24T14:15:00+05:30,4991.350000,4991.350000,4980.000000,4982.150000,449
2021-11-24T14:30:00+05:30,4982.150000,4987.800000,4976.200000,4976.200000,270
2021-11-24T14:45:00+05:30,4976.200000,4976.200000,4950.000000,4955.300000,781
2021-11-24T15:00:00+05:30,4955.300000,4970.000000,4955.000000,4957.550000,546
2021-11-24T15:15:00+05:30,4957.550000,4962.350000,4910.000000,4930.000000,3048
2021-11-25T09:15:00+05:30,4915.150000,4973.650000,4881.000000,4897.350000,2123
2021-11-25T09:30:00+05:30,4897.350000,4925.000000,4897.350000,4924.900000,565
2021-11-25T09:45:00+05:30,4924.900000,4924.900000,4901.050000,4905.500000,651
2021-11-25T10:00:00+05:30,4905.500000,4914.000000,4900.650000,4908.650000,548
2021-11-25T10:15:00+05:30,4915.150000,4919.350000,4908.650000,4913.300000,348
2021-11-25T10:30:00+05:30,4913.300000,4920.000000,4908.000000,4917.250000,347
2021-11-25T10:45:00+05:30,4917.250000,4919.300000,4907.900000,4918.900000,885
2021-11-25T11:00:00+05:30,4918.900000,4929.850000,4915.000000,4923.500000,412
2021-11-25T11:15:00+05:30,4923.500000,4928.250000,4917.000000,4927.350000,885
2021-11-25T11:30:00+05:30,4927.350000,4927.350000,4920.000000,4922.650000,37
2021-11-25T11:45:00+05:30,4922.650000,4930.000000,4916.450000,4929.850000,222
2021-11-25T12:00:00+05:30,4929.850000,4943.300000,4929.100000,4942.700000,622
2021-11-25T12:15:00+05:30,4942.700000,4946.000000,4936.000000,4942.450000,240
2021-11-25T12:30:00+05:30,4942.450000,4943.550000,4928.150000,4928.150000,182
2021-11-25T12:45:00+05:30,4928.150000,4934.950000,4926.150000,4929.050000,219
2021-11-25T13:00:00+05:30,4929.000000,4929.000000,4920.600000,4920.600000,140
2021-11-25T13:15:00+05:30,4920.600000,4923.700000,4915.200000,4919.900000,61
2021-11-25T13:30:00+05:30,4919.900000,4920.050000,4911.850000,4915.000000,99
2021-11-25T13:45:00+05:30,4915.000000,4917.400000,4912.450000,4914.100000,80
2021-11-25T14:00:00+05:30,4914.100000,4916.250000,4905.000000,4908.950000,201
2021-11-25T14:15:00+05:30,4908.300000,4909.800000,4905.000000,4908.400000,273
2021-11-25T14:30:00+05:30,4908.400000,4930.950000,4902.050000,4912.150000,1136
2021-11-25T14:45:00+05:30,4912.150000,4917.250000,4905.200000,4908.400000,300
2021-11-25T15:00:00+05:30,4908.400000,4917.600000,4890.000000,4892.000000,1137
2021-11-25T15:15:00+05:30,4892.000000,4901.450000,4885.950000,4899.650000,2002
2021-11-26T09:15:00+05:30,4919.000000,5148.950000,4910.000000,5147.000000,27623
2021-11-26T09:30:00+05:30,5141.850000,5174.550000,5085.050000,5137.600000,21862
2021-11-26T09:45:00+05:30,5140.000000,5140.000000,5071.000000,5104.950000,18735
2021-11-26T10:00:00+05:30,5104.950000,5145.000000,5091.000000,5125.000000,6673
2021-11-26T10:15:00+05:30,5125.000000,5125.000000,5090.150000,5097.450000,3990
2021-11-26T10:30:00+05:30,5091.750000,5099.750000,5062.200000,5088.400000,5021
2021-11-26T10:45:00+05:30,5088.400000,5114.000000,5071.000000,5090.100000,3947
2021-11-26T11:00:00+05:30,5090.100000,5099.400000,5078.550000,5091.850000,1881
2021-11-26T11:15:00+05:30,5091.850000,5128.000000,5089.550000,5123.050000,6158
2021-11-26T11:30:00+05:30,5123.050000,5148.900000,5106.100000,5110.950000,3945
2021-11-26T11:45:00+05:30,5110.950000,5125.000000,5085.200000,5104.300000,2103
2021-11-26T12:00:00+05:30,5104.300000,5129.050000,5100.200000,5121.050000,1202
2021-11-26T12:15:00+05:30,5121.050000,5135.950000,5110.900000,5133.350000,2088
2021-11-26T12:30:00+05:30,5130.000000,5140.000000,5121.000000,5134.900000,2417
2021-11-26T12:45:00+05:30,5134.900000,5184.350000,5129.950000,5145.000000,12783
2021-11-26T13:00:00+05:30,5145.000000,5175.000000,5145.000000,5166.050000,3632
2021-11-26T13:15:00+05:30,5166.050000,5170.000000,5151.300000,5162.150000,1805
2021-11-26T13:30:00+05:30,5162.150000,5167.950000,5121.150000,5157.800000,3988
2021-11-26T13:45:00+05:30,5157.800000,5164.950000,5130.300000,5148.100000,5670
2021-11-26T14:00:00+05:30,5148.100000,5200.000000,5148.100000,5162.100000,6029
2021-11-26T14:15:00+05:30,5162.100000,5165.000000,5128.000000,5156.500000,3745
2021-11-26T14:30:00+05:30,5156.500000,5156.500000,5136.000000,5142.500000,1251
2021-11-26T14:45:00+05:30,5142.500000,5150.000000,5140.750000,5145.750000,2874
2021-11-26T15:00:00+05:30,5145.750000,5149.000000,5106.100000,5139.050000,6178
2021-11-26T15:15:00+05:30,5139.050000,5149.000000,5111.100000,5139.000000,9272
2021-11-29T09:15:00+05:30,5300.000000,5358.050000,5206.100000,5335.850000,48612
2021-11-29T09:30:00+05:30,5335.850000,5359.000000,5280.000000,5302.100000,21299
2021-11-29T09:45:00+05:30,5303.000000,5320.000000,5297.300000,5305.000000,8359
2021-11-29T10:00:00+05:30,5305.000000,5310.000000,5285.850000,5310.000000,7866
2021-11-29T10:15:00+05:30,5313.900000,5316.700000,5288.100000,5310.300000,5654
2021-11-29T10:30:00+05:30,5314.750000,5394.750000,5305.000000,5375.000000,21326
2021-11-29T10:45:00+05:30,5375.000000,5435.000000,5369.950000,5402.000000,31545
2021-11-29T11:00:00+05:30,5404.950000,5418.000000,5377.850000,5397.000000,10545
2021-11-29T11:15:00+05:30,5397.700000,5430.000000,5385.000000,5392.100000,16017
2021-11-29T11:30:00+05:30,5392.100000,5396.950000,5360.000000,5389.750000,10250
2021-11-29T11:45:00+05:30,5381.250000,5387.950000,5320.000000,5342.750000,7921
2021-11-29T12:00:00+05:30,5342.750000,5377.850000,5322.000000,5377.850000,8153
2021-11-29T12:15:00+05:30,5377.850000,5377.850000,5359.050000,5360.000000,3959
2021-11-29T12:30:00+05:30,5360.000000,5360.000000,5330.000000,5347.900000,6761
2021-11-29T12:45:00+05:30,5347.900000,5355.000000,5325.000000,5329.850000,3124
2021-11-29T13:00:00+05:30,5328.900000,5337.000000,5310.000000,5329.100000,3772
2021-11-29T13:15:00+05:30,5325.000000,5343.000000,5325.000000,5330.750000,2190
2021-11-29T13:30:00+05:30,5330.750000,5334.500000,5316.050000,5330.000000,2324
2021-11-29T13:45:00+05:30,5330.000000,5347.000000,5330.000000,5340.450000,3047
2021-11-29T14:00:00+05:30,5340.450000,5372.050000,5340.450000,5347.950000,5879
2021-11-29T14:15:00+05:30,5347.950000,5363.200000,5327.000000,5339.850000,5321
2021-11-29T14:30:00+05:30,5339.850000,5348.750000,5320.050000,5339.800000,6060
2021-11-29T14:45:00+05:30,5339.800000,5365.000000,5325.000000,5340.000000,6476
2021-11-29T15:00:00+05:30,5338.000000,5348.500000,5228.450000,5242.100000,12590
2021-11-29T15:15:00+05:30,5242.100000,5268.350000,5212.950000,5258.000000,11948
2021-11-30T09:15:00+05:30,5265.000000,5291.000000,5143.150000,5167.950000,11134
2021-11-30T09:30:00+05:30,5155.100000,5192.000000,5145.100000,5154.100000,5375
2021-11-30T09:45:00+05:30,5154.100000,5168.550000,5105.000000,5132.650000,7788
2021-11-30T10:00:00+05:30,5132.650000,5169.950000,5126.000000,5158.400000,4371
2021-11-30T10:15:00+05:30,5158.400000,5164.900000,5130.000000,5148.700000,3610
2021-11-30T10:30:00+05:30,5148.700000,5160.000000,5140.050000,5154.000000,3462
2021-11-30T10:45:00+05:30,5156.000000,5157.000000,5142.000000,5152.500000,2699
2021-11-30T11:00:00+05:30,5152.500000,5162.350000,5142.000000,5150.400000,2298
2021-11-30T11:15:00+05:30,5150.000000,5181.050000,5141.200000,5177.000000,2152
2021-11-30T11:30:00+05:30,5177.000000,5211.000000,5154.150000,5199.750000,3086
2021-11-30T11:45:00+05:30,5201.000000,5215.000000,5180.300000,5210.100000,2502
2021-11-30T12:00:00+05:30,5210.100000,5218.950000,5206.600000,5209.550000,1587
2021-11-30T12:15:00+05:30,5209.550000,5229.000000,5205.350000,5205.900000,1910
2021-11-30T12:30:00+05:30,5205.900000,5210.000000,5167.650000,5190.000000,2474
2021-11-30T12:45:00+05:30,5190.000000,5218.500000,5190.000000,5210.150000,1785
2021-11-30T13:00:00+05:30,5215.950000,5217.250000,5184.350000,5201.000000,1703
2021-11-30T13:15:00+05:30,5201.000000,5210.950000,5193.200000,5207.450000,520
2021-11-30T13:30:00+05:30,5207.450000,5209.450000,5195.500000,5209.400000,2200
2021-11-30T13:45:00+05:30,5209.400000,5209.400000,5191.550000,5205.650000,1144
2021-11-30T14:00:00+05:30,5205.650000,5205.900000,5197.000000,5205.900000,1385
2021-11-30T14:15:00+05:30,5205.900000,5213.950000,5200.700000,5201.400000,666
2021-11-30T14:30:00+05:30,5201.400000,5212.000000,5195.000000,5204.950000,671
2021-11-30T14:45:00+05:30,5204.950000,5211.550000,5192.100000,5199.300000,1627
2021-11-30T15:00:00+05:30,5199.300000,5209.900000,5178.700000,5181.550000,2313
2021-11-30T15:15:00+05:30,5189.050000,5212.050000,5175.000000,5200.000000,5281
2021-12-01T09:15:00+05:30,5250.000000,5250.000000,5133.900000,5162.450000,5675
2021-12-01T09:30:00+05:30,5162.100000,5170.400000,5122.600000,5147.300000,2932
2021-12-01T09:45:00+05:30,5147.300000,5147.300000,5130.500000,5132.000000,853
2021-12-01T10:00:00+05:30,5131.600000,5137.000000,5103.000000,5108.700000,2504
2021-12-01T10:15:00+05:30,5108.700000,5149.400000,5106.050000,5129.000000,1973
2021-12-01T10:30:00+05:30,5125.150000,5129.000000,5106.200000,5120.750000,866
2021-12-01T10:45:00+05:30,5120.750000,5130.000000,5108.600000,5108.600000,697
2021-12-01T11:00:00+05:30,5108.600000,5120.000000,5083.250000,5083.250000,3561
2021-12-01T11:15:00+05:30,5085.450000,5087.900000,5071.000000,5082.450000,2452
2021-12-01T11:30:00+05:30,5082.450000,5104.200000,5078.000000,5080.000000,2864
2021-12-01T11:45:00+05:30,5075.800000,5081.900000,5075.000000,5078.000000,1871
2021-12-01T12:00:00+05:30,5078.000000,5078.000000,5060.050000,5065.050000,1861
2021-12-01T12:15:00+05:30,5067.650000,5083.000000,5061.000000,5075.050000,1388
2021-12-01T12:30:00+05:30,5075.050000,5079.000000,5061.500000,5074.850000,961
2021-12-01T12:45:00+05:30,5074.350000,5074.400000,5050.000000,5055.950000,2389
2021-12-01T13:00:00+05:30,5055.950000,5069.000000,5045.300000,5047.250000,2234
2021-12-01T13:15:00+05:30,5047.250000,5070.000000,5042.500000,5059.950000,1668
2021-12-01T13:30:00+05:30,5059.950000,5061.150000,5050.050000,5056.000000,633
2021-12-01T13:45:00+05:30,5056.000000,5059.800000,5042.500000,5055.200000,1487
2021-12-01T14:00:00+05:30,5055.200000,5056.500000,5026.000000,5040.900000,2302
2021-12-01T14:15:00+05:30,5040.800000,5054.700000,5030.000000,5050.050000,1269
2021-12-01T14:30:00+05:30,5050.050000,5050.050000,5035.000000,5040.000000,1359
2021-12-01T14:45:00+05:30,5040.000000,5047.400000,5035.000000,5042.000000,1467
2021-12-01T15:00:00+05:30,5042.000000,5042.000000,5016.150000,5021.800000,2874
2021-12-01T15:15:00+05:30,5021.950000,5039.900000,5013.100000,5038.000000,5590
2021-12-02T09:15:00+05:30,5000.000000,5073.000000,4982.950000,4998.500000,8714
2021-12-02T09:30:00+05:30,4999.350000,5019.150000,4978.150000,5013.200000,3496
2021-12-02T09:45:00+05:30,5013.200000,5028.850000,4997.800000,4997.800000,2389
2021-12-02T10:00:00+05:30,4997.800000,5008.950000,4980.000000,4980.400000,2403
2021-12-02T10:15:00+05:30,4980.400000,4989.600000,4973.100000,4977.200000,3839
2021-12-02T10:30:00+05:30,4977.200000,4978.500000,4954.750000,4972.700000,2990
2021-12-02T10:45:00+05:30,4972.700000,4972.800000,4955.100000,4959.950000,1800
2021-12-02T11:00:00+05:30,4959.950000,4962.200000,4947.800000,4951.150000,2358
2021-12-02T11:15:00+05:30,4951.100000,4969.800000,4950.150000,4961.050000,1568
2021-12-02T11:30:00+05:30,4961.050000,4965.750000,4952.950000,4953.950000,1148
2021-12-02T11:45:00+05:30,4960.750000,4960.750000,4935.500000,4940.000000,3282
2021-12-02T12:00:00+05:30,4940.000000,4941.900000,4934.000000,4936.000000,1502
2021-12-02T12:15:00+05:30,4936.000000,4946.350000,4934.500000,4941.800000,1134
2021-12-02T12:30:00+05:30,4941.800000,4944.250000,4925.000000,4926.000000,2030
2021-12-02T12:45:00+05:30,4926.000000,4938.650000,4926.000000,4930.900000,793
2021-12-02T13:00:00+05:30,4930.900000,4938.650000,4930.900000,4934.300000,526
2021-12-02T13:15:00+05:30,4930.000000,4965.000000,4930.000000,4944.350000,2773
2021-12-02T13:30:00+05:30,4944.350000,4945.000000,4935.550000,4943.700000,1129
2021-12-02T13:45:00+05:30,4943.700000,4953.600000,4937.150000,4946.900000,1429
2021-12-02T14:00:00+05:30,4946.900000,4948.450000,4937.300000,4937.650000,1265
2021-12-02T14:15:00+05:30,4937.650000,4945.000000,4935.200000,4941.950000,995
2021-12-02T14:30:00+05:30,4941.950000,4944.000000,4935.000000,4935.050000,1244
2021-12-02T14:45:00+05:30,4935.050000,4943.000000,4930.700000,4942.350000,1920
2021-12-02T15:00:00+05:30,4942.350000,4943.150000,4930.000000,4933.000000,3864
2021-12-02T15:15:00+05:30,4933.000000,4948.250000,4927.550000,4940.000000,8263
2021-12-03T09:15:00+05:30,4953.300000,4989.950000,4925.000000,4943.850000,9309
2021-12-03T09:30:00+05:30,4943.850000,4970.700000,4940.050000,4955.250000,1713
2021-12-03T09:45:00+05:30,4951.000000,4963.150000,4927.850000,4955.200000,3075
2021-12-03T10:00:00+05:30,4955.800000,4956.800000,4926.650000,4935.700000,2362
2021-12-03T10:15:00+05:30,4935.700000,4950.000000,4935.250000,4945.750000,573
2021-12-03T10:30:00+05:30,4945.750000,4957.450000,4945.000000,4957.000000,594
2021-12-03T10:45:00+05:30,4957.000000,4963.800000,4953.500000,4956.300000,707
2021-12-03T11:00:00+05:30,4956.350000,4967.650000,4953.000000,4964.150000,588
2021-12-03T11:15:00+05:30,4964.150000,4967.700000,4956.200000,4961.150000,789
2021-12-03T11:30:00+05:30,4961.150000,4967.700000,4961.100000,4965.000000,323
2021-12-03T11:45:00+05:30,4965.000000,4965.000000,4942.000000,4944.000000,1510
2021-12-03T12:00:00+05:30,4944.000000,4951.950000,4931.600000,4934.000000,1683
2021-12-03T12:15:00+05:30,4934.000000,4934.000000,4915.000000,4923.000000,3442
2021-12-03T12:30:00+05:30,4923.000000,4923.000000,4910.000000,4912.050000,2349
2021-12-03T12:45:00+05:30,4912.050000,4922.900000,4910.000000,4912.400000,1307
2021-12-03T13:00:00+05:30,4912.400000,4923.700000,4912.100000,4912.350000,1419
2021-12-03T13:15:00+05:30,4912.350000,4929.600000,4911.000000,4918.750000,2347
2021-12-03T13:30:00+05:30,4918.750000,4924.700000,4910.950000,4912.550000,2005
2021-12-03T13:45:00+05:30,4912.550000,4930.000000,4910.000000,4917.200000,1848
2021-12-03T14:00:00+05:30,4917.200000,4923.500000,4909.000000,4910.900000,3174
2021-12-03T14:15:00+05:30,4910.900000,4913.900000,4906.500000,4909.050000,2131
2021-12-03T14:30:00+05:30,4909.050000,4921.600000,4902.550000,4909.250000,2256
2021-12-03T14:45:00+05:30,4909.250000,4934.950000,4907.300000,4934.950000,3181
2021-12-03T15:00:00+05:30,4935.700000,4943.050000,4908.300000,4915.700000,4222
2021-12-03T15:15:00+05:30,4915.700000,4917.000000,4903.000000,4908.000000,3381
2021-12-06T09:15:00+05:30,4959.700000,4962.600000,4892.000000,4895.700000,6186
2021-12-06T09:30:00+05:30,4899.650000,4899.650000,4884.000000,4894.400000,2290
2021-12-06T09:45:00+05:30,4894.400000,4899.100000,4880.300000,4885.000000,1468
2021-12-06T10:00:00+05:30,4885.000000,4910.000000,4884.750000,4907.050000,846
2021-12-06T10:15:00+05:30,4907.050000,4907.050000,4892.050000,4896.400000,289
2021-12-06T10:30:00+05:30,4896.400000,4908.200000,4894.000000,4908.000000,303
2021-12-06T10:45:00+05:30,4908.000000,4911.000000,4890.000000,4901.800000,654
2021-12-06T11:00:00+05:30,4901.800000,4911.000000,4890.000000,4909.250000,487
2021-12-06T11:15:00+05:30,4909.250000,4909.250000,4890.000000,4898.700000,1021
2021-12-06T11:30:00+05:30,4898.700000,4898.700000,4885.000000,4889.400000,328
2021-12-06T11:45:00+05:30,4889.400000,4906.050000,4889.400000,4906.050000,415
2021-12-06T12:00:00+05:30,4906.050000,4909.850000,4890.000000,4895.250000,579
2021-12-06T12:15:00+05:30,4895.250000,4897.500000,4885.000000,4890.300000,797
2021-12-06T12:30:00+05:30,4890.300000,4890.300000,4860.000000,4860.050000,2806
2021-12-06T12:45:00+05:30,4860.050000,4868.600000,4858.000000,4866.000000,1391
2021-12-06T13:00:00+05:30,4866.000000,4868.600000,4850.900000,4854.100000,1066
2021-12-06T13:15:00+05:30,4854.100000,4864.900000,4847.000000,4864.500000,1602
2021-12-06T13:30:00+05:30,4864.500000,4865.850000,4852.000000,4852.000000,753
2021-12-06T13:45:00+05:30,4852.000000,4861.650000,4852.000000,4855.750000,777
2021-12-06T14:00:00+05:30,4855.750000,4860.800000,4850.000000,4853.550000,587
2021-12-06T14:15:00+05:30,4853.550000,4853.950000,4830.150000,4834.950000,2287
2021-12-06T14:30:00+05:30,4834.950000,4843.750000,4834.850000,4841.100000,731
2021-12-06T14:45:00+05:30,4841.100000,4864.750000,4838.300000,4844.350000,2154
2021-12-06T15:00:00+05:30,4844.350000,4850.000000,4813.700000,4819.650000,2237
2021-12-06T15:15:00+05:30,4819.650000,4828.350000,4815.400000,4828.300000,2837
2021-12-07T09:15:00+05:30,4832.000000,4839.800000,4785.050000,4790.000000,3664
2021-12-07T09:30:00+05:30,4790.000000,4830.000000,4790.000000,4827.800000,1773
2021-12-07T09:45:00+05:30,4827.800000,4839.000000,4815.700000,4826.650000,1009
2021-12-07T10:00:00+05:30,4826.650000,4830.000000,4820.050000,4822.750000,574
2021-12-07T10:15:00+05:30,4822.750000,4822.750000,4800.000000,4808.000000,1036
2021-12-07T10:30:00+05:30,4808.000000,4811.950000,4802.400000,4808.100000,501
2021-12-07T10:45:00+05:30,4808.100000,4824.400000,4804.450000,4819.300000,1447
2021-12-07T11:00:00+05:30,4817.800000,4830.000000,4810.600000,4830.000000,579
2021-12-07T11:15:00+05:30,4830.000000,4831.400000,4822.700000,4828.150000,474
2021-12-07T11:30:00+05:30,4828.150000,4828.250000,4821.600000,4825.950000,191
2021-12-07T11:45:00+05:30,4825.950000,4828.650000,4824.100000,4824.100000,198
2021-12-07T12:00:00+05:30,4828.750000,4831.750000,4812.700000,4812.700000,930
2021-12-07T12:15:00+05:30,4812.700000,4814.950000,4797.000000,4803.000000,1274
2021-12-07T12:30:00+05:30,4803.000000,4809.950000,4800.000000,4809.850000,243
2021-12-07T12:45:00+05:30,4809.850000,4810.050000,4796.500000,4798.050000,412
2021-12-07T13:00:00+05:30,4798.050000,4798.050000,4787.850000,4789.750000,937
2021-12-07T13:15:00+05:30,4792.000000,4802.200000,4790.000000,4796.400000,398
2021-12-07T13:30:00+05:30,4796.200000,4809.100000,4795.450000,4809.000000,505
2021-12-07T13:45:00+05:30,4809.000000,4818.700000,4805.500000,4816.700000,835
2021-12-07T14:00:00+05:30,4816.700000,4816.700000,4807.000000,4812.000000,178
2021-12-07T14:15:00+05:30,4812.000000,4824.000000,4808.100000,4819.900000,656
2021-12-07T14:30:00+05:30,4819.900000,4823.800000,4810.000000,4823.800000,396
2021-12-07T14:45:00+05:30,4823.800000,4831.750000,4810.850000,4825.050000,1575
2021-12-07T15:00:00+05:30,4825.050000,4849.000000,4816.700000,4844.800000,2058
2021-12-07T15:15:00+05:30,4844.800000,4852.850000,4820.050000,4830.000000,2428
2021-12-08T09:15:00+05:30,4827.100000,4864.250000,4827.100000,4852.950000,2262
2021-12-08T09:30:00+05:30,4852.950000,4869.950000,4845.150000,4863.650000,1279
2021-12-08T09:45:00+05:30,4863.650000,4870.000000,4857.200000,4865.950000,1005
2021-12-08T10:00:00+05:30,4865.950000,4874.050000,4861.450000,4870.000000,682
2021-12-08T10:15:00+05:30,4870.000000,4885.000000,4868.900000,4876.800000,1959
2021-12-08T10:30:00+05:30,4876.800000,4881.200000,4871.250000,4871.250000,916
2021-12-08T10:45:00+05:30,4871.250000,4875.000000,4857.000000,4874.900000,1075
2021-12-08T11:00:00+05:30,4874.900000,4875.600000,4855.950000,4871.600000,663
2021-12-08T11:15:00+05:30,4871.600000,4872.450000,4865.750000,4871.850000,346
2021-12-08T11:30:00+05:30,4871.850000,4875.000000,4867.450000,4870.750000,332
2021-12-08T11:45:00+05:30,4874.000000,4878.050000,4870.750000,4876.750000,199
2021-12-08T12:00:00+05:30,4877.150000,4877.150000,4861.000000,4864.000000,389
2021-12-08T12:15:00+05:30,4864.000000,4884.000000,4861.850000,4880.000000,1835
2021-12-08T12:30:00+05:30,4880.000000,4927.000000,4876.800000,4892.850000,5943
2021-12-08T12:45:00+05:30,4892.850000,4896.500000,4888.100000,4891.900000,312
2021-12-08T13:00:00+05:30,4891.900000,4899.500000,4886.600000,4886.600000,677
2021-12-08T13:15:00+05:30,4886.600000,4890.450000,4877.400000,4890.450000,401
2021-12-08T13:30:00+05:30,4890.450000,4890.450000,4884.750000,4884.750000,118
2021-12-08T13:45:00+05:30,4884.750000,4890.000000,4877.750000,4882.400000,201
2021-12-08T14:00:00+05:30,4882.400000,4888.000000,4877.750000,4880.250000,677
2021-12-08T14:15:00+05:30,4880.250000,4884.850000,4866.150000,4866.150000,493
2021-12-08T14:30:00+05:30,4866.150000,4884.800000,4866.150000,4875.250000,435
2021-12-08T14:45:00+05:30,4875.000000,4880.000000,4845.000000,4853.050000,1404
2021-12-08T15:00:00+05:30,4858.250000,4865.750000,4846.000000,4852.000000,1124
2021-12-08T15:15:00+05:30,4852.000000,4864.550000,4850.400000,4864.550000,2125
2021-12-09T09:15:00+05:30,4898.850000,4923.450000,4885.650000,4905.700000,5519
2021-12-09T09:30:00+05:30,4905.700000,4936.300000,4901.000000,4912.000000,4631
2021-12-09T09:45:00+05:30,4910.400000,4927.850000,4904.550000,4923.650000,2626
2021-12-09T10:00:00+05:30,4923.650000,4923.900000,4899.850000,4903.350000,3532
2021-12-09T10:15:00+05:30,4903.350000,4909.650000,4901.900000,4903.850000,734
2021-12-09T10:30:00+05:30,4903.850000,4909.000000,4901.150000,4907.000000,745
2021-12-09T10:45:00+05:30,4907.000000,4907.950000,4892.050000,4895.750000,1633
2021-12-09T11:00:00+05:30,4895.750000,4899.650000,4863.050000,4869.300000,2238
2021-12-09T11:15:00+05:30,4869.300000,4889.000000,4852.750000,4878.400000,1506
2021-12-09T11:30:00+05:30,4878.400000,4878.450000,4867.500000,4877.000000,558
2021-12-09T11:45:00+05:30,4877.000000,4878.450000,4870.000000,4870.050000,387
2021-12-09T12:00:00+05:30,4870.050000,4874.000000,4857.050000,4860.600000,725
2021-12-09T12:15:00+05:30,4860.600000,4869.800000,4860.600000,4867.050000,501
2021-12-09T12:30:00+05:30,4867.050000,4918.000000,4843.000000,4859.200000,16760
2021-12-09T12:45:00+05:30,4859.000000,4898.250000,4857.700000,4873.600000,7967
2021-12-09T13:00:00+05:30,4873.600000,4879.950000,4870.200000,4876.500000,511
2021-12-09T13:15:00+05:30,4876.500000,4882.350000,4860.400000,4860.400000,1158
2021-12-09T13:30:00+05:30,4866.500000,4871.300000,4843.250000,4859.000000,2090
2021-12-09T13:45:00+05:30,4859.000000,4871.100000,4854.050000,4854.050000,1089
2021-12-09T14:00:00+05:30,4854.050000,4868.100000,4848.000000,4860.300000,738
2021-12-09T14:15:00+05:30,4860.300000,4866.950000,4850.050000,4855.150000,765
2021-12-09T14:30:00+05:30,4855.150000,4865.900000,4855.150000,4859.250000,327
2021-12-09T14:45:00+05:30,4859.250000,4865.900000,4856.600000,4863.000000,694
2021-12-09T15:00:00+05:30,4863.000000,4893.450000,4863.000000,4866.750000,2418
2021-12-09T15:15:00+05:30,4866.750000,4869.050000,4850.050000,4861.750000,2999
2021-12-10T09:15:00+05:30,4893.500000,4900.750000,4871.150000,4892.000000,2963
2021-12-10T09:30:00+05:30,4892.000000,4898.400000,4873.600000,4890.000000,833
2021-12-10T09:45:00+05:30,4894.850000,4897.800000,4885.150000,4896.850000,641
2021-12-10T10:00:00+05:30,4896.900000,4897.000000,4887.000000,4892.150000,539
2021-12-10T10:15:00+05:30,4892.150000,4896.000000,4885.700000,4885.700000,286
2021-12-10T10:30:00+05:30,4885.700000,4898.900000,4885.700000,4895.000000,337
2021-12-10T10:45:00+05:30,4892.000000,4895.950000,4888.000000,4895.000000,371
2021-12-10T11:00:00+05:30,4895.000000,4895.900000,4892.000000,4894.600000,301
2021-12-10T11:15:00+05:30,4894.600000,4899.000000,4889.900000,4889.900000,718
2021-12-10T11:30:00+05:30,4889.900000,4894.000000,4889.900000,4891.350000,113
2021-12-10T11:45:00+05:30,4891.350000,4896.000000,4889.050000,4896.000000,254
2021-12-10T12:00:00+05:30,4896.000000,4899.000000,4875.150000,4875.150000,1066
2021-12-10T12:15:00+05:30,4875.150000,4881.000000,4875.000000,4879.850000,255
2021-12-10T12:30:00+05:30,4875.500000,4883.550000,4875.000000,4883.500000,357
2021-12-10T12:45:00+05:30,4883.500000,4883.500000,4875.000000,4879.450000,167
2021-12-10T13:00:00+05:30,4879.450000,4894.250000,4879.000000,4891.250000,538
2021-12-10T13:15:00+05:30,4891.250000,4895.000000,4889.150000,4893.250000,178
2021-12-10T13:30:00+05:30,4893.250000,4893.250000,4884.000000,4884.000000,181
2021-12-10T13:45:00+05:30,4884.000000,4889.950000,4880.200000,4889.850000,72
2021-12-10T14:00:00+05:30,4889.850000,4893.850000,4880.100000,4888.250000,321
2021-12-10T14:15:00+05:30,4888.250000,4892.500000,4888.050000,4888.050000,191
2021-12-10T14:30:00+05:30,4888.050000,4890.850000,4860.050000,4863.050000,796
2021-12-10T14:45:00+05:30,4860.850000,4872.000000,4857.000000,4870.000000,1163
2021-12-10T15:00:00+05:30,4871.000000,4874.950000,4867.350000,4870.450000,643
2021-12-10T15:15:00+05:30,4870.450000,4874.950000,4860.050000,4870.000000,2212
2021-12-13T09:15:00+05:30,4930.000000,4930.000000,4871.650000,4906.750000,2670
2021-12-13T09:30:00+05:30,4906.750000,4907.950000,4880.250000,4888.300000,1067
2021-12-13T09:45:00+05:30,4888.300000,4913.050000,4880.650000,4910.050000,1336
2021-12-13T10:00:00+05:30,4913.000000,4943.800000,4900.050000,4928.050000,3838
2021-12-13T10:15:00+05:30,4926.500000,4949.000000,4918.000000,4923.600000,4434
2021-12-13T10:30:00+05:30,4920.000000,4924.800000,4920.000000,4922.000000,667
2021-12-13T10:45:00+05:30,4922.000000,4922.000000,4900.600000,4918.950000,1099
2021-12-13T11:00:00+05:30,4918.950000,4918.950000,4911.900000,4915.050000,375
2021-12-13T11:15:00+05:30,4915.050000,4915.050000,4898.350000,4910.000000,845
2021-12-13T11:30:00+05:30,4910.000000,4910.000000,4900.100000,4902.050000,188
2021-12-13T11:45:00+05:30,4902.050000,4907.000000,4898.300000,4904.300000,522
2021-12-13T12:00:00+05:30,4904.300000,4910.950000,4904.000000,4908.400000,194
2021-12-13T12:15:00+05:30,4908.400000,4908.500000,4891.200000,4892.850000,301
2021-12-13T12:30:00+05:30,4895.200000,4897.900000,4883.900000,4885.650000,638
2021-12-13T12:45:00+05:30,4885.650000,4886.000000,4876.800000,4877.000000,223
2021-12-13T13:00:00+05:30,4877.000000,4889.000000,4875.850000,4882.900000,575
2021-12-13T13:15:00+05:30,4882.900000,4884.650000,4880.700000,4882.000000,19
2021-12-13T13:30:00+05:30,4882.000000,4889.400000,4877.950000,4887.000000,131
2021-12-13T13:45:00+05:30,4887.000000,4887.000000,4881.350000,4885.150000,187
2021-12-13T14:00:00+05:30,4885.150000,4888.000000,4881.400000,4882.700000,122
2021-12-13T14:15:00+05:30,4882.700000,4886.800000,4882.700000,4883.250000,189
2021-12-13T14:30:00+05:30,4883.250000,4891.100000,4881.400000,4887.950000,716
2021-12-13T14:45:00+05:30,4887.950000,4888.150000,4881.200000,4887.600000,175
2021-12-13T15:00:00+05:30,4887.600000,4887.600000,4880.000000,4881.100000,531
2021-12-13T15:15:00+05:30,4881.100000,4887.000000,4874.000000,4878.250000,1563
2021-12-14T09:15:00+05:30,4903.000000,4978.750000,4890.050000,4965.000000,7715
2021-12-14T09:30:00+05:30,4965.000000,4966.550000,4942.000000,4955.050000,2632
2021-12-14T09:45:00+05:30,4955.050000,4955.050000,4925.000000,4936.000000,2457
2021-12-14T10:00:00+05:30,4936.000000,4941.650000,4906.200000,4924.950000,2992
2021-12-14T10:15:00+05:30,4924.950000,4925.850000,4901.650000,4913.950000,1887
2021-12-14T10:30:00+05:30,4913.950000,4920.000000,4910.650000,4914.550000,580
2021-12-14T10:45:00+05:30,4914.500000,4920.000000,4905.000000,4918.900000,578
2021-12-14T11:00:00+05:30,4915.000000,4919.650000,4912.700000,4919.650000,289
2021-12-14T11:15:00+05:30,4920.600000,4924.500000,4916.350000,4919.950000,265
2021-12-14T11:30:00+05:30,4918.000000,4920.000000,4914.000000,4914.850000,152
2021-12-14T11:45:00+05:30,4912.650000,4920.000000,4909.750000,4919.300000,184
2021-12-14T12:00:00+05:30,4915.900000,4923.250000,4910.000000,4914.500000,386
2021-12-14T12:15:00+05:30,4910.800000,4921.200000,4910.200000,4918.300000,357
2021-12-14T12:30:00+05:30,4918.300000,4918.300000,4913.550000,4915.850000,113
2021-12-14T12:45:00+05:30,4915.850000,4924.800000,4913.600000,4915.850000,305
2021-12-14T13:00:00+05:30,4915.000000,4918.500000,4907.400000,4908.100000,348
2021-12-14T13:15:00+05:30,4908.100000,4909.250000,4902.550000,4908.900000,248
2021-12-14T13:30:00+05:30,4904.550000,4911.900000,4904.550000,4911.600000,299
2021-12-14T13:45:00+05:30,4910.050000,4916.150000,4900.450000,4903.650000,585
2021-12-14T14:00:00+05:30,4901.000000,4902.900000,4866.600000,4882.150000,2263
2021-12-14T14:15:00+05:30,4882.000000,4911.500000,4882.000000,4909.800000,608
2021-12-14T14:30:00+05:30,4909.800000,4998.450000,4900.650000,4992.900000,14598
2021-12-14T14:45:00+05:30,4992.800000,5221.650000,4992.000000,5190.250000,220160
2021-12-14T15:00:00+05:30,5199.950000,5231.300000,5160.550000,5179.900000,62346
2021-12-14T15:15:00+05:30,5177.000000,5180.000000,5156.450000,5172.000000,27978
2021-12-15T09:15:00+05:30,5172.000000,5172.000000,5013.200000,5076.100000,30601
2021-12-15T09:30:00+05:30,5076.100000,5094.000000,5040.100000,5043.550000,9717
2021-12-15T09:45:00+05:30,5043.550000,5060.650000,5030.900000,5034.900000,5149
2021-12-15T10:00:00+05:30,5034.900000,5042.000000,5006.000000,5033.950000,9958
2021-12-15T10:15:00+05:30,5033.500000,5034.900000,5015.000000,5027.500000,2504
2021-12-15T10:30:00+05:30,5027.500000,5031.700000,5005.000000,5016.750000,3742
2021-12-15T10:45:00+05:30,5014.450000,5039.200000,5014.450000,5035.000000,2448
2021-12-15T11:00:00+05:30,5036.700000,5036.700000,5020.000000,5023.000000,996
2021-12-15T11:15:00+05:30,5023.000000,5034.000000,5023.000000,5030.900000,765
2021-12-15T11:30:00+05:30,5026.550000,5036.200000,5023.000000,5036.000000,809
2021-12-15T11:45:00+05:30,5032.500000,5035.750000,5029.550000,5029.550000,967
2021-12-15T12:00:00+05:30,5032.150000,5037.350000,5025.450000,5032.900000,1129
2021-12-15T12:15:00+05:30,5032.000000,5033.700000,5011.000000,5018.650000,1589
2021-12-15T12:30:00+05:30,5016.500000,5024.000000,5016.500000,5018.900000,604
2021-12-15T12:45:00+05:30,5018.900000,5024.000000,5012.000000,5012.000000,982
2021-12-15T13:00:00+05:30,5012.000000,5023.000000,5012.000000,5015.600000,1549
2021-12-15T13:15:00+05:30,5015.600000,5021.050000,5011.000000,5019.300000,1092
2021-12-15T13:30:00+05:30,5019.300000,5030.000000,5016.050000,5029.400000,1670
2021-12-15T13:45:00+05:30,5029.400000,5042.900000,5024.000000,5026.650000,2052
2021-12-15T14:00:00+05:30,5026.650000,5039.900000,5024.500000,5033.900000,1729
2021-12-15T14:15:00+05:30,5033.900000,5038.950000,5026.600000,5030.400000,907
2021-12-15T14:30:00+05:30,5030.400000,5042.000000,5025.600000,5042.000000,1861
2021-12-15T14:45:00+05:30,5039.700000,5049.900000,5020.650000,5021.050000,3069
2021-12-15T15:00:00+05:30,5023.000000,5023.650000,4944.300000,4966.000000,14834
2021-12-15T15:15:00+05:30,4966.000000,4989.650000,4953.550000,4978.000000,10352
2021-12-16T09:15:00+05:30,4994.000000,5027.950000,4987.700000,5008.950000,6732
2021-12-16T09:30:00+05:30,5008.950000,5012.900000,4993.100000,4998.450000,2166
2021-12-16T09:45:00+05:30,4998.450000,5006.100000,4976.000000,4983.800000,2184
2021-12-16T10:00:00+05:30,4983.800000,4990.600000,4953.050000,4974.750000,4283
2021-12-16T10:15:00+05:30,4971.400000,5009.950000,4968.100000,4995.550000,1931
2021-12-16T10:30:00+05:30,4995.550000,5002.150000,4981.550000,4994.250000,1155
2021-12-16T10:45:00+05:30,4994.250000,5005.000000,4990.950000,4998.400000,1383
2021-12-16T11:00:00+05:30,4998.400000,5013.050000,4994.000000,5001.000000,1146
2021-12-16T11:15:00+05:30,5001.000000,5001.000000,4990.000000,4990.050000,521
2021-12-16T11:30:00+05:30,4990.050000,4990.050000,4976.000000,4980.100000,411
2021-12-16T11:45:00+05:30,4980.100000,4989.700000,4980.000000,4989.650000,323
2021-12-16T12:00:00+05:30,4989.650000,4989.650000,4980.000000,4983.650000,282
2021-12-16T12:15:00+05:30,4983.650000,4988.000000,4980.000000,4982.000000,315
2021-12-16T12:30:00+05:30,4982.000000,4982.250000,4971.200000,4974.050000,525
2021-12-16T12:45:00+05:30,4974.050000,4989.600000,4974.050000,4982.050000,338
2021-12-16T13:00:00+05:30,4982.050000,4991.900000,4982.050000,4991.900000,152
2021-12-16T13:15:00+05:30,4991.900000,4993.050000,4982.600000,4989.950000,223
2021-12-16T13:30:00+05:30,4989.950000,4990.000000,4976.450000,4984.100000,279
2021-12-16T13:45:00+05:30,4984.100000,4989.350000,4980.150000,4988.400000,368
2021-12-16T14:00:00+05:30,4988.400000,4989.400000,4978.500000,4985.500000,399
2021-12-16T14:15:00+05:30,4985.500000,4987.350000,4975.550000,4979.150000,731
2021-12-16T14:30:00+05:30,4979.150000,4983.300000,4956.850000,4960.250000,1420
2021-12-16T14:45:00+05:30,4960.250000,4980.000000,4957.050000,4980.000000,1310
2021-12-16T15:00:00+05:30,4980.000000,4983.100000,4968.050000,4968.050000,1851
2021-12-16T15:15:00+05:30,4968.050000,4973.650000,4943.950000,4965.000000,4391
2021-12-17T09:15:00+05:30,4965.000000,4978.100000,4934.300000,4940.000000,2539
2021-12-17T09:30:00+05:30,4940.000000,4940.900000,4926.050000,4931.500000,1183
2021-12-17T09:45:00+05:30,4931.500000,4931.550000,4911.450000,4913.900000,1463
2021-12-17T10:00:00+05:30,4913.850000,4955.400000,4913.850000,4945.550000,1233
2021-12-17T10:15:00+05:30,4945.550000,4957.350000,4929.950000,4957.350000,1030
2021-12-17T10:30:00+05:30,4957.350000,5073.650000,4956.850000,5019.100000,11887
2021-12-17T10:45:00+05:30,5019.100000,5019.100000,4966.000000,4987.000000,3112
2021-12-17T11:00:00+05:30,4987.000000,5028.050000,4985.700000,5015.100000,2679
2021-12-17T11:15:00+05:30,5015.100000,5028.000000,5005.000000,5019.650000,2059
2021-12-17T11:30:00+05:30,5019.650000,5019.650000,4999.650000,5008.900000,1538
2021-12-17T11:45:00+05:30,5008.900000,5032.950000,5002.800000,5027.100000,2818
2021-12-17T12:00:00+05:30,5027.100000,5027.250000,5012.800000,5017.350000,1522
2021-12-17T12:15:00+05:30,5017.350000,5027.900000,5012.800000,5027.900000,650
2021-12-17T12:30:00+05:30,5027.900000,5042.650000,5026.550000,5031.050000,3403
2021-12-17T12:45:00+05:30,5031.050000,5034.850000,5019.100000,5030.150000,1145
2021-12-17T13:00:00+05:30,5030.150000,5032.000000,5012.900000,5018.400000,602
2021-12-17T13:15:00+05:30,5018.400000,5021.900000,5012.900000,5016.700000,498
2021-12-17T13:30:00+05:30,5019.000000,5040.000000,5014.550000,5032.350000,1507
2021-12-17T13:45:00+05:30,5032.350000,5055.000000,5032.200000,5050.000000,2960
2021-12-17T14:00:00+05:30,5050.000000,5058.000000,5035.350000,5035.550000,1871
2021-12-17T14:15:00+05:30,5035.550000,5035.550000,5015.000000,5024.500000,2117
2021-12-17T14:30:00+05:30,5024.500000,5040.200000,5019.900000,5033.950000,1768
2021-12-17T14:45:00+05:30,5033.950000,5034.000000,5000.000000,5005.850000,1748
2021-12-17T15:00:00+05:30,5005.850000,5010.200000,4975.000000,4975.000000,2901
2021-12-17T15:15:00+05:30,4975.000000,4982.650000,4950.050000,4956.000000,4102
2021-12-20T09:15:00+05:30,4944.600000,4944.600000,4818.800000,4859.300000,7002
2021-12-20T09:30:00+05:30,4858.800000,4858.800000,4790.300000,4819.850000,6494
2021-12-20T09:45:00+05:30,4819.850000,4839.950000,4806.000000,4827.500000,2759
2021-12-20T10:00:00+05:30,4827.500000,4829.650000,4811.000000,4816.450000,1338
2021-12-20T10:15:00+05:30,4813.950000,4824.200000,4792.000000,4805.400000,2629
2021-12-20T10:30:00+05:30,4805.400000,4859.900000,4800.150000,4847.700000,3580
2021-12-20T10:45:00+05:30,4847.650000,4847.700000,4825.000000,4839.950000,1054
2021-12-20T11:00:00+05:30,4839.950000,4867.800000,4831.450000,4866.250000,1231
2021-12-20T11:15:00+05:30,4866.000000,4866.700000,4840.000000,4846.800000,1148
2021-12-20T11:30:00+05:30,4846.800000,4858.900000,4806.400000,4830.600000,2102
2021-12-20T11:45:00+05:30,4830.600000,4855.150000,4827.050000,4850.550000,1132
2021-12-20T12:00:00+05:30,4850.550000,4856.000000,4837.050000,4856.000000,1100
2021-12-20T12:15:00+05:30,4858.050000,4858.750000,4825.000000,4835.000000,810
2021-12-20T12:30:00+05:30,4835.000000,4843.300000,4827.200000,4840.900000,650
2021-12-20T12:45:00+05:30,4841.100000,4841.100000,4790.800000,4809.450000,2332
2021-12-20T13:00:00+05:30,4809.450000,4815.550000,4799.500000,4811.700000,1436
2021-12-20T13:15:00+05:30,4811.700000,4845.000000,4807.700000,4843.150000,1245
2021-12-20T13:30:00+05:30,4844.000000,4852.950000,4820.050000,4824.850000,1591
2021-12-20T13:45:00+05:30,4824.450000,4850.000000,4824.450000,4844.850000,1020
2021-12-20T14:00:00+05:30,4844.850000,4847.000000,4807.000000,4818.800000,1478
2021-12-20T14:15:00+05:30,4818.800000,4845.400000,4818.800000,4845.400000,828
2021-12-20T14:30:00+05:30,4845.400000,4846.600000,4830.000000,4841.200000,1658
2021-12-20T14:45:00+05:30,4838.900000,4838.900000,4805.000000,4823.150000,1875
2021-12-20T15:00:00+05:30,4823.150000,4828.000000,4814.850000,4825.400000,1169
2021-12-20T15:15:00+05:30,4825.400000,4828.900000,4797.000000,4797.000000,5200
2021-12-21T09:15:00+05:30,4821.000000,4861.750000,4801.050000,4860.000000,4978
2021-12-21T09:30:00+05:30,4867.500000,4884.950000,4840.500000,4856.900000,4148
2021-12-21T09:45:00+05:30,4856.900000,4859.650000,4847.100000,4856.000000,926
2021-12-21T10:00:00+05:30,4856.000000,4861.900000,4851.900000,4858.550000,867
2021-12-21T10:15:00+05:30,4858.550000,4879.750000,4855.550000,4870.000000,1485
2021-12-21T10:30:00+05:30,4870.000000,4873.850000,4855.750000,4869.900000,1519
2021-12-21T10:45:00+05:30,4869.900000,4875.000000,4855.950000,4864.000000,537
2021-12-21T11:00:00+05:30,4863.900000,4869.000000,4855.550000,4860.000000,1041
2021-12-21T11:15:00+05:30,4860.000000,4860.000000,4846.550000,4853.000000,778
2021-12-21T11:30:00+05:30,4852.050000,4858.000000,4842.100000,4842.100000,594
2021-12-21T11:45:00+05:30,4842.400000,4848.850000,4840.000000,4846.500000,645
2021-12-21T12:00:00+05:30,4846.500000,4847.900000,4832.050000,4837.250000,1192
2021-12-21T12:15:00+05:30,4837.250000,4841.600000,4831.150000,4841.100000,414
2021-12-21T12:30:00+05:30,4841.100000,4856.950000,4837.650000,4852.350000,565
2021-12-21T12:45:00+05:30,4852.350000,4855.800000,4840.400000,4849.600000,362
2021-12-21T13:00:00+05:30,4849.600000,4855.200000,4840.700000,4845.300000,474
2021-12-21T13:15:00+05:30,4845.300000,4847.650000,4835.650000,4844.600000,362
2021-12-21T13:30:00+05:30,4844.600000,4855.000000,4843.850000,4851.800000,874
2021-12-21T13:45:00+05:30,4851.800000,4855.000000,4848.350000,4854.850000,416
2021-12-21T14:00:00+05:30,4854.850000,4854.850000,4842.700000,4853.800000,526
2021-12-21T14:15:00+05:30,4853.800000,4867.450000,4842.050000,4863.250000,1012
2021-12-21T14:30:00+05:30,4869.600000,4869.950000,4842.900000,4853.300000,951
2021-12-21T14:45:00+05:30,4853.300000,4888.000000,4853.300000,4871.600000,1668
2021-12-21T15:00:00+05:30,4873.700000,4899.950000,4873.700000,4893.400000,1534
2021-12-21T15:15:00+05:30,4893.400000,4897.450000,4875.050000,4885.000000,2475
2021-12-22T09:15:00+05:30,4885.000000,4919.800000,4847.400000,4911.750000,2792
2021-12-22T09:30:00+05:30,4911.750000,4923.650000,4892.050000,4918.000000,2421
2021-12-22T09:45:00+05:30,4919.900000,4969.950000,4919.900000,4954.900000,3006
2021-12-22T10:00:00+05:30,4954.900000,4977.800000,4941.750000,4946.200000,3455
2021-12-22T10:15:00+05:30,4946.250000,4968.800000,4940.650000,4949.500000,1649
2021-12-22T10:30:00+05:30,4953.550000,4960.000000,4943.300000,4960.000000,942
2021-12-22T10:45:00+05:30,4960.000000,4975.000000,4953.900000,4965.500000,1813
2021-12-22T11:00:00+05:30,4965.500000,4975.000000,4960.950000,4969.400000,853
2021-12-22T11:15:00+05:30,4969.400000,4998.600000,4963.700000,4982.450000,3023
2021-12-22T11:30:00+05:30,4982.450000,4985.000000,4968.600000,4982.500000,681
2021-12-22T11:45:00+05:30,4976.400000,4984.950000,4958.000000,4960.500000,934
2021-12-22T12:00:00+05:30,4960.500000,4978.600000,4960.000000,4975.300000,1418
2021-12-22T12:15:00+05:30,4975.300000,4984.900000,4967.800000,4984.900000,547
2021-12-22T12:30:00+05:30,4984.900000,4984.900000,4973.200000,4980.000000,837
2021-12-22T12:45:00+05:30,4980.000000,4980.700000,4971.850000,4978.000000,527
2021-12-22T13:00:00+05:30,4978.000000,4982.000000,4971.050000,4978.150000,625
2021-12-22T13:15:00+05:30,4978.150000,4987.450000,4969.750000,4972.150000,757
2021-12-22T13:30:00+05:30,4979.750000,4985.000000,4975.400000,4985.000000,536
2021-12-22T13:45:00+05:30,4985.000000,4987.800000,4980.050000,4984.850000,606
2021-12-22T14:00:00+05:30,4984.000000,4985.250000,4966.000000,4977.850000,1121
2021-12-22T14:15:00+05:30,4979.300000,4982.000000,4969.550000,4972.000000,823
2021-12-22T14:30:00+05:30,4972.000000,5046.400000,4972.000000,5009.750000,12727
2021-12-22T14:45:00+05:30,5009.450000,5011.600000,4991.050000,4997.000000,2118
2021-12-22T15:00:00+05:30,4997.000000,5012.850000,4997.000000,5003.000000,2331
2021-12-22T15:15:00+05:30,5003.000000,5004.000000,4974.650000,4974.800000,5492
2021-12-23T09:15:00+05:30,5070.000000,5183.350000,5050.000000,5176.600000,60744
2021-12-23T09:30:00+05:30,5176.650000,5179.000000,5135.150000,5172.550000,22883
2021-12-23T09:45:00+05:30,5172.550000,5173.300000,5145.000000,5158.000000,11866
2021-12-23T10:00:00+05:30,5158.000000,5159.950000,5135.700000,5145.000000,7571
2021-12-23T10:15:00+05:30,5145.000000,5152.950000,5096.550000,5118.050000,12936
2021-12-23T10:30:00+05:30,5118.050000,5124.000000,5115.000000,5118.700000,3002
2021-12-23T10:45:00+05:30,5116.150000,5133.800000,5116.150000,5124.050000,2486
2021-12-23T11:00:00+05:30,5124.050000,5127.750000,5115.650000,5120.450000,2242
2021-12-23T11:15:00+05:30,5120.450000,5121.150000,5104.000000,5108.550000,2245
2021-12-23T11:30:00+05:30,5108.550000,5125.000000,5094.000000,5117.300000,2961
2021-12-23T11:45:00+05:30,5117.300000,5120.950000,5105.200000,5105.200000,3373
2021-12-23T12:00:00+05:30,5109.950000,5118.000000,5102.900000,5118.000000,810
2021-12-23T12:15:00+05:30,5118.000000,5123.000000,5114.950000,5123.000000,1741
2021-12-23T12:30:00+05:30,5123.000000,5148.000000,5117.900000,5142.650000,3909
2021-12-23T12:45:00+05:30,5147.950000,5147.950000,5128.000000,5128.150000,2431
2021-12-23T13:00:00+05:30,5128.050000,5134.600000,5128.050000,5132.950000,1267
2021-12-23T13:15:00+05:30,5132.950000,5133.900000,5126.750000,5129.800000,1133
2021-12-23T13:30:00+05:30,5129.800000,5139.850000,5128.100000,5132.550000,2682
2021-12-23T13:45:00+05:30,5132.550000,5139.800000,5130.000000,5138.000000,1446
2021-12-23T14:00:00+05:30,5138.000000,5139.000000,5111.000000,5123.000000,2925
2021-12-23T14:15:00+05:30,5123.000000,5140.000000,5119.700000,5138.350000,1414
2021-12-23T14:30:00+05:30,5138.350000,5171.000000,5123.550000,5162.000000,14797
2021-12-23T14:45:00+05:30,5162.000000,5162.000000,5135.050000,5149.950000,6850
2021-12-23T15:00:00+05:30,5149.950000,5155.000000,5138.350000,5144.800000,5991
2021-12-23T15:15:00+05:30,5145.000000,5148.000000,5119.050000,5140.000000,12005
2021-12-24T09:15:00+05:30,5160.000000,5170.000000,5082.050000,5109.500000,8804
2021-12-24T09:30:00+05:30,5109.500000,5117.200000,5081.150000,5095.400000,3456
2021-12-24T09:45:00+05:30,5095.400000,5119.800000,5063.650000,5075.050000,2968
2021-12-24T10:00:00+05:30,5075.050000,5084.400000,5015.200000,5037.900000,5620
2021-12-24T10:15:00+05:30,5037.900000,5059.950000,5015.550000,5046.650000,9748
2021-12-24T10:30:00+05:30,5053.950000,5089.650000,5038.900000,5051.600000,20037
2021-12-24T10:45:00+05:30,5051.600000,5097.700000,5051.000000,5079.150000,12977
2021-12-24T11:00:00+05:30,5079.150000,5094.200000,5078.700000,5081.600000,1127
2021-12-24T11:15:00+05:30,5081.600000,5094.350000,5081.600000,5091.950000,884
2021-12-24T11:30:00+05:30,5091.950000,5094.000000,5084.300000,5089.850000,857
2021-12-24T11:45:00+05:30,5089.850000,5090.000000,5081.200000,5088.750000,309
2021-12-24T12:00:00+05:30,5088.750000,5088.750000,5072.300000,5083.050000,1245
2021-12-24T12:15:00+05:30,5083.050000,5085.750000,5081.050000,5081.450000,104
2021-12-24T12:30:00+05:30,5081.450000,5085.000000,5077.250000,5080.800000,201
2021-12-24T12:45:00+05:30,5080.800000,5080.800000,5074.150000,5074.150000,265
2021-12-24T13:00:00+05:30,5074.150000,5083.000000,5073.450000,5074.700000,354
2021-12-24T13:15:00+05:30,5074.700000,5085.000000,5067.050000,5079.150000,459
2021-12-24T13:30:00+05:30,5079.150000,5084.500000,5079.150000,5081.450000,482
2021-12-24T13:45:00+05:30,5081.450000,5087.700000,5080.750000,5087.000000,150
2021-12-24T14:00:00+05:30,5087.000000,5097.700000,5080.900000,5088.900000,800
2021-12-24T14:15:00+05:30,5088.900000,5089.000000,5080.900000,5086.950000,498
2021-12-24T14:30:00+05:30,5087.550000,5089.450000,5077.300000,5086.300000,369
2021-12-24T14:45:00+05:30,5086.300000,5086.300000,5067.550000,5070.800000,1068
2021-12-24T15:00:00+05:30,5070.800000,5075.950000,5060.000000,5072.950000,1312
2021-12-24T15:15:00+05:30,5072.950000,5074.850000,5041.050000,5055.000000,4549
2021-12-27T09:15:00+05:30,5022.000000,5046.200000,4967.250000,5040.750000,5546
2021-12-27T09:30:00+05:30,5040.750000,5042.000000,5011.350000,5033.600000,1818
2021-12-27T09:45:00+05:30,5033.600000,5033.600000,5020.300000,5030.000000,608
2021-12-27T10:00:00+05:30,5030.000000,5038.950000,5024.250000,5037.500000,727
2021-12-27T10:15:00+05:30,5037.500000,5043.700000,5030.050000,5039.100000,1010
2021-12-27T10:30:00+05:30,5039.100000,5044.450000,5036.850000,5042.950000,269
2021-12-27T10:45:00+05:30,5040.400000,5045.950000,5015.550000,5016.950000,1664
2021-12-27T11:00:00+05:30,5016.950000,5020.000000,5007.400000,5015.650000,827
2021-12-27T11:15:00+05:30,5015.650000,5034.950000,5012.450000,5015.750000,926
2021-12-27T11:30:00+05:30,5015.750000,5020.550000,5010.000000,5010.000000,591
2021-12-27T11:45:00+05:30,5010.000000,5013.100000,4993.800000,5000.100000,1526
2021-12-27T12:00:00+05:30,5000.100000,5008.000000,4995.100000,5000.000000,1561
2021-12-27T12:15:00+05:30,5000.000000,5007.650000,4995.050000,5000.000000,706
2021-12-27T12:30:00+05:30,5000.000000,5025.000000,4995.050000,5017.900000,1295
2021-12-27T12:45:00+05:30,5017.900000,5030.000000,5014.750000,5030.000000,1094
2021-12-27T13:00:00+05:30,5030.350000,5032.400000,5020.850000,5021.250000,388
2021-12-27T13:15:00+05:30,5021.250000,5026.850000,5020.000000,5020.000000,315
2021-12-27T13:30:00+05:30,5020.000000,5023.800000,5010.000000,5012.100000,449
2021-12-27T13:45:00+05:30,5012.100000,5015.000000,4992.000000,4996.000000,1155
2021-12-27T14:00:00+05:30,4996.000000,5016.700000,4996.000000,5010.300000,404
2021-12-27T14:15:00+05:30,5010.300000,5010.300000,5002.000000,5005.550000,436
2021-12-27T14:30:00+05:30,5005.550000,5012.000000,5000.050000,5001.000000,746
2021-12-27T14:45:00+05:30,5001.000000,5016.850000,4998.400000,5004.700000,1611
2021-12-27T15:00:00+05:30,5004.700000,5011.850000,4998.750000,5007.000000,1156
2021-12-27T15:15:00+05:30,5007.000000,5025.000000,4995.150000,5025.000000,4541
2021-12-28T09:15:00+05:30,5008.000000,5048.650000,5005.000000,5020.550000,2972
2021-12-28T09:30:00+05:30,5020.550000,5030.600000,5009.800000,5024.100000,2085
2021-12-28T09:45:00+05:30,5028.800000,5033.450000,5021.900000,5026.350000,604
2021-12-28T10:00:00+05:30,5026.350000,5046.000000,5022.100000,5046.000000,1389
2021-12-28T10:15:00+05:30,5046.000000,5052.650000,5035.000000,5035.150000,593
2021-12-28T10:30:00+05:30,5035.150000,5037.000000,5025.600000,5030.350000,356
2021-12-28T10:45:00+05:30,5035.550000,5035.550000,5020.350000,5031.800000,304
2021-12-28T11:00:00+05:30,5031.800000,5031.800000,5024.700000,5029.350000,162
2021-12-28T11:15:00+05:30,5029.350000,5038.800000,5025.600000,5036.550000,379
2021-12-28T11:30:00+05:30,5036.550000,5039.900000,5029.200000,5029.200000,751
2021-12-28T11:45:00+05:30,5029.200000,5040.000000,5011.050000,5011.050000,1787
2021-12-28T12:00:00+05:30,5019.400000,5022.000000,5010.000000,5017.200000,2079
2021-12-28T12:15:00+05:30,5017.200000,5021.600000,5014.100000,5020.550000,294
2021-12-28T12:30:00+05:30,5020.550000,5020.550000,5015.050000,5019.000000,121
2021-12-28T12:45:00+05:30,5018.000000,5020.000000,5015.000000,5018.900000,516
2021-12-28T13:00:00+05:30,5019.000000,5019.000000,5015.000000,5015.050000,216
2021-12-28T13:15:00+05:30,5015.050000,5022.900000,5015.000000,5018.250000,306
2021-12-28T13:30:00+05:30,5018.250000,5028.750000,5015.950000,5023.500000,600
2021-12-28T13:45:00+05:30,5023.500000,5029.350000,5023.450000,5025.750000,303
2021-12-28T14:00:00+05:30,5025.750000,5035.000000,5024.400000,5035.000000,1251
2021-12-28T14:15:00+05:30,5035.000000,5041.400000,5025.750000,5031.700000,844
2021-12-28T14:30:00+05:30,5026.250000,5033.000000,5025.600000,5025.600000,367
2021-12-28T14:45:00+05:30,5025.600000,5026.000000,5015.100000,5016.200000,1075
2021-12-28T15:00:00+05:30,5016.200000,5031.050000,5016.200000,5028.400000,1127
2021-12-28T15:15:00+05:30,5028.400000,5070.200000,5025.350000,5060.000000,3386
2021-12-29T09:15:00+05:30,5045.000000,5054.400000,5015.000000,5043.100000,1710
2021-12-29T09:30:00+05:30,5043.100000,5069.150000,5043.100000,5059.000000,1286
2021-12-29T09:45:00+05:30,5059.350000,5065.000000,5051.250000,5051.550000,546
2021-12-29T10:00:00+05:30,5051.550000,5063.650000,5046.250000,5061.400000,832
2021-12-29T10:15:00+05:30,5061.400000,5063.000000,5035.850000,5050.000000,895
2021-12-29T10:30:00+05:30,5050.000000,5057.350000,5050.000000,5051.700000,250
2021-12-29T10:45:00+05:30,5051.700000,5056.150000,5040.300000,5040.600000,558
2021-12-29T11:00:00+05:30,5040.600000,5040.600000,5022.150000,5026.550000,1762
2021-12-29T11:15:00+05:30,5026.550000,5030.050000,5021.100000,5023.250000,1002
2021-12-29T11:30:00+05:30,5023.250000,5028.950000,5021.100000,5021.100000,316
2021-12-29T11:45:00+05:30,5021.100000,5033.950000,5016.700000,5028.350000,1196
2021-12-29T12:00:00+05:30,5028.350000,5039.300000,5024.600000,5031.500000,478
2021-12-29T12:15:00+05:30,5037.450000,5039.950000,5030.100000,5036.750000,328
2021-12-29T12:30:00+05:30,5036.750000,5040.000000,5017.400000,5030.500000,722
2021-12-29T12:45:00+05:30,5030.500000,5036.550000,5027.050000,5035.200000,283
2021-12-29T13:00:00+05:30,5035.250000,5036.700000,5030.350000,5031.450000,68
2021-12-29T13:15:00+05:30,5031.450000,5040.000000,5031.450000,5035.500000,308
2021-12-29T13:30:00+05:30,5039.000000,5044.750000,5033.000000,5043.300000,357
2021-12-29T13:45:00+05:30,5043.300000,5050.000000,5039.900000,5050.000000,531
2021-12-29T14:00:00+05:30,5050.000000,5063.150000,5044.800000,5057.850000,1281
2021-12-29T14:15:00+05:30,5057.850000,5060.000000,5050.000000,5052.000000,421
2021-12-29T14:30:00+05:30,5052.000000,5054.000000,5045.650000,5049.000000,550
2021-12-29T14:45:00+05:30,5049.000000,5068.000000,5048.150000,5050.250000,1336
2021-12-29T15:00:00+05:30,5050.250000,5054.500000,5037.800000,5046.000000,985
2021-12-29T15:15:00+05:30,5041.550000,5090.000000,5035.000000,5043.000000,3536
2021-12-30T09:15:00+05:30,5040.000000,5059.000000,5022.000000,5053.950000,2056
2021-12-30T09:30:00+05:30,5042.350000,5057.600000,5040.000000,5055.000000,1623
2021-12-30T09:45:00+05:30,5055.000000,5056.800000,5040.500000,5045.000000,611
2021-12-30T10:00:00+05:30,5041.700000,5045.200000,5040.300000,5041.000000,246
2021-12-30T10:15:00+05:30,5041.000000,5044.100000,5032.600000,5032.650000,703
2021-12-30T10:30:00+05:30,5032.650000,5039.400000,5030.850000,5038.700000,198
2021-12-30T10:45:00+05:30,5038.700000,5038.950000,5035.000000,5038.750000,297
2021-12-30T11:00:00+05:30,5038.750000,5038.750000,5035.000000,5035.050000,371
2021-12-30T11:15:00+05:30,5035.050000,5035.050000,5025.850000,5029.000000,787
2021-12-30T11:30:00+05:30,5029.000000,5029.000000,5010.000000,5012.000000,1998
2021-12-30T11:45:00+05:30,5012.000000,5016.650000,5010.000000,5015.000000,884
2021-12-30T12:00:00+05:30,5015.000000,5043.050000,5010.000000,5035.150000,1938
2021-12-30T12:15:00+05:30,5035.150000,5035.500000,5024.000000,5033.850000,1100
2021-12-30T12:30:00+05:30,5033.850000,5039.900000,5025.500000,5039.400000,1094
2021-12-30T12:45:00+05:30,5039.400000,5039.400000,5031.350000,5036.950000,296
2021-12-30T13:00:00+05:30,5036.950000,5038.850000,5031.050000,5037.000000,333
2021-12-30T13:15:00+05:30,5037.000000,5037.000000,5026.650000,5034.700000,651
2021-12-30T13:30:00+05:30,5034.700000,5034.700000,5026.550000,5031.450000,245
2021-12-30T13:45:00+05:30,5031.450000,5031.450000,5022.000000,5027.800000,339
2021-12-30T14:00:00+05:30,5027.800000,5030.000000,5014.700000,5021.900000,3114
2021-12-30T14:15:00+05:30,5021.900000,5027.000000,5021.900000,5026.200000,1499
2021-12-30T14:30:00+05:30,5026.200000,5031.200000,5020.650000,5029.900000,1730
2021-12-30T14:45:00+05:30,5029.750000,5030.000000,5025.000000,5026.900000,641
2021-12-30T15:00:00+05:30,5024.650000,5030.000000,5021.150000,5025.850000,3090
2021-12-30T15:15:00+05:30,5025.850000,5050.000000,5024.200000,5050.000000,3648
2021-12-31T09:15:00+05:30,5030.000000,5067.350000,5030.000000,5055.000000,2291
2021-12-31T09:30:00+05:30,5055.000000,5070.000000,5046.000000,5046.000000,1039
2021-12-31T09:45:00+05:30,5046.000000,5066.000000,5046.000000,5060.950000,1099
2021-12-31T10:00:00+05:30,5060.950000,5067.550000,5052.450000,5061.250000,784
2021-12-31T10:15:00+05:30,5061.250000,5066.800000,5053.200000,5053.200000,401
2021-12-31T10:30:00+05:30,5053.200000,5062.950000,5052.200000,5060.000000,300
2021-12-31T10:45:00+05:30,5060.000000,5063.650000,5060.000000,5060.150000,75
2021-12-31T11:00:00+05:30,5060.150000,5073.500000,5060.150000,5065.000000,990
2021-12-31T11:15:00+05:30,5065.000000,5070.000000,5065.000000,5070.000000,306
2021-12-31T11:30:00+05:30,5070.000000,5070.000000,5065.000000,5068.000000,195
2021-12-31T11:45:00+05:30,5068.000000,5085.000000,5064.950000,5073.950000,2309
2021-12-31T12:00:00+05:30,5073.950000,5074.300000,5055.050000,5059.400000,981
2021-12-31T12:15:00+05:30,5059.400000,5059.850000,5051.350000,5056.150000,305
2021-12-31T12:30:00+05:30,5056.150000,5060.900000,5054.700000,5058.400000,399
2021-12-31T12:45:00+05:30,5058.400000,5059.000000,5053.300000,5053.550000,166
2021-12-31T13:00:00+05:30,5053.550000,5058.400000,5050.000000,5050.000000,430
2021-12-31T13:15:00+05:30,5050.000000,5050.000000,5042.000000,5045.000000,554
2021-12-31T13:30:00+05:30,5045.000000,5049.900000,5043.500000,5045.200000,303
2021-12-31T13:45:00+05:30,5045.200000,5050.000000,5042.700000,5048.450000,299
2021-12-31T14:00:00+05:30,5048.450000,5049.650000,5043.250000,5045.000000,80
2021-12-31T14:15:00+05:30,5045.000000,5048.600000,5039.000000,5044.300000,382
2021-12-31T14:30:00+05:30,5044.300000,5052.500000,5040.400000,5052.000000,659
2021-12-31T14:45:00+05:30,5052.000000,5061.900000,5050.350000,5059.000000,1318
2021-12-31T15:00:00+05:30,5059.000000,5059.000000,5041.000000,5056.400000,1811
2021-12-31T15:15:00+05:30,5056.400000,5060.000000,5050.250000,5054.100000,4405
2022-01-03T09:15:00+05:30,5095.650000,5095.650000,5064.850000,5081.150000,1848
2022-01-03T09:30:00+05:30,5081.150000,5095.600000,5065.100000,5094.450000,1180
2022-01-03T09:45:00+05:30,5094.450000,5097.000000,5087.450000,5095.400000,1320
2022-01-03T10:00:00+05:30,5095.400000,5115.000000,5085.050000,5110.000000,1698
2022-01-03T10:15:00+05:30,5110.000000,5130.000000,5085.100000,5116.000000,13732
2022-01-03T10:30:00+05:30,5116.000000,5122.450000,5104.750000,5108.000000,729
2022-01-03T10:45:00+05:30,5108.000000,5108.000000,5102.000000,5102.200000,467
2022-01-03T11:00:00+05:30,5102.200000,5112.200000,5102.000000,5112.200000,2881
2022-01-03T11:15:00+05:30,5112.200000,5122.000000,5101.000000,5109.000000,1036
2022-01-03T11:30:00+05:30,5109.000000,5112.250000,5102.000000,5102.000000,360
2022-01-03T11:45:00+05:30,5102.000000,5104.600000,5097.950000,5100.000000,346
2022-01-03T12:00:00+05:30,5100.000000,5105.000000,5095.250000,5099.000000,580
2022-01-03T12:15:00+05:30,5099.000000,5100.400000,5093.000000,5093.250000,343
2022-01-03T12:30:00+05:30,5097.600000,5097.600000,5093.050000,5096.550000,150
2022-01-03T12:45:00+05:30,5096.550000,5098.000000,5092.250000,5098.000000,211
2022-01-03T13:00:00+05:30,5098.000000,5104.450000,5092.100000,5092.100000,377
2022-01-03T13:15:00+05:30,5102.050000,5104.400000,5092.000000,5094.000000,365
2022-01-03T13:30:00+05:30,5094.000000,5096.950000,5090.300000,5091.050000,283
2022-01-03T13:45:00+05:30,5091.050000,5094.850000,5075.000000,5075.000000,819
2022-01-03T14:00:00+05:30,5075.000000,5088.950000,5075.000000,5088.950000,415
2022-01-03T14:15:00+05:30,5080.300000,5093.600000,5080.050000,5084.950000,676
2022-01-03T14:30:00+05:30,5084.950000,5093.500000,5082.250000,5088.000000,1135
2022-01-03T14:45:00+05:30,5088.000000,5095.000000,5081.250000,5085.000000,1472
2022-01-03T15:00:00+05:30,5085.000000,5102.400000,5085.000000,5102.400000,1524
2022-01-03T15:15:00+05:30,5096.650000,5111.200000,5092.600000,5107.650000,3198
2022-01-04T09:15:00+05:30,5139.900000,5170.000000,5127.400000,5145.200000,5763
2022-01-04T09:30:00+05:30,5145.200000,5158.400000,5116.800000,5138.600000,3017
2022-01-04T09:45:00+05:30,5143.850000,5150.000000,5128.300000,5135.450000,892
2022-01-04T10:00:00+05:30,5135.450000,5135.450000,5121.350000,5125.900000,713
2022-01-04T10:15:00+05:30,5125.900000,5136.100000,5125.900000,5131.650000,507
2022-01-04T10:30:00+05:30,5131.650000,5138.950000,5129.150000,5130.300000,447
2022-01-04T10:45:00+05:30,5130.300000,5130.950000,5125.000000,5125.950000,553
2022-01-04T11:00:00+05:30,5126.000000,5128.400000,5115.000000,5115.000000,915
2022-01-04T11:15:00+05:30,5115.000000,5125.000000,5109.000000,5117.250000,688
2022-01-04T11:30:00+05:30,5117.250000,5119.550000,5102.000000,5115.300000,727
2022-01-04T11:45:00+05:30,5115.300000,5115.300000,5068.600000,5073.550000,6396
2022-01-04T12:00:00+05:30,5073.550000,5092.000000,5068.750000,5081.050000,6118
2022-01-04T12:15:00+05:30,5081.050000,5087.250000,5065.000000,5070.850000,1371
2022-01-04T12:30:00+05:30,5070.850000,5083.200000,5066.300000,5082.550000,872
2022-01-04T12:45:00+05:30,5082.550000,5083.400000,5071.850000,5078.550000,763
2022-01-04T13:00:00+05:30,5078.550000,5081.150000,5070.000000,5070.150000,618
2022-01-04T13:15:00+05:30,5074.650000,5080.000000,5070.000000,5077.600000,766
2022-01-04T13:30:00+05:30,5077.600000,5077.600000,5065.000000,5065.000000,792
2022-01-04T13:45:00+05:30,5065.000000,5075.100000,5064.050000,5072.050000,460
2022-01-04T14:00:00+05:30,5072.050000,5080.000000,5066.800000,5073.900000,608
2022-01-04T14:15:00+05:30,5073.900000,5080.000000,5065.000000,5067.800000,1565
2022-01-04T14:30:00+05:30,5067.800000,5077.750000,5067.000000,5073.150000,483
2022-01-04T14:45:00+05:30,5073.150000,5076.900000,5065.000000,5071.900000,1470
2022-01-04T15:00:00+05:30,5071.900000,5072.200000,5065.250000,5070.000000,1218
2022-01-04T15:15:00+05:30,5070.000000,5073.000000,5055.000000,5069.000000,4746
2022-01-05T09:15:00+05:30,5070.000000,5106.900000,5058.700000,5080.200000,2815
2022-01-05T09:30:00+05:30,5077.250000,5078.900000,5029.900000,5035.000000,2026
2022-01-05T09:45:00+05:30,5034.900000,5039.950000,5023.550000,5038.850000,1201
2022-01-05T10:00:00+05:30,5038.850000,5049.000000,5034.350000,5048.950000,986
2022-01-05T10:15:00+05:30,5048.950000,5050.000000,5045.100000,5046.950000,317
2022-01-05T10:30:00+05:30,5046.950000,5070.000000,5046.950000,5069.100000,1066
2022-01-05T10:45:00+05:30,5069.100000,5089.000000,5061.450000,5073.050000,2312
2022-01-05T11:00:00+05:30,5073.050000,5084.200000,5067.200000,5078.150000,794
2022-01-05T11:15:00+05:30,5078.150000,5096.200000,5072.000000,5094.600000,1394
2022-01-05T11:30:00+05:30,5094.600000,5097.250000,5085.150000,5089.700000,740
2022-01-05T11:45:00+05:30,5087.750000,5088.000000,5045.000000,5060.000000,5168
2022-01-05T12:00:00+05:30,5060.000000,5068.000000,5059.400000,5061.000000,1437
2022-01-05T12:15:00+05:30,5061.000000,5068.000000,5058.500000,5060.400000,207
2022-01-05T12:30:00+05:30,5060.400000,5068.000000,5057.050000,5064.900000,270
2022-01-05T12:45:00+05:30,5064.900000,5068.000000,5061.650000,5061.650000,294
2022-01-05T13:00:00+05:30,5061.650000,5068.000000,5056.900000,5060.000000,353
2022-01-05T13:15:00+05:30,5060.000000,5061.650000,5049.650000,5050.300000,495
2022-01-05T13:30:00+05:30,5054.100000,5059.600000,5050.300000,5059.600000,379
2022-01-05T13:45:00+05:30,5059.600000,5061.450000,5043.550000,5055.000000,991
2022-01-05T14:00:00+05:30,5055.000000,5060.100000,5046.800000,5047.750000,740
2022-01-05T14:15:00+05:30,5047.750000,5060.000000,5047.750000,5060.000000,178
2022-01-05T14:30:00+05:30,5060.000000,5068.000000,5055.700000,5066.800000,363
2022-01-05T14:45:00+05:30,5066.800000,5066.800000,5058.900000,5065.850000,251
2022-01-05T15:00:00+05:30,5065.850000,5068.000000,5059.550000,5065.550000,1664
2022-01-05T15:15:00+05:30,5065.550000,5068.000000,5051.650000,5068.000000,2182
2022-01-06T09:15:00+05:30,5063.800000,5084.950000,5045.050000,5052.000000,3486
2022-01-06T09:30:00+05:30,5052.000000,5060.800000,5031.000000,5047.850000,763
2022-01-06T09:45:00+05:30,5047.850000,5049.900000,5036.000000,5038.700000,331
2022-01-06T10:00:00+05:30,5038.700000,5060.550000,5038.700000,5055.800000,380
2022-01-06T10:15:00+05:30,5055.800000,5066.750000,5055.000000,5055.150000,392
2022-01-06T10:30:00+05:30,5055.150000,5057.050000,5043.500000,5046.000000,336
2022-01-06T10:45:00+05:30,5046.000000,5046.000000,5038.000000,5041.000000,222
2022-01-06T11:00:00+05:30,5041.000000,5044.500000,5040.000000,5040.350000,122
2022-01-06T11:15:00+05:30,5040.350000,5047.300000,5037.600000,5037.600000,269
2022-01-06T11:30:00+05:30,5037.600000,5048.000000,5025.950000,5048.000000,2007
2022-01-06T11:45:00+05:30,5048.000000,5049.750000,5024.150000,5028.250000,1005
2022-01-06T12:00:00+05:30,5028.250000,5028.800000,5011.550000,5018.000000,1268
2022-01-06T12:15:00+05:30,5012.150000,5021.050000,5012.050000,5018.100000,443
2022-01-06T12:30:00+05:30,5018.100000,5020.700000,5013.000000,5019.100000,504
2022-01-06T12:45:00+05:30,5019.100000,5023.600000,5013.200000,5017.600000,1232
2022-01-06T13:00:00+05:30,5017.600000,5019.750000,5011.550000,5019.100000,470
2022-01-06T13:15:00+05:30,5019.100000,5019.100000,5013.000000,5013.000000,274
2022-01-06T13:30:00+05:30,5013.000000,5020.650000,5013.000000,5015.000000,278
2022-01-06T13:45:00+05:30,5015.000000,5018.500000,5010.700000,5012.600000,852
2022-01-06T14:00:00+05:30,5010.700000,5015.950000,5010.700000,5015.850000,188
2022-01-06T14:15:00+05:30,5016.950000,5019.700000,5012.500000,5015.000000,480
2022-01-06T14:30:00+05:30,5015.000000,5020.750000,5014.000000,5014.350000,697
2022-01-06T14:45:00+05:30,5014.350000,5022.500000,5011.400000,5013.000000,1594
2022-01-06T15:00:00+05:30,5013.000000,5019.550000,5012.150000,5013.350000,1769
2022-01-06T15:15:00+05:30,5013.350000,5015.300000,5010.400000,5015.000000,2461
2022-01-07T09:15:00+05:30,5063.300000,5063.300000,5002.000000,5013.250000,2640
2022-01-07T09:30:00+05:30,5013.250000,5034.450000,5005.350000,5022.800000,1833
2022-01-07T09:45:00+05:30,5022.800000,5027.950000,5018.900000,5019.050000,486
2022-01-07T10:00:00+05:30,5019.050000,5028.400000,5016.150000,5027.000000,355
2022-01-07T10:15:00+05:30,5027.000000,5031.500000,5022.550000,5028.100000,929
2022-01-07T10:30:00+05:30,5028.100000,5034.650000,5028.100000,5030.050000,682
2022-01-07T10:45:00+05:30,5030.050000,5034.250000,5014.850000,5023.650000,612
2022-01-07T11:00:00+05:30,5023.650000,5023.650000,5015.000000,5015.700000,1418
2022-01-07T11:15:00+05:30,5015.700000,5033.300000,5015.700000,5032.750000,960
2022-01-07T11:30:00+05:30,5032.750000,5040.450000,5029.450000,5036.700000,540
2022-01-07T11:45:00+05:30,5035.550000,5035.550000,5020.150000,5021.100000,308
2022-01-07T12:00:00+05:30,5021.100000,5024.100000,5019.750000,5019.800000,275
2022-01-07T12:15:00+05:30,5019.800000,5024.950000,5015.900000,5024.950000,369
2022-01-07T12:30:00+05:30,5024.950000,5030.000000,4987.750000,4994.850000,2007
2022-01-07T12:45:00+05:30,4994.850000,4999.350000,4985.150000,4985.150000,747
2022-01-07T13:00:00+05:30,4985.150000,4996.300000,4980.000000,4985.100000,1261
2022-01-07T13:15:00+05:30,4985.100000,5006.300000,4979.000000,4989.900000,1295
2022-01-07T13:30:00+05:30,4989.900000,5003.200000,4986.150000,4996.550000,1329
2022-01-07T13:45:00+05:30,4996.550000,4996.550000,4983.000000,4985.000000,810
2022-01-07T14:00:00+05:30,4985.000000,4990.900000,4969.050000,4969.050000,1251
2022-01-07T14:15:00+05:30,4969.050000,4971.050000,4960.000000,4964.950000,1197
2022-01-07T14:30:00+05:30,4964.950000,4975.000000,4960.450000,4971.050000,541
2022-01-07T14:45:00+05:30,4971.250000,4974.400000,4942.150000,4949.750000,2914
2022-01-07T15:00:00+05:30,4949.950000,4965.000000,4945.000000,4953.000000,2944
2022-01-07T15:15:00+05:30,4953.000000,4953.000000,4936.800000,4952.000000,3685
2022-01-10T09:15:00+05:30,4947.000000,4999.650000,4938.100000,4945.600000,1570
2022-01-10T09:30:00+05:30,4945.600000,4954.900000,4926.050000,4931.000000,1007
2022-01-10T09:45:00+05:30,4931.000000,4964.900000,4919.500000,4955.700000,3111
2022-01-10T10:00:00+05:30,4955.700000,4966.600000,4954.050000,4960.350000,1731
2022-01-10T10:15:00+05:30,4960.350000,4960.350000,4950.000000,4956.550000,582
2022-01-10T10:30:00+05:30,4956.550000,4958.500000,4950.000000,4950.150000,841
2022-01-10T10:45:00+05:30,4950.150000,4956.850000,4950.000000,4953.000000,1858
2022-01-10T11:00:00+05:30,4953.000000,4957.800000,4949.500000,4953.300000,1239
2022-01-10T11:15:00+05:30,4953.300000,4958.350000,4950.050000,4950.750000,403
2022-01-10T11:30:00+05:30,4950.750000,4957.950000,4950.750000,4955.000000,119
2022-01-10T11:45:00+05:30,4955.000000,4957.000000,4950.000000,4957.000000,258
2022-01-10T12:00:00+05:30,4957.000000,4964.800000,4956.750000,4964.750000,661
2022-01-10T12:15:00+05:30,4964.750000,4965.000000,4950.000000,4950.100000,675
2022-01-10T12:30:00+05:30,4950.100000,4957.250000,4950.050000,4952.000000,75
2022-01-10T12:45:00+05:30,4952.000000,4959.350000,4950.000000,4956.700000,300
2022-01-10T13:00:00+05:30,4956.700000,4964.750000,4956.700000,4961.100000,207
2022-01-10T13:15:00+05:30,4961.100000,4963.200000,4955.350000,4959.400000,99
2022-01-10T13:30:00+05:30,4959.400000,4963.150000,4957.100000,4961.800000,209
2022-01-10T13:45:00+05:30,4961.800000,4964.050000,4957.950000,4963.850000,208
2022-01-10T14:00:00+05:30,4963.850000,4964.600000,4958.800000,4964.600000,340
2022-01-10T14:15:00+05:30,4964.600000,4974.950000,4952.400000,4952.950000,1205
2022-01-10T14:30:00+05:30,4952.950000,4959.800000,4949.000000,4949.000000,1380
2022-01-10T14:45:00+05:30,4949.000000,4950.000000,4930.200000,4936.150000,2141
2022-01-10T15:00:00+05:30,4940.050000,4940.600000,4920.000000,4930.000000,2108
2022-01-10T15:15:00+05:30,4930.000000,4933.150000,4922.700000,4930.000000,3424
2022-01-11T09:15:00+05:30,4925.850000,4967.950000,4925.850000,4941.100000,1585
2022-01-11T09:30:00+05:30,4941.100000,4944.900000,4935.000000,4944.200000,1294
2022-01-11T09:45:00+05:30,4944.200000,4944.200000,4927.200000,4936.250000,792
2022-01-11T10:00:00+05:30,4936.250000,4936.250000,4926.550000,4931.950000,654
2022-01-11T10:15:00+05:30,4931.950000,4940.000000,4928.500000,4935.100000,726
2022-01-11T10:30:00+05:30,4935.100000,4944.000000,4929.300000,4930.000000,1318
2022-01-11T10:45:00+05:30,4930.000000,4934.400000,4929.250000,4930.200000,621
2022-01-11T11:00:00+05:30,4930.200000,4933.950000,4927.000000,4928.000000,398
2022-01-11T11:15:00+05:30,4928.050000,4933.000000,4925.000000,4930.000000,1242
2022-01-11T11:30:00+05:30,4930.000000,4933.000000,4928.000000,4928.000000,618
2022-01-11T11:45:00+05:30,4929.500000,4935.000000,4926.200000,4930.000000,955
2022-01-11T12:00:00+05:30,4930.000000,4934.800000,4926.550000,4930.000000,1230
2022-01-11T12:15:00+05:30,4929.000000,4930.000000,4921.200000,4921.200000,706
2022-01-11T12:30:00+05:30,4921.300000,4929.250000,4921.300000,4925.300000,201
2022-01-11T12:45:00+05:30,4925.300000,4929.900000,4921.200000,4929.900000,1095
2022-01-11T13:00:00+05:30,4929.900000,4929.900000,4922.000000,4922.050000,274
2022-01-11T13:15:00+05:30,4922.050000,4925.000000,4922.000000,4922.400000,364
2022-01-11T13:30:00+05:30,4922.400000,4925.000000,4919.000000,4919.950000,1252
2022-01-11T13:45:00+05:30,4919.950000,4923.800000,4915.000000,4920.100000,292
2022-01-11T14:00:00+05:30,4920.100000,4923.300000,4916.550000,4922.350000,289
2022-01-11T14:15:00+05:30,4920.000000,4922.650000,4914.000000,4915.050000,675
2022-01-11T14:30:00+05:30,4915.050000,4918.600000,4913.000000,4918.600000,599
2022-01-11T14:45:00+05:30,4918.600000,4921.450000,4914.500000,4918.900000,708
2022-01-11T15:00:00+05:30,4918.900000,4919.900000,4903.700000,4906.450000,1138
2022-01-11T15:15:00+05:30,4905.950000,4915.400000,4892.050000,4908.000000,3886
2022-01-12T09:15:00+05:30,4910.000000,4930.600000,4908.000000,4924.950000,1455
2022-01-12T09:30:00+05:30,4922.500000,4922.500000,4906.150000,4919.550000,749
2022-01-12T09:45:00+05:30,4919.550000,4922.000000,4906.150000,4914.200000,825
2022-01-12T10:00:00+05:30,4914.200000,4919.950000,4902.050000,4903.100000,1171
2022-01-12T10:15:00+05:30,4903.100000,4910.100000,4902.500000,4903.500000,409
2022-01-12T10:30:00+05:30,4903.500000,4904.950000,4896.200000,4896.550000,998
2022-01-12T10:45:00+05:30,4896.550000,4900.000000,4895.300000,4899.850000,582
2022-01-12T11:00:00+05:30,4899.850000,4902.350000,4893.000000,4894.050000,692
2022-01-12T11:15:00+05:30,4894.050000,4898.650000,4870.000000,4874.000000,2194
2022-01-12T11:30:00+05:30,4874.000000,4877.000000,4870.000000,4876.400000,1230
2022-01-12T11:45:00+05:30,4876.400000,4883.000000,4875.000000,4880.500000,821
2022-01-12T12:00:00+05:30,4880.500000,4883.000000,4870.800000,4875.000000,652
2022-01-12T12:15:00+05:30,4875.000000,4875.000000,4864.000000,4868.000000,1671
2022-01-12T12:30:00+05:30,4868.000000,4870.000000,4865.250000,4868.000000,501
2022-01-12T12:45:00+05:30,4868.000000,4869.000000,4867.700000,4869.000000,544
2022-01-12T13:00:00+05:30,4869.000000,4869.000000,4866.000000,4868.850000,474
2022-01-12T13:15:00+05:30,4868.850000,4869.000000,4865.000000,4865.250000,627
2022-01-12T13:30:00+05:30,4867.900000,4874.900000,4865.250000,4866.250000,4555
2022-01-12T13:45:00+05:30,4866.250000,4869.000000,4865.800000,4868.000000,661
2022-01-12T14:00:00+05:30,4868.000000,4870.000000,4864.550000,4867.950000,716
2022-01-12T14:15:00+05:30,4867.950000,4870.000000,4865.600000,4870.000000,584
2022-01-12T14:30:00+05:30,4870.000000,4870.000000,4865.650000,4865.800000,1551
2022-01-12T14:45:00+05:30,4865.800000,4869.350000,4865.350000,4869.000000,1189
2022-01-12T15:00:00+05:30,4869.000000,4874.550000,4866.000000,4873.900000,1168
2022-01-12T15:15:00+05:30,4873.900000,4882.550000,4866.600000,4870.000000,2955
2022-01-13T09:15:00+05:30,4879.950000,4887.850000,4854.700000,4871.950000,2288
2022-01-13T09:30:00+05:30,4871.950000,4880.000000,4870.000000,4880.000000,1225
2022-01-13T09:45:00+05:30,4880.000000,4886.000000,4877.450000,4883.200000,609
2022-01-13T10:00:00+05:30,4885.000000,4885.000000,4877.000000,4878.050000,1071
2022-01-13T10:15:00+05:30,4878.050000,4882.200000,4870.000000,4880.750000,3026
2022-01-13T10:30:00+05:30,4880.750000,4885.100000,4878.900000,4882.500000,797
2022-01-13T10:45:00+05:30,4882.500000,4924.000000,4882.450000,4920.000000,3625
2022-01-13T11:00:00+05:30,4920.000000,4931.800000,4915.800000,4927.550000,3420
2022-01-13T11:15:00+05:30,4927.550000,4935.000000,4925.900000,4930.900000,1554
2022-01-13T11:30:00+05:30,4930.900000,4934.000000,4920.000000,4930.550000,1910
2022-01-13T11:45:00+05:30,4930.550000,4935.000000,4925.350000,4933.350000,545
2022-01-13T12:00:00+05:30,4933.350000,4935.000000,4926.200000,4931.100000,766
2022-01-13T12:15:00+05:30,4926.950000,4933.000000,4921.800000,4929.500000,506
2022-01-13T12:30:00+05:30,4929.500000,4931.000000,4920.150000,4921.450000,471
2022-01-13T12:45:00+05:30,4920.300000,4929.800000,4920.050000,4923.050000,814
2022-01-13T13:00:00+05:30,4921.900000,4927.000000,4921.000000,4925.900000,250
2022-01-13T13:15:00+05:30,4925.900000,4925.900000,4920.000000,4922.850000,1373
2022-01-13T13:30:00+05:30,4922.850000,4932.500000,4921.100000,4928.850000,857
2022-01-13T13:45:00+05:30,4928.850000,4933.000000,4927.850000,4929.950000,551
2022-01-13T14:00:00+05:30,4927.850000,4932.350000,4923.200000,4929.500000,598
2022-01-13T14:15:00+05:30,4929.000000,4930.900000,4920.000000,4925.050000,602
2022-01-13T14:30:00+05:30,4921.750000,4928.000000,4921.300000,4926.000000,505
2022-01-13T14:45:00+05:30,4926.000000,4927.850000,4921.200000,4924.100000,388
2022-01-13T15:00:00+05:30,4924.100000,4933.000000,4920.000000,4932.950000,2214
2022-01-13T15:15:00+05:30,4932.950000,4933.800000,4920.000000,4928.000000,2664
2022-01-14T09:15:00+05:30,4928.000000,4945.000000,4915.050000,4940.000000,1569
2022-01-14T09:30:00+05:30,4940.000000,4940.000000,4900.150000,4922.000000,1032
2022-01-14T09:45:00+05:30,4922.000000,4929.300000,4908.650000,4916.150000,1460
2022-01-14T10:00:00+05:30,4916.150000,4923.250000,4913.400000,4922.000000,272
2022-01-14T10:15:00+05:30,4920.000000,4922.950000,4915.950000,4917.050000,204
2022-01-14T10:30:00+05:30,4917.050000,4920.000000,4906.050000,4906.850000,652
2022-01-14T10:45:00+05:30,4906.850000,4913.100000,4906.850000,4913.100000,196
2022-01-14T11:00:00+05:30,4913.100000,4919.900000,4910.900000,4912.050000,476
2022-01-14T11:15:00+05:30,4915.050000,4915.050000,4880.150000,4895.700000,2287
2022-01-14T11:30:00+05:30,4895.700000,4895.700000,4890.000000,4895.000000,224
2022-01-14T11:45:00+05:30,4895.000000,4897.000000,4891.100000,4895.000000,259
2022-01-14T12:00:00+05:30,4895.000000,4897.000000,4891.050000,4894.500000,209
2022-01-14T12:15:00+05:30,4894.500000,4898.000000,4894.500000,4898.000000,515
2022-01-14T12:30:00+05:30,4898.000000,4898.000000,4884.000000,4887.800000,1024
2022-01-14T12:45:00+05:30,4887.800000,4898.250000,4884.800000,4890.700000,269
2022-01-14T13:00:00+05:30,4890.700000,4894.650000,4885.500000,4885.500000,382
2022-01-14T13:15:00+05:30,4885.500000,4889.850000,4885.000000,4885.300000,289
2022-01-14T13:30:00+05:30,4885.300000,4890.000000,4885.300000,4888.950000,203
2022-01-14T13:45:00+05:30,4888.950000,4891.450000,4885.600000,4890.000000,315
2022-01-14T14:00:00+05:30,4890.000000,4899.000000,4890.000000,4891.000000,589
2022-01-14T14:15:00+05:30,4891.000000,4895.400000,4890.200000,4890.450000,241
2022-01-14T14:30:00+05:30,4890.450000,4895.950000,4890.050000,4892.850000,267
2022-01-14T14:45:00+05:30,4892.850000,4917.900000,4892.600000,4917.900000,934
2022-01-14T15:00:00+05:30,4918.000000,4918.000000,4900.050000,4903.550000,925
2022-01-14T15:15:00+05:30,4903.550000,4906.550000,4890.000000,4891.500000,2528
2022-01-17T09:15:00+05:30,4890.000000,4901.650000,4862.000000,4876.000000,1134
2022-01-17T09:30:00+05:30,4876.000000,4877.800000,4861.000000,4872.000000,1428
2022-01-17T09:45:00+05:30,4872.000000,4872.000000,4861.700000,4863.050000,663
2022-01-17T10:00:00+05:30,4863.050000,4869.000000,4863.050000,4868.000000,740
2022-01-17T10:15:00+05:30,4868.000000,4870.450000,4865.000000,4868.000000,674
2022-01-17T10:30:00+05:30,4868.000000,4868.000000,4865.000000,4868.000000,188
2022-01-17T10:45:00+05:30,4868.000000,4868.850000,4865.000000,4868.000000,273
2022-01-17T11:00:00+05:30,4867.950000,4869.800000,4864.000000,4867.500000,857
2022-01-17T11:15:00+05:30,4868.000000,4869.850000,4864.000000,4866.350000,667
2022-01-17T11:30:00+05:30,4866.350000,4869.850000,4862.550000,4865.450000,327
2022-01-17T11:45:00+05:30,4865.450000,4868.000000,4865.400000,4868.000000,685
2022-01-17T12:00:00+05:30,4868.000000,4868.000000,4861.350000,4866.550000,983
2022-01-17T12:15:00+05:30,4866.550000,4867.850000,4861.000000,4867.000000,496
2022-01-17T12:30:00+05:30,4867.000000,4875.950000,4866.000000,4872.000000,785
2022-01-17T12:45:00+05:30,4872.000000,4894.650000,4871.000000,4894.650000,1292
2022-01-17T13:00:00+05:30,4894.650000,4906.000000,4887.650000,4904.000000,1199
2022-01-17T13:15:00+05:30,4904.000000,4904.000000,4885.850000,4893.500000,749
2022-01-17T13:30:00+05:30,4893.500000,4893.500000,4870.000000,4871.950000,462
2022-01-17T13:45:00+05:30,4871.950000,4882.400000,4865.300000,4877.200000,319
2022-01-17T14:00:00+05:30,4877.200000,4887.800000,4877.200000,4881.050000,339
2022-01-17T14:15:00+05:30,4881.050000,4885.000000,4872.950000,4873.050000,698
2022-01-17T14:30:00+05:30,4873.050000,4878.700000,4870.000000,4873.450000,401
2022-01-17T14:45:00+05:30,4873.450000,4878.450000,4870.800000,4873.300000,551
2022-01-17T15:00:00+05:30,4873.300000,4876.500000,4868.850000,4873.900000,533
2022-01-17T15:15:00+05:30,4873.900000,4878.950000,4871.350000,4877.000000,1440
2022-01-18T09:15:00+05:30,4865.000000,4895.650000,4865.000000,4890.550000,1170
2022-01-18T09:30:00+05:30,4890.550000,4892.900000,4873.700000,4873.750000,1739
2022-01-18T09:45:00+05:30,4873.750000,4873.750000,4841.800000,4843.350000,2347
2022-01-18T10:00:00+05:30,4843.350000,4854.000000,4832.750000,4834.100000,1461
2022-01-18T10:15:00+05:30,4837.300000,4838.400000,4822.250000,4834.000000,1377
2022-01-18T10:30:00+05:30,4834.000000,4847.350000,4830.300000,4841.000000,928
2022-01-18T10:45:00+05:30,4841.000000,4844.750000,4832.000000,4834.900000,307
2022-01-18T11:00:00+05:30,4834.900000,4838.000000,4830.000000,4831.600000,901
2022-01-18T11:15:00+05:30,4831.600000,4838.200000,4830.000000,4835.050000,793
2022-01-18T11:30:00+05:30,4835.050000,4839.850000,4835.000000,4839.400000,561
2022-01-18T11:45:00+05:30,4839.400000,4840.250000,4833.000000,4837.300000,252
2022-01-18T12:00:00+05:30,4833.450000,4838.700000,4833.000000,4835.650000,167
2022-01-18T12:15:00+05:30,4835.650000,4843.450000,4835.650000,4841.950000,372
2022-01-18T12:30:00+05:30,4841.950000,4853.300000,4835.650000,4835.650000,728
2022-01-18T12:45:00+05:30,4835.650000,4840.600000,4833.100000,4836.000000,365
2022-01-18T13:00:00+05:30,4836.000000,4837.800000,4833.000000,4835.000000,255
2022-01-18T13:15:00+05:30,4835.000000,4835.850000,4826.800000,4830.050000,857
2022-01-18T13:30:00+05:30,4831.250000,4844.250000,4830.000000,4832.000000,574
2022-01-18T13:45:00+05:30,4832.000000,4838.950000,4828.000000,4831.100000,589
2022-01-18T14:00:00+05:30,4831.100000,4842.050000,4830.000000,4832.200000,948
2022-01-18T14:15:00+05:30,4832.200000,4840.000000,4828.150000,4834.600000,74574
2022-01-18T14:30:00+05:30,4834.600000,4835.350000,4829.100000,4830.000000,1299
2022-01-18T14:45:00+05:30,4830.000000,4837.800000,4830.000000,4835.050000,2636
2022-01-18T15:00:00+05:30,4835.000000,4843.800000,4827.050000,4836.800000,5928
2022-01-18T15:15:00+05:30,4835.350000,4844.900000,4831.350000,4833.700000,4635
2022-01-19T09:15:00+05:30,4825.000000,4825.000000,4767.800000,4778.700000,6523
2022-01-19T09:30:00+05:30,4778.700000,4782.100000,4741.800000,4756.000000,3454
2022-01-19T09:45:00+05:30,4756.000000,4781.000000,4756.000000,4769.850000,1645
2022-01-19T10:00:00+05:30,4774.500000,4778.450000,4767.150000,4774.350000,823
2022-01-19T10:15:00+05:30,4774.350000,4779.850000,4765.150000,4770.350000,699
2022-01-19T10:30:00+05:30,4770.350000,4775.750000,4765.000000,4770.250000,1159
2022-01-19T10:45:00+05:30,4770.250000,4779.500000,4770.250000,4772.000000,456
2022-01-19T11:00:00+05:30,4772.000000,4775.750000,4770.000000,4773.300000,350
2022-01-19T11:15:00+05:30,4773.300000,4773.300000,4766.000000,4767.300000,395
2022-01-19T11:30:00+05:30,4767.300000,4779.000000,4766.200000,4776.450000,405
2022-01-19T11:45:00+05:30,4776.450000,4788.900000,4776.450000,4788.900000,360
2022-01-19T12:00:00+05:30,4788.900000,4800.000000,4777.000000,4780.000000,938
2022-01-19T12:15:00+05:30,4780.000000,4780.000000,4765.000000,4765.300000,1319
2022-01-19T12:30:00+05:30,4765.300000,4772.500000,4765.300000,4772.500000,250
2022-01-19T12:45:00+05:30,4772.200000,4776.800000,4767.850000,4770.000000,374
2022-01-19T13:00:00+05:30,4770.000000,4775.000000,4768.000000,4772.750000,168
2022-01-19T13:15:00+05:30,4772.750000,4779.600000,4768.350000,4777.850000,154
2022-01-19T13:30:00+05:30,4777.850000,4778.300000,4765.000000,4765.000000,514
2022-01-19T13:45:00+05:30,4765.000000,4772.900000,4765.000000,4768.650000,927
2022-01-19T14:00:00+05:30,4768.650000,4770.500000,4757.050000,4763.300000,1167
2022-01-19T14:15:00+05:30,4763.300000,4765.750000,4752.450000,4756.750000,1148
2022-01-19T14:30:00+05:30,4756.750000,4759.400000,4747.000000,4747.700000,1977
2022-01-19T14:45:00+05:30,4747.700000,4751.700000,4733.000000,4741.450000,2340
2022-01-19T15:00:00+05:30,4741.450000,4765.150000,4740.000000,4759.000000,1449
2022-01-19T15:15:00+05:30,4757.400000,4774.000000,4740.000000,4774.000000,3558
2022-01-20T09:15:00+05:30,4750.000000,4794.950000,4745.000000,4775.950000,1419
2022-01-20T09:30:00+05:30,4775.950000,4783.500000,4770.550000,4779.050000,672
2022-01-20T09:45:00+05:30,4779.050000,4780.000000,4755.850000,4769.750000,620
2022-01-20T10:00:00+05:30,4772.450000,4775.000000,4763.800000,4773.450000,426
2022-01-20T10:15:00+05:30,4773.450000,4796.000000,4770.000000,4792.800000,1332
2022-01-20T10:30:00+05:30,4792.800000,4792.800000,4780.000000,4782.300000,565
2022-01-20T10:45:00+05:30,4782.300000,4798.950000,4777.250000,4797.900000,1174
2022-01-20T11:00:00+05:30,4797.900000,4799.250000,4787.000000,4790.600000,411
2022-01-20T11:15:00+05:30,4790.600000,4794.250000,4781.600000,4784.750000,384
2022-01-20T11:30:00+05:30,4784.750000,4784.750000,4770.900000,4770.900000,378
2022-01-20T11:45:00+05:30,4770.900000,4774.450000,4762.150000,4768.300000,179
2022-01-20T12:00:00+05:30,4768.300000,4770.500000,4760.000000,4769.650000,344
2022-01-20T12:15:00+05:30,4769.650000,4769.650000,4760.100000,4764.800000,258
2022-01-20T12:30:00+05:30,4764.800000,4769.650000,4760.150000,4760.150000,387
2022-01-20T12:45:00+05:30,4760.150000,4761.800000,4744.050000,4749.050000,873
2022-01-20T13:00:00+05:30,4749.050000,4755.000000,4744.300000,4747.700000,421
2022-01-20T13:15:00+05:30,4747.700000,4754.750000,4747.700000,4754.600000,380
2022-01-20T13:30:00+05:30,4755.000000,4761.650000,4751.150000,4757.050000,658
2022-01-20T13:45:00+05:30,4757.050000,4757.100000,4750.000000,4753.450000,59877
2022-01-20T14:00:00+05:30,4753.450000,4760.000000,4751.550000,4758.550000,223
2022-01-20T14:15:00+05:30,4758.550000,4759.950000,4751.000000,4751.850000,422
2022-01-20T14:30:00+05:30,4751.850000,4755.350000,4751.000000,4751.000000,824
2022-01-20T14:45:00+05:30,4751.000000,4751.000000,4746.300000,4746.350000,824
2022-01-20T15:00:00+05:30,4750.000000,4750.000000,4744.000000,4748.950000,1523
2022-01-20T15:15:00+05:30,4748.950000,4750.000000,4740.050000,4748.900000,3057
2022-01-21T09:15:00+05:30,4747.000000,4761.050000,4705.000000,4709.150000,1971
2022-01-21T09:30:00+05:30,4709.150000,4738.250000,4705.000000,4731.300000,877
2022-01-21T09:45:00+05:30,4731.300000,4739.250000,4727.250000,4732.750000,882
2022-01-21T10:00:00+05:30,4732.750000,4754.850000,4730.700000,4752.000000,761
2022-01-21T10:15:00+05:30,4752.000000,4753.000000,4738.000000,4750.900000,933
2022-01-21T10:30:00+05:30,4750.900000,4751.200000,4732.200000,4737.000000,328
2022-01-21T10:45:00+05:30,4737.000000,4739.750000,4725.550000,4735.700000,335
2022-01-21T11:00:00+05:30,4735.700000,4756.000000,4728.850000,4756.000000,471
2022-01-21T11:15:00+05:30,4756.000000,4773.900000,4755.000000,4764.500000,703
2022-01-21T11:30:00+05:30,4764.500000,4770.950000,4763.800000,4763.800000,244
2022-01-21T11:45:00+05:30,4763.300000,4767.700000,4757.100000,4762.000000,170
2022-01-21T12:00:00+05:30,4762.000000,4763.900000,4756.000000,4757.950000,285
2022-01-21T12:15:00+05:30,4757.950000,4807.300000,4757.050000,4803.800000,1600
2022-01-21T12:30:00+05:30,4803.800000,4823.700000,4793.150000,4800.000000,2068
2022-01-21T12:45:00+05:30,4800.000000,4804.450000,4785.000000,4797.900000,802
2022-01-21T13:00:00+05:30,4797.900000,4802.500000,4788.000000,4794.200000,441
2022-01-21T13:15:00+05:30,4794.200000,4805.100000,4786.050000,4795.800000,657
2022-01-21T13:30:00+05:30,4795.800000,4800.000000,4790.100000,4797.600000,435
2022-01-21T13:45:00+05:30,4796.600000,4798.350000,4787.600000,4788.800000,1036
2022-01-21T14:00:00+05:30,4788.800000,4794.050000,4781.450000,4781.650000,631
2022-01-21T14:15:00+05:30,4781.650000,4782.000000,4755.000000,4763.100000,1170
2022-01-21T14:30:00+05:30,4763.100000,4781.650000,4736.650000,4736.750000,895
2022-01-21T14:45:00+05:30,4735.000000,4740.950000,4726.300000,4730.750000,1109
2022-01-21T15:00:00+05:30,4730.750000,4755.700000,4730.750000,4748.250000,1151
2022-01-21T15:15:00+05:30,4748.250000,4764.350000,4740.000000,4755.200000,2011
2022-01-24T09:15:00+05:30,4740.000000,4745.800000,4713.600000,4713.600000,1793
2022-01-24T09:30:00+05:30,4713.400000,4713.400000,4667.350000,4693.000000,3505
2022-01-24T09:45:00+05:30,4692.000000,4695.150000,4675.000000,4681.350000,1433
2022-01-24T10:00:00+05:30,4681.350000,4681.750000,4658.550000,4673.350000,1204
2022-01-24T10:15:00+05:30,4673.350000,4673.350000,4650.000000,4653.650000,1155
2022-01-24T10:30:00+05:30,4650.300000,4675.000000,4650.300000,4664.300000,1093
2022-01-24T10:45:00+05:30,4664.300000,4668.300000,4660.100000,4660.100000,355
2022-01-24T11:00:00+05:30,4660.100000,4674.300000,4660.100000,4670.850000,409
2022-01-24T11:15:00+05:30,4667.800000,4671.000000,4657.000000,4660.400000,545
2022-01-24T11:30:00+05:30,4660.400000,4665.950000,4650.100000,4653.000000,620
2022-01-24T11:45:00+05:30,4650.150000,4653.050000,4640.000000,4645.750000,1303
2022-01-24T12:00:00+05:30,4640.900000,4651.200000,4638.000000,4643.750000,2006
2022-01-24T12:15:00+05:30,4646.900000,4646.900000,4618.150000,4638.450000,3150
2022-01-24T12:30:00+05:30,4638.450000,4655.450000,4612.350000,4627.000000,1515
2022-01-24T12:45:00+05:30,4627.000000,4637.100000,4624.600000,4628.650000,486
2022-01-24T13:00:00+05:30,4628.650000,4636.400000,4622.250000,4624.000000,405
2022-01-24T13:15:00+05:30,4624.000000,4624.950000,4610.050000,4617.950000,779
2022-01-24T13:30:00+05:30,4617.950000,4619.200000,4600.000000,4601.000000,1191
2022-01-24T13:45:00+05:30,4601.000000,4612.500000,4596.500000,4601.900000,1169
2022-01-24T14:00:00+05:30,4601.900000,4607.350000,4580.000000,4587.250000,1170
2022-01-24T14:15:00+05:30,4587.250000,4620.000000,4581.800000,4606.800000,1842
2022-01-24T14:30:00+05:30,4606.800000,4609.750000,4582.350000,4583.100000,1155
2022-01-24T14:45:00+05:30,4583.500000,4591.350000,4575.000000,4585.750000,1362
2022-01-24T15:00:00+05:30,4585.750000,4601.000000,4580.000000,4591.950000,1415
2022-01-24T15:15:00+05:30,4591.950000,4614.900000,4580.000000,4614.900000,2586
2022-01-25T09:15:00+05:30,4571.300000,4579.300000,4485.850000,4525.850000,3796
2022-01-25T09:30:00+05:30,4529.700000,4634.500000,4529.700000,4616.950000,2642
2022-01-25T09:45:00+05:30,4616.950000,4634.650000,4598.300000,4624.100000,671
2022-01-25T10:00:00+05:30,4625.000000,4629.900000,4582.150000,4588.200000,1418
2022-01-25T10:15:00+05:30,4597.700000,4597.700000,4571.150000,4576.950000,617
2022-01-25T10:30:00+05:30,4576.950000,4583.900000,4573.650000,4575.000000,438
2022-01-25T10:45:00+05:30,4575.000000,4575.000000,4551.250000,4555.800000,270
2022-01-25T11:00:00+05:30,4555.800000,4555.800000,4544.800000,4555.250000,531
2022-01-25T11:15:00+05:30,4555.250000,4564.300000,4552.700000,4558.350000,376
2022-01-25T11:30:00+05:30,4558.350000,4564.950000,4546.150000,4550.000000,395
2022-01-25T11:45:00+05:30,4550.000000,4555.500000,4542.000000,4544.000000,272
2022-01-25T12:00:00+05:30,4542.050000,4548.800000,4537.400000,4548.250000,506
2022-01-25T12:15:00+05:30,4548.250000,4550.000000,4545.000000,4550.000000,338
2022-01-25T12:30:00+05:30,4550.000000,4550.000000,4525.000000,4533.100000,852
2022-01-25T12:45:00+05:30,4533.100000,4536.300000,4521.500000,4535.150000,839
2022-01-25T13:00:00+05:30,4535.150000,4540.000000,4531.150000,4540.000000,191
2022-01-25T13:15:00+05:30,4540.000000,4544.950000,4525.050000,4533.650000,577
2022-01-25T13:30:00+05:30,4540.000000,4540.000000,4520.000000,4525.000000,452
2022-01-25T13:45:00+05:30,4525.000000,4534.050000,4521.100000,4527.400000,694
2022-01-25T14:00:00+05:30,4527.400000,4530.150000,4510.000000,4524.000000,678
2022-01-25T14:15:00+05:30,4524.000000,4525.000000,4514.400000,4523.000000,656
2022-01-25T14:30:00+05:30,4523.050000,4539.950000,4523.000000,4530.950000,783
2022-01-25T14:45:00+05:30,4530.950000,4538.500000,4525.000000,4530.100000,1176
2022-01-25T15:00:00+05:30,4530.100000,4531.400000,4522.000000,4526.950000,1929
2022-01-25T15:15:00+05:30,4525.300000,4536.950000,4520.050000,4530.000000,2731
2022-01-27T09:15:00+05:30,4527.000000,4527.000000,4468.550000,4479.600000,3541
2022-01-27T09:30:00+05:30,4477.000000,4487.750000,4469.650000,4482.900000,1812
2022-01-27T09:45:00+05:30,4482.900000,4494.000000,4475.000000,4483.800000,1438
2022-01-27T10:00:00+05:30,4483.800000,4490.000000,4479.000000,4483.650000,310
2022-01-27T10:15:00+05:30,4483.650000,4487.650000,4470.000000,4470.950000,1719
2022-01-27T10:30:00+05:30,4470.950000,4474.000000,4456.800000,4460.100000,1428
2022-01-27T10:45:00+05:30,4460.100000,4462.750000,4453.050000,4462.500000,1577
2022-01-27T11:00:00+05:30,4462.500000,4463.000000,4443.250000,4446.600000,1198
2022-01-27T11:15:00+05:30,4448.350000,4448.350000,4427.150000,4430.000000,1463
2022-01-27T11:30:00+05:30,4430.000000,4430.000000,4416.000000,4424.300000,1325
2022-01-27T11:45:00+05:30,4424.300000,4432.900000,4410.000000,4431.550000,1754
